KeywordCount,Storage(Bits)
1,1024
2,2048
3,3072
4,4096
5,5120
6,6144
7,7168
8,8192
9,9216
10,10240
11,11264
12,12288
13,13312
14,14336
15,15360
16,16384
17,17408
18,18432
19,19456
20,20480
21,21504
22,22528
23,23552
24,24576
25,25600
26,26624
27,27648
28,28672
29,29696
30,30720
31,31744
32,32768
33,33792
34,34816
35,35840
36,36864
37,37888
38,38912
39,39936
40,40960
41,41984
42,43008
43,44032
44,45056
45,46080
46,47104
47,48128
48,49152
49,50176
50,51200
51,52224
52,53248
53,54272
54,55296
55,56320
56,57344
57,58368
58,59392
59,60416
60,61440
61,62464
62,63488
63,64512
64,65536
65,66560
66,67584
67,68608
68,69632
69,70656
70,71680
71,72704
72,73728
73,74752
74,75776
75,76800
76,77824
77,78848
78,79872
79,80896
80,81920
81,82944
82,83968
83,84992
84,86016
85,87040
86,88064
87,89088
88,90112
89,91136
90,92160
91,93184
92,94208
93,95232
94,96256
95,97280
96,98304
97,99328
98,100352
99,101376
100,102400
101,103424
102,104448
103,105472
104,106496
105,107520
106,108544
107,109568
108,110592
109,111616
110,112640
111,113664
112,114688
113,115712
114,116736
115,117760
116,118784
117,119808
118,120832
119,121856
120,122880
121,123904
122,124928
123,125952
124,126976
125,128000
126,129024
127,130048
128,131072
129,132096
130,133120
131,134144
132,135168
133,136192
134,137216
135,138240
136,139264
137,140288
138,141312
139,142336
140,143360
141,144384
142,145408
143,146432
144,147456
145,148480
146,149504
147,150528
148,151552
149,152576
150,153600
151,154624
152,155648
153,156672
154,157696
155,158720
156,159744
157,160768
158,161792
159,162816
160,163840
161,164864
162,165888
163,166912
164,167936
165,168960
166,169984
167,171008
168,172032
169,173056
170,174080
171,175104
172,176128
173,177152
174,178176
175,179200
176,180224
177,181248
178,182272
179,183296
180,184320
181,185344
182,186368
183,187392
184,188416
185,189440
186,190464
187,191488
188,192512
189,193536
190,194560
191,195584
192,196608
193,197632
194,198656
195,199680
196,200704
197,201728
198,202752
199,203776
200,204800
201,205824
202,206848
203,207872
204,208896
205,209920
206,210944
207,211968
208,212992
209,214016
210,215040
211,216064
212,217088
213,218112
214,219136
215,220160
216,221184
217,222208
218,223232
219,224256
220,225280
221,226304
222,227328
223,228352
224,229376
225,230400
226,231424
227,232448
228,233472
229,234496
230,235520
231,236544
232,237568
233,238592
234,239616
235,240640
236,241664
237,242688
238,243712
239,244736
240,245760
241,246784
242,247808
243,248832
244,249856
245,250880
246,251904
247,252928
248,253952
249,254976
250,256000
251,257024
252,258048
253,259072
254,260096
255,261120
256,262144
257,263168
258,264192
259,265216
260,266240
261,267264
262,268288
263,269312
264,270336
265,271360
266,272384
267,273408
268,274432
269,275456
270,276480
271,277504
272,278528
273,279552
274,280576
275,281600
276,282624
277,283648
278,284672
279,285696
280,286720
281,287744
282,288768
283,289792
284,290816
285,291840
286,292864
287,293888
288,294912
289,295936
290,296960
291,297984
292,299008
293,300032
294,301056
295,302080
296,303104
297,304128
298,305152
299,306176
300,307200
301,308224
302,309248
303,310272
304,311296
305,312320
306,313344
307,314368
308,315392
309,316416
310,317440
311,318464
312,319488
313,320512
314,321536
315,322560
316,323584
317,324608
318,325632
319,326656
320,327680
321,328704
322,329728
323,330752
324,331776
325,332800
326,333824
327,334848
328,335872
329,336896
330,337920
331,338944
332,339968
333,340992
334,342016
335,343040
336,344064
337,345088
338,346112
339,347136
340,348160
341,349184
342,350208
343,351232
344,352256
345,353280
346,354304
347,355328
348,356352
349,357376
350,358400
351,359424
352,360448
353,361472
354,362496
355,363520
356,364544
357,365568
358,366592
359,367616
360,368640
361,369664
362,370688
363,371712
364,372736
365,373760
366,374784
367,375808
368,376832
369,377856
370,378880
371,379904
372,380928
373,381952
374,382976
375,384000
376,385024
377,386048
378,387072
379,388096
380,389120
381,390144
382,391168
383,392192
384,393216
385,394240
386,395264
387,396288
388,397312
389,398336
390,399360
391,400384
392,401408
393,402432
394,403456
395,404480
396,405504
397,406528
398,407552
399,408576
400,409600
401,410624
402,411648
403,412672
404,413696
405,414720
406,415744
407,416768
408,417792
409,418816
410,419840
411,420864
412,421888
413,422912
414,423936
415,424960
416,425984
417,427008
418,428032
419,429056
420,430080
421,431104
422,432128
423,433152
424,434176
425,435200
426,436224
427,437248
428,438272
429,439296
430,440320
431,441344
432,442368
433,443392
434,444416
435,445440
436,446464
437,447488
438,448512
439,449536
440,450560
441,451584
442,452608
443,453632
444,454656
445,455680
446,456704
447,457728
448,458752
449,459776
450,460800
451,461824
452,462848
453,463872
454,464896
455,465920
456,466944
457,467968
458,468992
459,470016
460,471040
461,472064
462,473088
463,474112
464,475136
465,476160
466,477184
467,478208
468,479232
469,480256
470,481280
471,482304
472,483328
473,484352
474,485376
475,486400
476,487424
477,488448
478,489472
479,490496
480,491520
481,492544
482,493568
483,494592
484,495616
485,496640
486,497664
487,498688
488,499712
489,500736
490,501760
491,502784
492,503808
493,504832
494,505856
495,506880
496,507904
497,508928
498,509952
499,510976
500,512000
501,513024
502,514048
503,515072
504,516096
505,517120
506,518144
507,519168
508,520192
509,521216
510,522240
511,523264
512,524288
513,525312
514,526336
515,527360
516,528384
517,529408
518,530432
519,531456
520,532480
521,533504
522,534528
523,535552
524,536576
525,537600
526,538624
527,539648
528,540672
529,541696
530,542720
531,543744
532,544768
533,545792
534,546816
535,547840
536,548864
537,549888
538,550912
539,551936
540,552960
541,553984
542,555008
543,556032
544,557056
545,558080
546,559104
547,560128
548,561152
549,562176
550,563200
551,564224
552,565248
553,566272
554,567296
555,568320
556,569344
557,570368
558,571392
559,572416
560,573440
561,574464
562,575488
563,576512
564,577536
565,578560
566,579584
567,580608
568,581632
569,582656
570,583680
571,584704
572,585728
573,586752
574,587776
575,588800
576,589824
577,590848
578,591872
579,592896
580,593920
581,594944
582,595968
583,596992
584,598016
585,599040
586,600064
587,601088
588,602112
589,603136
590,604160
591,605184
592,606208
593,607232
594,608256
595,609280
596,610304
597,611328
598,612352
599,613376
600,614400
601,615424
602,616448
603,617472
604,618496
605,619520
606,620544
607,621568
608,622592
609,623616
610,624640
611,625664
612,626688
613,627712
614,628736
615,629760
616,630784
617,631808
618,632832
619,633856
620,634880
621,635904
622,636928
623,637952
624,638976
625,640000
626,641024
627,642048
628,643072
629,644096
630,645120
631,646144
632,647168
633,648192
634,649216
635,650240
636,651264
637,652288
638,653312
639,654336
640,655360
641,656384
642,657408
643,658432
644,659456
645,660480
646,661504
647,662528
648,663552
649,664576
650,665600
651,666624
652,667648
653,668672
654,669696
655,670720
656,671744
657,672768
658,673792
659,674816
660,675840
661,676864
662,677888
663,678912
664,679936
665,680960
666,681984
667,683008
668,684032
669,685056
670,686080
671,687104
672,688128
673,689152
674,690176
675,691200
676,692224
677,693248
678,694272
679,695296
680,696320
681,697344
682,698368
683,699392
684,700416
685,701440
686,702464
687,703488
688,704512
689,705536
690,706560
691,707584
692,708608
693,709632
694,710656
695,711680
696,712704
697,713728
698,714752
699,715776
700,716800
701,717824
702,718848
703,719872
704,720896
705,721920
706,722944
707,723968
708,724992
709,726016
710,727040
711,728064
712,729088
713,730112
714,731136
715,732160
716,733184
717,734208
718,735232
719,736256
720,737280
721,738304
722,739328
723,740352
724,741376
725,742400
726,743424
727,744448
728,745472
729,746496
730,747520
731,748544
732,749568
733,750592
734,751616
735,752640
736,753664
737,754688
738,755712
739,756736
740,757760
741,758784
742,759808
743,760832
744,761856
745,762880
746,763904
747,764928
748,765952
749,766976
750,768000
751,769024
752,770048
753,771072
754,772096
755,773120
756,774144
757,775168
758,776192
759,777216
760,778240
761,779264
762,780288
763,781312
764,782336
765,783360
766,784384
767,785408
768,786432
769,787456
770,788480
771,789504
772,790528
773,791552
774,792576
775,793600
776,794624
777,795648
778,796672
779,797696
780,798720
781,799744
782,800768
783,801792
784,802816
785,803840
786,804864
787,805888
788,806912
789,807936
790,808960
791,809984
792,811008
793,812032
794,813056
795,814080
796,815104
797,816128
798,817152
799,818176
800,819200
801,820224
802,821248
803,822272
804,823296
805,824320
806,825344
807,826368
808,827392
809,828416
810,829440
811,830464
812,831488
813,832512
814,833536
815,834560
816,835584
817,836608
818,837632
819,838656
820,839680
821,840704
822,841728
823,842752
824,843776
825,844800
826,845824
827,846848
828,847872
829,848896
830,849920
831,850944
832,851968
833,852992
834,854016
835,855040
836,856064
837,857088
838,858112
839,859136
840,860160
841,861184
842,862208
843,863232
844,864256
845,865280
846,866304
847,867328
848,868352
849,869376
850,870400
851,871424
852,872448
853,873472
854,874496
855,875520
856,876544
857,877568
858,878592
859,879616
860,880640
861,881664
862,882688
863,883712
864,884736
865,885760
866,886784
867,887808
868,888832
869,889856
870,890880
871,891904
872,892928
873,893952
874,894976
875,896000
876,897024
877,898048
878,899072
879,900096
880,901120
881,902144
882,903168
883,904192
884,905216
885,906240
886,907264
887,908288
888,909312
889,910336
890,911360
891,912384
892,913408
893,914432
894,915456
895,916480
896,917504
897,918528
898,919552
899,920576
900,921600
901,922624
902,923648
903,924672
904,925696
905,926720
906,927744
907,928768
908,929792
909,930816
910,931840
911,932864
912,933888
913,934912
914,935936
915,936960
916,937984
917,939008
918,940032
919,941056
920,942080
921,943104
922,944128
923,945152
924,946176
925,947200
926,948224
927,949248
928,950272
929,951296
930,952320
931,953344
932,954368
933,955392
934,956416
935,957440
936,958464
937,959488
938,960512
939,961536
940,962560
941,963584
942,964608
943,965632
944,966656
945,967680
946,968704
947,969728
948,970752
949,971776
950,972800
951,973824
952,974848
953,975872
954,976896
955,977920
956,978944
957,979968
958,980992
959,982016
960,983040
961,984064
962,985088
963,986112
964,987136
965,988160
966,989184
967,990208
968,991232
969,992256
970,993280
971,994304
972,995328
973,996352
974,997376
975,998400
976,999424
977,1000448
978,1001472
979,1002496
980,1003520
981,1004544
982,1005568
983,1006592
984,1007616
985,1008640
986,1009664
987,1010688
988,1011712
989,1012736
990,1013760
991,1014784
992,1015808
993,1016832
994,1017856
995,1018880
996,1019904
997,1020928
998,1021952
999,1022976
1000,1024000
1001,1025024
1002,1026048
1003,1027072
1004,1028096
1005,1029120
1006,1030144
1007,1031168
1008,1032192
1009,1033216
1010,1034240
1011,1035264
1012,1036288
1013,1037312
1014,1038336
1015,1039360
1016,1040384
1017,1041408
1018,1042432
1019,1043456
1020,1044480
1021,1045504
1022,1046528
1023,1047552
1024,1048576
1025,1049600
1026,1050624
1027,1051648
1028,1052672
1029,1053696
1030,1054720
1031,1055744
1032,1056768
1033,1057792
1034,1058816
1035,1059840
1036,1060864
1037,1061888
1038,1062912
1039,1063936
1040,1064960
1041,1065984
1042,1067008
1043,1068032
1044,1069056
1045,1070080
1046,1071104
1047,1072128
1048,1073152
1049,1074176
1050,1075200
1051,1076224
1052,1077248
1053,1078272
1054,1079296
1055,1080320
1056,1081344
1057,1082368
1058,1083392
1059,1084416
1060,1085440
1061,1086464
1062,1087488
1063,1088512
1064,1089536
1065,1090560
1066,1091584
1067,1092608
1068,1093632
1069,1094656
1070,1095680
1071,1096704
1072,1097728
1073,1098752
1074,1099776
1075,1100800
1076,1101824
1077,1102848
1078,1103872
1079,1104896
1080,1105920
1081,1106944
1082,1107968
1083,1108992
1084,1110016
1085,1111040
1086,1112064
1087,1113088
1088,1114112
1089,1115136
1090,1116160
1091,1117184
1092,1118208
1093,1119232
1094,1120256
1095,1121280
1096,1122304
1097,1123328
1098,1124352
1099,1125376
1100,1126400
1101,1127424
1102,1128448
1103,1129472
1104,1130496
1105,1131520
1106,1132544
1107,1133568
1108,1134592
1109,1135616
1110,1136640
1111,1137664
1112,1138688
1113,1139712
1114,1140736
1115,1141760
1116,1142784
1117,1143808
1118,1144832
1119,1145856
1120,1146880
1121,1147904
1122,1148928
1123,1149952
1124,1150976
1125,1152000
1126,1153024
1127,1154048
1128,1155072
1129,1156096
1130,1157120
1131,1158144
1132,1159168
1133,1160192
1134,1161216
1135,1162240
1136,1163264
1137,1164288
1138,1165312
1139,1166336
1140,1167360
1141,1168384
1142,1169408
1143,1170432
1144,1171456
1145,1172480
1146,1173504
1147,1174528
1148,1175552
1149,1176576
1150,1177600
1151,1178624
1152,1179648
1153,1180672
1154,1181696
1155,1182720
1156,1183744
1157,1184768
1158,1185792
1159,1186816
1160,1187840
1161,1188864
1162,1189888
1163,1190912
1164,1191936
1165,1192960
1166,1193984
1167,1195008
1168,1196032
1169,1197056
1170,1198080
1171,1199104
1172,1200128
1173,1201152
1174,1202176
1175,1203200
1176,1204224
1177,1205248
1178,1206272
1179,1207296
1180,1208320
1181,1209344
1182,1210368
1183,1211392
1184,1212416
1185,1213440
1186,1214464
1187,1215488
1188,1216512
1189,1217536
1190,1218560
1191,1219584
1192,1220608
1193,1221632
1194,1222656
1195,1223680
1196,1224704
1197,1225728
1198,1226752
1199,1227776
1200,1228800
1201,1229824
1202,1230848
1203,1231872
1204,1232896
1205,1233920
1206,1234944
1207,1235968
1208,1236992
1209,1238016
1210,1239040
1211,1240064
1212,1241088
1213,1242112
1214,1243136
1215,1244160
1216,1245184
1217,1246208
1218,1247232
1219,1248256
1220,1249280
1221,1250304
1222,1251328
1223,1252352
1224,1253376
1225,1254400
1226,1255424
1227,1256448
1228,1257472
1229,1258496
1230,1259520
1231,1260544
1232,1261568
1233,1262592
1234,1263616
1235,1264640
1236,1265664
1237,1266688
1238,1267712
1239,1268736
1240,1269760
1241,1270784
1242,1271808
1243,1272832
1244,1273856
1245,1274880
1246,1275904
1247,1276928
1248,1277952
1249,1278976
1250,1280000
1251,1281024
1252,1282048
1253,1283072
1254,1284096
1255,1285120
1256,1286144
1257,1287168
1258,1288192
1259,1289216
1260,1290240
1261,1291264
1262,1292288
1263,1293312
1264,1294336
1265,1295360
1266,1296384
1267,1297408
1268,1298432
1269,1299456
1270,1300480
1271,1301504
1272,1302528
1273,1303552
1274,1304576
1275,1305600
1276,1306624
1277,1307648
1278,1308672
1279,1309696
1280,1310720
1281,1311744
1282,1312768
1283,1313792
1284,1314816
1285,1315840
1286,1316864
1287,1317888
1288,1318912
1289,1319936
1290,1320960
1291,1321984
1292,1323008
1293,1324032
1294,1325056
1295,1326080
1296,1327104
1297,1328128
1298,1329152
1299,1330176
1300,1331200
1301,1332224
1302,1333248
1303,1334272
1304,1335296
1305,1336320
1306,1337344
1307,1338368
1308,1339392
1309,1340416
1310,1341440
1311,1342464
1312,1343488
1313,1344512
1314,1345536
1315,1346560
1316,1347584
1317,1348608
1318,1349632
1319,1350656
1320,1351680
1321,1352704
1322,1353728
1323,1354752
1324,1355776
1325,1356800
1326,1357824
1327,1358848
1328,1359872
1329,1360896
1330,1361920
1331,1362944
1332,1363968
1333,1364992
1334,1366016
1335,1367040
1336,1368064
1337,1369088
1338,1370112
1339,1371136
1340,1372160
1341,1373184
1342,1374208
1343,1375232
1344,1376256
1345,1377280
1346,1378304
1347,1379328
1348,1380352
1349,1381376
1350,1382400
1351,1383424
1352,1384448
1353,1385472
1354,1386496
1355,1387520
1356,1388544
1357,1389568
1358,1390592
1359,1391616
1360,1392640
1361,1393664
1362,1394688
1363,1395712
1364,1396736
1365,1397760
1366,1398784
1367,1399808
1368,1400832
1369,1401856
1370,1402880
1371,1403904
1372,1404928
1373,1405952
1374,1406976
1375,1408000
1376,1409024
1377,1410048
1378,1411072
1379,1412096
1380,1413120
1381,1414144
1382,1415168
1383,1416192
1384,1417216
1385,1418240
1386,1419264
1387,1420288
1388,1421312
1389,1422336
1390,1423360
1391,1424384
1392,1425408
1393,1426432
1394,1427456
1395,1428480
1396,1429504
1397,1430528
1398,1431552
1399,1432576
1400,1433600
1401,1434624
1402,1435648
1403,1436672
1404,1437696
1405,1438720
1406,1439744
1407,1440768
1408,1441792
1409,1442816
1410,1443840
1411,1444864
1412,1445888
1413,1446912
1414,1447936
1415,1448960
1416,1449984
1417,1451008
1418,1452032
1419,1453056
1420,1454080
1421,1455104
1422,1456128
1423,1457152
1424,1458176
1425,1459200
1426,1460224
1427,1461248
1428,1462272
1429,1463296
1430,1464320
1431,1465344
1432,1466368
1433,1467392
1434,1468416
1435,1469440
1436,1470464
1437,1471488
1438,1472512
1439,1473536
1440,1474560
1441,1475584
1442,1476608
1443,1477632
1444,1478656
1445,1479680
1446,1480704
1447,1481728
1448,1482752
1449,1483776
1450,1484800
1451,1485824
1452,1486848
1453,1487872
1454,1488896
1455,1489920
1456,1490944
1457,1491968
1458,1492992
1459,1494016
1460,1495040
1461,1496064
1462,1497088
1463,1498112
1464,1499136
1465,1500160
1466,1501184
1467,1502208
1468,1503232
1469,1504256
1470,1505280
1471,1506304
1472,1507328
1473,1508352
1474,1509376
1475,1510400
1476,1511424
1477,1512448
1478,1513472
1479,1514496
1480,1515520
1481,1516544
1482,1517568
1483,1518592
1484,1519616
1485,1520640
1486,1521664
1487,1522688
1488,1523712
1489,1524736
1490,1525760
1491,1526784
1492,1527808
1493,1528832
1494,1529856
1495,1530880
1496,1531904
1497,1532928
1498,1533952
1499,1534976
1500,1536000
1501,1537024
1502,1538048
1503,1539072
1504,1540096
1505,1541120
1506,1542144
1507,1543168
1508,1544192
1509,1545216
1510,1546240
1511,1547264
1512,1548288
1513,1549312
1514,1550336
1515,1551360
1516,1552384
1517,1553408
1518,1554432
1519,1555456
1520,1556480
1521,1557504
1522,1558528
1523,1559552
1524,1560576
1525,1561600
1526,1562624
1527,1563648
1528,1564672
1529,1565696
1530,1566720
1531,1567744
1532,1568768
1533,1569792
1534,1570816
1535,1571840
1536,1572864
1537,1573888
1538,1574912
1539,1575936
1540,1576960
1541,1577984
1542,1579008
1543,1580032
1544,1581056
1545,1582080
1546,1583104
1547,1584128
1548,1585152
1549,1586176
1550,1587200
1551,1588224
1552,1589248
1553,1590272
1554,1591296
1555,1592320
1556,1593344
1557,1594368
1558,1595392
1559,1596416
1560,1597440
1561,1598464
1562,1599488
1563,1600512
1564,1601536
1565,1602560
1566,1603584
1567,1604608
1568,1605632
1569,1606656
1570,1607680
1571,1608704
1572,1609728
1573,1610752
1574,1611776
1575,1612800
1576,1613824
1577,1614848
1578,1615872
1579,1616896
1580,1617920
1581,1618944
1582,1619968
1583,1620992
1584,1622016
1585,1623040
1586,1624064
1587,1625088
1588,1626112
1589,1627136
1590,1628160
1591,1629184
1592,1630208
1593,1631232
1594,1632256
1595,1633280
1596,1634304
1597,1635328
1598,1636352
1599,1637376
1600,1638400
1601,1639424
1602,1640448
1603,1641472
1604,1642496
1605,1643520
1606,1644544
1607,1645568
1608,1646592
1609,1647616
1610,1648640
1611,1649664
1612,1650688
1613,1651712
1614,1652736
1615,1653760
1616,1654784
1617,1655808
1618,1656832
1619,1657856
1620,1658880
1621,1659904
1622,1660928
1623,1661952
1624,1662976
1625,1664000
1626,1665024
1627,1666048
1628,1667072
1629,1668096
1630,1669120
1631,1670144
1632,1671168
1633,1672192
1634,1673216
1635,1674240
1636,1675264
1637,1676288
1638,1677312
1639,1678336
1640,1679360
1641,1680384
1642,1681408
1643,1682432
1644,1683456
1645,1684480
1646,1685504
1647,1686528
1648,1687552
1649,1688576
1650,1689600
1651,1690624
1652,1691648
1653,1692672
1654,1693696
1655,1694720
1656,1695744
1657,1696768
1658,1697792
1659,1698816
1660,1699840
1661,1700864
1662,1701888
1663,1702912
1664,1703936
1665,1704960
1666,1705984
1667,1707008
1668,1708032
1669,1709056
1670,1710080
1671,1711104
1672,1712128
1673,1713152
1674,1714176
1675,1715200
1676,1716224
1677,1717248
1678,1718272
1679,1719296
1680,1720320
1681,1721344
1682,1722368
1683,1723392
1684,1724416
1685,1725440
1686,1726464
1687,1727488
1688,1728512
1689,1729536
1690,1730560
1691,1731584
1692,1732608
1693,1733632
1694,1734656
1695,1735680
1696,1736704
1697,1737728
1698,1738752
1699,1739776
1700,1740800
1701,1741824
1702,1742848
1703,1743872
1704,1744896
1705,1745920
1706,1746944
1707,1747968
1708,1748992
1709,1750016
1710,1751040
1711,1752064
1712,1753088
1713,1754112
1714,1755136
1715,1756160
1716,1757184
1717,1758208
1718,1759232
1719,1760256
1720,1761280
1721,1762304
1722,1763328
1723,1764352
1724,1765376
1725,1766400
1726,1767424
1727,1768448
1728,1769472
1729,1770496
1730,1771520
1731,1772544
1732,1773568
1733,1774592
1734,1775616
1735,1776640
1736,1777664
1737,1778688
1738,1779712
1739,1780736
1740,1781760
1741,1782784
1742,1783808
1743,1784832
1744,1785856
1745,1786880
1746,1787904
1747,1788928
1748,1789952
1749,1790976
1750,1792000
1751,1793024
1752,1794048
1753,1795072
1754,1796096
1755,1797120
1756,1798144
1757,1799168
1758,1800192
1759,1801216
1760,1802240
1761,1803264
1762,1804288
1763,1805312
1764,1806336
1765,1807360
1766,1808384
1767,1809408
1768,1810432
1769,1811456
1770,1812480
1771,1813504
1772,1814528
1773,1815552
1774,1816576
1775,1817600
1776,1818624
1777,1819648
1778,1820672
1779,1821696
1780,1822720
1781,1823744
1782,1824768
1783,1825792
1784,1826816
1785,1827840
1786,1828864
1787,1829888
1788,1830912
1789,1831936
1790,1832960
1791,1833984
1792,1835008
1793,1836032
1794,1837056
1795,1838080
1796,1839104
1797,1840128
1798,1841152
1799,1842176
1800,1843200
1801,1844224
1802,1845248
1803,1846272
1804,1847296
1805,1848320
1806,1849344
1807,1850368
1808,1851392
1809,1852416
1810,1853440
1811,1854464
1812,1855488
1813,1856512
1814,1857536
1815,1858560
1816,1859584
1817,1860608
1818,1861632
1819,1862656
1820,1863680
1821,1864704
1822,1865728
1823,1866752
1824,1867776
1825,1868800
1826,1869824
1827,1870848
1828,1871872
1829,1872896
1830,1873920
1831,1874944
1832,1875968
1833,1876992
1834,1878016
1835,1879040
1836,1880064
1837,1881088
1838,1882112
1839,1883136
1840,1884160
1841,1885184
1842,1886208
1843,1887232
1844,1888256
1845,1889280
1846,1890304
1847,1891328
1848,1892352
1849,1893376
1850,1894400
1851,1895424
1852,1896448
1853,1897472
1854,1898496
1855,1899520
1856,1900544
1857,1901568
1858,1902592
1859,1903616
1860,1904640
1861,1905664
1862,1906688
1863,1907712
1864,1908736
1865,1909760
1866,1910784
1867,1911808
1868,1912832
1869,1913856
1870,1914880
1871,1915904
1872,1916928
1873,1917952
1874,1918976
1875,1920000
1876,1921024
1877,1922048
1878,1923072
1879,1924096
1880,1925120
1881,1926144
1882,1927168
1883,1928192
1884,1929216
1885,1930240
1886,1931264
1887,1932288
1888,1933312
1889,1934336
1890,1935360
1891,1936384
1892,1937408
1893,1938432
1894,1939456
1895,1940480
1896,1941504
1897,1942528
1898,1943552
1899,1944576
1900,1945600
1901,1946624
1902,1947648
1903,1948672
1904,1949696
1905,1950720
1906,1951744
1907,1952768
1908,1953792
1909,1954816
1910,1955840
1911,1956864
1912,1957888
1913,1958912
1914,1959936
1915,1960960
1916,1961984
1917,1963008
1918,1964032
1919,1965056
1920,1966080
1921,1967104
1922,1968128
1923,1969152
1924,1970176
1925,1971200
1926,1972224
1927,1973248
1928,1974272
1929,1975296
1930,1976320
1931,1977344
1932,1978368
1933,1979392
1934,1980416
1935,1981440
1936,1982464
1937,1983488
1938,1984512
1939,1985536
1940,1986560
1941,1987584
1942,1988608
1943,1989632
1944,1990656
1945,1991680
1946,1992704
1947,1993728
1948,1994752
1949,1995776
1950,1996800
1951,1997824
1952,1998848
1953,1999872
1954,2000896
1955,2001920
1956,2002944
1957,2003968
1958,2004992
1959,2006016
1960,2007040
1961,2008064
1962,2009088
1963,2010112
1964,2011136
1965,2012160
1966,2013184
1967,2014208
1968,2015232
1969,2016256
1970,2017280
1971,2018304
1972,2019328
1973,2020352
1974,2021376
1975,2022400
1976,2023424
1977,2024448
1978,2025472
1979,2026496
1980,2027520
1981,2028544
1982,2029568
1983,2030592
1984,2031616
1985,2032640
1986,2033664
1987,2034688
1988,2035712
1989,2036736
1990,2037760
1991,2038784
1992,2039808
1993,2040832
1994,2041856
1995,2042880
1996,2043904
1997,2044928
1998,2045952
1999,2046976
2000,2048000
2001,2049024
2002,2050048
2003,2051072
2004,2052096
2005,2053120
2006,2054144
2007,2055168
2008,2056192
2009,2057216
2010,2058240
2011,2059264
2012,2060288
2013,2061312
2014,2062336
2015,2063360
2016,2064384
2017,2065408
2018,2066432
2019,2067456
2020,2068480
2021,2069504
2022,2070528
2023,2071552
2024,2072576
2025,2073600
2026,2074624
2027,2075648
2028,2076672
2029,2077696
2030,2078720
2031,2079744
2032,2080768
2033,2081792
2034,2082816
2035,2083840
2036,2084864
2037,2085888
2038,2086912
2039,2087936
2040,2088960
2041,2089984
2042,2091008
2043,2092032
2044,2093056
2045,2094080
2046,2095104
2047,2096128
2048,2097152
2049,2098176
2050,2099200
2051,2100224
2052,2101248
2053,2102272
2054,2103296
2055,2104320
2056,2105344
2057,2106368
2058,2107392
2059,2108416
2060,2109440
2061,2110464
2062,2111488
2063,2112512
2064,2113536
2065,2114560
2066,2115584
2067,2116608
2068,2117632
2069,2118656
2070,2119680
2071,2120704
2072,2121728
2073,2122752
2074,2123776
2075,2124800
2076,2125824
2077,2126848
2078,2127872
2079,2128896
2080,2129920
2081,2130944
2082,2131968
2083,2132992
2084,2134016
2085,2135040
2086,2136064
2087,2137088
2088,2138112
2089,2139136
2090,2140160
2091,2141184
2092,2142208
2093,2143232
2094,2144256
2095,2145280
2096,2146304
2097,2147328
2098,2148352
2099,2149376
2100,2150400
2101,2151424
2102,2152448
2103,2153472
2104,2154496
2105,2155520
2106,2156544
2107,2157568
2108,2158592
2109,2159616
2110,2160640
2111,2161664
2112,2162688
2113,2163712
2114,2164736
2115,2165760
2116,2166784
2117,2167808
2118,2168832
2119,2169856
2120,2170880
2121,2171904
2122,2172928
2123,2173952
2124,2174976
2125,2176000
2126,2177024
2127,2178048
2128,2179072
2129,2180096
2130,2181120
2131,2182144
2132,2183168
2133,2184192
2134,2185216
2135,2186240
2136,2187264
2137,2188288
2138,2189312
2139,2190336
2140,2191360
2141,2192384
2142,2193408
2143,2194432
2144,2195456
2145,2196480
2146,2197504
2147,2198528
2148,2199552
2149,2200576
2150,2201600
2151,2202624
2152,2203648
2153,2204672
2154,2205696
2155,2206720
2156,2207744
2157,2208768
2158,2209792
2159,2210816
2160,2211840
2161,2212864
2162,2213888
2163,2214912
2164,2215936
2165,2216960
2166,2217984
2167,2219008
2168,2220032
2169,2221056
2170,2222080
2171,2223104
2172,2224128
2173,2225152
2174,2226176
2175,2227200
2176,2228224
2177,2229248
2178,2230272
2179,2231296
2180,2232320
2181,2233344
2182,2234368
2183,2235392
2184,2236416
2185,2237440
2186,2238464
2187,2239488
2188,2240512
2189,2241536
2190,2242560
2191,2243584
2192,2244608
2193,2245632
2194,2246656
2195,2247680
2196,2248704
2197,2249728
2198,2250752
2199,2251776
2200,2252800
2201,2253824
2202,2254848
2203,2255872
2204,2256896
2205,2257920
2206,2258944
2207,2259968
2208,2260992
2209,2262016
2210,2263040
2211,2264064
2212,2265088
2213,2266112
2214,2267136
2215,2268160
2216,2269184
2217,2270208
2218,2271232
2219,2272256
2220,2273280
2221,2274304
2222,2275328
2223,2276352
2224,2277376
2225,2278400
2226,2279424
2227,2280448
2228,2281472
2229,2282496
2230,2283520
2231,2284544
2232,2285568
2233,2286592
2234,2287616
2235,2288640
2236,2289664
2237,2290688
2238,2291712
2239,2292736
2240,2293760
2241,2294784
2242,2295808
2243,2296832
2244,2297856
2245,2298880
2246,2299904
2247,2300928
2248,2301952
2249,2302976
2250,2304000
2251,2305024
2252,2306048
2253,2307072
2254,2308096
2255,2309120
2256,2310144
2257,2311168
2258,2312192
2259,2313216
2260,2314240
2261,2315264
2262,2316288
2263,2317312
2264,2318336
2265,2319360
2266,2320384
2267,2321408
2268,2322432
2269,2323456
2270,2324480
2271,2325504
2272,2326528
2273,2327552
2274,2328576
2275,2329600
2276,2330624
2277,2331648
2278,2332672
2279,2333696
2280,2334720
2281,2335744
2282,2336768
2283,2337792
2284,2338816
2285,2339840
2286,2340864
2287,2341888
2288,2342912
2289,2343936
2290,2344960
2291,2345984
2292,2347008
2293,2348032
2294,2349056
2295,2350080
2296,2351104
2297,2352128
2298,2353152
2299,2354176
2300,2355200
2301,2356224
2302,2357248
2303,2358272
2304,2359296
2305,2360320
2306,2361344
2307,2362368
2308,2363392
2309,2364416
2310,2365440
2311,2366464
2312,2367488
2313,2368512
2314,2369536
2315,2370560
2316,2371584
2317,2372608
2318,2373632
2319,2374656
2320,2375680
2321,2376704
2322,2377728
2323,2378752
2324,2379776
2325,2380800
2326,2381824
2327,2382848
2328,2383872
2329,2384896
2330,2385920
2331,2386944
2332,2387968
2333,2388992
2334,2390016
2335,2391040
2336,2392064
2337,2393088
2338,2394112
2339,2395136
2340,2396160
2341,2397184
2342,2398208
2343,2399232
2344,2400256
2345,2401280
2346,2402304
2347,2403328
2348,2404352
2349,2405376
2350,2406400
2351,2407424
2352,2408448
2353,2409472
2354,2410496
2355,2411520
2356,2412544
2357,2413568
2358,2414592
2359,2415616
2360,2416640
2361,2417664
2362,2418688
2363,2419712
2364,2420736
2365,2421760
2366,2422784
2367,2423808
2368,2424832
2369,2425856
2370,2426880
2371,2427904
2372,2428928
2373,2429952
2374,2430976
2375,2432000
2376,2433024
2377,2434048
2378,2435072
2379,2436096
2380,2437120
2381,2438144
2382,2439168
2383,2440192
2384,2441216
2385,2442240
2386,2443264
2387,2444288
2388,2445312
2389,2446336
2390,2447360
2391,2448384
2392,2449408
2393,2450432
2394,2451456
2395,2452480
2396,2453504
2397,2454528
2398,2455552
2399,2456576
2400,2457600
2401,2458624
2402,2459648
2403,2460672
2404,2461696
2405,2462720
2406,2463744
2407,2464768
2408,2465792
2409,2466816
2410,2467840
2411,2468864
2412,2469888
2413,2470912
2414,2471936
2415,2472960
2416,2473984
2417,2475008
2418,2476032
2419,2477056
2420,2478080
2421,2479104
2422,2480128
2423,2481152
2424,2482176
2425,2483200
2426,2484224
2427,2485248
2428,2486272
2429,2487296
2430,2488320
2431,2489344
2432,2490368
2433,2491392
2434,2492416
2435,2493440
2436,2494464
2437,2495488
2438,2496512
2439,2497536
2440,2498560
2441,2499584
2442,2500608
2443,2501632
2444,2502656
2445,2503680
2446,2504704
2447,2505728
2448,2506752
2449,2507776
2450,2508800
2451,2509824
2452,2510848
2453,2511872
2454,2512896
2455,2513920
2456,2514944
2457,2515968
2458,2516992
2459,2518016
2460,2519040
2461,2520064
2462,2521088
2463,2522112
2464,2523136
2465,2524160
2466,2525184
2467,2526208
2468,2527232
2469,2528256
2470,2529280
2471,2530304
2472,2531328
2473,2532352
2474,2533376
2475,2534400
2476,2535424
2477,2536448
2478,2537472
2479,2538496
2480,2539520
2481,2540544
2482,2541568
2483,2542592
2484,2543616
2485,2544640
2486,2545664
2487,2546688
2488,2547712
2489,2548736
2490,2549760
2491,2550784
2492,2551808
2493,2552832
2494,2553856
2495,2554880
2496,2555904
2497,2556928
2498,2557952
2499,2558976
2500,2560000
2501,2561024
2502,2562048
2503,2563072
2504,2564096
2505,2565120
2506,2566144
2507,2567168
2508,2568192
2509,2569216
2510,2570240
2511,2571264
2512,2572288
2513,2573312
2514,2574336
2515,2575360
2516,2576384
2517,2577408
2518,2578432
2519,2579456
2520,2580480
2521,2581504
2522,2582528
2523,2583552
2524,2584576
2525,2585600
2526,2586624
2527,2587648
2528,2588672
2529,2589696
2530,2590720
2531,2591744
2532,2592768
2533,2593792
2534,2594816
2535,2595840
2536,2596864
2537,2597888
2538,2598912
2539,2599936
2540,2600960
2541,2601984
2542,2603008
2543,2604032
2544,2605056
2545,2606080
2546,2607104
2547,2608128
2548,2609152
2549,2610176
2550,2611200
2551,2612224
2552,2613248
2553,2614272
2554,2615296
2555,2616320
2556,2617344
2557,2618368
2558,2619392
2559,2620416
2560,2621440
2561,2622464
2562,2623488
2563,2624512
2564,2625536
2565,2626560
2566,2627584
2567,2628608
2568,2629632
2569,2630656
2570,2631680
2571,2632704
2572,2633728
2573,2634752
2574,2635776
2575,2636800
2576,2637824
2577,2638848
2578,2639872
2579,2640896
2580,2641920
2581,2642944
2582,2643968
2583,2644992
2584,2646016
2585,2647040
2586,2648064
2587,2649088
2588,2650112
2589,2651136
2590,2652160
2591,2653184
2592,2654208
2593,2655232
2594,2656256
2595,2657280
2596,2658304
2597,2659328
2598,2660352
2599,2661376
2600,2662400
2601,2663424
2602,2664448
2603,2665472
2604,2666496
2605,2667520
2606,2668544
2607,2669568
2608,2670592
2609,2671616
2610,2672640
2611,2673664
2612,2674688
2613,2675712
2614,2676736
2615,2677760
2616,2678784
2617,2679808
2618,2680832
2619,2681856
2620,2682880
2621,2683904
2622,2684928
2623,2685952
2624,2686976
2625,2688000
2626,2689024
2627,2690048
2628,2691072
2629,2692096
2630,2693120
2631,2694144
2632,2695168
2633,2696192
2634,2697216
2635,2698240
2636,2699264
2637,2700288
2638,2701312
2639,2702336
2640,2703360
2641,2704384
2642,2705408
2643,2706432
2644,2707456
2645,2708480
2646,2709504
2647,2710528
2648,2711552
2649,2712576
2650,2713600
2651,2714624
2652,2715648
2653,2716672
2654,2717696
2655,2718720
2656,2719744
2657,2720768
2658,2721792
2659,2722816
2660,2723840
2661,2724864
2662,2725888
2663,2726912
2664,2727936
2665,2728960
2666,2729984
2667,2731008
2668,2732032
2669,2733056
2670,2734080
2671,2735104
2672,2736128
2673,2737152
2674,2738176
2675,2739200
2676,2740224
2677,2741248
2678,2742272
2679,2743296
2680,2744320
2681,2745344
2682,2746368
2683,2747392
2684,2748416
2685,2749440
2686,2750464
2687,2751488
2688,2752512
2689,2753536
2690,2754560
2691,2755584
2692,2756608
2693,2757632
2694,2758656
2695,2759680
2696,2760704
2697,2761728
2698,2762752
2699,2763776
2700,2764800
2701,2765824
2702,2766848
2703,2767872
2704,2768896
2705,2769920
2706,2770944
2707,2771968
2708,2772992
2709,2774016
2710,2775040
2711,2776064
2712,2777088
2713,2778112
2714,2779136
2715,2780160
2716,2781184
2717,2782208
2718,2783232
2719,2784256
2720,2785280
2721,2786304
2722,2787328
2723,2788352
2724,2789376
2725,2790400
2726,2791424
2727,2792448
2728,2793472
2729,2794496
2730,2795520
2731,2796544
2732,2797568
2733,2798592
2734,2799616
2735,2800640
2736,2801664
2737,2802688
2738,2803712
2739,2804736
2740,2805760
2741,2806784
2742,2807808
2743,2808832
2744,2809856
2745,2810880
2746,2811904
2747,2812928
2748,2813952
2749,2814976
2750,2816000
2751,2817024
2752,2818048
2753,2819072
2754,2820096
2755,2821120
2756,2822144
2757,2823168
2758,2824192
2759,2825216
2760,2826240
2761,2827264
2762,2828288
2763,2829312
2764,2830336
2765,2831360
2766,2832384
2767,2833408
2768,2834432
2769,2835456
2770,2836480
2771,2837504
2772,2838528
2773,2839552
2774,2840576
2775,2841600
2776,2842624
2777,2843648
2778,2844672
2779,2845696
2780,2846720
2781,2847744
2782,2848768
2783,2849792
2784,2850816
2785,2851840
2786,2852864
2787,2853888
2788,2854912
2789,2855936
2790,2856960
2791,2857984
2792,2859008
2793,2860032
2794,2861056
2795,2862080
2796,2863104
2797,2864128
2798,2865152
2799,2866176
2800,2867200
2801,2868224
2802,2869248
2803,2870272
2804,2871296
2805,2872320
2806,2873344
2807,2874368
2808,2875392
2809,2876416
2810,2877440
2811,2878464
2812,2879488
2813,2880512
2814,2881536
2815,2882560
2816,2883584
2817,2884608
2818,2885632
2819,2886656
2820,2887680
2821,2888704
2822,2889728
2823,2890752
2824,2891776
2825,2892800
2826,2893824
2827,2894848
2828,2895872
2829,2896896
2830,2897920
2831,2898944
2832,2899968
2833,2900992
2834,2902016
2835,2903040
2836,2904064
2837,2905088
2838,2906112
2839,2907136
2840,2908160
2841,2909184
2842,2910208
2843,2911232
2844,2912256
2845,2913280
2846,2914304
2847,2915328
2848,2916352
2849,2917376
2850,2918400
2851,2919424
2852,2920448
2853,2921472
2854,2922496
2855,2923520
2856,2924544
2857,2925568
2858,2926592
2859,2927616
2860,2928640
2861,2929664
2862,2930688
2863,2931712
2864,2932736
2865,2933760
2866,2934784
2867,2935808
2868,2936832
2869,2937856
2870,2938880
2871,2939904
2872,2940928
2873,2941952
2874,2942976
2875,2944000
2876,2945024
2877,2946048
2878,2947072
2879,2948096
2880,2949120
2881,2950144
2882,2951168
2883,2952192
2884,2953216
2885,2954240
2886,2955264
2887,2956288
2888,2957312
2889,2958336
2890,2959360
2891,2960384
2892,2961408
2893,2962432
2894,2963456
2895,2964480
2896,2965504
2897,2966528
2898,2967552
2899,2968576
2900,2969600
2901,2970624
2902,2971648
2903,2972672
2904,2973696
2905,2974720
2906,2975744
2907,2976768
2908,2977792
2909,2978816
2910,2979840
2911,2980864
2912,2981888
2913,2982912
2914,2983936
2915,2984960
2916,2985984
2917,2987008
2918,2988032
2919,2989056
2920,2990080
2921,2991104
2922,2992128
2923,2993152
2924,2994176
2925,2995200
2926,2996224
2927,2997248
2928,2998272
2929,2999296
2930,3000320
2931,3001344
2932,3002368
2933,3003392
2934,3004416
2935,3005440
2936,3006464
2937,3007488
2938,3008512
2939,3009536
2940,3010560
2941,3011584
2942,3012608
2943,3013632
2944,3014656
2945,3015680
2946,3016704
2947,3017728
2948,3018752
2949,3019776
2950,3020800
2951,3021824
2952,3022848
2953,3023872
2954,3024896
2955,3025920
2956,3026944
2957,3027968
2958,3028992
2959,3030016
2960,3031040
2961,3032064
2962,3033088
2963,3034112
2964,3035136
2965,3036160
2966,3037184
2967,3038208
2968,3039232
2969,3040256
2970,3041280
2971,3042304
2972,3043328
2973,3044352
2974,3045376
2975,3046400
2976,3047424
2977,3048448
2978,3049472
2979,3050496
2980,3051520
2981,3052544
2982,3053568
2983,3054592
2984,3055616
2985,3056640
2986,3057664
2987,3058688
2988,3059712
2989,3060736
2990,3061760
2991,3062784
2992,3063808
2993,3064832
2994,3065856
2995,3066880
2996,3067904
2997,3068928
2998,3069952
2999,3070976
3000,3072000
3001,3073024
3002,3074048
3003,3075072
3004,3076096
3005,3077120
3006,3078144
3007,3079168
3008,3080192
3009,3081216
3010,3082240
3011,3083264
3012,3084288
3013,3085312
3014,3086336
3015,3087360
3016,3088384
3017,3089408
3018,3090432
3019,3091456
3020,3092480
3021,3093504
3022,3094528
3023,3095552
3024,3096576
3025,3097600
3026,3098624
3027,3099648
3028,3100672
3029,3101696
3030,3102720
3031,3103744
3032,3104768
3033,3105792
3034,3106816
3035,3107840
3036,3108864
3037,3109888
3038,3110912
3039,3111936
3040,3112960
3041,3113984
3042,3115008
3043,3116032
3044,3117056
3045,3118080
3046,3119104
3047,3120128
3048,3121152
3049,3122176
3050,3123200
3051,3124224
3052,3125248
3053,3126272
3054,3127296
3055,3128320
3056,3129344
3057,3130368
3058,3131392
3059,3132416
3060,3133440
3061,3134464
3062,3135488
3063,3136512
3064,3137536
3065,3138560
3066,3139584
3067,3140608
3068,3141632
3069,3142656
3070,3143680
3071,3144704
3072,3145728
3073,3146752
3074,3147776
3075,3148800
3076,3149824
3077,3150848
3078,3151872
3079,3152896
3080,3153920
3081,3154944
3082,3155968
3083,3156992
3084,3158016
3085,3159040
3086,3160064
3087,3161088
3088,3162112
3089,3163136
3090,3164160
3091,3165184
3092,3166208
3093,3167232
3094,3168256
3095,3169280
3096,3170304
3097,3171328
3098,3172352
3099,3173376
3100,3174400
3101,3175424
3102,3176448
3103,3177472
3104,3178496
3105,3179520
3106,3180544
3107,3181568
3108,3182592
3109,3183616
3110,3184640
3111,3185664
3112,3186688
3113,3187712
3114,3188736
3115,3189760
3116,3190784
3117,3191808
3118,3192832
3119,3193856
3120,3194880
3121,3195904
3122,3196928
3123,3197952
3124,3198976
3125,3200000
3126,3201024
3127,3202048
3128,3203072
3129,3204096
3130,3205120
3131,3206144
3132,3207168
3133,3208192
3134,3209216
3135,3210240
3136,3211264
3137,3212288
3138,3213312
3139,3214336
3140,3215360
3141,3216384
3142,3217408
3143,3218432
3144,3219456
3145,3220480
3146,3221504
3147,3222528
3148,3223552
3149,3224576
3150,3225600
3151,3226624
3152,3227648
3153,3228672
3154,3229696
3155,3230720
3156,3231744
3157,3232768
3158,3233792
3159,3234816
3160,3235840
3161,3236864
3162,3237888
3163,3238912
3164,3239936
3165,3240960
3166,3241984
3167,3243008
3168,3244032
3169,3245056
3170,3246080
3171,3247104
3172,3248128
3173,3249152
3174,3250176
3175,3251200
3176,3252224
3177,3253248
3178,3254272
3179,3255296
3180,3256320
3181,3257344
3182,3258368
3183,3259392
3184,3260416
3185,3261440
3186,3262464
3187,3263488
3188,3264512
3189,3265536
3190,3266560
3191,3267584
3192,3268608
3193,3269632
3194,3270656
3195,3271680
3196,3272704
3197,3273728
3198,3274752
3199,3275776
3200,3276800
3201,3277824
3202,3278848
3203,3279872
3204,3280896
3205,3281920
3206,3282944
3207,3283968
3208,3284992
3209,3286016
3210,3287040
3211,3288064
3212,3289088
3213,3290112
3214,3291136
3215,3292160
3216,3293184
3217,3294208
3218,3295232
3219,3296256
3220,3297280
3221,3298304
3222,3299328
3223,3300352
3224,3301376
3225,3302400
3226,3303424
3227,3304448
3228,3305472
3229,3306496
3230,3307520
3231,3308544
3232,3309568
3233,3310592
3234,3311616
3235,3312640
3236,3313664
3237,3314688
3238,3315712
3239,3316736
3240,3317760
3241,3318784
3242,3319808
3243,3320832
3244,3321856
3245,3322880
3246,3323904
3247,3324928
3248,3325952
3249,3326976
3250,3328000
3251,3329024
3252,3330048
3253,3331072
3254,3332096
3255,3333120
3256,3334144
3257,3335168
3258,3336192
3259,3337216
3260,3338240
3261,3339264
3262,3340288
3263,3341312
3264,3342336
3265,3343360
3266,3344384
3267,3345408
3268,3346432
3269,3347456
3270,3348480
3271,3349504
3272,3350528
3273,3351552
3274,3352576
3275,3353600
3276,3354624
3277,3355648
3278,3356672
3279,3357696
3280,3358720
3281,3359744
3282,3360768
3283,3361792
3284,3362816
3285,3363840
3286,3364864
3287,3365888
3288,3366912
3289,3367936
3290,3368960
3291,3369984
3292,3371008
3293,3372032
3294,3373056
3295,3374080
3296,3375104
3297,3376128
3298,3377152
3299,3378176
3300,3379200
3301,3380224
3302,3381248
3303,3382272
3304,3383296
3305,3384320
3306,3385344
3307,3386368
3308,3387392
3309,3388416
3310,3389440
3311,3390464
3312,3391488
3313,3392512
3314,3393536
3315,3394560
3316,3395584
3317,3396608
3318,3397632
3319,3398656
3320,3399680
3321,3400704
3322,3401728
3323,3402752
3324,3403776
3325,3404800
3326,3405824
3327,3406848
3328,3407872
3329,3408896
3330,3409920
3331,3410944
3332,3411968
3333,3412992
3334,3414016
3335,3415040
3336,3416064
3337,3417088
3338,3418112
3339,3419136
3340,3420160
3341,3421184
3342,3422208
3343,3423232
3344,3424256
3345,3425280
3346,3426304
3347,3427328
3348,3428352
3349,3429376
3350,3430400
3351,3431424
3352,3432448
3353,3433472
3354,3434496
3355,3435520
3356,3436544
3357,3437568
3358,3438592
3359,3439616
3360,3440640
3361,3441664
3362,3442688
3363,3443712
3364,3444736
3365,3445760
3366,3446784
3367,3447808
3368,3448832
3369,3449856
3370,3450880
3371,3451904
3372,3452928
3373,3453952
3374,3454976
3375,3456000
3376,3457024
3377,3458048
3378,3459072
3379,3460096
3380,3461120
3381,3462144
3382,3463168
3383,3464192
3384,3465216
3385,3466240
3386,3467264
3387,3468288
3388,3469312
3389,3470336
3390,3471360
3391,3472384
3392,3473408
3393,3474432
3394,3475456
3395,3476480
3396,3477504
3397,3478528
3398,3479552
3399,3480576
3400,3481600
3401,3482624
3402,3483648
3403,3484672
3404,3485696
3405,3486720
3406,3487744
3407,3488768
3408,3489792
3409,3490816
3410,3491840
3411,3492864
3412,3493888
3413,3494912
3414,3495936
3415,3496960
3416,3497984
3417,3499008
3418,3500032
3419,3501056
3420,3502080
3421,3503104
3422,3504128
3423,3505152
3424,3506176
3425,3507200
3426,3508224
3427,3509248
3428,3510272
3429,3511296
3430,3512320
3431,3513344
3432,3514368
3433,3515392
3434,3516416
3435,3517440
3436,3518464
3437,3519488
3438,3520512
3439,3521536
3440,3522560
3441,3523584
3442,3524608
3443,3525632
3444,3526656
3445,3527680
3446,3528704
3447,3529728
3448,3530752
3449,3531776
3450,3532800
3451,3533824
3452,3534848
3453,3535872
3454,3536896
3455,3537920
3456,3538944
3457,3539968
3458,3540992
3459,3542016
3460,3543040
3461,3544064
3462,3545088
3463,3546112
3464,3547136
3465,3548160
3466,3549184
3467,3550208
3468,3551232
3469,3552256
3470,3553280
3471,3554304
3472,3555328
3473,3556352
3474,3557376
3475,3558400
3476,3559424
3477,3560448
3478,3561472
3479,3562496
3480,3563520
3481,3564544
3482,3565568
3483,3566592
3484,3567616
3485,3568640
3486,3569664
3487,3570688
3488,3571712
3489,3572736
3490,3573760
3491,3574784
3492,3575808
3493,3576832
3494,3577856
3495,3578880
3496,3579904
3497,3580928
3498,3581952
3499,3582976
3500,3584000
3501,3585024
3502,3586048
3503,3587072
3504,3588096
3505,3589120
3506,3590144
3507,3591168
3508,3592192
3509,3593216
3510,3594240
3511,3595264
3512,3596288
3513,3597312
3514,3598336
3515,3599360
3516,3600384
3517,3601408
3518,3602432
3519,3603456
3520,3604480
3521,3605504
3522,3606528
3523,3607552
3524,3608576
3525,3609600
3526,3610624
3527,3611648
3528,3612672
3529,3613696
3530,3614720
3531,3615744
3532,3616768
3533,3617792
3534,3618816
3535,3619840
3536,3620864
3537,3621888
3538,3622912
3539,3623936
3540,3624960
3541,3625984
3542,3627008
3543,3628032
3544,3629056
3545,3630080
3546,3631104
3547,3632128
3548,3633152
3549,3634176
3550,3635200
3551,3636224
3552,3637248
3553,3638272
3554,3639296
3555,3640320
3556,3641344
3557,3642368
3558,3643392
3559,3644416
3560,3645440
3561,3646464
3562,3647488
3563,3648512
3564,3649536
3565,3650560
3566,3651584
3567,3652608
3568,3653632
3569,3654656
3570,3655680
3571,3656704
3572,3657728
3573,3658752
3574,3659776
3575,3660800
3576,3661824
3577,3662848
3578,3663872
3579,3664896
3580,3665920
3581,3666944
3582,3667968
3583,3668992
3584,3670016
3585,3671040
3586,3672064
3587,3673088
3588,3674112
3589,3675136
3590,3676160
3591,3677184
3592,3678208
3593,3679232
3594,3680256
3595,3681280
3596,3682304
3597,3683328
3598,3684352
3599,3685376
3600,3686400
3601,3687424
3602,3688448
3603,3689472
3604,3690496
3605,3691520
3606,3692544
3607,3693568
3608,3694592
3609,3695616
3610,3696640
3611,3697664
3612,3698688
3613,3699712
3614,3700736
3615,3701760
3616,3702784
3617,3703808
3618,3704832
3619,3705856
3620,3706880
3621,3707904
3622,3708928
3623,3709952
3624,3710976
3625,3712000
3626,3713024
3627,3714048
3628,3715072
3629,3716096
3630,3717120
3631,3718144
3632,3719168
3633,3720192
3634,3721216
3635,3722240
3636,3723264
3637,3724288
3638,3725312
3639,3726336
3640,3727360
3641,3728384
3642,3729408
3643,3730432
3644,3731456
3645,3732480
3646,3733504
3647,3734528
3648,3735552
3649,3736576
3650,3737600
3651,3738624
3652,3739648
3653,3740672
3654,3741696
3655,3742720
3656,3743744
3657,3744768
3658,3745792
3659,3746816
3660,3747840
3661,3748864
3662,3749888
3663,3750912
3664,3751936
3665,3752960
3666,3753984
3667,3755008
3668,3756032
3669,3757056
3670,3758080
3671,3759104
3672,3760128
3673,3761152
3674,3762176
3675,3763200
3676,3764224
3677,3765248
3678,3766272
3679,3767296
3680,3768320
3681,3769344
3682,3770368
3683,3771392
3684,3772416
3685,3773440
3686,3774464
3687,3775488
3688,3776512
3689,3777536
3690,3778560
3691,3779584
3692,3780608
3693,3781632
3694,3782656
3695,3783680
3696,3784704
3697,3785728
3698,3786752
3699,3787776
3700,3788800
3701,3789824
3702,3790848
3703,3791872
3704,3792896
3705,3793920
3706,3794944
3707,3795968
3708,3796992
3709,3798016
3710,3799040
3711,3800064
3712,3801088
3713,3802112
3714,3803136
3715,3804160
3716,3805184
3717,3806208
3718,3807232
3719,3808256
3720,3809280
3721,3810304
3722,3811328
3723,3812352
3724,3813376
3725,3814400
3726,3815424
3727,3816448
3728,3817472
3729,3818496
3730,3819520
3731,3820544
3732,3821568
3733,3822592
3734,3823616
3735,3824640
3736,3825664
3737,3826688
3738,3827712
3739,3828736
3740,3829760
3741,3830784
3742,3831808
3743,3832832
3744,3833856
3745,3834880
3746,3835904
3747,3836928
3748,3837952
3749,3838976
3750,3840000
3751,3841024
3752,3842048
3753,3843072
3754,3844096
3755,3845120
3756,3846144
3757,3847168
3758,3848192
3759,3849216
3760,3850240
3761,3851264
3762,3852288
3763,3853312
3764,3854336
3765,3855360
3766,3856384
3767,3857408
3768,3858432
3769,3859456
3770,3860480
3771,3861504
3772,3862528
3773,3863552
3774,3864576
3775,3865600
3776,3866624
3777,3867648
3778,3868672
3779,3869696
3780,3870720
3781,3871744
3782,3872768
3783,3873792
3784,3874816
3785,3875840
3786,3876864
3787,3877888
3788,3878912
3789,3879936
3790,3880960
3791,3881984
3792,3883008
3793,3884032
3794,3885056
3795,3886080
3796,3887104
3797,3888128
3798,3889152
3799,3890176
3800,3891200
3801,3892224
3802,3893248
3803,3894272
3804,3895296
3805,3896320
3806,3897344
3807,3898368
3808,3899392
3809,3900416
3810,3901440
3811,3902464
3812,3903488
3813,3904512
3814,3905536
3815,3906560
3816,3907584
3817,3908608
3818,3909632
3819,3910656
3820,3911680
3821,3912704
3822,3913728
3823,3914752
3824,3915776
3825,3916800
3826,3917824
3827,3918848
3828,3919872
3829,3920896
3830,3921920
3831,3922944
3832,3923968
3833,3924992
3834,3926016
3835,3927040
3836,3928064
3837,3929088
3838,3930112
3839,3931136
3840,3932160
3841,3933184
3842,3934208
3843,3935232
3844,3936256
3845,3937280
3846,3938304
3847,3939328
3848,3940352
3849,3941376
3850,3942400
3851,3943424
3852,3944448
3853,3945472
3854,3946496
3855,3947520
3856,3948544
3857,3949568
3858,3950592
3859,3951616
3860,3952640
3861,3953664
3862,3954688
3863,3955712
3864,3956736
3865,3957760
3866,3958784
3867,3959808
3868,3960832
3869,3961856
3870,3962880
3871,3963904
3872,3964928
3873,3965952
3874,3966976
3875,3968000
3876,3969024
3877,3970048
3878,3971072
3879,3972096
3880,3973120
3881,3974144
3882,3975168
3883,3976192
3884,3977216
3885,3978240
3886,3979264
3887,3980288
3888,3981312
3889,3982336
3890,3983360
3891,3984384
3892,3985408
3893,3986432
3894,3987456
3895,3988480
3896,3989504
3897,3990528
3898,3991552
3899,3992576
3900,3993600
3901,3994624
3902,3995648
3903,3996672
3904,3997696
3905,3998720
3906,3999744
3907,4000768
3908,4001792
3909,4002816
3910,4003840
3911,4004864
3912,4005888
3913,4006912
3914,4007936
3915,4008960
3916,4009984
3917,4011008
3918,4012032
3919,4013056
3920,4014080
3921,4015104
3922,4016128
3923,4017152
3924,4018176
3925,4019200
3926,4020224
3927,4021248
3928,4022272
3929,4023296
3930,4024320
3931,4025344
3932,4026368
3933,4027392
3934,4028416
3935,4029440
3936,4030464
3937,4031488
3938,4032512
3939,4033536
3940,4034560
3941,4035584
3942,4036608
3943,4037632
3944,4038656
3945,4039680
3946,4040704
3947,4041728
3948,4042752
3949,4043776
3950,4044800
3951,4045824
3952,4046848
3953,4047872
3954,4048896
3955,4049920
3956,4050944
3957,4051968
3958,4052992
3959,4054016
3960,4055040
3961,4056064
3962,4057088
3963,4058112
3964,4059136
3965,4060160
3966,4061184
3967,4062208
3968,4063232
3969,4064256
3970,4065280
3971,4066304
3972,4067328
3973,4068352
3974,4069376
3975,4070400
3976,4071424
3977,4072448
3978,4073472
3979,4074496
3980,4075520
3981,4076544
3982,4077568
3983,4078592
3984,4079616
3985,4080640
3986,4081664
3987,4082688
3988,4083712
3989,4084736
3990,4085760
3991,4086784
3992,4087808
3993,4088832
3994,4089856
3995,4090880
3996,4091904
3997,4092928
3998,4093952
3999,4094976
4000,4096000
4001,4097024
4002,4098048
4003,4099072
4004,4100096
4005,4101120
4006,4102144
4007,4103168
4008,4104192
4009,4105216
4010,4106240
4011,4107264
4012,4108288
4013,4109312
4014,4110336
4015,4111360
4016,4112384
4017,4113408
4018,4114432
4019,4115456
4020,4116480
4021,4117504
4022,4118528
4023,4119552
4024,4120576
4025,4121600
4026,4122624
4027,4123648
4028,4124672
4029,4125696
4030,4126720
4031,4127744
4032,4128768
4033,4129792
4034,4130816
4035,4131840
4036,4132864
4037,4133888
4038,4134912
4039,4135936
4040,4136960
4041,4137984
4042,4139008
4043,4140032
4044,4141056
4045,4142080
4046,4143104
4047,4144128
4048,4145152
4049,4146176
4050,4147200
4051,4148224
4052,4149248
4053,4150272
4054,4151296
4055,4152320
4056,4153344
4057,4154368
4058,4155392
4059,4156416
4060,4157440
4061,4158464
4062,4159488
4063,4160512
4064,4161536
4065,4162560
4066,4163584
4067,4164608
4068,4165632
4069,4166656
4070,4167680
4071,4168704
4072,4169728
4073,4170752
4074,4171776
4075,4172800
4076,4173824
4077,4174848
4078,4175872
4079,4176896
4080,4177920
4081,4178944
4082,4179968
4083,4180992
4084,4182016
4085,4183040
4086,4184064
4087,4185088
4088,4186112
4089,4187136
4090,4188160
4091,4189184
4092,4190208
4093,4191232
4094,4192256
4095,4193280
4096,4194304
4097,4195328
4098,4196352
4099,4197376
4100,4198400
4101,4199424
4102,4200448
4103,4201472
4104,4202496
4105,4203520
4106,4204544
4107,4205568
4108,4206592
4109,4207616
4110,4208640
4111,4209664
4112,4210688
4113,4211712
4114,4212736
4115,4213760
4116,4214784
4117,4215808
4118,4216832
4119,4217856
4120,4218880
4121,4219904
4122,4220928
4123,4221952
4124,4222976
4125,4224000
4126,4225024
4127,4226048
4128,4227072
4129,4228096
4130,4229120
4131,4230144
4132,4231168
4133,4232192
4134,4233216
4135,4234240
4136,4235264
4137,4236288
4138,4237312
4139,4238336
4140,4239360
4141,4240384
4142,4241408
4143,4242432
4144,4243456
4145,4244480
4146,4245504
4147,4246528
4148,4247552
4149,4248576
4150,4249600
4151,4250624
4152,4251648
4153,4252672
4154,4253696
4155,4254720
4156,4255744
4157,4256768
4158,4257792
4159,4258816
4160,4259840
4161,4260864
4162,4261888
4163,4262912
4164,4263936
4165,4264960
4166,4265984
4167,4267008
4168,4268032
4169,4269056
4170,4270080
4171,4271104
4172,4272128
4173,4273152
4174,4274176
4175,4275200
4176,4276224
4177,4277248
4178,4278272
4179,4279296
4180,4280320
4181,4281344
4182,4282368
4183,4283392
4184,4284416
4185,4285440
4186,4286464
4187,4287488
4188,4288512
4189,4289536
4190,4290560
4191,4291584
4192,4292608
4193,4293632
4194,4294656
4195,4295680
4196,4296704
4197,4297728
4198,4298752
4199,4299776
4200,4300800
4201,4301824
4202,4302848
4203,4303872
4204,4304896
4205,4305920
4206,4306944
4207,4307968
4208,4308992
4209,4310016
4210,4311040
4211,4312064
4212,4313088
4213,4314112
4214,4315136
4215,4316160
4216,4317184
4217,4318208
4218,4319232
4219,4320256
4220,4321280
4221,4322304
4222,4323328
4223,4324352
4224,4325376
4225,4326400
4226,4327424
4227,4328448
4228,4329472
4229,4330496
4230,4331520
4231,4332544
4232,4333568
4233,4334592
4234,4335616
4235,4336640
4236,4337664
4237,4338688
4238,4339712
4239,4340736
4240,4341760
4241,4342784
4242,4343808
4243,4344832
4244,4345856
4245,4346880
4246,4347904
4247,4348928
4248,4349952
4249,4350976
4250,4352000
4251,4353024
4252,4354048
4253,4355072
4254,4356096
4255,4357120
4256,4358144
4257,4359168
4258,4360192
4259,4361216
4260,4362240
4261,4363264
4262,4364288
4263,4365312
4264,4366336
4265,4367360
4266,4368384
4267,4369408
4268,4370432
4269,4371456
4270,4372480
4271,4373504
4272,4374528
4273,4375552
4274,4376576
4275,4377600
4276,4378624
4277,4379648
4278,4380672
4279,4381696
4280,4382720
4281,4383744
4282,4384768
4283,4385792
4284,4386816
4285,4387840
4286,4388864
4287,4389888
4288,4390912
4289,4391936
4290,4392960
4291,4393984
4292,4395008
4293,4396032
4294,4397056
4295,4398080
4296,4399104
4297,4400128
4298,4401152
4299,4402176
4300,4403200
4301,4404224
4302,4405248
4303,4406272
4304,4407296
4305,4408320
4306,4409344
4307,4410368
4308,4411392
4309,4412416
4310,4413440
4311,4414464
4312,4415488
4313,4416512
4314,4417536
4315,4418560
4316,4419584
4317,4420608
4318,4421632
4319,4422656
4320,4423680
4321,4424704
4322,4425728
4323,4426752
4324,4427776
4325,4428800
4326,4429824
4327,4430848
4328,4431872
4329,4432896
4330,4433920
4331,4434944
4332,4435968
4333,4436992
4334,4438016
4335,4439040
4336,4440064
4337,4441088
4338,4442112
4339,4443136
4340,4444160
4341,4445184
4342,4446208
4343,4447232
4344,4448256
4345,4449280
4346,4450304
4347,4451328
4348,4452352
4349,4453376
4350,4454400
4351,4455424
4352,4456448
4353,4457472
4354,4458496
4355,4459520
4356,4460544
4357,4461568
4358,4462592
4359,4463616
4360,4464640
4361,4465664
4362,4466688
4363,4467712
4364,4468736
4365,4469760
4366,4470784
4367,4471808
4368,4472832
4369,4473856
4370,4474880
4371,4475904
4372,4476928
4373,4477952
4374,4478976
4375,4480000
4376,4481024
4377,4482048
4378,4483072
4379,4484096
4380,4485120
4381,4486144
4382,4487168
4383,4488192
4384,4489216
4385,4490240
4386,4491264
4387,4492288
4388,4493312
4389,4494336
4390,4495360
4391,4496384
4392,4497408
4393,4498432
4394,4499456
4395,4500480
4396,4501504
4397,4502528
4398,4503552
4399,4504576
4400,4505600
4401,4506624
4402,4507648
4403,4508672
4404,4509696
4405,4510720
4406,4511744
4407,4512768
4408,4513792
4409,4514816
4410,4515840
4411,4516864
4412,4517888
4413,4518912
4414,4519936
4415,4520960
4416,4521984
4417,4523008
4418,4524032
4419,4525056
4420,4526080
4421,4527104
4422,4528128
4423,4529152
4424,4530176
4425,4531200
4426,4532224
4427,4533248
4428,4534272
4429,4535296
4430,4536320
4431,4537344
4432,4538368
4433,4539392
4434,4540416
4435,4541440
4436,4542464
4437,4543488
4438,4544512
4439,4545536
4440,4546560
4441,4547584
4442,4548608
4443,4549632
4444,4550656
4445,4551680
4446,4552704
4447,4553728
4448,4554752
4449,4555776
4450,4556800
4451,4557824
4452,4558848
4453,4559872
4454,4560896
4455,4561920
4456,4562944
4457,4563968
4458,4564992
4459,4566016
4460,4567040
4461,4568064
4462,4569088
4463,4570112
4464,4571136
4465,4572160
4466,4573184
4467,4574208
4468,4575232
4469,4576256
4470,4577280
4471,4578304
4472,4579328
4473,4580352
4474,4581376
4475,4582400
4476,4583424
4477,4584448
4478,4585472
4479,4586496
4480,4587520
4481,4588544
4482,4589568
4483,4590592
4484,4591616
4485,4592640
4486,4593664
4487,4594688
4488,4595712
4489,4596736
4490,4597760
4491,4598784
4492,4599808
4493,4600832
4494,4601856
4495,4602880
4496,4603904
4497,4604928
4498,4605952
4499,4606976
4500,4608000
4501,4609024
4502,4610048
4503,4611072
4504,4612096
4505,4613120
4506,4614144
4507,4615168
4508,4616192
4509,4617216
4510,4618240
4511,4619264
4512,4620288
4513,4621312
4514,4622336
4515,4623360
4516,4624384
4517,4625408
4518,4626432
4519,4627456
4520,4628480
4521,4629504
4522,4630528
4523,4631552
4524,4632576
4525,4633600
4526,4634624
4527,4635648
4528,4636672
4529,4637696
4530,4638720
4531,4639744
4532,4640768
4533,4641792
4534,4642816
4535,4643840
4536,4644864
4537,4645888
4538,4646912
4539,4647936
4540,4648960
4541,4649984
4542,4651008
4543,4652032
4544,4653056
4545,4654080
4546,4655104
4547,4656128
4548,4657152
4549,4658176
4550,4659200
4551,4660224
4552,4661248
4553,4662272
4554,4663296
4555,4664320
4556,4665344
4557,4666368
4558,4667392
4559,4668416
4560,4669440
4561,4670464
4562,4671488
4563,4672512
4564,4673536
4565,4674560
4566,4675584
4567,4676608
4568,4677632
4569,4678656
4570,4679680
4571,4680704
4572,4681728
4573,4682752
4574,4683776
4575,4684800
4576,4685824
4577,4686848
4578,4687872
4579,4688896
4580,4689920
4581,4690944
4582,4691968
4583,4692992
4584,4694016
4585,4695040
4586,4696064
4587,4697088
4588,4698112
4589,4699136
4590,4700160
4591,4701184
4592,4702208
4593,4703232
4594,4704256
4595,4705280
4596,4706304
4597,4707328
4598,4708352
4599,4709376
4600,4710400
4601,4711424
4602,4712448
4603,4713472
4604,4714496
4605,4715520
4606,4716544
4607,4717568
4608,4718592
4609,4719616
4610,4720640
4611,4721664
4612,4722688
4613,4723712
4614,4724736
4615,4725760
4616,4726784
4617,4727808
4618,4728832
4619,4729856
4620,4730880
4621,4731904
4622,4732928
4623,4733952
4624,4734976
4625,4736000
4626,4737024
4627,4738048
4628,4739072
4629,4740096
4630,4741120
4631,4742144
4632,4743168
4633,4744192
4634,4745216
4635,4746240
4636,4747264
4637,4748288
4638,4749312
4639,4750336
4640,4751360
4641,4752384
4642,4753408
4643,4754432
4644,4755456
4645,4756480
4646,4757504
4647,4758528
4648,4759552
4649,4760576
4650,4761600
4651,4762624
4652,4763648
4653,4764672
4654,4765696
4655,4766720
4656,4767744
4657,4768768
4658,4769792
4659,4770816
4660,4771840
4661,4772864
4662,4773888
4663,4774912
4664,4775936
4665,4776960
4666,4777984
4667,4779008
4668,4780032
4669,4781056
4670,4782080
4671,4783104
4672,4784128
4673,4785152
4674,4786176
4675,4787200
4676,4788224
4677,4789248
4678,4790272
4679,4791296
4680,4792320
4681,4793344
4682,4794368
4683,4795392
4684,4796416
4685,4797440
4686,4798464
4687,4799488
4688,4800512
4689,4801536
4690,4802560
4691,4803584
4692,4804608
4693,4805632
4694,4806656
4695,4807680
4696,4808704
4697,4809728
4698,4810752
4699,4811776
4700,4812800
4701,4813824
4702,4814848
4703,4815872
4704,4816896
4705,4817920
4706,4818944
4707,4819968
4708,4820992
4709,4822016
4710,4823040
4711,4824064
4712,4825088
4713,4826112
4714,4827136
4715,4828160
4716,4829184
4717,4830208
4718,4831232
4719,4832256
4720,4833280
4721,4834304
4722,4835328
4723,4836352
4724,4837376
4725,4838400
4726,4839424
4727,4840448
4728,4841472
4729,4842496
4730,4843520
4731,4844544
4732,4845568
4733,4846592
4734,4847616
4735,4848640
4736,4849664
4737,4850688
4738,4851712
4739,4852736
4740,4853760
4741,4854784
4742,4855808
4743,4856832
4744,4857856
4745,4858880
4746,4859904
4747,4860928
4748,4861952
4749,4862976
4750,4864000
4751,4865024
4752,4866048
4753,4867072
4754,4868096
4755,4869120
4756,4870144
4757,4871168
4758,4872192
4759,4873216
4760,4874240
4761,4875264
4762,4876288
4763,4877312
4764,4878336
4765,4879360
4766,4880384
4767,4881408
4768,4882432
4769,4883456
4770,4884480
4771,4885504
4772,4886528
4773,4887552
4774,4888576
4775,4889600
4776,4890624
4777,4891648
4778,4892672
4779,4893696
4780,4894720
4781,4895744
4782,4896768
4783,4897792
4784,4898816
4785,4899840
4786,4900864
4787,4901888
4788,4902912
4789,4903936
4790,4904960
4791,4905984
4792,4907008
4793,4908032
4794,4909056
4795,4910080
4796,4911104
4797,4912128
4798,4913152
4799,4914176
4800,4915200
4801,4916224
4802,4917248
4803,4918272
4804,4919296
4805,4920320
4806,4921344
4807,4922368
4808,4923392
4809,4924416
4810,4925440
4811,4926464
4812,4927488
4813,4928512
4814,4929536
4815,4930560
4816,4931584
4817,4932608
4818,4933632
4819,4934656
4820,4935680
4821,4936704
4822,4937728
4823,4938752
4824,4939776
4825,4940800
4826,4941824
4827,4942848
4828,4943872
4829,4944896
4830,4945920
4831,4946944
4832,4947968
4833,4948992
4834,4950016
4835,4951040
4836,4952064
4837,4953088
4838,4954112
4839,4955136
4840,4956160
4841,4957184
4842,4958208
4843,4959232
4844,4960256
4845,4961280
4846,4962304
4847,4963328
4848,4964352
4849,4965376
4850,4966400
4851,4967424
4852,4968448
4853,4969472
4854,4970496
4855,4971520
4856,4972544
4857,4973568
4858,4974592
4859,4975616
4860,4976640
4861,4977664
4862,4978688
4863,4979712
4864,4980736
4865,4981760
4866,4982784
4867,4983808
4868,4984832
4869,4985856
4870,4986880
4871,4987904
4872,4988928
4873,4989952
4874,4990976
4875,4992000
4876,4993024
4877,4994048
4878,4995072
4879,4996096
4880,4997120
4881,4998144
4882,4999168
4883,5000192
4884,5001216
4885,5002240
4886,5003264
4887,5004288
4888,5005312
4889,5006336
4890,5007360
4891,5008384
4892,5009408
4893,5010432
4894,5011456
4895,5012480
4896,5013504
4897,5014528
4898,5015552
4899,5016576
4900,5017600
4901,5018624
4902,5019648
4903,5020672
4904,5021696
4905,5022720
4906,5023744
4907,5024768
4908,5025792
4909,5026816
4910,5027840
4911,5028864
4912,5029888
4913,5030912
4914,5031936
4915,5032960
4916,5033984
4917,5035008
4918,5036032
4919,5037056
4920,5038080
4921,5039104
4922,5040128
4923,5041152
4924,5042176
4925,5043200
4926,5044224
4927,5045248
4928,5046272
4929,5047296
4930,5048320
4931,5049344
4932,5050368
4933,5051392
4934,5052416
4935,5053440
4936,5054464
4937,5055488
4938,5056512
4939,5057536
4940,5058560
4941,5059584
4942,5060608
4943,5061632
4944,5062656
4945,5063680
4946,5064704
4947,5065728
4948,5066752
4949,5067776
4950,5068800
4951,5069824
4952,5070848
4953,5071872
4954,5072896
4955,5073920
4956,5074944
4957,5075968
4958,5076992
4959,5078016
4960,5079040
4961,5080064
4962,5081088
4963,5082112
4964,5083136
4965,5084160
4966,5085184
4967,5086208
4968,5087232
4969,5088256
4970,5089280
4971,5090304
4972,5091328
4973,5092352
4974,5093376
4975,5094400
4976,5095424
4977,5096448
4978,5097472
4979,5098496
4980,5099520
4981,5100544
4982,5101568
4983,5102592
4984,5103616
4985,5104640
4986,5105664
4987,5106688
4988,5107712
4989,5108736
4990,5109760
4991,5110784
4992,5111808
4993,5112832
4994,5113856
4995,5114880
4996,5115904
4997,5116928
4998,5117952
4999,5118976
5000,5120000
5001,5121024
5002,5122048
5003,5123072
5004,5124096
5005,5125120
5006,5126144
5007,5127168
5008,5128192
5009,5129216
5010,5130240
5011,5131264
5012,5132288
5013,5133312
5014,5134336
5015,5135360
5016,5136384
5017,5137408
5018,5138432
5019,5139456
5020,5140480
5021,5141504
5022,5142528
5023,5143552
5024,5144576
5025,5145600
5026,5146624
5027,5147648
5028,5148672
5029,5149696
5030,5150720
5031,5151744
5032,5152768
5033,5153792
5034,5154816
5035,5155840
5036,5156864
5037,5157888
5038,5158912
5039,5159936
5040,5160960
5041,5161984
5042,5163008
5043,5164032
5044,5165056
5045,5166080
5046,5167104
5047,5168128
5048,5169152
5049,5170176
5050,5171200
5051,5172224
5052,5173248
5053,5174272
5054,5175296
5055,5176320
5056,5177344
5057,5178368
5058,5179392
5059,5180416
5060,5181440
5061,5182464
5062,5183488
5063,5184512
5064,5185536
5065,5186560
5066,5187584
5067,5188608
5068,5189632
5069,5190656
5070,5191680
5071,5192704
5072,5193728
5073,5194752
5074,5195776
5075,5196800
5076,5197824
5077,5198848
5078,5199872
5079,5200896
5080,5201920
5081,5202944
5082,5203968
5083,5204992
5084,5206016
5085,5207040
5086,5208064
5087,5209088
5088,5210112
5089,5211136
5090,5212160
5091,5213184
5092,5214208
5093,5215232
5094,5216256
5095,5217280
5096,5218304
5097,5219328
5098,5220352
5099,5221376
5100,5222400
5101,5223424
5102,5224448
5103,5225472
5104,5226496
5105,5227520
5106,5228544
5107,5229568
5108,5230592
5109,5231616
5110,5232640
5111,5233664
5112,5234688
5113,5235712
5114,5236736
5115,5237760
5116,5238784
5117,5239808
5118,5240832
5119,5241856
5120,5242880
5121,5243904
5122,5244928
5123,5245952
5124,5246976
5125,5248000
5126,5249024
5127,5250048
5128,5251072
5129,5252096
5130,5253120
5131,5254144
5132,5255168
5133,5256192
5134,5257216
5135,5258240
5136,5259264
5137,5260288
5138,5261312
5139,5262336
5140,5263360
5141,5264384
5142,5265408
5143,5266432
5144,5267456
5145,5268480
5146,5269504
5147,5270528
5148,5271552
5149,5272576
5150,5273600
5151,5274624
5152,5275648
5153,5276672
5154,5277696
5155,5278720
5156,5279744
5157,5280768
5158,5281792
5159,5282816
5160,5283840
5161,5284864
5162,5285888
5163,5286912
5164,5287936
5165,5288960
5166,5289984
5167,5291008
5168,5292032
5169,5293056
5170,5294080
5171,5295104
5172,5296128
5173,5297152
5174,5298176
5175,5299200
5176,5300224
5177,5301248
5178,5302272
5179,5303296
5180,5304320
5181,5305344
5182,5306368
5183,5307392
5184,5308416
5185,5309440
5186,5310464
5187,5311488
5188,5312512
5189,5313536
5190,5314560
5191,5315584
5192,5316608
5193,5317632
5194,5318656
5195,5319680
5196,5320704
5197,5321728
5198,5322752
5199,5323776
5200,5324800
5201,5325824
5202,5326848
5203,5327872
5204,5328896
5205,5329920
5206,5330944
5207,5331968
5208,5332992
5209,5334016
5210,5335040
5211,5336064
5212,5337088
5213,5338112
5214,5339136
5215,5340160
5216,5341184
5217,5342208
5218,5343232
5219,5344256
5220,5345280
5221,5346304
5222,5347328
5223,5348352
5224,5349376
5225,5350400
5226,5351424
5227,5352448
5228,5353472
5229,5354496
5230,5355520
5231,5356544
5232,5357568
5233,5358592
5234,5359616
5235,5360640
5236,5361664
5237,5362688
5238,5363712
5239,5364736
5240,5365760
5241,5366784
5242,5367808
5243,5368832
5244,5369856
5245,5370880
5246,5371904
5247,5372928
5248,5373952
5249,5374976
5250,5376000
5251,5377024
5252,5378048
5253,5379072
5254,5380096
5255,5381120
5256,5382144
5257,5383168
5258,5384192
5259,5385216
5260,5386240
5261,5387264
5262,5388288
5263,5389312
5264,5390336
5265,5391360
5266,5392384
5267,5393408
5268,5394432
5269,5395456
5270,5396480
5271,5397504
5272,5398528
5273,5399552
5274,5400576
5275,5401600
5276,5402624
5277,5403648
5278,5404672
5279,5405696
5280,5406720
5281,5407744
5282,5408768
5283,5409792
5284,5410816
5285,5411840
5286,5412864
5287,5413888
5288,5414912
5289,5415936
5290,5416960
5291,5417984
5292,5419008
5293,5420032
5294,5421056
5295,5422080
5296,5423104
5297,5424128
5298,5425152
5299,5426176
5300,5427200
5301,5428224
5302,5429248
5303,5430272
5304,5431296
5305,5432320
5306,5433344
5307,5434368
5308,5435392
5309,5436416
5310,5437440
5311,5438464
5312,5439488
5313,5440512
5314,5441536
5315,5442560
5316,5443584
5317,5444608
5318,5445632
5319,5446656
5320,5447680
5321,5448704
5322,5449728
5323,5450752
5324,5451776
5325,5452800
5326,5453824
5327,5454848
5328,5455872
5329,5456896
5330,5457920
5331,5458944
5332,5459968
5333,5460992
5334,5462016
5335,5463040
5336,5464064
5337,5465088
5338,5466112
5339,5467136
5340,5468160
5341,5469184
5342,5470208
5343,5471232
5344,5472256
5345,5473280
5346,5474304
5347,5475328
5348,5476352
5349,5477376
5350,5478400
5351,5479424
5352,5480448
5353,5481472
5354,5482496
5355,5483520
5356,5484544
5357,5485568
5358,5486592
5359,5487616
5360,5488640
5361,5489664
5362,5490688
5363,5491712
5364,5492736
5365,5493760
5366,5494784
5367,5495808
5368,5496832
5369,5497856
5370,5498880
5371,5499904
5372,5500928
5373,5501952
5374,5502976
5375,5504000
5376,5505024
5377,5506048
5378,5507072
5379,5508096
5380,5509120
5381,5510144
5382,5511168
5383,5512192
5384,5513216
5385,5514240
5386,5515264
5387,5516288
5388,5517312
5389,5518336
5390,5519360
5391,5520384
5392,5521408
5393,5522432
5394,5523456
5395,5524480
5396,5525504
5397,5526528
5398,5527552
5399,5528576
5400,5529600
5401,5530624
5402,5531648
5403,5532672
5404,5533696
5405,5534720
5406,5535744
5407,5536768
5408,5537792
5409,5538816
5410,5539840
5411,5540864
5412,5541888
5413,5542912
5414,5543936
5415,5544960
5416,5545984
5417,5547008
5418,5548032
5419,5549056
5420,5550080
5421,5551104
5422,5552128
5423,5553152
5424,5554176
5425,5555200
5426,5556224
5427,5557248
5428,5558272
5429,5559296
5430,5560320
5431,5561344
5432,5562368
5433,5563392
5434,5564416
5435,5565440
5436,5566464
5437,5567488
5438,5568512
5439,5569536
5440,5570560
5441,5571584
5442,5572608
5443,5573632
5444,5574656
5445,5575680
5446,5576704
5447,5577728
5448,5578752
5449,5579776
5450,5580800
5451,5581824
5452,5582848
5453,5583872
5454,5584896
5455,5585920
5456,5586944
5457,5587968
5458,5588992
5459,5590016
5460,5591040
5461,5592064
5462,5593088
5463,5594112
5464,5595136
5465,5596160
5466,5597184
5467,5598208
5468,5599232
5469,5600256
5470,5601280
5471,5602304
5472,5603328
5473,5604352
5474,5605376
5475,5606400
5476,5607424
5477,5608448
5478,5609472
5479,5610496
5480,5611520
5481,5612544
5482,5613568
5483,5614592
5484,5615616
5485,5616640
5486,5617664
5487,5618688
5488,5619712
5489,5620736
5490,5621760
5491,5622784
5492,5623808
5493,5624832
5494,5625856
5495,5626880
5496,5627904
5497,5628928
5498,5629952
5499,5630976
5500,5632000
5501,5633024
5502,5634048
5503,5635072
5504,5636096
5505,5637120
5506,5638144
5507,5639168
5508,5640192
5509,5641216
5510,5642240
5511,5643264
5512,5644288
5513,5645312
5514,5646336
5515,5647360
5516,5648384
5517,5649408
5518,5650432
5519,5651456
5520,5652480
5521,5653504
5522,5654528
5523,5655552
5524,5656576
5525,5657600
5526,5658624
5527,5659648
5528,5660672
5529,5661696
5530,5662720
5531,5663744
5532,5664768
5533,5665792
5534,5666816
5535,5667840
5536,5668864
5537,5669888
5538,5670912
5539,5671936
5540,5672960
5541,5673984
5542,5675008
5543,5676032
5544,5677056
5545,5678080
5546,5679104
5547,5680128
5548,5681152
5549,5682176
5550,5683200
5551,5684224
5552,5685248
5553,5686272
5554,5687296
5555,5688320
5556,5689344
5557,5690368
5558,5691392
5559,5692416
5560,5693440
5561,5694464
5562,5695488
5563,5696512
5564,5697536
5565,5698560
5566,5699584
5567,5700608
5568,5701632
5569,5702656
5570,5703680
5571,5704704
5572,5705728
5573,5706752
5574,5707776
5575,5708800
5576,5709824
5577,5710848
5578,5711872
5579,5712896
5580,5713920
5581,5714944
5582,5715968
5583,5716992
5584,5718016
5585,5719040
5586,5720064
5587,5721088
5588,5722112
5589,5723136
5590,5724160
5591,5725184
5592,5726208
5593,5727232
5594,5728256
5595,5729280
5596,5730304
5597,5731328
5598,5732352
5599,5733376
5600,5734400
5601,5735424
5602,5736448
5603,5737472
5604,5738496
5605,5739520
5606,5740544
5607,5741568
5608,5742592
5609,5743616
5610,5744640
5611,5745664
5612,5746688
5613,5747712
5614,5748736
5615,5749760
5616,5750784
5617,5751808
5618,5752832
5619,5753856
5620,5754880
5621,5755904
5622,5756928
5623,5757952
5624,5758976
5625,5760000
5626,5761024
5627,5762048
5628,5763072
5629,5764096
5630,5765120
5631,5766144
5632,5767168
5633,5768192
5634,5769216
5635,5770240
5636,5771264
5637,5772288
5638,5773312
5639,5774336
5640,5775360
5641,5776384
5642,5777408
5643,5778432
5644,5779456
5645,5780480
5646,5781504
5647,5782528
5648,5783552
5649,5784576
5650,5785600
5651,5786624
5652,5787648
5653,5788672
5654,5789696
5655,5790720
5656,5791744
5657,5792768
5658,5793792
5659,5794816
5660,5795840
5661,5796864
5662,5797888
5663,5798912
5664,5799936
5665,5800960
5666,5801984
5667,5803008
5668,5804032
5669,5805056
5670,5806080
5671,5807104
5672,5808128
5673,5809152
5674,5810176
5675,5811200
5676,5812224
5677,5813248
5678,5814272
5679,5815296
5680,5816320
5681,5817344
5682,5818368
5683,5819392
5684,5820416
5685,5821440
5686,5822464
5687,5823488
5688,5824512
5689,5825536
5690,5826560
5691,5827584
5692,5828608
5693,5829632
5694,5830656
5695,5831680
5696,5832704
5697,5833728
5698,5834752
5699,5835776
5700,5836800
5701,5837824
5702,5838848
5703,5839872
5704,5840896
5705,5841920
5706,5842944
5707,5843968
5708,5844992
5709,5846016
5710,5847040
5711,5848064
5712,5849088
5713,5850112
5714,5851136
5715,5852160
5716,5853184
5717,5854208
5718,5855232
5719,5856256
5720,5857280
5721,5858304
5722,5859328
5723,5860352
5724,5861376
5725,5862400
5726,5863424
5727,5864448
5728,5865472
5729,5866496
5730,5867520
5731,5868544
5732,5869568
5733,5870592
5734,5871616
5735,5872640
5736,5873664
5737,5874688
5738,5875712
5739,5876736
5740,5877760
5741,5878784
5742,5879808
5743,5880832
5744,5881856
5745,5882880
5746,5883904
5747,5884928
5748,5885952
5749,5886976
5750,5888000
5751,5889024
5752,5890048
5753,5891072
5754,5892096
5755,5893120
5756,5894144
5757,5895168
5758,5896192
5759,5897216
5760,5898240
5761,5899264
5762,5900288
5763,5901312
5764,5902336
5765,5903360
5766,5904384
5767,5905408
5768,5906432
5769,5907456
5770,5908480
5771,5909504
5772,5910528
5773,5911552
5774,5912576
5775,5913600
5776,5914624
5777,5915648
5778,5916672
5779,5917696
5780,5918720
5781,5919744
5782,5920768
5783,5921792
5784,5922816
5785,5923840
5786,5924864
5787,5925888
5788,5926912
5789,5927936
5790,5928960
5791,5929984
5792,5931008
5793,5932032
5794,5933056
5795,5934080
5796,5935104
5797,5936128
5798,5937152
5799,5938176
5800,5939200
5801,5940224
5802,5941248
5803,5942272
5804,5943296
5805,5944320
5806,5945344
5807,5946368
5808,5947392
5809,5948416
5810,5949440
5811,5950464
5812,5951488
5813,5952512
5814,5953536
5815,5954560
5816,5955584
5817,5956608
5818,5957632
5819,5958656
5820,5959680
5821,5960704
5822,5961728
5823,5962752
5824,5963776
5825,5964800
5826,5965824
5827,5966848
5828,5967872
5829,5968896
5830,5969920
5831,5970944
5832,5971968
5833,5972992
5834,5974016
5835,5975040
5836,5976064
5837,5977088
5838,5978112
5839,5979136
5840,5980160
5841,5981184
5842,5982208
5843,5983232
5844,5984256
5845,5985280
5846,5986304
5847,5987328
5848,5988352
5849,5989376
5850,5990400
5851,5991424
5852,5992448
5853,5993472
5854,5994496
5855,5995520
5856,5996544
5857,5997568
5858,5998592
5859,5999616
5860,6000640
5861,6001664
5862,6002688
5863,6003712
5864,6004736
5865,6005760
5866,6006784
5867,6007808
5868,6008832
5869,6009856
5870,6010880
5871,6011904
5872,6012928
5873,6013952
5874,6014976
5875,6016000
5876,6017024
5877,6018048
5878,6019072
5879,6020096
5880,6021120
5881,6022144
5882,6023168
5883,6024192
5884,6025216
5885,6026240
5886,6027264
5887,6028288
5888,6029312
5889,6030336
5890,6031360
5891,6032384
5892,6033408
5893,6034432
5894,6035456
5895,6036480
5896,6037504
5897,6038528
5898,6039552
5899,6040576
5900,6041600
5901,6042624
5902,6043648
5903,6044672
5904,6045696
5905,6046720
5906,6047744
5907,6048768
5908,6049792
5909,6050816
5910,6051840
5911,6052864
5912,6053888
5913,6054912
5914,6055936
5915,6056960
5916,6057984
5917,6059008
5918,6060032
5919,6061056
5920,6062080
5921,6063104
5922,6064128
5923,6065152
5924,6066176
5925,6067200
5926,6068224
5927,6069248
5928,6070272
5929,6071296
5930,6072320
5931,6073344
5932,6074368
5933,6075392
5934,6076416
5935,6077440
5936,6078464
5937,6079488
5938,6080512
5939,6081536
5940,6082560
5941,6083584
5942,6084608
5943,6085632
5944,6086656
5945,6087680
5946,6088704
5947,6089728
5948,6090752
5949,6091776
5950,6092800
5951,6093824
5952,6094848
5953,6095872
5954,6096896
5955,6097920
5956,6098944
5957,6099968
5958,6100992
5959,6102016
5960,6103040
5961,6104064
5962,6105088
5963,6106112
5964,6107136
5965,6108160
5966,6109184
5967,6110208
5968,6111232
5969,6112256
5970,6113280
5971,6114304
5972,6115328
5973,6116352
5974,6117376
5975,6118400
5976,6119424
5977,6120448
5978,6121472
5979,6122496
5980,6123520
5981,6124544
5982,6125568
5983,6126592
5984,6127616
5985,6128640
5986,6129664
5987,6130688
5988,6131712
5989,6132736
5990,6133760
5991,6134784
5992,6135808
5993,6136832
5994,6137856
5995,6138880
5996,6139904
5997,6140928
5998,6141952
5999,6142976
6000,6144000
6001,6145024
6002,6146048
6003,6147072
6004,6148096
6005,6149120
6006,6150144
6007,6151168
6008,6152192
6009,6153216
6010,6154240
6011,6155264
6012,6156288
6013,6157312
6014,6158336
6015,6159360
6016,6160384
6017,6161408
6018,6162432
6019,6163456
6020,6164480
6021,6165504
6022,6166528
6023,6167552
6024,6168576
6025,6169600
6026,6170624
6027,6171648
6028,6172672
6029,6173696
6030,6174720
6031,6175744
6032,6176768
6033,6177792
6034,6178816
6035,6179840
6036,6180864
6037,6181888
6038,6182912
6039,6183936
6040,6184960
6041,6185984
6042,6187008
6043,6188032
6044,6189056
6045,6190080
6046,6191104
6047,6192128
6048,6193152
6049,6194176
6050,6195200
6051,6196224
6052,6197248
6053,6198272
6054,6199296
6055,6200320
6056,6201344
6057,6202368
6058,6203392
6059,6204416
6060,6205440
6061,6206464
6062,6207488
6063,6208512
6064,6209536
6065,6210560
6066,6211584
6067,6212608
6068,6213632
6069,6214656
6070,6215680
6071,6216704
6072,6217728
6073,6218752
6074,6219776
6075,6220800
6076,6221824
6077,6222848
6078,6223872
6079,6224896
6080,6225920
6081,6226944
6082,6227968
6083,6228992
6084,6230016
6085,6231040
6086,6232064
6087,6233088
6088,6234112
6089,6235136
6090,6236160
6091,6237184
6092,6238208
6093,6239232
6094,6240256
6095,6241280
6096,6242304
6097,6243328
6098,6244352
6099,6245376
6100,6246400
6101,6247424
6102,6248448
6103,6249472
6104,6250496
6105,6251520
6106,6252544
6107,6253568
6108,6254592
6109,6255616
6110,6256640
6111,6257664
6112,6258688
6113,6259712
6114,6260736
6115,6261760
6116,6262784
6117,6263808
6118,6264832
6119,6265856
6120,6266880
6121,6267904
6122,6268928
6123,6269952
6124,6270976
6125,6272000
6126,6273024
6127,6274048
6128,6275072
6129,6276096
6130,6277120
6131,6278144
6132,6279168
6133,6280192
6134,6281216
6135,6282240
6136,6283264
6137,6284288
6138,6285312
6139,6286336
6140,6287360
6141,6288384
6142,6289408
6143,6290432
6144,6291456
6145,6292480
6146,6293504
6147,6294528
6148,6295552
6149,6296576
6150,6297600
6151,6298624
6152,6299648
6153,6300672
6154,6301696
6155,6302720
6156,6303744
6157,6304768
6158,6305792
6159,6306816
6160,6307840
6161,6308864
6162,6309888
6163,6310912
6164,6311936
6165,6312960
6166,6313984
6167,6315008
6168,6316032
6169,6317056
6170,6318080
6171,6319104
6172,6320128
6173,6321152
6174,6322176
6175,6323200
6176,6324224
6177,6325248
6178,6326272
6179,6327296
6180,6328320
6181,6329344
6182,6330368
6183,6331392
6184,6332416
6185,6333440
6186,6334464
6187,6335488
6188,6336512
6189,6337536
6190,6338560
6191,6339584
6192,6340608
6193,6341632
6194,6342656
6195,6343680
6196,6344704
6197,6345728
6198,6346752
6199,6347776
6200,6348800
6201,6349824
6202,6350848
6203,6351872
6204,6352896
6205,6353920
6206,6354944
6207,6355968
6208,6356992
6209,6358016
6210,6359040
6211,6360064
6212,6361088
6213,6362112
6214,6363136
6215,6364160
6216,6365184
6217,6366208
6218,6367232
6219,6368256
6220,6369280
6221,6370304
6222,6371328
6223,6372352
6224,6373376
6225,6374400
6226,6375424
6227,6376448
6228,6377472
6229,6378496
6230,6379520
6231,6380544
6232,6381568
6233,6382592
6234,6383616
6235,6384640
6236,6385664
6237,6386688
6238,6387712
6239,6388736
6240,6389760
6241,6390784
6242,6391808
6243,6392832
6244,6393856
6245,6394880
6246,6395904
6247,6396928
6248,6397952
6249,6398976
6250,6400000
6251,6401024
6252,6402048
6253,6403072
6254,6404096
6255,6405120
6256,6406144
6257,6407168
6258,6408192
6259,6409216
6260,6410240
6261,6411264
6262,6412288
6263,6413312
6264,6414336
6265,6415360
6266,6416384
6267,6417408
6268,6418432
6269,6419456
6270,6420480
6271,6421504
6272,6422528
6273,6423552
6274,6424576
6275,6425600
6276,6426624
6277,6427648
6278,6428672
6279,6429696
6280,6430720
6281,6431744
6282,6432768
6283,6433792
6284,6434816
6285,6435840
6286,6436864
6287,6437888
6288,6438912
6289,6439936
6290,6440960
6291,6441984
6292,6443008
6293,6444032
6294,6445056
6295,6446080
6296,6447104
6297,6448128
6298,6449152
6299,6450176
6300,6451200
6301,6452224
6302,6453248
6303,6454272
6304,6455296
6305,6456320
6306,6457344
6307,6458368
6308,6459392
6309,6460416
6310,6461440
6311,6462464
6312,6463488
6313,6464512
6314,6465536
6315,6466560
6316,6467584
6317,6468608
6318,6469632
6319,6470656
6320,6471680
6321,6472704
6322,6473728
6323,6474752
6324,6475776
6325,6476800
6326,6477824
6327,6478848
6328,6479872
6329,6480896
6330,6481920
6331,6482944
6332,6483968
6333,6484992
6334,6486016
6335,6487040
6336,6488064
6337,6489088
6338,6490112
6339,6491136
6340,6492160
6341,6493184
6342,6494208
6343,6495232
6344,6496256
6345,6497280
6346,6498304
6347,6499328
6348,6500352
6349,6501376
6350,6502400
6351,6503424
6352,6504448
6353,6505472
6354,6506496
6355,6507520
6356,6508544
6357,6509568
6358,6510592
6359,6511616
6360,6512640
6361,6513664
6362,6514688
6363,6515712
6364,6516736
6365,6517760
6366,6518784
6367,6519808
6368,6520832
6369,6521856
6370,6522880
6371,6523904
6372,6524928
6373,6525952
6374,6526976
6375,6528000
6376,6529024
6377,6530048
6378,6531072
6379,6532096
6380,6533120
6381,6534144
6382,6535168
6383,6536192
6384,6537216
6385,6538240
6386,6539264
6387,6540288
6388,6541312
6389,6542336
6390,6543360
6391,6544384
6392,6545408
6393,6546432
6394,6547456
6395,6548480
6396,6549504
6397,6550528
6398,6551552
6399,6552576
6400,6553600
6401,6554624
6402,6555648
6403,6556672
6404,6557696
6405,6558720
6406,6559744
6407,6560768
6408,6561792
6409,6562816
6410,6563840
6411,6564864
6412,6565888
6413,6566912
6414,6567936
6415,6568960
6416,6569984
6417,6571008
6418,6572032
6419,6573056
6420,6574080
6421,6575104
6422,6576128
6423,6577152
6424,6578176
6425,6579200
6426,6580224
6427,6581248
6428,6582272
6429,6583296
6430,6584320
6431,6585344
6432,6586368
6433,6587392
6434,6588416
6435,6589440
6436,6590464
6437,6591488
6438,6592512
6439,6593536
6440,6594560
6441,6595584
6442,6596608
6443,6597632
6444,6598656
6445,6599680
6446,6600704
6447,6601728
6448,6602752
6449,6603776
6450,6604800
6451,6605824
6452,6606848
6453,6607872
6454,6608896
6455,6609920
6456,6610944
6457,6611968
6458,6612992
6459,6614016
6460,6615040
6461,6616064
6462,6617088
6463,6618112
6464,6619136
6465,6620160
6466,6621184
6467,6622208
6468,6623232
6469,6624256
6470,6625280
6471,6626304
6472,6627328
6473,6628352
6474,6629376
6475,6630400
6476,6631424
6477,6632448
6478,6633472
6479,6634496
6480,6635520
6481,6636544
6482,6637568
6483,6638592
6484,6639616
6485,6640640
6486,6641664
6487,6642688
6488,6643712
6489,6644736
6490,6645760
6491,6646784
6492,6647808
6493,6648832
6494,6649856
6495,6650880
6496,6651904
6497,6652928
6498,6653952
6499,6654976
6500,6656000
6501,6657024
6502,6658048
6503,6659072
6504,6660096
6505,6661120
6506,6662144
6507,6663168
6508,6664192
6509,6665216
6510,6666240
6511,6667264
6512,6668288
6513,6669312
6514,6670336
6515,6671360
6516,6672384
6517,6673408
6518,6674432
6519,6675456
6520,6676480
6521,6677504
6522,6678528
6523,6679552
6524,6680576
6525,6681600
6526,6682624
6527,6683648
6528,6684672
6529,6685696
6530,6686720
6531,6687744
6532,6688768
6533,6689792
6534,6690816
6535,6691840
6536,6692864
6537,6693888
6538,6694912
6539,6695936
6540,6696960
6541,6697984
6542,6699008
6543,6700032
6544,6701056
6545,6702080
6546,6703104
6547,6704128
6548,6705152
6549,6706176
6550,6707200
6551,6708224
6552,6709248
6553,6710272
6554,6711296
6555,6712320
6556,6713344
6557,6714368
6558,6715392
6559,6716416
6560,6717440
6561,6718464
6562,6719488
6563,6720512
6564,6721536
6565,6722560
6566,6723584
6567,6724608
6568,6725632
6569,6726656
6570,6727680
6571,6728704
6572,6729728
6573,6730752
6574,6731776
6575,6732800
6576,6733824
6577,6734848
6578,6735872
6579,6736896
6580,6737920
6581,6738944
6582,6739968
6583,6740992
6584,6742016
6585,6743040
6586,6744064
6587,6745088
6588,6746112
6589,6747136
6590,6748160
6591,6749184
6592,6750208
6593,6751232
6594,6752256
6595,6753280
6596,6754304
6597,6755328
6598,6756352
6599,6757376
6600,6758400
6601,6759424
6602,6760448
6603,6761472
6604,6762496
6605,6763520
6606,6764544
6607,6765568
6608,6766592
6609,6767616
6610,6768640
6611,6769664
6612,6770688
6613,6771712
6614,6772736
6615,6773760
6616,6774784
6617,6775808
6618,6776832
6619,6777856
6620,6778880
6621,6779904
6622,6780928
6623,6781952
6624,6782976
6625,6784000
6626,6785024
6627,6786048
6628,6787072
6629,6788096
6630,6789120
6631,6790144
6632,6791168
6633,6792192
6634,6793216
6635,6794240
6636,6795264
6637,6796288
6638,6797312
6639,6798336
6640,6799360
6641,6800384
6642,6801408
6643,6802432
6644,6803456
6645,6804480
6646,6805504
6647,6806528
6648,6807552
6649,6808576
6650,6809600
6651,6810624
6652,6811648
6653,6812672
6654,6813696
6655,6814720
6656,6815744
6657,6816768
6658,6817792
6659,6818816
6660,6819840
6661,6820864
6662,6821888
6663,6822912
6664,6823936
6665,6824960
6666,6825984
6667,6827008
6668,6828032
6669,6829056
6670,6830080
6671,6831104
6672,6832128
6673,6833152
6674,6834176
6675,6835200
6676,6836224
6677,6837248
6678,6838272
6679,6839296
6680,6840320
6681,6841344
6682,6842368
6683,6843392
6684,6844416
6685,6845440
6686,6846464
6687,6847488
6688,6848512
6689,6849536
6690,6850560
6691,6851584
6692,6852608
6693,6853632
6694,6854656
6695,6855680
6696,6856704
6697,6857728
6698,6858752
6699,6859776
6700,6860800
6701,6861824
6702,6862848
6703,6863872
6704,6864896
6705,6865920
6706,6866944
6707,6867968
6708,6868992
6709,6870016
6710,6871040
6711,6872064
6712,6873088
6713,6874112
6714,6875136
6715,6876160
6716,6877184
6717,6878208
6718,6879232
6719,6880256
6720,6881280
6721,6882304
6722,6883328
6723,6884352
6724,6885376
6725,6886400
6726,6887424
6727,6888448
6728,6889472
6729,6890496
6730,6891520
6731,6892544
6732,6893568
6733,6894592
6734,6895616
6735,6896640
6736,6897664
6737,6898688
6738,6899712
6739,6900736
6740,6901760
6741,6902784
6742,6903808
6743,6904832
6744,6905856
6745,6906880
6746,6907904
6747,6908928
6748,6909952
6749,6910976
6750,6912000
6751,6913024
6752,6914048
6753,6915072
6754,6916096
6755,6917120
6756,6918144
6757,6919168
6758,6920192
6759,6921216
6760,6922240
6761,6923264
6762,6924288
6763,6925312
6764,6926336
6765,6927360
6766,6928384
6767,6929408
6768,6930432
6769,6931456
6770,6932480
6771,6933504
6772,6934528
6773,6935552
6774,6936576
6775,6937600
6776,6938624
6777,6939648
6778,6940672
6779,6941696
6780,6942720
6781,6943744
6782,6944768
6783,6945792
6784,6946816
6785,6947840
6786,6948864
6787,6949888
6788,6950912
6789,6951936
6790,6952960
6791,6953984
6792,6955008
6793,6956032
6794,6957056
6795,6958080
6796,6959104
6797,6960128
6798,6961152
6799,6962176
6800,6963200
6801,6964224
6802,6965248
6803,6966272
6804,6967296
6805,6968320
6806,6969344
6807,6970368
6808,6971392
6809,6972416
6810,6973440
6811,6974464
6812,6975488
6813,6976512
6814,6977536
6815,6978560
6816,6979584
6817,6980608
6818,6981632
6819,6982656
6820,6983680
6821,6984704
6822,6985728
6823,6986752
6824,6987776
6825,6988800
6826,6989824
6827,6990848
6828,6991872
6829,6992896
6830,6993920
6831,6994944
6832,6995968
6833,6996992
6834,6998016
6835,6999040
6836,7000064
6837,7001088
6838,7002112
6839,7003136
6840,7004160
6841,7005184
6842,7006208
6843,7007232
6844,7008256
6845,7009280
6846,7010304
6847,7011328
6848,7012352
6849,7013376
6850,7014400
6851,7015424
6852,7016448
6853,7017472
6854,7018496
6855,7019520
6856,7020544
6857,7021568
6858,7022592
6859,7023616
6860,7024640
6861,7025664
6862,7026688
6863,7027712
6864,7028736
6865,7029760
6866,7030784
6867,7031808
6868,7032832
6869,7033856
6870,7034880
6871,7035904
6872,7036928
6873,7037952
6874,7038976
6875,7040000
6876,7041024
6877,7042048
6878,7043072
6879,7044096
6880,7045120
6881,7046144
6882,7047168
6883,7048192
6884,7049216
6885,7050240
6886,7051264
6887,7052288
6888,7053312
6889,7054336
6890,7055360
6891,7056384
6892,7057408
6893,7058432
6894,7059456
6895,7060480
6896,7061504
6897,7062528
6898,7063552
6899,7064576
6900,7065600
6901,7066624
6902,7067648
6903,7068672
6904,7069696
6905,7070720
6906,7071744
6907,7072768
6908,7073792
6909,7074816
6910,7075840
6911,7076864
6912,7077888
6913,7078912
6914,7079936
6915,7080960
6916,7081984
6917,7083008
6918,7084032
6919,7085056
6920,7086080
6921,7087104
6922,7088128
6923,7089152
6924,7090176
6925,7091200
6926,7092224
6927,7093248
6928,7094272
6929,7095296
6930,7096320
6931,7097344
6932,7098368
6933,7099392
6934,7100416
6935,7101440
6936,7102464
6937,7103488
6938,7104512
6939,7105536
6940,7106560
6941,7107584
6942,7108608
6943,7109632
6944,7110656
6945,7111680
6946,7112704
6947,7113728
6948,7114752
6949,7115776
6950,7116800
6951,7117824
6952,7118848
6953,7119872
6954,7120896
6955,7121920
6956,7122944
6957,7123968
6958,7124992
6959,7126016
6960,7127040
6961,7128064
6962,7129088
6963,7130112
6964,7131136
6965,7132160
6966,7133184
6967,7134208
6968,7135232
6969,7136256
6970,7137280
6971,7138304
6972,7139328
6973,7140352
6974,7141376
6975,7142400
6976,7143424
6977,7144448
6978,7145472
6979,7146496
6980,7147520
6981,7148544
6982,7149568
6983,7150592
6984,7151616
6985,7152640
6986,7153664
6987,7154688
6988,7155712
6989,7156736
6990,7157760
6991,7158784
6992,7159808
6993,7160832
6994,7161856
6995,7162880
6996,7163904
6997,7164928
6998,7165952
6999,7166976
7000,7168000
7001,7169024
7002,7170048
7003,7171072
7004,7172096
7005,7173120
7006,7174144
7007,7175168
7008,7176192
7009,7177216
7010,7178240
7011,7179264
7012,7180288
7013,7181312
7014,7182336
7015,7183360
7016,7184384
7017,7185408
7018,7186432
7019,7187456
7020,7188480
7021,7189504
7022,7190528
7023,7191552
7024,7192576
7025,7193600
7026,7194624
7027,7195648
7028,7196672
7029,7197696
7030,7198720
7031,7199744
7032,7200768
7033,7201792
7034,7202816
7035,7203840
7036,7204864
7037,7205888
7038,7206912
7039,7207936
7040,7208960
7041,7209984
7042,7211008
7043,7212032
7044,7213056
7045,7214080
7046,7215104
7047,7216128
7048,7217152
7049,7218176
7050,7219200
7051,7220224
7052,7221248
7053,7222272
7054,7223296
7055,7224320
7056,7225344
7057,7226368
7058,7227392
7059,7228416
7060,7229440
7061,7230464
7062,7231488
7063,7232512
7064,7233536
7065,7234560
7066,7235584
7067,7236608
7068,7237632
7069,7238656
7070,7239680
7071,7240704
7072,7241728
7073,7242752
7074,7243776
7075,7244800
7076,7245824
7077,7246848
7078,7247872
7079,7248896
7080,7249920
7081,7250944
7082,7251968
7083,7252992
7084,7254016
7085,7255040
7086,7256064
7087,7257088
7088,7258112
7089,7259136
7090,7260160
7091,7261184
7092,7262208
7093,7263232
7094,7264256
7095,7265280
7096,7266304
7097,7267328
7098,7268352
7099,7269376
7100,7270400
7101,7271424
7102,7272448
7103,7273472
7104,7274496
7105,7275520
7106,7276544
7107,7277568
7108,7278592
7109,7279616
7110,7280640
7111,7281664
7112,7282688
7113,7283712
7114,7284736
7115,7285760
7116,7286784
7117,7287808
7118,7288832
7119,7289856
7120,7290880
7121,7291904
7122,7292928
7123,7293952
7124,7294976
7125,7296000
7126,7297024
7127,7298048
7128,7299072
7129,7300096
7130,7301120
7131,7302144
7132,7303168
7133,7304192
7134,7305216
7135,7306240
7136,7307264
7137,7308288
7138,7309312
7139,7310336
7140,7311360
7141,7312384
7142,7313408
7143,7314432
7144,7315456
7145,7316480
7146,7317504
7147,7318528
7148,7319552
7149,7320576
7150,7321600
7151,7322624
7152,7323648
7153,7324672
7154,7325696
7155,7326720
7156,7327744
7157,7328768
7158,7329792
7159,7330816
7160,7331840
7161,7332864
7162,7333888
7163,7334912
7164,7335936
7165,7336960
7166,7337984
7167,7339008
7168,7340032
7169,7341056
7170,7342080
7171,7343104
7172,7344128
7173,7345152
7174,7346176
7175,7347200
7176,7348224
7177,7349248
7178,7350272
7179,7351296
7180,7352320
7181,7353344
7182,7354368
7183,7355392
7184,7356416
7185,7357440
7186,7358464
7187,7359488
7188,7360512
7189,7361536
7190,7362560
7191,7363584
7192,7364608
7193,7365632
7194,7366656
7195,7367680
7196,7368704
7197,7369728
7198,7370752
7199,7371776
7200,7372800
7201,7373824
7202,7374848
7203,7375872
7204,7376896
7205,7377920
7206,7378944
7207,7379968
7208,7380992
7209,7382016
7210,7383040
7211,7384064
7212,7385088
7213,7386112
7214,7387136
7215,7388160
7216,7389184
7217,7390208
7218,7391232
7219,7392256
7220,7393280
7221,7394304
7222,7395328
7223,7396352
7224,7397376
7225,7398400
7226,7399424
7227,7400448
7228,7401472
7229,7402496
7230,7403520
7231,7404544
7232,7405568
7233,7406592
7234,7407616
7235,7408640
7236,7409664
7237,7410688
7238,7411712
7239,7412736
7240,7413760
7241,7414784
7242,7415808
7243,7416832
7244,7417856
7245,7418880
7246,7419904
7247,7420928
7248,7421952
7249,7422976
7250,7424000
7251,7425024
7252,7426048
7253,7427072
7254,7428096
7255,7429120
7256,7430144
7257,7431168
7258,7432192
7259,7433216
7260,7434240
7261,7435264
7262,7436288
7263,7437312
7264,7438336
7265,7439360
7266,7440384
7267,7441408
7268,7442432
7269,7443456
7270,7444480
7271,7445504
7272,7446528
7273,7447552
7274,7448576
7275,7449600
7276,7450624
7277,7451648
7278,7452672
7279,7453696
7280,7454720
7281,7455744
7282,7456768
7283,7457792
7284,7458816
7285,7459840
7286,7460864
7287,7461888
7288,7462912
7289,7463936
7290,7464960
7291,7465984
7292,7467008
7293,7468032
7294,7469056
7295,7470080
7296,7471104
7297,7472128
7298,7473152
7299,7474176
7300,7475200
7301,7476224
7302,7477248
7303,7478272
7304,7479296
7305,7480320
7306,7481344
7307,7482368
7308,7483392
7309,7484416
7310,7485440
7311,7486464
7312,7487488
7313,7488512
7314,7489536
7315,7490560
7316,7491584
7317,7492608
7318,7493632
7319,7494656
7320,7495680
7321,7496704
7322,7497728
7323,7498752
7324,7499776
7325,7500800
7326,7501824
7327,7502848
7328,7503872
7329,7504896
7330,7505920
7331,7506944
7332,7507968
7333,7508992
7334,7510016
7335,7511040
7336,7512064
7337,7513088
7338,7514112
7339,7515136
7340,7516160
7341,7517184
7342,7518208
7343,7519232
7344,7520256
7345,7521280
7346,7522304
7347,7523328
7348,7524352
7349,7525376
7350,7526400
7351,7527424
7352,7528448
7353,7529472
7354,7530496
7355,7531520
7356,7532544
7357,7533568
7358,7534592
7359,7535616
7360,7536640
7361,7537664
7362,7538688
7363,7539712
7364,7540736
7365,7541760
7366,7542784
7367,7544832
7368,7546880
7369,7548928
7370,7550976
7371,7553024
7372,7555072
7373,7557120
7374,7559168
7375,7561216
7376,7563264
7377,7565312
7378,7567360
7379,7569408
7380,7571456
7381,7573504
7382,7575552
7383,7577600
7384,7579648
7385,7581696
7386,7583744
7387,7585792
7388,7587840
7389,7589888
7390,7591936
7391,7593984
7392,7596032
7393,7598080
7394,7600128
7395,7602176
7396,7604224
7397,7606272
7398,7608320
7399,7610368
7400,7612416
7401,7614464
7402,7616512
7403,7618560
7404,7620608
7405,7622656
7406,7624704
7407,7626752
7408,7628800
7409,7630848
7410,7632896
7411,7634944
7412,7636992
7413,7639040
7414,7641088
7415,7643136
7416,7645184
7417,7647232
7418,7649280
7419,7651328
7420,7653376
7421,7655424
7422,7657472
7423,7659520
7424,7661568
7425,7663616
7426,7665664
7427,7667712
7428,7669760
7429,7671808
7430,7673856
7431,7675904
7432,7677952
7433,7680000
7434,7682048
7435,7684096
7436,7686144
7437,7688192
7438,7690240
7439,7692288
7440,7694336
7441,7696384
7442,7698432
7443,7700480
7444,7702528
7445,7704576
7446,7706624
7447,7708672
7448,7710720
7449,7712768
7450,7714816
7451,7716864
7452,7718912
7453,7720960
7454,7723008
7455,7725056
7456,7727104
7457,7729152
7458,7731200
7459,7733248
7460,7735296
7461,7737344
7462,7739392
7463,7741440
7464,7743488
7465,7745536
7466,7747584
7467,7749632
7468,7751680
7469,7753728
7470,7755776
7471,7757824
7472,7759872
7473,7761920
7474,7763968
7475,7766016
7476,7768064
7477,7770112
7478,7772160
7479,7774208
7480,7776256
7481,7778304
7482,7780352
7483,7782400
7484,7784448
7485,7786496
7486,7788544
7487,7790592
7488,7792640
7489,7794688
7490,7796736
7491,7798784
7492,7800832
7493,7802880
7494,7804928
7495,7806976
7496,7809024
7497,7811072
7498,7813120
7499,7815168
7500,7817216
7501,7819264
7502,7821312
7503,7823360
7504,7825408
7505,7827456
7506,7829504
7507,7831552
7508,7833600
7509,7835648
7510,7837696
7511,7839744
7512,7841792
7513,7843840
7514,7845888
7515,7847936
7516,7849984
7517,7852032
7518,7854080
7519,7856128
7520,7858176
7521,7860224
7522,7862272
7523,7864320
7524,7866368
7525,7868416
7526,7870464
7527,7872512
7528,7874560
7529,7876608
7530,7878656
7531,7880704
7532,7882752
7533,7884800
7534,7886848
7535,7888896
7536,7890944
7537,7892992
7538,7895040
7539,7897088
7540,7899136
7541,7901184
7542,7903232
7543,7905280
7544,7907328
7545,7909376
7546,7911424
7547,7913472
7548,7915520
7549,7917568
7550,7919616
7551,7921664
7552,7923712
7553,7925760
7554,7927808
7555,7929856
7556,7931904
7557,7933952
7558,7936000
7559,7938048
7560,7940096
7561,7942144
7562,7944192
7563,7946240
7564,7948288
7565,7950336
7566,7952384
7567,7954432
7568,7956480
7569,7958528
7570,7960576
7571,7962624
7572,7964672
7573,7966720
7574,7968768
7575,7970816
7576,7972864
7577,7974912
7578,7976960
7579,7979008
7580,7981056
7581,7983104
7582,7985152
7583,7987200
7584,7989248
7585,7991296
7586,7993344
7587,7995392
7588,7997440
7589,7999488
7590,8001536
7591,8003584
7592,8005632
7593,8007680
7594,8009728
7595,8011776
7596,8013824
7597,8015872
7598,8017920
7599,8019968
7600,8022016
7601,8024064
7602,8026112
7603,8028160
7604,8030208
7605,8032256
7606,8034304
7607,8036352
7608,8038400
7609,8040448
7610,8042496
7611,8044544
7612,8046592
7613,8048640
7614,8050688
7615,8052736
7616,8054784
7617,8056832
7618,8058880
7619,8060928
7620,8062976
7621,8065024
7622,8067072
7623,8069120
7624,8071168
7625,8073216
7626,8075264
7627,8077312
7628,8079360
7629,8081408
7630,8083456
7631,8085504
7632,8087552
7633,8089600
7634,8091648
7635,8093696
7636,8095744
7637,8097792
7638,8099840
7639,8101888
7640,8103936
7641,8105984
7642,8108032
7643,8110080
7644,8112128
7645,8114176
7646,8116224
7647,8118272
7648,8120320
7649,8122368
7650,8124416
7651,8126464
7652,8128512
7653,8130560
7654,8132608
7655,8134656
7656,8136704
7657,8138752
7658,8140800
7659,8142848
7660,8144896
7661,8146944
7662,8148992
7663,8151040
7664,8153088
7665,8155136
7666,8157184
7667,8159232
7668,8161280
7669,8163328
7670,8165376
7671,8167424
7672,8169472
7673,8171520
7674,8173568
7675,8175616
7676,8177664
7677,8179712
7678,8181760
7679,8183808
7680,8185856
7681,8187904
7682,8189952
7683,8192000
7684,8194048
7685,8196096
7686,8198144
7687,8200192
7688,8202240
7689,8204288
7690,8206336
7691,8208384
7692,8210432
7693,8212480
7694,8214528
7695,8216576
7696,8218624
7697,8220672
7698,8222720
7699,8224768
7700,8226816
7701,8228864
7702,8230912
7703,8232960
7704,8235008
7705,8237056
7706,8239104
7707,8241152
7708,8243200
7709,8245248
7710,8247296
7711,8249344
7712,8251392
7713,8253440
7714,8255488
7715,8257536
7716,8259584
7717,8261632
7718,8263680
7719,8265728
7720,8267776
7721,8269824
7722,8271872
7723,8273920
7724,8275968
7725,8278016
7726,8280064
7727,8282112
7728,8284160
7729,8286208
7730,8288256
7731,8290304
7732,8292352
7733,8294400
7734,8296448
7735,8298496
7736,8300544
7737,8302592
7738,8304640
7739,8306688
7740,8308736
7741,8310784
7742,8312832
7743,8314880
7744,8316928
7745,8318976
7746,8321024
7747,8323072
7748,8325120
7749,8327168
7750,8329216
7751,8331264
7752,8333312
7753,8335360
7754,8337408
7755,8339456
7756,8341504
7757,8343552
7758,8345600
7759,8347648
7760,8349696
7761,8351744
7762,8353792
7763,8355840
7764,8357888
7765,8359936
7766,8361984
7767,8364032
7768,8366080
7769,8368128
7770,8370176
7771,8372224
7772,8374272
7773,8376320
7774,8378368
7775,8380416
7776,8382464
7777,8384512
7778,8386560
7779,8388608
7780,8390656
7781,8392704
7782,8394752
7783,8396800
7784,8398848
7785,8400896
7786,8402944
7787,8404992
7788,8407040
7789,8409088
7790,8411136
7791,8413184
7792,8415232
7793,8417280
7794,8419328
7795,8421376
7796,8423424
7797,8425472
7798,8427520
7799,8429568
7800,8431616
7801,8433664
7802,8435712
7803,8437760
7804,8439808
7805,8441856
7806,8443904
7807,8445952
7808,8448000
7809,8450048
7810,8452096
7811,8454144
7812,8456192
7813,8458240
7814,8460288
7815,8462336
7816,8464384
7817,8466432
7818,8468480
7819,8470528
7820,8472576
7821,8474624
7822,8476672
7823,8478720
7824,8480768
7825,8482816
7826,8484864
7827,8486912
7828,8488960
7829,8491008
7830,8493056
7831,8495104
7832,8497152
7833,8499200
7834,8501248
7835,8503296
7836,8505344
7837,8507392
7838,8509440
7839,8511488
7840,8513536
7841,8515584
7842,8517632
7843,8519680
7844,8521728
7845,8523776
7846,8525824
7847,8527872
7848,8529920
7849,8531968
7850,8534016
7851,8536064
7852,8538112
7853,8540160
7854,8542208
7855,8544256
7856,8546304
7857,8548352
7858,8550400
7859,8552448
7860,8554496
7861,8556544
7862,8558592
7863,8560640
7864,8562688
7865,8564736
7866,8566784
7867,8568832
7868,8570880
7869,8572928
7870,8574976
7871,8577024
7872,8579072
7873,8581120
7874,8583168
7875,8585216
7876,8587264
7877,8589312
7878,8591360
7879,8593408
7880,8595456
7881,8597504
7882,8599552
7883,8601600
7884,8603648
7885,8605696
7886,8607744
7887,8609792
7888,8611840
7889,8613888
7890,8615936
7891,8617984
7892,8620032
7893,8622080
7894,8624128
7895,8626176
7896,8628224
7897,8630272
7898,8632320
7899,8634368
7900,8636416
7901,8638464
7902,8640512
7903,8642560
7904,8644608
7905,8646656
7906,8648704
7907,8650752
7908,8652800
7909,8654848
7910,8656896
7911,8658944
7912,8660992
7913,8663040
7914,8665088
7915,8667136
7916,8669184
7917,8671232
7918,8673280
7919,8675328
7920,8677376
7921,8679424
7922,8681472
7923,8683520
7924,8685568
7925,8687616
7926,8689664
7927,8691712
7928,8693760
7929,8695808
7930,8697856
7931,8699904
7932,8701952
7933,8704000
7934,8706048
7935,8708096
7936,8710144
7937,8712192
7938,8714240
7939,8716288
7940,8718336
7941,8720384
7942,8722432
7943,8724480
7944,8726528
7945,8728576
7946,8730624
7947,8732672
7948,8734720
7949,8736768
7950,8738816
7951,8740864
7952,8742912
7953,8744960
7954,8747008
7955,8749056
7956,8751104
7957,8753152
7958,8755200
7959,8757248
7960,8759296
7961,8761344
7962,8763392
7963,8765440
7964,8767488
7965,8769536
7966,8771584
7967,8773632
7968,8775680
7969,8777728
7970,8779776
7971,8781824
7972,8783872
7973,8785920
7974,8787968
7975,8790016
7976,8792064
7977,8794112
7978,8796160
7979,8798208
7980,8800256
7981,8802304
7982,8804352
7983,8806400
7984,8808448
7985,8810496
7986,8812544
7987,8814592
7988,8816640
7989,8818688
7990,8820736
7991,8822784
7992,8824832
7993,8826880
7994,8828928
7995,8830976
7996,8833024
7997,8835072
7998,8837120
7999,8839168
8000,8841216
8001,8843264
8002,8845312
8003,8847360
8004,8849408
8005,8851456
8006,8853504
8007,8855552
8008,8857600
8009,8859648
8010,8861696
8011,8863744
8012,8865792
8013,8867840
8014,8869888
8015,8871936
8016,8873984
8017,8876032
8018,8878080
8019,8880128
8020,8882176
8021,8884224
8022,8886272
8023,8888320
8024,8890368
8025,8892416
8026,8894464
8027,8896512
8028,8898560
8029,8900608
8030,8902656
8031,8904704
8032,8906752
8033,8908800
8034,8910848
8035,8912896
8036,8914944
8037,8916992
8038,8919040
8039,8921088
8040,8923136
8041,8925184
8042,8927232
8043,8929280
8044,8931328
8045,8933376
8046,8935424
8047,8937472
8048,8939520
8049,8941568
8050,8943616
8051,8945664
8052,8947712
8053,8949760
8054,8951808
8055,8953856
8056,8955904
8057,8957952
8058,8960000
8059,8962048
8060,8964096
8061,8966144
8062,8968192
8063,8970240
8064,8972288
8065,8974336
8066,8976384
8067,8978432
8068,8980480
8069,8982528
8070,8984576
8071,8986624
8072,8988672
8073,8990720
8074,8992768
8075,8994816
8076,8996864
8077,8998912
8078,9000960
8079,9003008
8080,9005056
8081,9007104
8082,9009152
8083,9011200
8084,9013248
8085,9015296
8086,9017344
8087,9019392
8088,9021440
8089,9023488
8090,9025536
8091,9027584
8092,9029632
8093,9031680
8094,9033728
8095,9035776
8096,9037824
8097,9039872
8098,9041920
8099,9043968
8100,9046016
8101,9048064
8102,9050112
8103,9052160
8104,9054208
8105,9056256
8106,9058304
8107,9060352
8108,9062400
8109,9064448
8110,9066496
8111,9068544
8112,9070592
8113,9072640
8114,9074688
8115,9076736
8116,9078784
8117,9080832
8118,9082880
8119,9084928
8120,9086976
8121,9089024
8122,9091072
8123,9093120
8124,9095168
8125,9097216
8126,9099264
8127,9101312
8128,9103360
8129,9105408
8130,9107456
8131,9109504
8132,9111552
8133,9113600
8134,9115648
8135,9117696
8136,9119744
8137,9121792
8138,9123840
8139,9125888
8140,9127936
8141,9129984
8142,9132032
8143,9134080
8144,9136128
8145,9138176
8146,9140224
8147,9142272
8148,9144320
8149,9146368
8150,9148416
8151,9150464
8152,9152512
8153,9154560
8154,9156608
8155,9158656
8156,9160704
8157,9162752
8158,9164800
8159,9166848
8160,9168896
8161,9170944
8162,9172992
8163,9175040
8164,9177088
8165,9179136
8166,9181184
8167,9183232
8168,9185280
8169,9187328
8170,9189376
8171,9191424
8172,9193472
8173,9195520
8174,9197568
8175,9199616
8176,9201664
8177,9203712
8178,9205760
8179,9207808
8180,9209856
8181,9211904
8182,9213952
8183,9216000
8184,9218048
8185,9220096
8186,9222144
8187,9224192
8188,9226240
8189,9228288
8190,9230336
8191,9232384
8192,9234432
8193,9236480
8194,9238528
8195,9240576
8196,9242624
8197,9244672
8198,9246720
8199,9248768
8200,9250816
8201,9252864
8202,9254912
8203,9256960
8204,9259008
8205,9261056
8206,9263104
8207,9265152
8208,9267200
8209,9269248
8210,9271296
8211,9273344
8212,9275392
8213,9277440
8214,9279488
8215,9281536
8216,9283584
8217,9285632
8218,9287680
8219,9289728
8220,9291776
8221,9293824
8222,9295872
8223,9297920
8224,9299968
8225,9302016
8226,9304064
8227,9306112
8228,9308160
8229,9310208
8230,9312256
8231,9314304
8232,9316352
8233,9318400
8234,9320448
8235,9322496
8236,9324544
8237,9326592
8238,9328640
8239,9330688
8240,9332736
8241,9334784
8242,9336832
8243,9338880
8244,9340928
8245,9342976
8246,9345024
8247,9347072
8248,9349120
8249,9351168
8250,9353216
8251,9355264
8252,9357312
8253,9359360
8254,9361408
8255,9363456
8256,9365504
8257,9367552
8258,9369600
8259,9371648
8260,9373696
8261,9375744
8262,9377792
8263,9379840
8264,9381888
8265,9383936
8266,9385984
8267,9388032
8268,9390080
8269,9392128
8270,9394176
8271,9396224
8272,9398272
8273,9400320
8274,9402368
8275,9404416
8276,9406464
8277,9408512
8278,9410560
8279,9412608
8280,9414656
8281,9416704
8282,9418752
8283,9420800
8284,9422848
8285,9424896
8286,9426944
8287,9428992
8288,9431040
8289,9433088
8290,9435136
8291,9437184
8292,9439232
8293,9441280
8294,9443328
8295,9445376
8296,9447424
8297,9449472
8298,9451520
8299,9453568
8300,9455616
8301,9457664
8302,9459712
8303,9461760
8304,9463808
8305,9465856
8306,9467904
8307,9469952
8308,9472000
8309,9474048
8310,9476096
8311,9478144
8312,9480192
8313,9482240
8314,9484288
8315,9486336
8316,9488384
8317,9490432
8318,9492480
8319,9494528
8320,9496576
8321,9498624
8322,9500672
8323,9502720
8324,9504768
8325,9506816
8326,9508864
8327,9510912
8328,9512960
8329,9515008
8330,9517056
8331,9519104
8332,9521152
8333,9523200
8334,9525248
8335,9527296
8336,9529344
8337,9531392
8338,9533440
8339,9535488
8340,9537536
8341,9539584
8342,9541632
8343,9543680
8344,9545728
8345,9547776
8346,9549824
8347,9551872
8348,9553920
8349,9555968
8350,9558016
8351,9560064
8352,9562112
8353,9564160
8354,9566208
8355,9568256
8356,9570304
8357,9572352
8358,9574400
8359,9576448
8360,9578496
8361,9580544
8362,9582592
8363,9584640
8364,9586688
8365,9588736
8366,9590784
8367,9592832
8368,9594880
8369,9596928
8370,9598976
8371,9601024
8372,9603072
8373,9605120
8374,9607168
8375,9609216
8376,9611264
8377,9613312
8378,9615360
8379,9617408
8380,9619456
8381,9621504
8382,9623552
8383,9625600
8384,9627648
8385,9629696
8386,9631744
8387,9633792
8388,9635840
8389,9637888
8390,9639936
8391,9641984
8392,9644032
8393,9646080
8394,9648128
8395,9650176
8396,9652224
8397,9654272
8398,9656320
8399,9658368
8400,9660416
8401,9662464
8402,9664512
8403,9666560
8404,9668608
8405,9670656
8406,9672704
8407,9674752
8408,9676800
8409,9678848
8410,9680896
8411,9682944
8412,9684992
8413,9687040
8414,9689088
8415,9691136
8416,9693184
8417,9695232
8418,9697280
8419,9699328
8420,9701376
8421,9703424
8422,9705472
8423,9707520
8424,9709568
8425,9711616
8426,9713664
8427,9715712
8428,9717760
8429,9719808
8430,9721856
8431,9723904
8432,9725952
8433,9728000
8434,9730048
8435,9732096
8436,9734144
8437,9736192
8438,9738240
8439,9740288
8440,9742336
8441,9744384
8442,9746432
8443,9748480
8444,9750528
8445,9752576
8446,9754624
8447,9756672
8448,9758720
8449,9760768
8450,9762816
8451,9764864
8452,9766912
8453,9768960
8454,9771008
8455,9773056
8456,9775104
8457,9777152
8458,9779200
8459,9781248
8460,9783296
8461,9785344
8462,9787392
8463,9789440
8464,9791488
8465,9793536
8466,9795584
8467,9797632
8468,9799680
8469,9801728
8470,9803776
8471,9805824
8472,9807872
8473,9809920
8474,9811968
8475,9814016
8476,9816064
8477,9818112
8478,9820160
8479,9822208
8480,9824256
8481,9826304
8482,9828352
8483,9830400
8484,9832448
8485,9834496
8486,9836544
8487,9838592
8488,9840640
8489,9842688
8490,9844736
8491,9846784
8492,9848832
8493,9850880
8494,9852928
8495,9854976
8496,9857024
8497,9859072
8498,9861120
8499,9863168
8500,9865216
8501,9867264
8502,9869312
8503,9871360
8504,9873408
8505,9875456
8506,9877504
8507,9879552
8508,9881600
8509,9883648
8510,9885696
8511,9887744
8512,9889792
8513,9891840
8514,9893888
8515,9895936
8516,9897984
8517,9900032
8518,9902080
8519,9904128
8520,9906176
8521,9908224
8522,9910272
8523,9912320
8524,9914368
8525,9916416
8526,9918464
8527,9920512
8528,9922560
8529,9924608
8530,9926656
8531,9928704
8532,9930752
8533,9932800
8534,9934848
8535,9936896
8536,9938944
8537,9940992
8538,9943040
8539,9945088
8540,9947136
8541,9949184
8542,9951232
8543,9953280
8544,9955328
8545,9957376
8546,9959424
8547,9961472
8548,9963520
8549,9965568
8550,9967616
8551,9969664
8552,9971712
8553,9973760
8554,9975808
8555,9977856
8556,9979904
8557,9981952
8558,9984000
8559,9986048
8560,9988096
8561,9990144
8562,9992192
8563,9994240
8564,9996288
8565,9998336
8566,10000384
8567,10002432
8568,10004480
8569,10006528
8570,10008576
8571,10010624
8572,10012672
8573,10014720
8574,10016768
8575,10018816
8576,10020864
8577,10022912
8578,10024960
8579,10027008
8580,10029056
8581,10031104
8582,10033152
8583,10035200
8584,10037248
8585,10039296
8586,10041344
8587,10043392
8588,10045440
8589,10047488
8590,10049536
8591,10051584
8592,10053632
8593,10055680
8594,10057728
8595,10059776
8596,10061824
8597,10063872
8598,10065920
8599,10067968
8600,10070016
8601,10072064
8602,10074112
8603,10076160
8604,10078208
8605,10080256
8606,10082304
8607,10084352
8608,10086400
8609,10088448
8610,10090496
8611,10092544
8612,10094592
8613,10096640
8614,10098688
8615,10100736
8616,10102784
8617,10104832
8618,10106880
8619,10108928
8620,10110976
8621,10113024
8622,10115072
8623,10117120
8624,10119168
8625,10121216
8626,10123264
8627,10125312
8628,10127360
8629,10129408
8630,10131456
8631,10133504
8632,10135552
8633,10137600
8634,10139648
8635,10141696
8636,10143744
8637,10145792
8638,10147840
8639,10149888
8640,10151936
8641,10153984
8642,10156032
8643,10158080
8644,10160128
8645,10162176
8646,10164224
8647,10166272
8648,10168320
8649,10170368
8650,10172416
8651,10174464
8652,10176512
8653,10178560
8654,10180608
8655,10182656
8656,10184704
8657,10186752
8658,10188800
8659,10190848
8660,10192896
8661,10194944
8662,10196992
8663,10199040
8664,10201088
8665,10203136
8666,10205184
8667,10207232
8668,10209280
8669,10211328
8670,10213376
8671,10215424
8672,10217472
8673,10219520
8674,10221568
8675,10223616
8676,10225664
8677,10227712
8678,10229760
8679,10231808
8680,10233856
8681,10235904
8682,10237952
8683,10240000
8684,10242048
8685,10244096
8686,10246144
8687,10248192
8688,10250240
8689,10252288
8690,10254336
8691,10256384
8692,10258432
8693,10260480
8694,10262528
8695,10264576
8696,10266624
8697,10268672
8698,10270720
8699,10272768
8700,10274816
8701,10276864
8702,10278912
8703,10280960
8704,10283008
8705,10285056
8706,10287104
8707,10289152
8708,10291200
8709,10293248
8710,10295296
8711,10297344
8712,10299392
8713,10301440
8714,10303488
8715,10305536
8716,10307584
8717,10309632
8718,10311680
8719,10313728
8720,10315776
8721,10317824
8722,10319872
8723,10321920
8724,10323968
8725,10326016
8726,10328064
8727,10330112
8728,10332160
8729,10334208
8730,10336256
8731,10338304
8732,10340352
8733,10342400
8734,10344448
8735,10346496
8736,10348544
8737,10350592
8738,10352640
8739,10354688
8740,10356736
8741,10358784
8742,10360832
8743,10362880
8744,10364928
8745,10366976
8746,10369024
8747,10371072
8748,10373120
8749,10375168
8750,10377216
8751,10379264
8752,10381312
8753,10383360
8754,10385408
8755,10387456
8756,10389504
8757,10391552
8758,10393600
8759,10395648
8760,10397696
8761,10399744
8762,10401792
8763,10403840
8764,10405888
8765,10407936
8766,10409984
8767,10412032
8768,10414080
8769,10416128
8770,10418176
8771,10420224
8772,10422272
8773,10424320
8774,10426368
8775,10428416
8776,10430464
8777,10432512
8778,10434560
8779,10436608
8780,10438656
8781,10440704
8782,10442752
8783,10444800
8784,10446848
8785,10448896
8786,10450944
8787,10452992
8788,10455040
8789,10457088
8790,10459136
8791,10461184
8792,10463232
8793,10465280
8794,10467328
8795,10469376
8796,10471424
8797,10473472
8798,10475520
8799,10477568
8800,10479616
8801,10481664
8802,10483712
8803,10485760
8804,10487808
8805,10489856
8806,10491904
8807,10493952
8808,10496000
8809,10498048
8810,10500096
8811,10502144
8812,10504192
8813,10506240
8814,10508288
8815,10510336
8816,10512384
8817,10514432
8818,10516480
8819,10518528
8820,10520576
8821,10522624
8822,10524672
8823,10526720
8824,10528768
8825,10530816
8826,10532864
8827,10534912
8828,10536960
8829,10539008
8830,10541056
8831,10543104
8832,10545152
8833,10547200
8834,10549248
8835,10551296
8836,10553344
8837,10555392
8838,10557440
8839,10559488
8840,10561536
8841,10563584
8842,10565632
8843,10567680
8844,10569728
8845,10571776
8846,10573824
8847,10575872
8848,10577920
8849,10579968
8850,10582016
8851,10584064
8852,10586112
8853,10588160
8854,10590208
8855,10592256
8856,10594304
8857,10596352
8858,10598400
8859,10600448
8860,10602496
8861,10604544
8862,10606592
8863,10608640
8864,10610688
8865,10612736
8866,10614784
8867,10616832
8868,10618880
8869,10620928
8870,10622976
8871,10625024
8872,10627072
8873,10629120
8874,10631168
8875,10633216
8876,10635264
8877,10637312
8878,10639360
8879,10641408
8880,10643456
8881,10645504
8882,10647552
8883,10649600
8884,10651648
8885,10653696
8886,10655744
8887,10657792
8888,10659840
8889,10661888
8890,10663936
8891,10665984
8892,10668032
8893,10670080
8894,10672128
8895,10674176
8896,10676224
8897,10678272
8898,10680320
8899,10682368
8900,10684416
8901,10686464
8902,10688512
8903,10690560
8904,10692608
8905,10694656
8906,10696704
8907,10698752
8908,10700800
8909,10702848
8910,10704896
8911,10706944
8912,10708992
8913,10711040
8914,10713088
8915,10715136
8916,10717184
8917,10719232
8918,10721280
8919,10723328
8920,10725376
8921,10727424
8922,10729472
8923,10731520
8924,10733568
8925,10735616
8926,10737664
8927,10739712
8928,10741760
8929,10743808
8930,10745856
8931,10747904
8932,10749952
8933,10752000
8934,10754048
8935,10756096
8936,10758144
8937,10760192
8938,10762240
8939,10764288
8940,10766336
8941,10768384
8942,10770432
8943,10772480
8944,10774528
8945,10776576
8946,10778624
8947,10780672
8948,10782720
8949,10784768
8950,10786816
8951,10788864
8952,10790912
8953,10792960
8954,10795008
8955,10797056
8956,10799104
8957,10801152
8958,10803200
8959,10805248
8960,10807296
8961,10809344
8962,10811392
8963,10813440
8964,10815488
8965,10817536
8966,10819584
8967,10821632
8968,10823680
8969,10825728
8970,10827776
8971,10829824
8972,10831872
8973,10833920
8974,10835968
8975,10838016
8976,10840064
8977,10842112
8978,10844160
8979,10846208
8980,10848256
8981,10850304
8982,10852352
8983,10854400
8984,10856448
8985,10858496
8986,10860544
8987,10862592
8988,10864640
8989,10866688
8990,10868736
8991,10870784
8992,10872832
8993,10874880
8994,10876928
8995,10878976
8996,10881024
8997,10883072
8998,10885120
8999,10887168
9000,10889216
9001,10891264
9002,10893312
9003,10895360
9004,10897408
9005,10899456
9006,10901504
9007,10903552
9008,10905600
9009,10907648
9010,10909696
9011,10911744
9012,10913792
9013,10915840
9014,10917888
9015,10919936
9016,10921984
9017,10924032
9018,10926080
9019,10928128
9020,10930176
9021,10932224
9022,10934272
9023,10936320
9024,10938368
9025,10940416
9026,10942464
9027,10944512
9028,10946560
9029,10948608
9030,10950656
9031,10952704
9032,10954752
9033,10956800
9034,10958848
9035,10960896
9036,10962944
9037,10964992
9038,10967040
9039,10969088
9040,10971136
9041,10973184
9042,10975232
9043,10977280
9044,10979328
9045,10981376
9046,10983424
9047,10985472
9048,10987520
9049,10989568
9050,10991616
9051,10993664
9052,10995712
9053,10997760
9054,10999808
9055,11001856
9056,11003904
9057,11005952
9058,11008000
9059,11010048
9060,11012096
9061,11014144
9062,11016192
9063,11018240
9064,11020288
9065,11022336
9066,11024384
9067,11026432
9068,11028480
9069,11030528
9070,11032576
9071,11034624
9072,11036672
9073,11038720
9074,11040768
9075,11042816
9076,11044864
9077,11046912
9078,11048960
9079,11051008
9080,11053056
9081,11055104
9082,11057152
9083,11059200
9084,11061248
9085,11063296
9086,11065344
9087,11067392
9088,11069440
9089,11071488
9090,11073536
9091,11075584
9092,11077632
9093,11079680
9094,11081728
9095,11083776
9096,11085824
9097,11087872
9098,11089920
9099,11091968
9100,11094016
9101,11096064
9102,11098112
9103,11100160
9104,11102208
9105,11104256
9106,11106304
9107,11108352
9108,11110400
9109,11112448
9110,11114496
9111,11116544
9112,11118592
9113,11120640
9114,11122688
9115,11124736
9116,11126784
9117,11128832
9118,11130880
9119,11132928
9120,11134976
9121,11137024
9122,11139072
9123,11141120
9124,11143168
9125,11145216
9126,11147264
9127,11149312
9128,11151360
9129,11153408
9130,11155456
9131,11157504
9132,11159552
9133,11161600
9134,11163648
9135,11165696
9136,11167744
9137,11169792
9138,11171840
9139,11173888
9140,11175936
9141,11177984
9142,11180032
9143,11182080
9144,11184128
9145,11186176
9146,11188224
9147,11190272
9148,11192320
9149,11194368
9150,11196416
9151,11198464
9152,11200512
9153,11202560
9154,11204608
9155,11206656
9156,11208704
9157,11210752
9158,11212800
9159,11214848
9160,11216896
9161,11218944
9162,11220992
9163,11223040
9164,11225088
9165,11227136
9166,11229184
9167,11231232
9168,11233280
9169,11235328
9170,11237376
9171,11239424
9172,11241472
9173,11243520
9174,11245568
9175,11247616
9176,11249664
9177,11251712
9178,11253760
9179,11255808
9180,11257856
9181,11259904
9182,11261952
9183,11264000
9184,11266048
9185,11268096
9186,11270144
9187,11272192
9188,11274240
9189,11276288
9190,11278336
9191,11280384
9192,11282432
9193,11284480
9194,11286528
9195,11288576
9196,11290624
9197,11292672
9198,11294720
9199,11296768
9200,11298816
9201,11300864
9202,11302912
9203,11304960
9204,11307008
9205,11309056
9206,11311104
9207,11313152
9208,11315200
9209,11317248
9210,11319296
9211,11321344
9212,11323392
9213,11325440
9214,11327488
9215,11329536
9216,11331584
9217,11333632
9218,11335680
9219,11337728
9220,11339776
9221,11341824
9222,11343872
9223,11345920
9224,11347968
9225,11350016
9226,11352064
9227,11354112
9228,11356160
9229,11358208
9230,11360256
9231,11362304
9232,11364352
9233,11366400
9234,11368448
9235,11370496
9236,11372544
9237,11374592
9238,11376640
9239,11378688
9240,11380736
9241,11382784
9242,11384832
9243,11386880
9244,11388928
9245,11390976
9246,11393024
9247,11395072
9248,11397120
9249,11399168
9250,11401216
9251,11403264
9252,11405312
9253,11407360
9254,11409408
9255,11411456
9256,11413504
9257,11415552
9258,11417600
9259,11419648
9260,11421696
9261,11423744
9262,11425792
9263,11427840
9264,11429888
9265,11431936
9266,11433984
9267,11436032
9268,11438080
9269,11440128
9270,11442176
9271,11444224
9272,11446272
9273,11448320
9274,11450368
9275,11452416
9276,11454464
9277,11456512
9278,11458560
9279,11460608
9280,11462656
9281,11464704
9282,11466752
9283,11468800
9284,11470848
9285,11472896
9286,11474944
9287,11476992
9288,11479040
9289,11481088
9290,11483136
9291,11485184
9292,11487232
9293,11489280
9294,11491328
9295,11493376
9296,11495424
9297,11497472
9298,11499520
9299,11501568
9300,11503616
9301,11505664
9302,11507712
9303,11509760
9304,11511808
9305,11513856
9306,11515904
9307,11517952
9308,11520000
9309,11522048
9310,11524096
9311,11526144
9312,11528192
9313,11530240
9314,11532288
9315,11534336
9316,11536384
9317,11538432
9318,11540480
9319,11542528
9320,11544576
9321,11546624
9322,11548672
9323,11550720
9324,11552768
9325,11554816
9326,11556864
9327,11558912
9328,11560960
9329,11563008
9330,11565056
9331,11567104
9332,11569152
9333,11571200
9334,11573248
9335,11575296
9336,11577344
9337,11579392
9338,11581440
9339,11583488
9340,11585536
9341,11587584
9342,11589632
9343,11591680
9344,11593728
9345,11595776
9346,11597824
9347,11599872
9348,11601920
9349,11603968
9350,11606016
9351,11608064
9352,11610112
9353,11612160
9354,11614208
9355,11616256
9356,11618304
9357,11620352
9358,11622400
9359,11624448
9360,11626496
9361,11628544
9362,11630592
9363,11632640
9364,11634688
9365,11636736
9366,11638784
9367,11640832
9368,11642880
9369,11644928
9370,11646976
9371,11649024
9372,11651072
9373,11653120
9374,11655168
9375,11657216
9376,11659264
9377,11661312
9378,11663360
9379,11665408
9380,11667456
9381,11669504
9382,11671552
9383,11673600
9384,11675648
9385,11677696
9386,11679744
9387,11681792
9388,11683840
9389,11685888
9390,11687936
9391,11689984
9392,11692032
9393,11694080
9394,11696128
9395,11698176
9396,11700224
9397,11702272
9398,11704320
9399,11706368
9400,11708416
9401,11710464
9402,11712512
9403,11714560
9404,11716608
9405,11718656
9406,11720704
9407,11722752
9408,11724800
9409,11726848
9410,11728896
9411,11730944
9412,11732992
9413,11735040
9414,11737088
9415,11739136
9416,11741184
9417,11743232
9418,11745280
9419,11747328
9420,11749376
9421,11751424
9422,11753472
9423,11755520
9424,11757568
9425,11759616
9426,11761664
9427,11763712
9428,11765760
9429,11767808
9430,11769856
9431,11771904
9432,11773952
9433,11776000
9434,11778048
9435,11780096
9436,11782144
9437,11784192
9438,11786240
9439,11788288
9440,11790336
9441,11792384
9442,11794432
9443,11796480
9444,11798528
9445,11800576
9446,11802624
9447,11804672
9448,11806720
9449,11808768
9450,11810816
9451,11812864
9452,11814912
9453,11816960
9454,11819008
9455,11821056
9456,11823104
9457,11825152
9458,11827200
9459,11829248
9460,11831296
9461,11833344
9462,11835392
9463,11837440
9464,11839488
9465,11841536
9466,11843584
9467,11845632
9468,11847680
9469,11849728
9470,11851776
9471,11853824
9472,11855872
9473,11857920
9474,11859968
9475,11862016
9476,11864064
9477,11866112
9478,11868160
9479,11870208
9480,11872256
9481,11874304
9482,11876352
9483,11878400
9484,11880448
9485,11882496
9486,11884544
9487,11886592
9488,11888640
9489,11890688
9490,11892736
9491,11894784
9492,11896832
9493,11898880
9494,11900928
9495,11902976
9496,11905024
9497,11907072
9498,11909120
9499,11911168
9500,11913216
9501,11915264
9502,11917312
9503,11919360
9504,11921408
9505,11923456
9506,11925504
9507,11927552
9508,11929600
9509,11931648
9510,11933696
9511,11935744
9512,11937792
9513,11939840
9514,11941888
9515,11943936
9516,11945984
9517,11948032
9518,11950080
9519,11952128
9520,11954176
9521,11956224
9522,11958272
9523,11960320
9524,11962368
9525,11964416
9526,11966464
9527,11968512
9528,11970560
9529,11972608
9530,11974656
9531,11976704
9532,11978752
9533,11980800
9534,11982848
9535,11984896
9536,11986944
9537,11988992
9538,11991040
9539,11993088
9540,11995136
9541,11997184
9542,11999232
9543,12001280
9544,12003328
9545,12005376
9546,12007424
9547,12009472
9548,12011520
9549,12013568
9550,12015616
9551,12017664
9552,12019712
9553,12021760
9554,12023808
9555,12025856
9556,12027904
9557,12029952
9558,12032000
9559,12034048
9560,12036096
9561,12038144
9562,12040192
9563,12042240
9564,12044288
9565,12046336
9566,12048384
9567,12050432
9568,12052480
9569,12054528
9570,12056576
9571,12058624
9572,12060672
9573,12062720
9574,12064768
9575,12066816
9576,12068864
9577,12070912
9578,12072960
9579,12075008
9580,12077056
9581,12079104
9582,12081152
9583,12083200
9584,12085248
9585,12087296
9586,12089344
9587,12091392
9588,12093440
9589,12095488
9590,12097536
9591,12099584
9592,12101632
9593,12103680
9594,12105728
9595,12107776
9596,12109824
9597,12111872
9598,12113920
9599,12115968
9600,12118016
9601,12120064
9602,12122112
9603,12124160
9604,12126208
9605,12128256
9606,12130304
9607,12132352
9608,12134400
9609,12136448
9610,12138496
9611,12140544
9612,12142592
9613,12144640
9614,12146688
9615,12148736
9616,12150784
9617,12152832
9618,12154880
9619,12156928
9620,12158976
9621,12161024
9622,12163072
9623,12165120
9624,12167168
9625,12169216
9626,12171264
9627,12173312
9628,12175360
9629,12177408
9630,12179456
9631,12181504
9632,12183552
9633,12185600
9634,12187648
9635,12189696
9636,12191744
9637,12193792
9638,12195840
9639,12197888
9640,12199936
9641,12201984
9642,12204032
9643,12206080
9644,12208128
9645,12210176
9646,12212224
9647,12214272
9648,12216320
9649,12218368
9650,12220416
9651,12222464
9652,12224512
9653,12226560
9654,12228608
9655,12230656
9656,12232704
9657,12234752
9658,12236800
9659,12238848
9660,12240896
9661,12242944
9662,12244992
9663,12247040
9664,12249088
9665,12251136
9666,12253184
9667,12255232
9668,12257280
9669,12259328
9670,12261376
9671,12263424
9672,12265472
9673,12267520
9674,12269568
9675,12271616
9676,12273664
9677,12275712
9678,12277760
9679,12279808
9680,12281856
9681,12283904
9682,12285952
9683,12288000
9684,12290048
9685,12292096
9686,12294144
9687,12296192
9688,12298240
9689,12300288
9690,12302336
9691,12304384
9692,12306432
9693,12308480
9694,12310528
9695,12312576
9696,12314624
9697,12316672
9698,12318720
9699,12320768
9700,12322816
9701,12324864
9702,12326912
9703,12328960
9704,12331008
9705,12333056
9706,12335104
9707,12337152
9708,12339200
9709,12341248
9710,12343296
9711,12345344
9712,12347392
9713,12349440
9714,12351488
9715,12353536
9716,12355584
9717,12357632
9718,12359680
9719,12361728
9720,12363776
9721,12365824
9722,12367872
9723,12369920
9724,12371968
9725,12374016
9726,12376064
9727,12378112
9728,12380160
9729,12382208
9730,12384256
9731,12386304
9732,12388352
9733,12390400
9734,12392448
9735,12394496
9736,12396544
9737,12398592
9738,12400640
9739,12402688
9740,12404736
9741,12406784
9742,12408832
9743,12410880
9744,12412928
9745,12414976
9746,12417024
9747,12419072
9748,12421120
9749,12423168
9750,12425216
9751,12427264
9752,12429312
9753,12431360
9754,12433408
9755,12435456
9756,12437504
9757,12439552
9758,12441600
9759,12443648
9760,12445696
9761,12447744
9762,12449792
9763,12451840
9764,12453888
9765,12455936
9766,12457984
9767,12460032
9768,12462080
9769,12464128
9770,12466176
9771,12468224
9772,12470272
9773,12472320
9774,12474368
9775,12476416
9776,12478464
9777,12480512
9778,12482560
9779,12484608
9780,12486656
9781,12488704
9782,12490752
9783,12492800
9784,12494848
9785,12496896
9786,12498944
9787,12500992
9788,12503040
9789,12505088
9790,12507136
9791,12509184
9792,12511232
9793,12513280
9794,12515328
9795,12517376
9796,12519424
9797,12521472
9798,12523520
9799,12525568
9800,12527616
9801,12529664
9802,12531712
9803,12533760
9804,12535808
9805,12537856
9806,12539904
9807,12541952
9808,12544000
9809,12546048
9810,12548096
9811,12550144
9812,12552192
9813,12554240
9814,12556288
9815,12558336
9816,12560384
9817,12562432
9818,12564480
9819,12566528
9820,12568576
9821,12570624
9822,12572672
9823,12574720
9824,12576768
9825,12578816
9826,12580864
9827,12582912
9828,12584960
9829,12587008
9830,12589056
9831,12591104
9832,12593152
9833,12595200
9834,12597248
9835,12599296
9836,12601344
9837,12603392
9838,12605440
9839,12607488
9840,12609536
9841,12611584
9842,12613632
9843,12615680
9844,12617728
9845,12619776
9846,12621824
9847,12623872
9848,12625920
9849,12627968
9850,12630016
9851,12632064
9852,12634112
9853,12636160
9854,12638208
9855,12640256
9856,12642304
9857,12644352
9858,12646400
9859,12648448
9860,12650496
9861,12652544
9862,12654592
9863,12656640
9864,12658688
9865,12660736
9866,12662784
9867,12664832
9868,12666880
9869,12668928
9870,12670976
9871,12673024
9872,12675072
9873,12677120
9874,12679168
9875,12681216
9876,12683264
9877,12685312
9878,12687360
9879,12689408
9880,12691456
9881,12693504
9882,12695552
9883,12697600
9884,12699648
9885,12701696
9886,12703744
9887,12705792
9888,12707840
9889,12709888
9890,12711936
9891,12713984
9892,12716032
9893,12718080
9894,12720128
9895,12722176
9896,12724224
9897,12726272
9898,12728320
9899,12730368
9900,12732416
9901,12734464
9902,12736512
9903,12738560
9904,12740608
9905,12742656
9906,12744704
9907,12746752
9908,12748800
9909,12750848
9910,12752896
9911,12754944
9912,12756992
9913,12759040
9914,12761088
9915,12763136
9916,12765184
9917,12767232
9918,12769280
9919,12771328
9920,12773376
9921,12775424
9922,12777472
9923,12779520
9924,12781568
9925,12783616
9926,12785664
9927,12787712
9928,12789760
9929,12791808
9930,12793856
9931,12795904
9932,12797952
9933,12800000
9934,12802048
9935,12804096
9936,12806144
9937,12808192
9938,12810240
9939,12812288
9940,12814336
9941,12816384
9942,12818432
9943,12820480
9944,12822528
9945,12824576
9946,12826624
9947,12828672
9948,12830720
9949,12832768
9950,12834816
9951,12836864
9952,12838912
9953,12840960
9954,12843008
9955,12845056
9956,12847104
9957,12849152
9958,12851200
9959,12853248
9960,12855296
9961,12857344
9962,12859392
9963,12861440
9964,12863488
9965,12865536
9966,12867584
9967,12869632
9968,12871680
9969,12873728
9970,12875776
9971,12877824
9972,12879872
9973,12881920
9974,12883968
9975,12886016
9976,12888064
9977,12890112
9978,12892160
9979,12894208
9980,12896256
9981,12898304
9982,12900352
9983,12902400
9984,12904448
9985,12906496
9986,12908544
9987,12910592
9988,12912640
9989,12914688
9990,12916736
9991,12918784
9992,12920832
9993,12922880
9994,12924928
9995,12926976
9996,12929024
9997,12931072
9998,12933120
9999,12935168
10000,12937216
10001,12939264
10002,12941312
10003,12943360
10004,12945408
10005,12947456
10006,12949504
10007,12951552
10008,12953600
10009,12955648
10010,12957696
10011,12959744
10012,12961792
10013,12963840
10014,12965888
10015,12967936
10016,12969984
10017,12972032
10018,12974080
10019,12976128
10020,12978176
10021,12980224
10022,12982272
10023,12984320
10024,12986368
10025,12988416
10026,12990464
10027,12992512
10028,12994560
10029,12996608
10030,12998656
10031,13000704
10032,13002752
10033,13004800
10034,13006848
10035,13008896
10036,13010944
10037,13012992
10038,13015040
10039,13017088
10040,13019136
10041,13021184
10042,13023232
10043,13025280
10044,13027328
10045,13029376
10046,13031424
10047,13033472
10048,13035520
10049,13037568
10050,13039616
10051,13041664
10052,13043712
10053,13045760
10054,13047808
10055,13049856
10056,13051904
10057,13053952
10058,13056000
10059,13058048
10060,13060096
10061,13062144
10062,13064192
10063,13066240
10064,13068288
10065,13070336
10066,13072384
10067,13074432
10068,13076480
10069,13078528
10070,13080576
10071,13082624
10072,13084672
10073,13086720
10074,13088768
10075,13090816
10076,13092864
10077,13094912
10078,13096960
10079,13099008
10080,13101056
10081,13103104
10082,13105152
10083,13107200
10084,13109248
10085,13111296
10086,13113344
10087,13115392
10088,13117440
10089,13119488
10090,13121536
10091,13123584
10092,13125632
10093,13127680
10094,13129728
10095,13131776
10096,13133824
10097,13135872
10098,13137920
10099,13139968
10100,13142016
10101,13144064
10102,13146112
10103,13148160
10104,13150208
10105,13152256
10106,13154304
10107,13156352
10108,13158400
10109,13160448
10110,13162496
10111,13164544
10112,13166592
10113,13168640
10114,13170688
10115,13172736
10116,13174784
10117,13176832
10118,13178880
10119,13180928
10120,13182976
10121,13185024
10122,13187072
10123,13189120
10124,13191168
10125,13193216
10126,13195264
10127,13197312
10128,13199360
10129,13201408
10130,13203456
10131,13205504
10132,13207552
10133,13209600
10134,13211648
10135,13213696
10136,13215744
10137,13217792
10138,13219840
10139,13221888
10140,13223936
10141,13225984
10142,13228032
10143,13230080
10144,13232128
10145,13234176
10146,13236224
10147,13238272
10148,13240320
10149,13242368
10150,13244416
10151,13246464
10152,13248512
10153,13250560
10154,13252608
10155,13254656
10156,13256704
10157,13258752
10158,13260800
10159,13262848
10160,13264896
10161,13266944
10162,13268992
10163,13271040
10164,13273088
10165,13275136
10166,13277184
10167,13279232
10168,13281280
10169,13283328
10170,13285376
10171,13287424
10172,13289472
10173,13291520
10174,13293568
10175,13295616
10176,13297664
10177,13299712
10178,13301760
10179,13303808
10180,13305856
10181,13307904
10182,13309952
10183,13312000
10184,13314048
10185,13316096
10186,13318144
10187,13320192
10188,13322240
10189,13324288
10190,13326336
10191,13328384
10192,13330432
10193,13332480
10194,13334528
10195,13336576
10196,13338624
10197,13340672
10198,13342720
10199,13344768
10200,13346816
10201,13348864
10202,13350912
10203,13352960
10204,13355008
10205,13357056
10206,13359104
10207,13361152
10208,13363200
10209,13365248
10210,13367296
10211,13369344
10212,13371392
10213,13373440
10214,13375488
10215,13377536
10216,13379584
10217,13381632
10218,13383680
10219,13385728
10220,13387776
10221,13389824
10222,13391872
10223,13393920
10224,13395968
10225,13398016
10226,13400064
10227,13402112
10228,13404160
10229,13406208
10230,13408256
10231,13410304
10232,13412352
10233,13414400
10234,13416448
10235,13418496
10236,13420544
10237,13422592
10238,13424640
10239,13426688
10240,13428736
10241,13430784
10242,13432832
10243,13434880
10244,13436928
10245,13438976
10246,13441024
10247,13443072
10248,13445120
10249,13447168
10250,13449216
10251,13451264
10252,13453312
10253,13455360
10254,13457408
10255,13459456
10256,13461504
10257,13463552
10258,13465600
10259,13467648
10260,13469696
10261,13471744
10262,13473792
10263,13475840
10264,13477888
10265,13479936
10266,13481984
10267,13484032
10268,13486080
10269,13488128
10270,13490176
10271,13492224
10272,13494272
10273,13496320
10274,13498368
10275,13500416
10276,13502464
10277,13504512
10278,13506560
10279,13508608
10280,13510656
10281,13512704
10282,13514752
10283,13516800
10284,13518848
10285,13520896
10286,13522944
10287,13524992
10288,13527040
10289,13529088
10290,13531136
10291,13533184
10292,13535232
10293,13537280
10294,13539328
10295,13541376
10296,13543424
10297,13545472
10298,13547520
10299,13549568
10300,13551616
10301,13553664
10302,13555712
10303,13557760
10304,13559808
10305,13561856
10306,13563904
10307,13565952
10308,13568000
10309,13570048
10310,13572096
10311,13574144
10312,13576192
10313,13578240
10314,13580288
10315,13582336
10316,13584384
10317,13586432
10318,13588480
10319,13590528
10320,13592576
10321,13594624
10322,13596672
10323,13598720
10324,13600768
10325,13602816
10326,13604864
10327,13606912
10328,13608960
10329,13611008
10330,13613056
10331,13615104
10332,13617152
10333,13619200
10334,13621248
10335,13623296
10336,13625344
10337,13627392
10338,13629440
10339,13631488
10340,13633536
10341,13635584
10342,13637632
10343,13639680
10344,13641728
10345,13643776
10346,13645824
10347,13647872
10348,13649920
10349,13651968
10350,13654016
10351,13656064
10352,13658112
10353,13660160
10354,13662208
10355,13664256
10356,13666304
10357,13668352
10358,13670400
10359,13672448
10360,13674496
10361,13676544
10362,13678592
10363,13680640
10364,13682688
10365,13684736
10366,13686784
10367,13688832
10368,13690880
10369,13692928
10370,13694976
10371,13697024
10372,13699072
10373,13701120
10374,13703168
10375,13705216
10376,13707264
10377,13709312
10378,13711360
10379,13713408
10380,13715456
10381,13717504
10382,13719552
10383,13721600
10384,13723648
10385,13725696
10386,13727744
10387,13729792
10388,13731840
10389,13733888
10390,13735936
10391,13737984
10392,13740032
10393,13742080
10394,13744128
10395,13746176
10396,13748224
10397,13750272
10398,13752320
10399,13754368
10400,13756416
10401,13758464
10402,13760512
10403,13762560
10404,13764608
10405,13766656
10406,13768704
10407,13770752
10408,13772800
10409,13774848
10410,13776896
10411,13778944
10412,13780992
10413,13783040
10414,13785088
10415,13787136
10416,13789184
10417,13791232
10418,13793280
10419,13795328
10420,13797376
10421,13799424
10422,13801472
10423,13803520
10424,13805568
10425,13807616
10426,13809664
10427,13811712
10428,13813760
10429,13815808
10430,13817856
10431,13819904
10432,13821952
10433,13824000
10434,13826048
10435,13828096
10436,13830144
10437,13832192
10438,13834240
10439,13836288
10440,13838336
10441,13840384
10442,13842432
10443,13844480
10444,13846528
10445,13848576
10446,13850624
10447,13852672
10448,13854720
10449,13856768
10450,13858816
10451,13860864
10452,13862912
10453,13864960
10454,13867008
10455,13869056
10456,13871104
10457,13873152
10458,13875200
10459,13877248
10460,13879296
10461,13881344
10462,13883392
10463,13885440
10464,13887488
10465,13889536
10466,13891584
10467,13893632
10468,13895680
10469,13897728
10470,13899776
10471,13901824
10472,13903872
10473,13905920
10474,13907968
10475,13910016
10476,13912064
10477,13914112
10478,13916160
10479,13918208
10480,13920256
10481,13922304
10482,13924352
10483,13926400
10484,13928448
10485,13930496
10486,13932544
10487,13934592
10488,13936640
10489,13938688
10490,13940736
10491,13942784
10492,13944832
10493,13946880
10494,13948928
10495,13950976
10496,13953024
10497,13955072
10498,13957120
10499,13959168
10500,13961216
10501,13963264
10502,13965312
10503,13967360
10504,13969408
10505,13971456
10506,13973504
10507,13975552
10508,13977600
10509,13979648
10510,13981696
10511,13983744
10512,13985792
10513,13987840
10514,13989888
10515,13991936
10516,13993984
10517,13996032
10518,13998080
10519,14000128
10520,14002176
10521,14004224
10522,14006272
10523,14008320
10524,14010368
10525,14012416
10526,14014464
10527,14016512
10528,14018560
10529,14020608
10530,14022656
10531,14024704
10532,14026752
10533,14028800
10534,14030848
10535,14032896
10536,14034944
10537,14036992
10538,14039040
10539,14041088
10540,14043136
10541,14045184
10542,14047232
10543,14049280
10544,14051328
10545,14053376
10546,14055424
10547,14057472
10548,14059520
10549,14061568
10550,14063616
10551,14065664
10552,14067712
10553,14069760
10554,14071808
10555,14073856
10556,14075904
10557,14077952
10558,14080000
10559,14082048
10560,14084096
10561,14086144
10562,14088192
10563,14090240
10564,14092288
10565,14094336
10566,14096384
10567,14098432
10568,14100480
10569,14102528
10570,14104576
10571,14106624
10572,14108672
10573,14110720
10574,14112768
10575,14114816
10576,14116864
10577,14118912
10578,14120960
10579,14123008
10580,14125056
10581,14127104
10582,14129152
10583,14131200
10584,14133248
10585,14135296
10586,14137344
10587,14139392
10588,14141440
10589,14143488
10590,14145536
10591,14147584
10592,14149632
10593,14151680
10594,14154752
10595,14157824
10596,14160896
10597,14163968
10598,14167040
10599,14170112
10600,14173184
10601,14176256
10602,14179328
10603,14182400
10604,14185472
10605,14188544
10606,14191616
10607,14194688
10608,14197760
10609,14200832
10610,14203904
10611,14206976
10612,14210048
10613,14213120
10614,14216192
10615,14219264
10616,14222336
10617,14225408
10618,14228480
10619,14231552
10620,14234624
10621,14237696
10622,14240768
10623,14243840
10624,14246912
10625,14249984
10626,14253056
10627,14256128
10628,14259200
10629,14262272
10630,14265344
10631,14268416
10632,14271488
10633,14274560
10634,14277632
10635,14280704
10636,14283776
10637,14286848
10638,14289920
10639,14292992
10640,14296064
10641,14299136
10642,14302208
10643,14305280
10644,14308352
10645,14311424
10646,14314496
10647,14317568
10648,14320640
10649,14323712
10650,14326784
10651,14329856
10652,14332928
10653,14336000
10654,14339072
10655,14342144
10656,14345216
10657,14348288
10658,14351360
10659,14354432
10660,14357504
10661,14360576
10662,14363648
10663,14366720
10664,14369792
10665,14372864
10666,14375936
10667,14379008
10668,14382080
10669,14385152
10670,14388224
10671,14391296
10672,14394368
10673,14397440
10674,14400512
10675,14403584
10676,14406656
10677,14409728
10678,14412800
10679,14415872
10680,14418944
10681,14422016
10682,14425088
10683,14428160
10684,14431232
10685,14434304
10686,14437376
10687,14440448
10688,14443520
10689,14446592
10690,14449664
10691,14452736
10692,14455808
10693,14458880
10694,14461952
10695,14465024
10696,14468096
10697,14471168
10698,14474240
10699,14477312
10700,14480384
10701,14483456
10702,14486528
10703,14489600
10704,14492672
10705,14495744
10706,14498816
10707,14501888
10708,14504960
10709,14508032
10710,14511104
10711,14514176
10712,14517248
10713,14520320
10714,14523392
10715,14526464
10716,14529536
10717,14532608
10718,14535680
10719,14538752
10720,14541824
10721,14544896
10722,14547968
10723,14551040
10724,14554112
10725,14557184
10726,14560256
10727,14563328
10728,14566400
10729,14569472
10730,14572544
10731,14575616
10732,14578688
10733,14581760
10734,14584832
10735,14587904
10736,14590976
10737,14594048
10738,14597120
10739,14600192
10740,14603264
10741,14606336
10742,14609408
10743,14612480
10744,14615552
10745,14618624
10746,14621696
10747,14624768
10748,14627840
10749,14630912
10750,14633984
10751,14637056
10752,14640128
10753,14643200
10754,14646272
10755,14649344
10756,14652416
10757,14655488
10758,14658560
10759,14661632
10760,14664704
10761,14667776
10762,14670848
10763,14673920
10764,14676992
10765,14680064
10766,14683136
10767,14686208
10768,14689280
10769,14692352
10770,14695424
10771,14698496
10772,14701568
10773,14704640
10774,14707712
10775,14710784
10776,14713856
10777,14716928
10778,14720000
10779,14723072
10780,14726144
10781,14729216
10782,14732288
10783,14735360
10784,14738432
10785,14741504
10786,14744576
10787,14747648
10788,14750720
10789,14753792
10790,14756864
10791,14759936
10792,14763008
10793,14766080
10794,14769152
10795,14772224
10796,14775296
10797,14778368
10798,14781440
10799,14784512
10800,14787584
10801,14790656
10802,14793728
10803,14796800
10804,14799872
10805,14802944
10806,14806016
10807,14809088
10808,14812160
10809,14815232
10810,14818304
10811,14821376
10812,14824448
10813,14827520
10814,14830592
10815,14833664
10816,14836736
10817,14839808
10818,14842880
10819,14845952
10820,14849024
10821,14852096
10822,14855168
10823,14858240
10824,14861312
10825,14864384
10826,14867456
10827,14870528
10828,14873600
10829,14876672
10830,14879744
10831,14882816
10832,14885888
10833,14888960
10834,14892032
10835,14895104
10836,14898176
10837,14901248
10838,14904320
10839,14907392
10840,14910464
10841,14913536
10842,14916608
10843,14919680
10844,14922752
10845,14925824
10846,14928896
10847,14931968
10848,14935040
10849,14938112
10850,14941184
10851,14944256
10852,14947328
10853,14950400
10854,14953472
10855,14956544
10856,14959616
10857,14962688
10858,14965760
10859,14968832
10860,14971904
10861,14974976
10862,14978048
10863,14981120
10864,14984192
10865,14987264
10866,14990336
10867,14993408
10868,14996480
10869,14999552
10870,15002624
10871,15005696
10872,15008768
10873,15011840
10874,15014912
10875,15017984
10876,15021056
10877,15024128
10878,15027200
10879,15030272
10880,15033344
10881,15036416
10882,15039488
10883,15042560
10884,15045632
10885,15048704
10886,15051776
10887,15054848
10888,15057920
10889,15060992
10890,15064064
10891,15067136
10892,15070208
10893,15073280
10894,15076352
10895,15079424
10896,15082496
10897,15085568
10898,15088640
10899,15091712
10900,15094784
10901,15097856
10902,15100928
10903,15104000
10904,15107072
10905,15110144
10906,15113216
10907,15116288
10908,15119360
10909,15122432
10910,15125504
10911,15128576
10912,15131648
10913,15134720
10914,15137792
10915,15140864
10916,15143936
10917,15147008
10918,15150080
10919,15153152
10920,15156224
10921,15159296
10922,15162368
10923,15165440
10924,15168512
10925,15171584
10926,15174656
10927,15177728
10928,15180800
10929,15183872
10930,15186944
10931,15190016
10932,15193088
10933,15196160
10934,15199232
10935,15202304
10936,15205376
10937,15208448
10938,15211520
10939,15214592
10940,15217664
10941,15220736
10942,15223808
10943,15226880
10944,15229952
10945,15233024
10946,15236096
10947,15239168
10948,15242240
10949,15245312
10950,15248384
10951,15251456
10952,15254528
10953,15257600
10954,15260672
10955,15263744
10956,15266816
10957,15269888
10958,15272960
10959,15276032
10960,15279104
10961,15282176
10962,15285248
10963,15288320
10964,15291392
10965,15294464
10966,15297536
10967,15300608
10968,15303680
10969,15306752
10970,15309824
10971,15312896
10972,15315968
10973,15319040
10974,15322112
10975,15325184
10976,15328256
10977,15331328
10978,15334400
10979,15337472
10980,15340544
10981,15343616
10982,15346688
10983,15349760
10984,15352832
10985,15355904
10986,15358976
10987,15362048
10988,15365120
10989,15368192
10990,15371264
10991,15374336
10992,15377408
10993,15380480
10994,15383552
10995,15386624
10996,15389696
10997,15392768
10998,15395840
10999,15398912
11000,15401984
11001,15405056
11002,15408128
11003,15411200
11004,15414272
11005,15417344
11006,15420416
11007,15423488
11008,15426560
11009,15429632
11010,15432704
11011,15435776
11012,15438848
11013,15441920
11014,15444992
11015,15448064
11016,15451136
11017,15454208
11018,15457280
11019,15460352
11020,15463424
11021,15466496
11022,15469568
11023,15472640
11024,15475712
11025,15478784
11026,15481856
11027,15484928
11028,15488000
11029,15491072
11030,15494144
11031,15497216
11032,15500288
11033,15503360
11034,15506432
11035,15509504
11036,15512576
11037,15515648
11038,15518720
11039,15521792
11040,15524864
11041,15527936
11042,15531008
11043,15534080
11044,15537152
11045,15540224
11046,15543296
11047,15546368
11048,15549440
11049,15552512
11050,15555584
11051,15558656
11052,15561728
11053,15564800
11054,15567872
11055,15570944
11056,15574016
11057,15577088
11058,15580160
11059,15583232
11060,15586304
11061,15589376
11062,15592448
11063,15595520
11064,15598592
11065,15601664
11066,15604736
11067,15607808
11068,15610880
11069,15613952
11070,15617024
11071,15620096
11072,15623168
11073,15626240
11074,15629312
11075,15632384
11076,15635456
11077,15638528
11078,15641600
11079,15644672
11080,15647744
11081,15650816
11082,15653888
11083,15656960
11084,15660032
11085,15663104
11086,15666176
11087,15669248
11088,15672320
11089,15675392
11090,15678464
11091,15681536
11092,15684608
11093,15687680
11094,15690752
11095,15693824
11096,15696896
11097,15699968
11098,15703040
11099,15706112
11100,15709184
11101,15712256
11102,15715328
11103,15718400
11104,15721472
11105,15724544
11106,15727616
11107,15730688
11108,15733760
11109,15736832
11110,15739904
11111,15742976
11112,15746048
11113,15749120
11114,15752192
11115,15755264
11116,15758336
11117,15761408
11118,15764480
11119,15767552
11120,15770624
11121,15773696
11122,15776768
11123,15779840
11124,15782912
11125,15785984
11126,15789056
11127,15792128
11128,15795200
11129,15798272
11130,15801344
11131,15804416
11132,15807488
11133,15810560
11134,15813632
11135,15816704
11136,15819776
11137,15822848
11138,15825920
11139,15828992
11140,15832064
11141,15835136
11142,15838208
11143,15841280
11144,15844352
11145,15847424
11146,15850496
11147,15853568
11148,15856640
11149,15859712
11150,15862784
11151,15865856
11152,15868928
11153,15872000
11154,15875072
11155,15878144
11156,15881216
11157,15884288
11158,15887360
11159,15890432
11160,15893504
11161,15896576
11162,15899648
11163,15902720
11164,15905792
11165,15908864
11166,15911936
11167,15915008
11168,15918080
11169,15921152
11170,15924224
11171,15927296
11172,15930368
11173,15933440
11174,15936512
11175,15939584
11176,15942656
11177,15945728
11178,15948800
11179,15951872
11180,15954944
11181,15958016
11182,15961088
11183,15964160
11184,15967232
11185,15970304
11186,15973376
11187,15976448
11188,15979520
11189,15982592
11190,15985664
11191,15988736
11192,15991808
11193,15994880
11194,15997952
11195,16001024
11196,16004096
11197,16007168
11198,16010240
11199,16013312
11200,16016384
11201,16019456
11202,16022528
11203,16025600
11204,16028672
11205,16031744
11206,16034816
11207,16037888
11208,16040960
11209,16044032
11210,16047104
11211,16050176
11212,16053248
11213,16056320
11214,16059392
11215,16062464
11216,16065536
11217,16068608
11218,16071680
11219,16074752
11220,16077824
11221,16080896
11222,16083968
11223,16087040
11224,16090112
11225,16093184
11226,16096256
11227,16099328
11228,16102400
11229,16105472
11230,16108544
11231,16111616
11232,16114688
11233,16117760
11234,16120832
11235,16123904
11236,16126976
11237,16130048
11238,16133120
11239,16136192
11240,16139264
11241,16142336
11242,16145408
11243,16148480
11244,16151552
11245,16154624
11246,16157696
11247,16160768
11248,16163840
11249,16166912
11250,16169984
11251,16173056
11252,16176128
11253,16179200
11254,16182272
11255,16185344
11256,16188416
11257,16191488
11258,16194560
11259,16197632
11260,16200704
11261,16203776
11262,16206848
11263,16209920
11264,16212992
11265,16216064
11266,16219136
11267,16222208
11268,16225280
11269,16228352
11270,16231424
11271,16234496
11272,16237568
11273,16240640
11274,16243712
11275,16246784
11276,16249856
11277,16252928
11278,16256000
11279,16259072
11280,16262144
11281,16265216
11282,16268288
11283,16271360
11284,16274432
11285,16277504
11286,16280576
11287,16283648
11288,16286720
11289,16289792
11290,16292864
11291,16295936
11292,16299008
11293,16302080
11294,16305152
11295,16308224
11296,16311296
11297,16314368
11298,16317440
11299,16320512
11300,16323584
11301,16326656
11302,16329728
11303,16332800
11304,16335872
11305,16338944
11306,16342016
11307,16345088
11308,16348160
11309,16351232
11310,16354304
11311,16357376
11312,16360448
11313,16363520
11314,16366592
11315,16369664
11316,16372736
11317,16375808
11318,16378880
11319,16381952
11320,16385024
11321,16388096
11322,16391168
11323,16394240
11324,16397312
11325,16400384
11326,16403456
11327,16406528
11328,16409600
11329,16412672
11330,16415744
11331,16418816
11332,16421888
11333,16424960
11334,16428032
11335,16431104
11336,16434176
11337,16437248
11338,16440320
11339,16443392
11340,16446464
11341,16449536
11342,16452608
11343,16455680
11344,16458752
11345,16461824
11346,16464896
11347,16467968
11348,16471040
11349,16474112
11350,16477184
11351,16480256
11352,16483328
11353,16486400
11354,16489472
11355,16492544
11356,16495616
11357,16498688
11358,16501760
11359,16504832
11360,16507904
11361,16510976
11362,16514048
11363,16517120
11364,16520192
11365,16523264
11366,16526336
11367,16529408
11368,16532480
11369,16535552
11370,16538624
11371,16541696
11372,16544768
11373,16547840
11374,16550912
11375,16553984
11376,16557056
11377,16560128
11378,16563200
11379,16566272
11380,16569344
11381,16572416
11382,16575488
11383,16578560
11384,16581632
11385,16584704
11386,16587776
11387,16590848
11388,16593920
11389,16596992
11390,16600064
11391,16603136
11392,16606208
11393,16609280
11394,16612352
11395,16615424
11396,16618496
11397,16621568
11398,16624640
11399,16627712
11400,16630784
11401,16633856
11402,16636928
11403,16640000
11404,16643072
11405,16646144
11406,16649216
11407,16652288
11408,16655360
11409,16658432
11410,16661504
11411,16664576
11412,16667648
11413,16670720
11414,16673792
11415,16676864
11416,16679936
11417,16683008
11418,16686080
11419,16689152
11420,16692224
11421,16695296
11422,16698368
11423,16701440
11424,16704512
11425,16707584
11426,16710656
11427,16713728
11428,16716800
11429,16719872
11430,16722944
11431,16726016
11432,16729088
11433,16732160
11434,16735232
11435,16738304
11436,16741376
11437,16744448
11438,16747520
11439,16750592
11440,16753664
11441,16756736
11442,16759808
11443,16762880
11444,16765952
11445,16769024
11446,16772096
11447,16775168
11448,16778240
11449,16781312
11450,16784384
11451,16787456
11452,16790528
11453,16793600
11454,16796672
11455,16799744
11456,16802816
11457,16805888
11458,16808960
11459,16812032
11460,16815104
11461,16818176
11462,16821248
11463,16824320
11464,16827392
11465,16830464
11466,16833536
11467,16836608
11468,16839680
11469,16842752
11470,16845824
11471,16848896
11472,16851968
11473,16855040
11474,16858112
11475,16861184
11476,16864256
11477,16867328
11478,16870400
11479,16873472
11480,16876544
11481,16879616
11482,16882688
11483,16885760
11484,16888832
11485,16891904
11486,16894976
11487,16898048
11488,16901120
11489,16904192
11490,16907264
11491,16910336
11492,16913408
11493,16916480
11494,16919552
11495,16922624
11496,16925696
11497,16928768
11498,16931840
11499,16934912
11500,16937984
11501,16941056
11502,16944128
11503,16947200
11504,16950272
11505,16953344
11506,16956416
11507,16959488
11508,16962560
11509,16965632
11510,16968704
11511,16971776
11512,16974848
11513,16977920
11514,16980992
11515,16984064
11516,16987136
11517,16990208
11518,16993280
11519,16996352
11520,16999424
11521,17002496
11522,17005568
11523,17008640
11524,17011712
11525,17014784
11526,17017856
11527,17020928
11528,17024000
11529,17027072
11530,17030144
11531,17033216
11532,17036288
11533,17039360
11534,17042432
11535,17045504
11536,17048576
11537,17051648
11538,17054720
11539,17057792
11540,17060864
11541,17063936
11542,17067008
11543,17070080
11544,17073152
11545,17076224
11546,17079296
11547,17082368
11548,17085440
11549,17088512
11550,17091584
11551,17094656
11552,17097728
11553,17100800
11554,17103872
11555,17106944
11556,17110016
11557,17113088
11558,17116160
11559,17119232
11560,17122304
11561,17125376
11562,17128448
11563,17131520
11564,17134592
11565,17137664
11566,17140736
11567,17143808
11568,17146880
11569,17149952
11570,17153024
11571,17156096
11572,17159168
11573,17162240
11574,17165312
11575,17168384
11576,17171456
11577,17174528
11578,17177600
11579,17180672
11580,17183744
11581,17186816
11582,17189888
11583,17192960
11584,17196032
11585,17199104
11586,17202176
11587,17205248
11588,17208320
11589,17211392
11590,17214464
11591,17217536
11592,17220608
11593,17223680
11594,17226752
11595,17229824
11596,17232896
11597,17235968
11598,17239040
11599,17242112
11600,17245184
11601,17248256
11602,17251328
11603,17254400
11604,17257472
11605,17260544
11606,17263616
11607,17266688
11608,17269760
11609,17272832
11610,17275904
11611,17278976
11612,17282048
11613,17285120
11614,17288192
11615,17291264
11616,17294336
11617,17297408
11618,17300480
11619,17303552
11620,17306624
11621,17309696
11622,17312768
11623,17315840
11624,17318912
11625,17321984
11626,17325056
11627,17328128
11628,17331200
11629,17334272
11630,17337344
11631,17340416
11632,17343488
11633,17346560
11634,17349632
11635,17352704
11636,17355776
11637,17358848
11638,17361920
11639,17364992
11640,17368064
11641,17371136
11642,17374208
11643,17377280
11644,17380352
11645,17383424
11646,17386496
11647,17389568
11648,17392640
11649,17395712
11650,17398784
11651,17401856
11652,17404928
11653,17408000
11654,17411072
11655,17414144
11656,17417216
11657,17420288
11658,17423360
11659,17426432
11660,17429504
11661,17432576
11662,17435648
11663,17438720
11664,17441792
11665,17444864
11666,17447936
11667,17451008
11668,17454080
11669,17457152
11670,17460224
11671,17463296
11672,17466368
11673,17469440
11674,17472512
11675,17475584
11676,17478656
11677,17481728
11678,17484800
11679,17487872
11680,17490944
11681,17494016
11682,17497088
11683,17500160
11684,17503232
11685,17506304
11686,17509376
11687,17512448
11688,17515520
11689,17518592
11690,17521664
11691,17524736
11692,17527808
11693,17530880
11694,17533952
11695,17537024
11696,17540096
11697,17543168
11698,17546240
11699,17549312
11700,17552384
11701,17555456
11702,17558528
11703,17561600
11704,17564672
11705,17567744
11706,17570816
11707,17573888
11708,17576960
11709,17580032
11710,17583104
11711,17586176
11712,17589248
11713,17592320
11714,17595392
11715,17598464
11716,17601536
11717,17604608
11718,17607680
11719,17610752
11720,17613824
11721,17616896
11722,17619968
11723,17623040
11724,17626112
11725,17629184
11726,17632256
11727,17635328
11728,17638400
11729,17641472
11730,17644544
11731,17647616
11732,17650688
11733,17653760
11734,17656832
11735,17659904
11736,17662976
11737,17666048
11738,17669120
11739,17672192
11740,17675264
11741,17678336
11742,17681408
11743,17684480
11744,17687552
11745,17690624
11746,17693696
11747,17696768
11748,17699840
11749,17702912
11750,17705984
11751,17709056
11752,17712128
11753,17715200
11754,17718272
11755,17721344
11756,17724416
11757,17727488
11758,17730560
11759,17733632
11760,17736704
11761,17739776
11762,17742848
11763,17745920
11764,17748992
11765,17752064
11766,17755136
11767,17758208
11768,17761280
11769,17764352
11770,17767424
11771,17770496
11772,17773568
11773,17776640
11774,17779712
11775,17782784
11776,17785856
11777,17788928
11778,17792000
11779,17795072
11780,17798144
11781,17801216
11782,17804288
11783,17807360
11784,17810432
11785,17813504
11786,17816576
11787,17819648
11788,17822720
11789,17825792
11790,17828864
11791,17831936
11792,17835008
11793,17838080
11794,17841152
11795,17844224
11796,17847296
11797,17850368
11798,17853440
11799,17856512
11800,17859584
11801,17862656
11802,17865728
11803,17868800
11804,17871872
11805,17874944
11806,17878016
11807,17881088
11808,17884160
11809,17887232
11810,17890304
11811,17893376
11812,17896448
11813,17899520
11814,17902592
11815,17905664
11816,17908736
11817,17911808
11818,17914880
11819,17917952
11820,17921024
11821,17924096
11822,17927168
11823,17930240
11824,17933312
11825,17936384
11826,17939456
11827,17942528
11828,17945600
11829,17948672
11830,17951744
11831,17954816
11832,17957888
11833,17960960
11834,17964032
11835,17967104
11836,17970176
11837,17973248
11838,17976320
11839,17979392
11840,17982464
11841,17985536
11842,17988608
11843,17991680
11844,17994752
11845,17997824
11846,18000896
11847,18003968
11848,18007040
11849,18010112
11850,18013184
11851,18016256
11852,18019328
11853,18022400
11854,18025472
11855,18028544
11856,18031616
11857,18034688
11858,18037760
11859,18040832
11860,18043904
11861,18046976
11862,18050048
11863,18053120
11864,18056192
11865,18059264
11866,18062336
11867,18065408
11868,18068480
11869,18071552
11870,18074624
11871,18077696
11872,18080768
11873,18083840
11874,18086912
11875,18089984
11876,18093056
11877,18096128
11878,18099200
11879,18102272
11880,18105344
11881,18108416
11882,18111488
11883,18114560
11884,18117632
11885,18120704
11886,18123776
11887,18126848
11888,18129920
11889,18132992
11890,18136064
11891,18139136
11892,18142208
11893,18145280
11894,18148352
11895,18151424
11896,18154496
11897,18157568
11898,18160640
11899,18163712
11900,18166784
11901,18169856
11902,18172928
11903,18176000
11904,18179072
11905,18182144
11906,18185216
11907,18188288
11908,18191360
11909,18194432
11910,18197504
11911,18200576
11912,18203648
11913,18206720
11914,18209792
11915,18212864
11916,18215936
11917,18219008
11918,18222080
11919,18225152
11920,18228224
11921,18231296
11922,18234368
11923,18237440
11924,18240512
11925,18243584
11926,18246656
11927,18249728
11928,18252800
11929,18255872
11930,18258944
11931,18262016
11932,18265088
11933,18268160
11934,18271232
11935,18274304
11936,18277376
11937,18280448
11938,18283520
11939,18286592
11940,18289664
11941,18292736
11942,18295808
11943,18298880
11944,18301952
11945,18305024
11946,18308096
11947,18311168
11948,18314240
11949,18317312
11950,18320384
11951,18323456
11952,18326528
11953,18329600
11954,18332672
11955,18335744
11956,18338816
11957,18341888
11958,18344960
11959,18348032
11960,18351104
11961,18354176
11962,18357248
11963,18360320
11964,18363392
11965,18366464
11966,18369536
11967,18372608
11968,18375680
11969,18378752
11970,18381824
11971,18384896
11972,18387968
11973,18391040
11974,18394112
11975,18397184
11976,18400256
11977,18403328
11978,18406400
11979,18409472
11980,18412544
11981,18415616
11982,18418688
11983,18421760
11984,18424832
11985,18427904
11986,18430976
11987,18434048
11988,18437120
11989,18440192
11990,18443264
11991,18446336
11992,18449408
11993,18452480
11994,18455552
11995,18458624
11996,18461696
11997,18464768
11998,18467840
11999,18470912
12000,18473984
12001,18477056
12002,18480128
12003,18483200
12004,18486272
12005,18489344
12006,18492416
12007,18495488
12008,18498560
12009,18501632
12010,18504704
12011,18507776
12012,18510848
12013,18513920
12014,18516992
12015,18520064
12016,18523136
12017,18526208
12018,18529280
12019,18532352
12020,18535424
12021,18538496
12022,18541568
12023,18544640
12024,18547712
12025,18550784
12026,18553856
12027,18556928
12028,18560000
12029,18563072
12030,18566144
12031,18569216
12032,18572288
12033,18575360
12034,18578432
12035,18581504
12036,18584576
12037,18587648
12038,18590720
12039,18593792
12040,18596864
12041,18599936
12042,18603008
12043,18606080
12044,18609152
12045,18612224
12046,18615296
12047,18618368
12048,18621440
12049,18624512
12050,18627584
12051,18630656
12052,18633728
12053,18636800
12054,18639872
12055,18642944
12056,18646016
12057,18649088
12058,18652160
12059,18655232
12060,18658304
12061,18661376
12062,18664448
12063,18667520
12064,18670592
12065,18673664
12066,18676736
12067,18679808
12068,18682880
12069,18685952
12070,18689024
12071,18692096
12072,18695168
12073,18698240
12074,18701312
12075,18704384
12076,18707456
12077,18710528
12078,18713600
12079,18716672
12080,18719744
12081,18722816
12082,18725888
12083,18728960
12084,18732032
12085,18735104
12086,18738176
12087,18741248
12088,18744320
12089,18747392
12090,18750464
12091,18753536
12092,18756608
12093,18759680
12094,18762752
12095,18765824
12096,18768896
12097,18771968
12098,18775040
12099,18778112
12100,18781184
12101,18784256
12102,18787328
12103,18790400
12104,18793472
12105,18796544
12106,18799616
12107,18802688
12108,18805760
12109,18808832
12110,18811904
12111,18814976
12112,18818048
12113,18821120
12114,18824192
12115,18827264
12116,18830336
12117,18833408
12118,18836480
12119,18839552
12120,18842624
12121,18845696
12122,18848768
12123,18851840
12124,18854912
12125,18857984
12126,18861056
12127,18864128
12128,18867200
12129,18870272
12130,18873344
12131,18876416
12132,18879488
12133,18882560
12134,18885632
12135,18888704
12136,18891776
12137,18894848
12138,18897920
12139,18900992
12140,18904064
12141,18907136
12142,18910208
12143,18913280
12144,18916352
12145,18919424
12146,18922496
12147,18925568
12148,18928640
12149,18931712
12150,18934784
12151,18937856
12152,18940928
12153,18944000
12154,18947072
12155,18950144
12156,18953216
12157,18956288
12158,18959360
12159,18962432
12160,18965504
12161,18968576
12162,18971648
12163,18974720
12164,18977792
12165,18980864
12166,18983936
12167,18987008
12168,18990080
12169,18993152
12170,18996224
12171,18999296
12172,19002368
12173,19005440
12174,19008512
12175,19011584
12176,19014656
12177,19017728
12178,19020800
12179,19023872
12180,19026944
12181,19030016
12182,19033088
12183,19036160
12184,19039232
12185,19042304
12186,19045376
12187,19048448
12188,19051520
12189,19054592
12190,19057664
12191,19060736
12192,19063808
12193,19066880
12194,19069952
12195,19073024
12196,19076096
12197,19079168
12198,19082240
12199,19085312
12200,19088384
12201,19091456
12202,19094528
12203,19097600
12204,19100672
12205,19103744
12206,19106816
12207,19109888
12208,19112960
12209,19116032
12210,19119104
12211,19122176
12212,19125248
12213,19128320
12214,19131392
12215,19134464
12216,19137536
12217,19140608
12218,19143680
12219,19146752
12220,19149824
12221,19152896
12222,19155968
12223,19159040
12224,19162112
12225,19165184
12226,19168256
12227,19171328
12228,19174400
12229,19177472
12230,19180544
12231,19183616
12232,19186688
12233,19189760
12234,19192832
12235,19195904
12236,19198976
12237,19202048
12238,19205120
12239,19208192
12240,19211264
12241,19214336
12242,19217408
12243,19220480
12244,19223552
12245,19226624
12246,19229696
12247,19232768
12248,19235840
12249,19238912
12250,19241984
12251,19245056
12252,19248128
12253,19251200
12254,19254272
12255,19257344
12256,19260416
12257,19263488
12258,19266560
12259,19269632
12260,19272704
12261,19275776
12262,19278848
12263,19281920
12264,19284992
12265,19288064
12266,19291136
12267,19294208
12268,19297280
12269,19300352
12270,19303424
12271,19306496
12272,19309568
12273,19312640
12274,19315712
12275,19318784
12276,19321856
12277,19324928
12278,19328000
12279,19331072
12280,19334144
12281,19337216
12282,19340288
12283,19343360
12284,19346432
12285,19349504
12286,19352576
12287,19355648
12288,19358720
12289,19361792
12290,19364864
12291,19367936
12292,19371008
12293,19374080
12294,19377152
12295,19380224
12296,19383296
12297,19386368
12298,19389440
12299,19392512
12300,19395584
12301,19398656
12302,19401728
12303,19404800
12304,19407872
12305,19410944
12306,19414016
12307,19417088
12308,19420160
12309,19423232
12310,19426304
12311,19429376
12312,19432448
12313,19435520
12314,19438592
12315,19441664
12316,19444736
12317,19447808
12318,19450880
12319,19453952
12320,19457024
12321,19460096
12322,19463168
12323,19466240
12324,19469312
12325,19472384
12326,19475456
12327,19478528
12328,19481600
12329,19484672
12330,19487744
12331,19490816
12332,19493888
12333,19496960
12334,19500032
12335,19503104
12336,19506176
12337,19509248
12338,19512320
12339,19515392
12340,19518464
12341,19521536
12342,19524608
12343,19527680
12344,19530752
12345,19533824
12346,19536896
12347,19539968
12348,19543040
12349,19546112
12350,19549184
12351,19552256
12352,19555328
12353,19558400
12354,19561472
12355,19564544
12356,19567616
12357,19570688
12358,19573760
12359,19576832
12360,19579904
12361,19582976
12362,19586048
12363,19589120
12364,19592192
12365,19595264
12366,19598336
12367,19601408
12368,19604480
12369,19607552
12370,19610624
12371,19613696
12372,19616768
12373,19619840
12374,19622912
12375,19625984
12376,19629056
12377,19632128
12378,19635200
12379,19638272
12380,19641344
12381,19644416
12382,19647488
12383,19650560
12384,19653632
12385,19656704
12386,19659776
12387,19662848
12388,19665920
12389,19668992
12390,19672064
12391,19675136
12392,19678208
12393,19681280
12394,19684352
12395,19687424
12396,19690496
12397,19693568
12398,19696640
12399,19699712
12400,19702784
12401,19705856
12402,19708928
12403,19712000
12404,19715072
12405,19718144
12406,19721216
12407,19724288
12408,19727360
12409,19730432
12410,19733504
12411,19736576
12412,19739648
12413,19742720
12414,19745792
12415,19748864
12416,19751936
12417,19755008
12418,19758080
12419,19761152
12420,19764224
12421,19767296
12422,19770368
12423,19773440
12424,19776512
12425,19779584
12426,19782656
12427,19785728
12428,19788800
12429,19791872
12430,19794944
12431,19798016
12432,19801088
12433,19804160
12434,19807232
12435,19810304
12436,19813376
12437,19816448
12438,19819520
12439,19822592
12440,19825664
12441,19828736
12442,19831808
12443,19834880
12444,19837952
12445,19841024
12446,19844096
12447,19847168
12448,19850240
12449,19853312
12450,19856384
12451,19859456
12452,19862528
12453,19865600
12454,19868672
12455,19871744
12456,19874816
12457,19877888
12458,19880960
12459,19884032
12460,19887104
12461,19890176
12462,19893248
12463,19896320
12464,19899392
12465,19902464
12466,19905536
12467,19908608
12468,19911680
12469,19914752
12470,19917824
12471,19920896
12472,19923968
12473,19927040
12474,19930112
12475,19933184
12476,19936256
12477,19939328
12478,19942400
12479,19945472
12480,19948544
12481,19951616
12482,19954688
12483,19957760
12484,19960832
12485,19963904
12486,19966976
12487,19970048
12488,19973120
12489,19976192
12490,19979264
12491,19982336
12492,19985408
12493,19988480
12494,19991552
12495,19994624
12496,19997696
12497,20000768
12498,20003840
12499,20006912
12500,20009984
12501,20013056
12502,20016128
12503,20019200
12504,20022272
12505,20025344
12506,20028416
12507,20031488
12508,20034560
12509,20037632
12510,20040704
12511,20043776
12512,20046848
12513,20049920
12514,20052992
12515,20056064
12516,20059136
12517,20062208
12518,20065280
12519,20068352
12520,20071424
12521,20074496
12522,20077568
12523,20080640
12524,20083712
12525,20086784
12526,20089856
12527,20092928
12528,20096000
12529,20099072
12530,20102144
12531,20105216
12532,20108288
12533,20111360
12534,20114432
12535,20117504
12536,20120576
12537,20123648
12538,20126720
12539,20129792
12540,20132864
12541,20135936
12542,20139008
12543,20142080
12544,20145152
12545,20148224
12546,20151296
12547,20154368
12548,20157440
12549,20160512
12550,20163584
12551,20166656
12552,20169728
12553,20172800
12554,20175872
12555,20178944
12556,20182016
12557,20185088
12558,20188160
12559,20191232
12560,20194304
12561,20197376
12562,20200448
12563,20203520
12564,20206592
12565,20209664
12566,20212736
12567,20215808
12568,20218880
12569,20221952
12570,20225024
12571,20228096
12572,20231168
12573,20234240
12574,20237312
12575,20240384
12576,20243456
12577,20246528
12578,20249600
12579,20252672
12580,20255744
12581,20258816
12582,20261888
12583,20264960
12584,20268032
12585,20271104
12586,20274176
12587,20277248
12588,20280320
12589,20283392
12590,20286464
12591,20289536
12592,20292608
12593,20295680
12594,20298752
12595,20301824
12596,20304896
12597,20307968
12598,20311040
12599,20314112
12600,20317184
12601,20320256
12602,20323328
12603,20326400
12604,20329472
12605,20332544
12606,20335616
12607,20338688
12608,20341760
12609,20344832
12610,20347904
12611,20350976
12612,20354048
12613,20357120
12614,20360192
12615,20363264
12616,20366336
12617,20369408
12618,20372480
12619,20375552
12620,20378624
12621,20381696
12622,20384768
12623,20387840
12624,20390912
12625,20393984
12626,20397056
12627,20400128
12628,20403200
12629,20406272
12630,20409344
12631,20412416
12632,20415488
12633,20418560
12634,20421632
12635,20424704
12636,20427776
12637,20430848
12638,20433920
12639,20436992
12640,20440064
12641,20443136
12642,20446208
12643,20449280
12644,20452352
12645,20455424
12646,20458496
12647,20461568
12648,20464640
12649,20467712
12650,20470784
12651,20473856
12652,20476928
12653,20480000
12654,20483072
12655,20486144
12656,20489216
12657,20492288
12658,20495360
12659,20498432
12660,20501504
12661,20504576
12662,20507648
12663,20510720
12664,20513792
12665,20516864
12666,20519936
12667,20523008
12668,20526080
12669,20529152
12670,20532224
12671,20535296
12672,20538368
12673,20541440
12674,20544512
12675,20547584
12676,20550656
12677,20553728
12678,20556800
12679,20559872
12680,20562944
12681,20566016
12682,20569088
12683,20572160
12684,20575232
12685,20578304
12686,20581376
12687,20584448
12688,20587520
12689,20590592
12690,20593664
12691,20596736
12692,20599808
12693,20602880
12694,20605952
12695,20609024
12696,20612096
12697,20615168
12698,20618240
12699,20621312
12700,20624384
12701,20627456
12702,20630528
12703,20633600
12704,20636672
12705,20639744
12706,20642816
12707,20645888
12708,20648960
12709,20652032
12710,20655104
12711,20658176
12712,20661248
12713,20664320
12714,20667392
12715,20670464
12716,20673536
12717,20676608
12718,20679680
12719,20682752
12720,20685824
12721,20688896
12722,20691968
12723,20695040
12724,20698112
12725,20701184
12726,20704256
12727,20707328
12728,20710400
12729,20713472
12730,20716544
12731,20719616
12732,20722688
12733,20725760
12734,20728832
12735,20731904
12736,20734976
12737,20738048
12738,20741120
12739,20744192
12740,20747264
12741,20750336
12742,20753408
12743,20756480
12744,20759552
12745,20762624
12746,20765696
12747,20768768
12748,20771840
12749,20774912
12750,20777984
12751,20781056
12752,20784128
12753,20787200
12754,20790272
12755,20793344
12756,20796416
12757,20799488
12758,20802560
12759,20805632
12760,20808704
12761,20811776
12762,20814848
12763,20817920
12764,20820992
12765,20824064
12766,20827136
12767,20830208
12768,20833280
12769,20836352
12770,20839424
12771,20842496
12772,20845568
12773,20848640
12774,20851712
12775,20854784
12776,20857856
12777,20860928
12778,20864000
12779,20867072
12780,20870144
12781,20873216
12782,20876288
12783,20879360
12784,20882432
12785,20885504
12786,20888576
12787,20891648
12788,20894720
12789,20897792
12790,20900864
12791,20903936
12792,20907008
12793,20910080
12794,20913152
12795,20916224
12796,20919296
12797,20922368
12798,20925440
12799,20928512
12800,20931584
12801,20934656
12802,20937728
12803,20940800
12804,20943872
12805,20946944
12806,20950016
12807,20953088
12808,20956160
12809,20959232
12810,20962304
12811,20965376
12812,20968448
12813,20971520
12814,20974592
12815,20977664
12816,20980736
12817,20983808
12818,20986880
12819,20989952
12820,20993024
12821,20996096
12822,20999168
12823,21002240
12824,21005312
12825,21008384
12826,21011456
12827,21014528
12828,21017600
12829,21020672
12830,21023744
12831,21026816
12832,21029888
12833,21032960
12834,21036032
12835,21039104
12836,21042176
12837,21045248
12838,21048320
12839,21051392
12840,21054464
12841,21057536
12842,21060608
12843,21063680
12844,21066752
12845,21069824
12846,21072896
12847,21075968
12848,21079040
12849,21082112
12850,21085184
12851,21088256
12852,21091328
12853,21094400
12854,21097472
12855,21100544
12856,21103616
12857,21107712
12858,21111808
12859,21115904
12860,21120000
12861,21124096
12862,21128192
12863,21132288
12864,21136384
12865,21140480
12866,21144576
12867,21148672
12868,21152768
12869,21156864
12870,21160960
12871,21165056
12872,21169152
12873,21173248
12874,21177344
12875,21181440
12876,21185536
12877,21189632
12878,21193728
12879,21197824
12880,21201920
12881,21206016
12882,21210112
12883,21214208
12884,21218304
12885,21222400
12886,21226496
12887,21230592
12888,21234688
12889,21238784
12890,21242880
12891,21246976
12892,21251072
12893,21255168
12894,21259264
12895,21263360
12896,21267456
12897,21271552
12898,21275648
12899,21279744
12900,21283840
12901,21287936
12902,21292032
12903,21296128
12904,21300224
12905,21304320
12906,21308416
12907,21312512
12908,21316608
12909,21320704
12910,21324800
12911,21328896
12912,21332992
12913,21337088
12914,21341184
12915,21345280
12916,21349376
12917,21353472
12918,21357568
12919,21361664
12920,21365760
12921,21369856
12922,21373952
12923,21378048
12924,21382144
12925,21386240
12926,21390336
12927,21394432
12928,21398528
12929,21402624
12930,21406720
12931,21410816
12932,21414912
12933,21419008
12934,21423104
12935,21427200
12936,21431296
12937,21435392
12938,21439488
12939,21443584
12940,21447680
12941,21451776
12942,21455872
12943,21459968
12944,21464064
12945,21468160
12946,21472256
12947,21476352
12948,21480448
12949,21484544
12950,21488640
12951,21492736
12952,21496832
12953,21500928
12954,21505024
12955,21509120
12956,21513216
12957,21517312
12958,21521408
12959,21525504
12960,21529600
12961,21533696
12962,21537792
12963,21541888
12964,21545984
12965,21550080
12966,21554176
12967,21558272
12968,21562368
12969,21566464
12970,21570560
12971,21574656
12972,21578752
12973,21582848
12974,21586944
12975,21591040
12976,21595136
12977,21599232
12978,21603328
12979,21607424
12980,21611520
12981,21615616
12982,21619712
12983,21623808
12984,21627904
12985,21632000
12986,21636096
12987,21640192
12988,21644288
12989,21648384
12990,21652480
12991,21656576
12992,21660672
12993,21664768
12994,21668864
12995,21672960
12996,21677056
12997,21681152
12998,21685248
12999,21689344
13000,21693440
13001,21697536
13002,21701632
13003,21705728
13004,21709824
13005,21713920
13006,21718016
13007,21722112
13008,21726208
13009,21730304
13010,21734400
13011,21738496
13012,21742592
13013,21746688
13014,21750784
13015,21754880
13016,21758976
13017,21763072
13018,21767168
13019,21771264
13020,21775360
13021,21779456
13022,21783552
13023,21787648
13024,21791744
13025,21795840
13026,21799936
13027,21804032
13028,21808128
13029,21812224
13030,21816320
13031,21820416
13032,21824512
13033,21828608
13034,21832704
13035,21836800
13036,21840896
13037,21844992
13038,21849088
13039,21853184
13040,21857280
13041,21861376
13042,21865472
13043,21869568
13044,21873664
13045,21877760
13046,21881856
13047,21885952
13048,21890048
13049,21894144
13050,21898240
13051,21902336
13052,21906432
13053,21910528
13054,21914624
13055,21918720
13056,21922816
13057,21926912
13058,21931008
13059,21935104
13060,21939200
13061,21943296
13062,21947392
13063,21951488
13064,21955584
13065,21959680
13066,21963776
13067,21967872
13068,21971968
13069,21976064
13070,21980160
13071,21984256
13072,21988352
13073,21992448
13074,21996544
13075,22000640
13076,22004736
13077,22008832
13078,22012928
13079,22017024
13080,22021120
13081,22025216
13082,22029312
13083,22033408
13084,22037504
13085,22041600
13086,22045696
13087,22049792
13088,22053888
13089,22057984
13090,22062080
13091,22066176
13092,22070272
13093,22074368
13094,22078464
13095,22082560
13096,22086656
13097,22090752
13098,22094848
13099,22098944
13100,22103040
13101,22107136
13102,22111232
13103,22115328
13104,22119424
13105,22123520
13106,22127616
13107,22131712
13108,22135808
13109,22139904
13110,22144000
13111,22148096
13112,22152192
13113,22156288
13114,22160384
13115,22164480
13116,22168576
13117,22172672
13118,22176768
13119,22180864
13120,22184960
13121,22189056
13122,22193152
13123,22197248
13124,22201344
13125,22205440
13126,22209536
13127,22213632
13128,22217728
13129,22221824
13130,22225920
13131,22230016
13132,22234112
13133,22238208
13134,22242304
13135,22246400
13136,22250496
13137,22254592
13138,22258688
13139,22262784
13140,22266880
13141,22270976
13142,22275072
13143,22279168
13144,22283264
13145,22287360
13146,22291456
13147,22295552
13148,22299648
13149,22303744
13150,22307840
13151,22311936
13152,22316032
13153,22320128
13154,22324224
13155,22328320
13156,22332416
13157,22336512
13158,22340608
13159,22344704
13160,22348800
13161,22352896
13162,22356992
13163,22361088
13164,22365184
13165,22369280
13166,22373376
13167,22377472
13168,22381568
13169,22385664
13170,22389760
13171,22393856
13172,22397952
13173,22402048
13174,22406144
13175,22410240
13176,22414336
13177,22418432
13178,22422528
13179,22426624
13180,22430720
13181,22434816
13182,22438912
13183,22443008
13184,22447104
13185,22451200
13186,22455296
13187,22459392
13188,22463488
13189,22467584
13190,22471680
13191,22475776
13192,22479872
13193,22483968
13194,22488064
13195,22492160
13196,22496256
13197,22500352
13198,22504448
13199,22508544
13200,22512640
13201,22516736
13202,22520832
13203,22524928
13204,22529024
13205,22533120
13206,22537216
13207,22541312
13208,22545408
13209,22549504
13210,22553600
13211,22557696
13212,22561792
13213,22565888
13214,22569984
13215,22574080
13216,22578176
13217,22582272
13218,22586368
13219,22590464
13220,22594560
13221,22598656
13222,22602752
13223,22606848
13224,22610944
13225,22615040
13226,22619136
13227,22623232
13228,22627328
13229,22631424
13230,22635520
13231,22639616
13232,22643712
13233,22647808
13234,22651904
13235,22656000
13236,22660096
13237,22664192
13238,22668288
13239,22672384
13240,22676480
13241,22680576
13242,22684672
13243,22688768
13244,22692864
13245,22696960
13246,22701056
13247,22705152
13248,22709248
13249,22713344
13250,22717440
13251,22721536
13252,22725632
13253,22729728
13254,22733824
13255,22737920
13256,22742016
13257,22746112
13258,22750208
13259,22754304
13260,22758400
13261,22762496
13262,22766592
13263,22770688
13264,22774784
13265,22778880
13266,22782976
13267,22787072
13268,22791168
13269,22795264
13270,22799360
13271,22803456
13272,22807552
13273,22811648
13274,22815744
13275,22819840
13276,22823936
13277,22828032
13278,22832128
13279,22836224
13280,22840320
13281,22844416
13282,22848512
13283,22852608
13284,22856704
13285,22860800
13286,22864896
13287,22868992
13288,22873088
13289,22877184
13290,22881280
13291,22885376
13292,22889472
13293,22893568
13294,22897664
13295,22901760
13296,22905856
13297,22909952
13298,22914048
13299,22918144
13300,22922240
13301,22926336
13302,22930432
13303,22934528
13304,22938624
13305,22942720
13306,22946816
13307,22950912
13308,22955008
13309,22959104
13310,22963200
13311,22967296
13312,22971392
13313,22975488
13314,22979584
13315,22983680
13316,22987776
13317,22991872
13318,22995968
13319,23000064
13320,23004160
13321,23008256
13322,23012352
13323,23016448
13324,23020544
13325,23024640
13326,23028736
13327,23032832
13328,23036928
13329,23041024
13330,23045120
13331,23049216
13332,23053312
13333,23057408
13334,23061504
13335,23065600
13336,23069696
13337,23073792
13338,23077888
13339,23081984
13340,23086080
13341,23090176
13342,23094272
13343,23098368
13344,23102464
13345,23106560
13346,23110656
13347,23114752
13348,23118848
13349,23122944
13350,23127040
13351,23131136
13352,23135232
13353,23139328
13354,23143424
13355,23147520
13356,23151616
13357,23155712
13358,23159808
13359,23163904
13360,23168000
13361,23172096
13362,23176192
13363,23180288
13364,23184384
13365,23188480
13366,23192576
13367,23196672
13368,23200768
13369,23204864
13370,23208960
13371,23213056
13372,23217152
13373,23221248
13374,23225344
13375,23229440
13376,23233536
13377,23237632
13378,23241728
13379,23245824
13380,23249920
13381,23254016
13382,23258112
13383,23262208
13384,23266304
13385,23270400
13386,23274496
13387,23278592
13388,23282688
13389,23286784
13390,23290880
13391,23294976
13392,23299072
13393,23303168
13394,23307264
13395,23311360
13396,23315456
13397,23319552
13398,23323648
13399,23327744
13400,23331840
13401,23335936
13402,23340032
13403,23344128
13404,23348224
13405,23352320
13406,23356416
13407,23360512
13408,23364608
13409,23368704
13410,23372800
13411,23376896
13412,23380992
13413,23385088
13414,23389184
13415,23393280
13416,23397376
13417,23401472
13418,23405568
13419,23409664
13420,23413760
13421,23417856
13422,23421952
13423,23426048
13424,23430144
13425,23434240
13426,23438336
13427,23442432
13428,23446528
13429,23450624
13430,23454720
13431,23458816
13432,23462912
13433,23467008
13434,23471104
13435,23475200
13436,23479296
13437,23483392
13438,23487488
13439,23491584
13440,23495680
13441,23499776
13442,23503872
13443,23507968
13444,23512064
13445,23516160
13446,23520256
13447,23524352
13448,23528448
13449,23532544
13450,23536640
13451,23540736
13452,23544832
13453,23548928
13454,23553024
13455,23557120
13456,23561216
13457,23565312
13458,23569408
13459,23573504
13460,23577600
13461,23581696
13462,23585792
13463,23589888
13464,23593984
13465,23598080
13466,23602176
13467,23606272
13468,23610368
13469,23614464
13470,23618560
13471,23622656
13472,23626752
13473,23630848
13474,23634944
13475,23639040
13476,23643136
13477,23647232
13478,23651328
13479,23655424
13480,23659520
13481,23663616
13482,23667712
13483,23671808
13484,23675904
13485,23680000
13486,23684096
13487,23688192
13488,23692288
13489,23696384
13490,23700480
13491,23704576
13492,23708672
13493,23712768
13494,23716864
13495,23720960
13496,23725056
13497,23729152
13498,23733248
13499,23737344
13500,23741440
13501,23745536
13502,23749632
13503,23753728
13504,23757824
13505,23761920
13506,23766016
13507,23770112
13508,23774208
13509,23778304
13510,23782400
13511,23786496
13512,23790592
13513,23794688
13514,23798784
13515,23802880
13516,23806976
13517,23811072
13518,23815168
13519,23819264
13520,23823360
13521,23827456
13522,23831552
13523,23835648
13524,23839744
13525,23843840
13526,23847936
13527,23852032
13528,23856128
13529,23860224
13530,23864320
13531,23868416
13532,23872512
13533,23876608
13534,23880704
13535,23884800
13536,23888896
13537,23892992
13538,23897088
13539,23901184
13540,23905280
13541,23909376
13542,23913472
13543,23917568
13544,23921664
13545,23925760
13546,23929856
13547,23933952
13548,23938048
13549,23942144
13550,23946240
13551,23950336
13552,23954432
13553,23958528
13554,23962624
13555,23966720
13556,23970816
13557,23974912
13558,23979008
13559,23983104
13560,23987200
13561,23991296
13562,23995392
13563,23999488
13564,24003584
13565,24007680
13566,24011776
13567,24015872
13568,24019968
13569,24024064
13570,24028160
13571,24032256
13572,24036352
13573,24040448
13574,24044544
13575,24048640
13576,24052736
13577,24056832
13578,24060928
13579,24065024
13580,24069120
13581,24073216
13582,24077312
13583,24081408
13584,24085504
13585,24089600
13586,24093696
13587,24097792
13588,24101888
13589,24105984
13590,24110080
13591,24114176
13592,24118272
13593,24122368
13594,24126464
13595,24130560
13596,24134656
13597,24138752
13598,24142848
13599,24146944
13600,24151040
13601,24155136
13602,24159232
13603,24163328
13604,24167424
13605,24171520
13606,24175616
13607,24179712
13608,24183808
13609,24187904
13610,24192000
13611,24196096
13612,24200192
13613,24204288
13614,24208384
13615,24212480
13616,24216576
13617,24220672
13618,24224768
13619,24228864
13620,24232960
13621,24237056
13622,24241152
13623,24245248
13624,24249344
13625,24253440
13626,24257536
13627,24261632
13628,24265728
13629,24269824
13630,24273920
13631,24278016
13632,24282112
13633,24286208
13634,24290304
13635,24294400
13636,24298496
13637,24302592
13638,24306688
13639,24310784
13640,24314880
13641,24318976
13642,24323072
13643,24327168
13644,24331264
13645,24335360
13646,24339456
13647,24343552
13648,24347648
13649,24351744
13650,24355840
13651,24359936
13652,24364032
13653,24368128
13654,24372224
13655,24376320
13656,24380416
13657,24384512
13658,24388608
13659,24392704
13660,24396800
13661,24400896
13662,24404992
13663,24409088
13664,24413184
13665,24417280
13666,24421376
13667,24425472
13668,24429568
13669,24433664
13670,24437760
13671,24441856
13672,24445952
13673,24450048
13674,24454144
13675,24458240
13676,24462336
13677,24466432
13678,24470528
13679,24474624
13680,24478720
13681,24482816
13682,24486912
13683,24491008
13684,24495104
13685,24499200
13686,24503296
13687,24507392
13688,24511488
13689,24515584
13690,24519680
13691,24523776
13692,24527872
13693,24531968
13694,24536064
13695,24540160
13696,24544256
13697,24548352
13698,24552448
13699,24556544
13700,24560640
13701,24564736
13702,24568832
13703,24572928
13704,24577024
13705,24581120
13706,24585216
13707,24589312
13708,24593408
13709,24597504
13710,24601600
13711,24605696
13712,24609792
13713,24613888
13714,24617984
13715,24622080
13716,24626176
13717,24630272
13718,24634368
13719,24638464
13720,24642560
13721,24646656
13722,24650752
13723,24654848
13724,24658944
13725,24663040
13726,24667136
13727,24671232
13728,24675328
13729,24679424
13730,24683520
13731,24687616
13732,24691712
13733,24695808
13734,24699904
13735,24704000
13736,24708096
13737,24712192
13738,24716288
13739,24720384
13740,24724480
13741,24728576
13742,24732672
13743,24736768
13744,24740864
13745,24744960
13746,24749056
13747,24753152
13748,24757248
13749,24761344
13750,24765440
13751,24769536
13752,24773632
13753,24777728
13754,24781824
13755,24785920
13756,24790016
13757,24794112
13758,24798208
13759,24802304
13760,24806400
13761,24810496
13762,24814592
13763,24818688
13764,24822784
13765,24826880
13766,24830976
13767,24835072
13768,24839168
13769,24843264
13770,24847360
13771,24851456
13772,24855552
13773,24859648
13774,24863744
13775,24867840
13776,24871936
13777,24876032
13778,24880128
13779,24884224
13780,24888320
13781,24892416
13782,24896512
13783,24900608
13784,24904704
13785,24908800
13786,24912896
13787,24916992
13788,24921088
13789,24925184
13790,24929280
13791,24933376
13792,24937472
13793,24941568
13794,24945664
13795,24949760
13796,24953856
13797,24957952
13798,24962048
13799,24966144
13800,24970240
13801,24974336
13802,24978432
13803,24982528
13804,24986624
13805,24990720
13806,24994816
13807,24998912
13808,25003008
13809,25007104
13810,25011200
13811,25015296
13812,25019392
13813,25023488
13814,25027584
13815,25031680
13816,25035776
13817,25039872
13818,25043968
13819,25048064
13820,25052160
13821,25056256
13822,25060352
13823,25064448
13824,25068544
13825,25072640
13826,25076736
13827,25080832
13828,25084928
13829,25089024
13830,25093120
13831,25097216
13832,25101312
13833,25105408
13834,25109504
13835,25113600
13836,25117696
13837,25121792
13838,25125888
13839,25129984
13840,25134080
13841,25138176
13842,25142272
13843,25146368
13844,25150464
13845,25154560
13846,25158656
13847,25162752
13848,25166848
13849,25170944
13850,25175040
13851,25179136
13852,25183232
13853,25187328
13854,25191424
13855,25195520
13856,25199616
13857,25203712
13858,25207808
13859,25211904
13860,25216000
13861,25220096
13862,25224192
13863,25228288
13864,25232384
13865,25236480
13866,25240576
13867,25244672
13868,25248768
13869,25252864
13870,25256960
13871,25261056
13872,25265152
13873,25269248
13874,25273344
13875,25277440
13876,25281536
13877,25285632
13878,25289728
13879,25293824
13880,25297920
13881,25302016
13882,25306112
13883,25310208
13884,25314304
13885,25318400
13886,25322496
13887,25326592
13888,25330688
13889,25334784
13890,25338880
13891,25342976
13892,25347072
13893,25351168
13894,25355264
13895,25359360
13896,25363456
13897,25367552
13898,25371648
13899,25375744
13900,25379840
13901,25383936
13902,25388032
13903,25392128
13904,25396224
13905,25400320
13906,25404416
13907,25408512
13908,25412608
13909,25416704
13910,25420800
13911,25424896
13912,25428992
13913,25433088
13914,25437184
13915,25441280
13916,25445376
13917,25449472
13918,25453568
13919,25457664
13920,25461760
13921,25465856
13922,25469952
13923,25474048
13924,25478144
13925,25482240
13926,25486336
13927,25490432
13928,25494528
13929,25498624
13930,25502720
13931,25506816
13932,25510912
13933,25515008
13934,25519104
13935,25523200
13936,25527296
13937,25531392
13938,25535488
13939,25539584
13940,25543680
13941,25547776
13942,25551872
13943,25555968
13944,25560064
13945,25564160
13946,25568256
13947,25572352
13948,25576448
13949,25580544
13950,25584640
13951,25588736
13952,25592832
13953,25596928
13954,25601024
13955,25605120
13956,25609216
13957,25613312
13958,25617408
13959,25621504
13960,25625600
13961,25629696
13962,25633792
13963,25637888
13964,25641984
13965,25646080
13966,25650176
13967,25654272
13968,25658368
13969,25662464
13970,25666560
13971,25670656
13972,25674752
13973,25678848
13974,25682944
13975,25687040
13976,25691136
13977,25695232
13978,25699328
13979,25703424
13980,25707520
13981,25711616
13982,25715712
13983,25719808
13984,25723904
13985,25728000
13986,25732096
13987,25736192
13988,25740288
13989,25744384
13990,25748480
13991,25752576
13992,25756672
13993,25760768
13994,25764864
13995,25768960
13996,25773056
13997,25777152
13998,25781248
13999,25785344
14000,25789440
14001,25793536
14002,25797632
14003,25801728
14004,25805824
14005,25809920
14006,25814016
14007,25818112
14008,25822208
14009,25826304
14010,25830400
14011,25834496
14012,25838592
14013,25842688
14014,25846784
14015,25850880
14016,25854976
14017,25859072
14018,25863168
14019,25867264
14020,25871360
14021,25875456
14022,25879552
14023,25883648
14024,25887744
14025,25891840
14026,25895936
14027,25900032
14028,25904128
14029,25908224
14030,25912320
14031,25916416
14032,25920512
14033,25924608
14034,25928704
14035,25932800
14036,25936896
14037,25940992
14038,25945088
14039,25949184
14040,25953280
14041,25957376
14042,25961472
14043,25965568
14044,25969664
14045,25973760
14046,25977856
14047,25981952
14048,25986048
14049,25990144
14050,25994240
14051,25998336
14052,26002432
14053,26006528
14054,26010624
14055,26014720
14056,26018816
14057,26022912
14058,26027008
14059,26031104
14060,26035200
14061,26039296
14062,26043392
14063,26047488
14064,26051584
14065,26055680
14066,26059776
14067,26063872
14068,26067968
14069,26072064
14070,26076160
14071,26080256
14072,26084352
14073,26088448
14074,26092544
14075,26096640
14076,26100736
14077,26104832
14078,26108928
14079,26113024
14080,26117120
14081,26121216
14082,26125312
14083,26129408
14084,26133504
14085,26137600
14086,26141696
14087,26145792
14088,26149888
14089,26153984
14090,26158080
14091,26162176
14092,26166272
14093,26170368
14094,26174464
14095,26178560
14096,26182656
14097,26186752
14098,26190848
14099,26194944
14100,26199040
14101,26203136
14102,26207232
14103,26211328
14104,26215424
14105,26219520
14106,26223616
14107,26227712
14108,26231808
14109,26235904
14110,26240000
14111,26244096
14112,26248192
14113,26252288
14114,26256384
14115,26260480
14116,26264576
14117,26268672
14118,26272768
14119,26276864
14120,26280960
14121,26285056
14122,26289152
14123,26293248
14124,26297344
14125,26301440
14126,26305536
14127,26309632
14128,26313728
14129,26317824
14130,26321920
14131,26326016
14132,26330112
14133,26334208
14134,26338304
14135,26342400
14136,26346496
14137,26350592
14138,26354688
14139,26358784
14140,26362880
14141,26366976
14142,26371072
14143,26375168
14144,26379264
14145,26383360
14146,26387456
14147,26391552
14148,26395648
14149,26399744
14150,26403840
14151,26407936
14152,26412032
14153,26416128
14154,26420224
14155,26424320
14156,26428416
14157,26432512
14158,26436608
14159,26440704
14160,26444800
14161,26448896
14162,26452992
14163,26457088
14164,26461184
14165,26465280
14166,26469376
14167,26473472
14168,26477568
14169,26481664
14170,26485760
14171,26489856
14172,26493952
14173,26498048
14174,26502144
14175,26506240
14176,26510336
14177,26514432
14178,26518528
14179,26522624
14180,26526720
14181,26530816
14182,26534912
14183,26539008
14184,26543104
14185,26547200
14186,26551296
14187,26555392
14188,26559488
14189,26563584
14190,26567680
14191,26571776
14192,26575872
14193,26579968
14194,26584064
14195,26588160
14196,26592256
14197,26596352
14198,26600448
14199,26604544
14200,26608640
14201,26612736
14202,26616832
14203,26620928
14204,26625024
14205,26629120
14206,26633216
14207,26637312
14208,26641408
14209,26645504
14210,26649600
14211,26653696
14212,26657792
14213,26661888
14214,26665984
14215,26670080
14216,26674176
14217,26678272
14218,26682368
14219,26686464
14220,26690560
14221,26694656
14222,26698752
14223,26702848
14224,26706944
14225,26711040
14226,26715136
14227,26719232
14228,26723328
14229,26727424
14230,26731520
14231,26735616
14232,26739712
14233,26743808
14234,26747904
14235,26752000
14236,26756096
14237,26760192
14238,26764288
14239,26768384
14240,26772480
14241,26776576
14242,26780672
14243,26784768
14244,26788864
14245,26792960
14246,26797056
14247,26801152
14248,26805248
14249,26809344
14250,26813440
14251,26817536
14252,26821632
14253,26825728
14254,26829824
14255,26833920
14256,26838016
14257,26842112
14258,26846208
14259,26850304
14260,26854400
14261,26858496
14262,26862592
14263,26866688
14264,26870784
14265,26874880
14266,26878976
14267,26883072
14268,26887168
14269,26891264
14270,26895360
14271,26899456
14272,26903552
14273,26907648
14274,26911744
14275,26915840
14276,26919936
14277,26924032
14278,26928128
14279,26932224
14280,26936320
14281,26940416
14282,26944512
14283,26948608
14284,26952704
14285,26956800
14286,26960896
14287,26964992
14288,26969088
14289,26973184
14290,26977280
14291,26981376
14292,26985472
14293,26989568
14294,26993664
14295,26997760
14296,27001856
14297,27005952
14298,27010048
14299,27014144
14300,27018240
14301,27022336
14302,27026432
14303,27030528
14304,27034624
14305,27038720
14306,27042816
14307,27046912
14308,27051008
14309,27055104
14310,27059200
14311,27063296
14312,27067392
14313,27071488
14314,27075584
14315,27079680
14316,27083776
14317,27087872
14318,27091968
14319,27096064
14320,27100160
14321,27104256
14322,27108352
14323,27112448
14324,27116544
14325,27120640
14326,27124736
14327,27128832
14328,27132928
14329,27137024
14330,27141120
14331,27145216
14332,27149312
14333,27153408
14334,27157504
14335,27161600
14336,27165696
14337,27169792
14338,27173888
14339,27177984
14340,27182080
14341,27186176
14342,27190272
14343,27194368
14344,27198464
14345,27202560
14346,27206656
14347,27210752
14348,27214848
14349,27218944
14350,27223040
14351,27227136
14352,27231232
14353,27235328
14354,27239424
14355,27243520
14356,27247616
14357,27251712
14358,27255808
14359,27259904
14360,27264000
14361,27268096
14362,27272192
14363,27276288
14364,27280384
14365,27284480
14366,27288576
14367,27292672
14368,27296768
14369,27300864
14370,27304960
14371,27309056
14372,27313152
14373,27317248
14374,27321344
14375,27325440
14376,27329536
14377,27333632
14378,27337728
14379,27341824
14380,27345920
14381,27350016
14382,27354112
14383,27358208
14384,27362304
14385,27366400
14386,27370496
14387,27374592
14388,27378688
14389,27382784
14390,27386880
14391,27390976
14392,27395072
14393,27399168
14394,27403264
14395,27407360
14396,27411456
14397,27415552
14398,27419648
14399,27423744
14400,27427840
14401,27431936
14402,27436032
14403,27440128
14404,27444224
14405,27448320
14406,27452416
14407,27456512
14408,27460608
14409,27464704
14410,27468800
14411,27472896
14412,27476992
14413,27481088
14414,27485184
14415,27489280
14416,27493376
14417,27497472
14418,27501568
14419,27505664
14420,27509760
14421,27513856
14422,27517952
14423,27522048
14424,27526144
14425,27530240
14426,27534336
14427,27538432
14428,27542528
14429,27546624
14430,27550720
14431,27554816
14432,27558912
14433,27563008
14434,27567104
14435,27571200
14436,27575296
14437,27579392
14438,27583488
14439,27587584
14440,27591680
14441,27595776
14442,27599872
14443,27603968
14444,27608064
14445,27612160
14446,27616256
14447,27620352
14448,27624448
14449,27628544
14450,27632640
14451,27636736
14452,27640832
14453,27644928
14454,27649024
14455,27653120
14456,27657216
14457,27661312
14458,27665408
14459,27669504
14460,27673600
14461,27677696
14462,27681792
14463,27685888
14464,27689984
14465,27694080
14466,27698176
14467,27702272
14468,27706368
14469,27710464
14470,27714560
14471,27718656
14472,27722752
14473,27726848
14474,27730944
14475,27735040
14476,27739136
14477,27743232
14478,27747328
14479,27751424
14480,27755520
14481,27759616
14482,27763712
14483,27767808
14484,27771904
14485,27776000
14486,27780096
14487,27784192
14488,27788288
14489,27792384
14490,27796480
14491,27800576
14492,27804672
14493,27808768
14494,27812864
14495,27816960
14496,27821056
14497,27825152
14498,27829248
14499,27833344
14500,27837440
14501,27841536
14502,27845632
14503,27849728
14504,27853824
14505,27857920
14506,27862016
14507,27866112
14508,27870208
14509,27874304
14510,27878400
14511,27882496
14512,27886592
14513,27890688
14514,27894784
14515,27898880
14516,27902976
14517,27907072
14518,27911168
14519,27915264
14520,27919360
14521,27923456
14522,27927552
14523,27931648
14524,27935744
14525,27939840
14526,27943936
14527,27948032
14528,27952128
14529,27956224
14530,27960320
14531,27964416
14532,27968512
14533,27972608
14534,27976704
14535,27980800
14536,27984896
14537,27988992
14538,27993088
14539,27997184
14540,28001280
14541,28005376
14542,28009472
14543,28013568
14544,28017664
14545,28021760
14546,28025856
14547,28029952
14548,28034048
14549,28038144
14550,28042240
14551,28046336
14552,28050432
14553,28054528
14554,28058624
14555,28062720
14556,28066816
14557,28070912
14558,28075008
14559,28079104
14560,28083200
14561,28087296
14562,28091392
14563,28095488
14564,28099584
14565,28103680
14566,28107776
14567,28111872
14568,28115968
14569,28120064
14570,28124160
14571,28128256
14572,28132352
14573,28136448
14574,28140544
14575,28144640
14576,28148736
14577,28152832
14578,28156928
14579,28161024
14580,28165120
14581,28169216
14582,28173312
14583,28177408
14584,28181504
14585,28185600
14586,28189696
14587,28193792
14588,28197888
14589,28201984
14590,28206080
14591,28210176
14592,28214272
14593,28218368
14594,28222464
14595,28226560
14596,28230656
14597,28234752
14598,28238848
14599,28242944
14600,28247040
14601,28251136
14602,28255232
14603,28259328
14604,28263424
14605,28267520
14606,28271616
14607,28275712
14608,28279808
14609,28283904
14610,28288000
14611,28292096
14612,28296192
14613,28300288
14614,28304384
14615,28308480
14616,28312576
14617,28316672
14618,28320768
14619,28324864
14620,28328960
14621,28333056
14622,28337152
14623,28341248
14624,28345344
14625,28349440
14626,28353536
14627,28357632
14628,28361728
14629,28365824
14630,28369920
14631,28374016
14632,28378112
14633,28382208
14634,28386304
14635,28390400
14636,28394496
14637,28398592
14638,28402688
14639,28406784
14640,28410880
14641,28414976
14642,28419072
14643,28423168
14644,28427264
14645,28431360
14646,28435456
14647,28439552
14648,28443648
14649,28447744
14650,28451840
14651,28455936
14652,28460032
14653,28464128
14654,28468224
14655,28472320
14656,28476416
14657,28480512
14658,28484608
14659,28488704
14660,28492800
14661,28496896
14662,28500992
14663,28505088
14664,28509184
14665,28513280
14666,28517376
14667,28521472
14668,28525568
14669,28529664
14670,28533760
14671,28537856
14672,28541952
14673,28546048
14674,28551168
14675,28556288
14676,28561408
14677,28566528
14678,28571648
14679,28576768
14680,28581888
14681,28587008
14682,28592128
14683,28597248
14684,28602368
14685,28607488
14686,28612608
14687,28617728
14688,28622848
14689,28627968
14690,28633088
14691,28638208
14692,28643328
14693,28648448
14694,28653568
14695,28658688
14696,28663808
14697,28668928
14698,28674048
14699,28679168
14700,28684288
14701,28689408
14702,28694528
14703,28699648
14704,28704768
14705,28709888
14706,28715008
14707,28720128
14708,28725248
14709,28730368
14710,28735488
14711,28740608
14712,28745728
14713,28750848
14714,28755968
14715,28761088
14716,28766208
14717,28771328
14718,28776448
14719,28781568
14720,28786688
14721,28791808
14722,28796928
14723,28802048
14724,28807168
14725,28812288
14726,28817408
14727,28822528
14728,28827648
14729,28832768
14730,28837888
14731,28843008
14732,28848128
14733,28853248
14734,28858368
14735,28863488
14736,28868608
14737,28873728
14738,28878848
14739,28883968
14740,28889088
14741,28894208
14742,28899328
14743,28904448
14744,28909568
14745,28914688
14746,28919808
14747,28924928
14748,28930048
14749,28935168
14750,28940288
14751,28945408
14752,28950528
14753,28955648
14754,28960768
14755,28965888
14756,28971008
14757,28976128
14758,28981248
14759,28986368
14760,28991488
14761,28996608
14762,29001728
14763,29006848
14764,29011968
14765,29017088
14766,29022208
14767,29027328
14768,29032448
14769,29037568
14770,29042688
14771,29047808
14772,29052928
14773,29058048
14774,29063168
14775,29068288
14776,29073408
14777,29078528
14778,29083648
14779,29088768
14780,29093888
14781,29099008
14782,29104128
14783,29109248
14784,29114368
14785,29119488
14786,29124608
14787,29129728
14788,29134848
14789,29139968
14790,29145088
14791,29150208
14792,29155328
14793,29160448
14794,29165568
14795,29170688
14796,29175808
14797,29180928
14798,29186048
14799,29191168
14800,29196288
14801,29201408
14802,29206528
14803,29211648
14804,29216768
14805,29221888
14806,29227008
14807,29232128
14808,29237248
14809,29242368
14810,29247488
14811,29252608
14812,29257728
14813,29262848
14814,29267968
14815,29273088
14816,29278208
14817,29283328
14818,29288448
14819,29293568
14820,29298688
14821,29303808
14822,29308928
14823,29314048
14824,29319168
14825,29324288
14826,29329408
14827,29334528
14828,29339648
14829,29344768
14830,29349888
14831,29355008
14832,29360128
14833,29365248
14834,29370368
14835,29375488
14836,29380608
14837,29385728
14838,29390848
14839,29395968
14840,29401088
14841,29406208
14842,29411328
14843,29416448
14844,29421568
14845,29426688
14846,29431808
14847,29436928
14848,29442048
14849,29447168
14850,29452288
14851,29457408
14852,29462528
14853,29467648
14854,29472768
14855,29477888
14856,29483008
14857,29488128
14858,29493248
14859,29498368
14860,29503488
14861,29508608
14862,29513728
14863,29518848
14864,29523968
14865,29529088
14866,29534208
14867,29539328
14868,29544448
14869,29549568
14870,29554688
14871,29559808
14872,29564928
14873,29570048
14874,29575168
14875,29580288
14876,29585408
14877,29590528
14878,29595648
14879,29600768
14880,29605888
14881,29611008
14882,29616128
14883,29621248
14884,29626368
14885,29631488
14886,29636608
14887,29641728
14888,29646848
14889,29651968
14890,29657088
14891,29662208
14892,29667328
14893,29672448
14894,29677568
14895,29682688
14896,29687808
14897,29692928
14898,29698048
14899,29703168
14900,29708288
14901,29713408
14902,29718528
14903,29723648
14904,29728768
14905,29733888
14906,29739008
14907,29744128
14908,29749248
14909,29754368
14910,29759488
14911,29764608
14912,29769728
14913,29774848
14914,29779968
14915,29785088
14916,29790208
14917,29795328
14918,29800448
14919,29805568
14920,29810688
14921,29815808
14922,29820928
14923,29826048
14924,29831168
14925,29836288
14926,29841408
14927,29846528
14928,29851648
14929,29856768
14930,29861888
14931,29867008
14932,29872128
14933,29877248
14934,29882368
14935,29887488
14936,29892608
14937,29897728
14938,29902848
14939,29907968
14940,29913088
14941,29918208
14942,29923328
14943,29928448
14944,29933568
14945,29938688
14946,29943808
14947,29948928
14948,29954048
14949,29959168
14950,29964288
14951,29969408
14952,29974528
14953,29979648
14954,29984768
14955,29989888
14956,29995008
14957,30000128
14958,30005248
14959,30010368
14960,30015488
14961,30020608
14962,30025728
14963,30030848
14964,30035968
14965,30041088
14966,30046208
14967,30051328
14968,30056448
14969,30061568
14970,30066688
14971,30071808
14972,30076928
14973,30082048
14974,30087168
14975,30092288
14976,30097408
14977,30102528
14978,30107648
14979,30112768
14980,30117888
14981,30123008
14982,30128128
14983,30133248
14984,30138368
14985,30143488
14986,30148608
14987,30153728
14988,30158848
14989,30163968
14990,30169088
14991,30174208
14992,30179328
14993,30184448
14994,30189568
14995,30194688
14996,30199808
14997,30204928
14998,30210048
14999,30215168
15000,30220288
15001,30225408
15002,30230528
15003,30235648
15004,30240768
15005,30245888
15006,30251008
15007,30256128
15008,30261248
15009,30266368
15010,30271488
15011,30276608
15012,30281728
15013,30286848
15014,30291968
15015,30297088
15016,30302208
15017,30307328
15018,30312448
15019,30317568
15020,30322688
15021,30327808
15022,30332928
15023,30338048
15024,30343168
15025,30348288
15026,30353408
15027,30358528
15028,30363648
15029,30368768
15030,30373888
15031,30379008
15032,30384128
15033,30389248
15034,30394368
15035,30399488
15036,30404608
15037,30409728
15038,30414848
15039,30419968
15040,30425088
15041,30430208
15042,30435328
15043,30440448
15044,30445568
15045,30450688
15046,30455808
15047,30460928
15048,30466048
15049,30471168
15050,30476288
15051,30481408
15052,30486528
15053,30491648
15054,30496768
15055,30501888
15056,30507008
15057,30512128
15058,30517248
15059,30522368
15060,30527488
15061,30532608
15062,30537728
15063,30542848
15064,30547968
15065,30553088
15066,30558208
15067,30563328
15068,30568448
15069,30573568
15070,30578688
15071,30583808
15072,30588928
15073,30594048
15074,30599168
15075,30604288
15076,30609408
15077,30614528
15078,30619648
15079,30624768
15080,30629888
15081,30635008
15082,30640128
15083,30645248
15084,30650368
15085,30655488
15086,30660608
15087,30665728
15088,30670848
15089,30675968
15090,30681088
15091,30686208
15092,30691328
15093,30696448
15094,30701568
15095,30706688
15096,30711808
15097,30716928
15098,30722048
15099,30727168
15100,30732288
15101,30737408
15102,30742528
15103,30747648
15104,30752768
15105,30757888
15106,30763008
15107,30768128
15108,30773248
15109,30778368
15110,30783488
15111,30788608
15112,30793728
15113,30798848
15114,30803968
15115,30809088
15116,30814208
15117,30819328
15118,30824448
15119,30829568
15120,30834688
15121,30839808
15122,30844928
15123,30850048
15124,30855168
15125,30860288
15126,30865408
15127,30870528
15128,30875648
15129,30880768
15130,30885888
15131,30891008
15132,30896128
15133,30901248
15134,30906368
15135,30911488
15136,30916608
15137,30921728
15138,30926848
15139,30931968
15140,30937088
15141,30942208
15142,30947328
15143,30952448
15144,30957568
15145,30962688
15146,30967808
15147,30972928
15148,30978048
15149,30983168
15150,30988288
15151,30993408
15152,30998528
15153,31003648
15154,31008768
15155,31013888
15156,31019008
15157,31024128
15158,31029248
15159,31034368
15160,31039488
15161,31044608
15162,31049728
15163,31054848
15164,31059968
15165,31065088
15166,31070208
15167,31075328
15168,31080448
15169,31085568
15170,31090688
15171,31095808
15172,31100928
15173,31106048
15174,31111168
15175,31116288
15176,31121408
15177,31126528
15178,31131648
15179,31136768
15180,31141888
15181,31147008
15182,31152128
15183,31157248
15184,31162368
15185,31167488
15186,31172608
15187,31177728
15188,31182848
15189,31187968
15190,31193088
15191,31198208
15192,31203328
15193,31208448
15194,31213568
15195,31218688
15196,31223808
15197,31228928
15198,31234048
15199,31239168
15200,31244288
15201,31249408
15202,31254528
15203,31259648
15204,31264768
15205,31269888
15206,31275008
15207,31280128
15208,31285248
15209,31290368
15210,31295488
15211,31300608
15212,31305728
15213,31310848
15214,31315968
15215,31321088
15216,31326208
15217,31331328
15218,31336448
15219,31341568
15220,31346688
15221,31351808
15222,31356928
15223,31362048
15224,31367168
15225,31372288
15226,31377408
15227,31382528
15228,31387648
15229,31392768
15230,31397888
15231,31403008
15232,31408128
15233,31413248
15234,31418368
15235,31423488
15236,31428608
15237,31433728
15238,31438848
15239,31443968
15240,31449088
15241,31454208
15242,31459328
15243,31464448
15244,31469568
15245,31474688
15246,31479808
15247,31484928
15248,31490048
15249,31495168
15250,31500288
15251,31505408
15252,31510528
15253,31515648
15254,31520768
15255,31525888
15256,31531008
15257,31536128
15258,31541248
15259,31546368
15260,31551488
15261,31556608
15262,31561728
15263,31566848
15264,31571968
15265,31577088
15266,31582208
15267,31587328
15268,31592448
15269,31597568
15270,31602688
15271,31607808
15272,31612928
15273,31618048
15274,31623168
15275,31628288
15276,31633408
15277,31638528
15278,31643648
15279,31648768
15280,31653888
15281,31659008
15282,31664128
15283,31669248
15284,31674368
15285,31679488
15286,31684608
15287,31689728
15288,31694848
15289,31699968
15290,31705088
15291,31710208
15292,31715328
15293,31720448
15294,31725568
15295,31730688
15296,31735808
15297,31740928
15298,31746048
15299,31751168
15300,31756288
15301,31761408
15302,31766528
15303,31771648
15304,31776768
15305,31781888
15306,31787008
15307,31792128
15308,31797248
15309,31802368
15310,31807488
15311,31812608
15312,31817728
15313,31822848
15314,31827968
15315,31833088
15316,31838208
15317,31843328
15318,31848448
15319,31853568
15320,31858688
15321,31863808
15322,31868928
15323,31874048
15324,31879168
15325,31884288
15326,31889408
15327,31894528
15328,31899648
15329,31904768
15330,31909888
15331,31915008
15332,31920128
15333,31925248
15334,31930368
15335,31935488
15336,31940608
15337,31945728
15338,31950848
15339,31955968
15340,31961088
15341,31966208
15342,31971328
15343,31976448
15344,31981568
15345,31986688
15346,31991808
15347,31996928
15348,32002048
15349,32007168
15350,32012288
15351,32017408
15352,32022528
15353,32027648
15354,32032768
15355,32037888
15356,32043008
15357,32048128
15358,32053248
15359,32058368
15360,32063488
15361,32068608
15362,32073728
15363,32078848
15364,32083968
15365,32089088
15366,32094208
15367,32099328
15368,32104448
15369,32109568
15370,32114688
15371,32119808
15372,32124928
15373,32130048
15374,32135168
15375,32140288
15376,32145408
15377,32150528
15378,32155648
15379,32160768
15380,32165888
15381,32171008
15382,32176128
15383,32181248
15384,32186368
15385,32191488
15386,32196608
15387,32201728
15388,32206848
15389,32211968
15390,32217088
15391,32222208
15392,32227328
15393,32232448
15394,32237568
15395,32242688
15396,32247808
15397,32252928
15398,32258048
15399,32263168
15400,32268288
15401,32273408
15402,32278528
15403,32283648
15404,32288768
15405,32293888
15406,32299008
15407,32304128
15408,32309248
15409,32314368
15410,32319488
15411,32324608
15412,32329728
15413,32334848
15414,32339968
15415,32345088
15416,32350208
15417,32355328
15418,32360448
15419,32365568
15420,32370688
15421,32375808
15422,32380928
15423,32386048
15424,32391168
15425,32396288
15426,32401408
15427,32406528
15428,32411648
15429,32416768
15430,32421888
15431,32427008
15432,32432128
15433,32437248
15434,32442368
15435,32447488
15436,32452608
15437,32457728
15438,32462848
15439,32467968
15440,32473088
15441,32478208
15442,32483328
15443,32488448
15444,32493568
15445,32498688
15446,32503808
15447,32508928
15448,32514048
15449,32519168
15450,32524288
15451,32529408
15452,32534528
15453,32539648
15454,32544768
15455,32549888
15456,32555008
15457,32560128
15458,32565248
15459,32570368
15460,32575488
15461,32580608
15462,32585728
15463,32590848
15464,32595968
15465,32601088
15466,32606208
15467,32611328
15468,32616448
15469,32621568
15470,32626688
15471,32631808
15472,32636928
15473,32642048
15474,32647168
15475,32652288
15476,32657408
15477,32662528
15478,32667648
15479,32672768
15480,32677888
15481,32683008
15482,32688128
15483,32693248
15484,32698368
15485,32703488
15486,32708608
15487,32713728
15488,32718848
15489,32723968
15490,32729088
15491,32734208
15492,32739328
15493,32744448
15494,32749568
15495,32754688
15496,32759808
15497,32764928
15498,32770048
15499,32775168
15500,32780288
15501,32785408
15502,32790528
15503,32795648
15504,32800768
15505,32805888
15506,32811008
15507,32816128
15508,32821248
15509,32826368
15510,32831488
15511,32836608
15512,32841728
15513,32846848
15514,32851968
15515,32857088
15516,32862208
15517,32867328
15518,32872448
15519,32877568
15520,32882688
15521,32887808
15522,32892928
15523,32898048
15524,32903168
15525,32908288
15526,32913408
15527,32918528
15528,32923648
15529,32928768
15530,32933888
15531,32939008
15532,32944128
15533,32949248
15534,32954368
15535,32959488
15536,32964608
15537,32969728
15538,32974848
15539,32979968
15540,32985088
15541,32990208
15542,32995328
15543,33000448
15544,33005568
15545,33010688
15546,33015808
15547,33020928
15548,33026048
15549,33031168
15550,33036288
15551,33041408
15552,33046528
15553,33051648
15554,33056768
15555,33061888
15556,33067008
15557,33072128
15558,33077248
15559,33082368
15560,33087488
15561,33092608
15562,33097728
15563,33102848
15564,33107968
15565,33113088
15566,33118208
15567,33123328
15568,33128448
15569,33133568
15570,33138688
15571,33143808
15572,33148928
15573,33154048
15574,33159168
15575,33164288
15576,33169408
15577,33174528
15578,33179648
15579,33184768
15580,33189888
15581,33195008
15582,33200128
15583,33205248
15584,33210368
15585,33215488
15586,33220608
15587,33225728
15588,33230848
15589,33235968
15590,33241088
15591,33246208
15592,33251328
15593,33256448
15594,33261568
15595,33266688
15596,33271808
15597,33276928
15598,33282048
15599,33287168
15600,33292288
15601,33297408
15602,33302528
15603,33307648
15604,33312768
15605,33317888
15606,33323008
15607,33328128
15608,33333248
15609,33338368
15610,33343488
15611,33348608
15612,33353728
15613,33358848
15614,33363968
15615,33369088
15616,33374208
15617,33379328
15618,33384448
15619,33389568
15620,33394688
15621,33399808
15622,33404928
15623,33410048
15624,33415168
15625,33420288
15626,33425408
15627,33430528
15628,33435648
15629,33440768
15630,33445888
15631,33451008
15632,33456128
15633,33461248
15634,33466368
15635,33471488
15636,33476608
15637,33481728
15638,33486848
15639,33491968
15640,33497088
15641,33502208
15642,33507328
15643,33512448
15644,33517568
15645,33522688
15646,33527808
15647,33532928
15648,33538048
15649,33543168
15650,33548288
15651,33553408
15652,33558528
15653,33563648
15654,33568768
15655,33573888
15656,33579008
15657,33584128
15658,33589248
15659,33594368
15660,33599488
15661,33604608
15662,33609728
15663,33614848
15664,33619968
15665,33625088
15666,33630208
15667,33635328
15668,33640448
15669,33645568
15670,33650688
15671,33655808
15672,33660928
15673,33666048
15674,33671168
15675,33676288
15676,33681408
15677,33686528
15678,33691648
15679,33696768
15680,33701888
15681,33707008
15682,33712128
15683,33717248
15684,33722368
15685,33727488
15686,33732608
15687,33737728
15688,33742848
15689,33747968
15690,33753088
15691,33758208
15692,33763328
15693,33768448
15694,33773568
15695,33778688
15696,33783808
15697,33788928
15698,33794048
15699,33799168
15700,33804288
15701,33809408
15702,33814528
15703,33819648
15704,33824768
15705,33829888
15706,33835008
15707,33840128
15708,33845248
15709,33850368
15710,33855488
15711,33860608
15712,33865728
15713,33870848
15714,33875968
15715,33881088
15716,33886208
15717,33891328
15718,33896448
15719,33901568
15720,33906688
15721,33911808
15722,33916928
15723,33922048
15724,33927168
15725,33932288
15726,33937408
15727,33942528
15728,33947648
15729,33952768
15730,33957888
15731,33963008
15732,33968128
15733,33973248
15734,33978368
15735,33983488
15736,33988608
15737,33993728
15738,33998848
15739,34003968
15740,34009088
15741,34014208
15742,34019328
15743,34024448
15744,34029568
15745,34034688
15746,34039808
15747,34044928
15748,34050048
15749,34055168
15750,34060288
15751,34065408
15752,34070528
15753,34075648
15754,34080768
15755,34085888
15756,34091008
15757,34096128
15758,34101248
15759,34106368
15760,34111488
15761,34116608
15762,34121728
15763,34126848
15764,34131968
15765,34137088
15766,34142208
15767,34147328
15768,34152448
15769,34157568
15770,34162688
15771,34167808
15772,34172928
15773,34178048
15774,34183168
15775,34188288
15776,34193408
15777,34198528
15778,34203648
15779,34208768
15780,34213888
15781,34219008
15782,34224128
15783,34229248
15784,34234368
15785,34239488
15786,34244608
15787,34249728
15788,34254848
15789,34259968
15790,34265088
15791,34270208
15792,34275328
15793,34280448
15794,34285568
15795,34290688
15796,34295808
15797,34300928
15798,34306048
15799,34311168
15800,34316288
15801,34321408
15802,34326528
15803,34331648
15804,34336768
15805,34341888
15806,34347008
15807,34352128
15808,34357248
15809,34362368
15810,34367488
15811,34372608
15812,34377728
15813,34382848
15814,34387968
15815,34393088
15816,34398208
15817,34403328
15818,34408448
15819,34413568
15820,34418688
15821,34423808
15822,34428928
15823,34434048
15824,34439168
15825,34444288
15826,34449408
15827,34454528
15828,34459648
15829,34464768
15830,34469888
15831,34475008
15832,34480128
15833,34485248
15834,34490368
15835,34495488
15836,34500608
15837,34505728
15838,34510848
15839,34515968
15840,34521088
15841,34526208
15842,34531328
15843,34536448
15844,34541568
15845,34546688
15846,34551808
15847,34556928
15848,34562048
15849,34567168
15850,34572288
15851,34577408
15852,34582528
15853,34587648
15854,34592768
15855,34597888
15856,34603008
15857,34608128
15858,34613248
15859,34618368
15860,34623488
15861,34628608
15862,34633728
15863,34638848
15864,34643968
15865,34649088
15866,34654208
15867,34659328
15868,34664448
15869,34669568
15870,34674688
15871,34679808
15872,34684928
15873,34690048
15874,34695168
15875,34700288
15876,34705408
15877,34710528
15878,34715648
15879,34720768
15880,34725888
15881,34731008
15882,34736128
15883,34741248
15884,34746368
15885,34751488
15886,34756608
15887,34761728
15888,34766848
15889,34771968
15890,34777088
15891,34782208
15892,34787328
15893,34792448
15894,34797568
15895,34802688
15896,34807808
15897,34812928
15898,34818048
15899,34823168
15900,34828288
15901,34833408
15902,34838528
15903,34843648
15904,34848768
15905,34853888
15906,34859008
15907,34864128
15908,34869248
15909,34874368
15910,34879488
15911,34884608
15912,34889728
15913,34894848
15914,34899968
15915,34905088
15916,34910208
15917,34915328
15918,34920448
15919,34925568
15920,34930688
15921,34935808
15922,34940928
15923,34946048
15924,34951168
15925,34956288
15926,34961408
15927,34966528
15928,34971648
15929,34976768
15930,34981888
15931,34987008
15932,34992128
15933,34997248
15934,35002368
15935,35007488
15936,35012608
15937,35017728
15938,35022848
15939,35027968
15940,35033088
15941,35038208
15942,35043328
15943,35048448
15944,35053568
15945,35058688
15946,35063808
15947,35068928
15948,35074048
15949,35079168
15950,35084288
15951,35089408
15952,35094528
15953,35099648
15954,35104768
15955,35109888
15956,35115008
15957,35120128
15958,35125248
15959,35130368
15960,35135488
15961,35140608
15962,35145728
15963,35150848
15964,35155968
15965,35161088
15966,35166208
15967,35171328
15968,35176448
15969,35181568
15970,35186688
15971,35191808
15972,35196928
15973,35202048
15974,35207168
15975,35212288
15976,35217408
15977,35222528
15978,35227648
15979,35232768
15980,35237888
15981,35243008
15982,35248128
15983,35253248
15984,35258368
15985,35263488
15986,35268608
15987,35273728
15988,35278848
15989,35283968
15990,35289088
15991,35294208
15992,35299328
15993,35304448
15994,35309568
15995,35314688
15996,35319808
15997,35324928
15998,35330048
15999,35335168
16000,35340288
16001,35345408
16002,35350528
16003,35355648
16004,35360768
16005,35365888
16006,35371008
16007,35376128
16008,35381248
16009,35386368
16010,35391488
16011,35396608
16012,35401728
16013,35406848
16014,35411968
16015,35417088
16016,35422208
16017,35427328
16018,35432448
16019,35437568
16020,35442688
16021,35447808
16022,35452928
16023,35458048
16024,35463168
16025,35468288
16026,35473408
16027,35478528
16028,35483648
16029,35488768
16030,35493888
16031,35499008
16032,35504128
16033,35509248
16034,35514368
16035,35519488
16036,35524608
16037,35529728
16038,35534848
16039,35539968
16040,35545088
16041,35550208
16042,35555328
16043,35560448
16044,35565568
16045,35570688
16046,35575808
16047,35580928
16048,35586048
16049,35591168
16050,35596288
16051,35601408
16052,35606528
16053,35611648
16054,35616768
16055,35621888
16056,35627008
16057,35632128
16058,35637248
16059,35642368
16060,35647488
16061,35652608
16062,35657728
16063,35662848
16064,35667968
16065,35673088
16066,35678208
16067,35683328
16068,35688448
16069,35693568
16070,35698688
16071,35703808
16072,35708928
16073,35714048
16074,35719168
16075,35724288
16076,35729408
16077,35734528
16078,35739648
16079,35744768
16080,35749888
16081,35755008
16082,35760128
16083,35765248
16084,35770368
16085,35775488
16086,35780608
16087,35785728
16088,35790848
16089,35795968
16090,35801088
16091,35806208
16092,35811328
16093,35816448
16094,35821568
16095,35826688
16096,35831808
16097,35836928
16098,35842048
16099,35847168
16100,35852288
16101,35857408
16102,35862528
16103,35867648
16104,35872768
16105,35877888
16106,35883008
16107,35888128
16108,35893248
16109,35898368
16110,35903488
16111,35908608
16112,35913728
16113,35918848
16114,35923968
16115,35929088
16116,35934208
16117,35939328
16118,35944448
16119,35949568
16120,35954688
16121,35959808
16122,35964928
16123,35970048
16124,35975168
16125,35980288
16126,35985408
16127,35990528
16128,35995648
16129,36000768
16130,36005888
16131,36011008
16132,36016128
16133,36021248
16134,36026368
16135,36031488
16136,36036608
16137,36041728
16138,36046848
16139,36051968
16140,36057088
16141,36062208
16142,36067328
16143,36072448
16144,36077568
16145,36082688
16146,36087808
16147,36092928
16148,36098048
16149,36103168
16150,36108288
16151,36113408
16152,36118528
16153,36123648
16154,36128768
16155,36133888
16156,36139008
16157,36144128
16158,36149248
16159,36154368
16160,36159488
16161,36164608
16162,36169728
16163,36174848
16164,36179968
16165,36185088
16166,36190208
16167,36195328
16168,36200448
16169,36205568
16170,36210688
16171,36215808
16172,36220928
16173,36226048
16174,36231168
16175,36236288
16176,36241408
16177,36246528
16178,36251648
16179,36256768
16180,36261888
16181,36267008
16182,36272128
16183,36277248
16184,36282368
16185,36287488
16186,36292608
16187,36297728
16188,36302848
16189,36307968
16190,36313088
16191,36318208
16192,36323328
16193,36328448
16194,36333568
16195,36338688
16196,36343808
16197,36348928
16198,36354048
16199,36359168
16200,36364288
16201,36369408
16202,36374528
16203,36379648
16204,36384768
16205,36389888
16206,36395008
16207,36400128
16208,36405248
16209,36410368
16210,36415488
16211,36420608
16212,36425728
16213,36430848
16214,36435968
16215,36441088
16216,36446208
16217,36451328
16218,36456448
16219,36461568
16220,36466688
16221,36471808
16222,36476928
16223,36482048
16224,36487168
16225,36492288
16226,36497408
16227,36502528
16228,36507648
16229,36512768
16230,36517888
16231,36523008
16232,36528128
16233,36533248
16234,36538368
16235,36543488
16236,36548608
16237,36553728
16238,36558848
16239,36563968
16240,36569088
16241,36574208
16242,36579328
16243,36584448
16244,36589568
16245,36594688
16246,36599808
16247,36604928
16248,36610048
16249,36616192
16250,36622336
16251,36628480
16252,36634624
16253,36640768
16254,36646912
16255,36653056
16256,36659200
16257,36665344
16258,36671488
16259,36677632
16260,36683776
16261,36689920
16262,36696064
16263,36702208
16264,36708352
16265,36714496
16266,36720640
16267,36726784
16268,36732928
16269,36739072
16270,36745216
16271,36751360
16272,36757504
16273,36763648
16274,36769792
16275,36775936
16276,36782080
16277,36788224
16278,36794368
16279,36800512
16280,36806656
16281,36812800
16282,36818944
16283,36825088
16284,36831232
16285,36837376
16286,36843520
16287,36849664
16288,36855808
16289,36861952
16290,36868096
16291,36874240
16292,36880384
16293,36886528
16294,36892672
16295,36898816
16296,36904960
16297,36911104
16298,36917248
16299,36923392
16300,36929536
16301,36935680
16302,36941824
16303,36947968
16304,36954112
16305,36960256
16306,36966400
16307,36972544
16308,36978688
16309,36984832
16310,36990976
16311,36997120
16312,37003264
16313,37009408
16314,37015552
16315,37021696
16316,37027840
16317,37033984
16318,37040128
16319,37046272
16320,37052416
16321,37058560
16322,37064704
16323,37070848
16324,37076992
16325,37083136
16326,37089280
16327,37095424
16328,37101568
16329,37107712
16330,37113856
16331,37120000
16332,37126144
16333,37132288
16334,37138432
16335,37144576
16336,37150720
16337,37156864
16338,37163008
16339,37169152
16340,37175296
16341,37181440
16342,37187584
16343,37193728
16344,37199872
16345,37206016
16346,37212160
16347,37218304
16348,37224448
16349,37230592
16350,37236736
16351,37242880
16352,37249024
16353,37255168
16354,37261312
16355,37267456
16356,37273600
16357,37279744
16358,37285888
16359,37292032
16360,37298176
16361,37304320
16362,37310464
16363,37316608
16364,37322752
16365,37328896
16366,37335040
16367,37341184
16368,37347328
16369,37353472
16370,37359616
16371,37365760
16372,37371904
16373,37378048
16374,37384192
16375,37390336
16376,37396480
16377,37402624
16378,37408768
16379,37414912
16380,37421056
16381,37427200
16382,37433344
16383,37439488
16384,37445632
16385,37451776
16386,37457920
16387,37464064
16388,37470208
16389,37476352
16390,37482496
16391,37488640
16392,37494784
16393,37500928
16394,37507072
16395,37513216
16396,37519360
16397,37525504
16398,37531648
16399,37537792
16400,37543936
16401,37550080
16402,37556224
16403,37562368
16404,37568512
16405,37574656
16406,37580800
16407,37586944
16408,37593088
16409,37599232
16410,37605376
16411,37611520
16412,37617664
16413,37623808
16414,37629952
16415,37636096
16416,37642240
16417,37648384
16418,37654528
16419,37660672
16420,37666816
16421,37672960
16422,37679104
16423,37685248
16424,37691392
16425,37697536
16426,37703680
16427,37709824
16428,37715968
16429,37722112
16430,37728256
16431,37734400
16432,37740544
16433,37746688
16434,37752832
16435,37758976
16436,37765120
16437,37771264
16438,37777408
16439,37783552
16440,37789696
16441,37795840
16442,37801984
16443,37808128
16444,37814272
16445,37820416
16446,37826560
16447,37832704
16448,37838848
16449,37844992
16450,37851136
16451,37857280
16452,37863424
16453,37869568
16454,37875712
16455,37881856
16456,37888000
16457,37894144
16458,37900288
16459,37906432
16460,37912576
16461,37918720
16462,37924864
16463,37931008
16464,37937152
16465,37943296
16466,37949440
16467,37955584
16468,37961728
16469,37967872
16470,37974016
16471,37980160
16472,37986304
16473,37992448
16474,37998592
16475,38004736
16476,38010880
16477,38017024
16478,38023168
16479,38029312
16480,38035456
16481,38041600
16482,38047744
16483,38053888
16484,38060032
16485,38066176
16486,38072320
16487,38078464
16488,38084608
16489,38090752
16490,38096896
16491,38103040
16492,38109184
16493,38115328
16494,38121472
16495,38127616
16496,38133760
16497,38139904
16498,38146048
16499,38152192
16500,38158336
16501,38164480
16502,38170624
16503,38176768
16504,38182912
16505,38189056
16506,38195200
16507,38201344
16508,38207488
16509,38213632
16510,38219776
16511,38225920
16512,38232064
16513,38238208
16514,38244352
16515,38250496
16516,38256640
16517,38262784
16518,38268928
16519,38275072
16520,38281216
16521,38287360
16522,38293504
16523,38299648
16524,38305792
16525,38311936
16526,38318080
16527,38324224
16528,38330368
16529,38336512
16530,38342656
16531,38348800
16532,38354944
16533,38361088
16534,38367232
16535,38373376
16536,38379520
16537,38385664
16538,38391808
16539,38397952
16540,38404096
16541,38410240
16542,38416384
16543,38422528
16544,38428672
16545,38434816
16546,38440960
16547,38447104
16548,38453248
16549,38459392
16550,38465536
16551,38471680
16552,38477824
16553,38483968
16554,38490112
16555,38496256
16556,38502400
16557,38508544
16558,38514688
16559,38520832
16560,38526976
16561,38533120
16562,38539264
16563,38545408
16564,38551552
16565,38557696
16566,38563840
16567,38569984
16568,38576128
16569,38582272
16570,38588416
16571,38594560
16572,38600704
16573,38606848
16574,38612992
16575,38619136
16576,38625280
16577,38631424
16578,38637568
16579,38643712
16580,38649856
16581,38656000
16582,38662144
16583,38668288
16584,38674432
16585,38680576
16586,38686720
16587,38692864
16588,38699008
16589,38705152
16590,38711296
16591,38717440
16592,38723584
16593,38729728
16594,38735872
16595,38742016
16596,38748160
16597,38754304
16598,38760448
16599,38766592
16600,38772736
16601,38778880
16602,38785024
16603,38791168
16604,38797312
16605,38803456
16606,38809600
16607,38815744
16608,38821888
16609,38828032
16610,38834176
16611,38840320
16612,38846464
16613,38852608
16614,38858752
16615,38864896
16616,38871040
16617,38877184
16618,38883328
16619,38889472
16620,38895616
16621,38901760
16622,38907904
16623,38914048
16624,38920192
16625,38926336
16626,38932480
16627,38938624
16628,38944768
16629,38950912
16630,38957056
16631,38963200
16632,38969344
16633,38975488
16634,38981632
16635,38987776
16636,38993920
16637,39000064
16638,39006208
16639,39012352
16640,39018496
16641,39024640
16642,39030784
16643,39036928
16644,39043072
16645,39049216
16646,39055360
16647,39061504
16648,39067648
16649,39073792
16650,39079936
16651,39086080
16652,39092224
16653,39098368
16654,39104512
16655,39110656
16656,39116800
16657,39122944
16658,39129088
16659,39135232
16660,39141376
16661,39147520
16662,39153664
16663,39159808
16664,39165952
16665,39172096
16666,39178240
16667,39184384
16668,39190528
16669,39196672
16670,39202816
16671,39208960
16672,39215104
16673,39221248
16674,39227392
16675,39233536
16676,39239680
16677,39245824
16678,39251968
16679,39258112
16680,39264256
16681,39270400
16682,39276544
16683,39282688
16684,39288832
16685,39294976
16686,39301120
16687,39307264
16688,39313408
16689,39319552
16690,39325696
16691,39331840
16692,39337984
16693,39344128
16694,39350272
16695,39356416
16696,39362560
16697,39368704
16698,39374848
16699,39380992
16700,39387136
16701,39393280
16702,39399424
16703,39405568
16704,39411712
16705,39417856
16706,39424000
16707,39430144
16708,39436288
16709,39442432
16710,39448576
16711,39454720
16712,39460864
16713,39467008
16714,39473152
16715,39479296
16716,39485440
16717,39491584
16718,39497728
16719,39503872
16720,39510016
16721,39516160
16722,39522304
16723,39528448
16724,39534592
16725,39540736
16726,39546880
16727,39553024
16728,39559168
16729,39565312
16730,39571456
16731,39577600
16732,39583744
16733,39589888
16734,39596032
16735,39602176
16736,39608320
16737,39614464
16738,39620608
16739,39626752
16740,39632896
16741,39639040
16742,39645184
16743,39651328
16744,39657472
16745,39663616
16746,39669760
16747,39675904
16748,39682048
16749,39688192
16750,39694336
16751,39700480
16752,39706624
16753,39712768
16754,39718912
16755,39725056
16756,39731200
16757,39737344
16758,39743488
16759,39749632
16760,39755776
16761,39761920
16762,39768064
16763,39774208
16764,39780352
16765,39786496
16766,39792640
16767,39798784
16768,39804928
16769,39811072
16770,39817216
16771,39823360
16772,39829504
16773,39835648
16774,39841792
16775,39847936
16776,39854080
16777,39860224
16778,39866368
16779,39872512
16780,39878656
16781,39884800
16782,39890944
16783,39897088
16784,39903232
16785,39909376
16786,39915520
16787,39921664
16788,39927808
16789,39933952
16790,39940096
16791,39946240
16792,39952384
16793,39958528
16794,39964672
16795,39970816
16796,39976960
16797,39983104
16798,39989248
16799,39995392
16800,40001536
16801,40007680
16802,40013824
16803,40019968
16804,40026112
16805,40032256
16806,40038400
16807,40044544
16808,40050688
16809,40056832
16810,40062976
16811,40069120
16812,40075264
16813,40081408
16814,40087552
16815,40093696
16816,40099840
16817,40105984
16818,40112128
16819,40118272
16820,40124416
16821,40130560
16822,40136704
16823,40142848
16824,40148992
16825,40155136
16826,40161280
16827,40167424
16828,40173568
16829,40179712
16830,40185856
16831,40192000
16832,40198144
16833,40204288
16834,40210432
16835,40216576
16836,40222720
16837,40228864
16838,40235008
16839,40241152
16840,40247296
16841,40253440
16842,40259584
16843,40265728
16844,40271872
16845,40278016
16846,40284160
16847,40290304
16848,40296448
16849,40302592
16850,40308736
16851,40314880
16852,40321024
16853,40327168
16854,40333312
16855,40339456
16856,40345600
16857,40351744
16858,40357888
16859,40364032
16860,40370176
16861,40376320
16862,40382464
16863,40388608
16864,40394752
16865,40400896
16866,40407040
16867,40413184
16868,40419328
16869,40425472
16870,40431616
16871,40437760
16872,40443904
16873,40450048
16874,40456192
16875,40462336
16876,40468480
16877,40474624
16878,40480768
16879,40486912
16880,40493056
16881,40499200
16882,40505344
16883,40511488
16884,40517632
16885,40523776
16886,40529920
16887,40536064
16888,40542208
16889,40548352
16890,40554496
16891,40560640
16892,40566784
16893,40572928
16894,40579072
16895,40585216
16896,40591360
16897,40597504
16898,40603648
16899,40609792
16900,40615936
16901,40622080
16902,40628224
16903,40634368
16904,40640512
16905,40646656
16906,40652800
16907,40658944
16908,40665088
16909,40671232
16910,40677376
16911,40683520
16912,40689664
16913,40695808
16914,40701952
16915,40708096
16916,40714240
16917,40720384
16918,40726528
16919,40732672
16920,40738816
16921,40744960
16922,40751104
16923,40757248
16924,40763392
16925,40769536
16926,40775680
16927,40781824
16928,40787968
16929,40794112
16930,40800256
16931,40806400
16932,40812544
16933,40818688
16934,40824832
16935,40830976
16936,40837120
16937,40843264
16938,40849408
16939,40855552
16940,40861696
16941,40867840
16942,40873984
16943,40880128
16944,40886272
16945,40892416
16946,40898560
16947,40904704
16948,40910848
16949,40916992
16950,40923136
16951,40929280
16952,40935424
16953,40941568
16954,40947712
16955,40953856
16956,40960000
16957,40966144
16958,40972288
16959,40978432
16960,40984576
16961,40990720
16962,40996864
16963,41003008
16964,41009152
16965,41015296
16966,41021440
16967,41027584
16968,41033728
16969,41039872
16970,41046016
16971,41052160
16972,41058304
16973,41064448
16974,41070592
16975,41076736
16976,41082880
16977,41089024
16978,41095168
16979,41101312
16980,41107456
16981,41113600
16982,41119744
16983,41125888
16984,41132032
16985,41138176
16986,41144320
16987,41150464
16988,41156608
16989,41162752
16990,41168896
16991,41175040
16992,41181184
16993,41187328
16994,41193472
16995,41199616
16996,41205760
16997,41211904
16998,41218048
16999,41224192
17000,41230336
17001,41236480
17002,41242624
17003,41248768
17004,41254912
17005,41261056
17006,41267200
17007,41273344
17008,41279488
17009,41285632
17010,41291776
17011,41297920
17012,41304064
17013,41310208
17014,41316352
17015,41322496
17016,41328640
17017,41334784
17018,41340928
17019,41347072
17020,41353216
17021,41359360
17022,41365504
17023,41371648
17024,41377792
17025,41383936
17026,41390080
17027,41396224
17028,41402368
17029,41408512
17030,41414656
17031,41420800
17032,41426944
17033,41433088
17034,41439232
17035,41445376
17036,41451520
17037,41457664
17038,41463808
17039,41469952
17040,41476096
17041,41482240
17042,41488384
17043,41494528
17044,41500672
17045,41506816
17046,41512960
17047,41519104
17048,41525248
17049,41531392
17050,41537536
17051,41543680
17052,41549824
17053,41555968
17054,41562112
17055,41568256
17056,41574400
17057,41580544
17058,41586688
17059,41592832
17060,41598976
17061,41605120
17062,41611264
17063,41617408
17064,41623552
17065,41629696
17066,41635840
17067,41641984
17068,41648128
17069,41654272
17070,41660416
17071,41666560
17072,41672704
17073,41678848
17074,41684992
17075,41691136
17076,41697280
17077,41703424
17078,41709568
17079,41715712
17080,41721856
17081,41728000
17082,41734144
17083,41740288
17084,41746432
17085,41752576
17086,41758720
17087,41764864
17088,41771008
17089,41777152
17090,41783296
17091,41789440
17092,41795584
17093,41801728
17094,41807872
17095,41814016
17096,41820160
17097,41826304
17098,41832448
17099,41838592
17100,41844736
17101,41850880
17102,41857024
17103,41863168
17104,41869312
17105,41875456
17106,41881600
17107,41887744
17108,41893888
17109,41900032
17110,41906176
17111,41912320
17112,41918464
17113,41924608
17114,41930752
17115,41936896
17116,41943040
17117,41949184
17118,41955328
17119,41961472
17120,41967616
17121,41973760
17122,41979904
17123,41986048
17124,41992192
17125,41998336
17126,42004480
17127,42010624
17128,42016768
17129,42022912
17130,42029056
17131,42035200
17132,42041344
17133,42047488
17134,42053632
17135,42059776
17136,42065920
17137,42072064
17138,42078208
17139,42084352
17140,42090496
17141,42096640
17142,42102784
17143,42108928
17144,42115072
17145,42121216
17146,42127360
17147,42133504
17148,42139648
17149,42145792
17150,42151936
17151,42158080
17152,42164224
17153,42170368
17154,42176512
17155,42182656
17156,42188800
17157,42194944
17158,42201088
17159,42207232
17160,42213376
17161,42219520
17162,42225664
17163,42231808
17164,42237952
17165,42244096
17166,42250240
17167,42256384
17168,42262528
17169,42268672
17170,42274816
17171,42280960
17172,42287104
17173,42293248
17174,42299392
17175,42305536
17176,42311680
17177,42317824
17178,42323968
17179,42330112
17180,42336256
17181,42342400
17182,42348544
17183,42354688
17184,42360832
17185,42366976
17186,42373120
17187,42379264
17188,42385408
17189,42391552
17190,42397696
17191,42403840
17192,42409984
17193,42416128
17194,42422272
17195,42428416
17196,42434560
17197,42440704
17198,42446848
17199,42452992
17200,42459136
17201,42465280
17202,42471424
17203,42477568
17204,42483712
17205,42489856
17206,42496000
17207,42502144
17208,42508288
17209,42514432
17210,42520576
17211,42526720
17212,42532864
17213,42539008
17214,42545152
17215,42551296
17216,42557440
17217,42563584
17218,42569728
17219,42575872
17220,42582016
17221,42588160
17222,42594304
17223,42600448
17224,42606592
17225,42612736
17226,42618880
17227,42625024
17228,42631168
17229,42637312
17230,42643456
17231,42649600
17232,42655744
17233,42661888
17234,42668032
17235,42674176
17236,42680320
17237,42686464
17238,42692608
17239,42698752
17240,42704896
17241,42711040
17242,42717184
17243,42723328
17244,42729472
17245,42735616
17246,42741760
17247,42747904
17248,42754048
17249,42760192
17250,42766336
17251,42772480
17252,42778624
17253,42784768
17254,42790912
17255,42797056
17256,42803200
17257,42809344
17258,42815488
17259,42821632
17260,42827776
17261,42833920
17262,42840064
17263,42846208
17264,42852352
17265,42858496
17266,42864640
17267,42870784
17268,42876928
17269,42883072
17270,42889216
17271,42895360
17272,42901504
17273,42907648
17274,42913792
17275,42919936
17276,42926080
17277,42932224
17278,42938368
17279,42944512
17280,42950656
17281,42956800
17282,42962944
17283,42969088
17284,42975232
17285,42981376
17286,42987520
17287,42993664
17288,42999808
17289,43005952
17290,43012096
17291,43018240
17292,43024384
17293,43030528
17294,43036672
17295,43042816
17296,43048960
17297,43055104
17298,43061248
17299,43067392
17300,43073536
17301,43079680
17302,43085824
17303,43091968
17304,43098112
17305,43104256
17306,43110400
17307,43116544
17308,43122688
17309,43128832
17310,43134976
17311,43141120
17312,43147264
17313,43153408
17314,43159552
17315,43165696
17316,43171840
17317,43177984
17318,43184128
17319,43190272
17320,43196416
17321,43202560
17322,43208704
17323,43214848
17324,43220992
17325,43227136
17326,43233280
17327,43239424
17328,43245568
17329,43251712
17330,43257856
17331,43264000
17332,43270144
17333,43276288
17334,43282432
17335,43288576
17336,43294720
17337,43300864
17338,43307008
17339,43313152
17340,43319296
17341,43325440
17342,43331584
17343,43337728
17344,43343872
17345,43350016
17346,43356160
17347,43362304
17348,43368448
17349,43374592
17350,43380736
17351,43386880
17352,43393024
17353,43399168
17354,43405312
17355,43411456
17356,43417600
17357,43423744
17358,43429888
17359,43436032
17360,43442176
17361,43448320
17362,43454464
17363,43460608
17364,43466752
17365,43472896
17366,43479040
17367,43485184
17368,43491328
17369,43497472
17370,43503616
17371,43509760
17372,43515904
17373,43522048
17374,43528192
17375,43534336
17376,43540480
17377,43546624
17378,43552768
17379,43558912
17380,43565056
17381,43571200
17382,43577344
17383,43583488
17384,43589632
17385,43595776
17386,43601920
17387,43608064
17388,43614208
17389,43620352
17390,43626496
17391,43632640
17392,43638784
17393,43644928
17394,43651072
17395,43657216
17396,43663360
17397,43669504
17398,43675648
17399,43681792
17400,43687936
17401,43694080
17402,43700224
17403,43706368
17404,43712512
17405,43718656
17406,43724800
17407,43730944
17408,43737088
17409,43743232
17410,43749376
17411,43755520
17412,43761664
17413,43767808
17414,43773952
17415,43780096
17416,43786240
17417,43792384
17418,43798528
17419,43804672
17420,43810816
17421,43816960
17422,43823104
17423,43829248
17424,43835392
17425,43841536
17426,43847680
17427,43853824
17428,43859968
17429,43866112
17430,43872256
17431,43878400
17432,43884544
17433,43890688
17434,43896832
17435,43902976
17436,43909120
17437,43915264
17438,43921408
17439,43927552
17440,43933696
17441,43939840
17442,43945984
17443,43952128
17444,43958272
17445,43964416
17446,43970560
17447,43976704
17448,43982848
17449,43988992
17450,43995136
17451,44001280
17452,44007424
17453,44013568
17454,44019712
17455,44025856
17456,44032000
17457,44038144
17458,44044288
17459,44050432
17460,44056576
17461,44062720
17462,44068864
17463,44075008
17464,44081152
17465,44087296
17466,44093440
17467,44099584
17468,44105728
17469,44111872
17470,44118016
17471,44124160
17472,44130304
17473,44136448
17474,44142592
17475,44148736
17476,44154880
17477,44161024
17478,44167168
17479,44173312
17480,44179456
17481,44185600
17482,44191744
17483,44197888
17484,44204032
17485,44210176
17486,44216320
17487,44222464
17488,44228608
17489,44234752
17490,44240896
17491,44247040
17492,44253184
17493,44259328
17494,44265472
17495,44271616
17496,44277760
17497,44283904
17498,44290048
17499,44296192
17500,44302336
17501,44308480
17502,44314624
17503,44320768
17504,44326912
17505,44333056
17506,44339200
17507,44345344
17508,44351488
17509,44357632
17510,44363776
17511,44369920
17512,44376064
17513,44382208
17514,44388352
17515,44394496
17516,44400640
17517,44406784
17518,44412928
17519,44419072
17520,44425216
17521,44431360
17522,44437504
17523,44443648
17524,44449792
17525,44455936
17526,44462080
17527,44468224
17528,44474368
17529,44480512
17530,44486656
17531,44492800
17532,44498944
17533,44505088
17534,44511232
17535,44517376
17536,44523520
17537,44529664
17538,44535808
17539,44541952
17540,44548096
17541,44554240
17542,44560384
17543,44566528
17544,44572672
17545,44578816
17546,44584960
17547,44591104
17548,44597248
17549,44603392
17550,44609536
17551,44615680
17552,44621824
17553,44627968
17554,44634112
17555,44640256
17556,44646400
17557,44652544
17558,44658688
17559,44664832
17560,44670976
17561,44677120
17562,44683264
17563,44689408
17564,44695552
17565,44701696
17566,44707840
17567,44713984
17568,44720128
17569,44726272
17570,44733440
17571,44740608
17572,44747776
17573,44754944
17574,44762112
17575,44769280
17576,44776448
17577,44783616
17578,44790784
17579,44797952
17580,44805120
17581,44812288
17582,44819456
17583,44826624
17584,44833792
17585,44840960
17586,44848128
17587,44855296
17588,44862464
17589,44869632
17590,44876800
17591,44883968
17592,44891136
17593,44898304
17594,44905472
17595,44912640
17596,44919808
17597,44926976
17598,44934144
17599,44941312
17600,44948480
17601,44955648
17602,44962816
17603,44969984
17604,44977152
17605,44984320
17606,44991488
17607,44998656
17608,45005824
17609,45012992
17610,45020160
17611,45027328
17612,45034496
17613,45041664
17614,45048832
17615,45056000
17616,45063168
17617,45070336
17618,45077504
17619,45084672
17620,45091840
17621,45099008
17622,45106176
17623,45113344
17624,45120512
17625,45127680
17626,45134848
17627,45142016
17628,45149184
17629,45156352
17630,45163520
17631,45170688
17632,45177856
17633,45185024
17634,45192192
17635,45199360
17636,45206528
17637,45213696
17638,45220864
17639,45228032
17640,45235200
17641,45242368
17642,45249536
17643,45256704
17644,45263872
17645,45271040
17646,45278208
17647,45285376
17648,45292544
17649,45299712
17650,45306880
17651,45314048
17652,45321216
17653,45328384
17654,45335552
17655,45342720
17656,45349888
17657,45357056
17658,45364224
17659,45371392
17660,45378560
17661,45385728
17662,45392896
17663,45400064
17664,45407232
17665,45414400
17666,45421568
17667,45428736
17668,45435904
17669,45443072
17670,45450240
17671,45457408
17672,45464576
17673,45471744
17674,45478912
17675,45486080
17676,45493248
17677,45500416
17678,45507584
17679,45514752
17680,45521920
17681,45529088
17682,45536256
17683,45543424
17684,45550592
17685,45557760
17686,45564928
17687,45572096
17688,45579264
17689,45586432
17690,45593600
17691,45600768
17692,45607936
17693,45615104
17694,45622272
17695,45629440
17696,45636608
17697,45643776
17698,45650944
17699,45658112
17700,45665280
17701,45672448
17702,45679616
17703,45686784
17704,45693952
17705,45701120
17706,45708288
17707,45715456
17708,45722624
17709,45729792
17710,45736960
17711,45744128
17712,45751296
17713,45758464
17714,45765632
17715,45772800
17716,45779968
17717,45787136
17718,45794304
17719,45801472
17720,45808640
17721,45815808
17722,45822976
17723,45830144
17724,45837312
17725,45844480
17726,45851648
17727,45858816
17728,45865984
17729,45873152
17730,45880320
17731,45887488
17732,45894656
17733,45901824
17734,45908992
17735,45916160
17736,45923328
17737,45930496
17738,45937664
17739,45944832
17740,45952000
17741,45959168
17742,45966336
17743,45973504
17744,45980672
17745,45987840
17746,45995008
17747,46002176
17748,46009344
17749,46016512
17750,46023680
17751,46030848
17752,46038016
17753,46045184
17754,46052352
17755,46059520
17756,46066688
17757,46073856
17758,46081024
17759,46088192
17760,46095360
17761,46102528
17762,46109696
17763,46116864
17764,46124032
17765,46131200
17766,46138368
17767,46145536
17768,46152704
17769,46159872
17770,46167040
17771,46174208
17772,46181376
17773,46188544
17774,46195712
17775,46202880
17776,46210048
17777,46217216
17778,46224384
17779,46231552
17780,46238720
17781,46245888
17782,46253056
17783,46260224
17784,46267392
17785,46274560
17786,46281728
17787,46288896
17788,46296064
17789,46303232
17790,46310400
17791,46317568
17792,46324736
17793,46331904
17794,46339072
17795,46346240
17796,46353408
17797,46360576
17798,46367744
17799,46374912
17800,46382080
17801,46389248
17802,46396416
17803,46403584
17804,46410752
17805,46417920
17806,46425088
17807,46432256
17808,46439424
17809,46446592
17810,46453760
17811,46460928
17812,46468096
17813,46475264
17814,46482432
17815,46489600
17816,46496768
17817,46503936
17818,46511104
17819,46518272
17820,46525440
17821,46532608
17822,46539776
17823,46546944
17824,46554112
17825,46561280
17826,46568448
17827,46575616
17828,46582784
17829,46589952
17830,46597120
17831,46604288
17832,46611456
17833,46618624
17834,46625792
17835,46632960
17836,46640128
17837,46647296
17838,46654464
17839,46661632
17840,46668800
17841,46675968
17842,46683136
17843,46690304
17844,46697472
17845,46704640
17846,46711808
17847,46718976
17848,46726144
17849,46733312
17850,46740480
17851,46747648
17852,46754816
17853,46761984
17854,46769152
17855,46776320
17856,46783488
17857,46790656
17858,46797824
17859,46804992
17860,46812160
17861,46819328
17862,46826496
17863,46833664
17864,46840832
17865,46848000
17866,46855168
17867,46862336
17868,46869504
17869,46876672
17870,46883840
17871,46891008
17872,46898176
17873,46905344
17874,46912512
17875,46919680
17876,46926848
17877,46934016
17878,46941184
17879,46948352
17880,46955520
17881,46962688
17882,46969856
17883,46977024
17884,46984192
17885,46991360
17886,46998528
17887,47005696
17888,47012864
17889,47020032
17890,47027200
17891,47034368
17892,47041536
17893,47048704
17894,47055872
17895,47063040
17896,47070208
17897,47077376
17898,47084544
17899,47091712
17900,47098880
17901,47106048
17902,47113216
17903,47120384
17904,47127552
17905,47134720
17906,47141888
17907,47149056
17908,47156224
17909,47163392
17910,47170560
17911,47177728
17912,47184896
17913,47192064
17914,47199232
17915,47206400
17916,47213568
17917,47220736
17918,47227904
17919,47235072
17920,47242240
17921,47249408
17922,47256576
17923,47263744
17924,47270912
17925,47278080
17926,47285248
17927,47292416
17928,47299584
17929,47306752
17930,47313920
17931,47321088
17932,47328256
17933,47335424
17934,47342592
17935,47349760
17936,47356928
17937,47364096
17938,47371264
17939,47378432
17940,47385600
17941,47392768
17942,47399936
17943,47407104
17944,47414272
17945,47421440
17946,47428608
17947,47435776
17948,47442944
17949,47450112
17950,47457280
17951,47464448
17952,47471616
17953,47478784
17954,47485952
17955,47493120
17956,47500288
17957,47507456
17958,47514624
17959,47521792
17960,47528960
17961,47536128
17962,47543296
17963,47550464
17964,47557632
17965,47564800
17966,47571968
17967,47579136
17968,47586304
17969,47593472
17970,47600640
17971,47607808
17972,47614976
17973,47622144
17974,47629312
17975,47636480
17976,47643648
17977,47650816
17978,47657984
17979,47665152
17980,47672320
17981,47679488
17982,47686656
17983,47693824
17984,47700992
17985,47708160
17986,47715328
17987,47722496
17988,47729664
17989,47736832
17990,47744000
17991,47751168
17992,47758336
17993,47765504
17994,47772672
17995,47779840
17996,47787008
17997,47794176
17998,47801344
17999,47808512
18000,47815680
18001,47822848
18002,47830016
18003,47837184
18004,47844352
18005,47851520
18006,47858688
18007,47865856
18008,47873024
18009,47880192
18010,47887360
18011,47894528
18012,47901696
18013,47908864
18014,47916032
18015,47923200
18016,47930368
18017,47937536
18018,47944704
18019,47951872
18020,47959040
18021,47966208
18022,47973376
18023,47980544
18024,47987712
18025,47994880
18026,48002048
18027,48009216
18028,48016384
18029,48023552
18030,48030720
18031,48037888
18032,48045056
18033,48052224
18034,48059392
18035,48066560
18036,48073728
18037,48080896
18038,48088064
18039,48095232
18040,48102400
18041,48109568
18042,48116736
18043,48123904
18044,48131072
18045,48138240
18046,48145408
18047,48152576
18048,48159744
18049,48166912
18050,48174080
18051,48181248
18052,48188416
18053,48195584
18054,48202752
18055,48209920
18056,48217088
18057,48224256
18058,48231424
18059,48238592
18060,48245760
18061,48252928
18062,48260096
18063,48267264
18064,48274432
18065,48281600
18066,48288768
18067,48295936
18068,48303104
18069,48310272
18070,48317440
18071,48324608
18072,48331776
18073,48338944
18074,48346112
18075,48353280
18076,48360448
18077,48367616
18078,48374784
18079,48381952
18080,48389120
18081,48396288
18082,48403456
18083,48410624
18084,48417792
18085,48424960
18086,48432128
18087,48439296
18088,48446464
18089,48453632
18090,48460800
18091,48467968
18092,48475136
18093,48482304
18094,48489472
18095,48496640
18096,48503808
18097,48510976
18098,48518144
18099,48525312
18100,48532480
18101,48539648
18102,48546816
18103,48553984
18104,48561152
18105,48568320
18106,48575488
18107,48582656
18108,48589824
18109,48596992
18110,48604160
18111,48611328
18112,48618496
18113,48625664
18114,48632832
18115,48640000
18116,48647168
18117,48654336
18118,48661504
18119,48668672
18120,48675840
18121,48683008
18122,48690176
18123,48697344
18124,48704512
18125,48711680
18126,48718848
18127,48726016
18128,48733184
18129,48740352
18130,48747520
18131,48754688
18132,48761856
18133,48769024
18134,48776192
18135,48783360
18136,48790528
18137,48797696
18138,48804864
18139,48812032
18140,48819200
18141,48826368
18142,48833536
18143,48840704
18144,48847872
18145,48855040
18146,48862208
18147,48869376
18148,48876544
18149,48883712
18150,48890880
18151,48898048
18152,48905216
18153,48912384
18154,48919552
18155,48926720
18156,48933888
18157,48941056
18158,48948224
18159,48955392
18160,48962560
18161,48969728
18162,48976896
18163,48984064
18164,48991232
18165,48998400
18166,49005568
18167,49012736
18168,49019904
18169,49027072
18170,49034240
18171,49041408
18172,49048576
18173,49055744
18174,49062912
18175,49070080
18176,49077248
18177,49084416
18178,49091584
18179,49098752
18180,49105920
18181,49113088
18182,49120256
18183,49127424
18184,49134592
18185,49141760
18186,49148928
18187,49156096
18188,49163264
18189,49170432
18190,49177600
18191,49184768
18192,49191936
18193,49199104
18194,49206272
18195,49213440
18196,49220608
18197,49227776
18198,49234944
18199,49242112
18200,49249280
18201,49256448
18202,49263616
18203,49270784
18204,49277952
18205,49285120
18206,49292288
18207,49299456
18208,49306624
18209,49313792
18210,49320960
18211,49328128
18212,49335296
18213,49342464
18214,49349632
18215,49356800
18216,49363968
18217,49371136
18218,49378304
18219,49385472
18220,49392640
18221,49399808
18222,49406976
18223,49414144
18224,49421312
18225,49428480
18226,49435648
18227,49442816
18228,49449984
18229,49457152
18230,49464320
18231,49471488
18232,49478656
18233,49485824
18234,49492992
18235,49500160
18236,49507328
18237,49514496
18238,49521664
18239,49528832
18240,49536000
18241,49543168
18242,49550336
18243,49557504
18244,49564672
18245,49571840
18246,49579008
18247,49586176
18248,49593344
18249,49600512
18250,49607680
18251,49614848
18252,49622016
18253,49629184
18254,49636352
18255,49643520
18256,49650688
18257,49657856
18258,49665024
18259,49672192
18260,49679360
18261,49686528
18262,49693696
18263,49700864
18264,49708032
18265,49715200
18266,49722368
18267,49729536
18268,49736704
18269,49743872
18270,49751040
18271,49758208
18272,49765376
18273,49772544
18274,49779712
18275,49786880
18276,49794048
18277,49801216
18278,49808384
18279,49815552
18280,49822720
18281,49829888
18282,49837056
18283,49844224
18284,49851392
18285,49858560
18286,49865728
18287,49872896
18288,49880064
18289,49887232
18290,49894400
18291,49901568
18292,49908736
18293,49915904
18294,49923072
18295,49930240
18296,49937408
18297,49944576
18298,49951744
18299,49958912
18300,49966080
18301,49973248
18302,49980416
18303,49987584
18304,49994752
18305,50001920
18306,50009088
18307,50016256
18308,50023424
18309,50030592
18310,50037760
18311,50044928
18312,50052096
18313,50059264
18314,50066432
18315,50073600
18316,50080768
18317,50087936
18318,50095104
18319,50102272
18320,50109440
18321,50116608
18322,50123776
18323,50130944
18324,50138112
18325,50145280
18326,50152448
18327,50159616
18328,50166784
18329,50173952
18330,50181120
18331,50188288
18332,50195456
18333,50202624
18334,50209792
18335,50216960
18336,50224128
18337,50231296
18338,50238464
18339,50245632
18340,50252800
18341,50259968
18342,50267136
18343,50274304
18344,50281472
18345,50288640
18346,50295808
18347,50302976
18348,50310144
18349,50317312
18350,50324480
18351,50331648
18352,50338816
18353,50345984
18354,50353152
18355,50360320
18356,50367488
18357,50374656
18358,50381824
18359,50388992
18360,50396160
18361,50403328
18362,50410496
18363,50417664
18364,50424832
18365,50432000
18366,50439168
18367,50446336
18368,50453504
18369,50460672
18370,50467840
18371,50475008
18372,50482176
18373,50489344
18374,50496512
18375,50503680
18376,50510848
18377,50518016
18378,50525184
18379,50532352
18380,50539520
18381,50546688
18382,50553856
18383,50561024
18384,50568192
18385,50575360
18386,50582528
18387,50589696
18388,50596864
18389,50604032
18390,50611200
18391,50618368
18392,50625536
18393,50632704
18394,50639872
18395,50647040
18396,50654208
18397,50661376
18398,50668544
18399,50675712
18400,50682880
18401,50690048
18402,50697216
18403,50704384
18404,50711552
18405,50718720
18406,50725888
18407,50733056
18408,50740224
18409,50747392
18410,50754560
18411,50761728
18412,50768896
18413,50776064
18414,50783232
18415,50790400
18416,50797568
18417,50804736
18418,50811904
18419,50819072
18420,50826240
18421,50833408
18422,50840576
18423,50847744
18424,50854912
18425,50862080
18426,50869248
18427,50876416
18428,50883584
18429,50890752
18430,50897920
18431,50905088
18432,50912256
18433,50919424
18434,50926592
18435,50933760
18436,50940928
18437,50948096
18438,50955264
18439,50962432
18440,50969600
18441,50976768
18442,50983936
18443,50991104
18444,50998272
18445,51005440
18446,51012608
18447,51019776
18448,51026944
18449,51034112
18450,51041280
18451,51048448
18452,51055616
18453,51062784
18454,51069952
18455,51077120
18456,51084288
18457,51091456
18458,51098624
18459,51105792
18460,51112960
18461,51120128
18462,51127296
18463,51134464
18464,51141632
18465,51148800
18466,51155968
18467,51163136
18468,51170304
18469,51177472
18470,51184640
18471,51191808
18472,51198976
18473,51206144
18474,51213312
18475,51220480
18476,51227648
18477,51234816
18478,51241984
18479,51249152
18480,51256320
18481,51263488
18482,51270656
18483,51277824
18484,51284992
18485,51292160
18486,51299328
18487,51306496
18488,51313664
18489,51320832
18490,51328000
18491,51335168
18492,51342336
18493,51349504
18494,51356672
18495,51363840
18496,51371008
18497,51378176
18498,51385344
18499,51392512
18500,51399680
18501,51406848
18502,51414016
18503,51421184
18504,51428352
18505,51435520
18506,51442688
18507,51449856
18508,51457024
18509,51464192
18510,51471360
18511,51478528
18512,51485696
18513,51492864
18514,51500032
18515,51507200
18516,51514368
18517,51521536
18518,51528704
18519,51535872
18520,51543040
18521,51550208
18522,51557376
18523,51564544
18524,51571712
18525,51578880
18526,51586048
18527,51593216
18528,51600384
18529,51607552
18530,51614720
18531,51621888
18532,51629056
18533,51636224
18534,51643392
18535,51650560
18536,51657728
18537,51664896
18538,51672064
18539,51679232
18540,51686400
18541,51693568
18542,51700736
18543,51707904
18544,51715072
18545,51722240
18546,51729408
18547,51736576
18548,51743744
18549,51750912
18550,51758080
18551,51765248
18552,51772416
18553,51779584
18554,51786752
18555,51793920
18556,51801088
18557,51808256
18558,51815424
18559,51822592
18560,51829760
18561,51836928
18562,51844096
18563,51851264
18564,51858432
18565,51865600
18566,51872768
18567,51879936
18568,51887104
18569,51894272
18570,51901440
18571,51908608
18572,51915776
18573,51922944
18574,51930112
18575,51937280
18576,51944448
18577,51951616
18578,51958784
18579,51965952
18580,51973120
18581,51980288
18582,51987456
18583,51994624
18584,52001792
18585,52008960
18586,52016128
18587,52023296
18588,52030464
18589,52037632
18590,52044800
18591,52051968
18592,52059136
18593,52066304
18594,52073472
18595,52080640
18596,52087808
18597,52094976
18598,52102144
18599,52109312
18600,52116480
18601,52123648
18602,52130816
18603,52137984
18604,52145152
18605,52152320
18606,52159488
18607,52166656
18608,52173824
18609,52180992
18610,52188160
18611,52195328
18612,52202496
18613,52209664
18614,52216832
18615,52224000
18616,52231168
18617,52238336
18618,52245504
18619,52252672
18620,52259840
18621,52267008
18622,52274176
18623,52281344
18624,52288512
18625,52295680
18626,52302848
18627,52310016
18628,52317184
18629,52324352
18630,52331520
18631,52338688
18632,52345856
18633,52353024
18634,52360192
18635,52367360
18636,52374528
18637,52381696
18638,52388864
18639,52396032
18640,52403200
18641,52410368
18642,52417536
18643,52424704
18644,52431872
18645,52439040
18646,52446208
18647,52453376
18648,52460544
18649,52467712
18650,52474880
18651,52482048
18652,52489216
18653,52496384
18654,52503552
18655,52510720
18656,52517888
18657,52525056
18658,52532224
18659,52539392
18660,52546560
18661,52553728
18662,52560896
18663,52568064
18664,52575232
18665,52582400
18666,52589568
18667,52596736
18668,52603904
18669,52611072
18670,52618240
18671,52625408
18672,52632576
18673,52639744
18674,52646912
18675,52654080
18676,52661248
18677,52668416
18678,52675584
18679,52682752
18680,52689920
18681,52697088
18682,52704256
18683,52711424
18684,52718592
18685,52725760
18686,52732928
18687,52740096
18688,52747264
18689,52754432
18690,52761600
18691,52768768
18692,52775936
18693,52783104
18694,52790272
18695,52797440
18696,52804608
18697,52811776
18698,52818944
18699,52826112
18700,52833280
18701,52840448
18702,52847616
18703,52854784
18704,52861952
18705,52869120
18706,52876288
18707,52883456
18708,52890624
18709,52897792
18710,52904960
18711,52912128
18712,52919296
18713,52926464
18714,52933632
18715,52940800
18716,52947968
18717,52955136
18718,52962304
18719,52969472
18720,52976640
18721,52983808
18722,52990976
18723,52998144
18724,53005312
18725,53012480
18726,53019648
18727,53026816
18728,53033984
18729,53041152
18730,53048320
18731,53055488
18732,53062656
18733,53069824
18734,53076992
18735,53084160
18736,53091328
18737,53098496
18738,53105664
18739,53112832
18740,53120000
18741,53127168
18742,53134336
18743,53141504
18744,53148672
18745,53155840
18746,53163008
18747,53170176
18748,53177344
18749,53184512
18750,53191680
18751,53198848
18752,53206016
18753,53213184
18754,53220352
18755,53227520
18756,53234688
18757,53241856
18758,53249024
18759,53256192
18760,53263360
18761,53270528
18762,53277696
18763,53284864
18764,53292032
18765,53299200
18766,53306368
18767,53313536
18768,53320704
18769,53327872
18770,53335040
18771,53342208
18772,53349376
18773,53356544
18774,53363712
18775,53370880
18776,53378048
18777,53385216
18778,53392384
18779,53399552
18780,53406720
18781,53413888
18782,53421056
18783,53428224
18784,53435392
18785,53442560
18786,53449728
18787,53456896
18788,53464064
18789,53471232
18790,53478400
18791,53485568
18792,53492736
18793,53499904
18794,53507072
18795,53514240
18796,53521408
18797,53528576
18798,53535744
18799,53542912
18800,53551104
18801,53559296
18802,53567488
18803,53575680
18804,53583872
18805,53592064
18806,53600256
18807,53608448
18808,53616640
18809,53624832
18810,53633024
18811,53641216
18812,53649408
18813,53657600
18814,53665792
18815,53673984
18816,53682176
18817,53690368
18818,53698560
18819,53706752
18820,53714944
18821,53723136
18822,53731328
18823,53739520
18824,53747712
18825,53755904
18826,53764096
18827,53772288
18828,53780480
18829,53788672
18830,53796864
18831,53805056
18832,53813248
18833,53821440
18834,53829632
18835,53837824
18836,53846016
18837,53854208
18838,53862400
18839,53870592
18840,53878784
18841,53886976
18842,53895168
18843,53903360
18844,53911552
18845,53919744
18846,53927936
18847,53936128
18848,53944320
18849,53952512
18850,53960704
18851,53968896
18852,53977088
18853,53985280
18854,53993472
18855,54001664
18856,54009856
18857,54018048
18858,54026240
18859,54034432
18860,54042624
18861,54050816
18862,54059008
18863,54067200
18864,54075392
18865,54083584
18866,54091776
18867,54099968
18868,54108160
18869,54116352
18870,54124544
18871,54132736
18872,54140928
18873,54149120
18874,54157312
18875,54165504
18876,54173696
18877,54181888
18878,54190080
18879,54198272
18880,54206464
18881,54214656
18882,54222848
18883,54231040
18884,54239232
18885,54247424
18886,54255616
18887,54263808
18888,54272000
18889,54280192
18890,54288384
18891,54296576
18892,54304768
18893,54312960
18894,54321152
18895,54329344
18896,54337536
18897,54345728
18898,54353920
18899,54362112
18900,54370304
18901,54378496
18902,54386688
18903,54394880
18904,54403072
18905,54411264
18906,54419456
18907,54427648
18908,54435840
18909,54444032
18910,54452224
18911,54460416
18912,54468608
18913,54476800
18914,54484992
18915,54493184
18916,54501376
18917,54509568
18918,54517760
18919,54525952
18920,54534144
18921,54542336
18922,54550528
18923,54558720
18924,54566912
18925,54575104
18926,54583296
18927,54591488
18928,54599680
18929,54607872
18930,54616064
18931,54624256
18932,54632448
18933,54640640
18934,54648832
18935,54657024
18936,54665216
18937,54673408
18938,54681600
18939,54689792
18940,54697984
18941,54706176
18942,54714368
18943,54722560
18944,54730752
18945,54738944
18946,54747136
18947,54755328
18948,54763520
18949,54771712
18950,54779904
18951,54788096
18952,54796288
18953,54804480
18954,54812672
18955,54820864
18956,54829056
18957,54837248
18958,54845440
18959,54853632
18960,54861824
18961,54870016
18962,54878208
18963,54886400
18964,54894592
18965,54902784
18966,54910976
18967,54919168
18968,54927360
18969,54935552
18970,54943744
18971,54951936
18972,54960128
18973,54968320
18974,54976512
18975,54984704
18976,54992896
18977,55001088
18978,55009280
18979,55017472
18980,55025664
18981,55033856
18982,55042048
18983,55050240
18984,55058432
18985,55066624
18986,55074816
18987,55083008
18988,55091200
18989,55099392
18990,55107584
18991,55115776
18992,55123968
18993,55132160
18994,55140352
18995,55148544
18996,55156736
18997,55164928
18998,55173120
18999,55181312
19000,55189504
19001,55197696
19002,55205888
19003,55214080
19004,55222272
19005,55230464
19006,55238656
19007,55246848
19008,55255040
19009,55263232
19010,55271424
19011,55279616
19012,55287808
19013,55296000
19014,55304192
19015,55312384
19016,55320576
19017,55328768
19018,55336960
19019,55345152
19020,55353344
19021,55361536
19022,55369728
19023,55377920
19024,55386112
19025,55394304
19026,55402496
19027,55410688
19028,55418880
19029,55427072
19030,55435264
19031,55443456
19032,55451648
19033,55459840
19034,55468032
19035,55476224
19036,55484416
19037,55492608
19038,55500800
19039,55508992
19040,55517184
19041,55525376
19042,55533568
19043,55541760
19044,55549952
19045,55558144
19046,55566336
19047,55574528
19048,55582720
19049,55590912
19050,55599104
19051,55607296
19052,55615488
19053,55623680
19054,55631872
19055,55640064
19056,55648256
19057,55656448
19058,55664640
19059,55672832
19060,55681024
19061,55689216
19062,55697408
19063,55705600
19064,55713792
19065,55721984
19066,55730176
19067,55738368
19068,55746560
19069,55754752
19070,55762944
19071,55771136
19072,55779328
19073,55787520
19074,55795712
19075,55803904
19076,55812096
19077,55820288
19078,55828480
19079,55836672
19080,55844864
19081,55853056
19082,55861248
19083,55869440
19084,55877632
19085,55885824
19086,55894016
19087,55902208
19088,55910400
19089,55918592
19090,55926784
19091,55934976
19092,55943168
19093,55951360
19094,55959552
19095,55967744
19096,55975936
19097,55984128
19098,55992320
19099,56000512
19100,56008704
19101,56016896
19102,56025088
19103,56033280
19104,56041472
19105,56049664
19106,56057856
19107,56066048
19108,56074240
19109,56082432
19110,56090624
19111,56098816
19112,56107008
19113,56115200
19114,56123392
19115,56131584
19116,56139776
19117,56147968
19118,56156160
19119,56164352
19120,56172544
19121,56180736
19122,56188928
19123,56197120
19124,56205312
19125,56213504
19126,56221696
19127,56229888
19128,56238080
19129,56246272
19130,56254464
19131,56262656
19132,56270848
19133,56279040
19134,56287232
19135,56295424
19136,56303616
19137,56311808
19138,56320000
19139,56328192
19140,56336384
19141,56344576
19142,56352768
19143,56360960
19144,56369152
19145,56377344
19146,56385536
19147,56393728
19148,56401920
19149,56410112
19150,56418304
19151,56426496
19152,56434688
19153,56442880
19154,56451072
19155,56459264
19156,56467456
19157,56475648
19158,56483840
19159,56492032
19160,56500224
19161,56508416
19162,56516608
19163,56524800
19164,56532992
19165,56541184
19166,56549376
19167,56557568
19168,56565760
19169,56573952
19170,56582144
19171,56590336
19172,56598528
19173,56606720
19174,56614912
19175,56623104
19176,56631296
19177,56639488
19178,56647680
19179,56655872
19180,56664064
19181,56672256
19182,56680448
19183,56688640
19184,56696832
19185,56705024
19186,56713216
19187,56721408
19188,56729600
19189,56737792
19190,56745984
19191,56754176
19192,56762368
19193,56770560
19194,56778752
19195,56786944
19196,56795136
19197,56803328
19198,56811520
19199,56819712
19200,56827904
19201,56836096
19202,56844288
19203,56852480
19204,56860672
19205,56868864
19206,56877056
19207,56885248
19208,56893440
19209,56901632
19210,56909824
19211,56918016
19212,56926208
19213,56934400
19214,56942592
19215,56950784
19216,56958976
19217,56967168
19218,56975360
19219,56983552
19220,56991744
19221,56999936
19222,57008128
19223,57016320
19224,57024512
19225,57032704
19226,57040896
19227,57049088
19228,57057280
19229,57065472
19230,57073664
19231,57081856
19232,57090048
19233,57098240
19234,57106432
19235,57114624
19236,57122816
19237,57131008
19238,57139200
19239,57147392
19240,57155584
19241,57163776
19242,57171968
19243,57180160
19244,57188352
19245,57196544
19246,57204736
19247,57212928
19248,57221120
19249,57229312
19250,57237504
19251,57245696
19252,57253888
19253,57262080
19254,57270272
19255,57278464
19256,57286656
19257,57294848
19258,57303040
19259,57311232
19260,57319424
19261,57327616
19262,57335808
19263,57344000
19264,57352192
19265,57360384
19266,57368576
19267,57376768
19268,57384960
19269,57393152
19270,57401344
19271,57409536
19272,57417728
19273,57425920
19274,57434112
19275,57442304
19276,57450496
19277,57458688
19278,57466880
19279,57475072
19280,57483264
19281,57491456
19282,57499648
19283,57507840
19284,57516032
19285,57524224
19286,57532416
19287,57540608
19288,57548800
19289,57556992
19290,57565184
19291,57573376
19292,57581568
19293,57589760
19294,57597952
19295,57606144
19296,57614336
19297,57622528
19298,57630720
19299,57638912
19300,57647104
19301,57655296
19302,57663488
19303,57671680
19304,57679872
19305,57688064
19306,57696256
19307,57704448
19308,57712640
19309,57720832
19310,57729024
19311,57737216
19312,57745408
19313,57753600
19314,57761792
19315,57769984
19316,57778176
19317,57786368
19318,57794560
19319,57802752
19320,57810944
19321,57819136
19322,57827328
19323,57835520
19324,57843712
19325,57851904
19326,57860096
19327,57868288
19328,57876480
19329,57884672
19330,57892864
19331,57901056
19332,57909248
19333,57917440
19334,57925632
19335,57933824
19336,57942016
19337,57950208
19338,57958400
19339,57966592
19340,57974784
19341,57982976
19342,57991168
19343,57999360
19344,58007552
19345,58015744
19346,58023936
19347,58032128
19348,58040320
19349,58048512
19350,58056704
19351,58064896
19352,58073088
19353,58081280
19354,58089472
19355,58097664
19356,58105856
19357,58114048
19358,58122240
19359,58130432
19360,58138624
19361,58146816
19362,58155008
19363,58163200
19364,58171392
19365,58179584
19366,58187776
19367,58195968
19368,58204160
19369,58212352
19370,58220544
19371,58228736
19372,58236928
19373,58245120
19374,58253312
19375,58261504
19376,58269696
19377,58277888
19378,58286080
19379,58294272
19380,58302464
19381,58310656
19382,58318848
19383,58327040
19384,58335232
19385,58343424
19386,58351616
19387,58359808
19388,58368000
19389,58376192
19390,58384384
19391,58392576
19392,58400768
19393,58408960
19394,58417152
19395,58425344
19396,58433536
19397,58441728
19398,58449920
19399,58458112
19400,58466304
19401,58474496
19402,58482688
19403,58490880
19404,58499072
19405,58507264
19406,58515456
19407,58523648
19408,58531840
19409,58540032
19410,58548224
19411,58556416
19412,58564608
19413,58572800
19414,58580992
19415,58589184
19416,58597376
19417,58605568
19418,58613760
19419,58621952
19420,58630144
19421,58638336
19422,58646528
19423,58654720
19424,58662912
19425,58671104
19426,58679296
19427,58687488
19428,58695680
19429,58703872
19430,58712064
19431,58720256
19432,58728448
19433,58736640
19434,58744832
19435,58753024
19436,58761216
19437,58769408
19438,58777600
19439,58785792
19440,58793984
19441,58802176
19442,58810368
19443,58818560
19444,58826752
19445,58834944
19446,58843136
19447,58851328
19448,58859520
19449,58867712
19450,58875904
19451,58884096
19452,58892288
19453,58900480
19454,58908672
19455,58916864
19456,58925056
19457,58933248
19458,58941440
19459,58949632
19460,58957824
19461,58966016
19462,58974208
19463,58982400
19464,58990592
19465,58998784
19466,59006976
19467,59015168
19468,59023360
19469,59031552
19470,59039744
19471,59047936
19472,59056128
19473,59064320
19474,59072512
19475,59080704
19476,59088896
19477,59097088
19478,59105280
19479,59113472
19480,59121664
19481,59129856
19482,59138048
19483,59146240
19484,59154432
19485,59162624
19486,59170816
19487,59179008
19488,59187200
19489,59195392
19490,59203584
19491,59211776
19492,59219968
19493,59228160
19494,59236352
19495,59244544
19496,59252736
19497,59260928
19498,59269120
19499,59277312
19500,59285504
19501,59293696
19502,59301888
19503,59310080
19504,59318272
19505,59326464
19506,59334656
19507,59342848
19508,59351040
19509,59359232
19510,59367424
19511,59375616
19512,59383808
19513,59392000
19514,59400192
19515,59408384
19516,59416576
19517,59424768
19518,59432960
19519,59441152
19520,59449344
19521,59457536
19522,59465728
19523,59473920
19524,59482112
19525,59490304
19526,59498496
19527,59506688
19528,59514880
19529,59523072
19530,59531264
19531,59539456
19532,59547648
19533,59555840
19534,59564032
19535,59572224
19536,59580416
19537,59588608
19538,59596800
19539,59604992
19540,59613184
19541,59621376
19542,59629568
19543,59637760
19544,59645952
19545,59654144
19546,59662336
19547,59670528
19548,59678720
19549,59686912
19550,59695104
19551,59703296
19552,59711488
19553,59719680
19554,59727872
19555,59736064
19556,59744256
19557,59752448
19558,59760640
19559,59768832
19560,59777024
19561,59785216
19562,59793408
19563,59801600
19564,59809792
19565,59817984
19566,59826176
19567,59834368
19568,59842560
19569,59850752
19570,59858944
19571,59867136
19572,59875328
19573,59883520
19574,59891712
19575,59899904
19576,59908096
19577,59916288
19578,59924480
19579,59932672
19580,59940864
19581,59949056
19582,59957248
19583,59965440
19584,59973632
19585,59981824
19586,59990016
19587,59998208
19588,60006400
19589,60014592
19590,60022784
19591,60030976
19592,60039168
19593,60047360
19594,60055552
19595,60063744
19596,60071936
19597,60080128
19598,60088320
19599,60096512
19600,60104704
19601,60112896
19602,60121088
19603,60129280
19604,60137472
19605,60145664
19606,60153856
19607,60162048
19608,60170240
19609,60178432
19610,60186624
19611,60194816
19612,60203008
19613,60211200
19614,60219392
19615,60227584
19616,60235776
19617,60243968
19618,60252160
19619,60260352
19620,60268544
19621,60276736
19622,60284928
19623,60293120
19624,60301312
19625,60309504
19626,60317696
19627,60325888
19628,60334080
19629,60342272
19630,60350464
19631,60358656
19632,60366848
19633,60375040
19634,60383232
19635,60391424
19636,60399616
19637,60407808
19638,60416000
19639,60424192
19640,60432384
19641,60440576
19642,60448768
19643,60456960
19644,60465152
19645,60473344
19646,60481536
19647,60489728
19648,60497920
19649,60506112
19650,60514304
19651,60522496
19652,60530688
19653,60538880
19654,60547072
19655,60555264
19656,60563456
19657,60571648
19658,60579840
19659,60588032
19660,60596224
19661,60604416
19662,60612608
19663,60620800
19664,60628992
19665,60637184
19666,60645376
19667,60653568
19668,60661760
19669,60669952
19670,60678144
19671,60686336
19672,60694528
19673,60702720
19674,60710912
19675,60719104
19676,60727296
19677,60735488
19678,60743680
19679,60751872
19680,60760064
19681,60768256
19682,60776448
19683,60784640
19684,60792832
19685,60801024
19686,60809216
19687,60817408
19688,60825600
19689,60833792
19690,60841984
19691,60850176
19692,60858368
19693,60866560
19694,60874752
19695,60882944
19696,60891136
19697,60899328
19698,60907520
19699,60915712
19700,60923904
19701,60932096
19702,60940288
19703,60948480
19704,60956672
19705,60964864
19706,60973056
19707,60981248
19708,60989440
19709,60997632
19710,61005824
19711,61014016
19712,61022208
19713,61030400
19714,61038592
19715,61046784
19716,61054976
19717,61063168
19718,61071360
19719,61079552
19720,61087744
19721,61095936
19722,61104128
19723,61112320
19724,61120512
19725,61128704
19726,61136896
19727,61145088
19728,61153280
19729,61161472
19730,61169664
19731,61177856
19732,61186048
19733,61194240
19734,61202432
19735,61210624
19736,61218816
19737,61227008
19738,61235200
19739,61243392
19740,61251584
19741,61259776
19742,61267968
19743,61276160
19744,61284352
19745,61292544
19746,61300736
19747,61308928
19748,61317120
19749,61325312
19750,61333504
19751,61341696
19752,61349888
19753,61358080
19754,61366272
19755,61374464
19756,61382656
19757,61390848
19758,61399040
19759,61407232
19760,61415424
19761,61423616
19762,61431808
19763,61440000
19764,61448192
19765,61456384
19766,61464576
19767,61472768
19768,61480960
19769,61489152
19770,61497344
19771,61505536
19772,61513728
19773,61521920
19774,61530112
19775,61538304
19776,61546496
19777,61554688
19778,61562880
19779,61571072
19780,61579264
19781,61587456
19782,61595648
19783,61603840
19784,61612032
19785,61620224
19786,61628416
19787,61636608
19788,61644800
19789,61652992
19790,61661184
19791,61669376
19792,61677568
19793,61685760
19794,61693952
19795,61702144
19796,61710336
19797,61718528
19798,61726720
19799,61734912
19800,61743104
19801,61751296
19802,61759488
19803,61767680
19804,61775872
19805,61784064
19806,61792256
19807,61800448
19808,61808640
19809,61816832
19810,61825024
19811,61833216
19812,61841408
19813,61849600
19814,61857792
19815,61865984
19816,61874176
19817,61882368
19818,61890560
19819,61898752
19820,61906944
19821,61915136
19822,61923328
19823,61931520
19824,61939712
19825,61947904
19826,61956096
19827,61964288
19828,61972480
19829,61980672
19830,61988864
19831,61997056
19832,62005248
19833,62013440
19834,62021632
19835,62029824
19836,62038016
19837,62046208
19838,62054400
19839,62062592
19840,62070784
19841,62078976
19842,62087168
19843,62095360
19844,62103552
19845,62111744
19846,62119936
19847,62128128
19848,62136320
19849,62144512
19850,62152704
19851,62160896
19852,62169088
19853,62177280
19854,62185472
19855,62193664
19856,62201856
19857,62210048
19858,62218240
19859,62226432
19860,62234624
19861,62242816
19862,62251008
19863,62259200
19864,62267392
19865,62275584
19866,62283776
19867,62291968
19868,62300160
19869,62308352
19870,62316544
19871,62324736
19872,62332928
19873,62341120
19874,62349312
19875,62357504
19876,62365696
19877,62373888
19878,62382080
19879,62390272
19880,62398464
19881,62406656
19882,62414848
19883,62423040
19884,62431232
19885,62439424
19886,62447616
19887,62455808
19888,62464000
19889,62472192
19890,62480384
19891,62488576
19892,62496768
19893,62504960
19894,62513152
19895,62521344
19896,62529536
19897,62537728
19898,62545920
19899,62554112
19900,62562304
19901,62570496
19902,62578688
19903,62586880
19904,62595072
19905,62603264
19906,62611456
19907,62619648
19908,62627840
19909,62636032
19910,62644224
19911,62652416
19912,62660608
19913,62668800
19914,62676992
19915,62685184
19916,62693376
19917,62701568
19918,62709760
19919,62717952
19920,62726144
19921,62734336
19922,62742528
19923,62750720
19924,62758912
19925,62767104
19926,62775296
19927,62783488
19928,62791680
19929,62799872
19930,62808064
19931,62816256
19932,62824448
19933,62833664
19934,62842880
19935,62852096
19936,62861312
19937,62870528
19938,62879744
19939,62888960
19940,62898176
19941,62907392
19942,62916608
19943,62925824
19944,62935040
19945,62944256
19946,62953472
19947,62962688
19948,62971904
19949,62981120
19950,62990336
19951,62999552
19952,63008768
19953,63017984
19954,63027200
19955,63036416
19956,63045632
19957,63054848
19958,63064064
19959,63073280
19960,63082496
19961,63091712
19962,63100928
19963,63110144
19964,63119360
19965,63128576
19966,63137792
19967,63147008
19968,63156224
19969,63165440
19970,63174656
19971,63183872
19972,63193088
19973,63202304
19974,63211520
19975,63220736
19976,63229952
19977,63239168
19978,63248384
19979,63257600
19980,63266816
19981,63276032
19982,63285248
19983,63294464
19984,63303680
19985,63312896
19986,63322112
19987,63331328
19988,63340544
19989,63349760
19990,63358976
19991,63368192
19992,63377408
19993,63386624
19994,63395840
19995,63405056
19996,63414272
19997,63423488
19998,63432704
19999,63441920
20000,63451136
20001,63460352
20002,63469568
20003,63478784
20004,63488000
20005,63497216
20006,63506432
20007,63515648
20008,63524864
20009,63534080
20010,63543296
20011,63552512
20012,63561728
20013,63570944
20014,63580160
20015,63589376
20016,63598592
20017,63607808
20018,63617024
20019,63626240
20020,63635456
20021,63644672
20022,63653888
20023,63663104
20024,63672320
20025,63681536
20026,63690752
20027,63699968
20028,63709184
20029,63718400
20030,63727616
20031,63736832
20032,63746048
20033,63755264
20034,63764480
20035,63773696
20036,63782912
20037,63792128
20038,63801344
20039,63810560
20040,63819776
20041,63828992
20042,63838208
20043,63847424
20044,63856640
20045,63865856
20046,63875072
20047,63884288
20048,63893504
20049,63902720
20050,63911936
20051,63921152
20052,63930368
20053,63939584
20054,63948800
20055,63958016
20056,63967232
20057,63976448
20058,63985664
20059,63994880
20060,64004096
20061,64013312
20062,64022528
20063,64031744
20064,64040960
20065,64050176
20066,64059392
20067,64068608
20068,64077824
20069,64087040
20070,64096256
20071,64105472
20072,64114688
20073,64123904
20074,64133120
20075,64142336
20076,64151552
20077,64160768
20078,64169984
20079,64179200
20080,64188416
20081,64197632
20082,64206848
20083,64216064
20084,64225280
20085,64234496
20086,64243712
20087,64252928
20088,64262144
20089,64271360
20090,64280576
20091,64289792
20092,64299008
20093,64308224
20094,64317440
20095,64326656
20096,64335872
20097,64345088
20098,64354304
20099,64363520
20100,64372736
20101,64381952
20102,64391168
20103,64400384
20104,64409600
20105,64418816
20106,64428032
20107,64437248
20108,64446464
20109,64455680
20110,64464896
20111,64474112
20112,64483328
20113,64492544
20114,64501760
20115,64510976
20116,64520192
20117,64529408
20118,64538624
20119,64547840
20120,64557056
20121,64566272
20122,64575488
20123,64584704
20124,64593920
20125,64603136
20126,64612352
20127,64621568
20128,64630784
20129,64640000
20130,64649216
20131,64658432
20132,64667648
20133,64676864
20134,64686080
20135,64695296
20136,64704512
20137,64713728
20138,64722944
20139,64732160
20140,64741376
20141,64750592
20142,64759808
20143,64769024
20144,64778240
20145,64787456
20146,64796672
20147,64805888
20148,64815104
20149,64824320
20150,64833536
20151,64842752
20152,64851968
20153,64861184
20154,64870400
20155,64879616
20156,64888832
20157,64898048
20158,64907264
20159,64916480
20160,64925696
20161,64934912
20162,64944128
20163,64953344
20164,64962560
20165,64971776
20166,64980992
20167,64990208
20168,64999424
20169,65008640
20170,65017856
20171,65027072
20172,65036288
20173,65045504
20174,65054720
20175,65063936
20176,65073152
20177,65082368
20178,65091584
20179,65100800
20180,65110016
20181,65119232
20182,65128448
20183,65137664
20184,65146880
20185,65156096
20186,65165312
20187,65174528
20188,65183744
20189,65192960
20190,65202176
20191,65211392
20192,65220608
20193,65229824
20194,65239040
20195,65248256
20196,65257472
20197,65266688
20198,65275904
20199,65285120
20200,65294336
20201,65303552
20202,65312768
20203,65321984
20204,65331200
20205,65340416
20206,65349632
20207,65358848
20208,65368064
20209,65377280
20210,65386496
20211,65395712
20212,65404928
20213,65414144
20214,65423360
20215,65432576
20216,65441792
20217,65451008
20218,65460224
20219,65469440
20220,65478656
20221,65487872
20222,65497088
20223,65506304
20224,65515520
20225,65524736
20226,65533952
20227,65543168
20228,65552384
20229,65561600
20230,65570816
20231,65580032
20232,65589248
20233,65598464
20234,65607680
20235,65616896
20236,65626112
20237,65635328
20238,65644544
20239,65653760
20240,65662976
20241,65672192
20242,65681408
20243,65690624
20244,65699840
20245,65709056
20246,65718272
20247,65727488
20248,65736704
20249,65745920
20250,65755136
20251,65764352
20252,65773568
20253,65782784
20254,65792000
20255,65801216
20256,65810432
20257,65819648
20258,65828864
20259,65838080
20260,65847296
20261,65856512
20262,65865728
20263,65874944
20264,65884160
20265,65893376
20266,65902592
20267,65911808
20268,65921024
20269,65930240
20270,65939456
20271,65948672
20272,65957888
20273,65967104
20274,65976320
20275,65985536
20276,65994752
20277,66003968
20278,66013184
20279,66022400
20280,66031616
20281,66040832
20282,66050048
20283,66059264
20284,66068480
20285,66077696
20286,66086912
20287,66096128
20288,66105344
20289,66114560
20290,66123776
20291,66132992
20292,66142208
20293,66151424
20294,66160640
20295,66169856
20296,66179072
20297,66188288
20298,66197504
20299,66206720
20300,66215936
20301,66225152
20302,66234368
20303,66243584
20304,66252800
20305,66262016
20306,66271232
20307,66280448
20308,66289664
20309,66298880
20310,66308096
20311,66317312
20312,66326528
20313,66335744
20314,66344960
20315,66354176
20316,66363392
20317,66372608
20318,66381824
20319,66391040
20320,66400256
20321,66409472
20322,66418688
20323,66427904
20324,66437120
20325,66446336
20326,66455552
20327,66464768
20328,66473984
20329,66483200
20330,66492416
20331,66501632
20332,66510848
20333,66520064
20334,66529280
20335,66538496
20336,66547712
20337,66556928
20338,66566144
20339,66575360
20340,66584576
20341,66593792
20342,66603008
20343,66612224
20344,66621440
20345,66630656
20346,66639872
20347,66649088
20348,66658304
20349,66667520
20350,66676736
20351,66685952
20352,66695168
20353,66704384
20354,66713600
20355,66722816
20356,66732032
20357,66741248
20358,66750464
20359,66759680
20360,66768896
20361,66778112
20362,66787328
20363,66796544
20364,66805760
20365,66814976
20366,66824192
20367,66833408
20368,66842624
20369,66851840
20370,66861056
20371,66870272
20372,66879488
20373,66888704
20374,66897920
20375,66907136
20376,66916352
20377,66925568
20378,66934784
20379,66944000
20380,66953216
20381,66962432
20382,66971648
20383,66980864
20384,66990080
20385,66999296
20386,67008512
20387,67017728
20388,67026944
20389,67036160
20390,67045376
20391,67054592
20392,67063808
20393,67073024
20394,67082240
20395,67091456
20396,67100672
20397,67109888
20398,67119104
20399,67128320
20400,67137536
20401,67146752
20402,67155968
20403,67165184
20404,67174400
20405,67183616
20406,67192832
20407,67202048
20408,67211264
20409,67220480
20410,67229696
20411,67238912
20412,67248128
20413,67257344
20414,67266560
20415,67275776
20416,67284992
20417,67294208
20418,67303424
20419,67312640
20420,67321856
20421,67331072
20422,67340288
20423,67349504
20424,67358720
20425,67367936
20426,67377152
20427,67386368
20428,67395584
20429,67404800
20430,67414016
20431,67423232
20432,67432448
20433,67441664
20434,67450880
20435,67460096
20436,67469312
20437,67478528
20438,67487744
20439,67496960
20440,67506176
20441,67515392
20442,67524608
20443,67533824
20444,67543040
20445,67552256
20446,67561472
20447,67570688
20448,67579904
20449,67589120
20450,67598336
20451,67607552
20452,67616768
20453,67625984
20454,67635200
20455,67644416
20456,67653632
20457,67662848
20458,67672064
20459,67681280
20460,67690496
20461,67699712
20462,67708928
20463,67718144
20464,67727360
20465,67736576
20466,67745792
20467,67755008
20468,67764224
20469,67773440
20470,67782656
20471,67791872
20472,67801088
20473,67810304
20474,67819520
20475,67828736
20476,67837952
20477,67847168
20478,67856384
20479,67865600
20480,67874816
20481,67884032
20482,67893248
20483,67902464
20484,67911680
20485,67920896
20486,67930112
20487,67939328
20488,67948544
20489,67957760
20490,67966976
20491,67976192
20492,67985408
20493,67994624
20494,68003840
20495,68013056
20496,68022272
20497,68031488
20498,68040704
20499,68049920
20500,68059136
20501,68068352
20502,68077568
20503,68086784
20504,68096000
20505,68105216
20506,68114432
20507,68123648
20508,68132864
20509,68142080
20510,68151296
20511,68160512
20512,68169728
20513,68178944
20514,68188160
20515,68197376
20516,68206592
20517,68215808
20518,68225024
20519,68234240
20520,68243456
20521,68252672
20522,68261888
20523,68271104
20524,68280320
20525,68289536
20526,68298752
20527,68307968
20528,68317184
20529,68326400
20530,68335616
20531,68344832
20532,68354048
20533,68363264
20534,68372480
20535,68381696
20536,68390912
20537,68400128
20538,68409344
20539,68418560
20540,68427776
20541,68436992
20542,68446208
20543,68455424
20544,68464640
20545,68473856
20546,68483072
20547,68492288
20548,68501504
20549,68510720
20550,68519936
20551,68529152
20552,68538368
20553,68547584
20554,68556800
20555,68566016
20556,68575232
20557,68584448
20558,68593664
20559,68602880
20560,68612096
20561,68621312
20562,68630528
20563,68639744
20564,68648960
20565,68658176
20566,68667392
20567,68676608
20568,68685824
20569,68695040
20570,68704256
20571,68713472
20572,68722688
20573,68731904
20574,68741120
20575,68750336
20576,68759552
20577,68768768
20578,68777984
20579,68787200
20580,68796416
20581,68805632
20582,68814848
20583,68824064
20584,68833280
20585,68842496
20586,68851712
20587,68860928
20588,68870144
20589,68879360
20590,68888576
20591,68897792
20592,68907008
20593,68916224
20594,68925440
20595,68934656
20596,68943872
20597,68953088
20598,68962304
20599,68971520
20600,68980736
20601,68989952
20602,68999168
20603,69008384
20604,69017600
20605,69026816
20606,69036032
20607,69045248
20608,69054464
20609,69063680
20610,69072896
20611,69082112
20612,69091328
20613,69100544
20614,69109760
20615,69118976
20616,69128192
20617,69137408
20618,69146624
20619,69155840
20620,69165056
20621,69174272
20622,69183488
20623,69192704
20624,69201920
20625,69211136
20626,69220352
20627,69229568
20628,69238784
20629,69248000
20630,69257216
20631,69266432
20632,69275648
20633,69284864
20634,69294080
20635,69303296
20636,69312512
20637,69321728
20638,69330944
20639,69340160
20640,69349376
20641,69358592
20642,69367808
20643,69377024
20644,69386240
20645,69395456
20646,69404672
20647,69413888
20648,69423104
20649,69432320
20650,69441536
20651,69450752
20652,69459968
20653,69469184
20654,69478400
20655,69487616
20656,69496832
20657,69506048
20658,69515264
20659,69524480
20660,69533696
20661,69542912
20662,69552128
20663,69561344
20664,69570560
20665,69579776
20666,69588992
20667,69598208
20668,69607424
20669,69616640
20670,69625856
20671,69635072
20672,69644288
20673,69653504
20674,69662720
20675,69671936
20676,69681152
20677,69690368
20678,69699584
20679,69708800
20680,69718016
20681,69727232
20682,69736448
20683,69745664
20684,69754880
20685,69764096
20686,69773312
20687,69782528
20688,69791744
20689,69800960
20690,69810176
20691,69819392
20692,69828608
20693,69837824
20694,69847040
20695,69856256
20696,69865472
20697,69874688
20698,69883904
20699,69893120
20700,69902336
20701,69911552
20702,69920768
20703,69929984
20704,69939200
20705,69948416
20706,69957632
20707,69966848
20708,69976064
20709,69985280
20710,69994496
20711,70003712
20712,70012928
20713,70022144
20714,70031360
20715,70040576
20716,70049792
20717,70059008
20718,70068224
20719,70077440
20720,70086656
20721,70095872
20722,70105088
20723,70114304
20724,70123520
20725,70132736
20726,70141952
20727,70151168
20728,70160384
20729,70169600
20730,70178816
20731,70188032
20732,70197248
20733,70206464
20734,70215680
20735,70224896
20736,70234112
20737,70243328
20738,70252544
20739,70261760
20740,70270976
20741,70280192
20742,70289408
20743,70298624
20744,70307840
20745,70317056
20746,70326272
20747,70335488
20748,70344704
20749,70353920
20750,70363136
20751,70372352
20752,70381568
20753,70390784
20754,70400000
20755,70409216
20756,70418432
20757,70427648
20758,70436864
20759,70446080
20760,70455296
20761,70464512
20762,70473728
20763,70482944
20764,70492160
20765,70501376
20766,70510592
20767,70519808
20768,70529024
20769,70538240
20770,70547456
20771,70556672
20772,70565888
20773,70575104
20774,70584320
20775,70593536
20776,70602752
20777,70611968
20778,70621184
20779,70630400
20780,70639616
20781,70648832
20782,70658048
20783,70667264
20784,70676480
20785,70685696
20786,70694912
20787,70704128
20788,70713344
20789,70722560
20790,70731776
20791,70740992
20792,70750208
20793,70759424
20794,70768640
20795,70777856
20796,70787072
20797,70796288
20798,70805504
20799,70814720
20800,70823936
20801,70833152
20802,70842368
20803,70851584
20804,70860800
20805,70870016
20806,70879232
20807,70888448
20808,70897664
20809,70906880
20810,70916096
20811,70925312
20812,70934528
20813,70943744
20814,70952960
20815,70962176
20816,70971392
20817,70980608
20818,70989824
20819,70999040
20820,71008256
20821,71017472
20822,71026688
20823,71035904
20824,71045120
20825,71054336
20826,71063552
20827,71072768
20828,71081984
20829,71091200
20830,71100416
20831,71109632
20832,71118848
20833,71128064
20834,71137280
20835,71146496
20836,71155712
20837,71164928
20838,71174144
20839,71183360
20840,71192576
20841,71201792
20842,71211008
20843,71220224
20844,71229440
20845,71238656
20846,71247872
20847,71257088
20848,71266304
20849,71275520
20850,71284736
20851,71293952
20852,71303168
20853,71312384
20854,71321600
20855,71330816
20856,71340032
20857,71349248
20858,71358464
20859,71367680
20860,71376896
20861,71386112
20862,71395328
20863,71404544
20864,71413760
20865,71422976
20866,71432192
20867,71441408
20868,71450624
20869,71459840
20870,71469056
20871,71478272
20872,71487488
20873,71496704
20874,71505920
20875,71515136
20876,71524352
20877,71533568
20878,71542784
20879,71552000
20880,71561216
20881,71570432
20882,71579648
20883,71588864
20884,71598080
20885,71607296
20886,71616512
20887,71625728
20888,71634944
20889,71644160
20890,71653376
20891,71662592
20892,71671808
20893,71681024
20894,71690240
20895,71699456
20896,71708672
20897,71717888
20898,71727104
20899,71736320
20900,71745536
20901,71754752
20902,71763968
20903,71773184
20904,71782400
20905,71791616
20906,71800832
20907,71810048
20908,71819264
20909,71828480
20910,71837696
20911,71846912
20912,71856128
20913,71865344
20914,71874560
20915,71883776
20916,71892992
20917,71902208
20918,71911424
20919,71920640
20920,71929856
20921,71939072
20922,71948288
20923,71957504
20924,71966720
20925,71975936
20926,71985152
20927,71994368
20928,72003584
20929,72012800
20930,72022016
20931,72031232
20932,72040448
20933,72049664
20934,72058880
20935,72068096
20936,72077312
20937,72086528
20938,72095744
20939,72104960
20940,72114176
20941,72123392
20942,72132608
20943,72141824
20944,72151040
20945,72160256
20946,72169472
20947,72178688
20948,72187904
20949,72197120
20950,72206336
20951,72215552
20952,72224768
20953,72233984
20954,72243200
20955,72252416
20956,72261632
20957,72270848
20958,72280064
20959,72289280
20960,72298496
20961,72307712
20962,72316928
20963,72326144
20964,72335360
20965,72344576
20966,72353792
20967,72363008
20968,72372224
20969,72382464
20970,72392704
20971,72402944
20972,72413184
20973,72423424
20974,72433664
20975,72443904
20976,72454144
20977,72464384
20978,72474624
20979,72484864
20980,72495104
20981,72505344
20982,72515584
20983,72525824
20984,72536064
20985,72546304
20986,72556544
20987,72566784
20988,72577024
20989,72587264
20990,72597504
20991,72607744
20992,72617984
20993,72628224
20994,72638464
20995,72648704
20996,72658944
20997,72669184
20998,72679424
20999,72689664
21000,72699904
21001,72710144
21002,72720384
21003,72730624
21004,72740864
21005,72751104
21006,72761344
21007,72771584
21008,72781824
21009,72792064
21010,72802304
21011,72812544
21012,72822784
21013,72833024
21014,72843264
21015,72853504
21016,72863744
21017,72873984
21018,72884224
21019,72894464
21020,72904704
21021,72914944
21022,72925184
21023,72935424
21024,72945664
21025,72955904
21026,72966144
21027,72976384
21028,72986624
21029,72996864
21030,73007104
21031,73017344
21032,73027584
21033,73037824
21034,73048064
21035,73058304
21036,73068544
21037,73078784
21038,73089024
21039,73099264
21040,73109504
21041,73119744
21042,73129984
21043,73140224
21044,73150464
21045,73160704
21046,73170944
21047,73181184
21048,73191424
21049,73201664
21050,73211904
21051,73222144
21052,73232384
21053,73242624
21054,73252864
21055,73263104
21056,73273344
21057,73283584
21058,73293824
21059,73304064
21060,73314304
21061,73324544
21062,73334784
21063,73345024
21064,73355264
21065,73365504
21066,73375744
21067,73385984
21068,73396224
21069,73406464
21070,73416704
21071,73426944
21072,73437184
21073,73447424
21074,73457664
21075,73467904
21076,73478144
21077,73488384
21078,73498624
21079,73508864
21080,73519104
21081,73529344
21082,73539584
21083,73549824
21084,73560064
21085,73570304
21086,73580544
21087,73590784
21088,73601024
21089,73611264
21090,73621504
21091,73631744
21092,73641984
21093,73652224
21094,73662464
21095,73672704
21096,73682944
21097,73693184
21098,73703424
21099,73713664
21100,73723904
21101,73734144
21102,73744384
21103,73754624
21104,73764864
21105,73775104
21106,73785344
21107,73795584
21108,73805824
21109,73816064
21110,73826304
21111,73836544
21112,73846784
21113,73857024
21114,73867264
21115,73877504
21116,73887744
21117,73897984
21118,73908224
21119,73918464
21120,73928704
21121,73938944
21122,73949184
21123,73959424
21124,73969664
21125,73979904
21126,73990144
21127,74000384
21128,74010624
21129,74020864
21130,74031104
21131,74041344
21132,74051584
21133,74061824
21134,74072064
21135,74082304
21136,74092544
21137,74102784
21138,74113024
21139,74123264
21140,74133504
21141,74143744
21142,74153984
21143,74164224
21144,74174464
21145,74184704
21146,74194944
21147,74205184
21148,74215424
21149,74225664
21150,74235904
21151,74246144
21152,74256384
21153,74266624
21154,74276864
21155,74287104
21156,74297344
21157,74307584
21158,74317824
21159,74328064
21160,74338304
21161,74348544
21162,74358784
21163,74369024
21164,74379264
21165,74389504
21166,74399744
21167,74409984
21168,74420224
21169,74430464
21170,74440704
21171,74450944
21172,74461184
21173,74471424
21174,74481664
21175,74491904
21176,74502144
21177,74512384
21178,74522624
21179,74532864
21180,74543104
21181,74553344
21182,74563584
21183,74573824
21184,74584064
21185,74594304
21186,74604544
21187,74614784
21188,74625024
21189,74635264
21190,74645504
21191,74655744
21192,74665984
21193,74676224
21194,74686464
21195,74696704
21196,74706944
21197,74717184
21198,74727424
21199,74737664
21200,74747904
21201,74758144
21202,74768384
21203,74778624
21204,74788864
21205,74799104
21206,74809344
21207,74819584
21208,74829824
21209,74840064
21210,74850304
21211,74860544
21212,74870784
21213,74881024
21214,74891264
21215,74901504
21216,74911744
21217,74921984
21218,74932224
21219,74942464
21220,74952704
21221,74962944
21222,74973184
21223,74983424
21224,74993664
21225,75003904
21226,75014144
21227,75024384
21228,75034624
21229,75044864
21230,75055104
21231,75065344
21232,75075584
21233,75085824
21234,75096064
21235,75106304
21236,75116544
21237,75126784
21238,75137024
21239,75147264
21240,75157504
21241,75167744
21242,75177984
21243,75188224
21244,75198464
21245,75208704
21246,75218944
21247,75229184
21248,75239424
21249,75249664
21250,75259904
21251,75270144
21252,75280384
21253,75290624
21254,75300864
21255,75311104
21256,75321344
21257,75331584
21258,75341824
21259,75352064
21260,75362304
21261,75372544
21262,75382784
21263,75393024
21264,75403264
21265,75413504
21266,75423744
21267,75433984
21268,75444224
21269,75454464
21270,75464704
21271,75474944
21272,75485184
21273,75495424
21274,75505664
21275,75515904
21276,75526144
21277,75536384
21278,75546624
21279,75556864
21280,75567104
21281,75577344
21282,75587584
21283,75597824
21284,75608064
21285,75618304
21286,75628544
21287,75638784
21288,75649024
21289,75659264
21290,75669504
21291,75679744
21292,75689984
21293,75700224
21294,75710464
21295,75720704
21296,75730944
21297,75741184
21298,75751424
21299,75761664
21300,75771904
21301,75782144
21302,75792384
21303,75802624
21304,75812864
21305,75823104
21306,75833344
21307,75843584
21308,75853824
21309,75864064
21310,75874304
21311,75884544
21312,75894784
21313,75905024
21314,75915264
21315,75925504
21316,75935744
21317,75945984
21318,75956224
21319,75966464
21320,75976704
21321,75986944
21322,75997184
21323,76007424
21324,76017664
21325,76027904
21326,76038144
21327,76048384
21328,76058624
21329,76068864
21330,76079104
21331,76089344
21332,76099584
21333,76109824
21334,76120064
21335,76130304
21336,76140544
21337,76150784
21338,76161024
21339,76171264
21340,76181504
21341,76191744
21342,76201984
21343,76212224
21344,76222464
21345,76232704
21346,76242944
21347,76253184
21348,76263424
21349,76273664
21350,76283904
21351,76294144
21352,76304384
21353,76314624
21354,76324864
21355,76335104
21356,76345344
21357,76355584
21358,76365824
21359,76376064
21360,76386304
21361,76396544
21362,76406784
21363,76417024
21364,76427264
21365,76437504
21366,76447744
21367,76457984
21368,76468224
21369,76478464
21370,76488704
21371,76498944
21372,76509184
21373,76519424
21374,76529664
21375,76539904
21376,76550144
21377,76560384
21378,76570624
21379,76580864
21380,76591104
21381,76601344
21382,76611584
21383,76621824
21384,76632064
21385,76642304
21386,76652544
21387,76662784
21388,76673024
21389,76683264
21390,76693504
21391,76703744
21392,76713984
21393,76724224
21394,76734464
21395,76744704
21396,76754944
21397,76765184
21398,76775424
21399,76785664
21400,76795904
21401,76806144
21402,76816384
21403,76826624
21404,76836864
21405,76847104
21406,76857344
21407,76867584
21408,76877824
21409,76888064
21410,76898304
21411,76908544
21412,76918784
21413,76929024
21414,76939264
21415,76949504
21416,76959744
21417,76969984
21418,76980224
21419,76990464
21420,77000704
21421,77010944
21422,77021184
21423,77031424
21424,77041664
21425,77051904
21426,77062144
21427,77072384
21428,77082624
21429,77092864
21430,77103104
21431,77113344
21432,77123584
21433,77133824
21434,77144064
21435,77154304
21436,77164544
21437,77174784
21438,77185024
21439,77195264
21440,77205504
21441,77215744
21442,77225984
21443,77236224
21444,77246464
21445,77256704
21446,77266944
21447,77277184
21448,77287424
21449,77297664
21450,77307904
21451,77318144
21452,77328384
21453,77338624
21454,77348864
21455,77359104
21456,77369344
21457,77379584
21458,77389824
21459,77400064
21460,77410304
21461,77420544
21462,77430784
21463,77441024
21464,77451264
21465,77461504
21466,77471744
21467,77481984
21468,77492224
21469,77502464
21470,77512704
21471,77522944
21472,77533184
21473,77543424
21474,77553664
21475,77563904
21476,77574144
21477,77584384
21478,77594624
21479,77604864
21480,77615104
21481,77625344
21482,77635584
21483,77645824
21484,77656064
21485,77666304
21486,77676544
21487,77686784
21488,77697024
21489,77707264
21490,77717504
21491,77727744
21492,77737984
21493,77748224
21494,77758464
21495,77768704
21496,77778944
21497,77789184
21498,77799424
21499,77809664
21500,77819904
21501,77830144
21502,77840384
21503,77850624
21504,77860864
21505,77871104
21506,77881344
21507,77891584
21508,77901824
21509,77912064
21510,77922304
21511,77932544
21512,77942784
21513,77953024
21514,77963264
21515,77973504
21516,77983744
21517,77993984
21518,78004224
21519,78014464
21520,78024704
21521,78034944
21522,78045184
21523,78055424
21524,78065664
21525,78075904
21526,78086144
21527,78096384
21528,78106624
21529,78116864
21530,78127104
21531,78137344
21532,78147584
21533,78157824
21534,78168064
21535,78178304
21536,78188544
21537,78198784
21538,78209024
21539,78219264
21540,78229504
21541,78239744
21542,78249984
21543,78260224
21544,78270464
21545,78280704
21546,78290944
21547,78301184
21548,78311424
21549,78321664
21550,78331904
21551,78342144
21552,78352384
21553,78362624
21554,78372864
21555,78383104
21556,78393344
21557,78403584
21558,78413824
21559,78424064
21560,78434304
21561,78444544
21562,78454784
21563,78465024
21564,78475264
21565,78485504
21566,78495744
21567,78505984
21568,78516224
21569,78526464
21570,78536704
21571,78546944
21572,78557184
21573,78567424
21574,78577664
21575,78587904
21576,78598144
21577,78608384
21578,78618624
21579,78628864
21580,78639104
21581,78649344
21582,78659584
21583,78669824
21584,78680064
21585,78690304
21586,78700544
21587,78710784
21588,78721024
21589,78731264
21590,78741504
21591,78751744
21592,78761984
21593,78772224
21594,78782464
21595,78792704
21596,78802944
21597,78813184
21598,78823424
21599,78833664
21600,78843904
21601,78854144
21602,78864384
21603,78874624
21604,78884864
21605,78895104
21606,78905344
21607,78915584
21608,78925824
21609,78936064
21610,78946304
21611,78956544
21612,78966784
21613,78977024
21614,78987264
21615,78997504
21616,79007744
21617,79017984
21618,79028224
21619,79038464
21620,79048704
21621,79058944
21622,79069184
21623,79079424
21624,79089664
21625,79099904
21626,79110144
21627,79120384
21628,79130624
21629,79140864
21630,79151104
21631,79161344
21632,79171584
21633,79181824
21634,79192064
21635,79202304
21636,79212544
21637,79222784
21638,79233024
21639,79243264
21640,79253504
21641,79263744
21642,79273984
21643,79284224
21644,79294464
21645,79304704
21646,79314944
21647,79325184
21648,79335424
21649,79345664
21650,79355904
21651,79366144
21652,79376384
21653,79386624
21654,79396864
21655,79407104
21656,79417344
21657,79427584
21658,79437824
21659,79448064
21660,79458304
21661,79468544
21662,79478784
21663,79489024
21664,79499264
21665,79509504
21666,79519744
21667,79529984
21668,79540224
21669,79550464
21670,79560704
21671,79570944
21672,79581184
21673,79591424
21674,79601664
21675,79611904
21676,79622144
21677,79632384
21678,79642624
21679,79652864
21680,79663104
21681,79673344
21682,79683584
21683,79693824
21684,79704064
21685,79714304
21686,79724544
21687,79734784
21688,79745024
21689,79755264
21690,79765504
21691,79775744
21692,79785984
21693,79796224
21694,79806464
21695,79816704
21696,79826944
21697,79837184
21698,79847424
21699,79857664
21700,79867904
21701,79878144
21702,79888384
21703,79898624
21704,79908864
21705,79919104
21706,79929344
21707,79939584
21708,79949824
21709,79960064
21710,79970304
21711,79980544
21712,79990784
21713,80001024
21714,80011264
21715,80021504
21716,80031744
21717,80041984
21718,80052224
21719,80062464
21720,80072704
21721,80082944
21722,80093184
21723,80103424
21724,80113664
21725,80123904
21726,80134144
21727,80144384
21728,80154624
21729,80164864
21730,80175104
21731,80185344
21732,80195584
21733,80205824
21734,80216064
21735,80226304
21736,80236544
21737,80246784
21738,80257024
21739,80267264
21740,80277504
21741,80287744
21742,80297984
21743,80308224
21744,80318464
21745,80328704
21746,80338944
21747,80349184
21748,80359424
21749,80369664
21750,80379904
21751,80390144
21752,80400384
21753,80410624
21754,80420864
21755,80431104
21756,80441344
21757,80451584
21758,80461824
21759,80472064
21760,80482304
21761,80492544
21762,80502784
21763,80513024
21764,80523264
21765,80533504
21766,80543744
21767,80553984
21768,80564224
21769,80574464
21770,80584704
21771,80594944
21772,80605184
21773,80615424
21774,80625664
21775,80635904
21776,80646144
21777,80656384
21778,80666624
21779,80676864
21780,80687104
21781,80697344
21782,80707584
21783,80717824
21784,80728064
21785,80738304
21786,80748544
21787,80758784
21788,80769024
21789,80779264
21790,80789504
21791,80799744
21792,80809984
21793,80820224
21794,80830464
21795,80840704
21796,80850944
21797,80861184
21798,80871424
21799,80881664
21800,80891904
21801,80902144
21802,80912384
21803,80922624
21804,80932864
21805,80943104
21806,80953344
21807,80963584
21808,80973824
21809,80984064
21810,80994304
21811,81004544
21812,81014784
21813,81025024
21814,81035264
21815,81045504
21816,81055744
21817,81065984
21818,81076224
21819,81086464
21820,81096704
21821,81106944
21822,81117184
21823,81127424
21824,81137664
21825,81147904
21826,81158144
21827,81168384
21828,81178624
21829,81188864
21830,81199104
21831,81209344
21832,81219584
21833,81229824
21834,81240064
21835,81250304
21836,81260544
21837,81270784
21838,81281024
21839,81291264
21840,81301504
21841,81311744
21842,81321984
21843,81332224
21844,81342464
21845,81352704
21846,81362944
21847,81373184
21848,81383424
21849,81393664
21850,81403904
21851,81414144
21852,81424384
21853,81434624
21854,81444864
21855,81455104
21856,81465344
21857,81475584
21858,81485824
21859,81496064
21860,81506304
21861,81516544
21862,81526784
21863,81537024
21864,81547264
21865,81557504
21866,81567744
21867,81577984
21868,81588224
21869,81598464
21870,81608704
21871,81618944
21872,81629184
21873,81639424
21874,81649664
21875,81659904
21876,81670144
21877,81680384
21878,81690624
21879,81700864
21880,81711104
21881,81721344
21882,81731584
21883,81741824
21884,81752064
21885,81762304
21886,81772544
21887,81782784
21888,81793024
21889,81803264
21890,81813504
21891,81823744
21892,81833984
21893,81844224
21894,81854464
21895,81864704
21896,81874944
21897,81885184
21898,81895424
21899,81905664
21900,81915904
21901,81926144
21902,81936384
21903,81946624
21904,81956864
21905,81967104
21906,81977344
21907,81987584
21908,81997824
21909,82008064
21910,82018304
21911,82028544
21912,82038784
21913,82049024
21914,82059264
21915,82069504
21916,82079744
21917,82089984
21918,82100224
21919,82110464
21920,82120704
21921,82130944
21922,82141184
21923,82151424
21924,82161664
21925,82171904
21926,82182144
21927,82192384
21928,82202624
21929,82212864
21930,82223104
21931,82233344
21932,82243584
21933,82253824
21934,82264064
21935,82274304
21936,82284544
21937,82294784
21938,82305024
21939,82315264
21940,82325504
21941,82335744
21942,82345984
21943,82356224
21944,82366464
21945,82376704
21946,82386944
21947,82397184
21948,82407424
21949,82417664
21950,82427904
21951,82438144
21952,82448384
21953,82458624
21954,82468864
21955,82479104
21956,82489344
21957,82499584
21958,82509824
21959,82520064
21960,82530304
21961,82540544
21962,82550784
21963,82561024
21964,82571264
21965,82581504
21966,82591744
21967,82601984
21968,82613248
21969,82624512
21970,82635776
21971,82647040
21972,82658304
21973,82669568
21974,82680832
21975,82692096
21976,82703360
21977,82714624
21978,82725888
21979,82737152
21980,82748416
21981,82759680
21982,82770944
21983,82782208
21984,82793472
21985,82804736
21986,82816000
21987,82827264
21988,82838528
21989,82849792
21990,82861056
21991,82872320
21992,82883584
21993,82894848
21994,82906112
21995,82917376
21996,82928640
21997,82939904
21998,82951168
21999,82962432
22000,82973696
22001,82984960
22002,82996224
22003,83007488
22004,83018752
22005,83030016
22006,83041280
22007,83052544
22008,83063808
22009,83075072
22010,83086336
22011,83097600
22012,83108864
22013,83120128
22014,83131392
22015,83142656
22016,83153920
22017,83165184
22018,83176448
22019,83187712
22020,83198976
22021,83210240
22022,83221504
22023,83232768
22024,83244032
22025,83255296
22026,83266560
22027,83277824
22028,83289088
22029,83300352
22030,83311616
22031,83322880
22032,83334144
22033,83345408
22034,83356672
22035,83367936
22036,83379200
22037,83390464
22038,83401728
22039,83412992
22040,83424256
22041,83435520
22042,83446784
22043,83458048
22044,83469312
22045,83480576
22046,83491840
22047,83503104
22048,83514368
22049,83525632
22050,83536896
22051,83548160
22052,83559424
22053,83570688
22054,83581952
22055,83593216
22056,83604480
22057,83615744
22058,83627008
22059,83638272
22060,83649536
22061,83660800
22062,83672064
22063,83683328
22064,83694592
22065,83705856
22066,83717120
22067,83728384
22068,83739648
22069,83750912
22070,83762176
22071,83773440
22072,83784704
22073,83795968
22074,83807232
22075,83818496
22076,83829760
22077,83841024
22078,83852288
22079,83863552
22080,83874816
22081,83886080
22082,83897344
22083,83908608
22084,83919872
22085,83931136
22086,83942400
22087,83953664
22088,83964928
22089,83976192
22090,83987456
22091,83998720
22092,84009984
22093,84021248
22094,84032512
22095,84043776
22096,84055040
22097,84066304
22098,84077568
22099,84088832
22100,84100096
22101,84111360
22102,84122624
22103,84133888
22104,84145152
22105,84156416
22106,84167680
22107,84178944
22108,84190208
22109,84201472
22110,84212736
22111,84224000
22112,84235264
22113,84246528
22114,84257792
22115,84269056
22116,84280320
22117,84291584
22118,84302848
22119,84314112
22120,84325376
22121,84336640
22122,84347904
22123,84359168
22124,84370432
22125,84381696
22126,84392960
22127,84404224
22128,84415488
22129,84426752
22130,84438016
22131,84449280
22132,84460544
22133,84471808
22134,84483072
22135,84494336
22136,84505600
22137,84516864
22138,84528128
22139,84539392
22140,84550656
22141,84561920
22142,84573184
22143,84584448
22144,84595712
22145,84606976
22146,84618240
22147,84629504
22148,84640768
22149,84652032
22150,84663296
22151,84674560
22152,84685824
22153,84697088
22154,84708352
22155,84719616
22156,84730880
22157,84742144
22158,84753408
22159,84764672
22160,84775936
22161,84787200
22162,84798464
22163,84809728
22164,84820992
22165,84832256
22166,84843520
22167,84854784
22168,84866048
22169,84877312
22170,84888576
22171,84899840
22172,84911104
22173,84922368
22174,84933632
22175,84944896
22176,84956160
22177,84967424
22178,84978688
22179,84989952
22180,85001216
22181,85012480
22182,85023744
22183,85035008
22184,85046272
22185,85057536
22186,85068800
22187,85080064
22188,85091328
22189,85102592
22190,85113856
22191,85125120
22192,85136384
22193,85147648
22194,85158912
22195,85170176
22196,85181440
22197,85192704
22198,85203968
22199,85215232
22200,85226496
22201,85237760
22202,85249024
22203,85260288
22204,85271552
22205,85282816
22206,85294080
22207,85305344
22208,85316608
22209,85327872
22210,85339136
22211,85350400
22212,85361664
22213,85372928
22214,85384192
22215,85395456
22216,85406720
22217,85417984
22218,85429248
22219,85440512
22220,85451776
22221,85463040
22222,85474304
22223,85485568
22224,85496832
22225,85508096
22226,85519360
22227,85530624
22228,85541888
22229,85553152
22230,85564416
22231,85575680
22232,85586944
22233,85598208
22234,85609472
22235,85620736
22236,85632000
22237,85643264
22238,85654528
22239,85665792
22240,85677056
22241,85688320
22242,85699584
22243,85710848
22244,85722112
22245,85733376
22246,85744640
22247,85755904
22248,85767168
22249,85778432
22250,85789696
22251,85800960
22252,85812224
22253,85823488
22254,85834752
22255,85846016
22256,85857280
22257,85868544
22258,85879808
22259,85891072
22260,85902336
22261,85913600
22262,85924864
22263,85936128
22264,85947392
22265,85958656
22266,85969920
22267,85981184
22268,85992448
22269,86003712
22270,86014976
22271,86026240
22272,86037504
22273,86048768
22274,86060032
22275,86071296
22276,86082560
22277,86093824
22278,86105088
22279,86116352
22280,86127616
22281,86138880
22282,86150144
22283,86161408
22284,86172672
22285,86183936
22286,86195200
22287,86206464
22288,86217728
22289,86228992
22290,86240256
22291,86251520
22292,86262784
22293,86274048
22294,86285312
22295,86296576
22296,86307840
22297,86319104
22298,86330368
22299,86341632
22300,86352896
22301,86364160
22302,86375424
22303,86386688
22304,86397952
22305,86409216
22306,86420480
22307,86431744
22308,86443008
22309,86454272
22310,86465536
22311,86476800
22312,86488064
22313,86499328
22314,86510592
22315,86521856
22316,86533120
22317,86544384
22318,86555648
22319,86566912
22320,86578176
22321,86589440
22322,86600704
22323,86611968
22324,86623232
22325,86634496
22326,86645760
22327,86657024
22328,86668288
22329,86679552
22330,86690816
22331,86702080
22332,86713344
22333,86724608
22334,86735872
22335,86747136
22336,86758400
22337,86769664
22338,86780928
22339,86792192
22340,86803456
22341,86814720
22342,86825984
22343,86837248
22344,86848512
22345,86859776
22346,86871040
22347,86882304
22348,86893568
22349,86904832
22350,86916096
22351,86927360
22352,86938624
22353,86949888
22354,86961152
22355,86972416
22356,86983680
22357,86994944
22358,87006208
22359,87017472
22360,87028736
22361,87040000
22362,87051264
22363,87062528
22364,87073792
22365,87085056
22366,87096320
22367,87107584
22368,87118848
22369,87130112
22370,87141376
22371,87152640
22372,87163904
22373,87175168
22374,87186432
22375,87197696
22376,87208960
22377,87220224
22378,87231488
22379,87242752
22380,87254016
22381,87265280
22382,87276544
22383,87287808
22384,87299072
22385,87310336
22386,87321600
22387,87332864
22388,87344128
22389,87355392
22390,87366656
22391,87377920
22392,87389184
22393,87400448
22394,87411712
22395,87422976
22396,87434240
22397,87445504
22398,87456768
22399,87468032
22400,87479296
22401,87490560
22402,87501824
22403,87513088
22404,87524352
22405,87535616
22406,87546880
22407,87558144
22408,87569408
22409,87580672
22410,87591936
22411,87603200
22412,87614464
22413,87625728
22414,87636992
22415,87648256
22416,87659520
22417,87670784
22418,87682048
22419,87693312
22420,87704576
22421,87715840
22422,87727104
22423,87738368
22424,87749632
22425,87760896
22426,87772160
22427,87783424
22428,87794688
22429,87805952
22430,87817216
22431,87828480
22432,87839744
22433,87851008
22434,87862272
22435,87873536
22436,87884800
22437,87896064
22438,87907328
22439,87918592
22440,87929856
22441,87941120
22442,87952384
22443,87963648
22444,87974912
22445,87986176
22446,87997440
22447,88008704
22448,88019968
22449,88031232
22450,88042496
22451,88053760
22452,88065024
22453,88076288
22454,88087552
22455,88098816
22456,88110080
22457,88121344
22458,88132608
22459,88143872
22460,88155136
22461,88166400
22462,88177664
22463,88188928
22464,88200192
22465,88211456
22466,88222720
22467,88233984
22468,88245248
22469,88256512
22470,88267776
22471,88279040
22472,88290304
22473,88301568
22474,88312832
22475,88324096
22476,88335360
22477,88346624
22478,88357888
22479,88369152
22480,88380416
22481,88391680
22482,88402944
22483,88414208
22484,88425472
22485,88436736
22486,88448000
22487,88459264
22488,88470528
22489,88481792
22490,88493056
22491,88504320
22492,88515584
22493,88526848
22494,88538112
22495,88549376
22496,88560640
22497,88571904
22498,88583168
22499,88594432
22500,88605696
22501,88616960
22502,88628224
22503,88639488
22504,88650752
22505,88662016
22506,88673280
22507,88684544
22508,88695808
22509,88707072
22510,88718336
22511,88729600
22512,88740864
22513,88752128
22514,88763392
22515,88774656
22516,88785920
22517,88797184
22518,88808448
22519,88819712
22520,88830976
22521,88842240
22522,88853504
22523,88864768
22524,88876032
22525,88887296
22526,88898560
22527,88909824
22528,88921088
22529,88932352
22530,88943616
22531,88954880
22532,88966144
22533,88977408
22534,88988672
22535,88999936
22536,89011200
22537,89022464
22538,89033728
22539,89044992
22540,89056256
22541,89067520
22542,89078784
22543,89090048
22544,89101312
22545,89112576
22546,89123840
22547,89135104
22548,89146368
22549,89157632
22550,89168896
22551,89180160
22552,89191424
22553,89202688
22554,89213952
22555,89225216
22556,89236480
22557,89247744
22558,89259008
22559,89270272
22560,89281536
22561,89292800
22562,89304064
22563,89315328
22564,89326592
22565,89337856
22566,89349120
22567,89360384
22568,89371648
22569,89382912
22570,89394176
22571,89405440
22572,89416704
22573,89427968
22574,89439232
22575,89450496
22576,89461760
22577,89473024
22578,89484288
22579,89495552
22580,89506816
22581,89518080
22582,89529344
22583,89540608
22584,89551872
22585,89563136
22586,89574400
22587,89585664
22588,89596928
22589,89608192
22590,89619456
22591,89630720
22592,89641984
22593,89653248
22594,89664512
22595,89675776
22596,89687040
22597,89698304
22598,89709568
22599,89720832
22600,89732096
22601,89743360
22602,89754624
22603,89765888
22604,89777152
22605,89788416
22606,89799680
22607,89810944
22608,89822208
22609,89833472
22610,89844736
22611,89856000
22612,89867264
22613,89878528
22614,89889792
22615,89901056
22616,89912320
22617,89923584
22618,89934848
22619,89946112
22620,89957376
22621,89968640
22622,89979904
22623,89991168
22624,90002432
22625,90013696
22626,90024960
22627,90036224
22628,90047488
22629,90058752
22630,90070016
22631,90081280
22632,90092544
22633,90103808
22634,90115072
22635,90126336
22636,90137600
22637,90148864
22638,90160128
22639,90171392
22640,90182656
22641,90193920
22642,90205184
22643,90216448
22644,90227712
22645,90238976
22646,90250240
22647,90261504
22648,90272768
22649,90284032
22650,90295296
22651,90306560
22652,90317824
22653,90329088
22654,90340352
22655,90351616
22656,90362880
22657,90374144
22658,90385408
22659,90396672
22660,90407936
22661,90419200
22662,90430464
22663,90441728
22664,90452992
22665,90464256
22666,90475520
22667,90486784
22668,90498048
22669,90509312
22670,90520576
22671,90531840
22672,90543104
22673,90554368
22674,90565632
22675,90576896
22676,90588160
22677,90599424
22678,90610688
22679,90621952
22680,90633216
22681,90644480
22682,90655744
22683,90667008
22684,90678272
22685,90689536
22686,90700800
22687,90712064
22688,90723328
22689,90734592
22690,90745856
22691,90757120
22692,90768384
22693,90779648
22694,90790912
22695,90802176
22696,90813440
22697,90824704
22698,90835968
22699,90847232
22700,90858496
22701,90869760
22702,90881024
22703,90892288
22704,90903552
22705,90914816
22706,90926080
22707,90937344
22708,90948608
22709,90959872
22710,90971136
22711,90982400
22712,90993664
22713,91004928
22714,91016192
22715,91027456
22716,91038720
22717,91049984
22718,91061248
22719,91072512
22720,91083776
22721,91095040
22722,91106304
22723,91117568
22724,91128832
22725,91140096
22726,91151360
22727,91162624
22728,91173888
22729,91185152
22730,91196416
22731,91207680
22732,91218944
22733,91230208
22734,91241472
22735,91252736
22736,91264000
22737,91275264
22738,91286528
22739,91297792
22740,91309056
22741,91320320
22742,91331584
22743,91342848
22744,91354112
22745,91365376
22746,91376640
22747,91387904
22748,91399168
22749,91410432
22750,91421696
22751,91432960
22752,91444224
22753,91455488
22754,91466752
22755,91478016
22756,91489280
22757,91500544
22758,91511808
22759,91523072
22760,91534336
22761,91545600
22762,91556864
22763,91568128
22764,91579392
22765,91590656
22766,91601920
22767,91613184
22768,91624448
22769,91635712
22770,91646976
22771,91658240
22772,91669504
22773,91680768
22774,91692032
22775,91703296
22776,91714560
22777,91725824
22778,91737088
22779,91748352
22780,91759616
22781,91770880
22782,91782144
22783,91793408
22784,91804672
22785,91815936
22786,91827200
22787,91838464
22788,91849728
22789,91860992
22790,91872256
22791,91883520
22792,91894784
22793,91906048
22794,91917312
22795,91928576
22796,91939840
22797,91951104
22798,91962368
22799,91973632
22800,91984896
22801,91996160
22802,92007424
22803,92018688
22804,92029952
22805,92041216
22806,92052480
22807,92063744
22808,92075008
22809,92086272
22810,92097536
22811,92108800
22812,92120064
22813,92131328
22814,92142592
22815,92153856
22816,92165120
22817,92176384
22818,92187648
22819,92198912
22820,92210176
22821,92221440
22822,92232704
22823,92243968
22824,92255232
22825,92266496
22826,92277760
22827,92289024
22828,92300288
22829,92311552
22830,92322816
22831,92334080
22832,92345344
22833,92356608
22834,92367872
22835,92379136
22836,92390400
22837,92401664
22838,92412928
22839,92424192
22840,92435456
22841,92446720
22842,92457984
22843,92469248
22844,92480512
22845,92491776
22846,92503040
22847,92514304
22848,92525568
22849,92536832
22850,92548096
22851,92559360
22852,92570624
22853,92581888
22854,92593152
22855,92604416
22856,92615680
22857,92626944
22858,92638208
22859,92649472
22860,92660736
22861,92672000
22862,92683264
22863,92694528
22864,92705792
22865,92717056
22866,92728320
22867,92739584
22868,92750848
22869,92762112
22870,92773376
22871,92784640
22872,92795904
22873,92807168
22874,92818432
22875,92829696
22876,92840960
22877,92852224
22878,92863488
22879,92874752
22880,92886016
22881,92897280
22882,92908544
22883,92919808
22884,92931072
22885,92942336
22886,92953600
22887,92964864
22888,92976128
22889,92987392
22890,92998656
22891,93009920
22892,93021184
22893,93032448
22894,93043712
22895,93054976
22896,93067264
22897,93079552
22898,93091840
22899,93104128
22900,93116416
22901,93128704
22902,93140992
22903,93153280
22904,93165568
22905,93177856
22906,93190144
22907,93202432
22908,93214720
22909,93227008
22910,93239296
22911,93251584
22912,93263872
22913,93276160
22914,93288448
22915,93300736
22916,93313024
22917,93325312
22918,93337600
22919,93349888
22920,93362176
22921,93374464
22922,93386752
22923,93399040
22924,93411328
22925,93423616
22926,93435904
22927,93448192
22928,93460480
22929,93472768
22930,93485056
22931,93497344
22932,93509632
22933,93521920
22934,93534208
22935,93546496
22936,93558784
22937,93571072
22938,93583360
22939,93595648
22940,93607936
22941,93620224
22942,93632512
22943,93644800
22944,93657088
22945,93669376
22946,93681664
22947,93693952
22948,93706240
22949,93718528
22950,93730816
22951,93743104
22952,93755392
22953,93767680
22954,93779968
22955,93792256
22956,93804544
22957,93816832
22958,93829120
22959,93841408
22960,93853696
22961,93865984
22962,93878272
22963,93890560
22964,93902848
22965,93915136
22966,93927424
22967,93939712
22968,93952000
22969,93964288
22970,93976576
22971,93988864
22972,94001152
22973,94013440
22974,94025728
22975,94038016
22976,94050304
22977,94062592
22978,94074880
22979,94087168
22980,94099456
22981,94111744
22982,94124032
22983,94136320
22984,94148608
22985,94160896
22986,94173184
22987,94185472
22988,94197760
22989,94210048
22990,94222336
22991,94234624
22992,94246912
22993,94259200
22994,94271488
22995,94283776
22996,94296064
22997,94308352
22998,94320640
22999,94332928
23000,94345216
23001,94357504
23002,94369792
23003,94382080
23004,94394368
23005,94406656
23006,94418944
23007,94431232
23008,94443520
23009,94455808
23010,94468096
23011,94480384
23012,94492672
23013,94504960
23014,94517248
23015,94529536
23016,94541824
23017,94554112
23018,94566400
23019,94578688
23020,94590976
23021,94603264
23022,94615552
23023,94627840
23024,94640128
23025,94652416
23026,94664704
23027,94676992
23028,94689280
23029,94701568
23030,94713856
23031,94726144
23032,94738432
23033,94750720
23034,94763008
23035,94775296
23036,94787584
23037,94799872
23038,94812160
23039,94824448
23040,94836736
23041,94849024
23042,94861312
23043,94873600
23044,94885888
23045,94898176
23046,94910464
23047,94922752
23048,94935040
23049,94947328
23050,94959616
23051,94971904
23052,94984192
23053,94996480
23054,95008768
23055,95021056
23056,95033344
23057,95045632
23058,95057920
23059,95070208
23060,95082496
23061,95094784
23062,95107072
23063,95119360
23064,95131648
23065,95143936
23066,95156224
23067,95168512
23068,95180800
23069,95193088
23070,95205376
23071,95217664
23072,95229952
23073,95242240
23074,95254528
23075,95266816
23076,95279104
23077,95291392
23078,95303680
23079,95315968
23080,95328256
23081,95340544
23082,95352832
23083,95365120
23084,95377408
23085,95389696
23086,95401984
23087,95414272
23088,95426560
23089,95438848
23090,95451136
23091,95463424
23092,95475712
23093,95488000
23094,95500288
23095,95512576
23096,95524864
23097,95537152
23098,95549440
23099,95561728
23100,95574016
23101,95586304
23102,95598592
23103,95610880
23104,95623168
23105,95635456
23106,95647744
23107,95660032
23108,95672320
23109,95684608
23110,95696896
23111,95709184
23112,95721472
23113,95733760
23114,95746048
23115,95758336
23116,95770624
23117,95782912
23118,95795200
23119,95807488
23120,95819776
23121,95832064
23122,95844352
23123,95856640
23124,95868928
23125,95881216
23126,95893504
23127,95905792
23128,95918080
23129,95930368
23130,95942656
23131,95954944
23132,95967232
23133,95979520
23134,95991808
23135,96004096
23136,96016384
23137,96028672
23138,96040960
23139,96053248
23140,96065536
23141,96077824
23142,96090112
23143,96102400
23144,96114688
23145,96126976
23146,96139264
23147,96151552
23148,96163840
23149,96176128
23150,96188416
23151,96200704
23152,96212992
23153,96225280
23154,96237568
23155,96249856
23156,96262144
23157,96274432
23158,96286720
23159,96299008
23160,96311296
23161,96323584
23162,96335872
23163,96348160
23164,96360448
23165,96372736
23166,96385024
23167,96397312
23168,96409600
23169,96421888
23170,96434176
23171,96446464
23172,96458752
23173,96471040
23174,96483328
23175,96495616
23176,96507904
23177,96520192
23178,96532480
23179,96544768
23180,96557056
23181,96569344
23182,96581632
23183,96593920
23184,96606208
23185,96618496
23186,96630784
23187,96643072
23188,96655360
23189,96667648
23190,96679936
23191,96692224
23192,96704512
23193,96716800
23194,96729088
23195,96741376
23196,96753664
23197,96765952
23198,96778240
23199,96790528
23200,96802816
23201,96815104
23202,96827392
23203,96839680
23204,96851968
23205,96864256
23206,96876544
23207,96888832
23208,96901120
23209,96913408
23210,96925696
23211,96937984
23212,96950272
23213,96962560
23214,96974848
23215,96987136
23216,96999424
23217,97011712
23218,97024000
23219,97036288
23220,97048576
23221,97060864
23222,97073152
23223,97085440
23224,97097728
23225,97110016
23226,97122304
23227,97134592
23228,97146880
23229,97159168
23230,97171456
23231,97183744
23232,97196032
23233,97208320
23234,97220608
23235,97232896
23236,97245184
23237,97257472
23238,97269760
23239,97282048
23240,97294336
23241,97306624
23242,97318912
23243,97331200
23244,97343488
23245,97355776
23246,97368064
23247,97380352
23248,97392640
23249,97404928
23250,97417216
23251,97429504
23252,97441792
23253,97454080
23254,97466368
23255,97478656
23256,97490944
23257,97503232
23258,97515520
23259,97527808
23260,97540096
23261,97552384
23262,97564672
23263,97576960
23264,97589248
23265,97601536
23266,97613824
23267,97626112
23268,97638400
23269,97650688
23270,97662976
23271,97675264
23272,97687552
23273,97699840
23274,97712128
23275,97724416
23276,97736704
23277,97748992
23278,97761280
23279,97773568
23280,97785856
23281,97798144
23282,97810432
23283,97822720
23284,97835008
23285,97847296
23286,97859584
23287,97871872
23288,97884160
23289,97896448
23290,97908736
23291,97921024
23292,97933312
23293,97945600
23294,97957888
23295,97970176
23296,97982464
23297,97994752
23298,98007040
23299,98019328
23300,98031616
23301,98043904
23302,98056192
23303,98068480
23304,98080768
23305,98093056
23306,98105344
23307,98117632
23308,98129920
23309,98142208
23310,98154496
23311,98166784
23312,98179072
23313,98191360
23314,98203648
23315,98215936
23316,98228224
23317,98240512
23318,98252800
23319,98265088
23320,98277376
23321,98289664
23322,98301952
23323,98314240
23324,98326528
23325,98338816
23326,98351104
23327,98363392
23328,98375680
23329,98387968
23330,98400256
23331,98412544
23332,98424832
23333,98437120
23334,98449408
23335,98461696
23336,98473984
23337,98486272
23338,98498560
23339,98510848
23340,98523136
23341,98535424
23342,98547712
23343,98560000
23344,98572288
23345,98584576
23346,98596864
23347,98609152
23348,98621440
23349,98633728
23350,98646016
23351,98658304
23352,98670592
23353,98682880
23354,98695168
23355,98707456
23356,98719744
23357,98732032
23358,98744320
23359,98756608
23360,98768896
23361,98781184
23362,98793472
23363,98805760
23364,98818048
23365,98830336
23366,98842624
23367,98854912
23368,98867200
23369,98879488
23370,98891776
23371,98904064
23372,98916352
23373,98928640
23374,98940928
23375,98953216
23376,98965504
23377,98977792
23378,98990080
23379,99002368
23380,99014656
23381,99026944
23382,99039232
23383,99051520
23384,99063808
23385,99076096
23386,99088384
23387,99100672
23388,99112960
23389,99125248
23390,99137536
23391,99149824
23392,99162112
23393,99174400
23394,99186688
23395,99198976
23396,99211264
23397,99223552
23398,99235840
23399,99248128
23400,99260416
23401,99272704
23402,99284992
23403,99297280
23404,99309568
23405,99321856
23406,99334144
23407,99346432
23408,99358720
23409,99371008
23410,99383296
23411,99395584
23412,99407872
23413,99420160
23414,99432448
23415,99444736
23416,99457024
23417,99469312
23418,99481600
23419,99493888
23420,99506176
23421,99518464
23422,99530752
23423,99543040
23424,99555328
23425,99567616
23426,99579904
23427,99592192
23428,99604480
23429,99616768
23430,99629056
23431,99641344
23432,99653632
23433,99665920
23434,99678208
23435,99690496
23436,99702784
23437,99715072
23438,99727360
23439,99739648
23440,99751936
23441,99764224
23442,99776512
23443,99788800
23444,99801088
23445,99813376
23446,99825664
23447,99837952
23448,99850240
23449,99862528
23450,99874816
23451,99887104
23452,99899392
23453,99911680
23454,99923968
23455,99936256
23456,99948544
23457,99960832
23458,99973120
23459,99985408
23460,99997696
23461,100009984
23462,100022272
23463,100034560
23464,100046848
23465,100059136
23466,100071424
23467,100083712
23468,100096000
23469,100108288
23470,100120576
23471,100132864
23472,100145152
23473,100157440
23474,100169728
23475,100182016
23476,100194304
23477,100206592
23478,100218880
23479,100231168
23480,100243456
23481,100255744
23482,100268032
23483,100280320
23484,100292608
23485,100304896
23486,100317184
23487,100329472
23488,100341760
23489,100354048
23490,100366336
23491,100378624
23492,100390912
23493,100403200
23494,100415488
23495,100427776
23496,100440064
23497,100452352
23498,100464640
23499,100476928
23500,100489216
23501,100501504
23502,100513792
23503,100526080
23504,100538368
23505,100550656
23506,100562944
23507,100575232
23508,100587520
23509,100599808
23510,100612096
23511,100624384
23512,100636672
23513,100648960
23514,100661248
23515,100673536
23516,100685824
23517,100698112
23518,100710400
23519,100722688
23520,100734976
23521,100747264
23522,100759552
23523,100771840
23524,100784128
23525,100796416
23526,100808704
23527,100820992
23528,100833280
23529,100845568
23530,100857856
23531,100870144
23532,100882432
23533,100894720
23534,100907008
23535,100919296
23536,100931584
23537,100943872
23538,100956160
23539,100968448
23540,100980736
23541,100993024
23542,101005312
23543,101017600
23544,101029888
23545,101042176
23546,101054464
23547,101066752
23548,101079040
23549,101091328
23550,101103616
23551,101115904
23552,101128192
23553,101140480
23554,101152768
23555,101165056
23556,101177344
23557,101189632
23558,101201920
23559,101214208
23560,101226496
23561,101238784
23562,101251072
23563,101263360
23564,101275648
23565,101287936
23566,101300224
23567,101312512
23568,101324800
23569,101337088
23570,101349376
23571,101361664
23572,101373952
23573,101386240
23574,101398528
23575,101410816
23576,101423104
23577,101435392
23578,101447680
23579,101459968
23580,101472256
23581,101484544
23582,101496832
23583,101509120
23584,101521408
23585,101533696
23586,101545984
23587,101558272
23588,101570560
23589,101582848
23590,101595136
23591,101607424
23592,101619712
23593,101632000
23594,101644288
23595,101656576
23596,101668864
23597,101681152
23598,101693440
23599,101705728
23600,101718016
23601,101730304
23602,101742592
23603,101754880
23604,101767168
23605,101779456
23606,101791744
23607,101804032
23608,101816320
23609,101828608
23610,101840896
23611,101853184
23612,101865472
23613,101877760
23614,101890048
23615,101902336
23616,101914624
23617,101926912
23618,101939200
23619,101951488
23620,101963776
23621,101976064
23622,101988352
23623,102000640
23624,102012928
23625,102025216
23626,102037504
23627,102049792
23628,102062080
23629,102074368
23630,102086656
23631,102098944
23632,102111232
23633,102123520
23634,102135808
23635,102148096
23636,102160384
23637,102172672
23638,102184960
23639,102197248
23640,102209536
23641,102221824
23642,102234112
23643,102246400
23644,102258688
23645,102270976
23646,102283264
23647,102295552
23648,102307840
23649,102320128
23650,102332416
23651,102344704
23652,102356992
23653,102369280
23654,102381568
23655,102393856
23656,102406144
23657,102418432
23658,102430720
23659,102443008
23660,102455296
23661,102467584
23662,102479872
23663,102492160
23664,102504448
23665,102516736
23666,102529024
23667,102541312
23668,102553600
23669,102565888
23670,102578176
23671,102590464
23672,102602752
23673,102615040
23674,102627328
23675,102639616
23676,102651904
23677,102664192
23678,102676480
23679,102688768
23680,102701056
23681,102713344
23682,102725632
23683,102737920
23684,102750208
23685,102762496
23686,102774784
23687,102787072
23688,102799360
23689,102811648
23690,102823936
23691,102836224
23692,102848512
23693,102860800
23694,102873088
23695,102886400
23696,102899712
23697,102913024
23698,102926336
23699,102939648
23700,102952960
23701,102966272
23702,102979584
23703,102992896
23704,103006208
23705,103019520
23706,103032832
23707,103046144
23708,103059456
23709,103072768
23710,103086080
23711,103099392
23712,103112704
23713,103126016
23714,103139328
23715,103152640
23716,103165952
23717,103179264
23718,103192576
23719,103205888
23720,103219200
23721,103232512
23722,103245824
23723,103259136
23724,103272448
23725,103285760
23726,103299072
23727,103312384
23728,103325696
23729,103339008
23730,103352320
23731,103365632
23732,103378944
23733,103392256
23734,103405568
23735,103418880
23736,103432192
23737,103445504
23738,103458816
23739,103472128
23740,103485440
23741,103498752
23742,103512064
23743,103525376
23744,103538688
23745,103552000
23746,103565312
23747,103578624
23748,103591936
23749,103605248
23750,103618560
23751,103631872
23752,103645184
23753,103658496
23754,103671808
23755,103685120
23756,103698432
23757,103711744
23758,103725056
23759,103738368
23760,103751680
23761,103764992
23762,103778304
23763,103791616
23764,103804928
23765,103818240
23766,103831552
23767,103844864
23768,103858176
23769,103871488
23770,103884800
23771,103898112
23772,103911424
23773,103924736
23774,103938048
23775,103951360
23776,103964672
23777,103977984
23778,103991296
23779,104004608
23780,104017920
23781,104031232
23782,104044544
23783,104057856
23784,104071168
23785,104084480
23786,104097792
23787,104111104
23788,104124416
23789,104137728
23790,104151040
23791,104164352
23792,104177664
23793,104190976
23794,104204288
23795,104217600
23796,104230912
23797,104244224
23798,104257536
23799,104270848
23800,104284160
23801,104297472
23802,104310784
23803,104324096
23804,104337408
23805,104350720
23806,104364032
23807,104377344
23808,104390656
23809,104403968
23810,104417280
23811,104430592
23812,104443904
23813,104457216
23814,104470528
23815,104483840
23816,104497152
23817,104510464
23818,104523776
23819,104537088
23820,104550400
23821,104563712
23822,104577024
23823,104590336
23824,104603648
23825,104616960
23826,104630272
23827,104643584
23828,104656896
23829,104670208
23830,104683520
23831,104696832
23832,104710144
23833,104723456
23834,104736768
23835,104750080
23836,104763392
23837,104776704
23838,104790016
23839,104803328
23840,104816640
23841,104829952
23842,104843264
23843,104856576
23844,104869888
23845,104883200
23846,104896512
23847,104909824
23848,104923136
23849,104936448
23850,104949760
23851,104963072
23852,104976384
23853,104989696
23854,105003008
23855,105016320
23856,105029632
23857,105042944
23858,105056256
23859,105069568
23860,105082880
23861,105096192
23862,105109504
23863,105122816
23864,105136128
23865,105149440
23866,105162752
23867,105176064
23868,105189376
23869,105202688
23870,105216000
23871,105229312
23872,105242624
23873,105255936
23874,105269248
23875,105282560
23876,105295872
23877,105309184
23878,105322496
23879,105335808
23880,105349120
23881,105362432
23882,105375744
23883,105389056
23884,105402368
23885,105415680
23886,105428992
23887,105442304
23888,105455616
23889,105468928
23890,105482240
23891,105495552
23892,105508864
23893,105522176
23894,105535488
23895,105548800
23896,105562112
23897,105575424
23898,105588736
23899,105602048
23900,105615360
23901,105628672
23902,105641984
23903,105655296
23904,105668608
23905,105681920
23906,105695232
23907,105708544
23908,105721856
23909,105735168
23910,105748480
23911,105761792
23912,105775104
23913,105788416
23914,105801728
23915,105815040
23916,105828352
23917,105841664
23918,105854976
23919,105868288
23920,105881600
23921,105894912
23922,105908224
23923,105921536
23924,105934848
23925,105948160
23926,105961472
23927,105974784
23928,105988096
23929,106001408
23930,106014720
23931,106028032
23932,106041344
23933,106054656
23934,106067968
23935,106081280
23936,106094592
23937,106107904
23938,106121216
23939,106134528
23940,106147840
23941,106161152
23942,106174464
23943,106187776
23944,106201088
23945,106214400
23946,106227712
23947,106241024
23948,106254336
23949,106267648
23950,106280960
23951,106294272
23952,106307584
23953,106320896
23954,106334208
23955,106347520
23956,106360832
23957,106374144
23958,106387456
23959,106400768
23960,106414080
23961,106427392
23962,106440704
23963,106454016
23964,106467328
23965,106480640
23966,106493952
23967,106507264
23968,106520576
23969,106533888
23970,106547200
23971,106560512
23972,106573824
23973,106587136
23974,106600448
23975,106613760
23976,106627072
23977,106640384
23978,106653696
23979,106667008
23980,106680320
23981,106693632
23982,106706944
23983,106720256
23984,106733568
23985,106746880
23986,106760192
23987,106773504
23988,106786816
23989,106800128
23990,106813440
23991,106826752
23992,106840064
23993,106853376
23994,106866688
23995,106880000
23996,106893312
23997,106906624
23998,106919936
23999,106933248
24000,106946560
24001,106959872
24002,106973184
24003,106986496
24004,106999808
24005,107013120
24006,107026432
24007,107039744
24008,107053056
24009,107066368
24010,107079680
24011,107092992
24012,107106304
24013,107119616
24014,107132928
24015,107146240
24016,107159552
24017,107172864
24018,107186176
24019,107199488
24020,107212800
24021,107226112
24022,107239424
24023,107252736
24024,107266048
24025,107279360
24026,107292672
24027,107305984
24028,107319296
24029,107332608
24030,107345920
24031,107359232
24032,107372544
24033,107385856
24034,107399168
24035,107412480
24036,107425792
24037,107439104
24038,107452416
24039,107465728
24040,107479040
24041,107492352
24042,107505664
24043,107518976
24044,107532288
24045,107545600
24046,107558912
24047,107572224
24048,107585536
24049,107598848
24050,107612160
24051,107625472
24052,107638784
24053,107652096
24054,107665408
24055,107678720
24056,107692032
24057,107705344
24058,107718656
24059,107731968
24060,107745280
24061,107758592
24062,107771904
24063,107785216
24064,107798528
24065,107811840
24066,107825152
24067,107838464
24068,107851776
24069,107865088
24070,107878400
24071,107891712
24072,107905024
24073,107918336
24074,107931648
24075,107944960
24076,107958272
24077,107971584
24078,107984896
24079,107998208
24080,108011520
24081,108024832
24082,108038144
24083,108051456
24084,108064768
24085,108078080
24086,108091392
24087,108104704
24088,108118016
24089,108131328
24090,108144640
24091,108157952
24092,108171264
24093,108184576
24094,108197888
24095,108211200
24096,108224512
24097,108237824
24098,108251136
24099,108264448
24100,108277760
24101,108291072
24102,108304384
24103,108317696
24104,108331008
24105,108344320
24106,108357632
24107,108370944
24108,108384256
24109,108397568
24110,108410880
24111,108424192
24112,108437504
24113,108450816
24114,108464128
24115,108477440
24116,108490752
24117,108504064
24118,108517376
24119,108530688
24120,108544000
24121,108557312
24122,108570624
24123,108583936
24124,108597248
24125,108610560
24126,108623872
24127,108637184
24128,108650496
24129,108663808
24130,108677120
24131,108690432
24132,108703744
24133,108717056
24134,108730368
24135,108743680
24136,108756992
24137,108770304
24138,108783616
24139,108796928
24140,108810240
24141,108823552
24142,108836864
24143,108850176
24144,108863488
24145,108876800
24146,108890112
24147,108903424
24148,108916736
24149,108930048
24150,108943360
24151,108956672
24152,108969984
24153,108983296
24154,108996608
24155,109009920
24156,109023232
24157,109036544
24158,109049856
24159,109063168
24160,109076480
24161,109089792
24162,109103104
24163,109116416
24164,109129728
24165,109143040
24166,109156352
24167,109169664
24168,109182976
24169,109196288
24170,109209600
24171,109222912
24172,109236224
24173,109249536
24174,109262848
24175,109276160
24176,109289472
24177,109302784
24178,109316096
24179,109329408
24180,109342720
24181,109356032
24182,109369344
24183,109382656
24184,109395968
24185,109409280
24186,109422592
24187,109435904
24188,109449216
24189,109462528
24190,109475840
24191,109489152
24192,109502464
24193,109515776
24194,109529088
24195,109542400
24196,109555712
24197,109569024
24198,109582336
24199,109595648
24200,109608960
24201,109622272
24202,109635584
24203,109648896
24204,109662208
24205,109675520
24206,109688832
24207,109702144
24208,109715456
24209,109728768
24210,109742080
24211,109755392
24212,109768704
24213,109782016
24214,109795328
24215,109808640
24216,109821952
24217,109835264
24218,109848576
24219,109861888
24220,109875200
24221,109888512
24222,109901824
24223,109915136
24224,109928448
24225,109941760
24226,109955072
24227,109968384
24228,109981696
24229,109995008
24230,110008320
24231,110021632
24232,110034944
24233,110048256
24234,110061568
24235,110074880
24236,110088192
24237,110101504
24238,110114816
24239,110128128
24240,110141440
24241,110154752
24242,110168064
24243,110181376
24244,110194688
24245,110208000
24246,110221312
24247,110234624
24248,110247936
24249,110261248
24250,110274560
24251,110287872
24252,110301184
24253,110314496
24254,110327808
24255,110341120
24256,110354432
24257,110367744
24258,110381056
24259,110394368
24260,110407680
24261,110420992
24262,110434304
24263,110447616
24264,110460928
24265,110474240
24266,110487552
24267,110500864
24268,110514176
24269,110527488
24270,110540800
24271,110554112
24272,110567424
24273,110580736
24274,110594048
24275,110607360
24276,110620672
24277,110633984
24278,110647296
24279,110660608
24280,110673920
24281,110687232
24282,110700544
24283,110713856
24284,110727168
24285,110740480
24286,110753792
24287,110767104
24288,110780416
24289,110793728
24290,110807040
24291,110820352
24292,110833664
24293,110846976
24294,110860288
24295,110873600
24296,110886912
24297,110900224
24298,110913536
24299,110926848
24300,110940160
24301,110953472
24302,110966784
24303,110980096
24304,110993408
24305,111006720
24306,111020032
24307,111033344
24308,111046656
24309,111059968
24310,111073280
24311,111086592
24312,111099904
24313,111113216
24314,111126528
24315,111139840
24316,111153152
24317,111166464
24318,111179776
24319,111193088
24320,111206400
24321,111219712
24322,111233024
24323,111246336
24324,111259648
24325,111272960
24326,111286272
24327,111299584
24328,111312896
24329,111326208
24330,111339520
24331,111352832
24332,111366144
24333,111379456
24334,111392768
24335,111406080
24336,111419392
24337,111432704
24338,111446016
24339,111459328
24340,111472640
24341,111485952
24342,111499264
24343,111512576
24344,111525888
24345,111539200
24346,111552512
24347,111565824
24348,111579136
24349,111592448
24350,111605760
24351,111619072
24352,111632384
24353,111645696
24354,111659008
24355,111672320
24356,111685632
24357,111698944
24358,111712256
24359,111725568
24360,111738880
24361,111752192
24362,111765504
24363,111778816
24364,111792128
24365,111805440
24366,111818752
24367,111832064
24368,111845376
24369,111858688
24370,111872000
24371,111885312
24372,111898624
24373,111911936
24374,111925248
24375,111938560
24376,111951872
24377,111965184
24378,111978496
24379,111991808
24380,112005120
24381,112018432
24382,112031744
24383,112045056
24384,112058368
24385,112071680
24386,112084992
24387,112098304
24388,112111616
24389,112124928
24390,112138240
24391,112151552
24392,112164864
24393,112178176
24394,112191488
24395,112204800
24396,112218112
24397,112231424
24398,112244736
24399,112258048
24400,112271360
24401,112284672
24402,112297984
24403,112311296
24404,112324608
24405,112337920
24406,112351232
24407,112364544
24408,112377856
24409,112391168
24410,112404480
24411,112417792
24412,112431104
24413,112444416
24414,112457728
24415,112471040
24416,112484352
24417,112497664
24418,112510976
24419,112524288
24420,112537600
24421,112550912
24422,112564224
24423,112577536
24424,112590848
24425,112604160
24426,112617472
24427,112630784
24428,112644096
24429,112657408
24430,112670720
24431,112684032
24432,112697344
24433,112710656
24434,112723968
24435,112737280
24436,112750592
24437,112763904
24438,112777216
24439,112790528
24440,112803840
24441,112817152
24442,112830464
24443,112843776
24444,112857088
24445,112870400
24446,112883712
24447,112897024
24448,112910336
24449,112923648
24450,112936960
24451,112950272
24452,112963584
24453,112976896
24454,112990208
24455,113003520
24456,113016832
24457,113030144
24458,113044480
24459,113058816
24460,113073152
24461,113087488
24462,113101824
24463,113116160
24464,113130496
24465,113144832
24466,113159168
24467,113173504
24468,113187840
24469,113202176
24470,113216512
24471,113230848
24472,113245184
24473,113259520
24474,113273856
24475,113288192
24476,113302528
24477,113316864
24478,113331200
24479,113345536
24480,113359872
24481,113374208
24482,113388544
24483,113402880
24484,113417216
24485,113431552
24486,113445888
24487,113460224
24488,113474560
24489,113488896
24490,113503232
24491,113517568
24492,113531904
24493,113546240
24494,113560576
24495,113574912
24496,113589248
24497,113603584
24498,113617920
24499,113632256
24500,113646592
24501,113660928
24502,113675264
24503,113689600
24504,113703936
24505,113718272
24506,113732608
24507,113746944
24508,113761280
24509,113775616
24510,113789952
24511,113804288
24512,113818624
24513,113832960
24514,113847296
24515,113861632
24516,113875968
24517,113890304
24518,113904640
24519,113918976
24520,113933312
24521,113947648
24522,113961984
24523,113976320
24524,113990656
24525,114004992
24526,114019328
24527,114033664
24528,114048000
24529,114062336
24530,114076672
24531,114091008
24532,114105344
24533,114119680
24534,114134016
24535,114148352
24536,114162688
24537,114177024
24538,114191360
24539,114205696
24540,114220032
24541,114234368
24542,114248704
24543,114263040
24544,114277376
24545,114291712
24546,114306048
24547,114320384
24548,114334720
24549,114349056
24550,114363392
24551,114377728
24552,114392064
24553,114406400
24554,114420736
24555,114435072
24556,114449408
24557,114463744
24558,114478080
24559,114492416
24560,114506752
24561,114521088
24562,114535424
24563,114549760
24564,114564096
24565,114578432
24566,114592768
24567,114607104
24568,114621440
24569,114635776
24570,114650112
24571,114664448
24572,114678784
24573,114693120
24574,114707456
24575,114721792
24576,114736128
24577,114750464
24578,114764800
24579,114779136
24580,114793472
24581,114807808
24582,114822144
24583,114836480
24584,114850816
24585,114865152
24586,114879488
24587,114893824
24588,114908160
24589,114922496
24590,114936832
24591,114951168
24592,114965504
24593,114979840
24594,114994176
24595,115008512
24596,115022848
24597,115037184
24598,115051520
24599,115065856
24600,115080192
24601,115094528
24602,115108864
24603,115123200
24604,115137536
24605,115151872
24606,115166208
24607,115180544
24608,115194880
24609,115209216
24610,115223552
24611,115237888
24612,115252224
24613,115266560
24614,115280896
24615,115295232
24616,115309568
24617,115323904
24618,115338240
24619,115352576
24620,115366912
24621,115381248
24622,115395584
24623,115409920
24624,115424256
24625,115438592
24626,115452928
24627,115467264
24628,115481600
24629,115495936
24630,115510272
24631,115524608
24632,115538944
24633,115553280
24634,115567616
24635,115581952
24636,115596288
24637,115610624
24638,115624960
24639,115639296
24640,115653632
24641,115667968
24642,115682304
24643,115696640
24644,115710976
24645,115725312
24646,115739648
24647,115753984
24648,115768320
24649,115782656
24650,115796992
24651,115811328
24652,115825664
24653,115840000
24654,115854336
24655,115868672
24656,115883008
24657,115897344
24658,115911680
24659,115926016
24660,115940352
24661,115954688
24662,115969024
24663,115983360
24664,115997696
24665,116012032
24666,116026368
24667,116040704
24668,116055040
24669,116069376
24670,116083712
24671,116098048
24672,116112384
24673,116126720
24674,116141056
24675,116155392
24676,116169728
24677,116184064
24678,116198400
24679,116212736
24680,116227072
24681,116241408
24682,116255744
24683,116270080
24684,116284416
24685,116298752
24686,116313088
24687,116327424
24688,116341760
24689,116356096
24690,116370432
24691,116384768
24692,116399104
24693,116413440
24694,116427776
24695,116442112
24696,116456448
24697,116470784
24698,116485120
24699,116499456
24700,116513792
24701,116528128
24702,116542464
24703,116556800
24704,116571136
24705,116585472
24706,116599808
24707,116614144
24708,116628480
24709,116642816
24710,116657152
24711,116671488
24712,116685824
24713,116700160
24714,116714496
24715,116728832
24716,116743168
24717,116757504
24718,116771840
24719,116786176
24720,116800512
24721,116814848
24722,116829184
24723,116843520
24724,116857856
24725,116872192
24726,116886528
24727,116900864
24728,116915200
24729,116929536
24730,116943872
24731,116958208
24732,116972544
24733,116986880
24734,117001216
24735,117015552
24736,117029888
24737,117044224
24738,117058560
24739,117072896
24740,117087232
24741,117101568
24742,117115904
24743,117130240
24744,117144576
24745,117158912
24746,117173248
24747,117187584
24748,117201920
24749,117216256
24750,117230592
24751,117244928
24752,117259264
24753,117273600
24754,117287936
24755,117302272
24756,117316608
24757,117330944
24758,117345280
24759,117359616
24760,117373952
24761,117388288
24762,117402624
24763,117416960
24764,117431296
24765,117445632
24766,117459968
24767,117474304
24768,117488640
24769,117502976
24770,117517312
24771,117531648
24772,117545984
24773,117560320
24774,117574656
24775,117588992
24776,117603328
24777,117617664
24778,117632000
24779,117646336
24780,117660672
24781,117675008
24782,117689344
24783,117703680
24784,117718016
24785,117732352
24786,117746688
24787,117761024
24788,117775360
24789,117789696
24790,117804032
24791,117818368
24792,117832704
24793,117847040
24794,117861376
24795,117875712
24796,117890048
24797,117904384
24798,117918720
24799,117933056
24800,117947392
24801,117961728
24802,117976064
24803,117990400
24804,118004736
24805,118019072
24806,118033408
24807,118047744
24808,118062080
24809,118076416
24810,118090752
24811,118105088
24812,118119424
24813,118133760
24814,118148096
24815,118162432
24816,118176768
24817,118191104
24818,118205440
24819,118219776
24820,118234112
24821,118248448
24822,118262784
24823,118277120
24824,118291456
24825,118305792
24826,118320128
24827,118334464
24828,118348800
24829,118363136
24830,118377472
24831,118391808
24832,118406144
24833,118420480
24834,118434816
24835,118449152
24836,118463488
24837,118477824
24838,118492160
24839,118506496
24840,118520832
24841,118535168
24842,118549504
24843,118563840
24844,118578176
24845,118592512
24846,118606848
24847,118621184
24848,118635520
24849,118649856
24850,118664192
24851,118678528
24852,118692864
24853,118707200
24854,118721536
24855,118735872
24856,118750208
24857,118764544
24858,118778880
24859,118793216
24860,118807552
24861,118821888
24862,118836224
24863,118850560
24864,118864896
24865,118879232
24866,118893568
24867,118907904
24868,118922240
24869,118936576
24870,118950912
24871,118965248
24872,118979584
24873,118993920
24874,119008256
24875,119022592
24876,119036928
24877,119051264
24878,119065600
24879,119079936
24880,119094272
24881,119108608
24882,119122944
24883,119137280
24884,119151616
24885,119165952
24886,119180288
24887,119194624
24888,119208960
24889,119223296
24890,119237632
24891,119251968
24892,119266304
24893,119280640
24894,119294976
24895,119309312
24896,119323648
24897,119337984
24898,119352320
24899,119366656
24900,119380992
24901,119395328
24902,119409664
24903,119424000
24904,119438336
24905,119452672
24906,119467008
24907,119481344
24908,119495680
24909,119510016
24910,119524352
24911,119538688
24912,119553024
24913,119567360
24914,119581696
24915,119596032
24916,119610368
24917,119624704
24918,119639040
24919,119653376
24920,119667712
24921,119682048
24922,119696384
24923,119710720
24924,119725056
24925,119739392
24926,119753728
24927,119768064
24928,119782400
24929,119796736
24930,119811072
24931,119825408
24932,119839744
24933,119854080
24934,119868416
24935,119882752
24936,119897088
24937,119911424
24938,119925760
24939,119940096
24940,119954432
24941,119968768
24942,119983104
24943,119997440
24944,120011776
24945,120026112
24946,120040448
24947,120054784
24948,120069120
24949,120083456
24950,120097792
24951,120112128
24952,120126464
24953,120140800
24954,120155136
24955,120169472
24956,120183808
24957,120198144
24958,120212480
24959,120226816
24960,120241152
24961,120255488
24962,120269824
24963,120284160
24964,120298496
24965,120312832
24966,120327168
24967,120341504
24968,120355840
24969,120370176
24970,120384512
24971,120398848
24972,120413184
24973,120427520
24974,120441856
24975,120456192
24976,120470528
24977,120484864
24978,120499200
24979,120513536
24980,120527872
24981,120542208
24982,120556544
24983,120570880
24984,120585216
24985,120599552
24986,120613888
24987,120628224
24988,120642560
24989,120656896
24990,120671232
24991,120685568
24992,120699904
24993,120714240
24994,120728576
24995,120742912
24996,120757248
24997,120771584
24998,120785920
24999,120800256
25000,120814592
25001,120828928
25002,120843264
25003,120857600
25004,120871936
25005,120886272
25006,120900608
25007,120914944
25008,120929280
25009,120943616
25010,120957952
25011,120972288
25012,120986624
25013,121000960
25014,121015296
25015,121029632
25016,121043968
25017,121058304
25018,121072640
25019,121086976
25020,121101312
25021,121115648
25022,121129984
25023,121144320
25024,121158656
25025,121172992
25026,121187328
25027,121201664
25028,121216000
25029,121230336
25030,121244672
25031,121259008
25032,121273344
25033,121287680
25034,121302016
25035,121316352
25036,121330688
25037,121345024
25038,121359360
25039,121373696
25040,121388032
25041,121402368
25042,121416704
25043,121431040
25044,121445376
25045,121459712
25046,121474048
25047,121488384
25048,121502720
25049,121517056
25050,121531392
25051,121545728
25052,121560064
25053,121574400
25054,121588736
25055,121603072
25056,121617408
25057,121631744
25058,121646080
25059,121660416
25060,121674752
25061,121689088
25062,121703424
25063,121717760
25064,121732096
25065,121746432
25066,121760768
25067,121775104
25068,121789440
25069,121803776
25070,121818112
25071,121832448
25072,121846784
25073,121861120
25074,121875456
25075,121889792
25076,121904128
25077,121918464
25078,121932800
25079,121947136
25080,121961472
25081,121975808
25082,121990144
25083,122004480
25084,122018816
25085,122033152
25086,122047488
25087,122061824
25088,122076160
25089,122090496
25090,122104832
25091,122119168
25092,122133504
25093,122147840
25094,122162176
25095,122176512
25096,122190848
25097,122205184
25098,122219520
25099,122233856
25100,122248192
25101,122262528
25102,122276864
25103,122291200
25104,122305536
25105,122319872
25106,122334208
25107,122348544
25108,122362880
25109,122377216
25110,122391552
25111,122405888
25112,122420224
25113,122434560
25114,122448896
25115,122463232
25116,122477568
25117,122491904
25118,122506240
25119,122520576
25120,122534912
25121,122549248
25122,122563584
25123,122577920
25124,122592256
25125,122606592
25126,122620928
25127,122635264
25128,122649600
25129,122663936
25130,122678272
25131,122692608
25132,122706944
25133,122721280
25134,122735616
25135,122749952
25136,122764288
25137,122778624
25138,122792960
25139,122807296
25140,122821632
25141,122835968
25142,122850304
25143,122864640
25144,122878976
25145,122893312
25146,122907648
25147,122921984
25148,122936320
25149,122950656
25150,122964992
25151,122979328
25152,122993664
25153,123008000
25154,123022336
25155,123036672
25156,123051008
25157,123065344
25158,123079680
25159,123094016
25160,123108352
25161,123122688
25162,123137024
25163,123151360
25164,123165696
25165,123180032
25166,123194368
25167,123208704
25168,123223040
25169,123237376
25170,123251712
25171,123266048
25172,123280384
25173,123294720
25174,123309056
25175,123323392
25176,123337728
25177,123352064
25178,123366400
25179,123380736
25180,123395072
25181,123409408
25182,123423744
25183,123438080
25184,123452416
25185,123466752
25186,123481088
25187,123495424
25188,123509760
25189,123524096
25190,123538432
25191,123552768
25192,123567104
25193,123581440
25194,123595776
25195,123610112
25196,123624448
25197,123638784
25198,123653120
25199,123667456
25200,123681792
25201,123696128
25202,123710464
25203,123724800
25204,123739136
25205,123753472
25206,123767808
25207,123782144
25208,123796480
25209,123810816
25210,123825152
25211,123839488
25212,123853824
25213,123868160
25214,123882496
25215,123896832
25216,123911168
25217,123925504
25218,123939840
25219,123954176
25220,123968512
25221,123982848
25222,123997184
25223,124011520
25224,124025856
25225,124040192
25226,124054528
25227,124068864
25228,124083200
25229,124097536
25230,124111872
25231,124126208
25232,124140544
25233,124154880
25234,124169216
25235,124183552
25236,124197888
25237,124212224
25238,124226560
25239,124240896
25240,124255232
25241,124269568
25242,124283904
25243,124298240
25244,124312576
25245,124326912
25246,124341248
25247,124355584
25248,124369920
25249,124384256
25250,124398592
25251,124412928
25252,124427264
25253,124441600
25254,124456960
25255,124472320
25256,124487680
25257,124503040
25258,124518400
25259,124533760
25260,124549120
25261,124564480
25262,124579840
25263,124595200
25264,124610560
25265,124625920
25266,124641280
25267,124656640
25268,124672000
25269,124687360
25270,124702720
25271,124718080
25272,124733440
25273,124748800
25274,124764160
25275,124779520
25276,124794880
25277,124810240
25278,124825600
25279,124840960
25280,124856320
25281,124871680
25282,124887040
25283,124902400
25284,124917760
25285,124933120
25286,124948480
25287,124963840
25288,124979200
25289,124994560
25290,125009920
25291,125025280
25292,125040640
25293,125056000
25294,125071360
25295,125086720
25296,125102080
25297,125117440
25298,125132800
25299,125148160
25300,125163520
25301,125178880
25302,125194240
25303,125209600
25304,125224960
25305,125240320
25306,125255680
25307,125271040
25308,125286400
25309,125301760
25310,125317120
25311,125332480
25312,125347840
25313,125363200
25314,125378560
25315,125393920
25316,125409280
25317,125424640
25318,125440000
25319,125455360
25320,125470720
25321,125486080
25322,125501440
25323,125516800
25324,125532160
25325,125547520
25326,125562880
25327,125578240
25328,125593600
25329,125608960
25330,125624320
25331,125639680
25332,125655040
25333,125670400
25334,125685760
25335,125701120
25336,125716480
25337,125731840
25338,125747200
25339,125762560
25340,125777920
25341,125793280
25342,125808640
25343,125824000
25344,125839360
25345,125854720
25346,125870080
25347,125885440
25348,125900800
25349,125916160
25350,125931520
25351,125946880
25352,125962240
25353,125977600
25354,125992960
25355,126008320
25356,126023680
25357,126039040
25358,126054400
25359,126069760
25360,126085120
25361,126100480
25362,126115840
25363,126131200
25364,126146560
25365,126161920
25366,126177280
25367,126192640
25368,126208000
25369,126223360
25370,126238720
25371,126254080
25372,126269440
25373,126284800
25374,126300160
25375,126315520
25376,126330880
25377,126346240
25378,126361600
25379,126376960
25380,126392320
25381,126407680
25382,126423040
25383,126438400
25384,126453760
25385,126469120
25386,126484480
25387,126499840
25388,126515200
25389,126530560
25390,126545920
25391,126561280
25392,126576640
25393,126592000
25394,126607360
25395,126622720
25396,126638080
25397,126653440
25398,126668800
25399,126684160
25400,126699520
25401,126714880
25402,126730240
25403,126745600
25404,126760960
25405,126776320
25406,126791680
25407,126807040
25408,126822400
25409,126837760
25410,126853120
25411,126868480
25412,126883840
25413,126899200
25414,126914560
25415,126929920
25416,126945280
25417,126960640
25418,126976000
25419,126991360
25420,127006720
25421,127022080
25422,127037440
25423,127052800
25424,127068160
25425,127083520
25426,127098880
25427,127114240
25428,127129600
25429,127144960
25430,127160320
25431,127175680
25432,127191040
25433,127206400
25434,127221760
25435,127237120
25436,127252480
25437,127267840
25438,127283200
25439,127298560
25440,127313920
25441,127329280
25442,127344640
25443,127360000
25444,127375360
25445,127390720
25446,127406080
25447,127421440
25448,127436800
25449,127452160
25450,127467520
25451,127482880
25452,127498240
25453,127513600
25454,127528960
25455,127544320
25456,127559680
25457,127575040
25458,127590400
25459,127605760
25460,127621120
25461,127636480
25462,127651840
25463,127667200
25464,127682560
25465,127697920
25466,127713280
25467,127728640
25468,127744000
25469,127759360
25470,127774720
25471,127790080
25472,127805440
25473,127820800
25474,127836160
25475,127851520
25476,127866880
25477,127882240
25478,127897600
25479,127912960
25480,127928320
25481,127943680
25482,127959040
25483,127974400
25484,127989760
25485,128005120
25486,128020480
25487,128035840
25488,128051200
25489,128066560
25490,128081920
25491,128097280
25492,128112640
25493,128128000
25494,128143360
25495,128158720
25496,128174080
25497,128189440
25498,128204800
25499,128220160
25500,128235520
25501,128250880
25502,128266240
25503,128281600
25504,128296960
25505,128312320
25506,128327680
25507,128343040
25508,128358400
25509,128373760
25510,128389120
25511,128404480
25512,128419840
25513,128435200
25514,128450560
25515,128465920
25516,128481280
25517,128496640
25518,128512000
25519,128527360
25520,128542720
25521,128558080
25522,128573440
25523,128588800
25524,128604160
25525,128619520
25526,128634880
25527,128650240
25528,128665600
25529,128680960
25530,128696320
25531,128711680
25532,128727040
25533,128742400
25534,128757760
25535,128773120
25536,128788480
25537,128803840
25538,128819200
25539,128834560
25540,128849920
25541,128865280
25542,128880640
25543,128896000
25544,128911360
25545,128926720
25546,128942080
25547,128957440
25548,128972800
25549,128988160
25550,129003520
25551,129018880
25552,129034240
25553,129049600
25554,129064960
25555,129080320
25556,129095680
25557,129111040
25558,129126400
25559,129141760
25560,129157120
25561,129172480
25562,129187840
25563,129203200
25564,129218560
25565,129233920
25566,129249280
25567,129264640
25568,129280000
25569,129295360
25570,129310720
25571,129326080
25572,129341440
25573,129356800
25574,129372160
25575,129387520
25576,129402880
25577,129418240
25578,129433600
25579,129448960
25580,129464320
25581,129479680
25582,129495040
25583,129510400
25584,129525760
25585,129541120
25586,129556480
25587,129571840
25588,129587200
25589,129602560
25590,129617920
25591,129633280
25592,129648640
25593,129664000
25594,129679360
25595,129694720
25596,129710080
25597,129725440
25598,129740800
25599,129756160
25600,129771520
25601,129786880
25602,129802240
25603,129817600
25604,129832960
25605,129848320
25606,129863680
25607,129879040
25608,129894400
25609,129909760
25610,129925120
25611,129940480
25612,129955840
25613,129971200
25614,129986560
25615,130001920
25616,130017280
25617,130032640
25618,130048000
25619,130063360
25620,130078720
25621,130094080
25622,130109440
25623,130124800
25624,130140160
25625,130155520
25626,130170880
25627,130186240
25628,130201600
25629,130216960
25630,130232320
25631,130247680
25632,130263040
25633,130278400
25634,130293760
25635,130309120
25636,130324480
25637,130339840
25638,130355200
25639,130370560
25640,130385920
25641,130401280
25642,130416640
25643,130432000
25644,130447360
25645,130462720
25646,130478080
25647,130493440
25648,130508800
25649,130524160
25650,130539520
25651,130554880
25652,130570240
25653,130585600
25654,130600960
25655,130616320
25656,130631680
25657,130647040
25658,130662400
25659,130677760
25660,130693120
25661,130708480
25662,130723840
25663,130739200
25664,130754560
25665,130769920
25666,130785280
25667,130800640
25668,130816000
25669,130831360
25670,130846720
25671,130862080
25672,130877440
25673,130892800
25674,130908160
25675,130923520
25676,130938880
25677,130954240
25678,130969600
25679,130984960
25680,131000320
25681,131015680
25682,131031040
25683,131046400
25684,131061760
25685,131077120
25686,131092480
25687,131107840
25688,131123200
25689,131138560
25690,131153920
25691,131169280
25692,131184640
25693,131200000
25694,131215360
25695,131230720
25696,131246080
25697,131261440
25698,131276800
25699,131292160
25700,131307520
25701,131322880
25702,131338240
25703,131353600
25704,131368960
25705,131384320
25706,131399680
25707,131415040
25708,131430400
25709,131445760
25710,131461120
25711,131476480
25712,131491840
25713,131507200
25714,131522560
25715,131537920
25716,131553280
25717,131568640
25718,131584000
25719,131599360
25720,131614720
25721,131630080
25722,131645440
25723,131660800
25724,131676160
25725,131691520
25726,131706880
25727,131722240
25728,131737600
25729,131752960
25730,131768320
25731,131783680
25732,131799040
25733,131814400
25734,131829760
25735,131845120
25736,131860480
25737,131875840
25738,131891200
25739,131906560
25740,131921920
25741,131937280
25742,131952640
25743,131968000
25744,131983360
25745,131998720
25746,132014080
25747,132029440
25748,132044800
25749,132060160
25750,132075520
25751,132090880
25752,132106240
25753,132121600
25754,132136960
25755,132152320
25756,132167680
25757,132183040
25758,132198400
25759,132213760
25760,132229120
25761,132244480
25762,132259840
25763,132275200
25764,132290560
25765,132305920
25766,132321280
25767,132336640
25768,132352000
25769,132367360
25770,132382720
25771,132398080
25772,132413440
25773,132428800
25774,132444160
25775,132459520
25776,132474880
25777,132490240
25778,132505600
25779,132520960
25780,132536320
25781,132551680
25782,132567040
25783,132582400
25784,132597760
25785,132613120
25786,132628480
25787,132643840
25788,132659200
25789,132674560
25790,132689920
25791,132705280
25792,132720640
25793,132736000
25794,132751360
25795,132766720
25796,132782080
25797,132797440
25798,132812800
25799,132828160
25800,132843520
25801,132858880
25802,132874240
25803,132889600
25804,132904960
25805,132920320
25806,132935680
25807,132951040
25808,132966400
25809,132981760
25810,132997120
25811,133012480
25812,133027840
25813,133043200
25814,133058560
25815,133073920
25816,133089280
25817,133104640
25818,133120000
25819,133135360
25820,133150720
25821,133166080
25822,133181440
25823,133196800
25824,133212160
25825,133227520
25826,133242880
25827,133258240
25828,133273600
25829,133288960
25830,133304320
25831,133319680
25832,133335040
25833,133350400
25834,133365760
25835,133381120
25836,133396480
25837,133411840
25838,133427200
25839,133442560
25840,133457920
25841,133473280
25842,133488640
25843,133504000
25844,133519360
25845,133534720
25846,133550080
25847,133565440
25848,133580800
25849,133596160
25850,133611520
25851,133626880
25852,133642240
25853,133657600
25854,133672960
25855,133688320
25856,133703680
25857,133719040
25858,133734400
25859,133749760
25860,133765120
25861,133780480
25862,133795840
25863,133811200
25864,133826560
25865,133841920
25866,133857280
25867,133872640
25868,133888000
25869,133903360
25870,133918720
25871,133934080
25872,133949440
25873,133964800
25874,133980160
25875,133995520
25876,134010880
25877,134026240
25878,134041600
25879,134056960
25880,134072320
25881,134087680
25882,134103040
25883,134118400
25884,134133760
25885,134149120
25886,134164480
25887,134179840
25888,134195200
25889,134210560
25890,134225920
25891,134241280
25892,134256640
25893,134272000
25894,134287360
25895,134302720
25896,134318080
25897,134333440
25898,134348800
25899,134364160
25900,134379520
25901,134394880
25902,134410240
25903,134425600
25904,134440960
25905,134456320
25906,134471680
25907,134487040
25908,134502400
25909,134517760
25910,134533120
25911,134548480
25912,134563840
25913,134579200
25914,134594560
25915,134609920
25916,134625280
25917,134640640
25918,134656000
25919,134671360
25920,134686720
25921,134702080
25922,134717440
25923,134732800
25924,134748160
25925,134763520
25926,134778880
25927,134794240
25928,134809600
25929,134824960
25930,134840320
25931,134855680
25932,134871040
25933,134886400
25934,134901760
25935,134917120
25936,134932480
25937,134947840
25938,134963200
25939,134978560
25940,134993920
25941,135009280
25942,135024640
25943,135040000
25944,135055360
25945,135070720
25946,135086080
25947,135101440
25948,135116800
25949,135132160
25950,135147520
25951,135162880
25952,135178240
25953,135194624
25954,135211008
25955,135227392
25956,135243776
25957,135260160
25958,135276544
25959,135292928
25960,135309312
25961,135325696
25962,135342080
25963,135358464
25964,135374848
25965,135391232
25966,135407616
25967,135424000
25968,135440384
25969,135456768
25970,135473152
25971,135489536
25972,135505920
25973,135522304
25974,135538688
25975,135555072
25976,135571456
25977,135587840
25978,135604224
25979,135620608
25980,135636992
25981,135653376
25982,135669760
25983,135686144
25984,135702528
25985,135718912
25986,135735296
25987,135751680
25988,135768064
25989,135784448
25990,135800832
25991,135817216
25992,135833600
25993,135849984
25994,135866368
25995,135882752
25996,135899136
25997,135915520
25998,135931904
25999,135948288
26000,135964672
26001,135981056
26002,135997440
26003,136013824
26004,136030208
26005,136046592
26006,136062976
26007,136079360
26008,136095744
26009,136112128
26010,136128512
26011,136144896
26012,136161280
26013,136177664
26014,136194048
26015,136210432
26016,136226816
26017,136243200
26018,136259584
26019,136275968
26020,136292352
26021,136308736
26022,136325120
26023,136341504
26024,136357888
26025,136374272
26026,136390656
26027,136407040
26028,136423424
26029,136439808
26030,136456192
26031,136472576
26032,136488960
26033,136505344
26034,136521728
26035,136538112
26036,136554496
26037,136570880
26038,136587264
26039,136603648
26040,136620032
26041,136636416
26042,136652800
26043,136669184
26044,136685568
26045,136701952
26046,136718336
26047,136734720
26048,136751104
26049,136767488
26050,136783872
26051,136800256
26052,136816640
26053,136833024
26054,136849408
26055,136865792
26056,136882176
26057,136898560
26058,136914944
26059,136931328
26060,136947712
26061,136964096
26062,136980480
26063,136996864
26064,137013248
26065,137029632
26066,137046016
26067,137062400
26068,137078784
26069,137095168
26070,137111552
26071,137127936
26072,137144320
26073,137160704
26074,137177088
26075,137193472
26076,137209856
26077,137226240
26078,137242624
26079,137259008
26080,137275392
26081,137291776
26082,137308160
26083,137324544
26084,137340928
26085,137357312
26086,137373696
26087,137390080
26088,137406464
26089,137422848
26090,137439232
26091,137455616
26092,137472000
26093,137488384
26094,137504768
26095,137521152
26096,137537536
26097,137553920
26098,137570304
26099,137586688
26100,137603072
26101,137619456
26102,137635840
26103,137652224
26104,137668608
26105,137684992
26106,137701376
26107,137717760
26108,137734144
26109,137750528
26110,137766912
26111,137783296
26112,137799680
26113,137816064
26114,137832448
26115,137848832
26116,137865216
26117,137881600
26118,137897984
26119,137914368
26120,137930752
26121,137947136
26122,137963520
26123,137979904
26124,137996288
26125,138012672
26126,138029056
26127,138045440
26128,138061824
26129,138078208
26130,138094592
26131,138110976
26132,138127360
26133,138143744
26134,138160128
26135,138176512
26136,138192896
26137,138209280
26138,138225664
26139,138242048
26140,138258432
26141,138274816
26142,138291200
26143,138307584
26144,138323968
26145,138340352
26146,138356736
26147,138373120
26148,138389504
26149,138405888
26150,138422272
26151,138438656
26152,138455040
26153,138471424
26154,138487808
26155,138504192
26156,138520576
26157,138536960
26158,138553344
26159,138569728
26160,138586112
26161,138602496
26162,138618880
26163,138635264
26164,138651648
26165,138668032
26166,138684416
26167,138700800
26168,138717184
26169,138733568
26170,138749952
26171,138766336
26172,138782720
26173,138799104
26174,138815488
26175,138831872
26176,138848256
26177,138864640
26178,138881024
26179,138897408
26180,138913792
26181,138930176
26182,138946560
26183,138962944
26184,138979328
26185,138995712
26186,139012096
26187,139028480
26188,139044864
26189,139061248
26190,139077632
26191,139094016
26192,139110400
26193,139126784
26194,139143168
26195,139159552
26196,139175936
26197,139192320
26198,139208704
26199,139225088
26200,139241472
26201,139257856
26202,139274240
26203,139290624
26204,139307008
26205,139323392
26206,139339776
26207,139356160
26208,139372544
26209,139388928
26210,139405312
26211,139421696
26212,139438080
26213,139454464
26214,139470848
26215,139487232
26216,139503616
26217,139520000
26218,139536384
26219,139552768
26220,139569152
26221,139585536
26222,139601920
26223,139618304
26224,139634688
26225,139651072
26226,139667456
26227,139683840
26228,139700224
26229,139716608
26230,139732992
26231,139749376
26232,139765760
26233,139782144
26234,139798528
26235,139814912
26236,139831296
26237,139847680
26238,139864064
26239,139880448
26240,139896832
26241,139913216
26242,139929600
26243,139945984
26244,139962368
26245,139978752
26246,139995136
26247,140011520
26248,140027904
26249,140044288
26250,140060672
26251,140077056
26252,140093440
26253,140109824
26254,140126208
26255,140142592
26256,140158976
26257,140175360
26258,140191744
26259,140208128
26260,140224512
26261,140240896
26262,140257280
26263,140273664
26264,140290048
26265,140306432
26266,140322816
26267,140339200
26268,140355584
26269,140371968
26270,140388352
26271,140404736
26272,140421120
26273,140437504
26274,140453888
26275,140470272
26276,140486656
26277,140503040
26278,140519424
26279,140535808
26280,140552192
26281,140568576
26282,140584960
26283,140601344
26284,140617728
26285,140634112
26286,140650496
26287,140666880
26288,140683264
26289,140699648
26290,140716032
26291,140732416
26292,140748800
26293,140765184
26294,140781568
26295,140797952
26296,140814336
26297,140830720
26298,140847104
26299,140863488
26300,140879872
26301,140896256
26302,140912640
26303,140929024
26304,140945408
26305,140961792
26306,140978176
26307,140994560
26308,141010944
26309,141027328
26310,141043712
26311,141060096
26312,141076480
26313,141092864
26314,141109248
26315,141125632
26316,141142016
26317,141158400
26318,141174784
26319,141191168
26320,141207552
26321,141223936
26322,141240320
26323,141256704
26324,141273088
26325,141289472
26326,141305856
26327,141322240
26328,141338624
26329,141355008
26330,141371392
26331,141387776
26332,141404160
26333,141420544
26334,141436928
26335,141453312
26336,141469696
26337,141486080
26338,141502464
26339,141518848
26340,141535232
26341,141551616
26342,141568000
26343,141584384
26344,141600768
26345,141617152
26346,141633536
26347,141649920
26348,141666304
26349,141682688
26350,141699072
26351,141715456
26352,141731840
26353,141748224
26354,141764608
26355,141780992
26356,141797376
26357,141813760
26358,141830144
26359,141846528
26360,141862912
26361,141879296
26362,141895680
26363,141912064
26364,141928448
26365,141944832
26366,141961216
26367,141977600
26368,141993984
26369,142010368
26370,142026752
26371,142043136
26372,142059520
26373,142075904
26374,142092288
26375,142108672
26376,142125056
26377,142141440
26378,142157824
26379,142174208
26380,142190592
26381,142206976
26382,142223360
26383,142239744
26384,142256128
26385,142272512
26386,142288896
26387,142305280
26388,142321664
26389,142338048
26390,142354432
26391,142370816
26392,142387200
26393,142403584
26394,142419968
26395,142436352
26396,142452736
26397,142469120
26398,142485504
26399,142501888
26400,142518272
26401,142534656
26402,142551040
26403,142567424
26404,142583808
26405,142600192
26406,142616576
26407,142632960
26408,142649344
26409,142665728
26410,142682112
26411,142698496
26412,142714880
26413,142731264
26414,142747648
26415,142764032
26416,142780416
26417,142796800
26418,142813184
26419,142829568
26420,142845952
26421,142862336
26422,142878720
26423,142895104
26424,142911488
26425,142927872
26426,142944256
26427,142960640
26428,142977024
26429,142993408
26430,143009792
26431,143026176
26432,143042560
26433,143058944
26434,143075328
26435,143091712
26436,143108096
26437,143124480
26438,143140864
26439,143157248
26440,143173632
26441,143190016
26442,143206400
26443,143222784
26444,143239168
26445,143255552
26446,143271936
26447,143288320
26448,143304704
26449,143321088
26450,143337472
26451,143353856
26452,143370240
26453,143386624
26454,143403008
26455,143419392
26456,143435776
26457,143452160
26458,143468544
26459,143484928
26460,143501312
26461,143517696
26462,143534080
26463,143550464
26464,143566848
26465,143583232
26466,143599616
26467,143616000
26468,143632384
26469,143648768
26470,143665152
26471,143681536
26472,143697920
26473,143714304
26474,143730688
26475,143747072
26476,143763456
26477,143779840
26478,143796224
26479,143812608
26480,143828992
26481,143845376
26482,143861760
26483,143878144
26484,143894528
26485,143910912
26486,143927296
26487,143943680
26488,143960064
26489,143976448
26490,143992832
26491,144009216
26492,144025600
26493,144041984
26494,144058368
26495,144074752
26496,144091136
26497,144107520
26498,144123904
26499,144140288
26500,144156672
26501,144173056
26502,144189440
26503,144205824
26504,144222208
26505,144238592
26506,144254976
26507,144271360
26508,144287744
26509,144304128
26510,144320512
26511,144336896
26512,144353280
26513,144369664
26514,144386048
26515,144402432
26516,144418816
26517,144435200
26518,144451584
26519,144467968
26520,144484352
26521,144500736
26522,144517120
26523,144533504
26524,144549888
26525,144566272
26526,144582656
26527,144599040
26528,144615424
26529,144631808
26530,144648192
26531,144664576
26532,144680960
26533,144697344
26534,144713728
26535,144730112
26536,144746496
26537,144762880
26538,144779264
26539,144795648
26540,144812032
26541,144828416
26542,144844800
26543,144861184
26544,144877568
26545,144893952
26546,144910336
26547,144926720
26548,144943104
26549,144959488
26550,144975872
26551,144992256
26552,145008640
26553,145025024
26554,145041408
26555,145057792
26556,145074176
26557,145090560
26558,145106944
26559,145123328
26560,145139712
26561,145156096
26562,145172480
26563,145188864
26564,145205248
26565,145221632
26566,145238016
26567,145254400
26568,145270784
26569,145287168
26570,145303552
26571,145319936
26572,145336320
26573,145352704
26574,145369088
26575,145385472
26576,145401856
26577,145418240
26578,145434624
26579,145451008
26580,145467392
26581,145483776
26582,145500160
26583,145516544
26584,145532928
26585,145549312
26586,145565696
26587,145582080
26588,145598464
26589,145614848
26590,145631232
26591,145647616
26592,145665024
26593,145682432
26594,145699840
26595,145717248
26596,145734656
26597,145752064
26598,145769472
26599,145786880
26600,145804288
26601,145821696
26602,145839104
26603,145856512
26604,145873920
26605,145891328
26606,145908736
26607,145926144
26608,145943552
26609,145960960
26610,145978368
26611,145995776
26612,146013184
26613,146030592
26614,146048000
26615,146065408
26616,146082816
26617,146100224
26618,146117632
26619,146135040
26620,146152448
26621,146169856
26622,146187264
26623,146204672
26624,146222080
26625,146239488
26626,146256896
26627,146274304
26628,146291712
26629,146309120
26630,146326528
26631,146343936
26632,146361344
26633,146378752
26634,146396160
26635,146413568
26636,146430976
26637,146448384
26638,146465792
26639,146483200
26640,146500608
26641,146518016
26642,146535424
26643,146552832
26644,146570240
26645,146587648
26646,146605056
26647,146622464
26648,146639872
26649,146657280
26650,146674688
26651,146692096
26652,146709504
26653,146726912
26654,146744320
26655,146761728
26656,146779136
26657,146796544
26658,146813952
26659,146831360
26660,146848768
26661,146866176
26662,146883584
26663,146900992
26664,146918400
26665,146935808
26666,146953216
26667,146970624
26668,146988032
26669,147005440
26670,147022848
26671,147040256
26672,147057664
26673,147075072
26674,147092480
26675,147109888
26676,147127296
26677,147144704
26678,147162112
26679,147179520
26680,147196928
26681,147214336
26682,147231744
26683,147249152
26684,147266560
26685,147283968
26686,147301376
26687,147318784
26688,147336192
26689,147353600
26690,147371008
26691,147388416
26692,147405824
26693,147423232
26694,147440640
26695,147458048
26696,147475456
26697,147492864
26698,147510272
26699,147527680
26700,147545088
26701,147562496
26702,147579904
26703,147597312
26704,147614720
26705,147632128
26706,147649536
26707,147666944
26708,147684352
26709,147701760
26710,147719168
26711,147736576
26712,147753984
26713,147771392
26714,147788800
26715,147806208
26716,147823616
26717,147841024
26718,147858432
26719,147875840
26720,147893248
26721,147910656
26722,147928064
26723,147945472
26724,147962880
26725,147980288
26726,147997696
26727,148015104
26728,148032512
26729,148049920
26730,148067328
26731,148084736
26732,148102144
26733,148119552
26734,148136960
26735,148154368
26736,148171776
26737,148189184
26738,148206592
26739,148224000
26740,148241408
26741,148258816
26742,148276224
26743,148293632
26744,148311040
26745,148328448
26746,148345856
26747,148363264
26748,148380672
26749,148398080
26750,148415488
26751,148432896
26752,148450304
26753,148467712
26754,148485120
26755,148502528
26756,148519936
26757,148537344
26758,148554752
26759,148572160
26760,148589568
26761,148606976
26762,148624384
26763,148641792
26764,148659200
26765,148676608
26766,148694016
26767,148711424
26768,148728832
26769,148746240
26770,148763648
26771,148781056
26772,148798464
26773,148815872
26774,148833280
26775,148850688
26776,148868096
26777,148885504
26778,148902912
26779,148920320
26780,148937728
26781,148955136
26782,148972544
26783,148989952
26784,149007360
26785,149024768
26786,149042176
26787,149059584
26788,149076992
26789,149094400
26790,149111808
26791,149129216
26792,149146624
26793,149164032
26794,149181440
26795,149198848
26796,149216256
26797,149233664
26798,149251072
26799,149268480
26800,149285888
26801,149303296
26802,149320704
26803,149338112
26804,149355520
26805,149372928
26806,149390336
26807,149407744
26808,149425152
26809,149442560
26810,149459968
26811,149477376
26812,149494784
26813,149512192
26814,149529600
26815,149547008
26816,149564416
26817,149581824
26818,149599232
26819,149616640
26820,149634048
26821,149651456
26822,149668864
26823,149686272
26824,149703680
26825,149721088
26826,149738496
26827,149755904
26828,149773312
26829,149790720
26830,149808128
26831,149825536
26832,149842944
26833,149860352
26834,149877760
26835,149895168
26836,149912576
26837,149929984
26838,149947392
26839,149964800
26840,149982208
26841,149999616
26842,150017024
26843,150034432
26844,150051840
26845,150069248
26846,150086656
26847,150104064
26848,150121472
26849,150138880
26850,150156288
26851,150173696
26852,150191104
26853,150208512
26854,150225920
26855,150243328
26856,150260736
26857,150278144
26858,150295552
26859,150312960
26860,150330368
26861,150347776
26862,150365184
26863,150382592
26864,150400000
26865,150417408
26866,150434816
26867,150452224
26868,150469632
26869,150487040
26870,150504448
26871,150521856
26872,150539264
26873,150556672
26874,150574080
26875,150591488
26876,150608896
26877,150626304
26878,150643712
26879,150661120
26880,150678528
26881,150695936
26882,150713344
26883,150730752
26884,150748160
26885,150765568
26886,150782976
26887,150800384
26888,150817792
26889,150835200
26890,150852608
26891,150870016
26892,150887424
26893,150904832
26894,150922240
26895,150939648
26896,150957056
26897,150974464
26898,150991872
26899,151009280
26900,151026688
26901,151044096
26902,151061504
26903,151078912
26904,151096320
26905,151113728
26906,151131136
26907,151148544
26908,151165952
26909,151183360
26910,151200768
26911,151218176
26912,151235584
26913,151252992
26914,151270400
26915,151287808
26916,151305216
26917,151322624
26918,151340032
26919,151357440
26920,151374848
26921,151392256
26922,151409664
26923,151427072
26924,151444480
26925,151461888
26926,151479296
26927,151496704
26928,151514112
26929,151531520
26930,151548928
26931,151566336
26932,151583744
26933,151601152
26934,151618560
26935,151635968
26936,151653376
26937,151670784
26938,151688192
26939,151705600
26940,151723008
26941,151740416
26942,151757824
26943,151775232
26944,151792640
26945,151810048
26946,151827456
26947,151844864
26948,151862272
26949,151879680
26950,151897088
26951,151914496
26952,151931904
26953,151949312
26954,151966720
26955,151984128
26956,152001536
26957,152018944
26958,152036352
26959,152053760
26960,152071168
26961,152088576
26962,152105984
26963,152123392
26964,152140800
26965,152158208
26966,152175616
26967,152193024
26968,152210432
26969,152227840
26970,152245248
26971,152262656
26972,152280064
26973,152297472
26974,152314880
26975,152332288
26976,152349696
26977,152367104
26978,152384512
26979,152401920
26980,152419328
26981,152436736
26982,152454144
26983,152471552
26984,152488960
26985,152506368
26986,152523776
26987,152541184
26988,152558592
26989,152576000
26990,152593408
26991,152610816
26992,152628224
26993,152645632
26994,152663040
26995,152680448
26996,152697856
26997,152715264
26998,152732672
26999,152750080
27000,152767488
27001,152784896
27002,152802304
27003,152819712
27004,152837120
27005,152854528
27006,152871936
27007,152889344
27008,152906752
27009,152924160
27010,152941568
27011,152958976
27012,152976384
27013,152993792
27014,153011200
27015,153028608
27016,153046016
27017,153063424
27018,153080832
27019,153098240
27020,153115648
27021,153133056
27022,153150464
27023,153167872
27024,153185280
27025,153202688
27026,153220096
27027,153237504
27028,153254912
27029,153272320
27030,153289728
27031,153307136
27032,153324544
27033,153341952
27034,153359360
27035,153376768
27036,153394176
27037,153411584
27038,153428992
27039,153446400
27040,153463808
27041,153481216
27042,153498624
27043,153516032
27044,153533440
27045,153550848
27046,153568256
27047,153585664
27048,153603072
27049,153620480
27050,153637888
27051,153655296
27052,153672704
27053,153690112
27054,153707520
27055,153724928
27056,153742336
27057,153759744
27058,153777152
27059,153794560
27060,153811968
27061,153829376
27062,153846784
27063,153864192
27064,153881600
27065,153899008
27066,153916416
27067,153933824
27068,153951232
27069,153968640
27070,153986048
27071,154003456
27072,154020864
27073,154038272
27074,154055680
27075,154073088
27076,154090496
27077,154107904
27078,154125312
27079,154142720
27080,154160128
27081,154177536
27082,154194944
27083,154212352
27084,154229760
27085,154247168
27086,154264576
27087,154281984
27088,154299392
27089,154316800
27090,154334208
27091,154351616
27092,154369024
27093,154386432
27094,154403840
27095,154421248
27096,154438656
27097,154456064
27098,154473472
27099,154490880
27100,154508288
27101,154525696
27102,154543104
27103,154560512
27104,154577920
27105,154595328
27106,154612736
27107,154630144
27108,154647552
27109,154664960
27110,154682368
27111,154699776
27112,154717184
27113,154734592
27114,154752000
27115,154769408
27116,154786816
27117,154804224
27118,154821632
27119,154839040
27120,154856448
27121,154873856
27122,154891264
27123,154908672
27124,154926080
27125,154943488
27126,154960896
27127,154978304
27128,154995712
27129,155013120
27130,155030528
27131,155047936
27132,155065344
27133,155082752
27134,155100160
27135,155117568
27136,155134976
27137,155152384
27138,155169792
27139,155187200
27140,155204608
27141,155222016
27142,155239424
27143,155256832
27144,155274240
27145,155291648
27146,155309056
27147,155326464
27148,155343872
27149,155361280
27150,155378688
27151,155396096
27152,155413504
27153,155430912
27154,155448320
27155,155465728
27156,155483136
27157,155500544
27158,155517952
27159,155535360
27160,155552768
27161,155570176
27162,155587584
27163,155604992
27164,155622400
27165,155639808
27166,155657216
27167,155674624
27168,155692032
27169,155709440
27170,155726848
27171,155744256
27172,155761664
27173,155779072
27174,155796480
27175,155813888
27176,155831296
27177,155848704
27178,155866112
27179,155883520
27180,155900928
27181,155918336
27182,155935744
27183,155953152
27184,155970560
27185,155987968
27186,156005376
27187,156022784
27188,156040192
27189,156057600
27190,156075008
27191,156092416
27192,156109824
27193,156128256
27194,156146688
27195,156165120
27196,156183552
27197,156201984
27198,156220416
27199,156238848
27200,156257280
27201,156275712
27202,156294144
27203,156312576
27204,156331008
27205,156349440
27206,156367872
27207,156386304
27208,156404736
27209,156423168
27210,156441600
27211,156460032
27212,156478464
27213,156496896
27214,156515328
27215,156533760
27216,156552192
27217,156570624
27218,156589056
27219,156607488
27220,156625920
27221,156644352
27222,156662784
27223,156681216
27224,156699648
27225,156718080
27226,156736512
27227,156754944
27228,156773376
27229,156791808
27230,156810240
27231,156828672
27232,156847104
27233,156865536
27234,156883968
27235,156902400
27236,156920832
27237,156939264
27238,156957696
27239,156976128
27240,156994560
27241,157012992
27242,157031424
27243,157049856
27244,157068288
27245,157086720
27246,157105152
27247,157123584
27248,157142016
27249,157160448
27250,157178880
27251,157197312
27252,157215744
27253,157234176
27254,157252608
27255,157271040
27256,157289472
27257,157307904
27258,157326336
27259,157344768
27260,157363200
27261,157381632
27262,157400064
27263,157418496
27264,157436928
27265,157455360
27266,157473792
27267,157492224
27268,157510656
27269,157529088
27270,157547520
27271,157565952
27272,157584384
27273,157602816
27274,157621248
27275,157639680
27276,157658112
27277,157676544
27278,157694976
27279,157713408
27280,157731840
27281,157750272
27282,157768704
27283,157787136
27284,157805568
27285,157824000
27286,157842432
27287,157860864
27288,157879296
27289,157897728
27290,157916160
27291,157934592
27292,157953024
27293,157971456
27294,157989888
27295,158008320
27296,158026752
27297,158045184
27298,158063616
27299,158082048
27300,158100480
27301,158118912
27302,158137344
27303,158155776
27304,158174208
27305,158192640
27306,158211072
27307,158229504
27308,158247936
27309,158266368
27310,158284800
27311,158303232
27312,158321664
27313,158340096
27314,158358528
27315,158376960
27316,158395392
27317,158413824
27318,158432256
27319,158450688
27320,158469120
27321,158487552
27322,158505984
27323,158524416
27324,158542848
27325,158561280
27326,158579712
27327,158598144
27328,158616576
27329,158635008
27330,158653440
27331,158671872
27332,158690304
27333,158708736
27334,158727168
27335,158745600
27336,158764032
27337,158782464
27338,158800896
27339,158819328
27340,158837760
27341,158856192
27342,158874624
27343,158893056
27344,158911488
27345,158929920
27346,158948352
27347,158966784
27348,158985216
27349,159003648
27350,159022080
27351,159040512
27352,159058944
27353,159077376
27354,159095808
27355,159114240
27356,159132672
27357,159151104
27358,159169536
27359,159187968
27360,159206400
27361,159224832
27362,159243264
27363,159261696
27364,159280128
27365,159298560
27366,159316992
27367,159335424
27368,159353856
27369,159372288
27370,159390720
27371,159409152
27372,159427584
27373,159446016
27374,159464448
27375,159482880
27376,159501312
27377,159519744
27378,159538176
27379,159556608
27380,159575040
27381,159593472
27382,159611904
27383,159630336
27384,159648768
27385,159667200
27386,159685632
27387,159704064
27388,159722496
27389,159740928
27390,159759360
27391,159777792
27392,159796224
27393,159814656
27394,159833088
27395,159851520
27396,159869952
27397,159888384
27398,159906816
27399,159925248
27400,159943680
27401,159962112
27402,159980544
27403,159998976
27404,160017408
27405,160035840
27406,160054272
27407,160072704
27408,160091136
27409,160109568
27410,160128000
27411,160146432
27412,160164864
27413,160183296
27414,160201728
27415,160220160
27416,160238592
27417,160257024
27418,160275456
27419,160293888
27420,160312320
27421,160330752
27422,160349184
27423,160367616
27424,160386048
27425,160404480
27426,160422912
27427,160441344
27428,160459776
27429,160478208
27430,160496640
27431,160515072
27432,160533504
27433,160551936
27434,160570368
27435,160588800
27436,160607232
27437,160625664
27438,160644096
27439,160662528
27440,160680960
27441,160699392
27442,160717824
27443,160736256
27444,160754688
27445,160773120
27446,160791552
27447,160809984
27448,160828416
27449,160846848
27450,160865280
27451,160883712
27452,160902144
27453,160920576
27454,160939008
27455,160957440
27456,160975872
27457,160994304
27458,161012736
27459,161031168
27460,161049600
27461,161068032
27462,161086464
27463,161104896
27464,161123328
27465,161141760
27466,161160192
27467,161178624
27468,161197056
27469,161215488
27470,161233920
27471,161252352
27472,161270784
27473,161289216
27474,161307648
27475,161326080
27476,161344512
27477,161362944
27478,161381376
27479,161399808
27480,161418240
27481,161436672
27482,161455104
27483,161473536
27484,161491968
27485,161510400
27486,161528832
27487,161547264
27488,161565696
27489,161584128
27490,161602560
27491,161620992
27492,161639424
27493,161657856
27494,161676288
27495,161694720
27496,161713152
27497,161731584
27498,161750016
27499,161768448
27500,161786880
27501,161805312
27502,161823744
27503,161842176
27504,161860608
27505,161879040
27506,161897472
27507,161915904
27508,161934336
27509,161952768
27510,161971200
27511,161989632
27512,162008064
27513,162026496
27514,162044928
27515,162063360
27516,162081792
27517,162100224
27518,162118656
27519,162137088
27520,162155520
27521,162173952
27522,162192384
27523,162210816
27524,162229248
27525,162247680
27526,162266112
27527,162284544
27528,162302976
27529,162321408
27530,162339840
27531,162358272
27532,162376704
27533,162395136
27534,162413568
27535,162432000
27536,162450432
27537,162468864
27538,162487296
27539,162505728
27540,162524160
27541,162542592
27542,162561024
27543,162579456
27544,162597888
27545,162616320
27546,162634752
27547,162653184
27548,162671616
27549,162690048
27550,162708480
27551,162726912
27552,162745344
27553,162763776
27554,162782208
27555,162800640
27556,162819072
27557,162837504
27558,162855936
27559,162874368
27560,162892800
27561,162911232
27562,162929664
27563,162948096
27564,162966528
27565,162984960
27566,163003392
27567,163021824
27568,163040256
27569,163058688
27570,163077120
27571,163095552
27572,163113984
27573,163132416
27574,163150848
27575,163169280
27576,163187712
27577,163206144
27578,163224576
27579,163243008
27580,163261440
27581,163279872
27582,163298304
27583,163316736
27584,163335168
27585,163353600
27586,163372032
27587,163390464
27588,163408896
27589,163427328
27590,163445760
27591,163464192
27592,163482624
27593,163501056
27594,163519488
27595,163537920
27596,163556352
27597,163574784
27598,163593216
27599,163611648
27600,163630080
27601,163648512
27602,163666944
27603,163685376
27604,163703808
27605,163722240
27606,163740672
27607,163759104
27608,163777536
27609,163795968
27610,163814400
27611,163832832
27612,163851264
27613,163869696
27614,163888128
27615,163906560
27616,163924992
27617,163943424
27618,163961856
27619,163980288
27620,163998720
27621,164017152
27622,164035584
27623,164054016
27624,164072448
27625,164090880
27626,164109312
27627,164127744
27628,164146176
27629,164164608
27630,164183040
27631,164201472
27632,164219904
27633,164238336
27634,164256768
27635,164275200
27636,164293632
27637,164312064
27638,164330496
27639,164348928
27640,164367360
27641,164385792
27642,164404224
27643,164422656
27644,164441088
27645,164459520
27646,164477952
27647,164496384
27648,164514816
27649,164533248
27650,164551680
27651,164570112
27652,164588544
27653,164606976
27654,164625408
27655,164643840
27656,164662272
27657,164680704
27658,164699136
27659,164717568
27660,164736000
27661,164754432
27662,164772864
27663,164791296
27664,164809728
27665,164828160
27666,164846592
27667,164865024
27668,164883456
27669,164901888
27670,164920320
27671,164938752
27672,164957184
27673,164975616
27674,164994048
27675,165012480
27676,165030912
27677,165049344
27678,165067776
27679,165086208
27680,165104640
27681,165123072
27682,165141504
27683,165159936
27684,165178368
27685,165196800
27686,165215232
27687,165233664
27688,165252096
27689,165270528
27690,165288960
27691,165307392
27692,165325824
27693,165344256
27694,165362688
27695,165381120
27696,165399552
27697,165417984
27698,165436416
27699,165454848
27700,165473280
27701,165491712
27702,165510144
27703,165528576
27704,165547008
27705,165565440
27706,165583872
27707,165602304
27708,165620736
27709,165639168
27710,165657600
27711,165676032
27712,165694464
27713,165712896
27714,165731328
27715,165749760
27716,165768192
27717,165786624
27718,165805056
27719,165823488
27720,165841920
27721,165860352
27722,165878784
27723,165897216
27724,165915648
27725,165934080
27726,165952512
27727,165970944
27728,165989376
27729,166007808
27730,166026240
27731,166044672
27732,166063104
27733,166081536
27734,166099968
27735,166118400
27736,166136832
27737,166155264
27738,166173696
27739,166192128
27740,166210560
27741,166228992
27742,166247424
27743,166265856
27744,166284288
27745,166302720
27746,166321152
27747,166339584
27748,166358016
27749,166376448
27750,166394880
27751,166413312
27752,166431744
27753,166450176
27754,166468608
27755,166487040
27756,166505472
27757,166523904
27758,166542336
27759,166560768
27760,166579200
27761,166597632
27762,166616064
27763,166634496
27764,166652928
27765,166671360
27766,166689792
27767,166708224
27768,166726656
27769,166745088
27770,166763520
27771,166781952
27772,166800384
27773,166818816
27774,166837248
27775,166856704
27776,166876160
27777,166895616
27778,166915072
27779,166934528
27780,166953984
27781,166973440
27782,166992896
27783,167012352
27784,167031808
27785,167051264
27786,167070720
27787,167090176
27788,167109632
27789,167129088
27790,167148544
27791,167168000
27792,167187456
27793,167206912
27794,167226368
27795,167245824
27796,167265280
27797,167284736
27798,167304192
27799,167323648
27800,167343104
27801,167362560
27802,167382016
27803,167401472
27804,167420928
27805,167440384
27806,167459840
27807,167479296
27808,167498752
27809,167518208
27810,167537664
27811,167557120
27812,167576576
27813,167596032
27814,167615488
27815,167634944
27816,167654400
27817,167673856
27818,167693312
27819,167712768
27820,167732224
27821,167751680
27822,167771136
27823,167790592
27824,167810048
27825,167829504
27826,167848960
27827,167868416
27828,167887872
27829,167907328
27830,167926784
27831,167946240
27832,167965696
27833,167985152
27834,168004608
27835,168024064
27836,168043520
27837,168062976
27838,168082432
27839,168101888
27840,168121344
27841,168140800
27842,168160256
27843,168179712
27844,168199168
27845,168218624
27846,168238080
27847,168257536
27848,168276992
27849,168296448
27850,168315904
27851,168335360
27852,168354816
27853,168374272
27854,168393728
27855,168413184
27856,168432640
27857,168452096
27858,168471552
27859,168491008
27860,168510464
27861,168529920
27862,168549376
27863,168568832
27864,168588288
27865,168607744
27866,168627200
27867,168646656
27868,168666112
27869,168685568
27870,168705024
27871,168724480
27872,168743936
27873,168763392
27874,168782848
27875,168802304
27876,168821760
27877,168841216
27878,168860672
27879,168880128
27880,168899584
27881,168919040
27882,168938496
27883,168957952
27884,168977408
27885,168996864
27886,169016320
27887,169035776
27888,169055232
27889,169074688
27890,169094144
27891,169113600
27892,169133056
27893,169152512
27894,169171968
27895,169191424
27896,169210880
27897,169230336
27898,169249792
27899,169269248
27900,169288704
27901,169308160
27902,169327616
27903,169347072
27904,169366528
27905,169385984
27906,169405440
27907,169424896
27908,169444352
27909,169463808
27910,169483264
27911,169502720
27912,169522176
27913,169541632
27914,169561088
27915,169580544
27916,169600000
27917,169619456
27918,169638912
27919,169658368
27920,169677824
27921,169697280
27922,169716736
27923,169736192
27924,169755648
27925,169775104
27926,169794560
27927,169814016
27928,169833472
27929,169852928
27930,169872384
27931,169891840
27932,169911296
27933,169930752
27934,169950208
27935,169969664
27936,169989120
27937,170008576
27938,170028032
27939,170047488
27940,170066944
27941,170086400
27942,170105856
27943,170125312
27944,170144768
27945,170164224
27946,170183680
27947,170203136
27948,170222592
27949,170242048
27950,170261504
27951,170280960
27952,170300416
27953,170319872
27954,170339328
27955,170358784
27956,170378240
27957,170397696
27958,170417152
27959,170436608
27960,170456064
27961,170475520
27962,170494976
27963,170514432
27964,170533888
27965,170553344
27966,170572800
27967,170592256
27968,170611712
27969,170631168
27970,170650624
27971,170670080
27972,170689536
27973,170708992
27974,170728448
27975,170747904
27976,170767360
27977,170786816
27978,170806272
27979,170825728
27980,170845184
27981,170864640
27982,170884096
27983,170903552
27984,170923008
27985,170942464
27986,170961920
27987,170981376
27988,171000832
27989,171020288
27990,171039744
27991,171059200
27992,171078656
27993,171098112
27994,171117568
27995,171137024
27996,171156480
27997,171175936
27998,171195392
27999,171214848
28000,171234304
28001,171253760
28002,171273216
28003,171292672
28004,171312128
28005,171331584
28006,171351040
28007,171370496
28008,171389952
28009,171409408
28010,171428864
28011,171448320
28012,171467776
28013,171487232
28014,171506688
28015,171526144
28016,171545600
28017,171565056
28018,171584512
28019,171603968
28020,171623424
28021,171642880
28022,171662336
28023,171681792
28024,171701248
28025,171720704
28026,171740160
28027,171759616
28028,171779072
28029,171798528
28030,171817984
28031,171837440
28032,171856896
28033,171876352
28034,171895808
28035,171915264
28036,171934720
28037,171954176
28038,171973632
28039,171993088
28040,172012544
28041,172032000
28042,172051456
28043,172070912
28044,172090368
28045,172109824
28046,172129280
28047,172148736
28048,172168192
28049,172187648
28050,172207104
28051,172226560
28052,172246016
28053,172265472
28054,172284928
28055,172304384
28056,172323840
28057,172343296
28058,172362752
28059,172382208
28060,172401664
28061,172421120
28062,172440576
28063,172460032
28064,172479488
28065,172498944
28066,172518400
28067,172537856
28068,172557312
28069,172576768
28070,172596224
28071,172615680
28072,172635136
28073,172654592
28074,172674048
28075,172693504
28076,172712960
28077,172732416
28078,172751872
28079,172771328
28080,172790784
28081,172810240
28082,172829696
28083,172849152
28084,172868608
28085,172888064
28086,172907520
28087,172926976
28088,172946432
28089,172965888
28090,172985344
28091,173004800
28092,173024256
28093,173043712
28094,173063168
28095,173082624
28096,173102080
28097,173121536
28098,173140992
28099,173160448
28100,173179904
28101,173199360
28102,173218816
28103,173238272
28104,173257728
28105,173277184
28106,173296640
28107,173316096
28108,173335552
28109,173355008
28110,173374464
28111,173393920
28112,173413376
28113,173432832
28114,173452288
28115,173471744
28116,173491200
28117,173510656
28118,173530112
28119,173549568
28120,173569024
28121,173588480
28122,173607936
28123,173627392
28124,173646848
28125,173666304
28126,173685760
28127,173705216
28128,173724672
28129,173744128
28130,173763584
28131,173783040
28132,173802496
28133,173821952
28134,173841408
28135,173860864
28136,173880320
28137,173899776
28138,173919232
28139,173938688
28140,173958144
28141,173977600
28142,173997056
28143,174016512
28144,174035968
28145,174055424
28146,174074880
28147,174094336
28148,174113792
28149,174133248
28150,174152704
28151,174172160
28152,174191616
28153,174211072
28154,174230528
28155,174249984
28156,174269440
28157,174288896
28158,174308352
28159,174327808
28160,174347264
28161,174366720
28162,174386176
28163,174405632
28164,174425088
28165,174444544
28166,174464000
28167,174483456
28168,174502912
28169,174522368
28170,174541824
28171,174561280
28172,174580736
28173,174600192
28174,174619648
28175,174639104
28176,174658560
28177,174678016
28178,174697472
28179,174716928
28180,174736384
28181,174755840
28182,174775296
28183,174794752
28184,174814208
28185,174833664
28186,174853120
28187,174872576
28188,174892032
28189,174911488
28190,174930944
28191,174950400
28192,174969856
28193,174989312
28194,175008768
28195,175028224
28196,175047680
28197,175067136
28198,175086592
28199,175106048
28200,175125504
28201,175144960
28202,175164416
28203,175183872
28204,175203328
28205,175222784
28206,175242240
28207,175261696
28208,175281152
28209,175300608
28210,175320064
28211,175339520
28212,175358976
28213,175378432
28214,175397888
28215,175417344
28216,175436800
28217,175456256
28218,175475712
28219,175495168
28220,175514624
28221,175534080
28222,175553536
28223,175572992
28224,175592448
28225,175611904
28226,175631360
28227,175650816
28228,175670272
28229,175689728
28230,175709184
28231,175728640
28232,175748096
28233,175767552
28234,175787008
28235,175806464
28236,175825920
28237,175845376
28238,175864832
28239,175884288
28240,175903744
28241,175923200
28242,175942656
28243,175962112
28244,175981568
28245,176001024
28246,176020480
28247,176039936
28248,176059392
28249,176078848
28250,176098304
28251,176117760
28252,176137216
28253,176156672
28254,176176128
28255,176195584
28256,176215040
28257,176234496
28258,176253952
28259,176273408
28260,176292864
28261,176312320
28262,176331776
28263,176351232
28264,176370688
28265,176390144
28266,176409600
28267,176429056
28268,176448512
28269,176467968
28270,176487424
28271,176506880
28272,176526336
28273,176545792
28274,176565248
28275,176584704
28276,176604160
28277,176623616
28278,176643072
28279,176662528
28280,176681984
28281,176701440
28282,176720896
28283,176740352
28284,176759808
28285,176779264
28286,176798720
28287,176818176
28288,176837632
28289,176857088
28290,176876544
28291,176896000
28292,176915456
28293,176934912
28294,176954368
28295,176973824
28296,176993280
28297,177012736
28298,177032192
28299,177051648
28300,177071104
28301,177090560
28302,177110016
28303,177129472
28304,177148928
28305,177168384
28306,177187840
28307,177207296
28308,177226752
28309,177246208
28310,177265664
28311,177285120
28312,177304576
28313,177324032
28314,177343488
28315,177362944
28316,177382400
28317,177401856
28318,177421312
28319,177440768
28320,177460224
28321,177479680
28322,177499136
28323,177518592
28324,177538048
28325,177557504
28326,177576960
28327,177596416
28328,177615872
28329,177636352
28330,177656832
28331,177677312
28332,177697792
28333,177718272
28334,177738752
28335,177759232
28336,177779712
28337,177800192
28338,177820672
28339,177841152
28340,177861632
28341,177882112
28342,177902592
28343,177923072
28344,177943552
28345,177964032
28346,177984512
28347,178004992
28348,178025472
28349,178045952
28350,178066432
28351,178086912
28352,178107392
28353,178127872
28354,178148352
28355,178168832
28356,178189312
28357,178209792
28358,178230272
28359,178250752
28360,178271232
28361,178291712
28362,178312192
28363,178332672
28364,178353152
28365,178373632
28366,178394112
28367,178414592
28368,178435072
28369,178455552
28370,178476032
28371,178496512
28372,178516992
28373,178537472
28374,178557952
28375,178578432
28376,178598912
28377,178619392
28378,178639872
28379,178660352
28380,178680832
28381,178701312
28382,178721792
28383,178742272
28384,178762752
28385,178783232
28386,178803712
28387,178824192
28388,178844672
28389,178865152
28390,178885632
28391,178906112
28392,178926592
28393,178947072
28394,178967552
28395,178988032
28396,179008512
28397,179028992
28398,179049472
28399,179069952
28400,179090432
28401,179110912
28402,179131392
28403,179151872
28404,179172352
28405,179192832
28406,179213312
28407,179233792
28408,179254272
28409,179274752
28410,179295232
28411,179315712
28412,179336192
28413,179356672
28414,179377152
28415,179397632
28416,179418112
28417,179438592
28418,179459072
28419,179479552
28420,179500032
28421,179520512
28422,179540992
28423,179561472
28424,179581952
28425,179602432
28426,179622912
28427,179643392
28428,179663872
28429,179684352
28430,179704832
28431,179725312
28432,179745792
28433,179766272
28434,179786752
28435,179807232
28436,179827712
28437,179848192
28438,179868672
28439,179889152
28440,179909632
28441,179930112
28442,179950592
28443,179971072
28444,179991552
28445,180012032
28446,180032512
28447,180052992
28448,180073472
28449,180093952
28450,180114432
28451,180134912
28452,180155392
28453,180175872
28454,180196352
28455,180216832
28456,180237312
28457,180257792
28458,180278272
28459,180298752
28460,180319232
28461,180339712
28462,180360192
28463,180380672
28464,180401152
28465,180421632
28466,180442112
28467,180462592
28468,180483072
28469,180503552
28470,180524032
28471,180544512
28472,180564992
28473,180585472
28474,180605952
28475,180626432
28476,180646912
28477,180667392
28478,180687872
28479,180708352
28480,180728832
28481,180749312
28482,180769792
28483,180790272
28484,180810752
28485,180831232
28486,180851712
28487,180872192
28488,180892672
28489,180913152
28490,180933632
28491,180954112
28492,180974592
28493,180995072
28494,181015552
28495,181036032
28496,181056512
28497,181076992
28498,181097472
28499,181117952
28500,181138432
28501,181158912
28502,181179392
28503,181199872
28504,181220352
28505,181240832
28506,181261312
28507,181281792
28508,181302272
28509,181322752
28510,181343232
28511,181363712
28512,181384192
28513,181404672
28514,181425152
28515,181445632
28516,181466112
28517,181486592
28518,181507072
28519,181527552
28520,181548032
28521,181568512
28522,181588992
28523,181609472
28524,181629952
28525,181650432
28526,181670912
28527,181691392
28528,181711872
28529,181732352
28530,181752832
28531,181773312
28532,181793792
28533,181814272
28534,181834752
28535,181855232
28536,181875712
28537,181896192
28538,181916672
28539,181937152
28540,181957632
28541,181978112
28542,181998592
28543,182019072
28544,182039552
28545,182060032
28546,182080512
28547,182100992
28548,182121472
28549,182141952
28550,182162432
28551,182182912
28552,182203392
28553,182223872
28554,182244352
28555,182264832
28556,182285312
28557,182305792
28558,182326272
28559,182346752
28560,182367232
28561,182387712
28562,182408192
28563,182428672
28564,182449152
28565,182469632
28566,182490112
28567,182510592
28568,182531072
28569,182551552
28570,182572032
28571,182592512
28572,182612992
28573,182633472
28574,182653952
28575,182674432
28576,182694912
28577,182715392
28578,182735872
28579,182756352
28580,182776832
28581,182797312
28582,182817792
28583,182838272
28584,182858752
28585,182879232
28586,182899712
28587,182920192
28588,182940672
28589,182961152
28590,182981632
28591,183002112
28592,183022592
28593,183043072
28594,183063552
28595,183084032
28596,183104512
28597,183124992
28598,183145472
28599,183165952
28600,183186432
28601,183206912
28602,183227392
28603,183247872
28604,183268352
28605,183288832
28606,183309312
28607,183329792
28608,183350272
28609,183370752
28610,183391232
28611,183411712
28612,183432192
28613,183452672
28614,183473152
28615,183493632
28616,183514112
28617,183534592
28618,183555072
28619,183575552
28620,183596032
28621,183616512
28622,183636992
28623,183657472
28624,183677952
28625,183698432
28626,183718912
28627,183739392
28628,183759872
28629,183780352
28630,183800832
28631,183821312
28632,183841792
28633,183862272
28634,183882752
28635,183903232
28636,183923712
28637,183944192
28638,183964672
28639,183985152
28640,184005632
28641,184026112
28642,184046592
28643,184067072
28644,184087552
28645,184108032
28646,184128512
28647,184148992
28648,184169472
28649,184189952
28650,184210432
28651,184230912
28652,184251392
28653,184271872
28654,184292352
28655,184312832
28656,184333312
28657,184353792
28658,184374272
28659,184394752
28660,184415232
28661,184435712
28662,184456192
28663,184476672
28664,184497152
28665,184517632
28666,184538112
28667,184558592
28668,184579072
28669,184599552
28670,184620032
28671,184640512
28672,184660992
28673,184681472
28674,184701952
28675,184722432
28676,184742912
28677,184763392
28678,184783872
28679,184804352
28680,184824832
28681,184845312
28682,184865792
28683,184886272
28684,184906752
28685,184927232
28686,184947712
28687,184968192
28688,184988672
28689,185009152
28690,185029632
28691,185050112
28692,185070592
28693,185091072
28694,185111552
28695,185132032
28696,185152512
28697,185172992
28698,185193472
28699,185213952
28700,185234432
28701,185254912
28702,185275392
28703,185295872
28704,185316352
28705,185336832
28706,185357312
28707,185377792
28708,185398272
28709,185418752
28710,185439232
28711,185459712
28712,185480192
28713,185500672
28714,185521152
28715,185541632
28716,185562112
28717,185582592
28718,185603072
28719,185623552
28720,185644032
28721,185664512
28722,185684992
28723,185705472
28724,185725952
28725,185746432
28726,185766912
28727,185787392
28728,185807872
28729,185828352
28730,185848832
28731,185869312
28732,185889792
28733,185910272
28734,185930752
28735,185951232
28736,185971712
28737,185992192
28738,186012672
28739,186033152
28740,186053632
28741,186074112
28742,186094592
28743,186115072
28744,186135552
28745,186156032
28746,186176512
28747,186196992
28748,186217472
28749,186237952
28750,186258432
28751,186278912
28752,186299392
28753,186319872
28754,186340352
28755,186360832
28756,186381312
28757,186401792
28758,186422272
28759,186442752
28760,186463232
28761,186483712
28762,186504192
28763,186524672
28764,186545152
28765,186565632
28766,186586112
28767,186606592
28768,186627072
28769,186647552
28770,186668032
28771,186688512
28772,186708992
28773,186729472
28774,186749952
28775,186770432
28776,186790912
28777,186811392
28778,186831872
28779,186852352
28780,186872832
28781,186893312
28782,186913792
28783,186934272
28784,186954752
28785,186975232
28786,186995712
28787,187016192
28788,187036672
28789,187057152
28790,187077632
28791,187098112
28792,187118592
28793,187139072
28794,187159552
28795,187180032
28796,187200512
28797,187220992
28798,187241472
28799,187261952
28800,187282432
28801,187302912
28802,187323392
28803,187343872
28804,187364352
28805,187384832
28806,187405312
28807,187425792
28808,187446272
28809,187466752
28810,187487232
28811,187507712
28812,187528192
28813,187548672
28814,187569152
28815,187589632
28816,187610112
28817,187630592
28818,187651072
28819,187671552
28820,187692032
28821,187712512
28822,187732992
28823,187753472
28824,187773952
28825,187794432
28826,187814912
28827,187835392
28828,187855872
28829,187876352
28830,187896832
28831,187918336
28832,187939840
28833,187961344
28834,187982848
28835,188004352
28836,188025856
28837,188047360
28838,188068864
28839,188090368
28840,188111872
28841,188133376
28842,188154880
28843,188176384
28844,188197888
28845,188219392
28846,188240896
28847,188262400
28848,188283904
28849,188305408
28850,188326912
28851,188348416
28852,188369920
28853,188391424
28854,188412928
28855,188434432
28856,188455936
28857,188477440
28858,188498944
28859,188520448
28860,188541952
28861,188563456
28862,188584960
28863,188606464
28864,188627968
28865,188649472
28866,188670976
28867,188692480
28868,188713984
28869,188735488
28870,188756992
28871,188778496
28872,188800000
28873,188821504
28874,188843008
28875,188864512
28876,188886016
28877,188907520
28878,188929024
28879,188950528
28880,188972032
28881,188993536
28882,189015040
28883,189036544
28884,189058048
28885,189079552
28886,189101056
28887,189122560
28888,189144064
28889,189165568
28890,189187072
28891,189208576
28892,189230080
28893,189251584
28894,189273088
28895,189294592
28896,189316096
28897,189337600
28898,189359104
28899,189380608
28900,189402112
28901,189423616
28902,189445120
28903,189466624
28904,189488128
28905,189509632
28906,189531136
28907,189552640
28908,189574144
28909,189595648
28910,189617152
28911,189638656
28912,189660160
28913,189681664
28914,189703168
28915,189724672
28916,189746176
28917,189767680
28918,189789184
28919,189810688
28920,189832192
28921,189853696
28922,189875200
28923,189896704
28924,189918208
28925,189939712
28926,189961216
28927,189982720
28928,190004224
28929,190025728
28930,190047232
28931,190068736
28932,190090240
28933,190111744
28934,190133248
28935,190154752
28936,190176256
28937,190197760
28938,190219264
28939,190240768
28940,190262272
28941,190283776
28942,190305280
28943,190326784
28944,190348288
28945,190369792
28946,190391296
28947,190412800
28948,190434304
28949,190455808
28950,190477312
28951,190498816
28952,190520320
28953,190541824
28954,190563328
28955,190584832
28956,190606336
28957,190627840
28958,190649344
28959,190670848
28960,190692352
28961,190713856
28962,190735360
28963,190756864
28964,190778368
28965,190799872
28966,190821376
28967,190842880
28968,190864384
28969,190885888
28970,190907392
28971,190928896
28972,190950400
28973,190971904
28974,190993408
28975,191014912
28976,191036416
28977,191057920
28978,191079424
28979,191100928
28980,191122432
28981,191143936
28982,191165440
28983,191186944
28984,191208448
28985,191229952
28986,191251456
28987,191272960
28988,191294464
28989,191315968
28990,191337472
28991,191358976
28992,191380480
28993,191401984
28994,191423488
28995,191444992
28996,191466496
28997,191488000
28998,191509504
28999,191531008
29000,191552512
29001,191574016
29002,191595520
29003,191617024
29004,191638528
29005,191660032
29006,191681536
29007,191703040
29008,191724544
29009,191746048
29010,191767552
29011,191789056
29012,191810560
29013,191832064
29014,191853568
29015,191875072
29016,191896576
29017,191918080
29018,191939584
29019,191961088
29020,191982592
29021,192004096
29022,192025600
29023,192047104
29024,192068608
29025,192090112
29026,192111616
29027,192133120
29028,192154624
29029,192176128
29030,192197632
29031,192219136
29032,192240640
29033,192262144
29034,192283648
29035,192305152
29036,192326656
29037,192348160
29038,192369664
29039,192391168
29040,192412672
29041,192434176
29042,192455680
29043,192477184
29044,192498688
29045,192520192
29046,192541696
29047,192563200
29048,192584704
29049,192606208
29050,192627712
29051,192649216
29052,192670720
29053,192692224
29054,192713728
29055,192735232
29056,192756736
29057,192778240
29058,192799744
29059,192821248
29060,192842752
29061,192864256
29062,192885760
29063,192907264
29064,192928768
29065,192950272
29066,192971776
29067,192993280
29068,193014784
29069,193036288
29070,193057792
29071,193079296
29072,193100800
29073,193122304
29074,193143808
29075,193165312
29076,193186816
29077,193208320
29078,193229824
29079,193251328
29080,193272832
29081,193294336
29082,193315840
29083,193337344
29084,193358848
29085,193380352
29086,193401856
29087,193423360
29088,193444864
29089,193466368
29090,193487872
29091,193509376
29092,193530880
29093,193552384
29094,193573888
29095,193595392
29096,193616896
29097,193638400
29098,193659904
29099,193681408
29100,193702912
29101,193724416
29102,193745920
29103,193767424
29104,193788928
29105,193810432
29106,193831936
29107,193853440
29108,193874944
29109,193896448
29110,193917952
29111,193939456
29112,193960960
29113,193982464
29114,194003968
29115,194025472
29116,194046976
29117,194068480
29118,194089984
29119,194111488
29120,194132992
29121,194154496
29122,194176000
29123,194197504
29124,194219008
29125,194240512
29126,194262016
29127,194283520
29128,194305024
29129,194326528
29130,194348032
29131,194369536
29132,194391040
29133,194412544
29134,194434048
29135,194455552
29136,194477056
29137,194498560
29138,194520064
29139,194541568
29140,194563072
29141,194584576
29142,194606080
29143,194627584
29144,194649088
29145,194670592
29146,194692096
29147,194713600
29148,194735104
29149,194756608
29150,194778112
29151,194799616
29152,194821120
29153,194842624
29154,194864128
29155,194885632
29156,194907136
29157,194928640
29158,194950144
29159,194971648
29160,194993152
29161,195014656
29162,195036160
29163,195057664
29164,195079168
29165,195100672
29166,195122176
29167,195143680
29168,195165184
29169,195186688
29170,195208192
29171,195229696
29172,195251200
29173,195272704
29174,195294208
29175,195315712
29176,195337216
29177,195358720
29178,195380224
29179,195401728
29180,195423232
29181,195444736
29182,195466240
29183,195487744
29184,195509248
29185,195530752
29186,195552256
29187,195573760
29188,195595264
29189,195616768
29190,195638272
29191,195659776
29192,195681280
29193,195702784
29194,195724288
29195,195745792
29196,195767296
29197,195788800
29198,195810304
29199,195831808
29200,195853312
29201,195874816
29202,195896320
29203,195917824
29204,195939328
29205,195960832
29206,195982336
29207,196003840
29208,196025344
29209,196046848
29210,196068352
29211,196089856
29212,196111360
29213,196132864
29214,196154368
29215,196175872
29216,196197376
29217,196218880
29218,196240384
29219,196261888
29220,196283392
29221,196304896
29222,196326400
29223,196347904
29224,196369408
29225,196390912
29226,196412416
29227,196433920
29228,196455424
29229,196476928
29230,196498432
29231,196519936
29232,196541440
29233,196562944
29234,196584448
29235,196605952
29236,196627456
29237,196648960
29238,196670464
29239,196691968
29240,196713472
29241,196734976
29242,196756480
29243,196777984
29244,196799488
29245,196820992
29246,196842496
29247,196864000
29248,196885504
29249,196907008
29250,196928512
29251,196950016
29252,196971520
29253,196993024
29254,197014528
29255,197036032
29256,197057536
29257,197079040
29258,197100544
29259,197122048
29260,197143552
29261,197165056
29262,197186560
29263,197208064
29264,197229568
29265,197251072
29266,197272576
29267,197294080
29268,197315584
29269,197337088
29270,197358592
29271,197380096
29272,197401600
29273,197423104
29274,197444608
29275,197466112
29276,197487616
29277,197509120
29278,197530624
29279,197552128
29280,197573632
29281,197595136
29282,197616640
29283,197638144
29284,197659648
29285,197681152
29286,197702656
29287,197724160
29288,197745664
29289,197767168
29290,197788672
29291,197810176
29292,197831680
29293,197853184
29294,197874688
29295,197896192
29296,197917696
29297,197939200
29298,197960704
29299,197982208
29300,198003712
29301,198025216
29302,198046720
29303,198068224
29304,198089728
29305,198111232
29306,198132736
29307,198154240
29308,198175744
29309,198197248
29310,198218752
29311,198240256
29312,198261760
29313,198283264
29314,198304768
29315,198326272
29316,198347776
29317,198369280
29318,198390784
29319,198412288
29320,198433792
29321,198455296
29322,198476800
29323,198498304
29324,198519808
29325,198541312
29326,198562816
29327,198584320
29328,198605824
29329,198627328
29330,198648832
29331,198670336
29332,198691840
29333,198713344
29334,198734848
29335,198756352
29336,198777856
29337,198799360
29338,198820864
29339,198842368
29340,198863872
29341,198885376
29342,198906880
29343,198928384
29344,198949888
29345,198971392
29346,198992896
29347,199014400
29348,199035904
29349,199057408
29350,199078912
29351,199100416
29352,199121920
29353,199143424
29354,199164928
29355,199186432
29356,199207936
29357,199229440
29358,199250944
29359,199273472
29360,199296000
29361,199318528
29362,199341056
29363,199363584
29364,199386112
29365,199408640
29366,199431168
29367,199453696
29368,199476224
29369,199498752
29370,199521280
29371,199543808
29372,199566336
29373,199588864
29374,199611392
29375,199633920
29376,199656448
29377,199678976
29378,199701504
29379,199724032
29380,199746560
29381,199769088
29382,199791616
29383,199814144
29384,199836672
29385,199859200
29386,199881728
29387,199904256
29388,199926784
29389,199949312
29390,199971840
29391,199994368
29392,200016896
29393,200039424
29394,200061952
29395,200084480
29396,200107008
29397,200129536
29398,200152064
29399,200174592
29400,200197120
29401,200219648
29402,200242176
29403,200264704
29404,200287232
29405,200309760
29406,200332288
29407,200354816
29408,200377344
29409,200399872
29410,200422400
29411,200444928
29412,200467456
29413,200489984
29414,200512512
29415,200535040
29416,200557568
29417,200580096
29418,200602624
29419,200625152
29420,200647680
29421,200670208
29422,200692736
29423,200715264
29424,200737792
29425,200760320
29426,200782848
29427,200805376
29428,200827904
29429,200850432
29430,200872960
29431,200895488
29432,200918016
29433,200940544
29434,200963072
29435,200985600
29436,201008128
29437,201030656
29438,201053184
29439,201075712
29440,201098240
29441,201120768
29442,201143296
29443,201165824
29444,201188352
29445,201210880
29446,201233408
29447,201255936
29448,201278464
29449,201300992
29450,201323520
29451,201346048
29452,201368576
29453,201391104
29454,201413632
29455,201436160
29456,201458688
29457,201481216
29458,201503744
29459,201526272
29460,201548800
29461,201571328
29462,201593856
29463,201616384
29464,201638912
29465,201661440
29466,201683968
29467,201706496
29468,201729024
29469,201751552
29470,201774080
29471,201796608
29472,201819136
29473,201841664
29474,201864192
29475,201886720
29476,201909248
29477,201931776
29478,201954304
29479,201976832
29480,201999360
29481,202021888
29482,202044416
29483,202066944
29484,202089472
29485,202112000
29486,202134528
29487,202157056
29488,202179584
29489,202202112
29490,202224640
29491,202247168
29492,202269696
29493,202292224
29494,202314752
29495,202337280
29496,202359808
29497,202382336
29498,202404864
29499,202427392
29500,202449920
29501,202472448
29502,202494976
29503,202517504
29504,202540032
29505,202562560
29506,202585088
29507,202607616
29508,202630144
29509,202652672
29510,202675200
29511,202697728
29512,202720256
29513,202742784
29514,202765312
29515,202787840
29516,202810368
29517,202832896
29518,202855424
29519,202877952
29520,202900480
29521,202923008
29522,202945536
29523,202968064
29524,202990592
29525,203013120
29526,203035648
29527,203058176
29528,203080704
29529,203103232
29530,203125760
29531,203148288
29532,203170816
29533,203193344
29534,203215872
29535,203238400
29536,203260928
29537,203283456
29538,203305984
29539,203328512
29540,203351040
29541,203373568
29542,203396096
29543,203418624
29544,203441152
29545,203463680
29546,203486208
29547,203508736
29548,203531264
29549,203553792
29550,203576320
29551,203598848
29552,203621376
29553,203643904
29554,203666432
29555,203688960
29556,203711488
29557,203734016
29558,203756544
29559,203779072
29560,203801600
29561,203824128
29562,203846656
29563,203869184
29564,203891712
29565,203914240
29566,203936768
29567,203959296
29568,203981824
29569,204004352
29570,204026880
29571,204049408
29572,204071936
29573,204094464
29574,204116992
29575,204139520
29576,204162048
29577,204184576
29578,204207104
29579,204229632
29580,204252160
29581,204274688
29582,204297216
29583,204319744
29584,204342272
29585,204364800
29586,204387328
29587,204409856
29588,204432384
29589,204454912
29590,204477440
29591,204499968
29592,204522496
29593,204545024
29594,204567552
29595,204590080
29596,204612608
29597,204635136
29598,204657664
29599,204680192
29600,204702720
29601,204725248
29602,204747776
29603,204770304
29604,204792832
29605,204815360
29606,204837888
29607,204860416
29608,204882944
29609,204905472
29610,204928000
29611,204950528
29612,204973056
29613,204995584
29614,205018112
29615,205040640
29616,205063168
29617,205085696
29618,205108224
29619,205130752
29620,205153280
29621,205175808
29622,205198336
29623,205220864
29624,205243392
29625,205265920
29626,205288448
29627,205310976
29628,205333504
29629,205356032
29630,205378560
29631,205401088
29632,205423616
29633,205446144
29634,205468672
29635,205491200
29636,205513728
29637,205536256
29638,205558784
29639,205581312
29640,205603840
29641,205626368
29642,205648896
29643,205671424
29644,205693952
29645,205716480
29646,205739008
29647,205761536
29648,205784064
29649,205806592
29650,205829120
29651,205851648
29652,205874176
29653,205896704
29654,205919232
29655,205941760
29656,205964288
29657,205986816
29658,206009344
29659,206031872
29660,206054400
29661,206076928
29662,206099456
29663,206121984
29664,206144512
29665,206167040
29666,206189568
29667,206212096
29668,206234624
29669,206257152
29670,206279680
29671,206302208
29672,206324736
29673,206347264
29674,206369792
29675,206392320
29676,206414848
29677,206437376
29678,206459904
29679,206482432
29680,206504960
29681,206527488
29682,206550016
29683,206572544
29684,206595072
29685,206617600
29686,206640128
29687,206662656
29688,206685184
29689,206707712
29690,206730240
29691,206752768
29692,206775296
29693,206797824
29694,206820352
29695,206842880
29696,206865408
29697,206887936
29698,206910464
29699,206932992
29700,206955520
29701,206978048
29702,207000576
29703,207023104
29704,207045632
29705,207068160
29706,207090688
29707,207113216
29708,207135744
29709,207158272
29710,207180800
29711,207203328
29712,207225856
29713,207248384
29714,207270912
29715,207293440
29716,207315968
29717,207338496
29718,207361024
29719,207383552
29720,207406080
29721,207428608
29722,207451136
29723,207473664
29724,207496192
29725,207518720
29726,207541248
29727,207563776
29728,207586304
29729,207608832
29730,207631360
29731,207653888
29732,207676416
29733,207698944
29734,207721472
29735,207744000
29736,207766528
29737,207789056
29738,207811584
29739,207834112
29740,207856640
29741,207879168
29742,207901696
29743,207924224
29744,207946752
29745,207969280
29746,207991808
29747,208014336
29748,208036864
29749,208059392
29750,208081920
29751,208104448
29752,208126976
29753,208149504
29754,208172032
29755,208194560
29756,208217088
29757,208239616
29758,208262144
29759,208284672
29760,208307200
29761,208329728
29762,208352256
29763,208374784
29764,208397312
29765,208419840
29766,208442368
29767,208464896
29768,208487424
29769,208509952
29770,208532480
29771,208555008
29772,208577536
29773,208600064
29774,208622592
29775,208645120
29776,208667648
29777,208690176
29778,208712704
29779,208735232
29780,208757760
29781,208780288
29782,208802816
29783,208825344
29784,208847872
29785,208870400
29786,208892928
29787,208915456
29788,208937984
29789,208960512
29790,208983040
29791,209005568
29792,209028096
29793,209050624
29794,209073152
29795,209095680
29796,209118208
29797,209140736
29798,209163264
29799,209185792
29800,209208320
29801,209230848
29802,209253376
29803,209275904
29804,209298432
29805,209320960
29806,209343488
29807,209366016
29808,209388544
29809,209411072
29810,209433600
29811,209456128
29812,209478656
29813,209501184
29814,209523712
29815,209546240
29816,209568768
29817,209591296
29818,209613824
29819,209636352
29820,209658880
29821,209681408
29822,209703936
29823,209726464
29824,209748992
29825,209771520
29826,209794048
29827,209816576
29828,209839104
29829,209861632
29830,209884160
29831,209906688
29832,209929216
29833,209951744
29834,209974272
29835,209996800
29836,210019328
29837,210041856
29838,210064384
29839,210086912
29840,210109440
29841,210132992
29842,210156544
29843,210180096
29844,210203648
29845,210227200
29846,210250752
29847,210274304
29848,210297856
29849,210321408
29850,210344960
29851,210368512
29852,210392064
29853,210415616
29854,210439168
29855,210462720
29856,210486272
29857,210509824
29858,210533376
29859,210556928
29860,210580480
29861,210604032
29862,210627584
29863,210651136
29864,210674688
29865,210698240
29866,210721792
29867,210745344
29868,210768896
29869,210792448
29870,210816000
29871,210839552
29872,210863104
29873,210886656
29874,210910208
29875,210933760
29876,210957312
29877,210980864
29878,211004416
29879,211027968
29880,211051520
29881,211075072
29882,211098624
29883,211122176
29884,211145728
29885,211169280
29886,211192832
29887,211216384
29888,211239936
29889,211263488
29890,211287040
29891,211310592
29892,211334144
29893,211357696
29894,211381248
29895,211404800
29896,211428352
29897,211451904
29898,211475456
29899,211499008
29900,211522560
29901,211546112
29902,211569664
29903,211593216
29904,211616768
29905,211640320
29906,211663872
29907,211687424
29908,211710976
29909,211734528
29910,211758080
29911,211781632
29912,211805184
29913,211828736
29914,211852288
29915,211875840
29916,211899392
29917,211922944
29918,211946496
29919,211970048
29920,211993600
29921,212017152
29922,212040704
29923,212064256
29924,212087808
29925,212111360
29926,212134912
29927,212158464
29928,212182016
29929,212205568
29930,212229120
29931,212252672
29932,212276224
29933,212299776
29934,212323328
29935,212346880
29936,212370432
29937,212393984
29938,212417536
29939,212441088
29940,212464640
29941,212488192
29942,212511744
29943,212535296
29944,212558848
29945,212582400
29946,212605952
29947,212629504
29948,212653056
29949,212676608
29950,212700160
29951,212723712
29952,212747264
29953,212770816
29954,212794368
29955,212817920
29956,212841472
29957,212865024
29958,212888576
29959,212912128
29960,212935680
29961,212959232
29962,212982784
29963,213006336
29964,213029888
29965,213053440
29966,213076992
29967,213100544
29968,213124096
29969,213147648
29970,213171200
29971,213194752
29972,213218304
29973,213241856
29974,213265408
29975,213288960
29976,213312512
29977,213336064
29978,213359616
29979,213383168
29980,213406720
29981,213430272
29982,213453824
29983,213477376
29984,213500928
29985,213524480
29986,213548032
29987,213571584
29988,213595136
29989,213618688
29990,213642240
29991,213665792
29992,213689344
29993,213712896
29994,213736448
29995,213760000
29996,213783552
29997,213807104
29998,213830656
29999,213854208
30000,213877760
30001,213901312
30002,213924864
30003,213948416
30004,213971968
30005,213995520
30006,214019072
30007,214042624
30008,214066176
30009,214089728
30010,214113280
30011,214136832
30012,214160384
30013,214183936
30014,214207488
30015,214231040
30016,214254592
30017,214278144
30018,214301696
30019,214325248
30020,214348800
30021,214372352
30022,214395904
30023,214419456
30024,214443008
30025,214466560
30026,214490112
30027,214513664
30028,214537216
30029,214560768
30030,214584320
30031,214607872
30032,214631424
30033,214654976
30034,214678528
30035,214702080
30036,214725632
30037,214749184
30038,214772736
30039,214796288
30040,214819840
30041,214843392
30042,214866944
30043,214890496
30044,214914048
30045,214937600
30046,214961152
30047,214984704
30048,215008256
30049,215031808
30050,215055360
30051,215078912
30052,215102464
30053,215126016
30054,215149568
30055,215173120
30056,215196672
30057,215220224
30058,215243776
30059,215267328
30060,215290880
30061,215314432
30062,215337984
30063,215361536
30064,215385088
30065,215408640
30066,215432192
30067,215455744
30068,215479296
30069,215502848
30070,215526400
30071,215549952
30072,215573504
30073,215597056
30074,215620608
30075,215644160
30076,215667712
30077,215691264
30078,215714816
30079,215738368
30080,215761920
30081,215785472
30082,215809024
30083,215832576
30084,215856128
30085,215879680
30086,215903232
30087,215926784
30088,215950336
30089,215973888
30090,215997440
30091,216020992
30092,216044544
30093,216068096
30094,216091648
30095,216115200
30096,216138752
30097,216162304
30098,216185856
30099,216209408
30100,216232960
30101,216256512
30102,216280064
30103,216303616
30104,216327168
30105,216350720
30106,216374272
30107,216397824
30108,216421376
30109,216444928
30110,216468480
30111,216492032
30112,216515584
30113,216539136
30114,216562688
30115,216586240
30116,216609792
30117,216633344
30118,216656896
30119,216680448
30120,216704000
30121,216727552
30122,216751104
30123,216774656
30124,216798208
30125,216821760
30126,216845312
30127,216868864
30128,216892416
30129,216915968
30130,216939520
30131,216963072
30132,216986624
30133,217010176
30134,217033728
30135,217057280
30136,217080832
30137,217104384
30138,217127936
30139,217151488
30140,217175040
30141,217198592
30142,217222144
30143,217245696
30144,217269248
30145,217292800
30146,217316352
30147,217339904
30148,217363456
30149,217387008
30150,217410560
30151,217434112
30152,217457664
30153,217481216
30154,217504768
30155,217528320
30156,217551872
30157,217575424
30158,217598976
30159,217622528
30160,217646080
30161,217669632
30162,217693184
30163,217716736
30164,217740288
30165,217763840
30166,217787392
30167,217810944
30168,217834496
30169,217858048
30170,217881600
30171,217905152
30172,217928704
30173,217952256
30174,217975808
30175,217999360
30176,218022912
30177,218046464
30178,218070016
30179,218093568
30180,218117120
30181,218140672
30182,218164224
30183,218187776
30184,218211328
30185,218234880
30186,218258432
30187,218281984
30188,218305536
30189,218329088
30190,218352640
30191,218376192
30192,218399744
30193,218423296
30194,218446848
30195,218470400
30196,218493952
30197,218517504
30198,218541056
30199,218564608
30200,218588160
30201,218611712
30202,218635264
30203,218658816
30204,218682368
30205,218705920
30206,218729472
30207,218753024
30208,218776576
30209,218800128
30210,218823680
30211,218847232
30212,218870784
30213,218894336
30214,218917888
30215,218941440
30216,218964992
30217,218988544
30218,219012096
30219,219035648
30220,219059200
30221,219082752
30222,219106304
30223,219129856
30224,219153408
30225,219176960
30226,219200512
30227,219224064
30228,219247616
30229,219271168
30230,219294720
30231,219318272
30232,219341824
30233,219365376
30234,219388928
30235,219412480
30236,219436032
30237,219459584
30238,219483136
30239,219506688
30240,219530240
30241,219553792
30242,219577344
30243,219600896
30244,219624448
30245,219648000
30246,219671552
30247,219695104
30248,219718656
30249,219742208
30250,219765760
30251,219789312
30252,219812864
30253,219836416
30254,219859968
30255,219883520
30256,219907072
30257,219930624
30258,219954176
30259,219977728
30260,220001280
30261,220024832
30262,220048384
30263,220071936
30264,220095488
30265,220119040
30266,220142592
30267,220166144
30268,220189696
30269,220213248
30270,220236800
30271,220260352
30272,220283904
30273,220307456
30274,220331008
30275,220354560
30276,220378112
30277,220401664
30278,220425216
30279,220448768
30280,220472320
30281,220495872
30282,220519424
30283,220542976
30284,220566528
30285,220590080
30286,220613632
30287,220637184
30288,220660736
30289,220684288
30290,220707840
30291,220732416
30292,220756992
30293,220781568
30294,220806144
30295,220830720
30296,220855296
30297,220879872
30298,220904448
30299,220929024
30300,220953600
30301,220978176
30302,221002752
30303,221027328
30304,221051904
30305,221076480
30306,221101056
30307,221125632
30308,221150208
30309,221174784
30310,221199360
30311,221223936
30312,221248512
30313,221273088
30314,221297664
30315,221322240
30316,221346816
30317,221371392
30318,221395968
30319,221420544
30320,221445120
30321,221469696
30322,221494272
30323,221518848
30324,221543424
30325,221568000
30326,221592576
30327,221617152
30328,221641728
30329,221666304
30330,221690880
30331,221715456
30332,221740032
30333,221764608
30334,221789184
30335,221813760
30336,221838336
30337,221862912
30338,221887488
30339,221912064
30340,221936640
30341,221961216
30342,221985792
30343,222010368
30344,222034944
30345,222059520
30346,222084096
30347,222108672
30348,222133248
30349,222157824
30350,222182400
30351,222206976
30352,222231552
30353,222256128
30354,222280704
30355,222305280
30356,222329856
30357,222354432
30358,222379008
30359,222403584
30360,222428160
30361,222452736
30362,222477312
30363,222501888
30364,222526464
30365,222551040
30366,222575616
30367,222600192
30368,222624768
30369,222649344
30370,222673920
30371,222698496
30372,222723072
30373,222747648
30374,222772224
30375,222796800
30376,222821376
30377,222845952
30378,222870528
30379,222895104
30380,222919680
30381,222944256
30382,222968832
30383,222993408
30384,223017984
30385,223042560
30386,223067136
30387,223091712
30388,223116288
30389,223140864
30390,223165440
30391,223190016
30392,223214592
30393,223239168
30394,223263744
30395,223288320
30396,223312896
30397,223337472
30398,223362048
30399,223386624
30400,223411200
30401,223435776
30402,223460352
30403,223484928
30404,223509504
30405,223534080
30406,223558656
30407,223583232
30408,223607808
30409,223632384
30410,223656960
30411,223681536
30412,223706112
30413,223730688
30414,223755264
30415,223779840
30416,223804416
30417,223828992
30418,223853568
30419,223878144
30420,223902720
30421,223927296
30422,223951872
30423,223976448
30424,224001024
30425,224025600
30426,224050176
30427,224074752
30428,224099328
30429,224123904
30430,224148480
30431,224173056
30432,224197632
30433,224222208
30434,224246784
30435,224271360
30436,224295936
30437,224320512
30438,224345088
30439,224369664
30440,224394240
30441,224418816
30442,224443392
30443,224467968
30444,224492544
30445,224517120
30446,224541696
30447,224566272
30448,224590848
30449,224615424
30450,224640000
30451,224664576
30452,224689152
30453,224713728
30454,224738304
30455,224762880
30456,224787456
30457,224812032
30458,224836608
30459,224861184
30460,224885760
30461,224910336
30462,224934912
30463,224959488
30464,224984064
30465,225008640
30466,225033216
30467,225057792
30468,225082368
30469,225106944
30470,225131520
30471,225156096
30472,225180672
30473,225205248
30474,225229824
30475,225254400
30476,225278976
30477,225303552
30478,225328128
30479,225352704
30480,225377280
30481,225401856
30482,225426432
30483,225451008
30484,225475584
30485,225500160
30486,225524736
30487,225549312
30488,225573888
30489,225598464
30490,225623040
30491,225647616
30492,225672192
30493,225696768
30494,225721344
30495,225745920
30496,225770496
30497,225795072
30498,225819648
30499,225844224
30500,225868800
30501,225893376
30502,225917952
30503,225942528
30504,225967104
30505,225991680
30506,226016256
30507,226040832
30508,226065408
30509,226089984
30510,226114560
30511,226139136
30512,226163712
30513,226188288
30514,226212864
30515,226237440
30516,226262016
30517,226286592
30518,226311168
30519,226335744
30520,226360320
30521,226384896
30522,226409472
30523,226434048
30524,226458624
30525,226483200
30526,226507776
30527,226532352
30528,226556928
30529,226581504
30530,226606080
30531,226630656
30532,226655232
30533,226679808
30534,226704384
30535,226728960
30536,226753536
30537,226778112
30538,226802688
30539,226827264
30540,226851840
30541,226876416
30542,226900992
30543,226925568
30544,226950144
30545,226974720
30546,226999296
30547,227023872
30548,227048448
30549,227073024
30550,227097600
30551,227122176
30552,227146752
30553,227171328
30554,227195904
30555,227220480
30556,227245056
30557,227269632
30558,227294208
30559,227318784
30560,227343360
30561,227367936
30562,227392512
30563,227417088
30564,227441664
30565,227466240
30566,227490816
30567,227515392
30568,227539968
30569,227564544
30570,227589120
30571,227613696
30572,227638272
30573,227662848
30574,227687424
30575,227712000
30576,227736576
30577,227761152
30578,227785728
30579,227810304
30580,227834880
30581,227859456
30582,227884032
30583,227908608
30584,227933184
30585,227957760
30586,227982336
30587,228006912
30588,228031488
30589,228056064
30590,228080640
30591,228105216
30592,228129792
30593,228154368
30594,228178944
30595,228203520
30596,228228096
30597,228252672
30598,228277248
30599,228301824
30600,228326400
30601,228350976
30602,228375552
30603,228400128
30604,228424704
30605,228449280
30606,228473856
30607,228498432
30608,228523008
30609,228547584
30610,228572160
30611,228596736
30612,228621312
30613,228645888
30614,228670464
30615,228695040
30616,228719616
30617,228744192
30618,228768768
30619,228793344
30620,228817920
30621,228842496
30622,228867072
30623,228891648
30624,228916224
30625,228940800
30626,228965376
30627,228989952
30628,229014528
30629,229039104
30630,229063680
30631,229088256
30632,229112832
30633,229137408
30634,229161984
30635,229186560
30636,229211136
30637,229235712
30638,229260288
30639,229284864
30640,229309440
30641,229334016
30642,229358592
30643,229383168
30644,229407744
30645,229432320
30646,229456896
30647,229481472
30648,229506048
30649,229530624
30650,229555200
30651,229579776
30652,229604352
30653,229628928
30654,229653504
30655,229678080
30656,229702656
30657,229727232
30658,229751808
30659,229776384
30660,229800960
30661,229825536
30662,229850112
30663,229874688
30664,229899264
30665,229923840
30666,229948416
30667,229972992
30668,229997568
30669,230022144
30670,230046720
30671,230071296
30672,230095872
30673,230120448
30674,230145024
30675,230169600
30676,230194176
30677,230218752
30678,230243328
30679,230267904
30680,230292480
30681,230317056
30682,230341632
30683,230366208
30684,230390784
30685,230415360
30686,230439936
30687,230464512
30688,230489088
30689,230513664
30690,230538240
30691,230562816
30692,230587392
30693,230611968
30694,230636544
30695,230661120
30696,230685696
30697,230710272
30698,230734848
30699,230759424
30700,230784000
30701,230808576
30702,230833152
30703,230857728
30704,230882304
30705,230906880
30706,230931456
30707,230956032
30708,230980608
30709,231005184
30710,231029760
30711,231054336
30712,231078912
30713,231103488
30714,231128064
30715,231152640
30716,231177216
30717,231201792
30718,231226368
30719,231250944
30720,231275520
30721,231300096
30722,231324672
30723,231349248
30724,231373824
30725,231398400
30726,231422976
30727,231447552
30728,231472128
30729,231496704
30730,231521280
30731,231545856
30732,231570432
30733,231595008
30734,231619584
30735,231644160
30736,231669760
30737,231695360
30738,231720960
30739,231746560
30740,231772160
30741,231797760
30742,231823360
30743,231848960
30744,231874560
30745,231900160
30746,231925760
30747,231951360
30748,231976960
30749,232002560
30750,232028160
30751,232053760
30752,232079360
30753,232104960
30754,232130560
30755,232156160
30756,232181760
30757,232207360
30758,232232960
30759,232258560
30760,232284160
30761,232309760
30762,232335360
30763,232360960
30764,232386560
30765,232412160
30766,232437760
30767,232463360
30768,232488960
30769,232514560
30770,232540160
30771,232565760
30772,232591360
30773,232616960
30774,232642560
30775,232668160
30776,232693760
30777,232719360
30778,232744960
30779,232770560
30780,232796160
30781,232821760
30782,232847360
30783,232872960
30784,232898560
30785,232924160
30786,232949760
30787,232975360
30788,233000960
30789,233026560
30790,233052160
30791,233077760
30792,233103360
30793,233128960
30794,233154560
30795,233180160
30796,233205760
30797,233231360
30798,233256960
30799,233282560
30800,233308160
30801,233333760
30802,233359360
30803,233384960
30804,233410560
30805,233436160
30806,233461760
30807,233487360
30808,233512960
30809,233538560
30810,233564160
30811,233589760
30812,233615360
30813,233640960
30814,233666560
30815,233692160
30816,233717760
30817,233743360
30818,233768960
30819,233794560
30820,233820160
30821,233845760
30822,233871360
30823,233896960
30824,233922560
30825,233948160
30826,233973760
30827,233999360
30828,234024960
30829,234050560
30830,234076160
30831,234101760
30832,234127360
30833,234152960
30834,234178560
30835,234204160
30836,234229760
30837,234255360
30838,234280960
30839,234306560
30840,234332160
30841,234357760
30842,234383360
30843,234408960
30844,234434560
30845,234460160
30846,234485760
30847,234511360
30848,234536960
30849,234562560
30850,234588160
30851,234613760
30852,234639360
30853,234664960
30854,234690560
30855,234716160
30856,234741760
30857,234767360
30858,234792960
30859,234818560
30860,234844160
30861,234869760
30862,234895360
30863,234920960
30864,234946560
30865,234972160
30866,234997760
30867,235023360
30868,235048960
30869,235074560
30870,235100160
30871,235125760
30872,235151360
30873,235176960
30874,235202560
30875,235228160
30876,235253760
30877,235279360
30878,235304960
30879,235330560
30880,235356160
30881,235381760
30882,235407360
30883,235432960
30884,235458560
30885,235484160
30886,235509760
30887,235535360
30888,235560960
30889,235586560
30890,235612160
30891,235637760
30892,235663360
30893,235688960
30894,235714560
30895,235740160
30896,235765760
30897,235791360
30898,235816960
30899,235842560
30900,235868160
30901,235893760
30902,235919360
30903,235944960
30904,235970560
30905,235996160
30906,236021760
30907,236047360
30908,236072960
30909,236098560
30910,236124160
30911,236149760
30912,236175360
30913,236200960
30914,236226560
30915,236252160
30916,236277760
30917,236303360
30918,236328960
30919,236354560
30920,236380160
30921,236405760
30922,236431360
30923,236456960
30924,236482560
30925,236508160
30926,236533760
30927,236559360
30928,236584960
30929,236610560
30930,236636160
30931,236661760
30932,236687360
30933,236712960
30934,236738560
30935,236764160
30936,236789760
30937,236815360
30938,236840960
30939,236866560
30940,236892160
30941,236917760
30942,236943360
30943,236968960
30944,236994560
30945,237020160
30946,237045760
30947,237071360
30948,237096960
30949,237122560
30950,237148160
30951,237173760
30952,237199360
30953,237224960
30954,237250560
30955,237276160
30956,237301760
30957,237327360
30958,237352960
30959,237378560
30960,237404160
30961,237429760
30962,237455360
30963,237480960
30964,237506560
30965,237532160
30966,237557760
30967,237583360
30968,237608960
30969,237634560
30970,237660160
30971,237685760
30972,237711360
30973,237736960
30974,237762560
30975,237788160
30976,237813760
30977,237839360
30978,237864960
30979,237890560
30980,237916160
30981,237941760
30982,237967360
30983,237992960
30984,238018560
30985,238044160
30986,238069760
30987,238095360
30988,238120960
30989,238146560
30990,238172160
30991,238197760
30992,238223360
30993,238248960
30994,238274560
30995,238300160
30996,238325760
30997,238351360
30998,238376960
30999,238402560
31000,238428160
31001,238453760
31002,238479360
31003,238504960
31004,238530560
31005,238556160
31006,238581760
31007,238607360
31008,238632960
31009,238658560
31010,238684160
31011,238709760
31012,238735360
31013,238760960
31014,238786560
31015,238812160
31016,238837760
31017,238863360
31018,238888960
31019,238914560
31020,238940160
31021,238965760
31022,238991360
31023,239016960
31024,239042560
31025,239068160
31026,239093760
31027,239119360
31028,239144960
31029,239170560
31030,239196160
31031,239221760
31032,239247360
31033,239272960
31034,239298560
31035,239324160
31036,239349760
31037,239375360
31038,239400960
31039,239426560
31040,239452160
31041,239477760
31042,239503360
31043,239528960
31044,239554560
31045,239580160
31046,239605760
31047,239631360
31048,239656960
31049,239682560
31050,239708160
31051,239733760
31052,239759360
31053,239784960
31054,239810560
31055,239836160
31056,239861760
31057,239887360
31058,239912960
31059,239938560
31060,239964160
31061,239989760
31062,240015360
31063,240040960
31064,240066560
31065,240092160
31066,240117760
31067,240143360
31068,240168960
31069,240194560
31070,240220160
31071,240245760
31072,240271360
31073,240296960
31074,240322560
31075,240348160
31076,240373760
31077,240399360
31078,240424960
31079,240450560
31080,240476160
31081,240501760
31082,240527360
31083,240552960
31084,240578560
31085,240604160
31086,240629760
31087,240655360
31088,240680960
31089,240706560
31090,240732160
31091,240757760
31092,240783360
31093,240808960
31094,240834560
31095,240860160
31096,240885760
31097,240911360
31098,240936960
31099,240962560
31100,240988160
31101,241013760
31102,241039360
31103,241064960
31104,241090560
31105,241116160
31106,241141760
31107,241167360
31108,241192960
31109,241218560
31110,241244160
31111,241269760
31112,241295360
31113,241320960
31114,241346560
31115,241372160
31116,241397760
31117,241423360
31118,241448960
31119,241474560
31120,241500160
31121,241525760
31122,241551360
31123,241576960
31124,241602560
31125,241628160
31126,241653760
31127,241679360
31128,241704960
31129,241730560
31130,241756160
31131,241781760
31132,241807360
31133,241832960
31134,241858560
31135,241884160
31136,241909760
31137,241935360
31138,241960960
31139,241986560
31140,242012160
31141,242037760
31142,242063360
31143,242088960
31144,242114560
31145,242140160
31146,242165760
31147,242191360
31148,242216960
31149,242242560
31150,242268160
31151,242293760
31152,242319360
31153,242344960
31154,242370560
31155,242396160
31156,242421760
31157,242447360
31158,242472960
31159,242498560
31160,242524160
31161,242549760
31162,242575360
31163,242600960
31164,242626560
31165,242652160
31166,242677760
31167,242703360
31168,242728960
31169,242754560
31170,242780160
31171,242805760
31172,242831360
31173,242856960
31174,242882560
31175,242908160
31176,242933760
31177,242959360
31178,242984960
31179,243010560
31180,243036160
31181,243061760
31182,243087360
31183,243113984
31184,243140608
31185,243167232
31186,243193856
31187,243220480
31188,243247104
31189,243273728
31190,243300352
31191,243326976
31192,243353600
31193,243380224
31194,243406848
31195,243433472
31196,243460096
31197,243486720
31198,243513344
31199,243539968
31200,243566592
31201,243593216
31202,243619840
31203,243646464
31204,243673088
31205,243699712
31206,243726336
31207,243752960
31208,243779584
31209,243806208
31210,243832832
31211,243859456
31212,243886080
31213,243912704
31214,243939328
31215,243965952
31216,243992576
31217,244019200
31218,244045824
31219,244072448
31220,244099072
31221,244125696
31222,244152320
31223,244178944
31224,244205568
31225,244232192
31226,244258816
31227,244285440
31228,244312064
31229,244338688
31230,244365312
31231,244391936
31232,244418560
31233,244445184
31234,244471808
31235,244498432
31236,244525056
31237,244551680
31238,244578304
31239,244604928
31240,244631552
31241,244658176
31242,244684800
31243,244711424
31244,244738048
31245,244764672
31246,244791296
31247,244817920
31248,244844544
31249,244871168
31250,244897792
31251,244924416
31252,244951040
31253,244977664
31254,245004288
31255,245030912
31256,245057536
31257,245084160
31258,245110784
31259,245137408
31260,245164032
31261,245190656
31262,245217280
31263,245243904
31264,245270528
31265,245297152
31266,245323776
31267,245350400
31268,245377024
31269,245403648
31270,245430272
31271,245456896
31272,245483520
31273,245510144
31274,245536768
31275,245563392
31276,245590016
31277,245616640
31278,245643264
31279,245669888
31280,245696512
31281,245723136
31282,245749760
31283,245776384
31284,245803008
31285,245829632
31286,245856256
31287,245882880
31288,245909504
31289,245936128
31290,245962752
31291,245989376
31292,246016000
31293,246042624
31294,246069248
31295,246095872
31296,246122496
31297,246149120
31298,246175744
31299,246202368
31300,246228992
31301,246255616
31302,246282240
31303,246308864
31304,246335488
31305,246362112
31306,246388736
31307,246415360
31308,246441984
31309,246468608
31310,246495232
31311,246521856
31312,246548480
31313,246575104
31314,246601728
31315,246628352
31316,246654976
31317,246681600
31318,246708224
31319,246734848
31320,246761472
31321,246788096
31322,246814720
31323,246841344
31324,246867968
31325,246894592
31326,246921216
31327,246947840
31328,246974464
31329,247001088
31330,247027712
31331,247054336
31332,247080960
31333,247107584
31334,247134208
31335,247160832
31336,247187456
31337,247214080
31338,247240704
31339,247267328
31340,247293952
31341,247320576
31342,247347200
31343,247373824
31344,247400448
31345,247427072
31346,247453696
31347,247480320
31348,247506944
31349,247533568
31350,247560192
31351,247586816
31352,247613440
31353,247640064
31354,247666688
31355,247693312
31356,247719936
31357,247746560
31358,247773184
31359,247799808
31360,247826432
31361,247853056
31362,247879680
31363,247906304
31364,247932928
31365,247959552
31366,247986176
31367,248012800
31368,248039424
31369,248066048
31370,248092672
31371,248119296
31372,248145920
31373,248172544
31374,248199168
31375,248225792
31376,248252416
31377,248279040
31378,248305664
31379,248332288
31380,248358912
31381,248385536
31382,248412160
31383,248438784
31384,248465408
31385,248492032
31386,248518656
31387,248545280
31388,248571904
31389,248598528
31390,248625152
31391,248651776
31392,248678400
31393,248705024
31394,248731648
31395,248758272
31396,248784896
31397,248811520
31398,248838144
31399,248864768
31400,248891392
31401,248918016
31402,248944640
31403,248971264
31404,248997888
31405,249024512
31406,249051136
31407,249077760
31408,249104384
31409,249131008
31410,249157632
31411,249184256
31412,249210880
31413,249237504
31414,249264128
31415,249290752
31416,249317376
31417,249344000
31418,249370624
31419,249397248
31420,249423872
31421,249450496
31422,249477120
31423,249503744
31424,249530368
31425,249556992
31426,249583616
31427,249610240
31428,249636864
31429,249663488
31430,249690112
31431,249716736
31432,249743360
31433,249769984
31434,249796608
31435,249823232
31436,249849856
31437,249876480
31438,249903104
31439,249929728
31440,249956352
31441,249982976
31442,250009600
31443,250036224
31444,250062848
31445,250089472
31446,250116096
31447,250142720
31448,250169344
31449,250195968
31450,250222592
31451,250249216
31452,250275840
31453,250302464
31454,250329088
31455,250355712
31456,250382336
31457,250408960
31458,250435584
31459,250462208
31460,250488832
31461,250515456
31462,250542080
31463,250568704
31464,250595328
31465,250621952
31466,250648576
31467,250675200
31468,250701824
31469,250728448
31470,250755072
31471,250781696
31472,250808320
31473,250834944
31474,250861568
31475,250888192
31476,250914816
31477,250941440
31478,250968064
31479,250994688
31480,251021312
31481,251047936
31482,251074560
31483,251101184
31484,251127808
31485,251154432
31486,251181056
31487,251207680
31488,251234304
31489,251260928
31490,251287552
31491,251314176
31492,251340800
31493,251367424
31494,251394048
31495,251420672
31496,251447296
31497,251473920
31498,251500544
31499,251527168
31500,251553792
31501,251580416
31502,251607040
31503,251633664
31504,251660288
31505,251686912
31506,251713536
31507,251740160
31508,251766784
31509,251793408
31510,251820032
31511,251846656
31512,251873280
31513,251899904
31514,251926528
31515,251953152
31516,251979776
31517,252006400
31518,252033024
31519,252059648
31520,252086272
31521,252112896
31522,252139520
31523,252166144
31524,252192768
31525,252219392
31526,252246016
31527,252272640
31528,252299264
31529,252325888
31530,252352512
31531,252379136
31532,252405760
31533,252432384
31534,252459008
31535,252485632
31536,252512256
31537,252538880
31538,252565504
31539,252592128
31540,252618752
31541,252645376
31542,252672000
31543,252698624
31544,252725248
31545,252751872
31546,252778496
31547,252805120
31548,252831744
31549,252858368
31550,252884992
31551,252911616
31552,252938240
31553,252964864
31554,252991488
31555,253018112
31556,253044736
31557,253071360
31558,253097984
31559,253124608
31560,253151232
31561,253177856
31562,253204480
31563,253231104
31564,253257728
31565,253284352
31566,253310976
31567,253337600
31568,253364224
31569,253390848
31570,253417472
31571,253444096
31572,253470720
31573,253497344
31574,253523968
31575,253550592
31576,253577216
31577,253603840
31578,253630464
31579,253657088
31580,253683712
31581,253710336
31582,253736960
31583,253763584
31584,253790208
31585,253817856
31586,253845504
31587,253873152
31588,253900800
31589,253928448
31590,253956096
31591,253983744
31592,254011392
31593,254039040
31594,254066688
31595,254094336
31596,254121984
31597,254149632
31598,254177280
31599,254204928
31600,254232576
31601,254260224
31602,254287872
31603,254315520
31604,254343168
31605,254370816
31606,254398464
31607,254426112
31608,254453760
31609,254481408
31610,254509056
31611,254536704
31612,254564352
31613,254592000
31614,254619648
31615,254647296
31616,254674944
31617,254702592
31618,254730240
31619,254757888
31620,254785536
31621,254813184
31622,254840832
31623,254868480
31624,254896128
31625,254923776
31626,254951424
31627,254979072
31628,255006720
31629,255034368
31630,255062016
31631,255089664
31632,255117312
31633,255144960
31634,255172608
31635,255200256
31636,255227904
31637,255255552
31638,255283200
31639,255310848
31640,255338496
31641,255366144
31642,255393792
31643,255421440
31644,255449088
31645,255476736
31646,255504384
31647,255532032
31648,255559680
31649,255587328
31650,255614976
31651,255642624
31652,255670272
31653,255697920
31654,255725568
31655,255753216
31656,255780864
31657,255808512
31658,255836160
31659,255863808
31660,255891456
31661,255919104
31662,255946752
31663,255974400
31664,256002048
31665,256029696
31666,256057344
31667,256084992
31668,256112640
31669,256140288
31670,256167936
31671,256195584
31672,256223232
31673,256250880
31674,256278528
31675,256306176
31676,256333824
31677,256361472
31678,256389120
31679,256416768
31680,256444416
31681,256472064
31682,256499712
31683,256527360
31684,256555008
31685,256582656
31686,256610304
31687,256637952
31688,256665600
31689,256693248
31690,256720896
31691,256748544
31692,256776192
31693,256803840
31694,256831488
31695,256859136
31696,256886784
31697,256914432
31698,256942080
31699,256969728
31700,256997376
31701,257025024
31702,257052672
31703,257080320
31704,257107968
31705,257135616
31706,257163264
31707,257190912
31708,257218560
31709,257246208
31710,257273856
31711,257301504
31712,257329152
31713,257356800
31714,257384448
31715,257412096
31716,257439744
31717,257467392
31718,257495040
31719,257522688
31720,257550336
31721,257577984
31722,257605632
31723,257633280
31724,257660928
31725,257688576
31726,257716224
31727,257743872
31728,257771520
31729,257799168
31730,257826816
31731,257854464
31732,257882112
31733,257909760
31734,257937408
31735,257965056
31736,257992704
31737,258020352
31738,258048000
31739,258075648
31740,258103296
31741,258130944
31742,258158592
31743,258186240
31744,258213888
31745,258241536
31746,258269184
31747,258296832
31748,258324480
31749,258352128
31750,258379776
31751,258407424
31752,258435072
31753,258462720
31754,258490368
31755,258518016
31756,258545664
31757,258573312
31758,258600960
31759,258628608
31760,258656256
31761,258683904
31762,258711552
31763,258739200
31764,258766848
31765,258794496
31766,258822144
31767,258849792
31768,258877440
31769,258905088
31770,258932736
31771,258960384
31772,258988032
31773,259015680
31774,259043328
31775,259070976
31776,259098624
31777,259126272
31778,259153920
31779,259181568
31780,259209216
31781,259236864
31782,259264512
31783,259292160
31784,259319808
31785,259347456
31786,259375104
31787,259402752
31788,259430400
31789,259458048
31790,259485696
31791,259513344
31792,259540992
31793,259568640
31794,259596288
31795,259623936
31796,259651584
31797,259679232
31798,259706880
31799,259734528
31800,259762176
31801,259789824
31802,259817472
31803,259845120
31804,259872768
31805,259900416
31806,259928064
31807,259955712
31808,259983360
31809,260011008
31810,260038656
31811,260066304
31812,260093952
31813,260121600
31814,260149248
31815,260176896
31816,260204544
31817,260232192
31818,260259840
31819,260287488
31820,260315136
31821,260342784
31822,260370432
31823,260398080
31824,260425728
31825,260453376
31826,260481024
31827,260508672
31828,260536320
31829,260563968
31830,260591616
31831,260619264
31832,260646912
31833,260674560
31834,260702208
31835,260729856
31836,260757504
31837,260785152
31838,260812800
31839,260840448
31840,260868096
31841,260895744
31842,260923392
31843,260951040
31844,260978688
31845,261006336
31846,261033984
31847,261061632
31848,261089280
31849,261116928
31850,261144576
31851,261172224
31852,261199872
31853,261227520
31854,261255168
31855,261282816
31856,261310464
31857,261338112
31858,261365760
31859,261393408
31860,261421056
31861,261448704
31862,261476352
31863,261504000
31864,261531648
31865,261559296
31866,261586944
31867,261614592
31868,261642240
31869,261669888
31870,261697536
31871,261725184
31872,261752832
31873,261780480
31874,261808128
31875,261835776
31876,261863424
31877,261891072
31878,261918720
31879,261946368
31880,261974016
31881,262001664
31882,262029312
31883,262056960
31884,262084608
31885,262112256
31886,262139904
31887,262167552
31888,262195200
31889,262222848
31890,262250496
31891,262278144
31892,262305792
31893,262333440
31894,262361088
31895,262388736
31896,262416384
31897,262444032
31898,262471680
31899,262499328
31900,262526976
31901,262554624
31902,262582272
31903,262609920
31904,262637568
31905,262665216
31906,262692864
31907,262720512
31908,262748160
31909,262775808
31910,262803456
31911,262831104
31912,262858752
31913,262886400
31914,262914048
31915,262941696
31916,262969344
31917,262996992
31918,263024640
31919,263052288
31920,263079936
31921,263107584
31922,263135232
31923,263162880
31924,263190528
31925,263218176
31926,263245824
31927,263273472
31928,263301120
31929,263328768
31930,263356416
31931,263384064
31932,263411712
31933,263439360
31934,263467008
31935,263494656
31936,263522304
31937,263549952
31938,263577600
31939,263605248
31940,263632896
31941,263660544
31942,263688192
31943,263715840
31944,263743488
31945,263771136
31946,263798784
31947,263826432
31948,263854080
31949,263881728
31950,263909376
31951,263937024
31952,263964672
31953,263992320
31954,264019968
31955,264047616
31956,264075264
31957,264102912
31958,264130560
31959,264158208
31960,264185856
31961,264213504
31962,264241152
31963,264268800
31964,264296448
31965,264324096
31966,264351744
31967,264379392
31968,264407040
31969,264434688
31970,264462336
31971,264489984
31972,264517632
31973,264545280
31974,264572928
31975,264600576
31976,264628224
31977,264655872
31978,264683520
31979,264711168
31980,264739840
31981,264768512
31982,264797184
31983,264825856
31984,264854528
31985,264883200
31986,264911872
31987,264940544
31988,264969216
31989,264997888
31990,265026560
31991,265055232
31992,265083904
31993,265112576
31994,265141248
31995,265169920
31996,265198592
31997,265227264
31998,265255936
31999,265284608
32000,265313280
32001,265341952
32002,265370624
32003,265399296
32004,265427968
32005,265456640
32006,265485312
32007,265513984
32008,265542656
32009,265571328
32010,265600000
32011,265628672
32012,265657344
32013,265686016
32014,265714688
32015,265743360
32016,265772032
32017,265800704
32018,265829376
32019,265858048
32020,265886720
32021,265915392
32022,265944064
32023,265972736
32024,266001408
32025,266030080
32026,266058752
32027,266087424
32028,266116096
32029,266144768
32030,266173440
32031,266202112
32032,266230784
32033,266259456
32034,266288128
32035,266316800
32036,266345472
32037,266374144
32038,266402816
32039,266431488
32040,266460160
32041,266488832
32042,266517504
32043,266546176
32044,266574848
32045,266603520
32046,266632192
32047,266660864
32048,266689536
32049,266718208
32050,266746880
32051,266775552
32052,266804224
32053,266832896
32054,266861568
32055,266890240
32056,266918912
32057,266947584
32058,266976256
32059,267004928
32060,267033600
32061,267062272
32062,267090944
32063,267119616
32064,267148288
32065,267176960
32066,267205632
32067,267234304
32068,267262976
32069,267291648
32070,267320320
32071,267348992
32072,267377664
32073,267406336
32074,267435008
32075,267463680
32076,267492352
32077,267521024
32078,267549696
32079,267578368
32080,267607040
32081,267635712
32082,267664384
32083,267693056
32084,267721728
32085,267750400
32086,267779072
32087,267807744
32088,267836416
32089,267865088
32090,267893760
32091,267922432
32092,267951104
32093,267979776
32094,268008448
32095,268037120
32096,268065792
32097,268094464
32098,268123136
32099,268151808
32100,268180480
32101,268209152
32102,268237824
32103,268266496
32104,268295168
32105,268323840
32106,268352512
32107,268381184
32108,268409856
32109,268438528
32110,268467200
32111,268495872
32112,268524544
32113,268553216
32114,268581888
32115,268610560
32116,268639232
32117,268667904
32118,268696576
32119,268725248
32120,268753920
32121,268782592
32122,268811264
32123,268839936
32124,268868608
32125,268897280
32126,268925952
32127,268954624
32128,268983296
32129,269011968
32130,269040640
32131,269069312
32132,269097984
32133,269126656
32134,269155328
32135,269184000
32136,269212672
32137,269241344
32138,269270016
32139,269298688
32140,269327360
32141,269356032
32142,269384704
32143,269413376
32144,269442048
32145,269470720
32146,269499392
32147,269528064
32148,269556736
32149,269585408
32150,269614080
32151,269642752
32152,269671424
32153,269700096
32154,269728768
32155,269757440
32156,269786112
32157,269814784
32158,269843456
32159,269872128
32160,269900800
32161,269929472
32162,269958144
32163,269986816
32164,270015488
32165,270044160
32166,270072832
32167,270101504
32168,270130176
32169,270158848
32170,270187520
32171,270216192
32172,270244864
32173,270273536
32174,270302208
32175,270330880
32176,270359552
32177,270388224
32178,270416896
32179,270445568
32180,270474240
32181,270502912
32182,270531584
32183,270560256
32184,270588928
32185,270617600
32186,270646272
32187,270674944
32188,270703616
32189,270732288
32190,270760960
32191,270789632
32192,270818304
32193,270846976
32194,270875648
32195,270904320
32196,270932992
32197,270961664
32198,270990336
32199,271019008
32200,271047680
32201,271076352
32202,271105024
32203,271133696
32204,271162368
32205,271191040
32206,271219712
32207,271248384
32208,271277056
32209,271305728
32210,271334400
32211,271363072
32212,271391744
32213,271420416
32214,271449088
32215,271477760
32216,271506432
32217,271535104
32218,271563776
32219,271592448
32220,271621120
32221,271649792
32222,271678464
32223,271707136
32224,271735808
32225,271764480
32226,271793152
32227,271821824
32228,271850496
32229,271879168
32230,271907840
32231,271936512
32232,271965184
32233,271993856
32234,272022528
32235,272051200
32236,272079872
32237,272108544
32238,272137216
32239,272165888
32240,272194560
32241,272223232
32242,272251904
32243,272280576
32244,272309248
32245,272337920
32246,272366592
32247,272395264
32248,272423936
32249,272452608
32250,272481280
32251,272509952
32252,272538624
32253,272567296
32254,272595968
32255,272624640
32256,272653312
32257,272681984
32258,272710656
32259,272739328
32260,272768000
32261,272796672
32262,272825344
32263,272854016
32264,272882688
32265,272911360
32266,272940032
32267,272968704
32268,272997376
32269,273026048
32270,273054720
32271,273083392
32272,273112064
32273,273140736
32274,273169408
32275,273198080
32276,273226752
32277,273255424
32278,273284096
32279,273312768
32280,273341440
32281,273370112
32282,273398784
32283,273427456
32284,273456128
32285,273484800
32286,273513472
32287,273542144
32288,273570816
32289,273599488
32290,273628160
32291,273656832
32292,273685504
32293,273714176
32294,273742848
32295,273771520
32296,273800192
32297,273828864
32298,273857536
32299,273886208
32300,273914880
32301,273943552
32302,273972224
32303,274000896
32304,274029568
32305,274058240
32306,274086912
32307,274115584
32308,274144256
32309,274172928
32310,274201600
32311,274230272
32312,274258944
32313,274287616
32314,274316288
32315,274344960
32316,274373632
32317,274402304
32318,274430976
32319,274459648
32320,274488320
32321,274516992
32322,274545664
32323,274574336
32324,274603008
32325,274631680
32326,274660352
32327,274689024
32328,274717696
32329,274747392
32330,274777088
32331,274806784
32332,274836480
32333,274866176
32334,274895872
32335,274925568
32336,274955264
32337,274984960
32338,275014656
32339,275044352
32340,275074048
32341,275103744
32342,275133440
32343,275163136
32344,275192832
32345,275222528
32346,275252224
32347,275281920
32348,275311616
32349,275341312
32350,275371008
32351,275400704
32352,275430400
32353,275460096
32354,275489792
32355,275519488
32356,275549184
32357,275578880
32358,275608576
32359,275638272
32360,275667968
32361,275697664
32362,275727360
32363,275757056
32364,275786752
32365,275816448
32366,275846144
32367,275875840
32368,275905536
32369,275935232
32370,275964928
32371,275994624
32372,276024320
32373,276054016
32374,276083712
32375,276113408
32376,276143104
32377,276172800
32378,276202496
32379,276232192
32380,276261888
32381,276291584
32382,276321280
32383,276350976
32384,276380672
32385,276410368
32386,276440064
32387,276469760
32388,276499456
32389,276529152
32390,276558848
32391,276588544
32392,276618240
32393,276647936
32394,276677632
32395,276707328
32396,276737024
32397,276766720
32398,276796416
32399,276826112
32400,276855808
32401,276885504
32402,276915200
32403,276944896
32404,276974592
32405,277004288
32406,277033984
32407,277063680
32408,277093376
32409,277123072
32410,277152768
32411,277182464
32412,277212160
32413,277241856
32414,277271552
32415,277301248
32416,277330944
32417,277360640
32418,277390336
32419,277420032
32420,277449728
32421,277479424
32422,277509120
32423,277538816
32424,277568512
32425,277598208
32426,277627904
32427,277657600
32428,277687296
32429,277716992
32430,277746688
32431,277776384
32432,277806080
32433,277835776
32434,277865472
32435,277895168
32436,277924864
32437,277954560
32438,277984256
32439,278013952
32440,278043648
32441,278073344
32442,278103040
32443,278132736
32444,278162432
32445,278192128
32446,278221824
32447,278251520
32448,278281216
32449,278310912
32450,278340608
32451,278370304
32452,278400000
32453,278429696
32454,278459392
32455,278489088
32456,278518784
32457,278548480
32458,278578176
32459,278607872
32460,278637568
32461,278667264
32462,278696960
32463,278726656
32464,278756352
32465,278786048
32466,278815744
32467,278845440
32468,278875136
32469,278904832
32470,278934528
32471,278964224
32472,278993920
32473,279023616
32474,279053312
32475,279083008
32476,279112704
32477,279142400
32478,279172096
32479,279201792
32480,279231488
32481,279261184
32482,279290880
32483,279320576
32484,279350272
32485,279379968
32486,279409664
32487,279439360
32488,279469056
32489,279498752
32490,279528448
32491,279558144
32492,279587840
32493,279617536
32494,279647232
32495,279676928
32496,279706624
32497,279736320
32498,279766016
32499,279795712
32500,279825408
32501,279855104
32502,279884800
32503,279914496
32504,279944192
32505,279973888
32506,280003584
32507,280033280
32508,280062976
32509,280092672
32510,280122368
32511,280152064
32512,280181760
32513,280211456
32514,280241152
32515,280270848
32516,280300544
32517,280330240
32518,280359936
32519,280389632
32520,280419328
32521,280449024
32522,280478720
32523,280508416
32524,280538112
32525,280567808
32526,280597504
32527,280627200
32528,280656896
32529,280686592
32530,280716288
32531,280745984
32532,280775680
32533,280805376
32534,280835072
32535,280864768
32536,280894464
32537,280924160
32538,280953856
32539,280983552
32540,281013248
32541,281042944
32542,281072640
32543,281102336
32544,281132032
32545,281161728
32546,281191424
32547,281221120
32548,281250816
32549,281280512
32550,281310208
32551,281339904
32552,281369600
32553,281399296
32554,281428992
32555,281458688
32556,281488384
32557,281518080
32558,281547776
32559,281577472
32560,281607168
32561,281636864
32562,281666560
32563,281696256
32564,281725952
32565,281755648
32566,281785344
32567,281815040
32568,281844736
32569,281874432
32570,281904128
32571,281933824
32572,281963520
32573,281993216
32574,282022912
32575,282052608
32576,282082304
32577,282112000
32578,282141696
32579,282171392
32580,282201088
32581,282230784
32582,282260480
32583,282290176
32584,282319872
32585,282349568
32586,282379264
32587,282408960
32588,282438656
32589,282468352
32590,282498048
32591,282527744
32592,282557440
32593,282587136
32594,282616832
32595,282646528
32596,282676224
32597,282705920
32598,282735616
32599,282765312
32600,282795008
32601,282824704
32602,282854400
32603,282884096
32604,282913792
32605,282943488
32606,282973184
32607,283002880
32608,283032576
32609,283062272
32610,283091968
32611,283121664
32612,283151360
32613,283181056
32614,283210752
32615,283240448
32616,283270144
32617,283299840
32618,283329536
32619,283359232
32620,283388928
32621,283418624
32622,283448320
32623,283478016
32624,283507712
32625,283537408
32626,283567104
32627,283596800
32628,283626496
32629,283656192
32630,283685888
32631,283715584
32632,283745280
32633,283774976
32634,283804672
32635,283834368
32636,283864064
32637,283893760
32638,283923456
32639,283953152
32640,283982848
32641,284012544
32642,284042240
32643,284071936
32644,284101632
32645,284131328
32646,284161024
32647,284190720
32648,284220416
32649,284250112
32650,284279808
32651,284309504
32652,284339200
32653,284368896
32654,284398592
32655,284428288
32656,284457984
32657,284487680
32658,284517376
32659,284547072
32660,284576768
32661,284606464
32662,284636160
32663,284665856
32664,284695552
32665,284725248
32666,284754944
32667,284784640
32668,284814336
32669,284844032
32670,284873728
32671,284903424
32672,284933120
32673,284962816
32674,284992512
32675,285022208
32676,285051904
32677,285081600
32678,285111296
32679,285140992
32680,285170688
32681,285200384
32682,285230080
32683,285259776
32684,285289472
32685,285319168
32686,285348864
32687,285378560
32688,285408256
32689,285437952
32690,285467648
32691,285498368
32692,285529088
32693,285559808
32694,285590528
32695,285621248
32696,285651968
32697,285682688
32698,285713408
32699,285744128
32700,285774848
32701,285805568
32702,285836288
32703,285867008
32704,285897728
32705,285928448
32706,285959168
32707,285989888
32708,286020608
32709,286051328
32710,286082048
32711,286112768
32712,286143488
32713,286174208
32714,286204928
32715,286235648
32716,286266368
32717,286297088
32718,286327808
32719,286358528
32720,286389248
32721,286419968
32722,286450688
32723,286481408
32724,286512128
32725,286542848
32726,286573568
32727,286604288
32728,286635008
32729,286665728
32730,286696448
32731,286727168
32732,286757888
32733,286788608
32734,286819328
32735,286850048
32736,286880768
32737,286911488
32738,286942208
32739,286972928
32740,287003648
32741,287034368
32742,287065088
32743,287095808
32744,287126528
32745,287157248
32746,287187968
32747,287218688
32748,287249408
32749,287280128
32750,287310848
32751,287341568
32752,287372288
32753,287403008
32754,287433728
32755,287464448
32756,287495168
32757,287525888
32758,287556608
32759,287587328
32760,287618048
32761,287648768
32762,287679488
32763,287710208
32764,287740928
32765,287771648
32766,287802368
32767,287833088
32768,287863808
32769,287894528
32770,287925248
32771,287955968
32772,287986688
32773,288017408
32774,288048128
32775,288078848
32776,288109568
32777,288140288
32778,288171008
32779,288201728
32780,288232448
32781,288263168
32782,288293888
32783,288324608
32784,288355328
32785,288386048
32786,288416768
32787,288447488
32788,288478208
32789,288508928
32790,288539648
32791,288570368
32792,288601088
32793,288631808
32794,288662528
32795,288693248
32796,288723968
32797,288754688
32798,288785408
32799,288816128
32800,288846848
32801,288877568
32802,288908288
32803,288939008
32804,288969728
32805,289000448
32806,289031168
32807,289061888
32808,289092608
32809,289123328
32810,289154048
32811,289184768
32812,289215488
32813,289246208
32814,289276928
32815,289307648
32816,289338368
32817,289369088
32818,289399808
32819,289430528
32820,289461248
32821,289491968
32822,289522688
32823,289553408
32824,289584128
32825,289614848
32826,289645568
32827,289676288
32828,289707008
32829,289737728
32830,289768448
32831,289799168
32832,289829888
32833,289860608
32834,289891328
32835,289922048
32836,289952768
32837,289983488
32838,290014208
32839,290044928
32840,290075648
32841,290106368
32842,290137088
32843,290167808
32844,290198528
32845,290229248
32846,290259968
32847,290290688
32848,290321408
32849,290352128
32850,290382848
32851,290413568
32852,290444288
32853,290475008
32854,290505728
32855,290536448
32856,290567168
32857,290597888
32858,290628608
32859,290659328
32860,290690048
32861,290720768
32862,290751488
32863,290782208
32864,290812928
32865,290843648
32866,290874368
32867,290905088
32868,290935808
32869,290966528
32870,290997248
32871,291027968
32872,291058688
32873,291089408
32874,291120128
32875,291150848
32876,291181568
32877,291212288
32878,291243008
32879,291273728
32880,291304448
32881,291335168
32882,291365888
32883,291396608
32884,291427328
32885,291458048
32886,291488768
32887,291519488
32888,291550208
32889,291580928
32890,291611648
32891,291642368
32892,291673088
32893,291703808
32894,291734528
32895,291765248
32896,291795968
32897,291826688
32898,291857408
32899,291888128
32900,291918848
32901,291949568
32902,291980288
32903,292011008
32904,292041728
32905,292072448
32906,292103168
32907,292133888
32908,292164608
32909,292195328
32910,292226048
32911,292256768
32912,292287488
32913,292318208
32914,292348928
32915,292379648
32916,292410368
32917,292441088
32918,292471808
32919,292502528
32920,292533248
32921,292563968
32922,292594688
32923,292625408
32924,292656128
32925,292686848
32926,292717568
32927,292748288
32928,292779008
32929,292809728
32930,292840448
32931,292871168
32932,292901888
32933,292932608
32934,292963328
32935,292994048
32936,293024768
32937,293055488
32938,293086208
32939,293116928
32940,293147648
32941,293178368
32942,293209088
32943,293239808
32944,293270528
32945,293301248
32946,293331968
32947,293362688
32948,293393408
32949,293424128
32950,293454848
32951,293485568
32952,293516288
32953,293547008
32954,293577728
32955,293608448
32956,293639168
32957,293669888
32958,293700608
32959,293731328
32960,293762048
32961,293792768
32962,293823488
32963,293854208
32964,293884928
32965,293915648
32966,293946368
32967,293977088
32968,294007808
32969,294038528
32970,294069248
32971,294099968
32972,294130688
32973,294161408
32974,294192128
32975,294222848
32976,294253568
32977,294284288
32978,294315008
32979,294345728
32980,294376448
32981,294407168
32982,294437888
32983,294468608
32984,294499328
32985,294530048
32986,294560768
32987,294591488
32988,294622208
32989,294652928
32990,294683648
32991,294714368
32992,294745088
32993,294775808
32994,294806528
32995,294837248
32996,294867968
32997,294898688
32998,294929408
32999,294960128
33000,294990848
33001,295021568
33002,295052288
33003,295083008
33004,295113728
33005,295144448
33006,295175168
33007,295205888
33008,295236608
33009,295267328
33010,295298048
33011,295328768
33012,295359488
33013,295390208
33014,295420928
33015,295451648
33016,295482368
33017,295513088
33018,295543808
33019,295574528
33020,295605248
33021,295635968
33022,295666688
33023,295697408
33024,295728128
33025,295758848
33026,295789568
33027,295820288
33028,295851008
33029,295881728
33030,295912448
33031,295943168
33032,295973888
33033,296004608
33034,296035328
33035,296066048
33036,296096768
33037,296127488
33038,296158208
33039,296188928
33040,296219648
33041,296250368
33042,296281088
33043,296311808
33044,296342528
33045,296373248
33046,296403968
33047,296435712
33048,296467456
33049,296499200
33050,296530944
33051,296562688
33052,296594432
33053,296626176
33054,296657920
33055,296689664
33056,296721408
33057,296753152
33058,296784896
33059,296816640
33060,296848384
33061,296880128
33062,296911872
33063,296943616
33064,296975360
33065,297007104
33066,297038848
33067,297070592
33068,297102336
33069,297134080
33070,297165824
33071,297197568
33072,297229312
33073,297261056
33074,297292800
33075,297324544
33076,297356288
33077,297388032
33078,297419776
33079,297451520
33080,297483264
33081,297515008
33082,297546752
33083,297578496
33084,297610240
33085,297641984
33086,297673728
33087,297705472
33088,297737216
33089,297768960
33090,297800704
33091,297832448
33092,297864192
33093,297895936
33094,297927680
33095,297959424
33096,297991168
33097,298022912
33098,298054656
33099,298086400
33100,298118144
33101,298149888
33102,298181632
33103,298213376
33104,298245120
33105,298276864
33106,298308608
33107,298340352
33108,298372096
33109,298403840
33110,298435584
33111,298467328
33112,298499072
33113,298530816
33114,298562560
33115,298594304
33116,298626048
33117,298657792
33118,298689536
33119,298721280
33120,298753024
33121,298784768
33122,298816512
33123,298848256
33124,298880000
33125,298911744
33126,298943488
33127,298975232
33128,299006976
33129,299038720
33130,299070464
33131,299102208
33132,299133952
33133,299165696
33134,299197440
33135,299229184
33136,299260928
33137,299292672
33138,299324416
33139,299356160
33140,299387904
33141,299419648
33142,299451392
33143,299483136
33144,299514880
33145,299546624
33146,299578368
33147,299610112
33148,299641856
33149,299673600
33150,299705344
33151,299737088
33152,299768832
33153,299800576
33154,299832320
33155,299864064
33156,299895808
33157,299927552
33158,299959296
33159,299991040
33160,300022784
33161,300054528
33162,300086272
33163,300118016
33164,300149760
33165,300181504
33166,300213248
33167,300244992
33168,300276736
33169,300308480
33170,300340224
33171,300371968
33172,300403712
33173,300435456
33174,300467200
33175,300498944
33176,300530688
33177,300562432
33178,300594176
33179,300625920
33180,300657664
33181,300689408
33182,300721152
33183,300752896
33184,300784640
33185,300816384
33186,300848128
33187,300879872
33188,300911616
33189,300943360
33190,300975104
33191,301006848
33192,301038592
33193,301070336
33194,301102080
33195,301133824
33196,301165568
33197,301197312
33198,301229056
33199,301260800
33200,301292544
33201,301324288
33202,301356032
33203,301387776
33204,301419520
33205,301451264
33206,301483008
33207,301514752
33208,301546496
33209,301578240
33210,301609984
33211,301641728
33212,301673472
33213,301705216
33214,301736960
33215,301768704
33216,301800448
33217,301832192
33218,301863936
33219,301895680
33220,301927424
33221,301959168
33222,301990912
33223,302022656
33224,302054400
33225,302086144
33226,302117888
33227,302149632
33228,302181376
33229,302213120
33230,302244864
33231,302276608
33232,302308352
33233,302340096
33234,302371840
33235,302403584
33236,302435328
33237,302467072
33238,302498816
33239,302530560
33240,302562304
33241,302594048
33242,302625792
33243,302657536
33244,302689280
33245,302721024
33246,302752768
33247,302784512
33248,302816256
33249,302848000
33250,302879744
33251,302911488
33252,302943232
33253,302974976
33254,303006720
33255,303038464
33256,303070208
33257,303101952
33258,303133696
33259,303165440
33260,303197184
33261,303228928
33262,303260672
33263,303292416
33264,303324160
33265,303355904
33266,303387648
33267,303419392
33268,303451136
33269,303482880
33270,303514624
33271,303546368
33272,303578112
33273,303609856
33274,303641600
33275,303673344
33276,303705088
33277,303736832
33278,303768576
33279,303800320
33280,303832064
33281,303863808
33282,303895552
33283,303927296
33284,303959040
33285,303990784
33286,304022528
33287,304054272
33288,304086016
33289,304117760
33290,304149504
33291,304181248
33292,304212992
33293,304244736
33294,304276480
33295,304308224
33296,304339968
33297,304371712
33298,304403456
33299,304435200
33300,304466944
33301,304498688
33302,304530432
33303,304562176
33304,304593920
33305,304625664
33306,304657408
33307,304689152
33308,304720896
33309,304752640
33310,304784384
33311,304816128
33312,304847872
33313,304879616
33314,304911360
33315,304943104
33316,304974848
33317,305006592
33318,305038336
33319,305070080
33320,305101824
33321,305133568
33322,305165312
33323,305197056
33324,305228800
33325,305260544
33326,305292288
33327,305324032
33328,305355776
33329,305387520
33330,305419264
33331,305451008
33332,305482752
33333,305514496
33334,305546240
33335,305577984
33336,305609728
33337,305641472
33338,305673216
33339,305704960
33340,305736704
33341,305768448
33342,305800192
33343,305831936
33344,305863680
33345,305895424
33346,305927168
33347,305958912
33348,305990656
33349,306022400
33350,306054144
33351,306085888
33352,306117632
33353,306149376
33354,306181120
33355,306212864
33356,306244608
33357,306276352
33358,306308096
33359,306339840
33360,306371584
33361,306403328
33362,306435072
33363,306466816
33364,306498560
33365,306530304
33366,306562048
33367,306593792
33368,306625536
33369,306657280
33370,306689024
33371,306720768
33372,306752512
33373,306784256
33374,306816000
33375,306847744
33376,306879488
33377,306911232
33378,306942976
33379,306974720
33380,307006464
33381,307038208
33382,307069952
33383,307101696
33384,307133440
33385,307165184
33386,307196928
33387,307228672
33388,307260416
33389,307292160
33390,307323904
33391,307355648
33392,307388416
33393,307421184
33394,307453952
33395,307486720
33396,307519488
33397,307552256
33398,307585024
33399,307617792
33400,307650560
33401,307683328
33402,307716096
33403,307748864
33404,307781632
33405,307814400
33406,307847168
33407,307879936
33408,307912704
33409,307945472
33410,307978240
33411,308011008
33412,308043776
33413,308076544
33414,308109312
33415,308142080
33416,308174848
33417,308207616
33418,308240384
33419,308273152
33420,308305920
33421,308338688
33422,308371456
33423,308404224
33424,308436992
33425,308469760
33426,308502528
33427,308535296
33428,308568064
33429,308600832
33430,308633600
33431,308666368
33432,308699136
33433,308731904
33434,308764672
33435,308797440
33436,308830208
33437,308862976
33438,308895744
33439,308928512
33440,308961280
33441,308994048
33442,309026816
33443,309059584
33444,309092352
33445,309125120
33446,309157888
33447,309190656
33448,309223424
33449,309256192
33450,309288960
33451,309321728
33452,309354496
33453,309387264
33454,309420032
33455,309452800
33456,309485568
33457,309518336
33458,309551104
33459,309583872
33460,309616640
33461,309649408
33462,309682176
33463,309714944
33464,309747712
33465,309780480
33466,309813248
33467,309846016
33468,309878784
33469,309911552
33470,309944320
33471,309977088
33472,310009856
33473,310042624
33474,310075392
33475,310108160
33476,310140928
33477,310173696
33478,310206464
33479,310239232
33480,310272000
33481,310304768
33482,310337536
33483,310370304
33484,310403072
33485,310435840
33486,310468608
33487,310501376
33488,310534144
33489,310566912
33490,310599680
33491,310632448
33492,310665216
33493,310697984
33494,310730752
33495,310763520
33496,310796288
33497,310829056
33498,310861824
33499,310894592
33500,310927360
33501,310960128
33502,310992896
33503,311025664
33504,311058432
33505,311091200
33506,311123968
33507,311156736
33508,311189504
33509,311222272
33510,311255040
33511,311287808
33512,311320576
33513,311353344
33514,311386112
33515,311418880
33516,311451648
33517,311484416
33518,311517184
33519,311549952
33520,311582720
33521,311615488
33522,311648256
33523,311681024
33524,311713792
33525,311746560
33526,311779328
33527,311812096
33528,311844864
33529,311877632
33530,311910400
33531,311943168
33532,311975936
33533,312008704
33534,312041472
33535,312074240
33536,312107008
33537,312139776
33538,312172544
33539,312205312
33540,312238080
33541,312270848
33542,312303616
33543,312336384
33544,312369152
33545,312401920
33546,312434688
33547,312467456
33548,312500224
33549,312532992
33550,312565760
33551,312598528
33552,312631296
33553,312664064
33554,312696832
33555,312729600
33556,312762368
33557,312795136
33558,312827904
33559,312860672
33560,312893440
33561,312926208
33562,312958976
33563,312991744
33564,313024512
33565,313057280
33566,313090048
33567,313122816
33568,313155584
33569,313188352
33570,313221120
33571,313253888
33572,313286656
33573,313319424
33574,313352192
33575,313384960
33576,313417728
33577,313450496
33578,313483264
33579,313516032
33580,313548800
33581,313581568
33582,313614336
33583,313647104
33584,313679872
33585,313712640
33586,313745408
33587,313778176
33588,313810944
33589,313843712
33590,313876480
33591,313909248
33592,313942016
33593,313974784
33594,314007552
33595,314040320
33596,314073088
33597,314105856
33598,314138624
33599,314171392
33600,314204160
33601,314236928
33602,314269696
33603,314302464
33604,314335232
33605,314368000
33606,314400768
33607,314433536
33608,314466304
33609,314499072
33610,314531840
33611,314564608
33612,314597376
33613,314630144
33614,314662912
33615,314695680
33616,314728448
33617,314761216
33618,314793984
33619,314826752
33620,314859520
33621,314892288
33622,314925056
33623,314957824
33624,314990592
33625,315023360
33626,315056128
33627,315088896
33628,315121664
33629,315154432
33630,315187200
33631,315219968
33632,315252736
33633,315285504
33634,315318272
33635,315351040
33636,315383808
33637,315416576
33638,315449344
33639,315482112
33640,315514880
33641,315547648
33642,315580416
33643,315613184
33644,315645952
33645,315678720
33646,315711488
33647,315744256
33648,315777024
33649,315809792
33650,315842560
33651,315875328
33652,315908096
33653,315940864
33654,315973632
33655,316006400
33656,316039168
33657,316071936
33658,316104704
33659,316137472
33660,316170240
33661,316203008
33662,316235776
33663,316268544
33664,316301312
33665,316334080
33666,316366848
33667,316399616
33668,316432384
33669,316465152
33670,316497920
33671,316530688
33672,316563456
33673,316596224
33674,316628992
33675,316661760
33676,316694528
33677,316727296
33678,316760064
33679,316792832
33680,316825600
33681,316858368
33682,316891136
33683,316923904
33684,316956672
33685,316989440
33686,317022208
33687,317054976
33688,317087744
33689,317120512
33690,317153280
33691,317186048
33692,317218816
33693,317251584
33694,317284352
33695,317317120
33696,317349888
33697,317382656
33698,317415424
33699,317448192
33700,317480960
33701,317513728
33702,317546496
33703,317579264
33704,317612032
33705,317644800
33706,317677568
33707,317710336
33708,317743104
33709,317776896
33710,317810688
33711,317844480
33712,317878272
33713,317912064
33714,317945856
33715,317979648
33716,318013440
33717,318047232
33718,318081024
33719,318114816
33720,318148608
33721,318182400
33722,318216192
33723,318249984
33724,318283776
33725,318317568
33726,318351360
33727,318385152
33728,318418944
33729,318452736
33730,318486528
33731,318520320
33732,318554112
33733,318587904
33734,318621696
33735,318655488
33736,318689280
33737,318723072
33738,318756864
33739,318790656
33740,318824448
33741,318858240
33742,318892032
33743,318925824
33744,318959616
33745,318993408
33746,319027200
33747,319060992
33748,319094784
33749,319128576
33750,319162368
33751,319196160
33752,319229952
33753,319263744
33754,319297536
33755,319331328
33756,319365120
33757,319398912
33758,319432704
33759,319466496
33760,319500288
33761,319534080
33762,319567872
33763,319601664
33764,319635456
33765,319669248
33766,319703040
33767,319736832
33768,319770624
33769,319804416
33770,319838208
33771,319872000
33772,319905792
33773,319939584
33774,319973376
33775,320007168
33776,320040960
33777,320074752
33778,320108544
33779,320142336
33780,320176128
33781,320209920
33782,320243712
33783,320277504
33784,320311296
33785,320345088
33786,320378880
33787,320412672
33788,320446464
33789,320480256
33790,320514048
33791,320547840
33792,320581632
33793,320615424
33794,320649216
33795,320683008
33796,320716800
33797,320750592
33798,320784384
33799,320818176
33800,320851968
33801,320885760
33802,320919552
33803,320953344
33804,320987136
33805,321020928
33806,321054720
33807,321088512
33808,321122304
33809,321156096
33810,321189888
33811,321223680
33812,321257472
33813,321291264
33814,321325056
33815,321358848
33816,321392640
33817,321426432
33818,321460224
33819,321494016
33820,321527808
33821,321561600
33822,321595392
33823,321629184
33824,321662976
33825,321696768
33826,321730560
33827,321764352
33828,321798144
33829,321831936
33830,321865728
33831,321899520
33832,321933312
33833,321967104
33834,322000896
33835,322034688
33836,322068480
33837,322102272
33838,322136064
33839,322169856
33840,322203648
33841,322237440
33842,322271232
33843,322305024
33844,322338816
33845,322372608
33846,322406400
33847,322440192
33848,322473984
33849,322507776
33850,322541568
33851,322575360
33852,322609152
33853,322642944
33854,322676736
33855,322710528
33856,322744320
33857,322778112
33858,322811904
33859,322845696
33860,322879488
33861,322913280
33862,322947072
33863,322980864
33864,323014656
33865,323048448
33866,323082240
33867,323116032
33868,323149824
33869,323183616
33870,323217408
33871,323251200
33872,323284992
33873,323318784
33874,323352576
33875,323386368
33876,323420160
33877,323453952
33878,323487744
33879,323521536
33880,323555328
33881,323589120
33882,323622912
33883,323656704
33884,323690496
33885,323724288
33886,323758080
33887,323791872
33888,323825664
33889,323859456
33890,323893248
33891,323927040
33892,323960832
33893,323994624
33894,324028416
33895,324062208
33896,324096000
33897,324129792
33898,324163584
33899,324197376
33900,324231168
33901,324264960
33902,324298752
33903,324332544
33904,324366336
33905,324400128
33906,324433920
33907,324467712
33908,324501504
33909,324535296
33910,324569088
33911,324602880
33912,324636672
33913,324670464
33914,324704256
33915,324738048
33916,324771840
33917,324805632
33918,324839424
33919,324873216
33920,324907008
33921,324940800
33922,324974592
33923,325008384
33924,325042176
33925,325075968
33926,325109760
33927,325143552
33928,325177344
33929,325211136
33930,325244928
33931,325278720
33932,325312512
33933,325346304
33934,325380096
33935,325413888
33936,325447680
33937,325481472
33938,325515264
33939,325549056
33940,325582848
33941,325616640
33942,325650432
33943,325684224
33944,325718016
33945,325751808
33946,325785600
33947,325819392
33948,325853184
33949,325886976
33950,325920768
33951,325954560
33952,325988352
33953,326022144
33954,326055936
33955,326089728
33956,326123520
33957,326157312
33958,326191104
33959,326224896
33960,326258688
33961,326292480
33962,326326272
33963,326360064
33964,326393856
33965,326427648
33966,326461440
33967,326495232
33968,326529024
33969,326562816
33970,326596608
33971,326630400
33972,326664192
33973,326697984
33974,326731776
33975,326765568
33976,326799360
33977,326833152
33978,326866944
33979,326900736
33980,326934528
33981,326968320
33982,327002112
33983,327035904
33984,327069696
33985,327103488
33986,327137280
33987,327171072
33988,327204864
33989,327238656
33990,327272448
33991,327306240
33992,327340032
33993,327373824
33994,327407616
33995,327441408
33996,327475200
33997,327508992
33998,327542784
33999,327576576
34000,327610368
34001,327644160
34002,327677952
34003,327711744
34004,327745536
34005,327779328
34006,327813120
34007,327846912
34008,327880704
34009,327915520
34010,327950336
34011,327985152
34012,328019968
34013,328054784
34014,328089600
34015,328124416
34016,328159232
34017,328194048
34018,328228864
34019,328263680
34020,328298496
34021,328333312
34022,328368128
34023,328402944
34024,328437760
34025,328472576
34026,328507392
34027,328542208
34028,328577024
34029,328611840
34030,328646656
34031,328681472
34032,328716288
34033,328751104
34034,328785920
34035,328820736
34036,328855552
34037,328890368
34038,328925184
34039,328960000
34040,328994816
34041,329029632
34042,329064448
34043,329099264
34044,329134080
34045,329168896
34046,329203712
34047,329238528
34048,329273344
34049,329308160
34050,329342976
34051,329377792
34052,329412608
34053,329447424
34054,329482240
34055,329517056
34056,329551872
34057,329586688
34058,329621504
34059,329656320
34060,329691136
34061,329725952
34062,329760768
34063,329795584
34064,329830400
34065,329865216
34066,329900032
34067,329934848
34068,329969664
34069,330004480
34070,330039296
34071,330074112
34072,330108928
34073,330143744
34074,330178560
34075,330213376
34076,330248192
34077,330283008
34078,330317824
34079,330352640
34080,330387456
34081,330422272
34082,330457088
34083,330491904
34084,330526720
34085,330561536
34086,330596352
34087,330631168
34088,330665984
34089,330700800
34090,330735616
34091,330770432
34092,330805248
34093,330840064
34094,330874880
34095,330909696
34096,330944512
34097,330979328
34098,331014144
34099,331048960
34100,331083776
34101,331118592
34102,331153408
34103,331188224
34104,331223040
34105,331257856
34106,331292672
34107,331327488
34108,331362304
34109,331397120
34110,331431936
34111,331466752
34112,331501568
34113,331536384
34114,331571200
34115,331606016
34116,331640832
34117,331675648
34118,331710464
34119,331745280
34120,331780096
34121,331814912
34122,331849728
34123,331884544
34124,331919360
34125,331954176
34126,331988992
34127,332023808
34128,332058624
34129,332093440
34130,332128256
34131,332163072
34132,332197888
34133,332232704
34134,332267520
34135,332302336
34136,332337152
34137,332371968
34138,332406784
34139,332441600
34140,332476416
34141,332511232
34142,332546048
34143,332580864
34144,332615680
34145,332650496
34146,332685312
34147,332720128
34148,332754944
34149,332789760
34150,332824576
34151,332859392
34152,332894208
34153,332929024
34154,332963840
34155,332998656
34156,333033472
34157,333068288
34158,333103104
34159,333137920
34160,333172736
34161,333207552
34162,333242368
34163,333277184
34164,333312000
34165,333346816
34166,333381632
34167,333416448
34168,333451264
34169,333486080
34170,333520896
34171,333555712
34172,333590528
34173,333625344
34174,333660160
34175,333694976
34176,333729792
34177,333764608
34178,333799424
34179,333834240
34180,333869056
34181,333903872
34182,333938688
34183,333973504
34184,334008320
34185,334043136
34186,334077952
34187,334112768
34188,334147584
34189,334182400
34190,334217216
34191,334252032
34192,334286848
34193,334321664
34194,334356480
34195,334391296
34196,334426112
34197,334460928
34198,334495744
34199,334530560
34200,334565376
34201,334600192
34202,334635008
34203,334669824
34204,334704640
34205,334739456
34206,334774272
34207,334809088
34208,334843904
34209,334878720
34210,334913536
34211,334948352
34212,334983168
34213,335017984
34214,335052800
34215,335087616
34216,335122432
34217,335157248
34218,335192064
34219,335226880
34220,335261696
34221,335296512
34222,335331328
34223,335366144
34224,335400960
34225,335435776
34226,335470592
34227,335505408
34228,335540224
34229,335575040
34230,335609856
34231,335644672
34232,335679488
34233,335714304
34234,335749120
34235,335783936
34236,335818752
34237,335853568
34238,335888384
34239,335923200
34240,335958016
34241,335992832
34242,336027648
34243,336062464
34244,336097280
34245,336132096
34246,336166912
34247,336201728
34248,336236544
34249,336271360
34250,336306176
34251,336340992
34252,336375808
34253,336410624
34254,336445440
34255,336480256
34256,336515072
34257,336549888
34258,336584704
34259,336619520
34260,336654336
34261,336689152
34262,336723968
34263,336758784
34264,336793600
34265,336828416
34266,336863232
34267,336898048
34268,336932864
34269,336967680
34270,337002496
34271,337037312
34272,337072128
34273,337106944
34274,337141760
34275,337176576
34276,337211392
34277,337246208
34278,337281024
34279,337315840
34280,337350656
34281,337385472
34282,337420288
34283,337455104
34284,337489920
34285,337524736
34286,337559552
34287,337594368
34288,337629184
34289,337664000
34290,337698816
34291,337733632
34292,337768448
34293,337803264
34294,337838080
34295,337872896
34296,337907712
34297,337942528
34298,337977344
34299,338012160
34300,338046976
34301,338081792
34302,338116608
34303,338151424
34304,338186240
34305,338221056
34306,338255872
34307,338290688
34308,338325504
34309,338360320
34310,338395136
34311,338429952
34312,338464768
34313,338499584
34314,338534400
34315,338569216
34316,338604032
34317,338638848
34318,338673664
34319,338708480
34320,338743296
34321,338778112
34322,338812928
34323,338848768
34324,338884608
34325,338920448
34326,338956288
34327,338992128
34328,339027968
34329,339063808
34330,339099648
34331,339135488
34332,339171328
34333,339207168
34334,339243008
34335,339278848
34336,339314688
34337,339350528
34338,339386368
34339,339422208
34340,339458048
34341,339493888
34342,339529728
34343,339565568
34344,339601408
34345,339637248
34346,339673088
34347,339708928
34348,339744768
34349,339780608
34350,339816448
34351,339852288
34352,339888128
34353,339923968
34354,339959808
34355,339995648
34356,340031488
34357,340067328
34358,340103168
34359,340139008
34360,340174848
34361,340210688
34362,340246528
34363,340282368
34364,340318208
34365,340354048
34366,340389888
34367,340425728
34368,340461568
34369,340497408
34370,340533248
34371,340569088
34372,340604928
34373,340640768
34374,340676608
34375,340712448
34376,340748288
34377,340784128
34378,340819968
34379,340855808
34380,340891648
34381,340927488
34382,340963328
34383,340999168
34384,341035008
34385,341070848
34386,341106688
34387,341142528
34388,341178368
34389,341214208
34390,341250048
34391,341285888
34392,341321728
34393,341357568
34394,341393408
34395,341429248
34396,341465088
34397,341500928
34398,341536768
34399,341572608
34400,341608448
34401,341644288
34402,341680128
34403,341715968
34404,341751808
34405,341787648
34406,341823488
34407,341859328
34408,341895168
34409,341931008
34410,341966848
34411,342002688
34412,342038528
34413,342074368
34414,342110208
34415,342146048
34416,342181888
34417,342217728
34418,342253568
34419,342289408
34420,342325248
34421,342361088
34422,342396928
34423,342432768
34424,342468608
34425,342504448
34426,342540288
34427,342576128
34428,342611968
34429,342647808
34430,342683648
34431,342719488
34432,342755328
34433,342791168
34434,342827008
34435,342862848
34436,342898688
34437,342934528
34438,342970368
34439,343006208
34440,343042048
34441,343077888
34442,343113728
34443,343149568
34444,343185408
34445,343221248
34446,343257088
34447,343292928
34448,343328768
34449,343364608
34450,343400448
34451,343436288
34452,343472128
34453,343507968
34454,343543808
34455,343579648
34456,343615488
34457,343651328
34458,343687168
34459,343723008
34460,343758848
34461,343794688
34462,343830528
34463,343866368
34464,343902208
34465,343938048
34466,343973888
34467,344009728
34468,344045568
34469,344081408
34470,344117248
34471,344153088
34472,344188928
34473,344224768
34474,344260608
34475,344296448
34476,344332288
34477,344368128
34478,344403968
34479,344439808
34480,344475648
34481,344511488
34482,344547328
34483,344583168
34484,344619008
34485,344654848
34486,344690688
34487,344726528
34488,344762368
34489,344798208
34490,344834048
34491,344869888
34492,344905728
34493,344941568
34494,344977408
34495,345013248
34496,345049088
34497,345084928
34498,345120768
34499,345156608
34500,345192448
34501,345228288
34502,345264128
34503,345299968
34504,345335808
34505,345371648
34506,345407488
34507,345443328
34508,345479168
34509,345515008
34510,345550848
34511,345586688
34512,345622528
34513,345658368
34514,345694208
34515,345730048
34516,345765888
34517,345801728
34518,345837568
34519,345873408
34520,345909248
34521,345945088
34522,345980928
34523,346016768
34524,346052608
34525,346088448
34526,346124288
34527,346160128
34528,346195968
34529,346231808
34530,346267648
34531,346303488
34532,346339328
34533,346375168
34534,346411008
34535,346446848
34536,346482688
34537,346518528
34538,346554368
34539,346590208
34540,346626048
34541,346661888
34542,346697728
34543,346733568
34544,346769408
34545,346805248
34546,346841088
34547,346876928
34548,346912768
34549,346948608
34550,346984448
34551,347020288
34552,347056128
34553,347091968
34554,347127808
34555,347163648
34556,347199488
34557,347235328
34558,347271168
34559,347307008
34560,347342848
34561,347378688
34562,347414528
34563,347450368
34564,347486208
34565,347522048
34566,347557888
34567,347593728
34568,347629568
34569,347665408
34570,347701248
34571,347737088
34572,347772928
34573,347808768
34574,347844608
34575,347880448
34576,347916288
34577,347952128
34578,347987968
34579,348023808
34580,348059648
34581,348095488
34582,348131328
34583,348167168
34584,348203008
34585,348238848
34586,348274688
34587,348310528
34588,348347392
34589,348384256
34590,348421120
34591,348457984
34592,348494848
34593,348531712
34594,348568576
34595,348605440
34596,348642304
34597,348679168
34598,348716032
34599,348752896
34600,348789760
34601,348826624
34602,348863488
34603,348900352
34604,348937216
34605,348974080
34606,349010944
34607,349047808
34608,349084672
34609,349121536
34610,349158400
34611,349195264
34612,349232128
34613,349268992
34614,349305856
34615,349342720
34616,349379584
34617,349416448
34618,349453312
34619,349490176
34620,349527040
34621,349563904
34622,349600768
34623,349637632
34624,349674496
34625,349711360
34626,349748224
34627,349785088
34628,349821952
34629,349858816
34630,349895680
34631,349932544
34632,349969408
34633,350006272
34634,350043136
34635,350080000
34636,350116864
34637,350153728
34638,350190592
34639,350227456
34640,350264320
34641,350301184
34642,350338048
34643,350374912
34644,350411776
34645,350448640
34646,350485504
34647,350522368
34648,350559232
34649,350596096
34650,350632960
34651,350669824
34652,350706688
34653,350743552
34654,350780416
34655,350817280
34656,350854144
34657,350891008
34658,350927872
34659,350964736
34660,351001600
34661,351038464
34662,351075328
34663,351112192
34664,351149056
34665,351185920
34666,351222784
34667,351259648
34668,351296512
34669,351333376
34670,351370240
34671,351407104
34672,351443968
34673,351480832
34674,351517696
34675,351554560
34676,351591424
34677,351628288
34678,351665152
34679,351702016
34680,351738880
34681,351775744
34682,351812608
34683,351849472
34684,351886336
34685,351923200
34686,351960064
34687,351996928
34688,352033792
34689,352070656
34690,352107520
34691,352144384
34692,352181248
34693,352218112
34694,352254976
34695,352291840
34696,352328704
34697,352365568
34698,352402432
34699,352439296
34700,352476160
34701,352513024
34702,352549888
34703,352586752
34704,352623616
34705,352660480
34706,352697344
34707,352734208
34708,352771072
34709,352807936
34710,352844800
34711,352881664
34712,352918528
34713,352955392
34714,352992256
34715,353029120
34716,353065984
34717,353102848
34718,353139712
34719,353176576
34720,353213440
34721,353250304
34722,353287168
34723,353324032
34724,353360896
34725,353397760
34726,353434624
34727,353471488
34728,353508352
34729,353545216
34730,353582080
34731,353618944
34732,353655808
34733,353692672
34734,353729536
34735,353766400
34736,353803264
34737,353840128
34738,353876992
34739,353913856
34740,353950720
34741,353987584
34742,354024448
34743,354061312
34744,354098176
34745,354135040
34746,354171904
34747,354208768
34748,354245632
34749,354282496
34750,354319360
34751,354356224
34752,354393088
34753,354429952
34754,354466816
34755,354503680
34756,354540544
34757,354577408
34758,354614272
34759,354651136
34760,354688000
34761,354724864
34762,354761728
34763,354798592
34764,354835456
34765,354872320
34766,354909184
34767,354946048
34768,354982912
34769,355019776
34770,355056640
34771,355093504
34772,355130368
34773,355167232
34774,355204096
34775,355240960
34776,355277824
34777,355314688
34778,355351552
34779,355388416
34780,355425280
34781,355462144
34782,355499008
34783,355535872
34784,355572736
34785,355609600
34786,355646464
34787,355683328
34788,355720192
34789,355757056
34790,355793920
34791,355830784
34792,355867648
34793,355904512
34794,355941376
34795,355978240
34796,356015104
34797,356051968
34798,356088832
34799,356125696
34800,356162560
34801,356199424
34802,356236288
34803,356273152
34804,356310016
34805,356346880
34806,356383744
34807,356420608
34808,356457472
34809,356494336
34810,356531200
34811,356568064
34812,356604928
34813,356641792
34814,356678656
34815,356715520
34816,356752384
34817,356789248
34818,356826112
34819,356862976
34820,356899840
34821,356936704
34822,356973568
34823,357010432
34824,357047296
34825,357084160
34826,357122048
34827,357159936
34828,357197824
34829,357235712
34830,357273600
34831,357311488
34832,357349376
34833,357387264
34834,357425152
34835,357463040
34836,357500928
34837,357538816
34838,357576704
34839,357614592
34840,357652480
34841,357690368
34842,357728256
34843,357766144
34844,357804032
34845,357841920
34846,357879808
34847,357917696
34848,357955584
34849,357993472
34850,358031360
34851,358069248
34852,358107136
34853,358145024
34854,358182912
34855,358220800
34856,358258688
34857,358296576
34858,358334464
34859,358372352
34860,358410240
34861,358448128
34862,358486016
34863,358523904
34864,358561792
34865,358599680
34866,358637568
34867,358675456
34868,358713344
34869,358751232
34870,358789120
34871,358827008
34872,358864896
34873,358902784
34874,358940672
34875,358978560
34876,359016448
34877,359054336
34878,359092224
34879,359130112
34880,359168000
34881,359205888
34882,359243776
34883,359281664
34884,359319552
34885,359357440
34886,359395328
34887,359433216
34888,359471104
34889,359508992
34890,359546880
34891,359584768
34892,359622656
34893,359660544
34894,359698432
34895,359736320
34896,359774208
34897,359812096
34898,359849984
34899,359887872
34900,359925760
34901,359963648
34902,360001536
34903,360039424
34904,360077312
34905,360115200
34906,360153088
34907,360190976
34908,360228864
34909,360266752
34910,360304640
34911,360342528
34912,360380416
34913,360418304
34914,360456192
34915,360494080
34916,360531968
34917,360569856
34918,360607744
34919,360645632
34920,360683520
34921,360721408
34922,360759296
34923,360797184
34924,360835072
34925,360872960
34926,360910848
34927,360948736
34928,360986624
34929,361024512
34930,361062400
34931,361100288
34932,361138176
34933,361176064
34934,361213952
34935,361251840
34936,361289728
34937,361327616
34938,361365504
34939,361403392
34940,361441280
34941,361479168
34942,361517056
34943,361554944
34944,361592832
34945,361630720
34946,361668608
34947,361706496
34948,361744384
34949,361782272
34950,361820160
34951,361858048
34952,361895936
34953,361933824
34954,361971712
34955,362009600
34956,362047488
34957,362085376
34958,362123264
34959,362161152
34960,362199040
34961,362236928
34962,362274816
34963,362312704
34964,362350592
34965,362388480
34966,362426368
34967,362464256
34968,362502144
34969,362540032
34970,362577920
34971,362615808
34972,362653696
34973,362691584
34974,362729472
34975,362767360
34976,362805248
34977,362843136
34978,362881024
34979,362918912
34980,362956800
34981,362994688
34982,363032576
34983,363070464
34984,363108352
34985,363146240
34986,363184128
34987,363222016
34988,363259904
34989,363297792
34990,363335680
34991,363373568
34992,363411456
34993,363449344
34994,363487232
34995,363525120
34996,363563008
34997,363600896
34998,363638784
34999,363676672
35000,363714560
35001,363752448
35002,363790336
35003,363828224
35004,363866112
35005,363904000
35006,363941888
35007,363979776
35008,364017664
35009,364055552
35010,364093440
35011,364131328
35012,364169216
35013,364207104
35014,364244992
35015,364282880
35016,364320768
35017,364358656
35018,364396544
35019,364434432
35020,364472320
35021,364510208
35022,364548096
35023,364585984
35024,364623872
35025,364661760
35026,364699648
35027,364737536
35028,364775424
35029,364813312
35030,364851200
35031,364889088
35032,364926976
35033,364964864
35034,365002752
35035,365040640
35036,365078528
35037,365116416
35038,365154304
35039,365192192
35040,365230080
35041,365267968
35042,365305856
35043,365343744
35044,365381632
35045,365419520
35046,365457408
35047,365495296
35048,365533184
35049,365571072
35050,365608960
35051,365646848
35052,365684736
35053,365722624
35054,365760512
35055,365798400
35056,365836288
35057,365874176
35058,365912064
35059,365949952
35060,365987840
35061,366025728
35062,366063616
35063,366101504
35064,366139392
35065,366177280
35066,366215168
35067,366253056
35068,366290944
35069,366328832
35070,366366720
35071,366404608
35072,366442496
35073,366480384
35074,366518272
35075,366556160
35076,366594048
35077,366631936
35078,366669824
35079,366707712
35080,366745600
35081,366783488
35082,366821376
35083,366859264
35084,366897152
35085,366935040
35086,366972928
35087,367010816
35088,367048704
35089,367086592
35090,367124480
35091,367162368
35092,367200256
35093,367238144
35094,367276032
35095,367313920
35096,367351808
35097,367389696
35098,367428608
35099,367467520
35100,367506432
35101,367545344
35102,367584256
35103,367623168
35104,367662080
35105,367700992
35106,367739904
35107,367778816
35108,367817728
35109,367856640
35110,367895552
35111,367934464
35112,367973376
35113,368012288
35114,368051200
35115,368090112
35116,368129024
35117,368167936
35118,368206848
35119,368245760
35120,368284672
35121,368323584
35122,368362496
35123,368401408
35124,368440320
35125,368479232
35126,368518144
35127,368557056
35128,368595968
35129,368634880
35130,368673792
35131,368712704
35132,368751616
35133,368790528
35134,368829440
35135,368868352
35136,368907264
35137,368946176
35138,368985088
35139,369024000
35140,369062912
35141,369101824
35142,369140736
35143,369179648
35144,369218560
35145,369257472
35146,369296384
35147,369335296
35148,369374208
35149,369413120
35150,369452032
35151,369490944
35152,369529856
35153,369568768
35154,369607680
35155,369646592
35156,369685504
35157,369724416
35158,369763328
35159,369802240
35160,369841152
35161,369880064
35162,369918976
35163,369957888
35164,369996800
35165,370035712
35166,370074624
35167,370113536
35168,370152448
35169,370191360
35170,370230272
35171,370269184
35172,370308096
35173,370347008
35174,370385920
35175,370424832
35176,370463744
35177,370502656
35178,370541568
35179,370580480
35180,370619392
35181,370658304
35182,370697216
35183,370736128
35184,370775040
35185,370813952
35186,370852864
35187,370891776
35188,370930688
35189,370969600
35190,371008512
35191,371047424
35192,371086336
35193,371125248
35194,371164160
35195,371203072
35196,371241984
35197,371280896
35198,371319808
35199,371358720
35200,371397632
35201,371436544
35202,371475456
35203,371514368
35204,371553280
35205,371592192
35206,371631104
35207,371670016
35208,371708928
35209,371747840
35210,371786752
35211,371825664
35212,371864576
35213,371903488
35214,371942400
35215,371981312
35216,372020224
35217,372059136
35218,372098048
35219,372136960
35220,372175872
35221,372214784
35222,372253696
35223,372292608
35224,372331520
35225,372370432
35226,372409344
35227,372448256
35228,372487168
35229,372526080
35230,372564992
35231,372603904
35232,372642816
35233,372681728
35234,372720640
35235,372759552
35236,372798464
35237,372837376
35238,372876288
35239,372915200
35240,372954112
35241,372993024
35242,373031936
35243,373070848
35244,373109760
35245,373148672
35246,373187584
35247,373226496
35248,373265408
35249,373304320
35250,373343232
35251,373382144
35252,373421056
35253,373459968
35254,373498880
35255,373537792
35256,373576704
35257,373615616
35258,373654528
35259,373693440
35260,373732352
35261,373771264
35262,373810176
35263,373849088
35264,373888000
35265,373926912
35266,373965824
35267,374004736
35268,374043648
35269,374082560
35270,374121472
35271,374160384
35272,374199296
35273,374238208
35274,374277120
35275,374316032
35276,374354944
35277,374393856
35278,374432768
35279,374471680
35280,374510592
35281,374549504
35282,374588416
35283,374627328
35284,374666240
35285,374705152
35286,374744064
35287,374782976
35288,374821888
35289,374860800
35290,374899712
35291,374938624
35292,374977536
35293,375016448
35294,375055360
35295,375094272
35296,375133184
35297,375172096
35298,375211008
35299,375249920
35300,375288832
35301,375327744
35302,375366656
35303,375405568
35304,375444480
35305,375483392
35306,375522304
35307,375561216
35308,375600128
35309,375639040
35310,375677952
35311,375716864
35312,375755776
35313,375794688
35314,375833600
35315,375872512
35316,375911424
35317,375950336
35318,375989248
35319,376028160
35320,376067072
35321,376105984
35322,376144896
35323,376183808
35324,376222720
35325,376261632
35326,376300544
35327,376339456
35328,376378368
35329,376417280
35330,376456192
35331,376495104
35332,376534016
35333,376572928
35334,376611840
35335,376650752
35336,376689664
35337,376728576
35338,376767488
35339,376806400
35340,376845312
35341,376884224
35342,376923136
35343,376962048
35344,377000960
35345,377039872
35346,377078784
35347,377117696
35348,377156608
35349,377196544
35350,377236480
35351,377276416
35352,377316352
35353,377356288
35354,377396224
35355,377436160
35356,377476096
35357,377516032
35358,377555968
35359,377595904
35360,377635840
35361,377675776
35362,377715712
35363,377755648
35364,377795584
35365,377835520
35366,377875456
35367,377915392
35368,377955328
35369,377995264
35370,378035200
35371,378075136
35372,378115072
35373,378155008
35374,378194944
35375,378234880
35376,378274816
35377,378314752
35378,378354688
35379,378394624
35380,378434560
35381,378474496
35382,378514432
35383,378554368
35384,378594304
35385,378634240
35386,378674176
35387,378714112
35388,378754048
35389,378793984
35390,378833920
35391,378873856
35392,378913792
35393,378953728
35394,378993664
35395,379033600
35396,379073536
35397,379113472
35398,379153408
35399,379193344
35400,379233280
35401,379273216
35402,379313152
35403,379353088
35404,379393024
35405,379432960
35406,379472896
35407,379512832
35408,379552768
35409,379592704
35410,379632640
35411,379672576
35412,379712512
35413,379752448
35414,379792384
35415,379832320
35416,379872256
35417,379912192
35418,379952128
35419,379992064
35420,380032000
35421,380071936
35422,380111872
35423,380151808
35424,380191744
35425,380231680
35426,380271616
35427,380311552
35428,380351488
35429,380391424
35430,380431360
35431,380471296
35432,380511232
35433,380551168
35434,380591104
35435,380631040
35436,380670976
35437,380710912
35438,380750848
35439,380790784
35440,380830720
35441,380870656
35442,380910592
35443,380950528
35444,380990464
35445,381030400
35446,381070336
35447,381110272
35448,381150208
35449,381190144
35450,381230080
35451,381270016
35452,381309952
35453,381349888
35454,381389824
35455,381429760
35456,381469696
35457,381509632
35458,381549568
35459,381589504
35460,381629440
35461,381669376
35462,381709312
35463,381749248
35464,381789184
35465,381829120
35466,381869056
35467,381908992
35468,381948928
35469,381988864
35470,382028800
35471,382068736
35472,382108672
35473,382148608
35474,382188544
35475,382228480
35476,382268416
35477,382308352
35478,382348288
35479,382388224
35480,382428160
35481,382468096
35482,382508032
35483,382547968
35484,382587904
35485,382627840
35486,382667776
35487,382707712
35488,382747648
35489,382787584
35490,382827520
35491,382867456
35492,382907392
35493,382947328
35494,382987264
35495,383027200
35496,383067136
35497,383107072
35498,383147008
35499,383186944
35500,383226880
35501,383266816
35502,383306752
35503,383346688
35504,383386624
35505,383426560
35506,383466496
35507,383506432
35508,383546368
35509,383586304
35510,383626240
35511,383666176
35512,383706112
35513,383746048
35514,383785984
35515,383825920
35516,383865856
35517,383905792
35518,383945728
35519,383985664
35520,384025600
35521,384065536
35522,384105472
35523,384145408
35524,384185344
35525,384225280
35526,384265216
35527,384305152
35528,384345088
35529,384385024
35530,384424960
35531,384464896
35532,384504832
35533,384544768
35534,384584704
35535,384624640
35536,384664576
35537,384704512
35538,384744448
35539,384784384
35540,384824320
35541,384864256
35542,384904192
35543,384944128
35544,384984064
35545,385024000
35546,385063936
35547,385103872
35548,385143808
35549,385183744
35550,385223680
35551,385263616
35552,385303552
35553,385343488
35554,385383424
35555,385423360
35556,385463296
35557,385503232
35558,385543168
35559,385583104
35560,385623040
35561,385662976
35562,385702912
35563,385742848
35564,385782784
35565,385822720
35566,385862656
35567,385902592
35568,385942528
35569,385982464
35570,386022400
35571,386062336
35572,386102272
35573,386142208
35574,386182144
35575,386222080
35576,386262016
35577,386301952
35578,386341888
35579,386381824
35580,386421760
35581,386461696
35582,386501632
35583,386541568
35584,386581504
35585,386621440
35586,386661376
35587,386701312
35588,386741248
35589,386781184
35590,386821120
35591,386861056
35592,386900992
35593,386940928
35594,386980864
35595,387020800
35596,387060736
35597,387100672
35598,387140608
35599,387180544
35600,387220480
35601,387260416
35602,387300352
35603,387340288
35604,387380224
35605,387420160
35606,387460096
35607,387500032
35608,387540992
35609,387581952
35610,387622912
35611,387663872
35612,387704832
35613,387745792
35614,387786752
35615,387827712
35616,387868672
35617,387909632
35618,387950592
35619,387991552
35620,388032512
35621,388073472
35622,388114432
35623,388155392
35624,388196352
35625,388237312
35626,388278272
35627,388319232
35628,388360192
35629,388401152
35630,388442112
35631,388483072
35632,388524032
35633,388564992
35634,388605952
35635,388646912
35636,388687872
35637,388728832
35638,388769792
35639,388810752
35640,388851712
35641,388892672
35642,388933632
35643,388974592
35644,389015552
35645,389056512
35646,389097472
35647,389138432
35648,389179392
35649,389220352
35650,389261312
35651,389302272
35652,389343232
35653,389384192
35654,389425152
35655,389466112
35656,389507072
35657,389548032
35658,389588992
35659,389629952
35660,389670912
35661,389711872
35662,389752832
35663,389793792
35664,389834752
35665,389875712
35666,389916672
35667,389957632
35668,389998592
35669,390039552
35670,390080512
35671,390121472
35672,390162432
35673,390203392
35674,390244352
35675,390285312
35676,390326272
35677,390367232
35678,390408192
35679,390449152
35680,390490112
35681,390531072
35682,390572032
35683,390612992
35684,390653952
35685,390694912
35686,390735872
35687,390776832
35688,390817792
35689,390858752
35690,390899712
35691,390940672
35692,390981632
35693,391022592
35694,391063552
35695,391104512
35696,391145472
35697,391186432
35698,391227392
35699,391268352
35700,391309312
35701,391350272
35702,391391232
35703,391432192
35704,391473152
35705,391514112
35706,391555072
35707,391596032
35708,391636992
35709,391677952
35710,391718912
35711,391759872
35712,391800832
35713,391841792
35714,391882752
35715,391923712
35716,391964672
35717,392005632
35718,392046592
35719,392087552
35720,392128512
35721,392169472
35722,392210432
35723,392251392
35724,392292352
35725,392333312
35726,392374272
35727,392415232
35728,392456192
35729,392497152
35730,392538112
35731,392579072
35732,392620032
35733,392660992
35734,392701952
35735,392742912
35736,392783872
35737,392824832
35738,392865792
35739,392906752
35740,392947712
35741,392988672
35742,393029632
35743,393070592
35744,393111552
35745,393152512
35746,393193472
35747,393234432
35748,393275392
35749,393316352
35750,393357312
35751,393398272
35752,393439232
35753,393480192
35754,393521152
35755,393562112
35756,393603072
35757,393644032
35758,393684992
35759,393725952
35760,393766912
35761,393807872
35762,393848832
35763,393889792
35764,393930752
35765,393971712
35766,394012672
35767,394053632
35768,394094592
35769,394135552
35770,394176512
35771,394217472
35772,394258432
35773,394299392
35774,394340352
35775,394381312
35776,394422272
35777,394463232
35778,394504192
35779,394545152
35780,394586112
35781,394627072
35782,394668032
35783,394708992
35784,394749952
35785,394790912
35786,394831872
35787,394872832
35788,394913792
35789,394954752
35790,394995712
35791,395036672
35792,395077632
35793,395118592
35794,395159552
35795,395200512
35796,395241472
35797,395282432
35798,395323392
35799,395364352
35800,395405312
35801,395446272
35802,395487232
35803,395528192
35804,395569152
35805,395610112
35806,395651072
35807,395692032
35808,395732992
35809,395773952
35810,395814912
35811,395855872
35812,395896832
35813,395937792
35814,395978752
35815,396019712
35816,396060672
35817,396101632
35818,396142592
35819,396183552
35820,396224512
35821,396265472
35822,396306432
35823,396347392
35824,396388352
35825,396429312
35826,396470272
35827,396511232
35828,396552192
35829,396593152
35830,396634112
35831,396675072
35832,396716032
35833,396756992
35834,396797952
35835,396838912
35836,396879872
35837,396920832
35838,396961792
35839,397002752
35840,397043712
35841,397084672
35842,397125632
35843,397166592
35844,397207552
35845,397248512
35846,397289472
35847,397330432
35848,397371392
35849,397412352
35850,397454336
35851,397496320
35852,397538304
35853,397580288
35854,397622272
35855,397664256
35856,397706240
35857,397748224
35858,397790208
35859,397832192
35860,397874176
35861,397916160
35862,397958144
35863,398000128
35864,398042112
35865,398084096
35866,398126080
35867,398168064
35868,398210048
35869,398252032
35870,398294016
35871,398336000
35872,398377984
35873,398419968
35874,398461952
35875,398503936
35876,398545920
35877,398587904
35878,398629888
35879,398671872
35880,398713856
35881,398755840
35882,398797824
35883,398839808
35884,398881792
35885,398923776
35886,398965760
35887,399007744
35888,399049728
35889,399091712
35890,399133696
35891,399175680
35892,399217664
35893,399259648
35894,399301632
35895,399343616
35896,399385600
35897,399427584
35898,399469568
35899,399511552
35900,399553536
35901,399595520
35902,399637504
35903,399679488
35904,399721472
35905,399763456
35906,399805440
35907,399847424
35908,399889408
35909,399931392
35910,399973376
35911,400015360
35912,400057344
35913,400099328
35914,400141312
35915,400183296
35916,400225280
35917,400267264
35918,400309248
35919,400351232
35920,400393216
35921,400435200
35922,400477184
35923,400519168
35924,400561152
35925,400603136
35926,400645120
35927,400687104
35928,400729088
35929,400771072
35930,400813056
35931,400855040
35932,400897024
35933,400939008
35934,400980992
35935,401022976
35936,401064960
35937,401106944
35938,401148928
35939,401190912
35940,401232896
35941,401274880
35942,401316864
35943,401358848
35944,401400832
35945,401442816
35946,401484800
35947,401526784
35948,401568768
35949,401610752
35950,401652736
35951,401694720
35952,401736704
35953,401778688
35954,401820672
35955,401862656
35956,401904640
35957,401946624
35958,401988608
35959,402030592
35960,402072576
35961,402114560
35962,402156544
35963,402198528
35964,402240512
35965,402282496
35966,402324480
35967,402366464
35968,402408448
35969,402450432
35970,402492416
35971,402534400
35972,402576384
35973,402618368
35974,402660352
35975,402702336
35976,402744320
35977,402786304
35978,402828288
35979,402870272
35980,402912256
35981,402954240
35982,402996224
35983,403038208
35984,403080192
35985,403122176
35986,403164160
35987,403206144
35988,403248128
35989,403290112
35990,403332096
35991,403374080
35992,403416064
35993,403458048
35994,403500032
35995,403542016
35996,403584000
35997,403625984
35998,403667968
35999,403709952
36000,403751936
36001,403793920
36002,403835904
36003,403877888
36004,403919872
36005,403961856
36006,404003840
36007,404045824
36008,404087808
36009,404129792
36010,404171776
36011,404213760
36012,404255744
36013,404297728
36014,404339712
36015,404381696
36016,404423680
36017,404465664
36018,404507648
36019,404549632
36020,404591616
36021,404633600
36022,404675584
36023,404717568
36024,404759552
36025,404801536
36026,404843520
36027,404885504
36028,404927488
36029,404969472
36030,405011456
36031,405053440
36032,405095424
36033,405137408
36034,405179392
36035,405221376
36036,405263360
36037,405305344
36038,405347328
36039,405389312
36040,405431296
36041,405473280
36042,405515264
36043,405557248
36044,405599232
36045,405641216
36046,405683200
36047,405725184
36048,405767168
36049,405809152
36050,405851136
36051,405893120
36052,405935104
36053,405977088
36054,406019072
36055,406061056
36056,406103040
36057,406145024
36058,406187008
36059,406228992
36060,406270976
36061,406312960
36062,406354944
36063,406396928
36064,406438912
36065,406480896
36066,406522880
36067,406564864
36068,406606848
36069,406648832
36070,406690816
36071,406732800
36072,406774784
36073,406816768
36074,406858752
36075,406900736
36076,406942720
36077,406984704
36078,407026688
36079,407068672
36080,407110656
36081,407153664
36082,407196672
36083,407239680
36084,407282688
36085,407325696
36086,407368704
36087,407411712
36088,407454720
36089,407497728
36090,407540736
36091,407583744
36092,407626752
36093,407669760
36094,407712768
36095,407755776
36096,407798784
36097,407841792
36098,407884800
36099,407927808
36100,407970816
36101,408013824
36102,408056832
36103,408099840
36104,408142848
36105,408185856
36106,408228864
36107,408271872
36108,408314880
36109,408357888
36110,408400896
36111,408443904
36112,408486912
36113,408529920
36114,408572928
36115,408615936
36116,408658944
36117,408701952
36118,408744960
36119,408787968
36120,408830976
36121,408873984
36122,408916992
36123,408960000
36124,409003008
36125,409046016
36126,409089024
36127,409132032
36128,409175040
36129,409218048
36130,409261056
36131,409304064
36132,409347072
36133,409390080
36134,409433088
36135,409476096
36136,409519104
36137,409562112
36138,409605120
36139,409648128
36140,409691136
36141,409734144
36142,409777152
36143,409820160
36144,409863168
36145,409906176
36146,409949184
36147,409992192
36148,410035200
36149,410078208
36150,410121216
36151,410164224
36152,410207232
36153,410250240
36154,410293248
36155,410336256
36156,410379264
36157,410422272
36158,410465280
36159,410508288
36160,410551296
36161,410594304
36162,410637312
36163,410680320
36164,410723328
36165,410766336
36166,410809344
36167,410852352
36168,410895360
36169,410938368
36170,410981376
36171,411024384
36172,411067392
36173,411110400
36174,411153408
36175,411196416
36176,411239424
36177,411282432
36178,411325440
36179,411368448
36180,411411456
36181,411454464
36182,411497472
36183,411540480
36184,411583488
36185,411626496
36186,411669504
36187,411712512
36188,411755520
36189,411798528
36190,411841536
36191,411884544
36192,411927552
36193,411970560
36194,412013568
36195,412056576
36196,412099584
36197,412142592
36198,412185600
36199,412228608
36200,412271616
36201,412314624
36202,412357632
36203,412400640
36204,412443648
36205,412486656
36206,412529664
36207,412572672
36208,412615680
36209,412658688
36210,412701696
36211,412744704
36212,412787712
36213,412830720
36214,412873728
36215,412916736
36216,412959744
36217,413002752
36218,413045760
36219,413088768
36220,413131776
36221,413174784
36222,413217792
36223,413260800
36224,413303808
36225,413346816
36226,413389824
36227,413432832
36228,413475840
36229,413518848
36230,413561856
36231,413604864
36232,413647872
36233,413690880
36234,413733888
36235,413776896
36236,413819904
36237,413862912
36238,413905920
36239,413948928
36240,413991936
36241,414034944
36242,414077952
36243,414120960
36244,414163968
36245,414206976
36246,414249984
36247,414292992
36248,414336000
36249,414379008
36250,414422016
36251,414465024
36252,414508032
36253,414551040
36254,414594048
36255,414637056
36256,414680064
36257,414723072
36258,414766080
36259,414809088
36260,414852096
36261,414895104
36262,414938112
36263,414981120
36264,415024128
36265,415067136
36266,415110144
36267,415153152
36268,415196160
36269,415239168
36270,415282176
36271,415325184
36272,415368192
36273,415411200
36274,415454208
36275,415497216
36276,415540224
36277,415583232
36278,415626240
36279,415669248
36280,415712256
36281,415755264
36282,415798272
36283,415841280
36284,415884288
36285,415927296
36286,415970304
36287,416013312
36288,416056320
36289,416099328
36290,416142336
36291,416185344
36292,416228352
36293,416271360
36294,416314368
36295,416357376
36296,416400384
36297,416443392
36298,416486400
36299,416529408
36300,416572416
36301,416615424
36302,416658432
36303,416701440
36304,416744448
36305,416787456
36306,416830464
36307,416873472
36308,416917504
36309,416961536
36310,417005568
36311,417049600
36312,417093632
36313,417137664
36314,417181696
36315,417225728
36316,417269760
36317,417313792
36318,417357824
36319,417401856
36320,417445888
36321,417489920
36322,417533952
36323,417577984
36324,417622016
36325,417666048
36326,417710080
36327,417754112
36328,417798144
36329,417842176
36330,417886208
36331,417930240
36332,417974272
36333,418018304
36334,418062336
36335,418106368
36336,418150400
36337,418194432
36338,418238464
36339,418282496
36340,418326528
36341,418370560
36342,418414592
36343,418458624
36344,418502656
36345,418546688
36346,418590720
36347,418634752
36348,418678784
36349,418722816
36350,418766848
36351,418810880
36352,418854912
36353,418898944
36354,418942976
36355,418987008
36356,419031040
36357,419075072
36358,419119104
36359,419163136
36360,419207168
36361,419251200
36362,419295232
36363,419339264
36364,419383296
36365,419427328
36366,419471360
36367,419515392
36368,419559424
36369,419603456
36370,419647488
36371,419691520
36372,419735552
36373,419779584
36374,419823616
36375,419867648
36376,419911680
36377,419955712
36378,419999744
36379,420043776
36380,420087808
36381,420131840
36382,420175872
36383,420219904
36384,420263936
36385,420307968
36386,420352000
36387,420396032
36388,420440064
36389,420484096
36390,420528128
36391,420572160
36392,420616192
36393,420660224
36394,420704256
36395,420748288
36396,420792320
36397,420836352
36398,420880384
36399,420924416
36400,420968448
36401,421012480
36402,421056512
36403,421100544
36404,421144576
36405,421188608
36406,421232640
36407,421276672
36408,421320704
36409,421364736
36410,421408768
36411,421452800
36412,421496832
36413,421540864
36414,421584896
36415,421628928
36416,421672960
36417,421716992
36418,421761024
36419,421805056
36420,421849088
36421,421893120
36422,421937152
36423,421981184
36424,422025216
36425,422069248
36426,422113280
36427,422157312
36428,422201344
36429,422245376
36430,422289408
36431,422333440
36432,422377472
36433,422421504
36434,422465536
36435,422509568
36436,422553600
36437,422597632
36438,422641664
36439,422685696
36440,422729728
36441,422773760
36442,422817792
36443,422861824
36444,422905856
36445,422949888
36446,422993920
36447,423037952
36448,423081984
36449,423126016
36450,423170048
36451,423214080
36452,423258112
36453,423302144
36454,423346176
36455,423390208
36456,423434240
36457,423478272
36458,423522304
36459,423566336
36460,423610368
36461,423654400
36462,423698432
36463,423742464
36464,423786496
36465,423830528
36466,423874560
36467,423918592
36468,423962624
36469,424006656
36470,424050688
36471,424094720
36472,424138752
36473,424182784
36474,424226816
36475,424270848
36476,424314880
36477,424358912
36478,424402944
36479,424446976
36480,424491008
36481,424535040
36482,424579072
36483,424623104
36484,424667136
36485,424711168
36486,424755200
36487,424799232
36488,424843264
36489,424887296
36490,424931328
36491,424975360
36492,425019392
36493,425063424
36494,425107456
36495,425151488
36496,425195520
36497,425239552
36498,425283584
36499,425327616
36500,425371648
36501,425415680
36502,425459712
36503,425503744
36504,425547776
36505,425591808
36506,425635840
36507,425679872
36508,425723904
36509,425767936
36510,425811968
36511,425856000
36512,425900032
36513,425944064
36514,425988096
36515,426032128
36516,426076160
36517,426120192
36518,426164224
36519,426208256
36520,426252288
36521,426296320
36522,426340352
36523,426384384
36524,426428416
36525,426472448
36526,426516480
36527,426561536
36528,426606592
36529,426651648
36530,426696704
36531,426741760
36532,426786816
36533,426831872
36534,426876928
36535,426921984
36536,426967040
36537,427012096
36538,427057152
36539,427102208
36540,427147264
36541,427192320
36542,427237376
36543,427282432
36544,427327488
36545,427372544
36546,427417600
36547,427462656
36548,427507712
36549,427552768
36550,427597824
36551,427642880
36552,427687936
36553,427732992
36554,427778048
36555,427823104
36556,427868160
36557,427913216
36558,427958272
36559,428003328
36560,428048384
36561,428093440
36562,428138496
36563,428183552
36564,428228608
36565,428273664
36566,428318720
36567,428363776
36568,428408832
36569,428453888
36570,428498944
36571,428544000
36572,428589056
36573,428634112
36574,428679168
36575,428724224
36576,428769280
36577,428814336
36578,428859392
36579,428904448
36580,428949504
36581,428994560
36582,429039616
36583,429084672
36584,429129728
36585,429174784
36586,429219840
36587,429264896
36588,429309952
36589,429355008
36590,429400064
36591,429445120
36592,429490176
36593,429535232
36594,429580288
36595,429625344
36596,429670400
36597,429715456
36598,429760512
36599,429805568
36600,429850624
36601,429895680
36602,429940736
36603,429985792
36604,430030848
36605,430075904
36606,430120960
36607,430166016
36608,430211072
36609,430256128
36610,430301184
36611,430346240
36612,430391296
36613,430436352
36614,430481408
36615,430526464
36616,430571520
36617,430616576
36618,430661632
36619,430706688
36620,430751744
36621,430796800
36622,430841856
36623,430886912
36624,430931968
36625,430977024
36626,431022080
36627,431067136
36628,431112192
36629,431157248
36630,431202304
36631,431247360
36632,431292416
36633,431337472
36634,431382528
36635,431427584
36636,431472640
36637,431517696
36638,431562752
36639,431607808
36640,431652864
36641,431697920
36642,431742976
36643,431788032
36644,431833088
36645,431878144
36646,431923200
36647,431968256
36648,432013312
36649,432058368
36650,432103424
36651,432148480
36652,432193536
36653,432238592
36654,432283648
36655,432328704
36656,432373760
36657,432418816
36658,432463872
36659,432508928
36660,432553984
36661,432599040
36662,432644096
36663,432689152
36664,432734208
36665,432779264
36666,432824320
36667,432869376
36668,432914432
36669,432959488
36670,433004544
36671,433049600
36672,433094656
36673,433139712
36674,433184768
36675,433229824
36676,433274880
36677,433319936
36678,433364992
36679,433410048
36680,433455104
36681,433500160
36682,433545216
36683,433590272
36684,433635328
36685,433680384
36686,433725440
36687,433770496
36688,433815552
36689,433860608
36690,433905664
36691,433950720
36692,433995776
36693,434040832
36694,434085888
36695,434130944
36696,434176000
36697,434221056
36698,434266112
36699,434311168
36700,434356224
36701,434401280
36702,434446336
36703,434491392
36704,434536448
36705,434581504
36706,434626560
36707,434671616
36708,434716672
36709,434761728
36710,434806784
36711,434851840
36712,434896896
36713,434941952
36714,434987008
36715,435032064
36716,435077120
36717,435122176
36718,435167232
36719,435212288
36720,435257344
36721,435302400
36722,435347456
36723,435392512
36724,435437568
36725,435482624
36726,435527680
36727,435572736
36728,435617792
36729,435662848
36730,435707904
36731,435752960
36732,435798016
36733,435843072
36734,435888128
36735,435933184
36736,435978240
36737,436023296
36738,436068352
36739,436113408
36740,436158464
36741,436203520
36742,436248576
36743,436293632
36744,436338688
36745,436383744
36746,436428800
36747,436473856
36748,436518912
36749,436563968
36750,436609024
36751,436654080
36752,436699136
36753,436744192
36754,436789248
36755,436834304
36756,436879360
36757,436924416
36758,436969472
36759,437014528
36760,437059584
36761,437104640
36762,437149696
36763,437194752
36764,437239808
36765,437284864
36766,437329920
36767,437374976
36768,437421056
36769,437467136
36770,437513216
36771,437559296
36772,437605376
36773,437651456
36774,437697536
36775,437743616
36776,437789696
36777,437835776
36778,437881856
36779,437927936
36780,437974016
36781,438020096
36782,438066176
36783,438112256
36784,438158336
36785,438204416
36786,438250496
36787,438296576
36788,438342656
36789,438388736
36790,438434816
36791,438480896
36792,438526976
36793,438573056
36794,438619136
36795,438665216
36796,438711296
36797,438757376
36798,438803456
36799,438849536
36800,438895616
36801,438941696
36802,438987776
36803,439033856
36804,439079936
36805,439126016
36806,439172096
36807,439218176
36808,439264256
36809,439310336
36810,439356416
36811,439402496
36812,439448576
36813,439494656
36814,439540736
36815,439586816
36816,439632896
36817,439678976
36818,439725056
36819,439771136
36820,439817216
36821,439863296
36822,439909376
36823,439955456
36824,440001536
36825,440047616
36826,440093696
36827,440139776
36828,440185856
36829,440231936
36830,440278016
36831,440324096
36832,440370176
36833,440416256
36834,440462336
36835,440508416
36836,440554496
36837,440600576
36838,440646656
36839,440692736
36840,440738816
36841,440784896
36842,440830976
36843,440877056
36844,440923136
36845,440969216
36846,441015296
36847,441061376
36848,441107456
36849,441153536
36850,441199616
36851,441245696
36852,441291776
36853,441337856
36854,441383936
36855,441430016
36856,441476096
36857,441522176
36858,441568256
36859,441614336
36860,441660416
36861,441706496
36862,441752576
36863,441798656
36864,441844736
36865,441890816
36866,441936896
36867,441982976
36868,442029056
36869,442075136
36870,442121216
36871,442167296
36872,442213376
36873,442259456
36874,442305536
36875,442351616
36876,442397696
36877,442443776
36878,442489856
36879,442535936
36880,442582016
36881,442628096
36882,442674176
36883,442720256
36884,442766336
36885,442812416
36886,442858496
36887,442904576
36888,442950656
36889,442996736
36890,443042816
36891,443088896
36892,443134976
36893,443181056
36894,443227136
36895,443273216
36896,443319296
36897,443365376
36898,443411456
36899,443457536
36900,443503616
36901,443549696
36902,443595776
36903,443641856
36904,443687936
36905,443734016
36906,443780096
36907,443826176
36908,443872256
36909,443918336
36910,443964416
36911,444010496
36912,444056576
36913,444102656
36914,444148736
36915,444194816
36916,444240896
36917,444286976
36918,444333056
36919,444379136
36920,444425216
36921,444471296
36922,444517376
36923,444563456
36924,444609536
36925,444655616
36926,444701696
36927,444747776
36928,444793856
36929,444839936
36930,444886016
36931,444932096
36932,444978176
36933,445024256
36934,445070336
36935,445116416
36936,445162496
36937,445208576
36938,445254656
36939,445300736
36940,445346816
36941,445392896
36942,445438976
36943,445485056
36944,445531136
36945,445577216
36946,445623296
36947,445669376
36948,445715456
36949,445761536
36950,445807616
36951,445853696
36952,445899776
36953,445945856
36954,445991936
36955,446038016
36956,446084096
36957,446130176
36958,446176256
36959,446222336
36960,446268416
36961,446314496
36962,446360576
36963,446406656
36964,446452736
36965,446498816
36966,446545920
36967,446593024
36968,446640128
36969,446687232
36970,446734336
36971,446781440
36972,446828544
36973,446875648
36974,446922752
36975,446969856
36976,447016960
36977,447064064
36978,447111168
36979,447158272
36980,447205376
36981,447252480
36982,447299584
36983,447346688
36984,447393792
36985,447440896
36986,447488000
36987,447535104
36988,447582208
36989,447629312
36990,447676416
36991,447723520
36992,447770624
36993,447817728
36994,447864832
36995,447911936
36996,447959040
36997,448006144
36998,448053248
36999,448100352
37000,448147456
37001,448194560
37002,448241664
37003,448288768
37004,448335872
37005,448382976
37006,448430080
37007,448477184
37008,448524288
37009,448571392
37010,448618496
37011,448665600
37012,448712704
37013,448759808
37014,448806912
37015,448854016
37016,448901120
37017,448948224
37018,448995328
37019,449042432
37020,449089536
37021,449136640
37022,449183744
37023,449230848
37024,449277952
37025,449325056
37026,449372160
37027,449419264
37028,449466368
37029,449513472
37030,449560576
37031,449607680
37032,449654784
37033,449701888
37034,449748992
37035,449796096
37036,449843200
37037,449890304
37038,449937408
37039,449984512
37040,450031616
37041,450078720
37042,450125824
37043,450172928
37044,450220032
37045,450267136
37046,450314240
37047,450361344
37048,450408448
37049,450455552
37050,450502656
37051,450549760
37052,450596864
37053,450643968
37054,450691072
37055,450738176
37056,450785280
37057,450832384
37058,450879488
37059,450926592
37060,450973696
37061,451020800
37062,451067904
37063,451115008
37064,451162112
37065,451209216
37066,451256320
37067,451303424
37068,451350528
37069,451397632
37070,451444736
37071,451491840
37072,451538944
37073,451586048
37074,451633152
37075,451680256
37076,451727360
37077,451774464
37078,451821568
37079,451868672
37080,451915776
37081,451962880
37082,452009984
37083,452057088
37084,452104192
37085,452151296
37086,452198400
37087,452245504
37088,452292608
37089,452339712
37090,452386816
37091,452433920
37092,452481024
37093,452528128
37094,452575232
37095,452622336
37096,452669440
37097,452716544
37098,452763648
37099,452810752
37100,452857856
37101,452904960
37102,452952064
37103,452999168
37104,453046272
37105,453093376
37106,453140480
37107,453187584
37108,453234688
37109,453281792
37110,453328896
37111,453376000
37112,453423104
37113,453470208
37114,453517312
37115,453564416
37116,453611520
37117,453658624
37118,453705728
37119,453752832
37120,453799936
37121,453847040
37122,453894144
37123,453941248
37124,453988352
37125,454035456
37126,454082560
37127,454129664
37128,454176768
37129,454223872
37130,454270976
37131,454318080
37132,454365184
37133,454412288
37134,454459392
37135,454506496
37136,454553600
37137,454600704
37138,454647808
37139,454694912
37140,454742016
37141,454789120
37142,454836224
37143,454883328
37144,454930432
37145,454977536
37146,455024640
37147,455071744
37148,455118848
37149,455165952
37150,455213056
37151,455260160
37152,455307264
37153,455354368
37154,455401472
37155,455448576
37156,455495680
37157,455542784
37158,455589888
37159,455636992
37160,455684096
37161,455731200
37162,455778304
37163,455825408
37164,455872512
37165,455919616
37166,455966720
37167,456013824
37168,456060928
37169,456108032
37170,456155136
37171,456202240
37172,456249344
37173,456296448
37174,456343552
37175,456390656
37176,456437760
37177,456484864
37178,456531968
37179,456579072
37180,456626176
37181,456673280
37182,456720384
37183,456768512
37184,456816640
37185,456864768
37186,456912896
37187,456961024
37188,457009152
37189,457057280
37190,457105408
37191,457153536
37192,457201664
37193,457249792
37194,457297920
37195,457346048
37196,457394176
37197,457442304
37198,457490432
37199,457538560
37200,457586688
37201,457634816
37202,457682944
37203,457731072
37204,457779200
37205,457827328
37206,457875456
37207,457923584
37208,457971712
37209,458019840
37210,458067968
37211,458116096
37212,458164224
37213,458212352
37214,458260480
37215,458308608
37216,458356736
37217,458404864
37218,458452992
37219,458501120
37220,458549248
37221,458597376
37222,458645504
37223,458693632
37224,458741760
37225,458789888
37226,458838016
37227,458886144
37228,458934272
37229,458982400
37230,459030528
37231,459078656
37232,459126784
37233,459174912
37234,459223040
37235,459271168
37236,459319296
37237,459367424
37238,459415552
37239,459463680
37240,459511808
37241,459559936
37242,459608064
37243,459656192
37244,459704320
37245,459752448
37246,459800576
37247,459848704
37248,459896832
37249,459944960
37250,459993088
37251,460041216
37252,460089344
37253,460137472
37254,460185600
37255,460233728
37256,460281856
37257,460329984
37258,460378112
37259,460426240
37260,460474368
37261,460522496
37262,460570624
37263,460618752
37264,460666880
37265,460715008
37266,460763136
37267,460811264
37268,460859392
37269,460907520
37270,460955648
37271,461003776
37272,461051904
37273,461100032
37274,461148160
37275,461196288
37276,461244416
37277,461292544
37278,461340672
37279,461388800
37280,461436928
37281,461485056
37282,461533184
37283,461581312
37284,461629440
37285,461677568
37286,461725696
37287,461773824
37288,461821952
37289,461870080
37290,461918208
37291,461966336
37292,462014464
37293,462062592
37294,462110720
37295,462158848
37296,462206976
37297,462255104
37298,462303232
37299,462351360
37300,462399488
37301,462447616
37302,462495744
37303,462543872
37304,462592000
37305,462640128
37306,462688256
37307,462736384
37308,462784512
37309,462832640
37310,462880768
37311,462928896
37312,462977024
37313,463025152
37314,463073280
37315,463121408
37316,463169536
37317,463217664
37318,463265792
37319,463313920
37320,463362048
37321,463410176
37322,463458304
37323,463506432
37324,463554560
37325,463602688
37326,463650816
37327,463698944
37328,463747072
37329,463795200
37330,463843328
37331,463891456
37332,463939584
37333,463987712
37334,464035840
37335,464083968
37336,464132096
37337,464180224
37338,464228352
37339,464276480
37340,464324608
37341,464372736
37342,464420864
37343,464468992
37344,464517120
37345,464565248
37346,464613376
37347,464661504
37348,464709632
37349,464757760
37350,464805888
37351,464854016
37352,464902144
37353,464950272
37354,464998400
37355,465046528
37356,465094656
37357,465142784
37358,465190912
37359,465239040
37360,465287168
37361,465335296
37362,465383424
37363,465431552
37364,465479680
37365,465527808
37366,465575936
37367,465624064
37368,465672192
37369,465720320
37370,465768448
37371,465816576
37372,465864704
37373,465912832
37374,465960960
37375,466009088
37376,466057216
37377,466105344
37378,466153472
37379,466201600
37380,466249728
37381,466297856
37382,466345984
37383,466394112
37384,466442240
37385,466490368
37386,466539520
37387,466588672
37388,466637824
37389,466686976
37390,466736128
37391,466785280
37392,466834432
37393,466883584
37394,466932736
37395,466981888
37396,467031040
37397,467080192
37398,467129344
37399,467178496
37400,467227648
37401,467276800
37402,467325952
37403,467375104
37404,467424256
37405,467473408
37406,467522560
37407,467571712
37408,467620864
37409,467670016
37410,467719168
37411,467768320
37412,467817472
37413,467866624
37414,467915776
37415,467964928
37416,468014080
37417,468063232
37418,468112384
37419,468161536
37420,468210688
37421,468259840
37422,468308992
37423,468358144
37424,468407296
37425,468456448
37426,468505600
37427,468554752
37428,468603904
37429,468653056
37430,468702208
37431,468751360
37432,468800512
37433,468849664
37434,468898816
37435,468947968
37436,468997120
37437,469046272
37438,469095424
37439,469144576
37440,469193728
37441,469242880
37442,469292032
37443,469341184
37444,469390336
37445,469439488
37446,469488640
37447,469537792
37448,469586944
37449,469636096
37450,469685248
37451,469734400
37452,469783552
37453,469832704
37454,469881856
37455,469931008
37456,469980160
37457,470029312
37458,470078464
37459,470127616
37460,470176768
37461,470225920
37462,470275072
37463,470324224
37464,470373376
37465,470422528
37466,470471680
37467,470520832
37468,470569984
37469,470619136
37470,470668288
37471,470717440
37472,470766592
37473,470815744
37474,470864896
37475,470914048
37476,470963200
37477,471012352
37478,471061504
37479,471110656
37480,471159808
37481,471208960
37482,471258112
37483,471307264
37484,471356416
37485,471405568
37486,471454720
37487,471503872
37488,471553024
37489,471602176
37490,471651328
37491,471700480
37492,471749632
37493,471798784
37494,471847936
37495,471897088
37496,471946240
37497,471995392
37498,472044544
37499,472093696
37500,472142848
37501,472192000
37502,472241152
37503,472290304
37504,472339456
37505,472388608
37506,472437760
37507,472486912
37508,472536064
37509,472585216
37510,472634368
37511,472683520
37512,472732672
37513,472781824
37514,472830976
37515,472880128
37516,472929280
37517,472978432
37518,473027584
37519,473076736
37520,473125888
37521,473175040
37522,473224192
37523,473273344
37524,473322496
37525,473371648
37526,473420800
37527,473469952
37528,473519104
37529,473568256
37530,473617408
37531,473666560
37532,473715712
37533,473764864
37534,473814016
37535,473863168
37536,473912320
37537,473961472
37538,474010624
37539,474059776
37540,474108928
37541,474158080
37542,474207232
37543,474256384
37544,474305536
37545,474354688
37546,474403840
37547,474452992
37548,474502144
37549,474551296
37550,474600448
37551,474649600
37552,474698752
37553,474747904
37554,474797056
37555,474846208
37556,474895360
37557,474944512
37558,474993664
37559,475042816
37560,475091968
37561,475141120
37562,475190272
37563,475239424
37564,475288576
37565,475337728
37566,475386880
37567,475436032
37568,475485184
37569,475534336
37570,475583488
37571,475632640
37572,475681792
37573,475730944
37574,475780096
37575,475830272
37576,475880448
37577,475930624
37578,475980800
37579,476030976
37580,476081152
37581,476131328
37582,476181504
37583,476231680
37584,476281856
37585,476332032
37586,476382208
37587,476432384
37588,476482560
37589,476532736
37590,476582912
37591,476633088
37592,476683264
37593,476733440
37594,476783616
37595,476833792
37596,476883968
37597,476934144
37598,476984320
37599,477034496
37600,477084672
37601,477134848
37602,477185024
37603,477235200
37604,477285376
37605,477335552
37606,477385728
37607,477435904
37608,477486080
37609,477536256
37610,477586432
37611,477636608
37612,477686784
37613,477736960
37614,477787136
37615,477837312
37616,477887488
37617,477937664
37618,477987840
37619,478038016
37620,478088192
37621,478138368
37622,478188544
37623,478238720
37624,478288896
37625,478339072
37626,478389248
37627,478439424
37628,478489600
37629,478539776
37630,478589952
37631,478640128
37632,478690304
37633,478740480
37634,478790656
37635,478840832
37636,478891008
37637,478941184
37638,478991360
37639,479041536
37640,479091712
37641,479141888
37642,479192064
37643,479242240
37644,479292416
37645,479342592
37646,479392768
37647,479442944
37648,479493120
37649,479543296
37650,479593472
37651,479643648
37652,479693824
37653,479744000
37654,479794176
37655,479844352
37656,479894528
37657,479944704
37658,479994880
37659,480045056
37660,480095232
37661,480145408
37662,480195584
37663,480245760
37664,480295936
37665,480346112
37666,480396288
37667,480446464
37668,480496640
37669,480546816
37670,480596992
37671,480647168
37672,480697344
37673,480747520
37674,480797696
37675,480847872
37676,480898048
37677,480948224
37678,480998400
37679,481048576
37680,481098752
37681,481148928
37682,481199104
37683,481249280
37684,481299456
37685,481349632
37686,481399808
37687,481449984
37688,481500160
37689,481550336
37690,481600512
37691,481650688
37692,481700864
37693,481751040
37694,481801216
37695,481851392
37696,481901568
37697,481951744
37698,482001920
37699,482052096
37700,482102272
37701,482152448
37702,482202624
37703,482252800
37704,482302976
37705,482353152
37706,482403328
37707,482453504
37708,482503680
37709,482553856
37710,482604032
37711,482654208
37712,482704384
37713,482754560
37714,482804736
37715,482854912
37716,482905088
37717,482955264
37718,483005440
37719,483055616
37720,483105792
37721,483155968
37722,483206144
37723,483256320
37724,483306496
37725,483356672
37726,483406848
37727,483457024
37728,483507200
37729,483557376
37730,483607552
37731,483657728
37732,483707904
37733,483758080
37734,483808256
37735,483858432
37736,483908608
37737,483958784
37738,484008960
37739,484059136
37740,484109312
37741,484159488
37742,484209664
37743,484259840
37744,484310016
37745,484360192
37746,484410368
37747,484460544
37748,484510720
37749,484560896
37750,484611072
37751,484661248
37752,484711424
37753,484761600
37754,484811776
37755,484861952
37756,484912128
37757,484962304
37758,485012480
37759,485063680
37760,485114880
37761,485166080
37762,485217280
37763,485268480
37764,485319680
37765,485370880
37766,485422080
37767,485473280
37768,485524480
37769,485575680
37770,485626880
37771,485678080
37772,485729280
37773,485780480
37774,485831680
37775,485882880
37776,485934080
37777,485985280
37778,486036480
37779,486087680
37780,486138880
37781,486190080
37782,486241280
37783,486292480
37784,486343680
37785,486394880
37786,486446080
37787,486497280
37788,486548480
37789,486599680
37790,486650880
37791,486702080
37792,486753280
37793,486804480
37794,486855680
37795,486906880
37796,486958080
37797,487009280
37798,487060480
37799,487111680
37800,487162880
37801,487214080
37802,487265280
37803,487316480
37804,487367680
37805,487418880
37806,487470080
37807,487521280
37808,487572480
37809,487623680
37810,487674880
37811,487726080
37812,487777280
37813,487828480
37814,487879680
37815,487930880
37816,487982080
37817,488033280
37818,488084480
37819,488135680
37820,488186880
37821,488238080
37822,488289280
37823,488340480
37824,488391680
37825,488442880
37826,488494080
37827,488545280
37828,488596480
37829,488647680
37830,488698880
37831,488750080
37832,488801280
37833,488852480
37834,488903680
37835,488954880
37836,489006080
37837,489057280
37838,489108480
37839,489159680
37840,489210880
37841,489262080
37842,489313280
37843,489364480
37844,489415680
37845,489466880
37846,489518080
37847,489569280
37848,489620480
37849,489671680
37850,489722880
37851,489774080
37852,489825280
37853,489876480
37854,489927680
37855,489978880
37856,490030080
37857,490081280
37858,490132480
37859,490183680
37860,490234880
37861,490286080
37862,490337280
37863,490388480
37864,490439680
37865,490490880
37866,490542080
37867,490593280
37868,490644480
37869,490695680
37870,490746880
37871,490798080
37872,490849280
37873,490900480
37874,490951680
37875,491002880
37876,491054080
37877,491105280
37878,491156480
37879,491207680
37880,491258880
37881,491310080
37882,491361280
37883,491412480
37884,491463680
37885,491514880
37886,491566080
37887,491617280
37888,491668480
37889,491719680
37890,491770880
37891,491822080
37892,491873280
37893,491924480
37894,491975680
37895,492026880
37896,492078080
37897,492129280
37898,492180480
37899,492231680
37900,492282880
37901,492334080
37902,492385280
37903,492436480
37904,492487680
37905,492538880
37906,492590080
37907,492641280
37908,492692480
37909,492743680
37910,492794880
37911,492846080
37912,492897280
37913,492948480
37914,492999680
37915,493050880
37916,493102080
37917,493153280
37918,493204480
37919,493255680
37920,493306880
37921,493358080
37922,493409280
37923,493460480
37924,493511680
37925,493562880
37926,493614080
37927,493665280
37928,493716480
37929,493767680
37930,493818880
37931,493870080
37932,493921280
37933,493972480
37934,494023680
37935,494074880
37936,494126080
37937,494177280
37938,494228480
37939,494279680
37940,494330880
37941,494382080
37942,494433280
37943,494484480
37944,494535680
37945,494586880
37946,494638080
37947,494689280
37948,494740480
37949,494791680
37950,494842880
37951,494894080
37952,494945280
37953,494996480
37954,495047680
37955,495098880
37956,495150080
37957,495201280
37958,495252480
37959,495304704
37960,495356928
37961,495409152
37962,495461376
37963,495513600
37964,495565824
37965,495618048
37966,495670272
37967,495722496
37968,495774720
37969,495826944
37970,495879168
37971,495931392
37972,495983616
37973,496035840
37974,496088064
37975,496140288
37976,496192512
37977,496244736
37978,496296960
37979,496349184
37980,496401408
37981,496453632
37982,496505856
37983,496558080
37984,496610304
37985,496662528
37986,496714752
37987,496766976
37988,496819200
37989,496871424
37990,496923648
37991,496975872
37992,497028096
37993,497080320
37994,497132544
37995,497184768
37996,497236992
37997,497289216
37998,497341440
37999,497393664
38000,497445888
38001,497498112
38002,497550336
38003,497602560
38004,497654784
38005,497707008
38006,497759232
38007,497811456
38008,497863680
38009,497915904
38010,497968128
38011,498020352
38012,498072576
38013,498124800
38014,498177024
38015,498229248
38016,498281472
38017,498333696
38018,498385920
38019,498438144
38020,498490368
38021,498542592
38022,498594816
38023,498647040
38024,498699264
38025,498751488
38026,498803712
38027,498855936
38028,498908160
38029,498960384
38030,499012608
38031,499064832
38032,499117056
38033,499169280
38034,499221504
38035,499273728
38036,499325952
38037,499378176
38038,499430400
38039,499482624
38040,499534848
38041,499587072
38042,499639296
38043,499691520
38044,499743744
38045,499795968
38046,499848192
38047,499900416
38048,499952640
38049,500004864
38050,500057088
38051,500109312
38052,500161536
38053,500213760
38054,500265984
38055,500318208
38056,500370432
38057,500422656
38058,500474880
38059,500527104
38060,500579328
38061,500631552
38062,500683776
38063,500736000
38064,500788224
38065,500840448
38066,500892672
38067,500944896
38068,500997120
38069,501049344
38070,501101568
38071,501153792
38072,501206016
38073,501258240
38074,501310464
38075,501362688
38076,501414912
38077,501467136
38078,501519360
38079,501571584
38080,501623808
38081,501676032
38082,501728256
38083,501780480
38084,501832704
38085,501884928
38086,501937152
38087,501989376
38088,502041600
38089,502093824
38090,502146048
38091,502198272
38092,502250496
38093,502302720
38094,502354944
38095,502407168
38096,502459392
38097,502511616
38098,502563840
38099,502616064
38100,502668288
38101,502720512
38102,502772736
38103,502824960
38104,502877184
38105,502929408
38106,502981632
38107,503033856
38108,503086080
38109,503138304
38110,503190528
38111,503242752
38112,503294976
38113,503347200
38114,503399424
38115,503451648
38116,503503872
38117,503556096
38118,503608320
38119,503660544
38120,503712768
38121,503764992
38122,503817216
38123,503869440
38124,503921664
38125,503973888
38126,504026112
38127,504078336
38128,504130560
38129,504182784
38130,504235008
38131,504287232
38132,504339456
38133,504391680
38134,504443904
38135,504496128
38136,504548352
38137,504600576
38138,504652800
38139,504705024
38140,504758272
38141,504811520
38142,504864768
38143,504918016
38144,504971264
38145,505024512
38146,505077760
38147,505131008
38148,505184256
38149,505237504
38150,505290752
38151,505344000
38152,505397248
38153,505450496
38154,505503744
38155,505556992
38156,505610240
38157,505663488
38158,505716736
38159,505769984
38160,505823232
38161,505876480
38162,505929728
38163,505982976
38164,506036224
38165,506089472
38166,506142720
38167,506195968
38168,506249216
38169,506302464
38170,506355712
38171,506408960
38172,506462208
38173,506515456
38174,506568704
38175,506621952
38176,506675200
38177,506728448
38178,506781696
38179,506834944
38180,506888192
38181,506941440
38182,506994688
38183,507047936
38184,507101184
38185,507154432
38186,507207680
38187,507260928
38188,507314176
38189,507367424
38190,507420672
38191,507473920
38192,507527168
38193,507580416
38194,507633664
38195,507686912
38196,507740160
38197,507793408
38198,507846656
38199,507899904
38200,507953152
38201,508006400
38202,508059648
38203,508112896
38204,508166144
38205,508219392
38206,508272640
38207,508325888
38208,508379136
38209,508432384
38210,508485632
38211,508538880
38212,508592128
38213,508645376
38214,508698624
38215,508751872
38216,508805120
38217,508858368
38218,508911616
38219,508964864
38220,509018112
38221,509071360
38222,509124608
38223,509177856
38224,509231104
38225,509284352
38226,509337600
38227,509390848
38228,509444096
38229,509497344
38230,509550592
38231,509603840
38232,509657088
38233,509710336
38234,509763584
38235,509816832
38236,509870080
38237,509923328
38238,509976576
38239,510029824
38240,510083072
38241,510136320
38242,510189568
38243,510242816
38244,510296064
38245,510349312
38246,510402560
38247,510455808
38248,510509056
38249,510562304
38250,510615552
38251,510668800
38252,510722048
38253,510775296
38254,510828544
38255,510881792
38256,510935040
38257,510988288
38258,511041536
38259,511094784
38260,511148032
38261,511201280
38262,511254528
38263,511307776
38264,511361024
38265,511414272
38266,511467520
38267,511520768
38268,511574016
38269,511627264
38270,511680512
38271,511733760
38272,511787008
38273,511840256
38274,511893504
38275,511946752
38276,512000000
38277,512053248
38278,512106496
38279,512159744
38280,512212992
38281,512266240
38282,512319488
38283,512372736
38284,512425984
38285,512479232
38286,512532480
38287,512585728
38288,512638976
38289,512692224
38290,512745472
38291,512798720
38292,512851968
38293,512905216
38294,512958464
38295,513011712
38296,513064960
38297,513118208
38298,513171456
38299,513224704
38300,513277952
38301,513331200
38302,513384448
38303,513437696
38304,513490944
38305,513544192
38306,513597440
38307,513650688
38308,513703936
38309,513757184
38310,513810432
38311,513863680
38312,513916928
38313,513970176
38314,514023424
38315,514076672
38316,514129920
38317,514183168
38318,514236416
38319,514289664
38320,514342912
38321,514396160
38322,514449408
38323,514502656
38324,514555904
38325,514609152
38326,514662400
38327,514715648
38328,514768896
38329,514822144
38330,514875392
38331,514928640
38332,514981888
38333,515035136
38334,515088384
38335,515141632
38336,515194880
38337,515248128
38338,515301376
38339,515354624
38340,515408896
38341,515463168
38342,515517440
38343,515571712
38344,515625984
38345,515680256
38346,515734528
38347,515788800
38348,515843072
38349,515897344
38350,515951616
38351,516005888
38352,516060160
38353,516114432
38354,516168704
38355,516222976
38356,516277248
38357,516331520
38358,516385792
38359,516440064
38360,516494336
38361,516548608
38362,516602880
38363,516657152
38364,516711424
38365,516765696
38366,516819968
38367,516874240
38368,516928512
38369,516982784
38370,517037056
38371,517091328
38372,517145600
38373,517199872
38374,517254144
38375,517308416
38376,517362688
38377,517416960
38378,517471232
38379,517525504
38380,517579776
38381,517634048
38382,517688320
38383,517742592
38384,517796864
38385,517851136
38386,517905408
38387,517959680
38388,518013952
38389,518068224
38390,518122496
38391,518176768
38392,518231040
38393,518285312
38394,518339584
38395,518393856
38396,518448128
38397,518502400
38398,518556672
38399,518610944
38400,518665216
38401,518719488
38402,518773760
38403,518828032
38404,518882304
38405,518936576
38406,518990848
38407,519045120
38408,519099392
38409,519153664
38410,519207936
38411,519262208
38412,519316480
38413,519370752
38414,519425024
38415,519479296
38416,519533568
38417,519587840
38418,519642112
38419,519696384
38420,519750656
38421,519804928
38422,519859200
38423,519913472
38424,519967744
38425,520022016
38426,520076288
38427,520130560
38428,520184832
38429,520239104
38430,520293376
38431,520347648
38432,520401920
38433,520456192
38434,520510464
38435,520564736
38436,520619008
38437,520673280
38438,520727552
38439,520781824
38440,520836096
38441,520890368
38442,520944640
38443,520998912
38444,521053184
38445,521107456
38446,521161728
38447,521216000
38448,521270272
38449,521324544
38450,521378816
38451,521433088
38452,521487360
38453,521541632
38454,521595904
38455,521650176
38456,521704448
38457,521758720
38458,521812992
38459,521867264
38460,521921536
38461,521975808
38462,522030080
38463,522084352
38464,522138624
38465,522192896
38466,522247168
38467,522301440
38468,522355712
38469,522409984
38470,522464256
38471,522518528
38472,522572800
38473,522627072
38474,522681344
38475,522735616
38476,522789888
38477,522844160
38478,522898432
38479,522952704
38480,523006976
38481,523061248
38482,523115520
38483,523169792
38484,523224064
38485,523278336
38486,523332608
38487,523386880
38488,523441152
38489,523495424
38490,523549696
38491,523603968
38492,523658240
38493,523712512
38494,523766784
38495,523821056
38496,523875328
38497,523929600
38498,523983872
38499,524038144
38500,524092416
38501,524146688
38502,524200960
38503,524255232
38504,524309504
38505,524363776
38506,524418048
38507,524472320
38508,524526592
38509,524580864
38510,524635136
38511,524689408
38512,524743680
38513,524797952
38514,524852224
38515,524906496
38516,524960768
38517,525016064
38518,525071360
38519,525126656
38520,525181952
38521,525237248
38522,525292544
38523,525347840
38524,525403136
38525,525458432
38526,525513728
38527,525569024
38528,525624320
38529,525679616
38530,525734912
38531,525790208
38532,525845504
38533,525900800
38534,525956096
38535,526011392
38536,526066688
38537,526121984
38538,526177280
38539,526232576
38540,526287872
38541,526343168
38542,526398464
38543,526453760
38544,526509056
38545,526564352
38546,526619648
38547,526674944
38548,526730240
38549,526785536
38550,526840832
38551,526896128
38552,526951424
38553,527006720
38554,527062016
38555,527117312
38556,527172608
38557,527227904
38558,527283200
38559,527338496
38560,527393792
38561,527449088
38562,527504384
38563,527559680
38564,527614976
38565,527670272
38566,527725568
38567,527780864
38568,527836160
38569,527891456
38570,527946752
38571,528002048
38572,528057344
38573,528112640
38574,528167936
38575,528223232
38576,528278528
38577,528333824
38578,528389120
38579,528444416
38580,528499712
38581,528555008
38582,528610304
38583,528665600
38584,528720896
38585,528776192
38586,528831488
38587,528886784
38588,528942080
38589,528997376
38590,529052672
38591,529107968
38592,529163264
38593,529218560
38594,529273856
38595,529329152
38596,529384448
38597,529439744
38598,529495040
38599,529550336
38600,529605632
38601,529660928
38602,529716224
38603,529771520
38604,529826816
38605,529882112
38606,529937408
38607,529992704
38608,530048000
38609,530103296
38610,530158592
38611,530213888
38612,530269184
38613,530324480
38614,530379776
38615,530435072
38616,530490368
38617,530545664
38618,530600960
38619,530656256
38620,530711552
38621,530766848
38622,530822144
38623,530877440
38624,530932736
38625,530988032
38626,531043328
38627,531098624
38628,531153920
38629,531209216
38630,531264512
38631,531319808
38632,531375104
38633,531430400
38634,531485696
38635,531540992
38636,531596288
38637,531651584
38638,531706880
38639,531762176
38640,531817472
38641,531872768
38642,531928064
38643,531983360
38644,532038656
38645,532093952
38646,532149248
38647,532204544
38648,532259840
38649,532315136
38650,532370432
38651,532425728
38652,532481024
38653,532536320
38654,532591616
38655,532646912
38656,532702208
38657,532757504
38658,532812800
38659,532868096
38660,532923392
38661,532978688
38662,533033984
38663,533089280
38664,533144576
38665,533199872
38666,533255168
38667,533310464
38668,533365760
38669,533421056
38670,533476352
38671,533531648
38672,533586944
38673,533642240
38674,533697536
38675,533752832
38676,533808128
38677,533863424
38678,533918720
38679,533974016
38680,534029312
38681,534084608
38682,534139904
38683,534195200
38684,534250496
38685,534305792
38686,534361088
38687,534416384
38688,534471680
38689,534526976
38690,534582272
38691,534637568
38692,534692864
38693,534748160
38694,534803456
38695,534858752
38696,534914048
38697,534969344
38698,535024640
38699,535079936
38700,535135232
38701,535190528
38702,535245824
38703,535301120
38704,535357440
38705,535413760
38706,535470080
38707,535526400
38708,535582720
38709,535639040
38710,535695360
38711,535751680
38712,535808000
38713,535864320
38714,535920640
38715,535976960
38716,536033280
38717,536089600
38718,536145920
38719,536202240
38720,536258560
38721,536314880
38722,536371200
38723,536427520
38724,536483840
38725,536540160
38726,536596480
38727,536652800
38728,536709120
38729,536765440
38730,536821760
38731,536878080
38732,536934400
38733,536990720
38734,537047040
38735,537103360
38736,537159680
38737,537216000
38738,537272320
38739,537328640
38740,537384960
38741,537441280
38742,537497600
38743,537553920
38744,537610240
38745,537666560
38746,537722880
38747,537779200
38748,537835520
38749,537891840
38750,537948160
38751,538004480
38752,538060800
38753,538117120
38754,538173440
38755,538229760
38756,538286080
38757,538342400
38758,538398720
38759,538455040
38760,538511360
38761,538567680
38762,538624000
38763,538680320
38764,538736640
38765,538792960
38766,538849280
38767,538905600
38768,538961920
38769,539018240
38770,539074560
38771,539130880
38772,539187200
38773,539243520
38774,539299840
38775,539356160
38776,539412480
38777,539468800
38778,539525120
38779,539581440
38780,539637760
38781,539694080
38782,539750400
38783,539806720
38784,539863040
38785,539919360
38786,539975680
38787,540032000
38788,540088320
38789,540144640
38790,540200960
38791,540257280
38792,540313600
38793,540369920
38794,540426240
38795,540482560
38796,540538880
38797,540595200
38798,540651520
38799,540707840
38800,540764160
38801,540820480
38802,540876800
38803,540933120
38804,540989440
38805,541045760
38806,541102080
38807,541158400
38808,541214720
38809,541271040
38810,541327360
38811,541383680
38812,541440000
38813,541496320
38814,541552640
38815,541608960
38816,541665280
38817,541721600
38818,541777920
38819,541834240
38820,541890560
38821,541946880
38822,542003200
38823,542059520
38824,542115840
38825,542172160
38826,542228480
38827,542284800
38828,542341120
38829,542397440
38830,542453760
38831,542510080
38832,542566400
38833,542622720
38834,542679040
38835,542735360
38836,542791680
38837,542848000
38838,542904320
38839,542960640
38840,543016960
38841,543073280
38842,543129600
38843,543185920
38844,543242240
38845,543298560
38846,543354880
38847,543411200
38848,543467520
38849,543523840
38850,543580160
38851,543636480
38852,543692800
38853,543749120
38854,543805440
38855,543861760
38856,543918080
38857,543974400
38858,544030720
38859,544087040
38860,544143360
38861,544199680
38862,544256000
38863,544312320
38864,544368640
38865,544424960
38866,544481280
38867,544537600
38868,544593920
38869,544650240
38870,544707584
38871,544764928
38872,544822272
38873,544879616
38874,544936960
38875,544994304
38876,545051648
38877,545108992
38878,545166336
38879,545223680
38880,545281024
38881,545338368
38882,545395712
38883,545453056
38884,545510400
38885,545567744
38886,545625088
38887,545682432
38888,545739776
38889,545797120
38890,545854464
38891,545911808
38892,545969152
38893,546026496
38894,546083840
38895,546141184
38896,546198528
38897,546255872
38898,546313216
38899,546370560
38900,546427904
38901,546485248
38902,546542592
38903,546599936
38904,546657280
38905,546714624
38906,546771968
38907,546829312
38908,546886656
38909,546944000
38910,547001344
38911,547058688
38912,547116032
38913,547173376
38914,547230720
38915,547288064
38916,547345408
38917,547402752
38918,547460096
38919,547517440
38920,547574784
38921,547632128
38922,547689472
38923,547746816
38924,547804160
38925,547861504
38926,547918848
38927,547976192
38928,548033536
38929,548090880
38930,548148224
38931,548205568
38932,548262912
38933,548320256
38934,548377600
38935,548434944
38936,548492288
38937,548549632
38938,548606976
38939,548664320
38940,548721664
38941,548779008
38942,548836352
38943,548893696
38944,548951040
38945,549008384
38946,549065728
38947,549123072
38948,549180416
38949,549237760
38950,549295104
38951,549352448
38952,549409792
38953,549467136
38954,549524480
38955,549581824
38956,549639168
38957,549696512
38958,549753856
38959,549811200
38960,549868544
38961,549925888
38962,549983232
38963,550040576
38964,550097920
38965,550155264
38966,550212608
38967,550269952
38968,550327296
38969,550384640
38970,550441984
38971,550499328
38972,550556672
38973,550614016
38974,550671360
38975,550728704
38976,550786048
38977,550843392
38978,550900736
38979,550958080
38980,551015424
38981,551072768
38982,551130112
38983,551187456
38984,551244800
38985,551302144
38986,551359488
38987,551416832
38988,551474176
38989,551531520
38990,551588864
38991,551646208
38992,551703552
38993,551760896
38994,551818240
38995,551875584
38996,551932928
38997,551990272
38998,552047616
38999,552104960
39000,552162304
39001,552219648
39002,552276992
39003,552334336
39004,552391680
39005,552449024
39006,552506368
39007,552563712
39008,552621056
39009,552678400
39010,552735744
39011,552793088
39012,552850432
39013,552907776
39014,552965120
39015,553022464
39016,553079808
39017,553137152
39018,553194496
39019,553251840
39020,553309184
39021,553366528
39022,553423872
39023,553481216
39024,553538560
39025,553595904
39026,553653248
39027,553710592
39028,553767936
39029,553825280
39030,553882624
39031,553939968
39032,553997312
39033,554054656
39034,554112000
39035,554169344
39036,554226688
39037,554284032
39038,554341376
39039,554398720
39040,554456064
39041,554513408
39042,554570752
39043,554628096
39044,554686464
39045,554744832
39046,554803200
39047,554861568
39048,554919936
39049,554978304
39050,555036672
39051,555095040
39052,555153408
39053,555211776
39054,555270144
39055,555328512
39056,555386880
39057,555445248
39058,555503616
39059,555561984
39060,555620352
39061,555678720
39062,555737088
39063,555795456
39064,555853824
39065,555912192
39066,555970560
39067,556028928
39068,556087296
39069,556145664
39070,556204032
39071,556262400
39072,556320768
39073,556379136
39074,556437504
39075,556495872
39076,556554240
39077,556612608
39078,556670976
39079,556729344
39080,556787712
39081,556846080
39082,556904448
39083,556962816
39084,557021184
39085,557079552
39086,557137920
39087,557196288
39088,557254656
39089,557313024
39090,557371392
39091,557429760
39092,557488128
39093,557546496
39094,557604864
39095,557663232
39096,557721600
39097,557779968
39098,557838336
39099,557896704
39100,557955072
39101,558013440
39102,558071808
39103,558130176
39104,558188544
39105,558246912
39106,558305280
39107,558363648
39108,558422016
39109,558480384
39110,558538752
39111,558597120
39112,558655488
39113,558713856
39114,558772224
39115,558830592
39116,558888960
39117,558947328
39118,559005696
39119,559064064
39120,559122432
39121,559180800
39122,559239168
39123,559297536
39124,559355904
39125,559414272
39126,559472640
39127,559531008
39128,559589376
39129,559647744
39130,559706112
39131,559764480
39132,559822848
39133,559881216
39134,559939584
39135,559997952
39136,560056320
39137,560114688
39138,560173056
39139,560231424
39140,560289792
39141,560348160
39142,560406528
39143,560464896
39144,560523264
39145,560581632
39146,560640000
39147,560698368
39148,560756736
39149,560815104
39150,560873472
39151,560931840
39152,560990208
39153,561048576
39154,561106944
39155,561165312
39156,561223680
39157,561282048
39158,561340416
39159,561398784
39160,561457152
39161,561515520
39162,561573888
39163,561632256
39164,561690624
39165,561748992
39166,561807360
39167,561865728
39168,561924096
39169,561982464
39170,562040832
39171,562099200
39172,562157568
39173,562215936
39174,562274304
39175,562332672
39176,562391040
39177,562449408
39178,562507776
39179,562566144
39180,562624512
39181,562682880
39182,562741248
39183,562799616
39184,562857984
39185,562916352
39186,562974720
39187,563033088
39188,563091456
39189,563149824
39190,563208192
39191,563266560
39192,563324928
39193,563383296
39194,563441664
39195,563500032
39196,563558400
39197,563616768
39198,563675136
39199,563733504
39200,563791872
39201,563850240
39202,563908608
39203,563966976
39204,564025344
39205,564083712
39206,564142080
39207,564200448
39208,564258816
39209,564317184
39210,564375552
39211,564433920
39212,564492288
39213,564550656
39214,564609024
39215,564668416
39216,564727808
39217,564787200
39218,564846592
39219,564905984
39220,564965376
39221,565024768
39222,565084160
39223,565143552
39224,565202944
39225,565262336
39226,565321728
39227,565381120
39228,565440512
39229,565499904
39230,565559296
39231,565618688
39232,565678080
39233,565737472
39234,565796864
39235,565856256
39236,565915648
39237,565975040
39238,566034432
39239,566093824
39240,566153216
39241,566212608
39242,566272000
39243,566331392
39244,566390784
39245,566450176
39246,566509568
39247,566568960
39248,566628352
39249,566687744
39250,566747136
39251,566806528
39252,566865920
39253,566925312
39254,566984704
39255,567044096
39256,567103488
39257,567162880
39258,567222272
39259,567281664
39260,567341056
39261,567400448
39262,567459840
39263,567519232
39264,567578624
39265,567638016
39266,567697408
39267,567756800
39268,567816192
39269,567875584
39270,567934976
39271,567994368
39272,568053760
39273,568113152
39274,568172544
39275,568231936
39276,568291328
39277,568350720
39278,568410112
39279,568469504
39280,568528896
39281,568588288
39282,568647680
39283,568707072
39284,568766464
39285,568825856
39286,568885248
39287,568944640
39288,569004032
39289,569063424
39290,569122816
39291,569182208
39292,569241600
39293,569300992
39294,569360384
39295,569419776
39296,569479168
39297,569538560
39298,569597952
39299,569657344
39300,569716736
39301,569776128
39302,569835520
39303,569894912
39304,569954304
39305,570013696
39306,570073088
39307,570132480
39308,570191872
39309,570251264
39310,570310656
39311,570370048
39312,570429440
39313,570488832
39314,570548224
39315,570607616
39316,570667008
39317,570726400
39318,570785792
39319,570845184
39320,570904576
39321,570963968
39322,571023360
39323,571082752
39324,571142144
39325,571201536
39326,571260928
39327,571320320
39328,571379712
39329,571439104
39330,571498496
39331,571557888
39332,571617280
39333,571676672
39334,571736064
39335,571795456
39336,571854848
39337,571914240
39338,571973632
39339,572033024
39340,572092416
39341,572151808
39342,572211200
39343,572270592
39344,572329984
39345,572389376
39346,572448768
39347,572508160
39348,572567552
39349,572626944
39350,572686336
39351,572745728
39352,572805120
39353,572864512
39354,572923904
39355,572983296
39356,573042688
39357,573102080
39358,573161472
39359,573220864
39360,573280256
39361,573339648
39362,573399040
39363,573458432
39364,573517824
39365,573577216
39366,573636608
39367,573696000
39368,573755392
39369,573814784
39370,573874176
39371,573933568
39372,573992960
39373,574052352
39374,574111744
39375,574171136
39376,574230528
39377,574289920
39378,574349312
39379,574408704
39380,574468096
39381,574527488
39382,574586880
39383,574646272
39384,574706688
39385,574767104
39386,574827520
39387,574887936
39388,574948352
39389,575008768
39390,575069184
39391,575129600
39392,575190016
39393,575250432
39394,575310848
39395,575371264
39396,575431680
39397,575492096
39398,575552512
39399,575612928
39400,575673344
39401,575733760
39402,575794176
39403,575854592
39404,575915008
39405,575975424
39406,576035840
39407,576096256
39408,576156672
39409,576217088
39410,576277504
39411,576337920
39412,576398336
39413,576458752
39414,576519168
39415,576579584
39416,576640000
39417,576700416
39418,576760832
39419,576821248
39420,576881664
39421,576942080
39422,577002496
39423,577062912
39424,577123328
39425,577183744
39426,577244160
39427,577304576
39428,577364992
39429,577425408
39430,577485824
39431,577546240
39432,577606656
39433,577667072
39434,577727488
39435,577787904
39436,577848320
39437,577908736
39438,577969152
39439,578029568
39440,578089984
39441,578150400
39442,578210816
39443,578271232
39444,578331648
39445,578392064
39446,578452480
39447,578512896
39448,578573312
39449,578633728
39450,578694144
39451,578754560
39452,578814976
39453,578875392
39454,578935808
39455,578996224
39456,579056640
39457,579117056
39458,579177472
39459,579237888
39460,579298304
39461,579358720
39462,579419136
39463,579479552
39464,579539968
39465,579600384
39466,579660800
39467,579721216
39468,579781632
39469,579842048
39470,579902464
39471,579962880
39472,580023296
39473,580083712
39474,580144128
39475,580204544
39476,580264960
39477,580325376
39478,580385792
39479,580446208
39480,580506624
39481,580567040
39482,580627456
39483,580687872
39484,580748288
39485,580808704
39486,580869120
39487,580929536
39488,580989952
39489,581050368
39490,581110784
39491,581171200
39492,581231616
39493,581292032
39494,581352448
39495,581412864
39496,581473280
39497,581533696
39498,581594112
39499,581654528
39500,581714944
39501,581775360
39502,581835776
39503,581896192
39504,581956608
39505,582017024
39506,582077440
39507,582137856
39508,582198272
39509,582258688
39510,582319104
39511,582379520
39512,582439936
39513,582500352
39514,582560768
39515,582621184
39516,582681600
39517,582742016
39518,582802432
39519,582862848
39520,582923264
39521,582983680
39522,583044096
39523,583104512
39524,583164928
39525,583225344
39526,583285760
39527,583346176
39528,583406592
39529,583467008
39530,583527424
39531,583587840
39532,583648256
39533,583708672
39534,583769088
39535,583829504
39536,583889920
39537,583950336
39538,584010752
39539,584071168
39540,584131584
39541,584192000
39542,584252416
39543,584312832
39544,584373248
39545,584433664
39546,584494080
39547,584554496
39548,584614912
39549,584675328
39550,584735744
39551,584796160
39552,584856576
39553,584916992
39554,584977408
39555,585037824
39556,585098240
39557,585158656
39558,585219072
39559,585279488
39560,585339904
39561,585400320
39562,585460736
39563,585521152
39564,585581568
39565,585641984
39566,585703424
39567,585764864
39568,585826304
39569,585887744
39570,585949184
39571,586010624
39572,586072064
39573,586133504
39574,586194944
39575,586256384
39576,586317824
39577,586379264
39578,586440704
39579,586502144
39580,586563584
39581,586625024
39582,586686464
39583,586747904
39584,586809344
39585,586870784
39586,586932224
39587,586993664
39588,587055104
39589,587116544
39590,587177984
39591,587239424
39592,587300864
39593,587362304
39594,587423744
39595,587485184
39596,587546624
39597,587608064
39598,587669504
39599,587730944
39600,587792384
39601,587853824
39602,587915264
39603,587976704
39604,588038144
39605,588099584
39606,588161024
39607,588222464
39608,588283904
39609,588345344
39610,588406784
39611,588468224
39612,588529664
39613,588591104
39614,588652544
39615,588713984
39616,588775424
39617,588836864
39618,588898304
39619,588959744
39620,589021184
39621,589082624
39622,589144064
39623,589205504
39624,589266944
39625,589328384
39626,589389824
39627,589451264
39628,589512704
39629,589574144
39630,589635584
39631,589697024
39632,589758464
39633,589819904
39634,589881344
39635,589942784
39636,590004224
39637,590065664
39638,590127104
39639,590188544
39640,590249984
39641,590311424
39642,590372864
39643,590434304
39644,590495744
39645,590557184
39646,590618624
39647,590680064
39648,590741504
39649,590802944
39650,590864384
39651,590925824
39652,590987264
39653,591048704
39654,591110144
39655,591171584
39656,591233024
39657,591294464
39658,591355904
39659,591417344
39660,591478784
39661,591540224
39662,591601664
39663,591663104
39664,591724544
39665,591785984
39666,591847424
39667,591908864
39668,591970304
39669,592031744
39670,592093184
39671,592154624
39672,592216064
39673,592277504
39674,592338944
39675,592400384
39676,592461824
39677,592523264
39678,592584704
39679,592646144
39680,592707584
39681,592769024
39682,592830464
39683,592891904
39684,592953344
39685,593014784
39686,593076224
39687,593137664
39688,593199104
39689,593260544
39690,593321984
39691,593383424
39692,593444864
39693,593506304
39694,593567744
39695,593629184
39696,593690624
39697,593752064
39698,593813504
39699,593874944
39700,593936384
39701,593997824
39702,594059264
39703,594120704
39704,594182144
39705,594243584
39706,594305024
39707,594366464
39708,594427904
39709,594489344
39710,594550784
39711,594612224
39712,594673664
39713,594735104
39714,594796544
39715,594857984
39716,594919424
39717,594980864
39718,595042304
39719,595103744
39720,595165184
39721,595226624
39722,595288064
39723,595349504
39724,595411968
39725,595474432
39726,595536896
39727,595599360
39728,595661824
39729,595724288
39730,595786752
39731,595849216
39732,595911680
39733,595974144
39734,596036608
39735,596099072
39736,596161536
39737,596224000
39738,596286464
39739,596348928
39740,596411392
39741,596473856
39742,596536320
39743,596598784
39744,596661248
39745,596723712
39746,596786176
39747,596848640
39748,596911104
39749,596973568
39750,597036032
39751,597098496
39752,597160960
39753,597223424
39754,597285888
39755,597348352
39756,597410816
39757,597473280
39758,597535744
39759,597598208
39760,597660672
39761,597723136
39762,597785600
39763,597848064
39764,597910528
39765,597972992
39766,598035456
39767,598097920
39768,598160384
39769,598222848
39770,598285312
39771,598347776
39772,598410240
39773,598472704
39774,598535168
39775,598597632
39776,598660096
39777,598722560
39778,598785024
39779,598847488
39780,598909952
39781,598972416
39782,599034880
39783,599097344
39784,599159808
39785,599222272
39786,599284736
39787,599347200
39788,599409664
39789,599472128
39790,599534592
39791,599597056
39792,599659520
39793,599721984
39794,599784448
39795,599846912
39796,599909376
39797,599971840
39798,600034304
39799,600096768
39800,600159232
39801,600221696
39802,600284160
39803,600346624
39804,600409088
39805,600471552
39806,600534016
39807,600596480
39808,600658944
39809,600721408
39810,600783872
39811,600846336
39812,600908800
39813,600971264
39814,601033728
39815,601096192
39816,601158656
39817,601221120
39818,601283584
39819,601346048
39820,601408512
39821,601470976
39822,601533440
39823,601595904
39824,601658368
39825,601720832
39826,601783296
39827,601845760
39828,601908224
39829,601970688
39830,602033152
39831,602095616
39832,602158080
39833,602220544
39834,602283008
39835,602345472
39836,602407936
39837,602470400
39838,602532864
39839,602595328
39840,602657792
39841,602720256
39842,602782720
39843,602845184
39844,602907648
39845,602970112
39846,603032576
39847,603095040
39848,603157504
39849,603219968
39850,603282432
39851,603344896
39852,603407360
39853,603469824
39854,603532288
39855,603594752
39856,603657216
39857,603719680
39858,603782144
39859,603844608
39860,603907072
39861,603969536
39862,604032000
39863,604094464
39864,604156928
39865,604219392
39866,604281856
39867,604345344
39868,604408832
39869,604472320
39870,604535808
39871,604599296
39872,604662784
39873,604726272
39874,604789760
39875,604853248
39876,604916736
39877,604980224
39878,605043712
39879,605107200
39880,605170688
39881,605234176
39882,605297664
39883,605361152
39884,605424640
39885,605488128
39886,605551616
39887,605615104
39888,605678592
39889,605742080
39890,605805568
39891,605869056
39892,605932544
39893,605996032
39894,606059520
39895,606123008
39896,606186496
39897,606249984
39898,606313472
39899,606376960
39900,606440448
39901,606503936
39902,606567424
39903,606630912
39904,606694400
39905,606757888
39906,606821376
39907,606884864
39908,606948352
39909,607011840
39910,607075328
39911,607138816
39912,607202304
39913,607265792
39914,607329280
39915,607392768
39916,607456256
39917,607519744
39918,607583232
39919,607646720
39920,607710208
39921,607773696
39922,607837184
39923,607900672
39924,607964160
39925,608027648
39926,608091136
39927,608154624
39928,608218112
39929,608281600
39930,608345088
39931,608408576
39932,608472064
39933,608535552
39934,608599040
39935,608662528
39936,608726016
39937,608789504
39938,608852992
39939,608916480
39940,608979968
39941,609043456
39942,609106944
39943,609170432
39944,609233920
39945,609297408
39946,609360896
39947,609424384
39948,609487872
39949,609551360
39950,609614848
39951,609678336
39952,609741824
39953,609805312
39954,609868800
39955,609932288
39956,609995776
39957,610059264
39958,610122752
39959,610186240
39960,610249728
39961,610313216
39962,610376704
39963,610440192
39964,610503680
39965,610567168
39966,610630656
39967,610694144
39968,610757632
39969,610821120
39970,610884608
39971,610948096
39972,611011584
39973,611075072
39974,611138560
39975,611202048
39976,611265536
39977,611329024
39978,611392512
39979,611456000
39980,611519488
39981,611582976
39982,611646464
39983,611709952
39984,611773440
39985,611836928
39986,611900416
39987,611963904
39988,612027392
39989,612090880
39990,612154368
39991,612217856
39992,612281344
39993,612344832
39994,612408320
39995,612471808
39996,612535296
39997,612598784
39998,612662272
39999,612725760
40000,612789248
40001,612852736
40002,612916224
40003,612979712
40004,613043200
40005,613106688
40006,613170176
40007,613233664
40008,613297152
40009,613360640
40010,613424128
40011,613487616
40012,613551104
40013,613614592
40014,613678080
40015,613741568
40016,613805056
40017,613868544
40018,613932032
40019,613995520
40020,614059008
40021,614123520
40022,614188032
40023,614252544
40024,614317056
40025,614381568
40026,614446080
40027,614510592
40028,614575104
40029,614639616
40030,614704128
40031,614768640
40032,614833152
40033,614897664
40034,614962176
40035,615026688
40036,615091200
40037,615155712
40038,615220224
40039,615284736
40040,615349248
40041,615413760
40042,615478272
40043,615542784
40044,615607296
40045,615671808
40046,615736320
40047,615800832
40048,615865344
40049,615929856
40050,615994368
40051,616058880
40052,616123392
40053,616187904
40054,616252416
40055,616316928
40056,616381440
40057,616445952
40058,616510464
40059,616574976
40060,616639488
40061,616704000
40062,616768512
40063,616833024
40064,616897536
40065,616962048
40066,617026560
40067,617091072
40068,617155584
40069,617220096
40070,617284608
40071,617349120
40072,617413632
40073,617478144
40074,617542656
40075,617607168
40076,617671680
40077,617736192
40078,617800704
40079,617865216
40080,617929728
40081,617994240
40082,618058752
40083,618123264
40084,618187776
40085,618252288
40086,618316800
40087,618381312
40088,618445824
40089,618510336
40090,618574848
40091,618639360
40092,618703872
40093,618768384
40094,618832896
40095,618897408
40096,618961920
40097,619026432
40098,619090944
40099,619155456
40100,619219968
40101,619284480
40102,619348992
40103,619413504
40104,619478016
40105,619542528
40106,619607040
40107,619671552
40108,619736064
40109,619800576
40110,619865088
40111,619929600
40112,619994112
40113,620058624
40114,620123136
40115,620187648
40116,620252160
40117,620316672
40118,620381184
40119,620445696
40120,620510208
40121,620574720
40122,620639232
40123,620703744
40124,620768256
40125,620832768
40126,620897280
40127,620961792
40128,621026304
40129,621090816
40130,621155328
40131,621219840
40132,621284352
40133,621348864
40134,621413376
40135,621477888
40136,621542400
40137,621606912
40138,621671424
40139,621735936
40140,621800448
40141,621864960
40142,621929472
40143,621993984
40144,622058496
40145,622123008
40146,622187520
40147,622252032
40148,622316544
40149,622381056
40150,622445568
40151,622510080
40152,622574592
40153,622639104
40154,622703616
40155,622768128
40156,622833664
40157,622899200
40158,622964736
40159,623030272
40160,623095808
40161,623161344
40162,623226880
40163,623292416
40164,623357952
40165,623423488
40166,623489024
40167,623554560
40168,623620096
40169,623685632
40170,623751168
40171,623816704
40172,623882240
40173,623947776
40174,624013312
40175,624078848
40176,624144384
40177,624209920
40178,624275456
40179,624340992
40180,624406528
40181,624472064
40182,624537600
40183,624603136
40184,624668672
40185,624734208
40186,624799744
40187,624865280
40188,624930816
40189,624996352
40190,625061888
40191,625127424
40192,625192960
40193,625258496
40194,625324032
40195,625389568
40196,625455104
40197,625520640
40198,625586176
40199,625651712
40200,625717248
40201,625782784
40202,625848320
40203,625913856
40204,625979392
40205,626044928
40206,626110464
40207,626176000
40208,626241536
40209,626307072
40210,626372608
40211,626438144
40212,626503680
40213,626569216
40214,626634752
40215,626700288
40216,626765824
40217,626831360
40218,626896896
40219,626962432
40220,627027968
40221,627093504
40222,627159040
40223,627224576
40224,627290112
40225,627355648
40226,627421184
40227,627486720
40228,627552256
40229,627617792
40230,627683328
40231,627748864
40232,627814400
40233,627879936
40234,627945472
40235,628011008
40236,628076544
40237,628142080
40238,628207616
40239,628273152
40240,628338688
40241,628404224
40242,628469760
40243,628535296
40244,628600832
40245,628666368
40246,628731904
40247,628797440
40248,628862976
40249,628928512
40250,628994048
40251,629059584
40252,629125120
40253,629190656
40254,629256192
40255,629321728
40256,629387264
40257,629452800
40258,629518336
40259,629583872
40260,629649408
40261,629714944
40262,629780480
40263,629846016
40264,629911552
40265,629977088
40266,630042624
40267,630108160
40268,630173696
40269,630239232
40270,630304768
40271,630370304
40272,630435840
40273,630501376
40274,630566912
40275,630632448
40276,630697984
40277,630763520
40278,630829056
40279,630894592
40280,630960128
40281,631025664
40282,631091200
40283,631156736
40284,631222272
40285,631287808
40286,631353344
40287,631418880
40288,631484416
40289,631549952
40290,631615488
40291,631681024
40292,631746560
40293,631812096
40294,631877632
40295,631943168
40296,632008704
40297,632074240
40298,632139776
40299,632205312
40300,632270848
40301,632336384
40302,632401920
40303,632467456
40304,632532992
40305,632598528
40306,632664064
40307,632729600
40308,632795136
40309,632860672
40310,632926208
40311,632992768
40312,633059328
40313,633125888
40314,633192448
40315,633259008
40316,633325568
40317,633392128
40318,633458688
40319,633525248
40320,633591808
40321,633658368
40322,633724928
40323,633791488
40324,633858048
40325,633924608
40326,633991168
40327,634057728
40328,634124288
40329,634190848
40330,634257408
40331,634323968
40332,634390528
40333,634457088
40334,634523648
40335,634590208
40336,634656768
40337,634723328
40338,634789888
40339,634856448
40340,634923008
40341,634989568
40342,635056128
40343,635122688
40344,635189248
40345,635255808
40346,635322368
40347,635388928
40348,635455488
40349,635522048
40350,635588608
40351,635655168
40352,635721728
40353,635788288
40354,635854848
40355,635921408
40356,635987968
40357,636054528
40358,636121088
40359,636187648
40360,636254208
40361,636320768
40362,636387328
40363,636453888
40364,636520448
40365,636587008
40366,636653568
40367,636720128
40368,636786688
40369,636853248
40370,636919808
40371,636986368
40372,637052928
40373,637119488
40374,637186048
40375,637252608
40376,637319168
40377,637385728
40378,637452288
40379,637518848
40380,637585408
40381,637651968
40382,637718528
40383,637785088
40384,637851648
40385,637918208
40386,637984768
40387,638051328
40388,638117888
40389,638184448
40390,638251008
40391,638317568
40392,638384128
40393,638450688
40394,638517248
40395,638583808
40396,638650368
40397,638716928
40398,638783488
40399,638850048
40400,638916608
40401,638983168
40402,639049728
40403,639116288
40404,639182848
40405,639249408
40406,639315968
40407,639382528
40408,639449088
40409,639515648
40410,639582208
40411,639648768
40412,639715328
40413,639781888
40414,639848448
40415,639915008
40416,639981568
40417,640048128
40418,640114688
40419,640181248
40420,640247808
40421,640314368
40422,640380928
40423,640447488
40424,640514048
40425,640580608
40426,640647168
40427,640713728
40428,640780288
40429,640846848
40430,640913408
40431,640979968
40432,641046528
40433,641113088
40434,641179648
40435,641246208
40436,641312768
40437,641379328
40438,641445888
40439,641512448
40440,641579008
40441,641645568
40442,641712128
40443,641778688
40444,641845248
40445,641911808
40446,641978368
40447,642044928
40448,642111488
40449,642178048
40450,642244608
40451,642311168
40452,642377728
40453,642444288
40454,642510848
40455,642577408
40456,642643968
40457,642710528
40458,642777088
40459,642843648
40460,642910208
40461,642976768
40462,643043328
40463,643109888
40464,643177472
40465,643245056
40466,643312640
40467,643380224
40468,643447808
40469,643515392
40470,643582976
40471,643650560
40472,643718144
40473,643785728
40474,643853312
40475,643920896
40476,643988480
40477,644056064
40478,644123648
40479,644191232
40480,644258816
40481,644326400
40482,644393984
40483,644461568
40484,644529152
40485,644596736
40486,644664320
40487,644731904
40488,644799488
40489,644867072
40490,644934656
40491,645002240
40492,645069824
40493,645137408
40494,645204992
40495,645272576
40496,645340160
40497,645407744
40498,645475328
40499,645542912
40500,645610496
40501,645678080
40502,645745664
40503,645813248
40504,645880832
40505,645948416
40506,646016000
40507,646083584
40508,646151168
40509,646218752
40510,646286336
40511,646353920
40512,646421504
40513,646489088
40514,646556672
40515,646624256
40516,646691840
40517,646759424
40518,646827008
40519,646894592
40520,646962176
40521,647029760
40522,647097344
40523,647164928
40524,647232512
40525,647300096
40526,647367680
40527,647435264
40528,647502848
40529,647570432
40530,647638016
40531,647705600
40532,647773184
40533,647840768
40534,647908352
40535,647975936
40536,648043520
40537,648111104
40538,648178688
40539,648246272
40540,648313856
40541,648381440
40542,648449024
40543,648516608
40544,648584192
40545,648651776
40546,648719360
40547,648786944
40548,648854528
40549,648922112
40550,648989696
40551,649057280
40552,649124864
40553,649192448
40554,649260032
40555,649327616
40556,649395200
40557,649462784
40558,649530368
40559,649597952
40560,649665536
40561,649733120
40562,649800704
40563,649868288
40564,649935872
40565,650003456
40566,650071040
40567,650138624
40568,650206208
40569,650273792
40570,650341376
40571,650408960
40572,650476544
40573,650544128
40574,650611712
40575,650679296
40576,650746880
40577,650814464
40578,650882048
40579,650949632
40580,651017216
40581,651084800
40582,651152384
40583,651219968
40584,651287552
40585,651355136
40586,651422720
40587,651490304
40588,651557888
40589,651625472
40590,651693056
40591,651760640
40592,651828224
40593,651895808
40594,651963392
40595,652030976
40596,652098560
40597,652166144
40598,652233728
40599,652301312
40600,652368896
40601,652436480
40602,652504064
40603,652571648
40604,652639232
40605,652706816
40606,652774400
40607,652841984
40608,652909568
40609,652977152
40610,653044736
40611,653112320
40612,653180928
40613,653249536
40614,653318144
40615,653386752
40616,653455360
40617,653523968
40618,653592576
40619,653661184
40620,653729792
40621,653798400
40622,653867008
40623,653935616
40624,654004224
40625,654072832
40626,654141440
40627,654210048
40628,654278656
40629,654347264
40630,654415872
40631,654484480
40632,654553088
40633,654621696
40634,654690304
40635,654758912
40636,654827520
40637,654896128
40638,654964736
40639,655033344
40640,655101952
40641,655170560
40642,655239168
40643,655307776
40644,655376384
40645,655444992
40646,655513600
40647,655582208
40648,655650816
40649,655719424
40650,655788032
40651,655856640
40652,655925248
40653,655993856
40654,656062464
40655,656131072
40656,656199680
40657,656268288
40658,656336896
40659,656405504
40660,656474112
40661,656542720
40662,656611328
40663,656679936
40664,656748544
40665,656817152
40666,656885760
40667,656954368
40668,657022976
40669,657091584
40670,657160192
40671,657228800
40672,657297408
40673,657366016
40674,657434624
40675,657503232
40676,657571840
40677,657640448
40678,657709056
40679,657777664
40680,657846272
40681,657914880
40682,657983488
40683,658052096
40684,658120704
40685,658189312
40686,658257920
40687,658326528
40688,658395136
40689,658463744
40690,658532352
40691,658600960
40692,658669568
40693,658738176
40694,658806784
40695,658875392
40696,658944000
40697,659012608
40698,659081216
40699,659149824
40700,659218432
40701,659287040
40702,659355648
40703,659424256
40704,659492864
40705,659561472
40706,659630080
40707,659698688
40708,659767296
40709,659835904
40710,659904512
40711,659973120
40712,660041728
40713,660110336
40714,660178944
40715,660247552
40716,660316160
40717,660384768
40718,660453376
40719,660521984
40720,660590592
40721,660659200
40722,660727808
40723,660796416
40724,660865024
40725,660933632
40726,661002240
40727,661070848
40728,661139456
40729,661208064
40730,661276672
40731,661345280
40732,661413888
40733,661482496
40734,661551104
40735,661619712
40736,661688320
40737,661756928
40738,661825536
40739,661894144
40740,661962752
40741,662031360
40742,662099968
40743,662168576
40744,662237184
40745,662305792
40746,662374400
40747,662443008
40748,662511616
40749,662580224
40750,662648832
40751,662717440
40752,662786048
40753,662854656
40754,662923264
40755,662992896
40756,663062528
40757,663132160
40758,663201792
40759,663271424
40760,663341056
40761,663410688
40762,663480320
40763,663549952
40764,663619584
40765,663689216
40766,663758848
40767,663828480
40768,663898112
40769,663967744
40770,664037376
40771,664107008
40772,664176640
40773,664246272
40774,664315904
40775,664385536
40776,664455168
40777,664524800
40778,664594432
40779,664664064
40780,664733696
40781,664803328
40782,664872960
40783,664942592
40784,665012224
40785,665081856
40786,665151488
40787,665221120
40788,665290752
40789,665360384
40790,665430016
40791,665499648
40792,665569280
40793,665638912
40794,665708544
40795,665778176
40796,665847808
40797,665917440
40798,665987072
40799,666056704
40800,666126336
40801,666195968
40802,666265600
40803,666335232
40804,666404864
40805,666474496
40806,666544128
40807,666613760
40808,666683392
40809,666753024
40810,666822656
40811,666892288
40812,666961920
40813,667031552
40814,667101184
40815,667170816
40816,667240448
40817,667310080
40818,667379712
40819,667449344
40820,667518976
40821,667588608
40822,667658240
40823,667727872
40824,667797504
40825,667867136
40826,667936768
40827,668006400
40828,668076032
40829,668145664
40830,668215296
40831,668284928
40832,668354560
40833,668424192
40834,668493824
40835,668563456
40836,668633088
40837,668702720
40838,668772352
40839,668841984
40840,668911616
40841,668981248
40842,669050880
40843,669120512
40844,669190144
40845,669259776
40846,669329408
40847,669399040
40848,669468672
40849,669538304
40850,669607936
40851,669677568
40852,669747200
40853,669816832
40854,669886464
40855,669956096
40856,670025728
40857,670095360
40858,670164992
40859,670234624
40860,670304256
40861,670373888
40862,670443520
40863,670513152
40864,670582784
40865,670652416
40866,670722048
40867,670791680
40868,670861312
40869,670930944
40870,671000576
40871,671070208
40872,671139840
40873,671209472
40874,671279104
40875,671348736
40876,671418368
40877,671488000
40878,671557632
40879,671627264
40880,671696896
40881,671766528
40882,671836160
40883,671905792
40884,671975424
40885,672045056
40886,672114688
40887,672185344
40888,672256000
40889,672326656
40890,672397312
40891,672467968
40892,672538624
40893,672609280
40894,672679936
40895,672750592
40896,672821248
40897,672891904
40898,672962560
40899,673033216
40900,673103872
40901,673174528
40902,673245184
40903,673315840
40904,673386496
40905,673457152
40906,673527808
40907,673598464
40908,673669120
40909,673739776
40910,673810432
40911,673881088
40912,673951744
40913,674022400
40914,674093056
40915,674163712
40916,674234368
40917,674305024
40918,674375680
40919,674446336
40920,674516992
40921,674587648
40922,674658304
40923,674728960
40924,674799616
40925,674870272
40926,674940928
40927,675011584
40928,675082240
40929,675152896
40930,675223552
40931,675294208
40932,675364864
40933,675435520
40934,675506176
40935,675576832
40936,675647488
40937,675718144
40938,675788800
40939,675859456
40940,675930112
40941,676000768
40942,676071424
40943,676142080
40944,676212736
40945,676283392
40946,676354048
40947,676424704
40948,676495360
40949,676566016
40950,676636672
40951,676707328
40952,676777984
40953,676848640
40954,676919296
40955,676989952
40956,677060608
40957,677131264
40958,677201920
40959,677272576
40960,677343232
40961,677413888
40962,677484544
40963,677555200
40964,677625856
40965,677696512
40966,677767168
40967,677837824
40968,677908480
40969,677979136
40970,678049792
40971,678120448
40972,678191104
40973,678261760
40974,678332416
40975,678403072
40976,678473728
40977,678544384
40978,678615040
40979,678685696
40980,678756352
40981,678827008
40982,678897664
40983,678968320
40984,679038976
40985,679109632
40986,679180288
40987,679250944
40988,679321600
40989,679392256
40990,679462912
40991,679533568
40992,679604224
40993,679674880
40994,679745536
40995,679816192
40996,679886848
40997,679957504
40998,680028160
40999,680098816
41000,680169472
41001,680240128
41002,680310784
41003,680381440
41004,680452096
41005,680522752
41006,680593408
41007,680664064
41008,680734720
41009,680805376
41010,680876032
41011,680946688
41012,681017344
41013,681088000
41014,681158656
41015,681229312
41016,681299968
41017,681370624
41018,681441280
41019,681511936
41020,681583616
41021,681655296
41022,681726976
41023,681798656
41024,681870336
41025,681942016
41026,682013696
41027,682085376
41028,682157056
41029,682228736
41030,682300416
41031,682372096
41032,682443776
41033,682515456
41034,682587136
41035,682658816
41036,682730496
41037,682802176
41038,682873856
41039,682945536
41040,683017216
41041,683088896
41042,683160576
41043,683232256
41044,683303936
41045,683375616
41046,683447296
41047,683518976
41048,683590656
41049,683662336
41050,683734016
41051,683805696
41052,683877376
41053,683949056
41054,684020736
41055,684092416
41056,684164096
41057,684235776
41058,684307456
41059,684379136
41060,684450816
41061,684522496
41062,684594176
41063,684665856
41064,684737536
41065,684809216
41066,684880896
41067,684952576
41068,685024256
41069,685095936
41070,685167616
41071,685239296
41072,685310976
41073,685382656
41074,685454336
41075,685526016
41076,685597696
41077,685669376
41078,685741056
41079,685812736
41080,685884416
41081,685956096
41082,686027776
41083,686099456
41084,686171136
41085,686242816
41086,686314496
41087,686386176
41088,686457856
41089,686529536
41090,686601216
41091,686672896
41092,686744576
41093,686816256
41094,686887936
41095,686959616
41096,687031296
41097,687102976
41098,687174656
41099,687246336
41100,687318016
41101,687389696
41102,687461376
41103,687533056
41104,687604736
41105,687676416
41106,687748096
41107,687819776
41108,687891456
41109,687963136
41110,688034816
41111,688106496
41112,688178176
41113,688249856
41114,688321536
41115,688393216
41116,688464896
41117,688536576
41118,688608256
41119,688679936
41120,688751616
41121,688823296
41122,688894976
41123,688966656
41124,689038336
41125,689110016
41126,689181696
41127,689253376
41128,689325056
41129,689396736
41130,689468416
41131,689540096
41132,689611776
41133,689683456
41134,689755136
41135,689826816
41136,689898496
41137,689970176
41138,690041856
41139,690113536
41140,690185216
41141,690256896
41142,690328576
41143,690400256
41144,690472960
41145,690545664
41146,690618368
41147,690691072
41148,690763776
41149,690836480
41150,690909184
41151,690981888
41152,691054592
41153,691127296
41154,691200000
41155,691272704
41156,691345408
41157,691418112
41158,691490816
41159,691563520
41160,691636224
41161,691708928
41162,691781632
41163,691854336
41164,691927040
41165,691999744
41166,692072448
41167,692145152
41168,692217856
41169,692290560
41170,692363264
41171,692435968
41172,692508672
41173,692581376
41174,692654080
41175,692726784
41176,692799488
41177,692872192
41178,692944896
41179,693017600
41180,693090304
41181,693163008
41182,693235712
41183,693308416
41184,693381120
41185,693453824
41186,693526528
41187,693599232
41188,693671936
41189,693744640
41190,693817344
41191,693890048
41192,693962752
41193,694035456
41194,694108160
41195,694180864
41196,694253568
41197,694326272
41198,694398976
41199,694471680
41200,694544384
41201,694617088
41202,694689792
41203,694762496
41204,694835200
41205,694907904
41206,694980608
41207,695053312
41208,695126016
41209,695198720
41210,695271424
41211,695344128
41212,695416832
41213,695489536
41214,695562240
41215,695634944
41216,695707648
41217,695780352
41218,695853056
41219,695925760
41220,695998464
41221,696071168
41222,696143872
41223,696216576
41224,696289280
41225,696361984
41226,696434688
41227,696507392
41228,696580096
41229,696652800
41230,696725504
41231,696798208
41232,696870912
41233,696943616
41234,697016320
41235,697089024
41236,697161728
41237,697234432
41238,697307136
41239,697379840
41240,697452544
41241,697525248
41242,697597952
41243,697670656
41244,697743360
41245,697816064
41246,697888768
41247,697961472
41248,698034176
41249,698106880
41250,698179584
41251,698252288
41252,698324992
41253,698397696
41254,698470400
41255,698543104
41256,698615808
41257,698688512
41258,698761216
41259,698833920
41260,698907648
41261,698981376
41262,699055104
41263,699128832
41264,699202560
41265,699276288
41266,699350016
41267,699423744
41268,699497472
41269,699571200
41270,699644928
41271,699718656
41272,699792384
41273,699866112
41274,699939840
41275,700013568
41276,700087296
41277,700161024
41278,700234752
41279,700308480
41280,700382208
41281,700455936
41282,700529664
41283,700603392
41284,700677120
41285,700750848
41286,700824576
41287,700898304
41288,700972032
41289,701045760
41290,701119488
41291,701193216
41292,701266944
41293,701340672
41294,701414400
41295,701488128
41296,701561856
41297,701635584
41298,701709312
41299,701783040
41300,701856768
41301,701930496
41302,702004224
41303,702077952
41304,702151680
41305,702225408
41306,702299136
41307,702372864
41308,702446592
41309,702520320
41310,702594048
41311,702667776
41312,702741504
41313,702815232
41314,702888960
41315,702962688
41316,703036416
41317,703110144
41318,703183872
41319,703257600
41320,703331328
41321,703405056
41322,703478784
41323,703552512
41324,703626240
41325,703699968
41326,703773696
41327,703847424
41328,703921152
41329,703994880
41330,704068608
41331,704142336
41332,704216064
41333,704289792
41334,704363520
41335,704437248
41336,704510976
41337,704584704
41338,704658432
41339,704732160
41340,704805888
41341,704879616
41342,704953344
41343,705027072
41344,705100800
41345,705174528
41346,705248256
41347,705321984
41348,705395712
41349,705469440
41350,705543168
41351,705616896
41352,705690624
41353,705764352
41354,705838080
41355,705911808
41356,705985536
41357,706059264
41358,706132992
41359,706206720
41360,706280448
41361,706354176
41362,706427904
41363,706501632
41364,706575360
41365,706649088
41366,706722816
41367,706796544
41368,706870272
41369,706944000
41370,707017728
41371,707091456
41372,707165184
41373,707238912
41374,707312640
41375,707386368
41376,707460096
41377,707533824
41378,707607552
41379,707681280
41380,707755008
41381,707828736
41382,707902464
41383,707976192
41384,708049920
41385,708123648
41386,708197376
41387,708271104
41388,708344832
41389,708418560
41390,708492288
41391,708566016
41392,708639744
41393,708713472
41394,708787200
41395,708860928
41396,708934656
41397,709009408
41398,709084160
41399,709158912
41400,709233664
41401,709308416
41402,709383168
41403,709457920
41404,709532672
41405,709607424
41406,709682176
41407,709756928
41408,709831680
41409,709906432
41410,709981184
41411,710055936
41412,710130688
41413,710205440
41414,710280192
41415,710354944
41416,710429696
41417,710504448
41418,710579200
41419,710653952
41420,710728704
41421,710803456
41422,710878208
41423,710952960
41424,711027712
41425,711102464
41426,711177216
41427,711251968
41428,711326720
41429,711401472
41430,711476224
41431,711550976
41432,711625728
41433,711700480
41434,711775232
41435,711849984
41436,711924736
41437,711999488
41438,712074240
41439,712148992
41440,712223744
41441,712298496
41442,712373248
41443,712448000
41444,712522752
41445,712597504
41446,712672256
41447,712747008
41448,712821760
41449,712896512
41450,712971264
41451,713046016
41452,713120768
41453,713195520
41454,713270272
41455,713345024
41456,713419776
41457,713494528
41458,713569280
41459,713644032
41460,713718784
41461,713793536
41462,713868288
41463,713943040
41464,714017792
41465,714092544
41466,714167296
41467,714242048
41468,714316800
41469,714391552
41470,714466304
41471,714541056
41472,714615808
41473,714690560
41474,714765312
41475,714840064
41476,714914816
41477,714989568
41478,715064320
41479,715139072
41480,715213824
41481,715288576
41482,715363328
41483,715438080
41484,715512832
41485,715587584
41486,715662336
41487,715737088
41488,715811840
41489,715886592
41490,715961344
41491,716036096
41492,716110848
41493,716185600
41494,716260352
41495,716335104
41496,716409856
41497,716484608
41498,716559360
41499,716634112
41500,716708864
41501,716783616
41502,716858368
41503,716933120
41504,717007872
41505,717082624
41506,717157376
41507,717232128
41508,717306880
41509,717381632
41510,717456384
41511,717531136
41512,717605888
41513,717680640
41514,717755392
41515,717830144
41516,717904896
41517,717979648
41518,718054400
41519,718129152
41520,718203904
41521,718278656
41522,718353408
41523,718428160
41524,718502912
41525,718577664
41526,718652416
41527,718727168
41528,718801920
41529,718876672
41530,718951424
41531,719026176
41532,719100928
41533,719175680
41534,719250432
41535,719325184
41536,719400960
41537,719476736
41538,719552512
41539,719628288
41540,719704064
41541,719779840
41542,719855616
41543,719931392
41544,720007168
41545,720082944
41546,720158720
41547,720234496
41548,720310272
41549,720386048
41550,720461824
41551,720537600
41552,720613376
41553,720689152
41554,720764928
41555,720840704
41556,720916480
41557,720992256
41558,721068032
41559,721143808
41560,721219584
41561,721295360
41562,721371136
41563,721446912
41564,721522688
41565,721598464
41566,721674240
41567,721750016
41568,721825792
41569,721901568
41570,721977344
41571,722053120
41572,722128896
41573,722204672
41574,722280448
41575,722356224
41576,722432000
41577,722507776
41578,722583552
41579,722659328
41580,722735104
41581,722810880
41582,722886656
41583,722962432
41584,723038208
41585,723113984
41586,723189760
41587,723265536
41588,723341312
41589,723417088
41590,723492864
41591,723568640
41592,723644416
41593,723720192
41594,723795968
41595,723871744
41596,723947520
41597,724023296
41598,724099072
41599,724174848
41600,724250624
41601,724326400
41602,724402176
41603,724477952
41604,724553728
41605,724629504
41606,724705280
41607,724781056
41608,724856832
41609,724932608
41610,725008384
41611,725084160
41612,725159936
41613,725235712
41614,725311488
41615,725387264
41616,725463040
41617,725538816
41618,725614592
41619,725690368
41620,725766144
41621,725841920
41622,725917696
41623,725993472
41624,726069248
41625,726145024
41626,726220800
41627,726296576
41628,726372352
41629,726448128
41630,726523904
41631,726599680
41632,726675456
41633,726751232
41634,726827008
41635,726902784
41636,726978560
41637,727054336
41638,727130112
41639,727205888
41640,727281664
41641,727357440
41642,727433216
41643,727508992
41644,727584768
41645,727660544
41646,727736320
41647,727812096
41648,727887872
41649,727963648
41650,728039424
41651,728115200
41652,728190976
41653,728267776
41654,728344576
41655,728421376
41656,728498176
41657,728574976
41658,728651776
41659,728728576
41660,728805376
41661,728882176
41662,728958976
41663,729035776
41664,729112576
41665,729189376
41666,729266176
41667,729342976
41668,729419776
41669,729496576
41670,729573376
41671,729650176
41672,729726976
41673,729803776
41674,729880576
41675,729957376
41676,730034176
41677,730110976
41678,730187776
41679,730264576
41680,730341376
41681,730418176
41682,730494976
41683,730571776
41684,730648576
41685,730725376
41686,730802176
41687,730878976
41688,730955776
41689,731032576
41690,731109376
41691,731186176
41692,731262976
41693,731339776
41694,731416576
41695,731493376
41696,731570176
41697,731646976
41698,731723776
41699,731800576
41700,731877376
41701,731954176
41702,732030976
41703,732107776
41704,732184576
41705,732261376
41706,732338176
41707,732414976
41708,732491776
41709,732568576
41710,732645376
41711,732722176
41712,732798976
41713,732875776
41714,732952576
41715,733029376
41716,733106176
41717,733182976
41718,733259776
41719,733336576
41720,733413376
41721,733490176
41722,733566976
41723,733643776
41724,733720576
41725,733797376
41726,733874176
41727,733950976
41728,734027776
41729,734104576
41730,734181376
41731,734258176
41732,734334976
41733,734411776
41734,734488576
41735,734565376
41736,734642176
41737,734718976
41738,734795776
41739,734872576
41740,734949376
41741,735026176
41742,735102976
41743,735179776
41744,735256576
41745,735333376
41746,735410176
41747,735486976
41748,735563776
41749,735640576
41750,735717376
41751,735794176
41752,735870976
41753,735947776
41754,736024576
41755,736101376
41756,736178176
41757,736254976
41758,736331776
41759,736408576
41760,736485376
41761,736562176
41762,736638976
41763,736715776
41764,736792576
41765,736869376
41766,736946176
41767,737022976
41768,737099776
41769,737176576
41770,737253376
41771,737330176
41772,737406976
41773,737483776
41774,737560576
41775,737637376
41776,737714176
41777,737790976
41778,737867776
41779,737944576
41780,738021376
41781,738098176
41782,738174976
41783,738251776
41784,738328576
41785,738405376
41786,738482176
41787,738558976
41788,738635776
41789,738712576
41790,738789376
41791,738866176
41792,738942976
41793,739019776
41794,739096576
41795,739173376
41796,739250176
41797,739326976
41798,739403776
41799,739480576
41800,739557376
41801,739635200
41802,739713024
41803,739790848
41804,739868672
41805,739946496
41806,740024320
41807,740102144
41808,740179968
41809,740257792
41810,740335616
41811,740413440
41812,740491264
41813,740569088
41814,740646912
41815,740724736
41816,740802560
41817,740880384
41818,740958208
41819,741036032
41820,741113856
41821,741191680
41822,741269504
41823,741347328
41824,741425152
41825,741502976
41826,741580800
41827,741658624
41828,741736448
41829,741814272
41830,741892096
41831,741969920
41832,742047744
41833,742125568
41834,742203392
41835,742281216
41836,742359040
41837,742436864
41838,742514688
41839,742592512
41840,742670336
41841,742748160
41842,742825984
41843,742903808
41844,742981632
41845,743059456
41846,743137280
41847,743215104
41848,743292928
41849,743370752
41850,743448576
41851,743526400
41852,743604224
41853,743682048
41854,743759872
41855,743837696
41856,743915520
41857,743993344
41858,744071168
41859,744148992
41860,744226816
41861,744304640
41862,744382464
41863,744460288
41864,744538112
41865,744615936
41866,744693760
41867,744771584
41868,744849408
41869,744927232
41870,745005056
41871,745082880
41872,745160704
41873,745238528
41874,745316352
41875,745394176
41876,745472000
41877,745549824
41878,745627648
41879,745705472
41880,745783296
41881,745861120
41882,745938944
41883,746016768
41884,746094592
41885,746172416
41886,746250240
41887,746328064
41888,746405888
41889,746483712
41890,746561536
41891,746639360
41892,746717184
41893,746795008
41894,746872832
41895,746950656
41896,747028480
41897,747106304
41898,747184128
41899,747261952
41900,747339776
41901,747417600
41902,747495424
41903,747573248
41904,747651072
41905,747728896
41906,747806720
41907,747884544
41908,747962368
41909,748040192
41910,748118016
41911,748195840
41912,748273664
41913,748351488
41914,748429312
41915,748507136
41916,748584960
41917,748662784
41918,748740608
41919,748819456
41920,748898304
41921,748977152
41922,749056000
41923,749134848
41924,749213696
41925,749292544
41926,749371392
41927,749450240
41928,749529088
41929,749607936
41930,749686784
41931,749765632
41932,749844480
41933,749923328
41934,750002176
41935,750081024
41936,750159872
41937,750238720
41938,750317568
41939,750396416
41940,750475264
41941,750554112
41942,750632960
41943,750711808
41944,750790656
41945,750869504
41946,750948352
41947,751027200
41948,751106048
41949,751184896
41950,751263744
41951,751342592
41952,751421440
41953,751500288
41954,751579136
41955,751657984
41956,751736832
41957,751815680
41958,751894528
41959,751973376
41960,752052224
41961,752131072
41962,752209920
41963,752288768
41964,752367616
41965,752446464
41966,752525312
41967,752604160
41968,752683008
41969,752761856
41970,752840704
41971,752919552
41972,752998400
41973,753077248
41974,753156096
41975,753234944
41976,753313792
41977,753392640
41978,753471488
41979,753550336
41980,753629184
41981,753708032
41982,753786880
41983,753865728
41984,753944576
41985,754023424
41986,754102272
41987,754181120
41988,754259968
41989,754338816
41990,754417664
41991,754496512
41992,754575360
41993,754654208
41994,754733056
41995,754811904
41996,754890752
41997,754969600
41998,755048448
41999,755127296
42000,755206144
42001,755284992
42002,755363840
42003,755442688
42004,755521536
42005,755600384
42006,755679232
42007,755758080
42008,755836928
42009,755915776
42010,755994624
42011,756073472
42012,756152320
42013,756231168
42014,756310016
42015,756388864
42016,756467712
42017,756546560
42018,756625408
42019,756704256
42020,756783104
42021,756861952
42022,756940800
42023,757019648
42024,757098496
42025,757177344
42026,757256192
42027,757335040
42028,757413888
42029,757492736
42030,757571584
42031,757650432
42032,757729280
42033,757809152
42034,757889024
42035,757968896
42036,758048768
42037,758128640
42038,758208512
42039,758288384
42040,758368256
42041,758448128
42042,758528000
42043,758607872
42044,758687744
42045,758767616
42046,758847488
42047,758927360
42048,759007232
42049,759087104
42050,759166976
42051,759246848
42052,759326720
42053,759406592
42054,759486464
42055,759566336
42056,759646208
42057,759726080
42058,759805952
42059,759885824
42060,759965696
42061,760045568
42062,760125440
42063,760205312
42064,760285184
42065,760365056
42066,760444928
42067,760524800
42068,760604672
42069,760684544
42070,760764416
42071,760844288
42072,760924160
42073,761004032
42074,761083904
42075,761163776
42076,761243648
42077,761323520
42078,761403392
42079,761483264
42080,761563136
42081,761643008
42082,761722880
42083,761802752
42084,761882624
42085,761962496
42086,762042368
42087,762122240
42088,762202112
42089,762281984
42090,762361856
42091,762441728
42092,762521600
42093,762601472
42094,762681344
42095,762761216
42096,762841088
42097,762920960
42098,763000832
42099,763080704
42100,763160576
42101,763240448
42102,763320320
42103,763400192
42104,763480064
42105,763559936
42106,763639808
42107,763719680
42108,763799552
42109,763879424
42110,763959296
42111,764039168
42112,764119040
42113,764198912
42114,764278784
42115,764358656
42116,764438528
42117,764518400
42118,764598272
42119,764678144
42120,764758016
42121,764837888
42122,764917760
42123,764997632
42124,765077504
42125,765157376
42126,765237248
42127,765317120
42128,765396992
42129,765476864
42130,765556736
42131,765636608
42132,765716480
42133,765796352
42134,765876224
42135,765956096
42136,766035968
42137,766115840
42138,766195712
42139,766275584
42140,766355456
42141,766435328
42142,766515200
42143,766595072
42144,766674944
42145,766754816
42146,766835712
42147,766916608
42148,766997504
42149,767078400
42150,767159296
42151,767240192
42152,767321088
42153,767401984
42154,767482880
42155,767563776
42156,767644672
42157,767725568
42158,767806464
42159,767887360
42160,767968256
42161,768049152
42162,768130048
42163,768210944
42164,768291840
42165,768372736
42166,768453632
42167,768534528
42168,768615424
42169,768696320
42170,768777216
42171,768858112
42172,768939008
42173,769019904
42174,769100800
42175,769181696
42176,769262592
42177,769343488
42178,769424384
42179,769505280
42180,769586176
42181,769667072
42182,769747968
42183,769828864
42184,769909760
42185,769990656
42186,770071552
42187,770152448
42188,770233344
42189,770314240
42190,770395136
42191,770476032
42192,770556928
42193,770637824
42194,770718720
42195,770799616
42196,770880512
42197,770961408
42198,771042304
42199,771123200
42200,771204096
42201,771284992
42202,771365888
42203,771446784
42204,771527680
42205,771608576
42206,771689472
42207,771770368
42208,771851264
42209,771932160
42210,772013056
42211,772093952
42212,772174848
42213,772255744
42214,772336640
42215,772417536
42216,772498432
42217,772579328
42218,772660224
42219,772741120
42220,772822016
42221,772902912
42222,772983808
42223,773064704
42224,773145600
42225,773226496
42226,773307392
42227,773388288
42228,773469184
42229,773550080
42230,773630976
42231,773711872
42232,773792768
42233,773873664
42234,773954560
42235,774035456
42236,774116352
42237,774197248
42238,774278144
42239,774359040
42240,774439936
42241,774520832
42242,774601728
42243,774682624
42244,774763520
42245,774844416
42246,774925312
42247,775006208
42248,775087104
42249,775168000
42250,775248896
42251,775329792
42252,775410688
42253,775491584
42254,775572480
42255,775653376
42256,775734272
42257,775815168
42258,775897088
42259,775979008
42260,776060928
42261,776142848
42262,776224768
42263,776306688
42264,776388608
42265,776470528
42266,776552448
42267,776634368
42268,776716288
42269,776798208
42270,776880128
42271,776962048
42272,777043968
42273,777125888
42274,777207808
42275,777289728
42276,777371648
42277,777453568
42278,777535488
42279,777617408
42280,777699328
42281,777781248
42282,777863168
42283,777945088
42284,778027008
42285,778108928
42286,778190848
42287,778272768
42288,778354688
42289,778436608
42290,778518528
42291,778600448
42292,778682368
42293,778764288
42294,778846208
42295,778928128
42296,779010048
42297,779091968
42298,779173888
42299,779255808
42300,779337728
42301,779419648
42302,779501568
42303,779583488
42304,779665408
42305,779747328
42306,779829248
42307,779911168
42308,779993088
42309,780075008
42310,780156928
42311,780238848
42312,780320768
42313,780402688
42314,780484608
42315,780566528
42316,780648448
42317,780730368
42318,780812288
42319,780894208
42320,780976128
42321,781058048
42322,781139968
42323,781221888
42324,781303808
42325,781385728
42326,781467648
42327,781549568
42328,781631488
42329,781713408
42330,781795328
42331,781877248
42332,781959168
42333,782041088
42334,782123008
42335,782204928
42336,782286848
42337,782368768
42338,782450688
42339,782532608
42340,782614528
42341,782696448
42342,782778368
42343,782860288
42344,782942208
42345,783024128
42346,783106048
42347,783187968
42348,783269888
42349,783351808
42350,783433728
42351,783515648
42352,783597568
42353,783679488
42354,783761408
42355,783843328
42356,783925248
42357,784007168
42358,784089088
42359,784171008
42360,784252928
42361,784334848
42362,784416768
42363,784498688
42364,784580608
42365,784662528
42366,784744448
42367,784826368
42368,784908288
42369,784991232
42370,785074176
42371,785157120
42372,785240064
42373,785323008
42374,785405952
42375,785488896
42376,785571840
42377,785654784
42378,785737728
42379,785820672
42380,785903616
42381,785986560
42382,786069504
42383,786152448
42384,786235392
42385,786318336
42386,786401280
42387,786484224
42388,786567168
42389,786650112
42390,786733056
42391,786816000
42392,786898944
42393,786981888
42394,787064832
42395,787147776
42396,787230720
42397,787313664
42398,787396608
42399,787479552
42400,787562496
42401,787645440
42402,787728384
42403,787811328
42404,787894272
42405,787977216
42406,788060160
42407,788143104
42408,788226048
42409,788308992
42410,788391936
42411,788474880
42412,788557824
42413,788640768
42414,788723712
42415,788806656
42416,788889600
42417,788972544
42418,789055488
42419,789138432
42420,789221376
42421,789304320
42422,789387264
42423,789470208
42424,789553152
42425,789636096
42426,789719040
42427,789801984
42428,789884928
42429,789967872
42430,790050816
42431,790133760
42432,790216704
42433,790299648
42434,790382592
42435,790465536
42436,790548480
42437,790631424
42438,790714368
42439,790797312
42440,790880256
42441,790963200
42442,791046144
42443,791129088
42444,791212032
42445,791294976
42446,791377920
42447,791460864
42448,791543808
42449,791626752
42450,791709696
42451,791792640
42452,791875584
42453,791958528
42454,792041472
42455,792124416
42456,792207360
42457,792290304
42458,792373248
42459,792456192
42460,792539136
42461,792622080
42462,792705024
42463,792787968
42464,792870912
42465,792953856
42466,793036800
42467,793119744
42468,793202688
42469,793285632
42470,793368576
42471,793451520
42472,793534464
42473,793617408
42474,793700352
42475,793783296
42476,793866240
42477,793949184
42478,794032128
42479,794115072
42480,794198016
42481,794280960
42482,794363904
42483,794446848
42484,794529792
42485,794612736
42486,794695680
42487,794778624
42488,794861568
42489,794944512
42490,795027456
42491,795110400
42492,795193344
42493,795277312
42494,795361280
42495,795445248
42496,795529216
42497,795613184
42498,795697152
42499,795781120
42500,795865088
42501,795949056
42502,796033024
42503,796116992
42504,796200960
42505,796284928
42506,796368896
42507,796452864
42508,796536832
42509,796620800
42510,796704768
42511,796788736
42512,796872704
42513,796956672
42514,797040640
42515,797124608
42516,797208576
42517,797292544
42518,797376512
42519,797460480
42520,797544448
42521,797628416
42522,797712384
42523,797796352
42524,797880320
42525,797964288
42526,798048256
42527,798132224
42528,798216192
42529,798300160
42530,798384128
42531,798468096
42532,798552064
42533,798636032
42534,798720000
42535,798803968
42536,798887936
42537,798971904
42538,799055872
42539,799139840
42540,799223808
42541,799307776
42542,799391744
42543,799475712
42544,799559680
42545,799643648
42546,799727616
42547,799811584
42548,799895552
42549,799979520
42550,800063488
42551,800147456
42552,800231424
42553,800315392
42554,800399360
42555,800483328
42556,800567296
42557,800651264
42558,800735232
42559,800819200
42560,800903168
42561,800987136
42562,801071104
42563,801155072
42564,801239040
42565,801323008
42566,801406976
42567,801490944
42568,801574912
42569,801658880
42570,801742848
42571,801826816
42572,801910784
42573,801994752
42574,802078720
42575,802162688
42576,802246656
42577,802330624
42578,802414592
42579,802498560
42580,802582528
42581,802666496
42582,802750464
42583,802834432
42584,802918400
42585,803002368
42586,803086336
42587,803170304
42588,803254272
42589,803338240
42590,803422208
42591,803506176
42592,803590144
42593,803674112
42594,803758080
42595,803842048
42596,803926016
42597,804009984
42598,804093952
42599,804177920
42600,804261888
42601,804346880
42602,804431872
42603,804516864
42604,804601856
42605,804686848
42606,804771840
42607,804856832
42608,804941824
42609,805026816
42610,805111808
42611,805196800
42612,805281792
42613,805366784
42614,805451776
42615,805536768
42616,805621760
42617,805706752
42618,805791744
42619,805876736
42620,805961728
42621,806046720
42622,806131712
42623,806216704
42624,806301696
42625,806386688
42626,806471680
42627,806556672
42628,806641664
42629,806726656
42630,806811648
42631,806896640
42632,806981632
42633,807066624
42634,807151616
42635,807236608
42636,807321600
42637,807406592
42638,807491584
42639,807576576
42640,807661568
42641,807746560
42642,807831552
42643,807916544
42644,808001536
42645,808086528
42646,808171520
42647,808256512
42648,808341504
42649,808426496
42650,808511488
42651,808596480
42652,808681472
42653,808766464
42654,808851456
42655,808936448
42656,809021440
42657,809106432
42658,809191424
42659,809276416
42660,809361408
42661,809446400
42662,809531392
42663,809616384
42664,809701376
42665,809786368
42666,809871360
42667,809956352
42668,810041344
42669,810126336
42670,810211328
42671,810296320
42672,810381312
42673,810466304
42674,810551296
42675,810636288
42676,810721280
42677,810806272
42678,810891264
42679,810976256
42680,811061248
42681,811146240
42682,811231232
42683,811316224
42684,811401216
42685,811486208
42686,811571200
42687,811656192
42688,811741184
42689,811826176
42690,811911168
42691,811996160
42692,812081152
42693,812166144
42694,812251136
42695,812336128
42696,812421120
42697,812506112
42698,812591104
42699,812676096
42700,812761088
42701,812846080
42702,812931072
42703,813016064
42704,813101056
42705,813186048
42706,813271040
42707,813356032
42708,813441024
42709,813526016
42710,813611008
42711,813696000
42712,813780992
42713,813865984
42714,813950976
42715,814035968
42716,814120960
42717,814205952
42718,814290944
42719,814375936
42720,814460928
42721,814545920
42722,814630912
42723,814715904
42724,814800896
42725,814885888
42726,814970880
42727,815055872
42728,815140864
42729,815226880
42730,815312896
42731,815398912
42732,815484928
42733,815570944
42734,815656960
42735,815742976
42736,815828992
42737,815915008
42738,816001024
42739,816087040
42740,816173056
42741,816259072
42742,816345088
42743,816431104
42744,816517120
42745,816603136
42746,816689152
42747,816775168
42748,816861184
42749,816947200
42750,817033216
42751,817119232
42752,817205248
42753,817291264
42754,817377280
42755,817463296
42756,817549312
42757,817635328
42758,817721344
42759,817807360
42760,817893376
42761,817979392
42762,818065408
42763,818151424
42764,818237440
42765,818323456
42766,818409472
42767,818495488
42768,818581504
42769,818667520
42770,818753536
42771,818839552
42772,818925568
42773,819011584
42774,819097600
42775,819183616
42776,819269632
42777,819355648
42778,819441664
42779,819527680
42780,819613696
42781,819699712
42782,819785728
42783,819871744
42784,819957760
42785,820043776
42786,820129792
42787,820215808
42788,820301824
42789,820387840
42790,820473856
42791,820559872
42792,820645888
42793,820731904
42794,820817920
42795,820903936
42796,820989952
42797,821075968
42798,821161984
42799,821248000
42800,821334016
42801,821420032
42802,821506048
42803,821592064
42804,821678080
42805,821764096
42806,821850112
42807,821936128
42808,822022144
42809,822108160
42810,822194176
42811,822280192
42812,822366208
42813,822452224
42814,822538240
42815,822624256
42816,822710272
42817,822796288
42818,822882304
42819,822968320
42820,823054336
42821,823140352
42822,823226368
42823,823312384
42824,823398400
42825,823484416
42826,823570432
42827,823656448
42828,823742464
42829,823828480
42830,823914496
42831,824000512
42832,824086528
42833,824172544
42834,824258560
42835,824344576
42836,824430592
42837,824516608
42838,824602624
42839,824688640
42840,824775680
42841,824862720
42842,824949760
42843,825036800
42844,825123840
42845,825210880
42846,825297920
42847,825384960
42848,825472000
42849,825559040
42850,825646080
42851,825733120
42852,825820160
42853,825907200
42854,825994240
42855,826081280
42856,826168320
42857,826255360
42858,826342400
42859,826429440
42860,826516480
42861,826603520
42862,826690560
42863,826777600
42864,826864640
42865,826951680
42866,827038720
42867,827125760
42868,827212800
42869,827299840
42870,827386880
42871,827473920
42872,827560960
42873,827648000
42874,827735040
42875,827822080
42876,827909120
42877,827996160
42878,828083200
42879,828170240
42880,828257280
42881,828344320
42882,828431360
42883,828518400
42884,828605440
42885,828692480
42886,828779520
42887,828866560
42888,828953600
42889,829040640
42890,829127680
42891,829214720
42892,829301760
42893,829388800
42894,829475840
42895,829562880
42896,829649920
42897,829736960
42898,829824000
42899,829911040
42900,829998080
42901,830085120
42902,830172160
42903,830259200
42904,830346240
42905,830433280
42906,830520320
42907,830607360
42908,830694400
42909,830781440
42910,830868480
42911,830955520
42912,831042560
42913,831129600
42914,831216640
42915,831303680
42916,831390720
42917,831477760
42918,831564800
42919,831651840
42920,831738880
42921,831825920
42922,831912960
42923,832000000
42924,832087040
42925,832174080
42926,832261120
42927,832348160
42928,832435200
42929,832522240
42930,832609280
42931,832696320
42932,832783360
42933,832870400
42934,832957440
42935,833044480
42936,833131520
42937,833218560
42938,833305600
42939,833392640
42940,833479680
42941,833566720
42942,833653760
42943,833740800
42944,833827840
42945,833914880
42946,834001920
42947,834088960
42948,834176000
42949,834263040
42950,834350080
42951,834437120
42952,834525184
42953,834613248
42954,834701312
42955,834789376
42956,834877440
42957,834965504
42958,835053568
42959,835141632
42960,835229696
42961,835317760
42962,835405824
42963,835493888
42964,835581952
42965,835670016
42966,835758080
42967,835846144
42968,835934208
42969,836022272
42970,836110336
42971,836198400
42972,836286464
42973,836374528
42974,836462592
42975,836550656
42976,836638720
42977,836726784
42978,836814848
42979,836902912
42980,836990976
42981,837079040
42982,837167104
42983,837255168
42984,837343232
42985,837431296
42986,837519360
42987,837607424
42988,837695488
42989,837783552
42990,837871616
42991,837959680
42992,838047744
42993,838135808
42994,838223872
42995,838311936
42996,838400000
42997,838488064
42998,838576128
42999,838664192
43000,838752256
43001,838840320
43002,838928384
43003,839016448
43004,839104512
43005,839192576
43006,839280640
43007,839368704
43008,839456768
43009,839544832
43010,839632896
43011,839720960
43012,839809024
43013,839897088
43014,839985152
43015,840073216
43016,840161280
43017,840249344
43018,840337408
43019,840425472
43020,840513536
43021,840601600
43022,840689664
43023,840777728
43024,840865792
43025,840953856
43026,841041920
43027,841129984
43028,841218048
43029,841306112
43030,841394176
43031,841482240
43032,841570304
43033,841658368
43034,841746432
43035,841834496
43036,841922560
43037,842010624
43038,842098688
43039,842186752
43040,842274816
43041,842362880
43042,842450944
43043,842539008
43044,842627072
43045,842715136
43046,842803200
43047,842891264
43048,842979328
43049,843067392
43050,843155456
43051,843243520
43052,843331584
43053,843419648
43054,843507712
43055,843595776
43056,843683840
43057,843771904
43058,843859968
43059,843948032
43060,844036096
43061,844124160
43062,844212224
43063,844300288
43064,844388352
43065,844477440
43066,844566528
43067,844655616
43068,844744704
43069,844833792
43070,844922880
43071,845011968
43072,845101056
43073,845190144
43074,845279232
43075,845368320
43076,845457408
43077,845546496
43078,845635584
43079,845724672
43080,845813760
43081,845902848
43082,845991936
43083,846081024
43084,846170112
43085,846259200
43086,846348288
43087,846437376
43088,846526464
43089,846615552
43090,846704640
43091,846793728
43092,846882816
43093,846971904
43094,847060992
43095,847150080
43096,847239168
43097,847328256
43098,847417344
43099,847506432
43100,847595520
43101,847684608
43102,847773696
43103,847862784
43104,847951872
43105,848040960
43106,848130048
43107,848219136
43108,848308224
43109,848397312
43110,848486400
43111,848575488
43112,848664576
43113,848753664
43114,848842752
43115,848931840
43116,849020928
43117,849110016
43118,849199104
43119,849288192
43120,849377280
43121,849466368
43122,849555456
43123,849644544
43124,849733632
43125,849822720
43126,849911808
43127,850000896
43128,850089984
43129,850179072
43130,850268160
43131,850357248
43132,850446336
43133,850535424
43134,850624512
43135,850713600
43136,850802688
43137,850891776
43138,850980864
43139,851069952
43140,851159040
43141,851248128
43142,851337216
43143,851426304
43144,851515392
43145,851604480
43146,851693568
43147,851782656
43148,851871744
43149,851960832
43150,852049920
43151,852139008
43152,852228096
43153,852317184
43154,852406272
43155,852495360
43156,852584448
43157,852673536
43158,852762624
43159,852851712
43160,852940800
43161,853029888
43162,853118976
43163,853208064
43164,853297152
43165,853386240
43166,853475328
43167,853564416
43168,853653504
43169,853742592
43170,853831680
43171,853920768
43172,854009856
43173,854098944
43174,854188032
43175,854277120
43176,854366208
43177,854455296
43178,854544384
43179,854633472
43180,854722560
43181,854811648
43182,854901760
43183,854991872
43184,855081984
43185,855172096
43186,855262208
43187,855352320
43188,855442432
43189,855532544
43190,855622656
43191,855712768
43192,855802880
43193,855892992
43194,855983104
43195,856073216
43196,856163328
43197,856253440
43198,856343552
43199,856433664
43200,856523776
43201,856613888
43202,856704000
43203,856794112
43204,856884224
43205,856974336
43206,857064448
43207,857154560
43208,857244672
43209,857334784
43210,857424896
43211,857515008
43212,857605120
43213,857695232
43214,857785344
43215,857875456
43216,857965568
43217,858055680
43218,858145792
43219,858235904
43220,858326016
43221,858416128
43222,858506240
43223,858596352
43224,858686464
43225,858776576
43226,858866688
43227,858956800
43228,859046912
43229,859137024
43230,859227136
43231,859317248
43232,859407360
43233,859497472
43234,859587584
43235,859677696
43236,859767808
43237,859857920
43238,859948032
43239,860038144
43240,860128256
43241,860218368
43242,860308480
43243,860398592
43244,860488704
43245,860578816
43246,860668928
43247,860759040
43248,860849152
43249,860939264
43250,861029376
43251,861119488
43252,861209600
43253,861299712
43254,861389824
43255,861479936
43256,861570048
43257,861660160
43258,861750272
43259,861840384
43260,861930496
43261,862020608
43262,862110720
43263,862200832
43264,862290944
43265,862381056
43266,862471168
43267,862561280
43268,862651392
43269,862741504
43270,862831616
43271,862921728
43272,863011840
43273,863101952
43274,863192064
43275,863282176
43276,863372288
43277,863462400
43278,863552512
43279,863642624
43280,863732736
43281,863822848
43282,863912960
43283,864003072
43284,864094208
43285,864185344
43286,864276480
43287,864367616
43288,864458752
43289,864549888
43290,864641024
43291,864732160
43292,864823296
43293,864914432
43294,865005568
43295,865096704
43296,865187840
43297,865278976
43298,865370112
43299,865461248
43300,865552384
43301,865643520
43302,865734656
43303,865825792
43304,865916928
43305,866008064
43306,866099200
43307,866190336
43308,866281472
43309,866372608
43310,866463744
43311,866554880
43312,866646016
43313,866737152
43314,866828288
43315,866919424
43316,867010560
43317,867101696
43318,867192832
43319,867283968
43320,867375104
43321,867466240
43322,867557376
43323,867648512
43324,867739648
43325,867830784
43326,867921920
43327,868013056
43328,868104192
43329,868195328
43330,868286464
43331,868377600
43332,868468736
43333,868559872
43334,868651008
43335,868742144
43336,868833280
43337,868924416
43338,869015552
43339,869106688
43340,869197824
43341,869288960
43342,869380096
43343,869471232
43344,869562368
43345,869653504
43346,869744640
43347,869835776
43348,869926912
43349,870018048
43350,870109184
43351,870200320
43352,870291456
43353,870382592
43354,870473728
43355,870564864
43356,870656000
43357,870747136
43358,870838272
43359,870929408
43360,871020544
43361,871111680
43362,871202816
43363,871293952
43364,871385088
43365,871476224
43366,871567360
43367,871658496
43368,871749632
43369,871840768
43370,871931904
43371,872023040
43372,872114176
43373,872205312
43374,872296448
43375,872387584
43376,872478720
43377,872569856
43378,872660992
43379,872752128
43380,872843264
43381,872934400
43382,873025536
43383,873116672
43384,873207808
43385,873298944
43386,873390080
43387,873481216
43388,873572352
43389,873663488
43390,873755648
43391,873847808
43392,873939968
43393,874032128
43394,874124288
43395,874216448
43396,874308608
43397,874400768
43398,874492928
43399,874585088
43400,874677248
43401,874769408
43402,874861568
43403,874953728
43404,875045888
43405,875138048
43406,875230208
43407,875322368
43408,875414528
43409,875506688
43410,875598848
43411,875691008
43412,875783168
43413,875875328
43414,875967488
43415,876059648
43416,876151808
43417,876243968
43418,876336128
43419,876428288
43420,876520448
43421,876612608
43422,876704768
43423,876796928
43424,876889088
43425,876981248
43426,877073408
43427,877165568
43428,877257728
43429,877349888
43430,877442048
43431,877534208
43432,877626368
43433,877718528
43434,877810688
43435,877902848
43436,877995008
43437,878087168
43438,878179328
43439,878271488
43440,878363648
43441,878455808
43442,878547968
43443,878640128
43444,878732288
43445,878824448
43446,878916608
43447,879008768
43448,879100928
43449,879193088
43450,879285248
43451,879377408
43452,879469568
43453,879561728
43454,879653888
43455,879746048
43456,879838208
43457,879930368
43458,880022528
43459,880114688
43460,880206848
43461,880299008
43462,880391168
43463,880483328
43464,880575488
43465,880667648
43466,880759808
43467,880851968
43468,880944128
43469,881036288
43470,881128448
43471,881220608
43472,881312768
43473,881404928
43474,881497088
43475,881589248
43476,881681408
43477,881773568
43478,881865728
43479,881957888
43480,882050048
43481,882142208
43482,882234368
43483,882326528
43484,882418688
43485,882510848
43486,882603008
43487,882695168
43488,882787328
43489,882879488
43490,882971648
43491,883063808
43492,883155968
43493,883248128
43494,883340288
43495,883432448
43496,883524608
43497,883616768
43498,883708928
43499,883801088
43500,883893248
43501,883985408
43502,884077568
43503,884169728
43504,884261888
43505,884354048
43506,884447232
43507,884540416
43508,884633600
43509,884726784
43510,884819968
43511,884913152
43512,885006336
43513,885099520
43514,885192704
43515,885285888
43516,885379072
43517,885472256
43518,885565440
43519,885658624
43520,885751808
43521,885844992
43522,885938176
43523,886031360
43524,886124544
43525,886217728
43526,886310912
43527,886404096
43528,886497280
43529,886590464
43530,886683648
43531,886776832
43532,886870016
43533,886963200
43534,887056384
43535,887149568
43536,887242752
43537,887335936
43538,887429120
43539,887522304
43540,887615488
43541,887708672
43542,887801856
43543,887895040
43544,887988224
43545,888081408
43546,888174592
43547,888267776
43548,888360960
43549,888454144
43550,888547328
43551,888640512
43552,888733696
43553,888826880
43554,888920064
43555,889013248
43556,889106432
43557,889199616
43558,889292800
43559,889385984
43560,889479168
43561,889572352
43562,889665536
43563,889758720
43564,889851904
43565,889945088
43566,890038272
43567,890131456
43568,890224640
43569,890317824
43570,890411008
43571,890504192
43572,890597376
43573,890690560
43574,890783744
43575,890876928
43576,890970112
43577,891063296
43578,891156480
43579,891249664
43580,891342848
43581,891436032
43582,891529216
43583,891622400
43584,891715584
43585,891808768
43586,891901952
43587,891995136
43588,892088320
43589,892181504
43590,892274688
43591,892367872
43592,892461056
43593,892554240
43594,892647424
43595,892740608
43596,892833792
43597,892926976
43598,893020160
43599,893113344
43600,893206528
43601,893299712
43602,893392896
43603,893486080
43604,893579264
43605,893673472
43606,893767680
43607,893861888
43608,893956096
43609,894050304
43610,894144512
43611,894238720
43612,894332928
43613,894427136
43614,894521344
43615,894615552
43616,894709760
43617,894803968
43618,894898176
43619,894992384
43620,895086592
43621,895180800
43622,895275008
43623,895369216
43624,895463424
43625,895557632
43626,895651840
43627,895746048
43628,895840256
43629,895934464
43630,896028672
43631,896122880
43632,896217088
43633,896311296
43634,896405504
43635,896499712
43636,896593920
43637,896688128
43638,896782336
43639,896876544
43640,896970752
43641,897064960
43642,897159168
43643,897253376
43644,897347584
43645,897441792
43646,897536000
43647,897630208
43648,897724416
43649,897818624
43650,897912832
43651,898007040
43652,898101248
43653,898195456
43654,898289664
43655,898383872
43656,898478080
43657,898572288
43658,898666496
43659,898760704
43660,898854912
43661,898949120
43662,899043328
43663,899137536
43664,899231744
43665,899325952
43666,899420160
43667,899514368
43668,899608576
43669,899702784
43670,899796992
43671,899891200
43672,899985408
43673,900079616
43674,900173824
43675,900268032
43676,900362240
43677,900456448
43678,900550656
43679,900644864
43680,900739072
43681,900833280
43682,900927488
43683,901021696
43684,901115904
43685,901210112
43686,901304320
43687,901398528
43688,901492736
43689,901586944
43690,901681152
43691,901775360
43692,901869568
43693,901963776
43694,902057984
43695,902152192
43696,902246400
43697,902340608
43698,902434816
43699,902529024
43700,902623232
43701,902717440
43702,902811648
43703,902905856
43704,903000064
43705,903094272
43706,903188480
43707,903282688
43708,903376896
43709,903471104
43710,903565312
43711,903659520
43712,903753728
43713,903847936
43714,903942144
43715,904036352
43716,904130560
43717,904224768
43718,904318976
43719,904413184
43720,904508416
43721,904603648
43722,904698880
43723,904794112
43724,904889344
43725,904984576
43726,905079808
43727,905175040
43728,905270272
43729,905365504
43730,905460736
43731,905555968
43732,905651200
43733,905746432
43734,905841664
43735,905936896
43736,906032128
43737,906127360
43738,906222592
43739,906317824
43740,906413056
43741,906508288
43742,906603520
43743,906698752
43744,906793984
43745,906889216
43746,906984448
43747,907079680
43748,907174912
43749,907270144
43750,907365376
43751,907460608
43752,907555840
43753,907651072
43754,907746304
43755,907841536
43756,907936768
43757,908032000
43758,908127232
43759,908222464
43760,908317696
43761,908412928
43762,908508160
43763,908603392
43764,908698624
43765,908793856
43766,908889088
43767,908984320
43768,909079552
43769,909174784
43770,909270016
43771,909365248
43772,909460480
43773,909555712
43774,909650944
43775,909746176
43776,909841408
43777,909936640
43778,910031872
43779,910127104
43780,910222336
43781,910317568
43782,910412800
43783,910508032
43784,910603264
43785,910698496
43786,910793728
43787,910888960
43788,910984192
43789,911079424
43790,911174656
43791,911269888
43792,911365120
43793,911460352
43794,911555584
43795,911650816
43796,911746048
43797,911841280
43798,911936512
43799,912031744
43800,912126976
43801,912222208
43802,912317440
43803,912412672
43804,912507904
43805,912603136
43806,912698368
43807,912793600
43808,912888832
43809,912984064
43810,913079296
43811,913174528
43812,913269760
43813,913364992
43814,913460224
43815,913555456
43816,913650688
43817,913745920
43818,913842176
43819,913938432
43820,914034688
43821,914130944
43822,914227200
43823,914323456
43824,914419712
43825,914515968
43826,914612224
43827,914708480
43828,914804736
43829,914900992
43830,914997248
43831,915093504
43832,915189760
43833,915286016
43834,915382272
43835,915478528
43836,915574784
43837,915671040
43838,915767296
43839,915863552
43840,915959808
43841,916056064
43842,916152320
43843,916248576
43844,916344832
43845,916441088
43846,916537344
43847,916633600
43848,916729856
43849,916826112
43850,916922368
43851,917018624
43852,917114880
43853,917211136
43854,917307392
43855,917403648
43856,917499904
43857,917596160
43858,917692416
43859,917788672
43860,917884928
43861,917981184
43862,918077440
43863,918173696
43864,918269952
43865,918366208
43866,918462464
43867,918558720
43868,918654976
43869,918751232
43870,918847488
43871,918943744
43872,919040000
43873,919136256
43874,919232512
43875,919328768
43876,919425024
43877,919521280
43878,919617536
43879,919713792
43880,919810048
43881,919906304
43882,920002560
43883,920098816
43884,920195072
43885,920291328
43886,920387584
43887,920483840
43888,920580096
43889,920676352
43890,920772608
43891,920868864
43892,920965120
43893,921061376
43894,921157632
43895,921253888
43896,921350144
43897,921446400
43898,921542656
43899,921638912
43900,921735168
43901,921831424
43902,921927680
43903,922023936
43904,922120192
43905,922216448
43906,922312704
43907,922408960
43908,922505216
43909,922601472
43910,922697728
43911,922793984
43912,922890240
43913,922986496
43914,923082752
43915,923179008
43916,923275264
43917,923371520
43918,923467776
43919,923564032
43920,923660288
43921,923756544
43922,923853824
43923,923951104
43924,924048384
43925,924145664
43926,924242944
43927,924340224
43928,924437504
43929,924534784
43930,924632064
43931,924729344
43932,924826624
43933,924923904
43934,925021184
43935,925118464
43936,925215744
43937,925313024
43938,925410304
43939,925507584
43940,925604864
43941,925702144
43942,925799424
43943,925896704
43944,925993984
43945,926091264
43946,926188544
43947,926285824
43948,926383104
43949,926480384
43950,926577664
43951,926674944
43952,926772224
43953,926869504
43954,926966784
43955,927064064
43956,927161344
43957,927258624
43958,927355904
43959,927453184
43960,927550464
43961,927647744
43962,927745024
43963,927842304
43964,927939584
43965,928036864
43966,928134144
43967,928231424
43968,928328704
43969,928425984
43970,928523264
43971,928620544
43972,928717824
43973,928815104
43974,928912384
43975,929009664
43976,929106944
43977,929204224
43978,929301504
43979,929398784
43980,929496064
43981,929593344
43982,929690624
43983,929787904
43984,929885184
43985,929982464
43986,930079744
43987,930177024
43988,930274304
43989,930371584
43990,930468864
43991,930566144
43992,930663424
43993,930760704
43994,930857984
43995,930955264
43996,931052544
43997,931149824
43998,931247104
43999,931344384
44000,931441664
44001,931538944
44002,931636224
44003,931733504
44004,931830784
44005,931928064
44006,932025344
44007,932122624
44008,932219904
44009,932317184
44010,932414464
44011,932511744
44012,932609024
44013,932706304
44014,932803584
44015,932900864
44016,932998144
44017,933095424
44018,933192704
44019,933289984
44020,933387264
44021,933484544
44022,933581824
44023,933680128
44024,933778432
44025,933876736
44026,933975040
44027,934073344
44028,934171648
44029,934269952
44030,934368256
44031,934466560
44032,934564864
44033,934663168
44034,934761472
44035,934859776
44036,934958080
44037,935056384
44038,935154688
44039,935252992
44040,935351296
44041,935449600
44042,935547904
44043,935646208
44044,935744512
44045,935842816
44046,935941120
44047,936039424
44048,936137728
44049,936236032
44050,936334336
44051,936432640
44052,936530944
44053,936629248
44054,936727552
44055,936825856
44056,936924160
44057,937022464
44058,937120768
44059,937219072
44060,937317376
44061,937415680
44062,937513984
44063,937612288
44064,937710592
44065,937808896
44066,937907200
44067,938005504
44068,938103808
44069,938202112
44070,938300416
44071,938398720
44072,938497024
44073,938595328
44074,938693632
44075,938791936
44076,938890240
44077,938988544
44078,939086848
44079,939185152
44080,939283456
44081,939381760
44082,939480064
44083,939578368
44084,939676672
44085,939774976
44086,939873280
44087,939971584
44088,940069888
44089,940168192
44090,940266496
44091,940364800
44092,940463104
44093,940561408
44094,940659712
44095,940758016
44096,940856320
44097,940954624
44098,941052928
44099,941151232
44100,941249536
44101,941347840
44102,941446144
44103,941544448
44104,941642752
44105,941741056
44106,941839360
44107,941937664
44108,942035968
44109,942134272
44110,942232576
44111,942330880
44112,942429184
44113,942527488
44114,942625792
44115,942724096
44116,942822400
44117,942920704
44118,943019008
44119,943117312
44120,943215616
44121,943313920
44122,943412224
44123,943510528
44124,943608832
44125,943708160
44126,943807488
44127,943906816
44128,944006144
44129,944105472
44130,944204800
44131,944304128
44132,944403456
44133,944502784
44134,944602112
44135,944701440
44136,944800768
44137,944900096
44138,944999424
44139,945098752
44140,945198080
44141,945297408
44142,945396736
44143,945496064
44144,945595392
44145,945694720
44146,945794048
44147,945893376
44148,945992704
44149,946092032
44150,946191360
44151,946290688
44152,946390016
44153,946489344
44154,946588672
44155,946688000
44156,946787328
44157,946886656
44158,946985984
44159,947085312
44160,947184640
44161,947283968
44162,947383296
44163,947482624
44164,947581952
44165,947681280
44166,947780608
44167,947879936
44168,947979264
44169,948078592
44170,948177920
44171,948277248
44172,948376576
44173,948475904
44174,948575232
44175,948674560
44176,948773888
44177,948873216
44178,948972544
44179,949071872
44180,949171200
44181,949270528
44182,949369856
44183,949469184
44184,949568512
44185,949667840
44186,949767168
44187,949866496
44188,949965824
44189,950065152
44190,950164480
44191,950263808
44192,950363136
44193,950462464
44194,950561792
44195,950661120
44196,950760448
44197,950859776
44198,950959104
44199,951058432
44200,951157760
44201,951257088
44202,951356416
44203,951455744
44204,951555072
44205,951654400
44206,951753728
44207,951853056
44208,951952384
44209,952051712
44210,952151040
44211,952250368
44212,952349696
44213,952449024
44214,952548352
44215,952647680
44216,952747008
44217,952846336
44218,952945664
44219,953044992
44220,953144320
44221,953244672
44222,953345024
44223,953445376
44224,953545728
44225,953646080
44226,953746432
44227,953846784
44228,953947136
44229,954047488
44230,954147840
44231,954248192
44232,954348544
44233,954448896
44234,954549248
44235,954649600
44236,954749952
44237,954850304
44238,954950656
44239,955051008
44240,955151360
44241,955251712
44242,955352064
44243,955452416
44244,955552768
44245,955653120
44246,955753472
44247,955853824
44248,955954176
44249,956054528
44250,956154880
44251,956255232
44252,956355584
44253,956455936
44254,956556288
44255,956656640
44256,956756992
44257,956857344
44258,956957696
44259,957058048
44260,957158400
44261,957258752
44262,957359104
44263,957459456
44264,957559808
44265,957660160
44266,957760512
44267,957860864
44268,957961216
44269,958061568
44270,958161920
44271,958262272
44272,958362624
44273,958462976
44274,958563328
44275,958663680
44276,958764032
44277,958864384
44278,958964736
44279,959065088
44280,959165440
44281,959265792
44282,959366144
44283,959466496
44284,959566848
44285,959667200
44286,959767552
44287,959867904
44288,959968256
44289,960068608
44290,960168960
44291,960269312
44292,960369664
44293,960470016
44294,960570368
44295,960670720
44296,960771072
44297,960871424
44298,960971776
44299,961072128
44300,961172480
44301,961272832
44302,961373184
44303,961473536
44304,961573888
44305,961674240
44306,961774592
44307,961874944
44308,961975296
44309,962075648
44310,962176000
44311,962276352
44312,962376704
44313,962477056
44314,962577408
44315,962677760
44316,962778112
44317,962878464
44318,962978816
44319,963080192
44320,963181568
44321,963282944
44322,963384320
44323,963485696
44324,963587072
44325,963688448
44326,963789824
44327,963891200
44328,963992576
44329,964093952
44330,964195328
44331,964296704
44332,964398080
44333,964499456
44334,964600832
44335,964702208
44336,964803584
44337,964904960
44338,965006336
44339,965107712
44340,965209088
44341,965310464
44342,965411840
44343,965513216
44344,965614592
44345,965715968
44346,965817344
44347,965918720
44348,966020096
44349,966121472
44350,966222848
44351,966324224
44352,966425600
44353,966526976
44354,966628352
44355,966729728
44356,966831104
44357,966932480
44358,967033856
44359,967135232
44360,967236608
44361,967337984
44362,967439360
44363,967540736
44364,967642112
44365,967743488
44366,967844864
44367,967946240
44368,968047616
44369,968148992
44370,968250368
44371,968351744
44372,968453120
44373,968554496
44374,968655872
44375,968757248
44376,968858624
44377,968960000
44378,969061376
44379,969162752
44380,969264128
44381,969365504
44382,969466880
44383,969568256
44384,969669632
44385,969771008
44386,969872384
44387,969973760
44388,970075136
44389,970176512
44390,970277888
44391,970379264
44392,970480640
44393,970582016
44394,970683392
44395,970784768
44396,970886144
44397,970987520
44398,971088896
44399,971190272
44400,971291648
44401,971393024
44402,971494400
44403,971595776
44404,971697152
44405,971798528
44406,971899904
44407,972001280
44408,972102656
44409,972204032
44410,972305408
44411,972406784
44412,972508160
44413,972609536
44414,972710912
44415,972812288
44416,972913664
44417,973015040
44418,973116416
44419,973217792
44420,973319168
44421,973420544
44422,973521920
44423,973623296
44424,973724672
44425,973826048
44426,973927424
44427,974029824
44428,974132224
44429,974234624
44430,974337024
44431,974439424
44432,974541824
44433,974644224
44434,974746624
44435,974849024
44436,974951424
44437,975053824
44438,975156224
44439,975258624
44440,975361024
44441,975463424
44442,975565824
44443,975668224
44444,975770624
44445,975873024
44446,975975424
44447,976077824
44448,976180224
44449,976282624
44450,976385024
44451,976487424
44452,976589824
44453,976692224
44454,976794624
44455,976897024
44456,976999424
44457,977101824
44458,977204224
44459,977306624
44460,977409024
44461,977511424
44462,977613824
44463,977716224
44464,977818624
44465,977921024
44466,978023424
44467,978125824
44468,978228224
44469,978330624
44470,978433024
44471,978535424
44472,978637824
44473,978740224
44474,978842624
44475,978945024
44476,979047424
44477,979149824
44478,979252224
44479,979354624
44480,979457024
44481,979559424
44482,979661824
44483,979764224
44484,979866624
44485,979969024
44486,980071424
44487,980173824
44488,980276224
44489,980378624
44490,980481024
44491,980583424
44492,980685824
44493,980788224
44494,980890624
44495,980993024
44496,981095424
44497,981197824
44498,981300224
44499,981402624
44500,981505024
44501,981607424
44502,981709824
44503,981812224
44504,981914624
44505,982017024
44506,982119424
44507,982221824
44508,982324224
44509,982426624
44510,982529024
44511,982631424
44512,982734848
44513,982838272
44514,982941696
44515,983045120
44516,983148544
44517,983251968
44518,983355392
44519,983458816
44520,983562240
44521,983665664
44522,983769088
44523,983872512
44524,983975936
44525,984079360
44526,984182784
44527,984286208
44528,984389632
44529,984493056
44530,984596480
44531,984699904
44532,984803328
44533,984906752
44534,985010176
44535,985113600
44536,985217024
44537,985320448
44538,985423872
44539,985527296
44540,985630720
44541,985734144
44542,985837568
44543,985940992
44544,986044416
44545,986147840
44546,986251264
44547,986354688
44548,986458112
44549,986561536
44550,986664960
44551,986768384
44552,986871808
44553,986975232
44554,987078656
44555,987182080
44556,987285504
44557,987388928
44558,987492352
44559,987595776
44560,987699200
44561,987802624
44562,987906048
44563,988009472
44564,988112896
44565,988216320
44566,988319744
44567,988423168
44568,988526592
44569,988630016
44570,988733440
44571,988836864
44572,988940288
44573,989043712
44574,989147136
44575,989250560
44576,989353984
44577,989457408
44578,989560832
44579,989664256
44580,989767680
44581,989871104
44582,989974528
44583,990077952
44584,990181376
44585,990284800
44586,990388224
44587,990491648
44588,990595072
44589,990698496
44590,990801920
44591,990905344
44592,991008768
44593,991112192
44594,991215616
44595,991319040
44596,991422464
44597,991525888
44598,991629312
44599,991732736
44600,991836160
44601,991939584
44602,992043008
44603,992146432
44604,992249856
44605,992353280
44606,992456704
44607,992560128
44608,992663552
44609,992766976
44610,992870400
44611,992973824
44612,993077248
44613,993180672
44614,993285120
44615,993389568
44616,993494016
44617,993598464
44618,993702912
44619,993807360
44620,993911808
44621,994016256
44622,994120704
44623,994225152
44624,994329600
44625,994434048
44626,994538496
44627,994642944
44628,994747392
44629,994851840
44630,994956288
44631,995060736
44632,995165184
44633,995269632
44634,995374080
44635,995478528
44636,995582976
44637,995687424
44638,995791872
44639,995896320
44640,996000768
44641,996105216
44642,996209664
44643,996314112
44644,996418560
44645,996523008
44646,996627456
44647,996731904
44648,996836352
44649,996940800
44650,997045248
44651,997149696
44652,997254144
44653,997358592
44654,997463040
44655,997567488
44656,997671936
44657,997776384
44658,997880832
44659,997985280
44660,998089728
44661,998194176
44662,998298624
44663,998403072
44664,998507520
44665,998611968
44666,998716416
44667,998820864
44668,998925312
44669,999029760
44670,999134208
44671,999238656
44672,999343104
44673,999447552
44674,999552000
44675,999656448
44676,999760896
44677,999865344
44678,999969792
44679,1000074240
44680,1000178688
44681,1000283136
44682,1000387584
44683,1000492032
44684,1000596480
44685,1000700928
44686,1000805376
44687,1000909824
44688,1001014272
44689,1001118720
44690,1001223168
44691,1001327616
44692,1001432064
44693,1001536512
44694,1001640960
44695,1001745408
44696,1001849856
44697,1001954304
44698,1002058752
44699,1002163200
44700,1002267648
44701,1002372096
44702,1002476544
44703,1002580992
44704,1002685440
44705,1002789888
44706,1002894336
44707,1002998784
44708,1003103232
44709,1003207680
44710,1003312128
44711,1003416576
44712,1003521024
44713,1003625472
44714,1003729920
44715,1003834368
44716,1003938816
44717,1004043264
44718,1004147712
44719,1004252160
44720,1004356608
44721,1004461056
44722,1004565504
44723,1004670976
44724,1004776448
44725,1004881920
44726,1004987392
44727,1005092864
44728,1005198336
44729,1005303808
44730,1005409280
44731,1005514752
44732,1005620224
44733,1005725696
44734,1005831168
44735,1005936640
44736,1006042112
44737,1006147584
44738,1006253056
44739,1006358528
44740,1006464000
44741,1006569472
44742,1006674944
44743,1006780416
44744,1006885888
44745,1006991360
44746,1007096832
44747,1007202304
44748,1007307776
44749,1007413248
44750,1007518720
44751,1007624192
44752,1007729664
44753,1007835136
44754,1007940608
44755,1008046080
44756,1008151552
44757,1008257024
44758,1008362496
44759,1008467968
44760,1008573440
44761,1008678912
44762,1008784384
44763,1008889856
44764,1008995328
44765,1009100800
44766,1009206272
44767,1009311744
44768,1009417216
44769,1009522688
44770,1009628160
44771,1009733632
44772,1009839104
44773,1009944576
44774,1010050048
44775,1010155520
44776,1010260992
44777,1010366464
44778,1010471936
44779,1010577408
44780,1010682880
44781,1010788352
44782,1010893824
44783,1010999296
44784,1011104768
44785,1011210240
44786,1011315712
44787,1011421184
44788,1011526656
44789,1011632128
44790,1011737600
44791,1011843072
44792,1011948544
44793,1012054016
44794,1012159488
44795,1012264960
44796,1012370432
44797,1012475904
44798,1012581376
44799,1012686848
44800,1012792320
44801,1012897792
44802,1013003264
44803,1013108736
44804,1013215232
44805,1013321728
44806,1013428224
44807,1013534720
44808,1013641216
44809,1013747712
44810,1013854208
44811,1013960704
44812,1014067200
44813,1014173696
44814,1014280192
44815,1014386688
44816,1014493184
44817,1014599680
44818,1014706176
44819,1014812672
44820,1014919168
44821,1015025664
44822,1015132160
44823,1015238656
44824,1015345152
44825,1015451648
44826,1015558144
44827,1015664640
44828,1015771136
44829,1015877632
44830,1015984128
44831,1016090624
44832,1016197120
44833,1016303616
44834,1016410112
44835,1016516608
44836,1016623104
44837,1016729600
44838,1016836096
44839,1016942592
44840,1017049088
44841,1017155584
44842,1017262080
44843,1017368576
44844,1017475072
44845,1017581568
44846,1017688064
44847,1017794560
44848,1017901056
44849,1018007552
44850,1018114048
44851,1018220544
44852,1018327040
44853,1018433536
44854,1018540032
44855,1018646528
44856,1018753024
44857,1018859520
44858,1018966016
44859,1019072512
44860,1019179008
44861,1019285504
44862,1019392000
44863,1019498496
44864,1019604992
44865,1019711488
44866,1019817984
44867,1019924480
44868,1020030976
44869,1020137472
44870,1020243968
44871,1020350464
44872,1020456960
44873,1020563456
44874,1020669952
44875,1020776448
44876,1020882944
44877,1020989440
44878,1021095936
44879,1021202432
44880,1021308928
44881,1021415424
44882,1021521920
44883,1021628416
44884,1021734912
44885,1021841408
44886,1021947904
44887,1022054400
44888,1022160896
44889,1022267392
44890,1022373888
44891,1022480384
44892,1022586880
44893,1022693376
44894,1022800896
44895,1022908416
44896,1023015936
44897,1023123456
44898,1023230976
44899,1023338496
44900,1023446016
44901,1023553536
44902,1023661056
44903,1023768576
44904,1023876096
44905,1023983616
44906,1024091136
44907,1024198656
44908,1024306176
44909,1024413696
44910,1024521216
44911,1024628736
44912,1024736256
44913,1024843776
44914,1024951296
44915,1025058816
44916,1025166336
44917,1025273856
44918,1025381376
44919,1025488896
44920,1025596416
44921,1025703936
44922,1025811456
44923,1025918976
44924,1026026496
44925,1026134016
44926,1026241536
44927,1026349056
44928,1026456576
44929,1026564096
44930,1026671616
44931,1026779136
44932,1026886656
44933,1026994176
44934,1027101696
44935,1027209216
44936,1027316736
44937,1027424256
44938,1027531776
44939,1027639296
44940,1027746816
44941,1027854336
44942,1027961856
44943,1028069376
44944,1028176896
44945,1028284416
44946,1028391936
44947,1028499456
44948,1028606976
44949,1028714496
44950,1028822016
44951,1028929536
44952,1029037056
44953,1029144576
44954,1029252096
44955,1029359616
44956,1029467136
44957,1029574656
44958,1029682176
44959,1029789696
44960,1029897216
44961,1030004736
44962,1030112256
44963,1030219776
44964,1030327296
44965,1030434816
44966,1030542336
44967,1030649856
44968,1030757376
44969,1030864896
44970,1030972416
44971,1031079936
44972,1031187456
44973,1031294976
44974,1031402496
44975,1031510016
44976,1031617536
44977,1031725056
44978,1031832576
44979,1031940096
44980,1032047616
44981,1032155136
44982,1032262656
44983,1032370176
44984,1032477696
44985,1032585216
44986,1032693760
44987,1032802304
44988,1032910848
44989,1033019392
44990,1033127936
44991,1033236480
44992,1033345024
44993,1033453568
44994,1033562112
44995,1033670656
44996,1033779200
44997,1033887744
44998,1033996288
44999,1034104832
45000,1034213376
45001,1034321920
45002,1034430464
45003,1034539008
45004,1034647552
45005,1034756096
45006,1034864640
45007,1034973184
45008,1035081728
45009,1035190272
45010,1035298816
45011,1035407360
45012,1035515904
45013,1035624448
45014,1035732992
45015,1035841536
45016,1035950080
45017,1036058624
45018,1036167168
45019,1036275712
45020,1036384256
45021,1036492800
45022,1036601344
45023,1036709888
45024,1036818432
45025,1036926976
45026,1037035520
45027,1037144064
45028,1037252608
45029,1037361152
45030,1037469696
45031,1037578240
45032,1037686784
45033,1037795328
45034,1037903872
45035,1038012416
45036,1038120960
45037,1038229504
45038,1038338048
45039,1038446592
45040,1038555136
45041,1038663680
45042,1038772224
45043,1038880768
45044,1038989312
45045,1039097856
45046,1039206400
45047,1039314944
45048,1039423488
45049,1039532032
45050,1039640576
45051,1039749120
45052,1039857664
45053,1039966208
45054,1040074752
45055,1040183296
45056,1040291840
45057,1040400384
45058,1040508928
45059,1040617472
45060,1040726016
45061,1040834560
45062,1040943104
45063,1041051648
45064,1041160192
45065,1041268736
45066,1041377280
45067,1041485824
45068,1041594368
45069,1041702912
45070,1041811456
45071,1041920000
45072,1042028544
45073,1042137088
45074,1042245632
45075,1042354176
45076,1042463744
45077,1042573312
45078,1042682880
45079,1042792448
45080,1042902016
45081,1043011584
45082,1043121152
45083,1043230720
45084,1043340288
45085,1043449856
45086,1043559424
45087,1043668992
45088,1043778560
45089,1043888128
45090,1043997696
45091,1044107264
45092,1044216832
45093,1044326400
45094,1044435968
45095,1044545536
45096,1044655104
45097,1044764672
45098,1044874240
45099,1044983808
45100,1045093376
45101,1045202944
45102,1045312512
45103,1045422080
45104,1045531648
45105,1045641216
45106,1045750784
45107,1045860352
45108,1045969920
45109,1046079488
45110,1046189056
45111,1046298624
45112,1046408192
45113,1046517760
45114,1046627328
45115,1046736896
45116,1046846464
45117,1046956032
45118,1047065600
45119,1047175168
45120,1047284736
45121,1047394304
45122,1047503872
45123,1047613440
45124,1047723008
45125,1047832576
45126,1047942144
45127,1048051712
45128,1048161280
45129,1048270848
45130,1048380416
45131,1048489984
45132,1048599552
45133,1048709120
45134,1048818688
45135,1048928256
45136,1049037824
45137,1049147392
45138,1049256960
45139,1049366528
45140,1049476096
45141,1049585664
45142,1049695232
45143,1049804800
45144,1049914368
45145,1050023936
45146,1050133504
45147,1050243072
45148,1050352640
45149,1050462208
45150,1050571776
45151,1050681344
45152,1050790912
45153,1050900480
45154,1051010048
45155,1051119616
45156,1051229184
45157,1051338752
45158,1051448320
45159,1051557888
45160,1051667456
45161,1051777024
45162,1051886592
45163,1051996160
45164,1052105728
45165,1052215296
45166,1052324864
45167,1052434432
45168,1052544000
45169,1052653568
45170,1052763136
45171,1052873728
45172,1052984320
45173,1053094912
45174,1053205504
45175,1053316096
45176,1053426688
45177,1053537280
45178,1053647872
45179,1053758464
45180,1053869056
45181,1053979648
45182,1054090240
45183,1054200832
45184,1054311424
45185,1054422016
45186,1054532608
45187,1054643200
45188,1054753792
45189,1054864384
45190,1054974976
45191,1055085568
45192,1055196160
45193,1055306752
45194,1055417344
45195,1055527936
45196,1055638528
45197,1055749120
45198,1055859712
45199,1055970304
45200,1056080896
45201,1056191488
45202,1056302080
45203,1056412672
45204,1056523264
45205,1056633856
45206,1056744448
45207,1056855040
45208,1056965632
45209,1057076224
45210,1057186816
45211,1057297408
45212,1057408000
45213,1057518592
45214,1057629184
45215,1057739776
45216,1057850368
45217,1057960960
45218,1058071552
45219,1058182144
45220,1058292736
45221,1058403328
45222,1058513920
45223,1058624512
45224,1058735104
45225,1058845696
45226,1058956288
45227,1059066880
45228,1059177472
45229,1059288064
45230,1059398656
45231,1059509248
45232,1059619840
45233,1059730432
45234,1059841024
45235,1059951616
45236,1060062208
45237,1060172800
45238,1060283392
45239,1060393984
45240,1060504576
45241,1060615168
45242,1060725760
45243,1060836352
45244,1060946944
45245,1061057536
45246,1061168128
45247,1061278720
45248,1061389312
45249,1061499904
45250,1061610496
45251,1061721088
45252,1061831680
45253,1061942272
45254,1062052864
45255,1062163456
45256,1062274048
45257,1062384640
45258,1062495232
45259,1062605824
45260,1062716416
45261,1062827008
45262,1062937600
45263,1063048192
45264,1063158784
45265,1063269376
45266,1063379968
45267,1063490560
45268,1063601152
45269,1063711744
45270,1063822336
45271,1063932928
45272,1064043520
45273,1064154112
45274,1064264704
45275,1064375296
45276,1064485888
45277,1064596480
45278,1064707072
45279,1064817664
45280,1064928256
45281,1065038848
45282,1065149440
45283,1065260032
45284,1065370624
45285,1065481216
45286,1065591808
45287,1065702400
45288,1065812992
45289,1065923584
45290,1066035200
45291,1066146816
45292,1066258432
45293,1066370048
45294,1066481664
45295,1066593280
45296,1066704896
45297,1066816512
45298,1066928128
45299,1067039744
45300,1067151360
45301,1067262976
45302,1067374592
45303,1067486208
45304,1067597824
45305,1067709440
45306,1067821056
45307,1067932672
45308,1068044288
45309,1068155904
45310,1068267520
45311,1068379136
45312,1068490752
45313,1068602368
45314,1068713984
45315,1068825600
45316,1068937216
45317,1069048832
45318,1069160448
45319,1069272064
45320,1069383680
45321,1069495296
45322,1069606912
45323,1069718528
45324,1069830144
45325,1069941760
45326,1070053376
45327,1070164992
45328,1070276608
45329,1070388224
45330,1070499840
45331,1070611456
45332,1070723072
45333,1070834688
45334,1070946304
45335,1071057920
45336,1071169536
45337,1071281152
45338,1071392768
45339,1071504384
45340,1071616000
45341,1071727616
45342,1071839232
45343,1071950848
45344,1072062464
45345,1072174080
45346,1072285696
45347,1072397312
45348,1072508928
45349,1072620544
45350,1072732160
45351,1072843776
45352,1072955392
45353,1073067008
45354,1073178624
45355,1073290240
45356,1073401856
45357,1073513472
45358,1073625088
45359,1073736704
45360,1073848320
45361,1073959936
45362,1074071552
45363,1074183168
45364,1074294784
45365,1074406400
45366,1074518016
45367,1074629632
45368,1074741248
45369,1074852864
45370,1074964480
45371,1075076096
45372,1075187712
45373,1075299328
45374,1075410944
45375,1075522560
45376,1075634176
45377,1075745792
45378,1075857408
45379,1075969024
45380,1076080640
45381,1076192256
45382,1076303872
45383,1076415488
45384,1076527104
45385,1076638720
45386,1076750336
45387,1076861952
45388,1076974592
45389,1077087232
45390,1077199872
45391,1077312512
45392,1077425152
45393,1077537792
45394,1077650432
45395,1077763072
45396,1077875712
45397,1077988352
45398,1078100992
45399,1078213632
45400,1078326272
45401,1078438912
45402,1078551552
45403,1078664192
45404,1078776832
45405,1078889472
45406,1079002112
45407,1079114752
45408,1079227392
45409,1079340032
45410,1079452672
45411,1079565312
45412,1079677952
45413,1079790592
45414,1079903232
45415,1080015872
45416,1080128512
45417,1080241152
45418,1080353792
45419,1080466432
45420,1080579072
45421,1080691712
45422,1080804352
45423,1080916992
45424,1081029632
45425,1081142272
45426,1081254912
45427,1081367552
45428,1081480192
45429,1081592832
45430,1081705472
45431,1081818112
45432,1081930752
45433,1082043392
45434,1082156032
45435,1082268672
45436,1082381312
45437,1082493952
45438,1082606592
45439,1082719232
45440,1082831872
45441,1082944512
45442,1083057152
45443,1083169792
45444,1083282432
45445,1083395072
45446,1083507712
45447,1083620352
45448,1083732992
45449,1083845632
45450,1083958272
45451,1084070912
45452,1084183552
45453,1084296192
45454,1084408832
45455,1084521472
45456,1084634112
45457,1084746752
45458,1084859392
45459,1084972032
45460,1085084672
45461,1085197312
45462,1085309952
45463,1085422592
45464,1085535232
45465,1085647872
45466,1085760512
45467,1085873152
45468,1085985792
45469,1086098432
45470,1086211072
45471,1086323712
45472,1086436352
45473,1086548992
45474,1086662656
45475,1086776320
45476,1086889984
45477,1087003648
45478,1087117312
45479,1087230976
45480,1087344640
45481,1087458304
45482,1087571968
45483,1087685632
45484,1087799296
45485,1087912960
45486,1088026624
45487,1088140288
45488,1088253952
45489,1088367616
45490,1088481280
45491,1088594944
45492,1088708608
45493,1088822272
45494,1088935936
45495,1089049600
45496,1089163264
45497,1089276928
45498,1089390592
45499,1089504256
45500,1089617920
45501,1089731584
45502,1089845248
45503,1089958912
45504,1090072576
45505,1090186240
45506,1090299904
45507,1090413568
45508,1090527232
45509,1090640896
45510,1090754560
45511,1090868224
45512,1090981888
45513,1091095552
45514,1091209216
45515,1091322880
45516,1091436544
45517,1091550208
45518,1091663872
45519,1091777536
45520,1091891200
45521,1092004864
45522,1092118528
45523,1092232192
45524,1092345856
45525,1092459520
45526,1092573184
45527,1092686848
45528,1092800512
45529,1092914176
45530,1093027840
45531,1093141504
45532,1093255168
45533,1093368832
45534,1093482496
45535,1093596160
45536,1093709824
45537,1093823488
45538,1093937152
45539,1094050816
45540,1094164480
45541,1094278144
45542,1094391808
45543,1094505472
45544,1094619136
45545,1094732800
45546,1094846464
45547,1094960128
45548,1095073792
45549,1095187456
45550,1095301120
45551,1095414784
45552,1095528448
45553,1095642112
45554,1095755776
45555,1095869440
45556,1095983104
45557,1096096768
45558,1096210432
45559,1096324096
45560,1096437760
45561,1096551424
45562,1096665088
45563,1096778752
45564,1096892416
45565,1097006080
45566,1097119744
45567,1097233408
45568,1097347072
45569,1097460736
45570,1097574400
45571,1097688064
45572,1097801728
45573,1097915392
45574,1098030080
45575,1098144768
45576,1098259456
45577,1098374144
45578,1098488832
45579,1098603520
45580,1098718208
45581,1098832896
45582,1098947584
45583,1099062272
45584,1099176960
45585,1099291648
45586,1099406336
45587,1099521024
45588,1099635712
45589,1099750400
45590,1099865088
45591,1099979776
45592,1100094464
45593,1100209152
45594,1100323840
45595,1100438528
45596,1100553216
45597,1100667904
45598,1100782592
45599,1100897280
45600,1101011968
45601,1101126656
45602,1101241344
45603,1101356032
45604,1101470720
45605,1101585408
45606,1101700096
45607,1101814784
45608,1101929472
45609,1102044160
45610,1102158848
45611,1102273536
45612,1102388224
45613,1102502912
45614,1102617600
45615,1102732288
45616,1102846976
45617,1102961664
45618,1103076352
45619,1103191040
45620,1103305728
45621,1103420416
45622,1103535104
45623,1103649792
45624,1103764480
45625,1103879168
45626,1103993856
45627,1104108544
45628,1104223232
45629,1104337920
45630,1104452608
45631,1104567296
45632,1104681984
45633,1104796672
45634,1104911360
45635,1105026048
45636,1105140736
45637,1105255424
45638,1105370112
45639,1105484800
45640,1105599488
45641,1105714176
45642,1105828864
45643,1105943552
45644,1106058240
45645,1106172928
45646,1106287616
45647,1106402304
45648,1106516992
45649,1106631680
45650,1106746368
45651,1106861056
45652,1106975744
45653,1107090432
45654,1107205120
45655,1107319808
45656,1107434496
45657,1107549184
45658,1107663872
45659,1107778560
45660,1107893248
45661,1108007936
45662,1108122624
45663,1108237312
45664,1108352000
45665,1108466688
45666,1108582400
45667,1108698112
45668,1108813824
45669,1108929536
45670,1109045248
45671,1109160960
45672,1109276672
45673,1109392384
45674,1109508096
45675,1109623808
45676,1109739520
45677,1109855232
45678,1109970944
45679,1110086656
45680,1110202368
45681,1110318080
45682,1110433792
45683,1110549504
45684,1110665216
45685,1110780928
45686,1110896640
45687,1111012352
45688,1111128064
45689,1111243776
45690,1111359488
45691,1111475200
45692,1111590912
45693,1111706624
45694,1111822336
45695,1111938048
45696,1112053760
45697,1112169472
45698,1112285184
45699,1112400896
45700,1112516608
45701,1112632320
45702,1112748032
45703,1112863744
45704,1112979456
45705,1113095168
45706,1113210880
45707,1113326592
45708,1113442304
45709,1113558016
45710,1113673728
45711,1113789440
45712,1113905152
45713,1114020864
45714,1114136576
45715,1114252288
45716,1114368000
45717,1114483712
45718,1114599424
45719,1114715136
45720,1114830848
45721,1114946560
45722,1115062272
45723,1115177984
45724,1115293696
45725,1115409408
45726,1115525120
45727,1115640832
45728,1115756544
45729,1115872256
45730,1115987968
45731,1116103680
45732,1116219392
45733,1116335104
45734,1116450816
45735,1116566528
45736,1116682240
45737,1116797952
45738,1116913664
45739,1117029376
45740,1117145088
45741,1117260800
45742,1117376512
45743,1117492224
45744,1117607936
45745,1117723648
45746,1117839360
45747,1117955072
45748,1118070784
45749,1118186496
45750,1118302208
45751,1118417920
45752,1118534656
45753,1118651392
45754,1118768128
45755,1118884864
45756,1119001600
45757,1119118336
45758,1119235072
45759,1119351808
45760,1119468544
45761,1119585280
45762,1119702016
45763,1119818752
45764,1119935488
45765,1120052224
45766,1120168960
45767,1120285696
45768,1120402432
45769,1120519168
45770,1120635904
45771,1120752640
45772,1120869376
45773,1120986112
45774,1121102848
45775,1121219584
45776,1121336320
45777,1121453056
45778,1121569792
45779,1121686528
45780,1121803264
45781,1121920000
45782,1122036736
45783,1122153472
45784,1122270208
45785,1122386944
45786,1122503680
45787,1122620416
45788,1122737152
45789,1122853888
45790,1122970624
45791,1123087360
45792,1123204096
45793,1123320832
45794,1123437568
45795,1123554304
45796,1123671040
45797,1123787776
45798,1123904512
45799,1124021248
45800,1124137984
45801,1124254720
45802,1124371456
45803,1124488192
45804,1124604928
45805,1124721664
45806,1124838400
45807,1124955136
45808,1125071872
45809,1125188608
45810,1125305344
45811,1125422080
45812,1125538816
45813,1125655552
45814,1125772288
45815,1125889024
45816,1126005760
45817,1126122496
45818,1126239232
45819,1126355968
45820,1126472704
45821,1126589440
45822,1126706176
45823,1126822912
45824,1126939648
45825,1127056384
45826,1127173120
45827,1127289856
45828,1127406592
45829,1127523328
45830,1127640064
45831,1127756800
45832,1127873536
45833,1127990272
45834,1128107008
45835,1128223744
45836,1128340480
45837,1128457216
45838,1128573952
45839,1128690688
45840,1128808448
45841,1128926208
45842,1129043968
45843,1129161728
45844,1129279488
45845,1129397248
45846,1129515008
45847,1129632768
45848,1129750528
45849,1129868288
45850,1129986048
45851,1130103808
45852,1130221568
45853,1130339328
45854,1130457088
45855,1130574848
45856,1130692608
45857,1130810368
45858,1130928128
45859,1131045888
45860,1131163648
45861,1131281408
45862,1131399168
45863,1131516928
45864,1131634688
45865,1131752448
45866,1131870208
45867,1131987968
45868,1132105728
45869,1132223488
45870,1132341248
45871,1132459008
45872,1132576768
45873,1132694528
45874,1132812288
45875,1132930048
45876,1133047808
45877,1133165568
45878,1133283328
45879,1133401088
45880,1133518848
45881,1133636608
45882,1133754368
45883,1133872128
45884,1133989888
45885,1134107648
45886,1134225408
45887,1134343168
45888,1134460928
45889,1134578688
45890,1134696448
45891,1134814208
45892,1134931968
45893,1135049728
45894,1135167488
45895,1135285248
45896,1135403008
45897,1135520768
45898,1135638528
45899,1135756288
45900,1135874048
45901,1135991808
45902,1136109568
45903,1136227328
45904,1136345088
45905,1136462848
45906,1136580608
45907,1136698368
45908,1136816128
45909,1136933888
45910,1137051648
45911,1137169408
45912,1137287168
45913,1137404928
45914,1137522688
45915,1137640448
45916,1137758208
45917,1137875968
45918,1137993728
45919,1138111488
45920,1138229248
45921,1138347008
45922,1138464768
45923,1138582528
45924,1138700288
45925,1138818048
45926,1138935808
45927,1139053568
45928,1139171328
45929,1139289088
45930,1139406848
45931,1139524608
45932,1139642368
45933,1139760128
45934,1139877888
45935,1139995648
45936,1140114432
45937,1140233216
45938,1140352000
45939,1140470784
45940,1140589568
45941,1140708352
45942,1140827136
45943,1140945920
45944,1141064704
45945,1141183488
45946,1141302272
45947,1141421056
45948,1141539840
45949,1141658624
45950,1141777408
45951,1141896192
45952,1142014976
45953,1142133760
45954,1142252544
45955,1142371328
45956,1142490112
45957,1142608896
45958,1142727680
45959,1142846464
45960,1142965248
45961,1143084032
45962,1143202816
45963,1143321600
45964,1143440384
45965,1143559168
45966,1143677952
45967,1143796736
45968,1143915520
45969,1144034304
45970,1144153088
45971,1144271872
45972,1144390656
45973,1144509440
45974,1144628224
45975,1144747008
45976,1144865792
45977,1144984576
45978,1145103360
45979,1145222144
45980,1145340928
45981,1145459712
45982,1145578496
45983,1145697280
45984,1145816064
45985,1145934848
45986,1146053632
45987,1146172416
45988,1146291200
45989,1146409984
45990,1146528768
45991,1146647552
45992,1146766336
45993,1146885120
45994,1147003904
45995,1147122688
45996,1147241472
45997,1147360256
45998,1147479040
45999,1147597824
46000,1147716608
46001,1147835392
46002,1147954176
46003,1148072960
46004,1148191744
46005,1148310528
46006,1148429312
46007,1148548096
46008,1148666880
46009,1148785664
46010,1148904448
46011,1149023232
46012,1149142016
46013,1149260800
46014,1149379584
46015,1149498368
46016,1149617152
46017,1149735936
46018,1149854720
46019,1149973504
46020,1150092288
46021,1150211072
46022,1150329856
46023,1150448640
46024,1150567424
46025,1150686208
46026,1150804992
46027,1150923776
46028,1151043584
46029,1151163392
46030,1151283200
46031,1151403008
46032,1151522816
46033,1151642624
46034,1151762432
46035,1151882240
46036,1152002048
46037,1152121856
46038,1152241664
46039,1152361472
46040,1152481280
46041,1152601088
46042,1152720896
46043,1152840704
46044,1152960512
46045,1153080320
46046,1153200128
46047,1153319936
46048,1153439744
46049,1153559552
46050,1153679360
46051,1153799168
46052,1153918976
46053,1154038784
46054,1154158592
46055,1154278400
46056,1154398208
46057,1154518016
46058,1154637824
46059,1154757632
46060,1154877440
46061,1154997248
46062,1155117056
46063,1155236864
46064,1155356672
46065,1155476480
46066,1155596288
46067,1155716096
46068,1155835904
46069,1155955712
46070,1156075520
46071,1156195328
46072,1156315136
46073,1156434944
46074,1156554752
46075,1156674560
46076,1156794368
46077,1156914176
46078,1157033984
46079,1157153792
46080,1157273600
46081,1157393408
46082,1157513216
46083,1157633024
46084,1157752832
46085,1157872640
46086,1157992448
46087,1158112256
46088,1158232064
46089,1158351872
46090,1158471680
46091,1158591488
46092,1158711296
46093,1158831104
46094,1158950912
46095,1159070720
46096,1159190528
46097,1159310336
46098,1159430144
46099,1159549952
46100,1159669760
46101,1159789568
46102,1159909376
46103,1160029184
46104,1160148992
46105,1160268800
46106,1160388608
46107,1160508416
46108,1160628224
46109,1160748032
46110,1160867840
46111,1160987648
46112,1161107456
46113,1161227264
46114,1161347072
46115,1161466880
46116,1161586688
46117,1161706496
46118,1161826304
46119,1161946112
46120,1162065920
46121,1162186752
46122,1162307584
46123,1162428416
46124,1162549248
46125,1162670080
46126,1162790912
46127,1162911744
46128,1163032576
46129,1163153408
46130,1163274240
46131,1163395072
46132,1163515904
46133,1163636736
46134,1163757568
46135,1163878400
46136,1163999232
46137,1164120064
46138,1164240896
46139,1164361728
46140,1164482560
46141,1164603392
46142,1164724224
46143,1164845056
46144,1164965888
46145,1165086720
46146,1165207552
46147,1165328384
46148,1165449216
46149,1165570048
46150,1165690880
46151,1165811712
46152,1165932544
46153,1166053376
46154,1166174208
46155,1166295040
46156,1166415872
46157,1166536704
46158,1166657536
46159,1166778368
46160,1166899200
46161,1167020032
46162,1167140864
46163,1167261696
46164,1167382528
46165,1167503360
46166,1167624192
46167,1167745024
46168,1167865856
46169,1167986688
46170,1168107520
46171,1168228352
46172,1168349184
46173,1168470016
46174,1168590848
46175,1168711680
46176,1168832512
46177,1168953344
46178,1169074176
46179,1169195008
46180,1169315840
46181,1169436672
46182,1169557504
46183,1169678336
46184,1169799168
46185,1169920000
46186,1170040832
46187,1170161664
46188,1170282496
46189,1170403328
46190,1170524160
46191,1170644992
46192,1170765824
46193,1170886656
46194,1171007488
46195,1171128320
46196,1171249152
46197,1171369984
46198,1171490816
46199,1171611648
46200,1171732480
46201,1171853312
46202,1171974144
46203,1172094976
46204,1172215808
46205,1172337664
46206,1172459520
46207,1172581376
46208,1172703232
46209,1172825088
46210,1172946944
46211,1173068800
46212,1173190656
46213,1173312512
46214,1173434368
46215,1173556224
46216,1173678080
46217,1173799936
46218,1173921792
46219,1174043648
46220,1174165504
46221,1174287360
46222,1174409216
46223,1174531072
46224,1174652928
46225,1174774784
46226,1174896640
46227,1175018496
46228,1175140352
46229,1175262208
46230,1175384064
46231,1175505920
46232,1175627776
46233,1175749632
46234,1175871488
46235,1175993344
46236,1176115200
46237,1176237056
46238,1176358912
46239,1176480768
46240,1176602624
46241,1176724480
46242,1176846336
46243,1176968192
46244,1177090048
46245,1177211904
46246,1177333760
46247,1177455616
46248,1177577472
46249,1177699328
46250,1177821184
46251,1177943040
46252,1178064896
46253,1178186752
46254,1178308608
46255,1178430464
46256,1178552320
46257,1178674176
46258,1178796032
46259,1178917888
46260,1179039744
46261,1179161600
46262,1179283456
46263,1179405312
46264,1179527168
46265,1179649024
46266,1179770880
46267,1179892736
46268,1180014592
46269,1180136448
46270,1180258304
46271,1180380160
46272,1180502016
46273,1180623872
46274,1180745728
46275,1180867584
46276,1180989440
46277,1181111296
46278,1181233152
46279,1181355008
46280,1181476864
46281,1181598720
46282,1181720576
46283,1181842432
46284,1181964288
46285,1182086144
46286,1182208000
46287,1182329856
46288,1182451712
46289,1182573568
46290,1182695424
46291,1182817280
46292,1182939136
46293,1183060992
46294,1183182848
46295,1183304704
46296,1183426560
46297,1183548416
46298,1183670272
46299,1183792128
46300,1183913984
46301,1184035840
46302,1184157696
46303,1184279552
46304,1184401408
46305,1184523264
46306,1184645120
46307,1184766976
46308,1184889856
46309,1185012736
46310,1185135616
46311,1185258496
46312,1185381376
46313,1185504256
46314,1185627136
46315,1185750016
46316,1185872896
46317,1185995776
46318,1186118656
46319,1186241536
46320,1186364416
46321,1186487296
46322,1186610176
46323,1186733056
46324,1186855936
46325,1186978816
46326,1187101696
46327,1187224576
46328,1187347456
46329,1187470336
46330,1187593216
46331,1187716096
46332,1187838976
46333,1187961856
46334,1188084736
46335,1188207616
46336,1188330496
46337,1188453376
46338,1188576256
46339,1188699136
46340,1188822016
46341,1188944896
46342,1189067776
46343,1189190656
46344,1189313536
46345,1189436416
46346,1189559296
46347,1189682176
46348,1189805056
46349,1189927936
46350,1190050816
46351,1190173696
46352,1190296576
46353,1190419456
46354,1190542336
46355,1190665216
46356,1190788096
46357,1190910976
46358,1191033856
46359,1191156736
46360,1191279616
46361,1191402496
46362,1191525376
46363,1191648256
46364,1191771136
46365,1191894016
46366,1192016896
46367,1192139776
46368,1192262656
46369,1192385536
46370,1192508416
46371,1192631296
46372,1192754176
46373,1192877056
46374,1192999936
46375,1193122816
46376,1193245696
46377,1193368576
46378,1193491456
46379,1193614336
46380,1193737216
46381,1193860096
46382,1193982976
46383,1194105856
46384,1194228736
46385,1194351616
46386,1194474496
46387,1194597376
46388,1194720256
46389,1194843136
46390,1194967040
46391,1195090944
46392,1195214848
46393,1195338752
46394,1195462656
46395,1195586560
46396,1195710464
46397,1195834368
46398,1195958272
46399,1196082176
46400,1196206080
46401,1196329984
46402,1196453888
46403,1196577792
46404,1196701696
46405,1196825600
46406,1196949504
46407,1197073408
46408,1197197312
46409,1197321216
46410,1197445120
46411,1197569024
46412,1197692928
46413,1197816832
46414,1197940736
46415,1198064640
46416,1198188544
46417,1198312448
46418,1198436352
46419,1198560256
46420,1198684160
46421,1198808064
46422,1198931968
46423,1199055872
46424,1199179776
46425,1199303680
46426,1199427584
46427,1199551488
46428,1199675392
46429,1199799296
46430,1199923200
46431,1200047104
46432,1200171008
46433,1200294912
46434,1200418816
46435,1200542720
46436,1200666624
46437,1200790528
46438,1200914432
46439,1201038336
46440,1201162240
46441,1201286144
46442,1201410048
46443,1201533952
46444,1201657856
46445,1201781760
46446,1201905664
46447,1202029568
46448,1202153472
46449,1202277376
46450,1202401280
46451,1202525184
46452,1202649088
46453,1202772992
46454,1202896896
46455,1203020800
46456,1203144704
46457,1203268608
46458,1203392512
46459,1203516416
46460,1203640320
46461,1203764224
46462,1203888128
46463,1204012032
46464,1204135936
46465,1204259840
46466,1204383744
46467,1204507648
46468,1204631552
46469,1204755456
46470,1204879360
46471,1205003264
46472,1205127168
46473,1205251072
46474,1205374976
46475,1205498880
46476,1205622784
46477,1205746688
46478,1205871616
46479,1205996544
46480,1206121472
46481,1206246400
46482,1206371328
46483,1206496256
46484,1206621184
46485,1206746112
46486,1206871040
46487,1206995968
46488,1207120896
46489,1207245824
46490,1207370752
46491,1207495680
46492,1207620608
46493,1207745536
46494,1207870464
46495,1207995392
46496,1208120320
46497,1208245248
46498,1208370176
46499,1208495104
46500,1208620032
46501,1208744960
46502,1208869888
46503,1208994816
46504,1209119744
46505,1209244672
46506,1209369600
46507,1209494528
46508,1209619456
46509,1209744384
46510,1209869312
46511,1209994240
46512,1210119168
46513,1210244096
46514,1210369024
46515,1210493952
46516,1210618880
46517,1210743808
46518,1210868736
46519,1210993664
46520,1211118592
46521,1211243520
46522,1211368448
46523,1211493376
46524,1211618304
46525,1211743232
46526,1211868160
46527,1211993088
46528,1212118016
46529,1212242944
46530,1212367872
46531,1212492800
46532,1212617728
46533,1212742656
46534,1212867584
46535,1212992512
46536,1213117440
46537,1213242368
46538,1213367296
46539,1213492224
46540,1213617152
46541,1213742080
46542,1213867008
46543,1213991936
46544,1214116864
46545,1214241792
46546,1214366720
46547,1214491648
46548,1214616576
46549,1214741504
46550,1214866432
46551,1214991360
46552,1215116288
46553,1215241216
46554,1215366144
46555,1215491072
46556,1215616000
46557,1215740928
46558,1215865856
46559,1215990784
46560,1216115712
46561,1216240640
46562,1216365568
46563,1216490496
46564,1216615424
46565,1216740352
46566,1216865280
46567,1216991232
46568,1217117184
46569,1217243136
46570,1217369088
46571,1217495040
46572,1217620992
46573,1217746944
46574,1217872896
46575,1217998848
46576,1218124800
46577,1218250752
46578,1218376704
46579,1218502656
46580,1218628608
46581,1218754560
46582,1218880512
46583,1219006464
46584,1219132416
46585,1219258368
46586,1219384320
46587,1219510272
46588,1219636224
46589,1219762176
46590,1219888128
46591,1220014080
46592,1220140032
46593,1220265984
46594,1220391936
46595,1220517888
46596,1220643840
46597,1220769792
46598,1220895744
46599,1221021696
46600,1221147648
46601,1221273600
46602,1221399552
46603,1221525504
46604,1221651456
46605,1221777408
46606,1221903360
46607,1222029312
46608,1222155264
46609,1222281216
46610,1222407168
46611,1222533120
46612,1222659072
46613,1222785024
46614,1222910976
46615,1223036928
46616,1223162880
46617,1223288832
46618,1223414784
46619,1223540736
46620,1223666688
46621,1223792640
46622,1223918592
46623,1224044544
46624,1224170496
46625,1224296448
46626,1224422400
46627,1224548352
46628,1224674304
46629,1224800256
46630,1224926208
46631,1225052160
46632,1225178112
46633,1225304064
46634,1225430016
46635,1225555968
46636,1225681920
46637,1225807872
46638,1225933824
46639,1226059776
46640,1226185728
46641,1226312704
46642,1226439680
46643,1226566656
46644,1226693632
46645,1226820608
46646,1226947584
46647,1227074560
46648,1227201536
46649,1227328512
46650,1227455488
46651,1227582464
46652,1227709440
46653,1227836416
46654,1227963392
46655,1228090368
46656,1228217344
46657,1228344320
46658,1228471296
46659,1228598272
46660,1228725248
46661,1228852224
46662,1228979200
46663,1229106176
46664,1229233152
46665,1229360128
46666,1229487104
46667,1229614080
46668,1229741056
46669,1229868032
46670,1229995008
46671,1230121984
46672,1230248960
46673,1230375936
46674,1230502912
46675,1230629888
46676,1230756864
46677,1230883840
46678,1231010816
46679,1231137792
46680,1231264768
46681,1231391744
46682,1231518720
46683,1231645696
46684,1231772672
46685,1231899648
46686,1232026624
46687,1232153600
46688,1232280576
46689,1232407552
46690,1232534528
46691,1232661504
46692,1232788480
46693,1232915456
46694,1233042432
46695,1233169408
46696,1233296384
46697,1233423360
46698,1233550336
46699,1233677312
46700,1233804288
46701,1233931264
46702,1234058240
46703,1234185216
46704,1234312192
46705,1234439168
46706,1234566144
46707,1234693120
46708,1234821120
46709,1234949120
46710,1235077120
46711,1235205120
46712,1235333120
46713,1235461120
46714,1235589120
46715,1235717120
46716,1235845120
46717,1235973120
46718,1236101120
46719,1236229120
46720,1236357120
46721,1236485120
46722,1236613120
46723,1236741120
46724,1236869120
46725,1236997120
46726,1237125120
46727,1237253120
46728,1237381120
46729,1237509120
46730,1237637120
46731,1237765120
46732,1237893120
46733,1238021120
46734,1238149120
46735,1238277120
46736,1238405120
46737,1238533120
46738,1238661120
46739,1238789120
46740,1238917120
46741,1239045120
46742,1239173120
46743,1239301120
46744,1239429120
46745,1239557120
46746,1239685120
46747,1239813120
46748,1239941120
46749,1240069120
46750,1240197120
46751,1240325120
46752,1240453120
46753,1240581120
46754,1240709120
46755,1240837120
46756,1240965120
46757,1241093120
46758,1241221120
46759,1241349120
46760,1241477120
46761,1241605120
46762,1241733120
46763,1241861120
46764,1241989120
46765,1242117120
46766,1242245120
46767,1242373120
46768,1242501120
46769,1242629120
46770,1242757120
46771,1242885120
46772,1243013120
46773,1243141120
46774,1243269120
46775,1243397120
46776,1243525120
46777,1243653120
46778,1243781120
46779,1243909120
46780,1244037120
46781,1244165120
46782,1244293120
46783,1244421120
46784,1244549120
46785,1244677120
46786,1244805120
46787,1244933120
46788,1245061120
46789,1245189120
46790,1245317120
46791,1245445120
46792,1245573120
46793,1245701120
46794,1245829120
46795,1245957120
46796,1246085120
46797,1246213120
46798,1246341120
46799,1246469120
46800,1246597120
46801,1246725120
46802,1246853120
46803,1246981120
46804,1247109120
46805,1247237120
46806,1247365120
46807,1247493120
46808,1247621120
46809,1247749120
46810,1247877120
46811,1248006144
46812,1248135168
46813,1248264192
46814,1248393216
46815,1248522240
46816,1248651264
46817,1248780288
46818,1248909312
46819,1249038336
46820,1249167360
46821,1249296384
46822,1249425408
46823,1249554432
46824,1249683456
46825,1249812480
46826,1249941504
46827,1250070528
46828,1250199552
46829,1250328576
46830,1250457600
46831,1250586624
46832,1250715648
46833,1250844672
46834,1250973696
46835,1251102720
46836,1251231744
46837,1251360768
46838,1251489792
46839,1251618816
46840,1251747840
46841,1251876864
46842,1252005888
46843,1252134912
46844,1252263936
46845,1252392960
46846,1252521984
46847,1252651008
46848,1252780032
46849,1252909056
46850,1253038080
46851,1253167104
46852,1253296128
46853,1253425152
46854,1253554176
46855,1253683200
46856,1253812224
46857,1253941248
46858,1254070272
46859,1254199296
46860,1254328320
46861,1254457344
46862,1254586368
46863,1254715392
46864,1254844416
46865,1254973440
46866,1255102464
46867,1255231488
46868,1255360512
46869,1255489536
46870,1255618560
46871,1255747584
46872,1255876608
46873,1256005632
46874,1256134656
46875,1256263680
46876,1256392704
46877,1256521728
46878,1256650752
46879,1256779776
46880,1256908800
46881,1257037824
46882,1257166848
46883,1257295872
46884,1257424896
46885,1257553920
46886,1257682944
46887,1257811968
46888,1257940992
46889,1258070016
46890,1258199040
46891,1258328064
46892,1258457088
46893,1258586112
46894,1258715136
46895,1258844160
46896,1258973184
46897,1259102208
46898,1259231232
46899,1259360256
46900,1259489280
46901,1259618304
46902,1259747328
46903,1259877376
46904,1260007424
46905,1260137472
46906,1260267520
46907,1260397568
46908,1260527616
46909,1260657664
46910,1260787712
46911,1260917760
46912,1261047808
46913,1261177856
46914,1261307904
46915,1261437952
46916,1261568000
46917,1261698048
46918,1261828096
46919,1261958144
46920,1262088192
46921,1262218240
46922,1262348288
46923,1262478336
46924,1262608384
46925,1262738432
46926,1262868480
46927,1262998528
46928,1263128576
46929,1263258624
46930,1263388672
46931,1263518720
46932,1263648768
46933,1263778816
46934,1263908864
46935,1264038912
46936,1264168960
46937,1264299008
46938,1264429056
46939,1264559104
46940,1264689152
46941,1264819200
46942,1264949248
46943,1265079296
46944,1265209344
46945,1265339392
46946,1265469440
46947,1265599488
46948,1265729536
46949,1265859584
46950,1265989632
46951,1266119680
46952,1266249728
46953,1266379776
46954,1266509824
46955,1266639872
46956,1266769920
46957,1266899968
46958,1267030016
46959,1267160064
46960,1267290112
46961,1267420160
46962,1267550208
46963,1267680256
46964,1267810304
46965,1267940352
46966,1268070400
46967,1268200448
46968,1268330496
46969,1268460544
46970,1268590592
46971,1268720640
46972,1268850688
46973,1268980736
46974,1269110784
46975,1269240832
46976,1269370880
46977,1269500928
46978,1269630976
46979,1269761024
46980,1269891072
46981,1270021120
46982,1270151168
46983,1270281216
46984,1270411264
46985,1270541312
46986,1270671360
46987,1270801408
46988,1270931456
46989,1271061504
46990,1271191552
46991,1271321600
46992,1271451648
46993,1271581696
46994,1271711744
46995,1271841792
46996,1271971840
46997,1272101888
46998,1272231936
46999,1272361984
47000,1272492032
47001,1272622080
47002,1272753152
47003,1272884224
47004,1273015296
47005,1273146368
47006,1273277440
47007,1273408512
47008,1273539584
47009,1273670656
47010,1273801728
47011,1273932800
47012,1274063872
47013,1274194944
47014,1274326016
47015,1274457088
47016,1274588160
47017,1274719232
47018,1274850304
47019,1274981376
47020,1275112448
47021,1275243520
47022,1275374592
47023,1275505664
47024,1275636736
47025,1275767808
47026,1275898880
47027,1276029952
47028,1276161024
47029,1276292096
47030,1276423168
47031,1276554240
47032,1276685312
47033,1276816384
47034,1276947456
47035,1277078528
47036,1277209600
47037,1277340672
47038,1277471744
47039,1277602816
47040,1277733888
47041,1277864960
47042,1277996032
47043,1278127104
47044,1278258176
47045,1278389248
47046,1278520320
47047,1278651392
47048,1278782464
47049,1278913536
47050,1279044608
47051,1279175680
47052,1279306752
47053,1279437824
47054,1279568896
47055,1279699968
47056,1279831040
47057,1279962112
47058,1280093184
47059,1280224256
47060,1280355328
47061,1280486400
47062,1280617472
47063,1280748544
47064,1280879616
47065,1281010688
47066,1281141760
47067,1281272832
47068,1281403904
47069,1281534976
47070,1281666048
47071,1281797120
47072,1281928192
47073,1282059264
47074,1282190336
47075,1282321408
47076,1282452480
47077,1282583552
47078,1282714624
47079,1282845696
47080,1282976768
47081,1283107840
47082,1283238912
47083,1283369984
47084,1283501056
47085,1283633152
47086,1283765248
47087,1283897344
47088,1284029440
47089,1284161536
47090,1284293632
47091,1284425728
47092,1284557824
47093,1284689920
47094,1284822016
47095,1284954112
47096,1285086208
47097,1285218304
47098,1285350400
47099,1285482496
47100,1285614592
47101,1285746688
47102,1285878784
47103,1286010880
47104,1286142976
47105,1286275072
47106,1286407168
47107,1286539264
47108,1286671360
47109,1286803456
47110,1286935552
47111,1287067648
47112,1287199744
47113,1287331840
47114,1287463936
47115,1287596032
47116,1287728128
47117,1287860224
47118,1287992320
47119,1288124416
47120,1288256512
47121,1288388608
47122,1288520704
47123,1288652800
47124,1288784896
47125,1288916992
47126,1289049088
47127,1289181184
47128,1289313280
47129,1289445376
47130,1289577472
47131,1289709568
47132,1289841664
47133,1289973760
47134,1290105856
47135,1290237952
47136,1290370048
47137,1290502144
47138,1290634240
47139,1290766336
47140,1290898432
47141,1291030528
47142,1291162624
47143,1291294720
47144,1291426816
47145,1291558912
47146,1291691008
47147,1291823104
47148,1291955200
47149,1292087296
47150,1292219392
47151,1292351488
47152,1292483584
47153,1292615680
47154,1292747776
47155,1292879872
47156,1293011968
47157,1293144064
47158,1293276160
47159,1293408256
47160,1293540352
47161,1293672448
47162,1293804544
47163,1293936640
47164,1294069760
47165,1294202880
47166,1294336000
47167,1294469120
47168,1294602240
47169,1294735360
47170,1294868480
47171,1295001600
47172,1295134720
47173,1295267840
47174,1295400960
47175,1295534080
47176,1295667200
47177,1295800320
47178,1295933440
47179,1296066560
47180,1296199680
47181,1296332800
47182,1296465920
47183,1296599040
47184,1296732160
47185,1296865280
47186,1296998400
47187,1297131520
47188,1297264640
47189,1297397760
47190,1297530880
47191,1297664000
47192,1297797120
47193,1297930240
47194,1298063360
47195,1298196480
47196,1298329600
47197,1298462720
47198,1298595840
47199,1298728960
47200,1298862080
47201,1298995200
47202,1299128320
47203,1299261440
47204,1299394560
47205,1299527680
47206,1299660800
47207,1299793920
47208,1299927040
47209,1300060160
47210,1300193280
47211,1300326400
47212,1300459520
47213,1300592640
47214,1300725760
47215,1300858880
47216,1300992000
47217,1301125120
47218,1301258240
47219,1301391360
47220,1301524480
47221,1301657600
47222,1301790720
47223,1301923840
47224,1302056960
47225,1302190080
47226,1302323200
47227,1302456320
47228,1302589440
47229,1302722560
47230,1302855680
47231,1302988800
47232,1303121920
47233,1303255040
47234,1303388160
47235,1303521280
47236,1303654400
47237,1303787520
47238,1303921664
47239,1304055808
47240,1304189952
47241,1304324096
47242,1304458240
47243,1304592384
47244,1304726528
47245,1304860672
47246,1304994816
47247,1305128960
47248,1305263104
47249,1305397248
47250,1305531392
47251,1305665536
47252,1305799680
47253,1305933824
47254,1306067968
47255,1306202112
47256,1306336256
47257,1306470400
47258,1306604544
47259,1306738688
47260,1306872832
47261,1307006976
47262,1307141120
47263,1307275264
47264,1307409408
47265,1307543552
47266,1307677696
47267,1307811840
47268,1307945984
47269,1308080128
47270,1308214272
47271,1308348416
47272,1308482560
47273,1308616704
47274,1308750848
47275,1308884992
47276,1309019136
47277,1309153280
47278,1309287424
47279,1309421568
47280,1309555712
47281,1309689856
47282,1309824000
47283,1309958144
47284,1310092288
47285,1310226432
47286,1310360576
47287,1310494720
47288,1310628864
47289,1310763008
47290,1310897152
47291,1311031296
47292,1311165440
47293,1311299584
47294,1311433728
47295,1311567872
47296,1311702016
47297,1311836160
47298,1311970304
47299,1312104448
47300,1312238592
47301,1312372736
47302,1312506880
47303,1312641024
47304,1312775168
47305,1312909312
47306,1313043456
47307,1313177600
47308,1313311744
47309,1313445888
47310,1313580032
47311,1313714176
47312,1313848320
47313,1313982464
47314,1314116608
47315,1314250752
47316,1314384896
47317,1314519040
47318,1314653184
47319,1314787328
47320,1314921472
47321,1315055616
47322,1315189760
47323,1315324928
47324,1315460096
47325,1315595264
47326,1315730432
47327,1315865600
47328,1316000768
47329,1316135936
47330,1316271104
47331,1316406272
47332,1316541440
47333,1316676608
47334,1316811776
47335,1316946944
47336,1317082112
47337,1317217280
47338,1317352448
47339,1317487616
47340,1317622784
47341,1317757952
47342,1317893120
47343,1318028288
47344,1318163456
47345,1318298624
47346,1318433792
47347,1318568960
47348,1318704128
47349,1318839296
47350,1318974464
47351,1319109632
47352,1319244800
47353,1319379968
47354,1319515136
47355,1319650304
47356,1319785472
47357,1319920640
47358,1320055808
47359,1320190976
47360,1320326144
47361,1320461312
47362,1320596480
47363,1320731648
47364,1320866816
47365,1321001984
47366,1321137152
47367,1321272320
47368,1321407488
47369,1321542656
47370,1321677824
47371,1321812992
47372,1321948160
47373,1322083328
47374,1322218496
47375,1322353664
47376,1322488832
47377,1322624000
47378,1322759168
47379,1322894336
47380,1323029504
47381,1323164672
47382,1323299840
47383,1323435008
47384,1323570176
47385,1323705344
47386,1323840512
47387,1323975680
47388,1324110848
47389,1324246016
47390,1324381184
47391,1324516352
47392,1324651520
47393,1324786688
47394,1324921856
47395,1325057024
47396,1325192192
47397,1325327360
47398,1325462528
47399,1325597696
47400,1325732864
47401,1325868032
47402,1326003200
47403,1326138368
47404,1326274560
47405,1326410752
47406,1326546944
47407,1326683136
47408,1326819328
47409,1326955520
47410,1327091712
47411,1327227904
47412,1327364096
47413,1327500288
47414,1327636480
47415,1327772672
47416,1327908864
47417,1328045056
47418,1328181248
47419,1328317440
47420,1328453632
47421,1328589824
47422,1328726016
47423,1328862208
47424,1328998400
47425,1329134592
47426,1329270784
47427,1329406976
47428,1329543168
47429,1329679360
47430,1329815552
47431,1329951744
47432,1330087936
47433,1330224128
47434,1330360320
47435,1330496512
47436,1330632704
47437,1330768896
47438,1330905088
47439,1331041280
47440,1331177472
47441,1331313664
47442,1331449856
47443,1331586048
47444,1331722240
47445,1331858432
47446,1331994624
47447,1332130816
47448,1332267008
47449,1332403200
47450,1332539392
47451,1332675584
47452,1332811776
47453,1332947968
47454,1333084160
47455,1333220352
47456,1333356544
47457,1333492736
47458,1333628928
47459,1333765120
47460,1333901312
47461,1334037504
47462,1334173696
47463,1334309888
47464,1334446080
47465,1334582272
47466,1334718464
47467,1334854656
47468,1334990848
47469,1335127040
47470,1335263232
47471,1335399424
47472,1335535616
47473,1335671808
47474,1335808000
47475,1335944192
47476,1336081408
47477,1336218624
47478,1336355840
47479,1336493056
47480,1336630272
47481,1336767488
47482,1336904704
47483,1337041920
47484,1337179136
47485,1337316352
47486,1337453568
47487,1337590784
47488,1337728000
47489,1337865216
47490,1338002432
47491,1338139648
47492,1338276864
47493,1338414080
47494,1338551296
47495,1338688512
47496,1338825728
47497,1338962944
47498,1339100160
47499,1339237376
47500,1339374592
47501,1339511808
47502,1339649024
47503,1339786240
47504,1339923456
47505,1340060672
47506,1340197888
47507,1340335104
47508,1340472320
47509,1340609536
47510,1340746752
47511,1340883968
47512,1341021184
47513,1341158400
47514,1341295616
47515,1341432832
47516,1341570048
47517,1341707264
47518,1341844480
47519,1341981696
47520,1342118912
47521,1342256128
47522,1342393344
47523,1342530560
47524,1342667776
47525,1342804992
47526,1342942208
47527,1343079424
47528,1343216640
47529,1343353856
47530,1343491072
47531,1343628288
47532,1343765504
47533,1343902720
47534,1344039936
47535,1344177152
47536,1344314368
47537,1344451584
47538,1344588800
47539,1344726016
47540,1344863232
47541,1345000448
47542,1345137664
47543,1345274880
47544,1345412096
47545,1345549312
47546,1345686528
47547,1345823744
47548,1345960960
47549,1346098176
47550,1346235392
47551,1346372608
47552,1346509824
47553,1346647040
47554,1346784256
47555,1346921472
47556,1347058688
47557,1347195904
47558,1347333120
47559,1347470336
47560,1347607552
47561,1347744768
47562,1347881984
47563,1348019200
47564,1348156416
47565,1348294656
47566,1348432896
47567,1348571136
47568,1348709376
47569,1348847616
47570,1348985856
47571,1349124096
47572,1349262336
47573,1349400576
47574,1349538816
47575,1349677056
47576,1349815296
47577,1349953536
47578,1350091776
47579,1350230016
47580,1350368256
47581,1350506496
47582,1350644736
47583,1350782976
47584,1350921216
47585,1351059456
47586,1351197696
47587,1351335936
47588,1351474176
47589,1351612416
47590,1351750656
47591,1351888896
47592,1352027136
47593,1352165376
47594,1352303616
47595,1352441856
47596,1352580096
47597,1352718336
47598,1352856576
47599,1352994816
47600,1353133056
47601,1353271296
47602,1353409536
47603,1353547776
47604,1353686016
47605,1353824256
47606,1353962496
47607,1354100736
47608,1354238976
47609,1354377216
47610,1354515456
47611,1354653696
47612,1354791936
47613,1354930176
47614,1355068416
47615,1355206656
47616,1355344896
47617,1355483136
47618,1355621376
47619,1355759616
47620,1355897856
47621,1356036096
47622,1356174336
47623,1356312576
47624,1356450816
47625,1356589056
47626,1356727296
47627,1356865536
47628,1357003776
47629,1357142016
47630,1357280256
47631,1357418496
47632,1357556736
47633,1357694976
47634,1357833216
47635,1357971456
47636,1358109696
47637,1358247936
47638,1358387200
47639,1358526464
47640,1358665728
47641,1358804992
47642,1358944256
47643,1359083520
47644,1359222784
47645,1359362048
47646,1359501312
47647,1359640576
47648,1359779840
47649,1359919104
47650,1360058368
47651,1360197632
47652,1360336896
47653,1360476160
47654,1360615424
47655,1360754688
47656,1360893952
47657,1361033216
47658,1361172480
47659,1361311744
47660,1361451008
47661,1361590272
47662,1361729536
47663,1361868800
47664,1362008064
47665,1362147328
47666,1362286592
47667,1362425856
47668,1362565120
47669,1362704384
47670,1362843648
47671,1362982912
47672,1363122176
47673,1363261440
47674,1363400704
47675,1363539968
47676,1363679232
47677,1363818496
47678,1363957760
47679,1364097024
47680,1364236288
47681,1364375552
47682,1364514816
47683,1364654080
47684,1364793344
47685,1364932608
47686,1365071872
47687,1365211136
47688,1365350400
47689,1365489664
47690,1365628928
47691,1365768192
47692,1365907456
47693,1366046720
47694,1366185984
47695,1366325248
47696,1366464512
47697,1366603776
47698,1366743040
47699,1366882304
47700,1367021568
47701,1367161856
47702,1367302144
47703,1367442432
47704,1367582720
47705,1367723008
47706,1367863296
47707,1368003584
47708,1368143872
47709,1368284160
47710,1368424448
47711,1368564736
47712,1368705024
47713,1368845312
47714,1368985600
47715,1369125888
47716,1369266176
47717,1369406464
47718,1369546752
47719,1369687040
47720,1369827328
47721,1369967616
47722,1370107904
47723,1370248192
47724,1370388480
47725,1370528768
47726,1370669056
47727,1370809344
47728,1370949632
47729,1371089920
47730,1371230208
47731,1371370496
47732,1371510784
47733,1371651072
47734,1371791360
47735,1371931648
47736,1372071936
47737,1372212224
47738,1372352512
47739,1372492800
47740,1372633088
47741,1372773376
47742,1372913664
47743,1373053952
47744,1373194240
47745,1373334528
47746,1373474816
47747,1373615104
47748,1373755392
47749,1373895680
47750,1374035968
47751,1374176256
47752,1374316544
47753,1374456832
47754,1374597120
47755,1374737408
47756,1374877696
47757,1375017984
47758,1375158272
47759,1375298560
47760,1375438848
47761,1375579136
47762,1375719424
47763,1375859712
47764,1376000000
47765,1376140288
47766,1376280576
47767,1376420864
47768,1376561152
47769,1376701440
47770,1376841728
47771,1376982016
47772,1377122304
47773,1377262592
47774,1377402880
47775,1377543168
47776,1377683456
47777,1377823744
47778,1377964032
47779,1378104320
47780,1378244608
47781,1378384896
47782,1378525184
47783,1378665472
47784,1378805760
47785,1378946048
47786,1379086336
47787,1379226624
47788,1379366912
47789,1379507200
47790,1379647488
47791,1379787776
47792,1379928064
47793,1380068352
47794,1380208640
47795,1380348928
47796,1380489216
47797,1380629504
47798,1380769792
47799,1380910080
47800,1381050368
47801,1381190656
47802,1381330944
47803,1381472256
47804,1381613568
47805,1381754880
47806,1381896192
47807,1382037504
47808,1382178816
47809,1382320128
47810,1382461440
47811,1382602752
47812,1382744064
47813,1382885376
47814,1383026688
47815,1383168000
47816,1383309312
47817,1383450624
47818,1383591936
47819,1383733248
47820,1383874560
47821,1384015872
47822,1384157184
47823,1384298496
47824,1384439808
47825,1384581120
47826,1384722432
47827,1384863744
47828,1385005056
47829,1385146368
47830,1385287680
47831,1385428992
47832,1385570304
47833,1385711616
47834,1385852928
47835,1385994240
47836,1386135552
47837,1386276864
47838,1386418176
47839,1386559488
47840,1386700800
47841,1386842112
47842,1386983424
47843,1387124736
47844,1387266048
47845,1387407360
47846,1387548672
47847,1387689984
47848,1387831296
47849,1387972608
47850,1388113920
47851,1388255232
47852,1388396544
47853,1388537856
47854,1388679168
47855,1388820480
47856,1388961792
47857,1389103104
47858,1389244416
47859,1389385728
47860,1389527040
47861,1389668352
47862,1389809664
47863,1389950976
47864,1390092288
47865,1390233600
47866,1390374912
47867,1390516224
47868,1390657536
47869,1390798848
47870,1390940160
47871,1391081472
47872,1391222784
47873,1391364096
47874,1391505408
47875,1391646720
47876,1391788032
47877,1391929344
47878,1392070656
47879,1392211968
47880,1392353280
47881,1392494592
47882,1392635904
47883,1392777216
47884,1392918528
47885,1393059840
47886,1393201152
47887,1393342464
47888,1393483776
47889,1393626112
47890,1393768448
47891,1393910784
47892,1394053120
47893,1394195456
47894,1394337792
47895,1394480128
47896,1394622464
47897,1394764800
47898,1394907136
47899,1395049472
47900,1395191808
47901,1395334144
47902,1395476480
47903,1395618816
47904,1395761152
47905,1395903488
47906,1396045824
47907,1396188160
47908,1396330496
47909,1396472832
47910,1396615168
47911,1396757504
47912,1396899840
47913,1397042176
47914,1397184512
47915,1397326848
47916,1397469184
47917,1397611520
47918,1397753856
47919,1397896192
47920,1398038528
47921,1398180864
47922,1398323200
47923,1398465536
47924,1398607872
47925,1398750208
47926,1398892544
47927,1399034880
47928,1399177216
47929,1399319552
47930,1399461888
47931,1399604224
47932,1399746560
47933,1399888896
47934,1400031232
47935,1400173568
47936,1400315904
47937,1400458240
47938,1400600576
47939,1400742912
47940,1400885248
47941,1401027584
47942,1401169920
47943,1401312256
47944,1401454592
47945,1401596928
47946,1401739264
47947,1401881600
47948,1402023936
47949,1402166272
47950,1402308608
47951,1402450944
47952,1402593280
47953,1402735616
47954,1402877952
47955,1403020288
47956,1403162624
47957,1403304960
47958,1403447296
47959,1403589632
47960,1403731968
47961,1403874304
47962,1404016640
47963,1404158976
47964,1404301312
47965,1404443648
47966,1404585984
47967,1404729344
47968,1404872704
47969,1405016064
47970,1405159424
47971,1405302784
47972,1405446144
47973,1405589504
47974,1405732864
47975,1405876224
47976,1406019584
47977,1406162944
47978,1406306304
47979,1406449664
47980,1406593024
47981,1406736384
47982,1406879744
47983,1407023104
47984,1407166464
47985,1407309824
47986,1407453184
47987,1407596544
47988,1407739904
47989,1407883264
47990,1408026624
47991,1408169984
47992,1408313344
47993,1408456704
47994,1408600064
47995,1408743424
47996,1408886784
47997,1409030144
47998,1409173504
47999,1409316864
48000,1409460224
48001,1409603584
48002,1409746944
48003,1409890304
48004,1410033664
48005,1410177024
48006,1410320384
48007,1410463744
48008,1410607104
48009,1410750464
48010,1410893824
48011,1411037184
48012,1411180544
48013,1411323904
48014,1411467264
48015,1411610624
48016,1411753984
48017,1411897344
48018,1412040704
48019,1412184064
48020,1412327424
48021,1412470784
48022,1412614144
48023,1412757504
48024,1412900864
48025,1413044224
48026,1413187584
48027,1413330944
48028,1413474304
48029,1413617664
48030,1413761024
48031,1413904384
48032,1414047744
48033,1414191104
48034,1414334464
48035,1414477824
48036,1414621184
48037,1414764544
48038,1414907904
48039,1415051264
48040,1415194624
48041,1415337984
48042,1415481344
48043,1415624704
48044,1415768064
48045,1415911424
48046,1416054784
48047,1416198144
48048,1416341504
48049,1416484864
48050,1416628224
48051,1416771584
48052,1416914944
48053,1417058304
48054,1417201664
48055,1417346048
48056,1417490432
48057,1417634816
48058,1417779200
48059,1417923584
48060,1418067968
48061,1418212352
48062,1418356736
48063,1418501120
48064,1418645504
48065,1418789888
48066,1418934272
48067,1419078656
48068,1419223040
48069,1419367424
48070,1419511808
48071,1419656192
48072,1419800576
48073,1419944960
48074,1420089344
48075,1420233728
48076,1420378112
48077,1420522496
48078,1420666880
48079,1420811264
48080,1420955648
48081,1421100032
48082,1421244416
48083,1421388800
48084,1421533184
48085,1421677568
48086,1421821952
48087,1421966336
48088,1422110720
48089,1422255104
48090,1422399488
48091,1422543872
48092,1422688256
48093,1422832640
48094,1422977024
48095,1423121408
48096,1423265792
48097,1423410176
48098,1423554560
48099,1423698944
48100,1423843328
48101,1423987712
48102,1424132096
48103,1424276480
48104,1424420864
48105,1424565248
48106,1424709632
48107,1424854016
48108,1424998400
48109,1425142784
48110,1425287168
48111,1425431552
48112,1425575936
48113,1425720320
48114,1425864704
48115,1426009088
48116,1426153472
48117,1426297856
48118,1426442240
48119,1426586624
48120,1426731008
48121,1426875392
48122,1427019776
48123,1427165184
48124,1427310592
48125,1427456000
48126,1427601408
48127,1427746816
48128,1427892224
48129,1428037632
48130,1428183040
48131,1428328448
48132,1428473856
48133,1428619264
48134,1428764672
48135,1428910080
48136,1429055488
48137,1429200896
48138,1429346304
48139,1429491712
48140,1429637120
48141,1429782528
48142,1429927936
48143,1430073344
48144,1430218752
48145,1430364160
48146,1430509568
48147,1430654976
48148,1430800384
48149,1430945792
48150,1431091200
48151,1431236608
48152,1431382016
48153,1431527424
48154,1431672832
48155,1431818240
48156,1431963648
48157,1432109056
48158,1432254464
48159,1432399872
48160,1432545280
48161,1432690688
48162,1432836096
48163,1432981504
48164,1433126912
48165,1433272320
48166,1433417728
48167,1433563136
48168,1433708544
48169,1433853952
48170,1433999360
48171,1434144768
48172,1434290176
48173,1434435584
48174,1434580992
48175,1434726400
48176,1434871808
48177,1435017216
48178,1435162624
48179,1435308032
48180,1435453440
48181,1435598848
48182,1435744256
48183,1435889664
48184,1436035072
48185,1436180480
48186,1436325888
48187,1436471296
48188,1436616704
48189,1436762112
48190,1436908544
48191,1437054976
48192,1437201408
48193,1437347840
48194,1437494272
48195,1437640704
48196,1437787136
48197,1437933568
48198,1438080000
48199,1438226432
48200,1438372864
48201,1438519296
48202,1438665728
48203,1438812160
48204,1438958592
48205,1439105024
48206,1439251456
48207,1439397888
48208,1439544320
48209,1439690752
48210,1439837184
48211,1439983616
48212,1440130048
48213,1440276480
48214,1440422912
48215,1440569344
48216,1440715776
48217,1440862208
48218,1441008640
48219,1441155072
48220,1441301504
48221,1441447936
48222,1441594368
48223,1441740800
48224,1441887232
48225,1442033664
48226,1442180096
48227,1442326528
48228,1442472960
48229,1442619392
48230,1442765824
48231,1442912256
48232,1443058688
48233,1443205120
48234,1443351552
48235,1443497984
48236,1443644416
48237,1443790848
48238,1443937280
48239,1444083712
48240,1444230144
48241,1444376576
48242,1444523008
48243,1444669440
48244,1444815872
48245,1444962304
48246,1445108736
48247,1445255168
48248,1445401600
48249,1445548032
48250,1445694464
48251,1445840896
48252,1445987328
48253,1446133760
48254,1446280192
48255,1446426624
48256,1446573056
48257,1446719488
48258,1446865920
48259,1447013376
48260,1447160832
48261,1447308288
48262,1447455744
48263,1447603200
48264,1447750656
48265,1447898112
48266,1448045568
48267,1448193024
48268,1448340480
48269,1448487936
48270,1448635392
48271,1448782848
48272,1448930304
48273,1449077760
48274,1449225216
48275,1449372672
48276,1449520128
48277,1449667584
48278,1449815040
48279,1449962496
48280,1450109952
48281,1450257408
48282,1450404864
48283,1450552320
48284,1450699776
48285,1450847232
48286,1450994688
48287,1451142144
48288,1451289600
48289,1451437056
48290,1451584512
48291,1451731968
48292,1451879424
48293,1452026880
48294,1452174336
48295,1452321792
48296,1452469248
48297,1452616704
48298,1452764160
48299,1452911616
48300,1453059072
48301,1453206528
48302,1453353984
48303,1453501440
48304,1453648896
48305,1453796352
48306,1453943808
48307,1454091264
48308,1454238720
48309,1454386176
48310,1454533632
48311,1454681088
48312,1454828544
48313,1454976000
48314,1455123456
48315,1455270912
48316,1455418368
48317,1455565824
48318,1455713280
48319,1455860736
48320,1456008192
48321,1456155648
48322,1456303104
48323,1456450560
48324,1456598016
48325,1456745472
48326,1456892928
48327,1457040384
48328,1457187840
48329,1457335296
48330,1457482752
48331,1457630208
48332,1457777664
48333,1457925120
48334,1458072576
48335,1458220032
48336,1458367488
48337,1458515968
48338,1458664448
48339,1458812928
48340,1458961408
48341,1459109888
48342,1459258368
48343,1459406848
48344,1459555328
48345,1459703808
48346,1459852288
48347,1460000768
48348,1460149248
48349,1460297728
48350,1460446208
48351,1460594688
48352,1460743168
48353,1460891648
48354,1461040128
48355,1461188608
48356,1461337088
48357,1461485568
48358,1461634048
48359,1461782528
48360,1461931008
48361,1462079488
48362,1462227968
48363,1462376448
48364,1462524928
48365,1462673408
48366,1462821888
48367,1462970368
48368,1463118848
48369,1463267328
48370,1463415808
48371,1463564288
48372,1463712768
48373,1463861248
48374,1464009728
48375,1464158208
48376,1464306688
48377,1464455168
48378,1464603648
48379,1464752128
48380,1464900608
48381,1465049088
48382,1465197568
48383,1465346048
48384,1465494528
48385,1465643008
48386,1465791488
48387,1465939968
48388,1466088448
48389,1466236928
48390,1466385408
48391,1466533888
48392,1466682368
48393,1466830848
48394,1466979328
48395,1467127808
48396,1467276288
48397,1467424768
48398,1467573248
48399,1467721728
48400,1467870208
48401,1468018688
48402,1468167168
48403,1468315648
48404,1468464128
48405,1468612608
48406,1468761088
48407,1468909568
48408,1469059072
48409,1469208576
48410,1469358080
48411,1469507584
48412,1469657088
48413,1469806592
48414,1469956096
48415,1470105600
48416,1470255104
48417,1470404608
48418,1470554112
48419,1470703616
48420,1470853120
48421,1471002624
48422,1471152128
48423,1471301632
48424,1471451136
48425,1471600640
48426,1471750144
48427,1471899648
48428,1472049152
48429,1472198656
48430,1472348160
48431,1472497664
48432,1472647168
48433,1472796672
48434,1472946176
48435,1473095680
48436,1473245184
48437,1473394688
48438,1473544192
48439,1473693696
48440,1473843200
48441,1473992704
48442,1474142208
48443,1474291712
48444,1474441216
48445,1474590720
48446,1474740224
48447,1474889728
48448,1475039232
48449,1475188736
48450,1475338240
48451,1475487744
48452,1475637248
48453,1475786752
48454,1475936256
48455,1476085760
48456,1476235264
48457,1476384768
48458,1476534272
48459,1476683776
48460,1476833280
48461,1476982784
48462,1477132288
48463,1477281792
48464,1477431296
48465,1477580800
48466,1477730304
48467,1477879808
48468,1478029312
48469,1478179840
48470,1478330368
48471,1478480896
48472,1478631424
48473,1478781952
48474,1478932480
48475,1479083008
48476,1479233536
48477,1479384064
48478,1479534592
48479,1479685120
48480,1479835648
48481,1479986176
48482,1480136704
48483,1480287232
48484,1480437760
48485,1480588288
48486,1480738816
48487,1480889344
48488,1481039872
48489,1481190400
48490,1481340928
48491,1481491456
48492,1481641984
48493,1481792512
48494,1481943040
48495,1482093568
48496,1482244096
48497,1482394624
48498,1482545152
48499,1482695680
48500,1482846208
48501,1482996736
48502,1483147264
48503,1483297792
48504,1483448320
48505,1483598848
48506,1483749376
48507,1483899904
48508,1484050432
48509,1484200960
48510,1484351488
48511,1484502016
48512,1484652544
48513,1484803072
48514,1484953600
48515,1485104128
48516,1485254656
48517,1485405184
48518,1485555712
48519,1485706240
48520,1485856768
48521,1486007296
48522,1486157824
48523,1486308352
48524,1486458880
48525,1486609408
48526,1486759936
48527,1486910464
48528,1487060992
48529,1487211520
48530,1487362048
48531,1487512576
48532,1487663104
48533,1487813632
48534,1487964160
48535,1488114688
48536,1488265216
48537,1488415744
48538,1488566272
48539,1488716800
48540,1488867328
48541,1489017856
48542,1489168384
48543,1489318912
48544,1489469440
48545,1489619968
48546,1489770496
48547,1489921024
48548,1490071552
48549,1490222080
48550,1490372608
48551,1490523136
48552,1490673664
48553,1490824192
48554,1490974720
48555,1491125248
48556,1491275776
48557,1491426304
48558,1491576832
48559,1491727360
48560,1491877888
48561,1492028416
48562,1492178944
48563,1492330496
48564,1492482048
48565,1492633600
48566,1492785152
48567,1492936704
48568,1493088256
48569,1493239808
48570,1493391360
48571,1493542912
48572,1493694464
48573,1493846016
48574,1493997568
48575,1494149120
48576,1494300672
48577,1494452224
48578,1494603776
48579,1494755328
48580,1494906880
48581,1495058432
48582,1495209984
48583,1495361536
48584,1495513088
48585,1495664640
48586,1495816192
48587,1495967744
48588,1496119296
48589,1496270848
48590,1496422400
48591,1496573952
48592,1496725504
48593,1496877056
48594,1497028608
48595,1497180160
48596,1497331712
48597,1497483264
48598,1497634816
48599,1497786368
48600,1497937920
48601,1498089472
48602,1498241024
48603,1498392576
48604,1498544128
48605,1498695680
48606,1498847232
48607,1498998784
48608,1499150336
48609,1499301888
48610,1499453440
48611,1499604992
48612,1499756544
48613,1499908096
48614,1500059648
48615,1500211200
48616,1500362752
48617,1500514304
48618,1500665856
48619,1500817408
48620,1500968960
48621,1501120512
48622,1501272064
48623,1501423616
48624,1501575168
48625,1501726720
48626,1501878272
48627,1502029824
48628,1502181376
48629,1502332928
48630,1502484480
48631,1502636032
48632,1502787584
48633,1502939136
48634,1503090688
48635,1503242240
48636,1503393792
48637,1503545344
48638,1503696896
48639,1503848448
48640,1504000000
48641,1504151552
48642,1504303104
48643,1504455680
48644,1504608256
48645,1504760832
48646,1504913408
48647,1505065984
48648,1505218560
48649,1505371136
48650,1505523712
48651,1505676288
48652,1505828864
48653,1505981440
48654,1506134016
48655,1506286592
48656,1506439168
48657,1506591744
48658,1506744320
48659,1506896896
48660,1507049472
48661,1507202048
48662,1507354624
48663,1507507200
48664,1507659776
48665,1507812352
48666,1507964928
48667,1508117504
48668,1508270080
48669,1508422656
48670,1508575232
48671,1508727808
48672,1508880384
48673,1509032960
48674,1509185536
48675,1509338112
48676,1509490688
48677,1509643264
48678,1509795840
48679,1509948416
48680,1510100992
48681,1510253568
48682,1510406144
48683,1510558720
48684,1510711296
48685,1510863872
48686,1511016448
48687,1511169024
48688,1511321600
48689,1511474176
48690,1511626752
48691,1511779328
48692,1511931904
48693,1512084480
48694,1512237056
48695,1512389632
48696,1512542208
48697,1512694784
48698,1512847360
48699,1512999936
48700,1513152512
48701,1513305088
48702,1513457664
48703,1513610240
48704,1513762816
48705,1513915392
48706,1514067968
48707,1514220544
48708,1514373120
48709,1514525696
48710,1514678272
48711,1514830848
48712,1514983424
48713,1515136000
48714,1515289600
48715,1515443200
48716,1515596800
48717,1515750400
48718,1515904000
48719,1516057600
48720,1516211200
48721,1516364800
48722,1516518400
48723,1516672000
48724,1516825600
48725,1516979200
48726,1517132800
48727,1517286400
48728,1517440000
48729,1517593600
48730,1517747200
48731,1517900800
48732,1518054400
48733,1518208000
48734,1518361600
48735,1518515200
48736,1518668800
48737,1518822400
48738,1518976000
48739,1519129600
48740,1519283200
48741,1519436800
48742,1519590400
48743,1519744000
48744,1519897600
48745,1520051200
48746,1520204800
48747,1520358400
48748,1520512000
48749,1520665600
48750,1520819200
48751,1520972800
48752,1521126400
48753,1521280000
48754,1521433600
48755,1521587200
48756,1521740800
48757,1521894400
48758,1522048000
48759,1522201600
48760,1522355200
48761,1522508800
48762,1522662400
48763,1522816000
48764,1522969600
48765,1523123200
48766,1523276800
48767,1523430400
48768,1523584000
48769,1523737600
48770,1523891200
48771,1524044800
48772,1524198400
48773,1524352000
48774,1524505600
48775,1524659200
48776,1524812800
48777,1524966400
48778,1525120000
48779,1525273600
48780,1525427200
48781,1525580800
48782,1525734400
48783,1525888000
48784,1526041600
48785,1526195200
48786,1526348800
48787,1526502400
48788,1526656000
48789,1526809600
48790,1526964224
48791,1527118848
48792,1527273472
48793,1527428096
48794,1527582720
48795,1527737344
48796,1527891968
48797,1528046592
48798,1528201216
48799,1528355840
48800,1528510464
48801,1528665088
48802,1528819712
48803,1528974336
48804,1529128960
48805,1529283584
48806,1529438208
48807,1529592832
48808,1529747456
48809,1529902080
48810,1530056704
48811,1530211328
48812,1530365952
48813,1530520576
48814,1530675200
48815,1530829824
48816,1530984448
48817,1531139072
48818,1531293696
48819,1531448320
48820,1531602944
48821,1531757568
48822,1531912192
48823,1532066816
48824,1532221440
48825,1532376064
48826,1532530688
48827,1532685312
48828,1532839936
48829,1532994560
48830,1533149184
48831,1533303808
48832,1533458432
48833,1533613056
48834,1533767680
48835,1533922304
48836,1534076928
48837,1534231552
48838,1534386176
48839,1534540800
48840,1534695424
48841,1534850048
48842,1535004672
48843,1535159296
48844,1535313920
48845,1535468544
48846,1535623168
48847,1535777792
48848,1535932416
48849,1536087040
48850,1536241664
48851,1536396288
48852,1536550912
48853,1536705536
48854,1536860160
48855,1537014784
48856,1537169408
48857,1537324032
48858,1537478656
48859,1537633280
48860,1537787904
48861,1537942528
48862,1538097152
48863,1538252800
48864,1538408448
48865,1538564096
48866,1538719744
48867,1538875392
48868,1539031040
48869,1539186688
48870,1539342336
48871,1539497984
48872,1539653632
48873,1539809280
48874,1539964928
48875,1540120576
48876,1540276224
48877,1540431872
48878,1540587520
48879,1540743168
48880,1540898816
48881,1541054464
48882,1541210112
48883,1541365760
48884,1541521408
48885,1541677056
48886,1541832704
48887,1541988352
48888,1542144000
48889,1542299648
48890,1542455296
48891,1542610944
48892,1542766592
48893,1542922240
48894,1543077888
48895,1543233536
48896,1543389184
48897,1543544832
48898,1543700480
48899,1543856128
48900,1544011776
48901,1544167424
48902,1544323072
48903,1544478720
48904,1544634368
48905,1544790016
48906,1544945664
48907,1545101312
48908,1545256960
48909,1545412608
48910,1545568256
48911,1545723904
48912,1545879552
48913,1546035200
48914,1546190848
48915,1546346496
48916,1546502144
48917,1546657792
48918,1546813440
48919,1546969088
48920,1547124736
48921,1547280384
48922,1547436032
48923,1547591680
48924,1547747328
48925,1547902976
48926,1548058624
48927,1548214272
48928,1548369920
48929,1548525568
48930,1548681216
48931,1548836864
48932,1548992512
48933,1549148160
48934,1549303808
48935,1549459456
48936,1549615104
48937,1549770752
48938,1549926400
48939,1550082048
48940,1550237696
48941,1550393344
48942,1550550016
48943,1550706688
48944,1550863360
48945,1551020032
48946,1551176704
48947,1551333376
48948,1551490048
48949,1551646720
48950,1551803392
48951,1551960064
48952,1552116736
48953,1552273408
48954,1552430080
48955,1552586752
48956,1552743424
48957,1552900096
48958,1553056768
48959,1553213440
48960,1553370112
48961,1553526784
48962,1553683456
48963,1553840128
48964,1553996800
48965,1554153472
48966,1554310144
48967,1554466816
48968,1554623488
48969,1554780160
48970,1554936832
48971,1555093504
48972,1555250176
48973,1555406848
48974,1555563520
48975,1555720192
48976,1555876864
48977,1556033536
48978,1556190208
48979,1556346880
48980,1556503552
48981,1556660224
48982,1556816896
48983,1556973568
48984,1557130240
48985,1557286912
48986,1557443584
48987,1557600256
48988,1557756928
48989,1557913600
48990,1558070272
48991,1558226944
48992,1558383616
48993,1558540288
48994,1558696960
48995,1558853632
48996,1559010304
48997,1559166976
48998,1559323648
48999,1559480320
49000,1559636992
49001,1559793664
49002,1559950336
49003,1560107008
49004,1560263680
49005,1560421376
49006,1560579072
49007,1560736768
49008,1560894464
49009,1561052160
49010,1561209856
49011,1561367552
49012,1561525248
49013,1561682944
49014,1561840640
49015,1561998336
49016,1562156032
49017,1562313728
49018,1562471424
49019,1562629120
49020,1562786816
49021,1562944512
49022,1563102208
49023,1563259904
49024,1563417600
49025,1563575296
49026,1563732992
49027,1563890688
49028,1564048384
49029,1564206080
49030,1564363776
49031,1564521472
49032,1564679168
49033,1564836864
49034,1564994560
49035,1565152256
49036,1565309952
49037,1565467648
49038,1565625344
49039,1565783040
49040,1565940736
49041,1566098432
49042,1566256128
49043,1566413824
49044,1566571520
49045,1566729216
49046,1566886912
49047,1567044608
49048,1567202304
49049,1567360000
49050,1567517696
49051,1567675392
49052,1567833088
49053,1567990784
49054,1568148480
49055,1568306176
49056,1568463872
49057,1568621568
49058,1568779264
49059,1568936960
49060,1569094656
49061,1569252352
49062,1569410048
49063,1569567744
49064,1569725440
49065,1569883136
49066,1570040832
49067,1570198528
49068,1570356224
49069,1570513920
49070,1570671616
49071,1570830336
49072,1570989056
49073,1571147776
49074,1571306496
49075,1571465216
49076,1571623936
49077,1571782656
49078,1571941376
49079,1572100096
49080,1572258816
49081,1572417536
49082,1572576256
49083,1572734976
49084,1572893696
49085,1573052416
49086,1573211136
49087,1573369856
49088,1573528576
49089,1573687296
49090,1573846016
49091,1574004736
49092,1574163456
49093,1574322176
49094,1574480896
49095,1574639616
49096,1574798336
49097,1574957056
49098,1575115776
49099,1575274496
49100,1575433216
49101,1575591936
49102,1575750656
49103,1575909376
49104,1576068096
49105,1576226816
49106,1576385536
49107,1576544256
49108,1576702976
49109,1576861696
49110,1577020416
49111,1577179136
49112,1577337856
49113,1577496576
49114,1577655296
49115,1577814016
49116,1577972736
49117,1578131456
49118,1578290176
49119,1578448896
49120,1578607616
49121,1578766336
49122,1578925056
49123,1579083776
49124,1579242496
49125,1579401216
49126,1579559936
49127,1579718656
49128,1579877376
49129,1580036096
49130,1580194816
49131,1580353536
49132,1580512256
49133,1580670976
49134,1580829696
49135,1580988416
49136,1581147136
49137,1581305856
49138,1581464576
49139,1581623296
49140,1581782016
49141,1581940736
49142,1582099456
49143,1582258176
49144,1582416896
49145,1582575616
49146,1582734336
49147,1582894080
49148,1583053824
49149,1583213568
49150,1583373312
49151,1583533056
49152,1583692800
49153,1583852544
49154,1584012288
49155,1584172032
49156,1584331776
49157,1584491520
49158,1584651264
49159,1584811008
49160,1584970752
49161,1585130496
49162,1585290240
49163,1585449984
49164,1585609728
49165,1585769472
49166,1585929216
49167,1586088960
49168,1586248704
49169,1586408448
49170,1586568192
49171,1586727936
49172,1586887680
49173,1587047424
49174,1587207168
49175,1587366912
49176,1587526656
49177,1587686400
49178,1587846144
49179,1588005888
49180,1588165632
49181,1588325376
49182,1588485120
49183,1588644864
49184,1588804608
49185,1588964352
49186,1589124096
49187,1589283840
49188,1589443584
49189,1589603328
49190,1589763072
49191,1589922816
49192,1590082560
49193,1590242304
49194,1590402048
49195,1590561792
49196,1590721536
49197,1590881280
49198,1591041024
49199,1591200768
49200,1591360512
49201,1591520256
49202,1591680000
49203,1591839744
49204,1591999488
49205,1592159232
49206,1592318976
49207,1592479744
49208,1592640512
49209,1592801280
49210,1592962048
49211,1593122816
49212,1593283584
49213,1593444352
49214,1593605120
49215,1593765888
49216,1593926656
49217,1594087424
49218,1594248192
49219,1594408960
49220,1594569728
49221,1594730496
49222,1594891264
49223,1595052032
49224,1595212800
49225,1595373568
49226,1595534336
49227,1595695104
49228,1595855872
49229,1596016640
49230,1596177408
49231,1596338176
49232,1596498944
49233,1596659712
49234,1596820480
49235,1596981248
49236,1597142016
49237,1597302784
49238,1597463552
49239,1597624320
49240,1597785088
49241,1597945856
49242,1598106624
49243,1598267392
49244,1598428160
49245,1598588928
49246,1598749696
49247,1598910464
49248,1599071232
49249,1599232000
49250,1599392768
49251,1599553536
49252,1599714304
49253,1599875072
49254,1600035840
49255,1600196608
49256,1600357376
49257,1600518144
49258,1600678912
49259,1600839680
49260,1601000448
49261,1601161216
49262,1601321984
49263,1601482752
49264,1601643520
49265,1601804288
49266,1601965056
49267,1602125824
49268,1602286592
49269,1602447360
49270,1602608128
49271,1602768896
49272,1602929664
49273,1603090432
49274,1603251200
49275,1603411968
49276,1603572736
49277,1603733504
49278,1603894272
49279,1604055040
49280,1604215808
49281,1604376576
49282,1604537344
49283,1604698112
49284,1604858880
49285,1605019648
49286,1605180416
49287,1605341184
49288,1605501952
49289,1605663744
49290,1605825536
49291,1605987328
49292,1606149120
49293,1606310912
49294,1606472704
49295,1606634496
49296,1606796288
49297,1606958080
49298,1607119872
49299,1607281664
49300,1607443456
49301,1607605248
49302,1607767040
49303,1607928832
49304,1608090624
49305,1608252416
49306,1608414208
49307,1608576000
49308,1608737792
49309,1608899584
49310,1609061376
49311,1609223168
49312,1609384960
49313,1609546752
49314,1609708544
49315,1609870336
49316,1610032128
49317,1610193920
49318,1610355712
49319,1610517504
49320,1610679296
49321,1610841088
49322,1611002880
49323,1611164672
49324,1611326464
49325,1611488256
49326,1611650048
49327,1611811840
49328,1611973632
49329,1612135424
49330,1612297216
49331,1612459008
49332,1612620800
49333,1612782592
49334,1612944384
49335,1613106176
49336,1613267968
49337,1613429760
49338,1613591552
49339,1613753344
49340,1613915136
49341,1614076928
49342,1614238720
49343,1614400512
49344,1614562304
49345,1614724096
49346,1614885888
49347,1615047680
49348,1615209472
49349,1615371264
49350,1615533056
49351,1615694848
49352,1615856640
49353,1616018432
49354,1616180224
49355,1616342016
49356,1616504832
49357,1616667648
49358,1616830464
49359,1616993280
49360,1617156096
49361,1617318912
49362,1617481728
49363,1617644544
49364,1617807360
49365,1617970176
49366,1618132992
49367,1618295808
49368,1618458624
49369,1618621440
49370,1618784256
49371,1618947072
49372,1619109888
49373,1619272704
49374,1619435520
49375,1619598336
49376,1619761152
49377,1619923968
49378,1620086784
49379,1620249600
49380,1620412416
49381,1620575232
49382,1620738048
49383,1620900864
49384,1621063680
49385,1621226496
49386,1621389312
49387,1621552128
49388,1621714944
49389,1621877760
49390,1622040576
49391,1622203392
49392,1622366208
49393,1622529024
49394,1622691840
49395,1622854656
49396,1623017472
49397,1623180288
49398,1623343104
49399,1623505920
49400,1623668736
49401,1623831552
49402,1623994368
49403,1624157184
49404,1624320000
49405,1624482816
49406,1624645632
49407,1624808448
49408,1624971264
49409,1625134080
49410,1625296896
49411,1625459712
49412,1625622528
49413,1625785344
49414,1625948160
49415,1626110976
49416,1626273792
49417,1626436608
49418,1626599424
49419,1626762240
49420,1626925056
49421,1627087872
49422,1627250688
49423,1627413504
49424,1627576320
49425,1627740160
49426,1627904000
49427,1628067840
49428,1628231680
49429,1628395520
49430,1628559360
49431,1628723200
49432,1628887040
49433,1629050880
49434,1629214720
49435,1629378560
49436,1629542400
49437,1629706240
49438,1629870080
49439,1630033920
49440,1630197760
49441,1630361600
49442,1630525440
49443,1630689280
49444,1630853120
49445,1631016960
49446,1631180800
49447,1631344640
49448,1631508480
49449,1631672320
49450,1631836160
49451,1632000000
49452,1632163840
49453,1632327680
49454,1632491520
49455,1632655360
49456,1632819200
49457,1632983040
49458,1633146880
49459,1633310720
49460,1633474560
49461,1633638400
49462,1633802240
49463,1633966080
49464,1634129920
49465,1634293760
49466,1634457600
49467,1634621440
49468,1634785280
49469,1634949120
49470,1635112960
49471,1635276800
49472,1635440640
49473,1635604480
49474,1635768320
49475,1635932160
49476,1636096000
49477,1636259840
49478,1636423680
49479,1636587520
49480,1636751360
49481,1636915200
49482,1637079040
49483,1637242880
49484,1637406720
49485,1637570560
49486,1637734400
49487,1637898240
49488,1638062080
49489,1638225920
49490,1638389760
49491,1638554624
49492,1638719488
49493,1638884352
49494,1639049216
49495,1639214080
49496,1639378944
49497,1639543808
49498,1639708672
49499,1639873536
49500,1640038400
49501,1640203264
49502,1640368128
49503,1640532992
49504,1640697856
49505,1640862720
49506,1641027584
49507,1641192448
49508,1641357312
49509,1641522176
49510,1641687040
49511,1641851904
49512,1642016768
49513,1642181632
49514,1642346496
49515,1642511360
49516,1642676224
49517,1642841088
49518,1643005952
49519,1643170816
49520,1643335680
49521,1643500544
49522,1643665408
49523,1643830272
49524,1643995136
49525,1644160000
49526,1644324864
49527,1644489728
49528,1644654592
49529,1644819456
49530,1644984320
49531,1645149184
49532,1645314048
49533,1645478912
49534,1645643776
49535,1645808640
49536,1645973504
49537,1646138368
49538,1646303232
49539,1646468096
49540,1646632960
49541,1646797824
49542,1646962688
49543,1647127552
49544,1647292416
49545,1647457280
49546,1647622144
49547,1647787008
49548,1647951872
49549,1648116736
49550,1648281600
49551,1648446464
49552,1648611328
49553,1648776192
49554,1648941056
49555,1649106944
49556,1649272832
49557,1649438720
49558,1649604608
49559,1649770496
49560,1649936384
49561,1650102272
49562,1650268160
49563,1650434048
49564,1650599936
49565,1650765824
49566,1650931712
49567,1651097600
49568,1651263488
49569,1651429376
49570,1651595264
49571,1651761152
49572,1651927040
49573,1652092928
49574,1652258816
49575,1652424704
49576,1652590592
49577,1652756480
49578,1652922368
49579,1653088256
49580,1653254144
49581,1653420032
49582,1653585920
49583,1653751808
49584,1653917696
49585,1654083584
49586,1654249472
49587,1654415360
49588,1654581248
49589,1654747136
49590,1654913024
49591,1655078912
49592,1655244800
49593,1655410688
49594,1655576576
49595,1655742464
49596,1655908352
49597,1656074240
49598,1656240128
49599,1656406016
49600,1656571904
49601,1656737792
49602,1656903680
49603,1657069568
49604,1657235456
49605,1657401344
49606,1657567232
49607,1657733120
49608,1657899008
49609,1658064896
49610,1658230784
49611,1658396672
49612,1658562560
49613,1658728448
49614,1658894336
49615,1659060224
49616,1659226112
49617,1659392000
49618,1659557888
49619,1659723776
49620,1659889664
49621,1660055552
49622,1660221440
49623,1660387328
49624,1660554240
49625,1660721152
49626,1660888064
49627,1661054976
49628,1661221888
49629,1661388800
49630,1661555712
49631,1661722624
49632,1661889536
49633,1662056448
49634,1662223360
49635,1662390272
49636,1662557184
49637,1662724096
49638,1662891008
49639,1663057920
49640,1663224832
49641,1663391744
49642,1663558656
49643,1663725568
49644,1663892480
49645,1664059392
49646,1664226304
49647,1664393216
49648,1664560128
49649,1664727040
49650,1664893952
49651,1665060864
49652,1665227776
49653,1665394688
49654,1665561600
49655,1665728512
49656,1665895424
49657,1666062336
49658,1666229248
49659,1666396160
49660,1666563072
49661,1666729984
49662,1666896896
49663,1667063808
49664,1667230720
49665,1667397632
49666,1667564544
49667,1667731456
49668,1667898368
49669,1668065280
49670,1668232192
49671,1668399104
49672,1668566016
49673,1668732928
49674,1668899840
49675,1669066752
49676,1669233664
49677,1669400576
49678,1669567488
49679,1669734400
49680,1669901312
49681,1670068224
49682,1670235136
49683,1670402048
49684,1670568960
49685,1670735872
49686,1670902784
49687,1671069696
49688,1671236608
49689,1671403520
49690,1671570432
49691,1671737344
49692,1671904256
49693,1672071168
49694,1672238080
49695,1672404992
49696,1672571904
49697,1672738816
49698,1672905728
49699,1673072640
49700,1673239552
49701,1673406464
49702,1673573376
49703,1673740288
49704,1673907200
49705,1674075136
49706,1674243072
49707,1674411008
49708,1674578944
49709,1674746880
49710,1674914816
49711,1675082752
49712,1675250688
49713,1675418624
49714,1675586560
49715,1675754496
49716,1675922432
49717,1676090368
49718,1676258304
49719,1676426240
49720,1676594176
49721,1676762112
49722,1676930048
49723,1677097984
49724,1677265920
49725,1677433856
49726,1677601792
49727,1677769728
49728,1677937664
49729,1678105600
49730,1678273536
49731,1678441472
49732,1678609408
49733,1678777344
49734,1678945280
49735,1679113216
49736,1679281152
49737,1679449088
49738,1679617024
49739,1679784960
49740,1679952896
49741,1680120832
49742,1680288768
49743,1680456704
49744,1680624640
49745,1680792576
49746,1680960512
49747,1681128448
49748,1681296384
49749,1681464320
49750,1681632256
49751,1681800192
49752,1681968128
49753,1682136064
49754,1682304000
49755,1682471936
49756,1682639872
49757,1682807808
49758,1682975744
49759,1683143680
49760,1683311616
49761,1683479552
49762,1683647488
49763,1683815424
49764,1683983360
49765,1684151296
49766,1684319232
49767,1684487168
49768,1684655104
49769,1684823040
49770,1684990976
49771,1685158912
49772,1685326848
49773,1685494784
49774,1685662720
49775,1685830656
49776,1685998592
49777,1686166528
49778,1686334464
49779,1686502400
49780,1686670336
49781,1686838272
49782,1687007232
49783,1687176192
49784,1687345152
49785,1687514112
49786,1687683072
49787,1687852032
49788,1688020992
49789,1688189952
49790,1688358912
49791,1688527872
49792,1688696832
49793,1688865792
49794,1689034752
49795,1689203712
49796,1689372672
49797,1689541632
49798,1689710592
49799,1689879552
49800,1690048512
49801,1690217472
49802,1690386432
49803,1690555392
49804,1690724352
49805,1690893312
49806,1691062272
49807,1691231232
49808,1691400192
49809,1691569152
49810,1691738112
49811,1691907072
49812,1692076032
49813,1692244992
49814,1692413952
49815,1692582912
49816,1692751872
49817,1692920832
49818,1693089792
49819,1693258752
49820,1693427712
49821,1693596672
49822,1693765632
49823,1693934592
49824,1694103552
49825,1694272512
49826,1694441472
49827,1694610432
49828,1694779392
49829,1694948352
49830,1695117312
49831,1695286272
49832,1695455232
49833,1695624192
49834,1695793152
49835,1695962112
49836,1696131072
49837,1696300032
49838,1696468992
49839,1696637952
49840,1696806912
49841,1696975872
49842,1697144832
49843,1697313792
49844,1697482752
49845,1697651712
49846,1697820672
49847,1697989632
49848,1698158592
49849,1698327552
49850,1698496512
49851,1698666496
49852,1698836480
49853,1699006464
49854,1699176448
49855,1699346432
49856,1699516416
49857,1699686400
49858,1699856384
49859,1700026368
49860,1700196352
49861,1700366336
49862,1700536320
49863,1700706304
49864,1700876288
49865,1701046272
49866,1701216256
49867,1701386240
49868,1701556224
49869,1701726208
49870,1701896192
49871,1702066176
49872,1702236160
49873,1702406144
49874,1702576128
49875,1702746112
49876,1702916096
49877,1703086080
49878,1703256064
49879,1703426048
49880,1703596032
49881,1703766016
49882,1703936000
49883,1704105984
49884,1704275968
49885,1704445952
49886,1704615936
49887,1704785920
49888,1704955904
49889,1705125888
49890,1705295872
49891,1705465856
49892,1705635840
49893,1705805824
49894,1705975808
49895,1706145792
49896,1706315776
49897,1706485760
49898,1706655744
49899,1706825728
49900,1706995712
49901,1707165696
49902,1707335680
49903,1707505664
49904,1707675648
49905,1707845632
49906,1708016640
49907,1708187648
49908,1708358656
49909,1708529664
49910,1708700672
49911,1708871680
49912,1709042688
49913,1709213696
49914,1709384704
49915,1709555712
49916,1709726720
49917,1709897728
49918,1710068736
49919,1710239744
49920,1710410752
49921,1710581760
49922,1710752768
49923,1710923776
49924,1711094784
49925,1711265792
49926,1711436800
49927,1711607808
49928,1711778816
49929,1711949824
49930,1712120832
49931,1712291840
49932,1712462848
49933,1712633856
49934,1712804864
49935,1712975872
49936,1713146880
49937,1713317888
49938,1713488896
49939,1713659904
49940,1713830912
49941,1714001920
49942,1714172928
49943,1714343936
49944,1714514944
49945,1714685952
49946,1714856960
49947,1715027968
49948,1715198976
49949,1715369984
49950,1715540992
49951,1715712000
49952,1715883008
49953,1716054016
49954,1716225024
49955,1716396032
49956,1716567040
49957,1716738048
49958,1716909056
49959,1717080064
49960,1717251072
49961,1717422080
49962,1717593088
49963,1717764096
49964,1717935104
49965,1718106112
49966,1718277120
49967,1718448128
49968,1718619136
49969,1718790144
49970,1718961152
49971,1719132160
49972,1719303168
49973,1719474176
49974,1719645184
49975,1719816192
49976,1719988224
49977,1720160256
49978,1720332288
49979,1720504320
49980,1720676352
49981,1720848384
49982,1721020416
49983,1721192448
49984,1721364480
49985,1721536512
49986,1721708544
49987,1721880576
49988,1722052608
49989,1722224640
49990,1722396672
49991,1722568704
49992,1722740736
49993,1722912768
49994,1723084800
49995,1723256832
49996,1723428864
49997,1723600896
49998,1723772928
49999,1723944960
50000,1724116992
50001,1724289024
50002,1724461056
50003,1724633088
50004,1724805120
50005,1724977152
50006,1725149184
50007,1725321216
50008,1725493248
50009,1725665280
50010,1725837312
50011,1726009344
50012,1726181376
50013,1726353408
50014,1726525440
50015,1726697472
50016,1726869504
50017,1727041536
50018,1727213568
50019,1727385600
50020,1727557632
50021,1727729664
50022,1727901696
50023,1728073728
50024,1728245760
50025,1728417792
50026,1728589824
50027,1728761856
50028,1728933888
50029,1729105920
50030,1729277952
50031,1729449984
50032,1729622016
50033,1729794048
50034,1729966080
50035,1730138112
50036,1730310144
50037,1730482176
50038,1730655232
50039,1730828288
50040,1731001344
50041,1731174400
50042,1731347456
50043,1731520512
50044,1731693568
50045,1731866624
50046,1732039680
50047,1732212736
50048,1732385792
50049,1732558848
50050,1732731904
50051,1732904960
50052,1733078016
50053,1733251072
50054,1733424128
50055,1733597184
50056,1733770240
50057,1733943296
50058,1734116352
50059,1734289408
50060,1734462464
50061,1734635520
50062,1734808576
50063,1734981632
50064,1735154688
50065,1735327744
50066,1735500800
50067,1735673856
50068,1735846912
50069,1736019968
50070,1736193024
50071,1736366080
50072,1736539136
50073,1736712192
50074,1736885248
50075,1737058304
50076,1737231360
50077,1737404416
50078,1737577472
50079,1737750528
50080,1737923584
50081,1738096640
50082,1738269696
50083,1738442752
50084,1738615808
50085,1738788864
50086,1738961920
50087,1739134976
50088,1739308032
50089,1739481088
50090,1739654144
50091,1739827200
50092,1740000256
50093,1740173312
50094,1740346368
50095,1740519424
50096,1740692480
50097,1740865536
50098,1741038592
50099,1741211648
50100,1741384704
50101,1741557760
50102,1741730816
50103,1741903872
50104,1742076928
50105,1742249984
50106,1742423040
50107,1742597120
50108,1742771200
50109,1742945280
50110,1743119360
50111,1743293440
50112,1743467520
50113,1743641600
50114,1743815680
50115,1743989760
50116,1744163840
50117,1744337920
50118,1744512000
50119,1744686080
50120,1744860160
50121,1745034240
50122,1745208320
50123,1745382400
50124,1745556480
50125,1745730560
50126,1745904640
50127,1746078720
50128,1746252800
50129,1746426880
50130,1746600960
50131,1746775040
50132,1746949120
50133,1747123200
50134,1747297280
50135,1747471360
50136,1747645440
50137,1747819520
50138,1747993600
50139,1748167680
50140,1748341760
50141,1748515840
50142,1748689920
50143,1748864000
50144,1749038080
50145,1749212160
50146,1749386240
50147,1749560320
50148,1749734400
50149,1749908480
50150,1750082560
50151,1750256640
50152,1750430720
50153,1750604800
50154,1750778880
50155,1750952960
50156,1751127040
50157,1751301120
50158,1751475200
50159,1751649280
50160,1751823360
50161,1751997440
50162,1752171520
50163,1752345600
50164,1752519680
50165,1752693760
50166,1752867840
50167,1753041920
50168,1753216000
50169,1753390080
50170,1753564160
50171,1753738240
50172,1753912320
50173,1754086400
50174,1754260480
50175,1754434560
50176,1754608640
50177,1754782720
50178,1754956800
50179,1755131904
50180,1755307008
50181,1755482112
50182,1755657216
50183,1755832320
50184,1756007424
50185,1756182528
50186,1756357632
50187,1756532736
50188,1756707840
50189,1756882944
50190,1757058048
50191,1757233152
50192,1757408256
50193,1757583360
50194,1757758464
50195,1757933568
50196,1758108672
50197,1758283776
50198,1758458880
50199,1758633984
50200,1758809088
50201,1758984192
50202,1759159296
50203,1759334400
50204,1759509504
50205,1759684608
50206,1759859712
50207,1760034816
50208,1760209920
50209,1760385024
50210,1760560128
50211,1760735232
50212,1760910336
50213,1761085440
50214,1761260544
50215,1761435648
50216,1761610752
50217,1761785856
50218,1761960960
50219,1762136064
50220,1762311168
50221,1762486272
50222,1762661376
50223,1762836480
50224,1763011584
50225,1763186688
50226,1763361792
50227,1763536896
50228,1763712000
50229,1763887104
50230,1764062208
50231,1764237312
50232,1764412416
50233,1764587520
50234,1764762624
50235,1764937728
50236,1765112832
50237,1765287936
50238,1765463040
50239,1765638144
50240,1765814272
50241,1765990400
50242,1766166528
50243,1766342656
50244,1766518784
50245,1766694912
50246,1766871040
50247,1767047168
50248,1767223296
50249,1767399424
50250,1767575552
50251,1767751680
50252,1767927808
50253,1768103936
50254,1768280064
50255,1768456192
50256,1768632320
50257,1768808448
50258,1768984576
50259,1769160704
50260,1769336832
50261,1769512960
50262,1769689088
50263,1769865216
50264,1770041344
50265,1770217472
50266,1770393600
50267,1770569728
50268,1770745856
50269,1770921984
50270,1771098112
50271,1771274240
50272,1771450368
50273,1771626496
50274,1771802624
50275,1771978752
50276,1772154880
50277,1772331008
50278,1772507136
50279,1772683264
50280,1772859392
50281,1773035520
50282,1773211648
50283,1773387776
50284,1773563904
50285,1773740032
50286,1773916160
50287,1774092288
50288,1774268416
50289,1774444544
50290,1774620672
50291,1774796800
50292,1774972928
50293,1775149056
50294,1775325184
50295,1775501312
50296,1775677440
50297,1775853568
50298,1776029696
50299,1776205824
50300,1776381952
50301,1776558080
50302,1776734208
50303,1776910336
50304,1777086464
50305,1777262592
50306,1777438720
50307,1777614848
50308,1777790976
50309,1777968128
50310,1778145280
50311,1778322432
50312,1778499584
50313,1778676736
50314,1778853888
50315,1779031040
50316,1779208192
50317,1779385344
50318,1779562496
50319,1779739648
50320,1779916800
50321,1780093952
50322,1780271104
50323,1780448256
50324,1780625408
50325,1780802560
50326,1780979712
50327,1781156864
50328,1781334016
50329,1781511168
50330,1781688320
50331,1781865472
50332,1782042624
50333,1782219776
50334,1782396928
50335,1782574080
50336,1782751232
50337,1782928384
50338,1783105536
50339,1783282688
50340,1783459840
50341,1783636992
50342,1783814144
50343,1783991296
50344,1784168448
50345,1784345600
50346,1784522752
50347,1784699904
50348,1784877056
50349,1785054208
50350,1785231360
50351,1785408512
50352,1785585664
50353,1785762816
50354,1785939968
50355,1786117120
50356,1786294272
50357,1786471424
50358,1786648576
50359,1786825728
50360,1787002880
50361,1787180032
50362,1787357184
50363,1787534336
50364,1787711488
50365,1787888640
50366,1788065792
50367,1788242944
50368,1788420096
50369,1788597248
50370,1788774400
50371,1788951552
50372,1789128704
50373,1789305856
50374,1789484032
50375,1789662208
50376,1789840384
50377,1790018560
50378,1790196736
50379,1790374912
50380,1790553088
50381,1790731264
50382,1790909440
50383,1791087616
50384,1791265792
50385,1791443968
50386,1791622144
50387,1791800320
50388,1791978496
50389,1792156672
50390,1792334848
50391,1792513024
50392,1792691200
50393,1792869376
50394,1793047552
50395,1793225728
50396,1793403904
50397,1793582080
50398,1793760256
50399,1793938432
50400,1794116608
50401,1794294784
50402,1794472960
50403,1794651136
50404,1794829312
50405,1795007488
50406,1795185664
50407,1795363840
50408,1795542016
50409,1795720192
50410,1795898368
50411,1796076544
50412,1796254720
50413,1796432896
50414,1796611072
50415,1796789248
50416,1796967424
50417,1797145600
50418,1797323776
50419,1797501952
50420,1797680128
50421,1797858304
50422,1798036480
50423,1798214656
50424,1798392832
50425,1798571008
50426,1798749184
50427,1798927360
50428,1799105536
50429,1799284736
50430,1799463936
50431,1799643136
50432,1799822336
50433,1800001536
50434,1800180736
50435,1800359936
50436,1800539136
50437,1800718336
50438,1800897536
50439,1801076736
50440,1801255936
50441,1801435136
50442,1801614336
50443,1801793536
50444,1801972736
50445,1802151936
50446,1802331136
50447,1802510336
50448,1802689536
50449,1802868736
50450,1803047936
50451,1803227136
50452,1803406336
50453,1803585536
50454,1803764736
50455,1803943936
50456,1804123136
50457,1804302336
50458,1804481536
50459,1804660736
50460,1804839936
50461,1805019136
50462,1805198336
50463,1805377536
50464,1805556736
50465,1805735936
50466,1805915136
50467,1806094336
50468,1806273536
50469,1806452736
50470,1806631936
50471,1806811136
50472,1806990336
50473,1807169536
50474,1807348736
50475,1807527936
50476,1807707136
50477,1807886336
50478,1808065536
50479,1808244736
50480,1808423936
50481,1808603136
50482,1808782336
50483,1808961536
50484,1809140736
50485,1809319936
50486,1809499136
50487,1809678336
50488,1809857536
50489,1810036736
50490,1810215936
50491,1810395136
50492,1810574336
50493,1810753536
50494,1810932736
50495,1811111936
50496,1811291136
50497,1811470336
50498,1811649536
50499,1811828736
50500,1812007936
50501,1812187136
50502,1812366336
50503,1812545536
50504,1812724736
50505,1812904960
50506,1813085184
50507,1813265408
50508,1813445632
50509,1813625856
50510,1813806080
50511,1813986304
50512,1814166528
50513,1814346752
50514,1814526976
50515,1814707200
50516,1814887424
50517,1815067648
50518,1815247872
50519,1815428096
50520,1815608320
50521,1815788544
50522,1815968768
50523,1816148992
50524,1816329216
50525,1816509440
50526,1816689664
50527,1816869888
50528,1817050112
50529,1817230336
50530,1817410560
50531,1817590784
50532,1817771008
50533,1817951232
50534,1818131456
50535,1818311680
50536,1818491904
50537,1818672128
50538,1818852352
50539,1819032576
50540,1819212800
50541,1819393024
50542,1819573248
50543,1819753472
50544,1819933696
50545,1820113920
50546,1820294144
50547,1820474368
50548,1820654592
50549,1820834816
50550,1821015040
50551,1821195264
50552,1821375488
50553,1821555712
50554,1821735936
50555,1821916160
50556,1822096384
50557,1822276608
50558,1822456832
50559,1822637056
50560,1822817280
50561,1822997504
50562,1823177728
50563,1823357952
50564,1823538176
50565,1823718400
50566,1823898624
50567,1824078848
50568,1824259072
50569,1824439296
50570,1824619520
50571,1824799744
50572,1824979968
50573,1825160192
50574,1825340416
50575,1825520640
50576,1825700864
50577,1825881088
50578,1826061312
50579,1826241536
50580,1826421760
50581,1826601984
50582,1826782208
50583,1826962432
50584,1827143680
50585,1827324928
50586,1827506176
50587,1827687424
50588,1827868672
50589,1828049920
50590,1828231168
50591,1828412416
50592,1828593664
50593,1828774912
50594,1828956160
50595,1829137408
50596,1829318656
50597,1829499904
50598,1829681152
50599,1829862400
50600,1830043648
50601,1830224896
50602,1830406144
50603,1830587392
50604,1830768640
50605,1830949888
50606,1831131136
50607,1831312384
50608,1831493632
50609,1831674880
50610,1831856128
50611,1832037376
50612,1832218624
50613,1832399872
50614,1832581120
50615,1832762368
50616,1832943616
50617,1833124864
50618,1833306112
50619,1833487360
50620,1833668608
50621,1833849856
50622,1834031104
50623,1834212352
50624,1834393600
50625,1834574848
50626,1834756096
50627,1834937344
50628,1835118592
50629,1835299840
50630,1835481088
50631,1835662336
50632,1835843584
50633,1836024832
50634,1836206080
50635,1836387328
50636,1836568576
50637,1836750848
50638,1836933120
50639,1837115392
50640,1837297664
50641,1837479936
50642,1837662208
50643,1837844480
50644,1838026752
50645,1838209024
50646,1838391296
50647,1838573568
50648,1838755840
50649,1838938112
50650,1839120384
50651,1839302656
50652,1839484928
50653,1839667200
50654,1839849472
50655,1840031744
50656,1840214016
50657,1840396288
50658,1840578560
50659,1840760832
50660,1840943104
50661,1841125376
50662,1841307648
50663,1841489920
50664,1841672192
50665,1841854464
50666,1842036736
50667,1842219008
50668,1842401280
50669,1842583552
50670,1842765824
50671,1842948096
50672,1843130368
50673,1843312640
50674,1843494912
50675,1843677184
50676,1843859456
50677,1844041728
50678,1844224000
50679,1844406272
50680,1844588544
50681,1844770816
50682,1844953088
50683,1845135360
50684,1845317632
50685,1845499904
50686,1845682176
50687,1845864448
50688,1846046720
50689,1846228992
50690,1846411264
50691,1846593536
50692,1846775808
50693,1846958080
50694,1847140352
50695,1847322624
50696,1847504896
50697,1847688192
50698,1847871488
50699,1848054784
50700,1848238080
50701,1848421376
50702,1848604672
50703,1848787968
50704,1848971264
50705,1849154560
50706,1849337856
50707,1849521152
50708,1849704448
50709,1849887744
50710,1850071040
50711,1850254336
50712,1850437632
50713,1850620928
50714,1850804224
50715,1850987520
50716,1851170816
50717,1851354112
50718,1851537408
50719,1851720704
50720,1851904000
50721,1852087296
50722,1852270592
50723,1852453888
50724,1852637184
50725,1852820480
50726,1853003776
50727,1853187072
50728,1853370368
50729,1853553664
50730,1853736960
50731,1853920256
50732,1854103552
50733,1854286848
50734,1854470144
50735,1854653440
50736,1854836736
50737,1855020032
50738,1855203328
50739,1855386624
50740,1855569920
50741,1855753216
50742,1855936512
50743,1856119808
50744,1856303104
50745,1856486400
50746,1856669696
50747,1856852992
50748,1857036288
50749,1857219584
50750,1857402880
50751,1857586176
50752,1857769472
50753,1857952768
50754,1858136064
50755,1858319360
50756,1858502656
50757,1858685952
50758,1858869248
50759,1859052544
50760,1859235840
50761,1859419136
50762,1859603456
50763,1859787776
50764,1859972096
50765,1860156416
50766,1860340736
50767,1860525056
50768,1860709376
50769,1860893696
50770,1861078016
50771,1861262336
50772,1861446656
50773,1861630976
50774,1861815296
50775,1861999616
50776,1862183936
50777,1862368256
50778,1862552576
50779,1862736896
50780,1862921216
50781,1863105536
50782,1863289856
50783,1863474176
50784,1863658496
50785,1863842816
50786,1864027136
50787,1864211456
50788,1864395776
50789,1864580096
50790,1864764416
50791,1864948736
50792,1865133056
50793,1865317376
50794,1865501696
50795,1865686016
50796,1865870336
50797,1866054656
50798,1866238976
50799,1866423296
50800,1866607616
50801,1866791936
50802,1866976256
50803,1867160576
50804,1867344896
50805,1867529216
50806,1867713536
50807,1867897856
50808,1868082176
50809,1868266496
50810,1868450816
50811,1868635136
50812,1868819456
50813,1869003776
50814,1869188096
50815,1869372416
50816,1869556736
50817,1869741056
50818,1869925376
50819,1870109696
50820,1870294016
50821,1870478336
50822,1870662656
50823,1870846976
50824,1871032320
50825,1871217664
50826,1871403008
50827,1871588352
50828,1871773696
50829,1871959040
50830,1872144384
50831,1872329728
50832,1872515072
50833,1872700416
50834,1872885760
50835,1873071104
50836,1873256448
50837,1873441792
50838,1873627136
50839,1873812480
50840,1873997824
50841,1874183168
50842,1874368512
50843,1874553856
50844,1874739200
50845,1874924544
50846,1875109888
50847,1875295232
50848,1875480576
50849,1875665920
50850,1875851264
50851,1876036608
50852,1876221952
50853,1876407296
50854,1876592640
50855,1876777984
50856,1876963328
50857,1877148672
50858,1877334016
50859,1877519360
50860,1877704704
50861,1877890048
50862,1878075392
50863,1878260736
50864,1878446080
50865,1878631424
50866,1878816768
50867,1879002112
50868,1879187456
50869,1879372800
50870,1879558144
50871,1879743488
50872,1879928832
50873,1880114176
50874,1880299520
50875,1880484864
50876,1880671232
50877,1880857600
50878,1881043968
50879,1881230336
50880,1881416704
50881,1881603072
50882,1881789440
50883,1881975808
50884,1882162176
50885,1882348544
50886,1882534912
50887,1882721280
50888,1882907648
50889,1883094016
50890,1883280384
50891,1883466752
50892,1883653120
50893,1883839488
50894,1884025856
50895,1884212224
50896,1884398592
50897,1884584960
50898,1884771328
50899,1884957696
50900,1885144064
50901,1885330432
50902,1885516800
50903,1885703168
50904,1885889536
50905,1886075904
50906,1886262272
50907,1886448640
50908,1886635008
50909,1886821376
50910,1887007744
50911,1887194112
50912,1887380480
50913,1887566848
50914,1887753216
50915,1887939584
50916,1888125952
50917,1888312320
50918,1888498688
50919,1888685056
50920,1888871424
50921,1889057792
50922,1889244160
50923,1889430528
50924,1889616896
50925,1889803264
50926,1889989632
50927,1890176000
50928,1890362368
50929,1890548736
50930,1890735104
50931,1890921472
50932,1891107840
50933,1891294208
50934,1891480576
50935,1891666944
50936,1891853312
50937,1892039680
50938,1892226048
50939,1892412416
50940,1892598784
50941,1892786176
50942,1892973568
50943,1893160960
50944,1893348352
50945,1893535744
50946,1893723136
50947,1893910528
50948,1894097920
50949,1894285312
50950,1894472704
50951,1894660096
50952,1894847488
50953,1895034880
50954,1895222272
50955,1895409664
50956,1895597056
50957,1895784448
50958,1895971840
50959,1896159232
50960,1896346624
50961,1896534016
50962,1896721408
50963,1896908800
50964,1897096192
50965,1897283584
50966,1897470976
50967,1897658368
50968,1897845760
50969,1898033152
50970,1898220544
50971,1898407936
50972,1898595328
50973,1898782720
50974,1898970112
50975,1899157504
50976,1899344896
50977,1899532288
50978,1899719680
50979,1899907072
50980,1900094464
50981,1900281856
50982,1900469248
50983,1900656640
50984,1900844032
50985,1901031424
50986,1901218816
50987,1901406208
50988,1901593600
50989,1901780992
50990,1901968384
50991,1902155776
50992,1902343168
50993,1902530560
50994,1902717952
50995,1902905344
50996,1903093760
50997,1903282176
50998,1903470592
50999,1903659008
51000,1903847424
51001,1904035840
51002,1904224256
51003,1904412672
51004,1904601088
51005,1904789504
51006,1904977920
51007,1905166336
51008,1905354752
51009,1905543168
51010,1905731584
51011,1905920000
51012,1906108416
51013,1906296832
51014,1906485248
51015,1906673664
51016,1906862080
51017,1907050496
51018,1907238912
51019,1907427328
51020,1907615744
51021,1907804160
51022,1907992576
51023,1908180992
51024,1908369408
51025,1908557824
51026,1908746240
51027,1908934656
51028,1909123072
51029,1909311488
51030,1909499904
51031,1909688320
51032,1909876736
51033,1910065152
51034,1910253568
51035,1910441984
51036,1910630400
51037,1910818816
51038,1911007232
51039,1911195648
51040,1911384064
51041,1911572480
51042,1911760896
51043,1911950336
51044,1912139776
51045,1912329216
51046,1912518656
51047,1912708096
51048,1912897536
51049,1913086976
51050,1913276416
51051,1913465856
51052,1913655296
51053,1913844736
51054,1914034176
51055,1914223616
51056,1914413056
51057,1914602496
51058,1914791936
51059,1914981376
51060,1915170816
51061,1915360256
51062,1915549696
51063,1915739136
51064,1915928576
51065,1916118016
51066,1916307456
51067,1916496896
51068,1916686336
51069,1916875776
51070,1917065216
51071,1917254656
51072,1917444096
51073,1917633536
51074,1917822976
51075,1918012416
51076,1918201856
51077,1918391296
51078,1918580736
51079,1918770176
51080,1918959616
51081,1919149056
51082,1919338496
51083,1919527936
51084,1919717376
51085,1919906816
51086,1920096256
51087,1920285696
51088,1920475136
51089,1920664576
51090,1920854016
51091,1921043456
51092,1921233920
51093,1921424384
51094,1921614848
51095,1921805312
51096,1921995776
51097,1922186240
51098,1922376704
51099,1922567168
51100,1922757632
51101,1922948096
51102,1923138560
51103,1923329024
51104,1923519488
51105,1923709952
51106,1923900416
51107,1924090880
51108,1924281344
51109,1924471808
51110,1924662272
51111,1924852736
51112,1925043200
51113,1925233664
51114,1925424128
51115,1925614592
51116,1925805056
51117,1925995520
51118,1926185984
51119,1926376448
51120,1926566912
51121,1926757376
51122,1926947840
51123,1927138304
51124,1927328768
51125,1927519232
51126,1927709696
51127,1927900160
51128,1928090624
51129,1928281088
51130,1928471552
51131,1928662016
51132,1928852480
51133,1929042944
51134,1929233408
51135,1929423872
51136,1929614336
51137,1929804800
51138,1929995264
51139,1930185728
51140,1930376192
51141,1930566656
51142,1930757120
51143,1930947584
51144,1931138048
51145,1931328512
51146,1931518976
51147,1931709440
51148,1931899904
51149,1932090368
51150,1932280832
51151,1932471296
51152,1932661760
51153,1932852224
51154,1933042688
51155,1933233152
51156,1933423616
51157,1933614080
51158,1933804544
51159,1933995008
51160,1934186496
51161,1934377984
51162,1934569472
51163,1934760960
51164,1934952448
51165,1935143936
51166,1935335424
51167,1935526912
51168,1935718400
51169,1935909888
51170,1936101376
51171,1936292864
51172,1936484352
51173,1936675840
51174,1936867328
51175,1937058816
51176,1937250304
51177,1937441792
51178,1937633280
51179,1937824768
51180,1938016256
51181,1938207744
51182,1938399232
51183,1938590720
51184,1938782208
51185,1938973696
51186,1939165184
51187,1939356672
51188,1939548160
51189,1939739648
51190,1939931136
51191,1940122624
51192,1940314112
51193,1940505600
51194,1940697088
51195,1940888576
51196,1941080064
51197,1941271552
51198,1941463040
51199,1941654528
51200,1941846016
51201,1942037504
51202,1942228992
51203,1942420480
51204,1942611968
51205,1942803456
51206,1942994944
51207,1943186432
51208,1943377920
51209,1943569408
51210,1943760896
51211,1943952384
51212,1944143872
51213,1944335360
51214,1944526848
51215,1944718336
51216,1944909824
51217,1945101312
51218,1945292800
51219,1945484288
51220,1945675776
51221,1945867264
51222,1946058752
51223,1946250240
51224,1946441728
51225,1946633216
51226,1946824704
51227,1947016192
51228,1947207680
51229,1947399168
51230,1947590656
51231,1947782144
51232,1947973632
51233,1948166144
51234,1948358656
51235,1948551168
51236,1948743680
51237,1948936192
51238,1949128704
51239,1949321216
51240,1949513728
51241,1949706240
51242,1949898752
51243,1950091264
51244,1950283776
51245,1950476288
51246,1950668800
51247,1950861312
51248,1951053824
51249,1951246336
51250,1951438848
51251,1951631360
51252,1951823872
51253,1952016384
51254,1952208896
51255,1952401408
51256,1952593920
51257,1952786432
51258,1952978944
51259,1953171456
51260,1953363968
51261,1953556480
51262,1953748992
51263,1953941504
51264,1954134016
51265,1954326528
51266,1954519040
51267,1954711552
51268,1954904064
51269,1955096576
51270,1955289088
51271,1955481600
51272,1955674112
51273,1955866624
51274,1956059136
51275,1956251648
51276,1956444160
51277,1956636672
51278,1956829184
51279,1957021696
51280,1957214208
51281,1957406720
51282,1957599232
51283,1957791744
51284,1957984256
51285,1958176768
51286,1958369280
51287,1958561792
51288,1958754304
51289,1958946816
51290,1959139328
51291,1959331840
51292,1959524352
51293,1959716864
51294,1959909376
51295,1960101888
51296,1960294400
51297,1960486912
51298,1960679424
51299,1960871936
51300,1961064448
51301,1961256960
51302,1961449472
51303,1961641984
51304,1961834496
51305,1962028032
51306,1962221568
51307,1962415104
51308,1962608640
51309,1962802176
51310,1962995712
51311,1963189248
51312,1963382784
51313,1963576320
51314,1963769856
51315,1963963392
51316,1964156928
51317,1964350464
51318,1964544000
51319,1964737536
51320,1964931072
51321,1965124608
51322,1965318144
51323,1965511680
51324,1965705216
51325,1965898752
51326,1966092288
51327,1966285824
51328,1966479360
51329,1966672896
51330,1966866432
51331,1967059968
51332,1967253504
51333,1967447040
51334,1967640576
51335,1967834112
51336,1968027648
51337,1968221184
51338,1968414720
51339,1968608256
51340,1968801792
51341,1968995328
51342,1969188864
51343,1969382400
51344,1969575936
51345,1969769472
51346,1969963008
51347,1970156544
51348,1970350080
51349,1970543616
51350,1970737152
51351,1970930688
51352,1971124224
51353,1971317760
51354,1971511296
51355,1971704832
51356,1971898368
51357,1972091904
51358,1972285440
51359,1972478976
51360,1972672512
51361,1972866048
51362,1973059584
51363,1973253120
51364,1973446656
51365,1973640192
51366,1973834752
51367,1974029312
51368,1974223872
51369,1974418432
51370,1974612992
51371,1974807552
51372,1975002112
51373,1975196672
51374,1975391232
51375,1975585792
51376,1975780352
51377,1975974912
51378,1976169472
51379,1976364032
51380,1976558592
51381,1976753152
51382,1976947712
51383,1977142272
51384,1977336832
51385,1977531392
51386,1977725952
51387,1977920512
51388,1978115072
51389,1978309632
51390,1978504192
51391,1978698752
51392,1978893312
51393,1979087872
51394,1979282432
51395,1979476992
51396,1979671552
51397,1979866112
51398,1980060672
51399,1980255232
51400,1980449792
51401,1980644352
51402,1980838912
51403,1981033472
51404,1981228032
51405,1981422592
51406,1981617152
51407,1981811712
51408,1982006272
51409,1982200832
51410,1982395392
51411,1982589952
51412,1982784512
51413,1982979072
51414,1983173632
51415,1983368192
51416,1983562752
51417,1983757312
51418,1983951872
51419,1984146432
51420,1984340992
51421,1984535552
51422,1984730112
51423,1984924672
51424,1985119232
51425,1985313792
51426,1985508352
51427,1985702912
51428,1985897472
51429,1986093056
51430,1986288640
51431,1986484224
51432,1986679808
51433,1986875392
51434,1987070976
51435,1987266560
51436,1987462144
51437,1987657728
51438,1987853312
51439,1988048896
51440,1988244480
51441,1988440064
51442,1988635648
51443,1988831232
51444,1989026816
51445,1989222400
51446,1989417984
51447,1989613568
51448,1989809152
51449,1990004736
51450,1990200320
51451,1990395904
51452,1990591488
51453,1990787072
51454,1990982656
51455,1991178240
51456,1991373824
51457,1991569408
51458,1991764992
51459,1991960576
51460,1992156160
51461,1992351744
51462,1992547328
51463,1992742912
51464,1992938496
51465,1993134080
51466,1993329664
51467,1993525248
51468,1993720832
51469,1993916416
51470,1994112000
51471,1994307584
51472,1994503168
51473,1994698752
51474,1994894336
51475,1995089920
51476,1995285504
51477,1995481088
51478,1995676672
51479,1995872256
51480,1996067840
51481,1996263424
51482,1996459008
51483,1996655616
51484,1996852224
51485,1997048832
51486,1997245440
51487,1997442048
51488,1997638656
51489,1997835264
51490,1998031872
51491,1998228480
51492,1998425088
51493,1998621696
51494,1998818304
51495,1999014912
51496,1999211520
51497,1999408128
51498,1999604736
51499,1999801344
51500,1999997952
51501,2000194560
51502,2000391168
51503,2000587776
51504,2000784384
51505,2000980992
51506,2001177600
51507,2001374208
51508,2001570816
51509,2001767424
51510,2001964032
51511,2002160640
51512,2002357248
51513,2002553856
51514,2002750464
51515,2002947072
51516,2003143680
51517,2003340288
51518,2003536896
51519,2003733504
51520,2003930112
51521,2004126720
51522,2004323328
51523,2004519936
51524,2004716544
51525,2004913152
51526,2005109760
51527,2005306368
51528,2005502976
51529,2005699584
51530,2005896192
51531,2006092800
51532,2006289408
51533,2006486016
51534,2006682624
51535,2006879232
51536,2007075840
51537,2007272448
51538,2007469056
51539,2007665664
51540,2007862272
51541,2008058880
51542,2008255488
51543,2008452096
51544,2008648704
51545,2008845312
51546,2009042944
51547,2009240576
51548,2009438208
51549,2009635840
51550,2009833472
51551,2010031104
51552,2010228736
51553,2010426368
51554,2010624000
51555,2010821632
51556,2011019264
51557,2011216896
51558,2011414528
51559,2011612160
51560,2011809792
51561,2012007424
51562,2012205056
51563,2012402688
51564,2012600320
51565,2012797952
51566,2012995584
51567,2013193216
51568,2013390848
51569,2013588480
51570,2013786112
51571,2013983744
51572,2014181376
51573,2014379008
51574,2014576640
51575,2014774272
51576,2014971904
51577,2015169536
51578,2015367168
51579,2015564800
51580,2015762432
51581,2015960064
51582,2016157696
51583,2016355328
51584,2016552960
51585,2016750592
51586,2016948224
51587,2017145856
51588,2017343488
51589,2017541120
51590,2017738752
51591,2017936384
51592,2018134016
51593,2018331648
51594,2018529280
51595,2018726912
51596,2018924544
51597,2019122176
51598,2019319808
51599,2019517440
51600,2019715072
51601,2019912704
51602,2020110336
51603,2020307968
51604,2020505600
51605,2020703232
51606,2020900864
51607,2021098496
51608,2021297152
51609,2021495808
51610,2021694464
51611,2021893120
51612,2022091776
51613,2022290432
51614,2022489088
51615,2022687744
51616,2022886400
51617,2023085056
51618,2023283712
51619,2023482368
51620,2023681024
51621,2023879680
51622,2024078336
51623,2024276992
51624,2024475648
51625,2024674304
51626,2024872960
51627,2025071616
51628,2025270272
51629,2025468928
51630,2025667584
51631,2025866240
51632,2026064896
51633,2026263552
51634,2026462208
51635,2026660864
51636,2026859520
51637,2027058176
51638,2027256832
51639,2027455488
51640,2027654144
51641,2027852800
51642,2028051456
51643,2028250112
51644,2028448768
51645,2028647424
51646,2028846080
51647,2029044736
51648,2029243392
51649,2029442048
51650,2029640704
51651,2029839360
51652,2030038016
51653,2030236672
51654,2030435328
51655,2030633984
51656,2030832640
51657,2031031296
51658,2031230976
51659,2031430656
51660,2031630336
51661,2031830016
51662,2032029696
51663,2032229376
51664,2032429056
51665,2032628736
51666,2032828416
51667,2033028096
51668,2033227776
51669,2033427456
51670,2033627136
51671,2033826816
51672,2034026496
51673,2034226176
51674,2034425856
51675,2034625536
51676,2034825216
51677,2035024896
51678,2035224576
51679,2035424256
51680,2035623936
51681,2035823616
51682,2036023296
51683,2036222976
51684,2036422656
51685,2036622336
51686,2036822016
51687,2037021696
51688,2037221376
51689,2037421056
51690,2037620736
51691,2037820416
51692,2038020096
51693,2038219776
51694,2038419456
51695,2038619136
51696,2038818816
51697,2039018496
51698,2039218176
51699,2039417856
51700,2039617536
51701,2039817216
51702,2040016896
51703,2040216576
51704,2040416256
51705,2040615936
51706,2040815616
51707,2041015296
51708,2041214976
51709,2041414656
51710,2041614336
51711,2041814016
51712,2042013696
51713,2042213376
51714,2042413056
51715,2042612736
51716,2042812416
51717,2043012096
51718,2043211776
51719,2043411456
51720,2043611136
51721,2043810816
51722,2044010496
51723,2044210176
51724,2044409856
51725,2044609536
51726,2044809216
51727,2045009920
51728,2045210624
51729,2045411328
51730,2045612032
51731,2045812736
51732,2046013440
51733,2046214144
51734,2046414848
51735,2046615552
51736,2046816256
51737,2047016960
51738,2047217664
51739,2047418368
51740,2047619072
51741,2047819776
51742,2048020480
51743,2048221184
51744,2048421888
51745,2048622592
51746,2048823296
51747,2049024000
51748,2049224704
51749,2049425408
51750,2049626112
51751,2049826816
51752,2050027520
51753,2050228224
51754,2050428928
51755,2050629632
51756,2050830336
51757,2051031040
51758,2051231744
51759,2051432448
51760,2051633152
51761,2051833856
51762,2052034560
51763,2052235264
51764,2052435968
51765,2052636672
51766,2052837376
51767,2053038080
51768,2053238784
51769,2053439488
51770,2053640192
51771,2053840896
51772,2054041600
51773,2054242304
51774,2054443008
51775,2054643712
51776,2054844416
51777,2055045120
51778,2055245824
51779,2055446528
51780,2055647232
51781,2055848960
51782,2056050688
51783,2056252416
51784,2056454144
51785,2056655872
51786,2056857600
51787,2057059328
51788,2057261056
51789,2057462784
51790,2057664512
51791,2057866240
51792,2058067968
51793,2058269696
51794,2058471424
51795,2058673152
51796,2058874880
51797,2059076608
51798,2059278336
51799,2059480064
51800,2059681792
51801,2059883520
51802,2060085248
51803,2060286976
51804,2060488704
51805,2060690432
51806,2060892160
51807,2061093888
51808,2061295616
51809,2061497344
51810,2061699072
51811,2061900800
51812,2062102528
51813,2062304256
51814,2062505984
51815,2062707712
51816,2062909440
51817,2063111168
51818,2063312896
51819,2063514624
51820,2063716352
51821,2063918080
51822,2064119808
51823,2064321536
51824,2064523264
51825,2064724992
51826,2064926720
51827,2065128448
51828,2065330176
51829,2065531904
51830,2065733632
51831,2065935360
51832,2066137088
51833,2066339840
51834,2066542592
51835,2066745344
51836,2066948096
51837,2067150848
51838,2067353600
51839,2067556352
51840,2067759104
51841,2067961856
51842,2068164608
51843,2068367360
51844,2068570112
51845,2068772864
51846,2068975616
51847,2069178368
51848,2069381120
51849,2069583872
51850,2069786624
51851,2069989376
51852,2070192128
51853,2070394880
51854,2070597632
51855,2070800384
51856,2071003136
51857,2071205888
51858,2071408640
51859,2071611392
51860,2071814144
51861,2072016896
51862,2072219648
51863,2072422400
51864,2072625152
51865,2072827904
51866,2073030656
51867,2073233408
51868,2073436160
51869,2073638912
51870,2073841664
51871,2074044416
51872,2074247168
51873,2074449920
51874,2074652672
51875,2074855424
51876,2075058176
51877,2075260928
51878,2075463680
51879,2075666432
51880,2075870208
51881,2076073984
51882,2076277760
51883,2076481536
51884,2076685312
51885,2076889088
51886,2077092864
51887,2077296640
51888,2077500416
51889,2077704192
51890,2077907968
51891,2078111744
51892,2078315520
51893,2078519296
51894,2078723072
51895,2078926848
51896,2079130624
51897,2079334400
51898,2079538176
51899,2079741952
51900,2079945728
51901,2080149504
51902,2080353280
51903,2080557056
51904,2080760832
51905,2080964608
51906,2081168384
51907,2081372160
51908,2081575936
51909,2081779712
51910,2081983488
51911,2082187264
51912,2082391040
51913,2082594816
51914,2082798592
51915,2083002368
51916,2083206144
51917,2083409920
51918,2083613696
51919,2083817472
51920,2084021248
51921,2084225024
51922,2084428800
51923,2084632576
51924,2084836352
51925,2085040128
51926,2085243904
51927,2085447680
51928,2085651456
51929,2085856256
51930,2086061056
51931,2086265856
51932,2086470656
51933,2086675456
51934,2086880256
51935,2087085056
51936,2087289856
51937,2087494656
51938,2087699456
51939,2087904256
51940,2088109056
51941,2088313856
51942,2088518656
51943,2088723456
51944,2088928256
51945,2089133056
51946,2089337856
51947,2089542656
51948,2089747456
51949,2089952256
51950,2090157056
51951,2090361856
51952,2090566656
51953,2090771456
51954,2090976256
51955,2091181056
51956,2091385856
51957,2091590656
51958,2091795456
51959,2092000256
51960,2092205056
51961,2092409856
51962,2092614656
51963,2092819456
51964,2093024256
51965,2093229056
51966,2093433856
51967,2093638656
51968,2093843456
51969,2094048256
51970,2094253056
51971,2094457856
51972,2094662656
51973,2094867456
51974,2095072256
51975,2095277056
51976,2095481856
51977,2095686656
51978,2095891456
51979,2096096256
51980,2096301056
51981,2096505856
51982,2096710656
51983,2096915456
51984,2097120256
51985,2097325056
51986,2097529856
51987,2097734656
51988,2097939456
51989,2098144256
51990,2098349056
51991,2098553856
51992,2098758656
51993,2098963456
51994,2099168256
51995,2099373056
51996,2099577856
51997,2099782656
51998,2099987456
51999,2100193280
52000,2100399104
52001,2100604928
52002,2100810752
52003,2101016576
52004,2101222400
52005,2101428224
52006,2101634048
52007,2101839872
52008,2102045696
52009,2102251520
52010,2102457344
52011,2102663168
52012,2102868992
52013,2103074816
52014,2103280640
52015,2103486464
52016,2103692288
52017,2103898112
52018,2104103936
52019,2104309760
52020,2104515584
52021,2104721408
52022,2104927232
52023,2105133056
52024,2105338880
52025,2105544704
52026,2105750528
52027,2105956352
52028,2106162176
52029,2106368000
52030,2106573824
52031,2106779648
52032,2106985472
52033,2107191296
52034,2107397120
52035,2107602944
52036,2107808768
52037,2108014592
52038,2108220416
52039,2108426240
52040,2108632064
52041,2108837888
52042,2109043712
52043,2109249536
52044,2109455360
52045,2109661184
52046,2109868032
52047,2110074880
52048,2110281728
52049,2110488576
52050,2110695424
52051,2110902272
52052,2111109120
52053,2111315968
52054,2111522816
52055,2111729664
52056,2111936512
52057,2112143360
52058,2112350208
52059,2112557056
52060,2112763904
52061,2112970752
52062,2113177600
52063,2113384448
52064,2113591296
52065,2113798144
52066,2114004992
52067,2114211840
52068,2114418688
52069,2114625536
52070,2114832384
52071,2115039232
52072,2115246080
52073,2115452928
52074,2115659776
52075,2115866624
52076,2116073472
52077,2116280320
52078,2116487168
52079,2116694016
52080,2116900864
52081,2117107712
52082,2117314560
52083,2117521408
52084,2117728256
52085,2117935104
52086,2118141952
52087,2118348800
52088,2118555648
52089,2118762496
52090,2118969344
52091,2119176192
52092,2119383040
52093,2119589888
52094,2119796736
52095,2120003584
52096,2120210432
52097,2120417280
52098,2120624128
52099,2120830976
52100,2121037824
52101,2121244672
52102,2121451520
52103,2121659392
52104,2121867264
52105,2122075136
52106,2122283008
52107,2122490880
52108,2122698752
52109,2122906624
52110,2123114496
52111,2123322368
52112,2123530240
52113,2123738112
52114,2123945984
52115,2124153856
52116,2124361728
52117,2124569600
52118,2124777472
52119,2124985344
52120,2125193216
52121,2125401088
52122,2125608960
52123,2125816832
52124,2126024704
52125,2126232576
52126,2126440448
52127,2126648320
52128,2126856192
52129,2127064064
52130,2127271936
52131,2127479808
52132,2127687680
52133,2127895552
52134,2128103424
52135,2128311296
52136,2128519168
52137,2128727040
52138,2128934912
52139,2129142784
52140,2129350656
52141,2129558528
52142,2129766400
52143,2129974272
52144,2130182144
52145,2130390016
52146,2130597888
52147,2130805760
52148,2131013632
52149,2131221504
52150,2131429376
52151,2131637248
52152,2131845120
52153,2132052992
52154,2132261888
52155,2132470784
52156,2132679680
52157,2132888576
52158,2133097472
52159,2133306368
52160,2133515264
52161,2133724160
52162,2133933056
52163,2134141952
52164,2134350848
52165,2134559744
52166,2134768640
52167,2134977536
52168,2135186432
52169,2135395328
52170,2135604224
52171,2135813120
52172,2136022016
52173,2136230912
52174,2136439808
52175,2136648704
52176,2136857600
52177,2137066496
52178,2137275392
52179,2137484288
52180,2137693184
52181,2137902080
52182,2138110976
52183,2138319872
52184,2138528768
52185,2138737664
52186,2138946560
52187,2139155456
52188,2139364352
52189,2139573248
52190,2139782144
52191,2139991040
52192,2140199936
52193,2140408832
52194,2140617728
52195,2140826624
52196,2141035520
52197,2141244416
52198,2141453312
52199,2141662208
52200,2141871104
52201,2142080000
52202,2142288896
52203,2142497792
52204,2142706688
52205,2142915584
52206,2143124480
52207,2143334400
52208,2143544320
52209,2143754240
52210,2143964160
52211,2144174080
52212,2144384000
52213,2144593920
52214,2144803840
52215,2145013760
52216,2145223680
52217,2145433600
52218,2145643520
52219,2145853440
52220,2146063360
52221,2146273280
52222,2146483200
52223,2146693120
52224,2146903040
52225,2147112960
52226,2147322880
52227,2147532800
52228,2147742720
52229,2147952640
52230,2148162560
52231,2148372480
52232,2148582400
52233,2148792320
52234,2149002240
52235,2149212160
52236,2149422080
52237,2149632000
52238,2149841920
52239,2150051840
52240,2150261760
52241,2150471680
52242,2150681600
52243,2150891520
52244,2151101440
52245,2151311360
52246,2151521280
52247,2151731200
52248,2151941120
52249,2152151040
52250,2152360960
52251,2152570880
52252,2152780800
52253,2152990720
52254,2153200640
52255,2153410560
52256,2153620480
52257,2153831424
52258,2154042368
52259,2154253312
52260,2154464256
52261,2154675200
52262,2154886144
52263,2155097088
52264,2155308032
52265,2155518976
52266,2155729920
52267,2155940864
52268,2156151808
52269,2156362752
52270,2156573696
52271,2156784640
52272,2156995584
52273,2157206528
52274,2157417472
52275,2157628416
52276,2157839360
52277,2158050304
52278,2158261248
52279,2158472192
52280,2158683136
52281,2158894080
52282,2159105024
52283,2159315968
52284,2159526912
52285,2159737856
52286,2159948800
52287,2160159744
52288,2160370688
52289,2160581632
52290,2160792576
52291,2161003520
52292,2161214464
52293,2161425408
52294,2161636352
52295,2161847296
52296,2162058240
52297,2162269184
52298,2162480128
52299,2162691072
52300,2162902016
52301,2163112960
52302,2163323904
52303,2163534848
52304,2163745792
52305,2163956736
52306,2164167680
52307,2164378624
52308,2164589568
52309,2164800512
52310,2165011456
52311,2165222400
52312,2165434368
52313,2165646336
52314,2165858304
52315,2166070272
52316,2166282240
52317,2166494208
52318,2166706176
52319,2166918144
52320,2167130112
52321,2167342080
52322,2167554048
52323,2167766016
52324,2167977984
52325,2168189952
52326,2168401920
52327,2168613888
52328,2168825856
52329,2169037824
52330,2169249792
52331,2169461760
52332,2169673728
52333,2169885696
52334,2170097664
52335,2170309632
52336,2170521600
52337,2170733568
52338,2170945536
52339,2171157504
52340,2171369472
52341,2171581440
52342,2171793408
52343,2172005376
52344,2172217344
52345,2172429312
52346,2172641280
52347,2172853248
52348,2173065216
52349,2173277184
52350,2173489152
52351,2173701120
52352,2173913088
52353,2174125056
52354,2174337024
52355,2174548992
52356,2174761984
52357,2174974976
52358,2175187968
52359,2175400960
52360,2175613952
52361,2175826944
52362,2176039936
52363,2176252928
52364,2176465920
52365,2176678912
52366,2176891904
52367,2177104896
52368,2177317888
52369,2177530880
52370,2177743872
52371,2177956864
52372,2178169856
52373,2178382848
52374,2178595840
52375,2178808832
52376,2179021824
52377,2179234816
52378,2179447808
52379,2179660800
52380,2179873792
52381,2180086784
52382,2180299776
52383,2180512768
52384,2180725760
52385,2180938752
52386,2181151744
52387,2181364736
52388,2181577728
52389,2181790720
52390,2182003712
52391,2182216704
52392,2182429696
52393,2182642688
52394,2182855680
52395,2183068672
52396,2183281664
52397,2183494656
52398,2183707648
52399,2183920640
52400,2184133632
52401,2184346624
52402,2184559616
52403,2184772608
52404,2184985600
52405,2185198592
52406,2185411584
52407,2185624576
52408,2185837568
52409,2186050560
52410,2186263552
52411,2186476544
52412,2186689536
52413,2186903552
52414,2187117568
52415,2187331584
52416,2187545600
52417,2187759616
52418,2187973632
52419,2188187648
52420,2188401664
52421,2188615680
52422,2188829696
52423,2189043712
52424,2189257728
52425,2189471744
52426,2189685760
52427,2189899776
52428,2190113792
52429,2190327808
52430,2190541824
52431,2190755840
52432,2190969856
52433,2191183872
52434,2191397888
52435,2191611904
52436,2191825920
52437,2192039936
52438,2192253952
52439,2192467968
52440,2192681984
52441,2192896000
52442,2193110016
52443,2193324032
52444,2193538048
52445,2193752064
52446,2193966080
52447,2194180096
52448,2194394112
52449,2194608128
52450,2194822144
52451,2195036160
52452,2195250176
52453,2195464192
52454,2195678208
52455,2195892224
52456,2196106240
52457,2196320256
52458,2196534272
52459,2196748288
52460,2196962304
52461,2197176320
52462,2197390336
52463,2197605376
52464,2197820416
52465,2198035456
52466,2198250496
52467,2198465536
52468,2198680576
52469,2198895616
52470,2199110656
52471,2199325696
52472,2199540736
52473,2199755776
52474,2199970816
52475,2200185856
52476,2200400896
52477,2200615936
52478,2200830976
52479,2201046016
52480,2201261056
52481,2201476096
52482,2201691136
52483,2201906176
52484,2202121216
52485,2202336256
52486,2202551296
52487,2202766336
52488,2202981376
52489,2203196416
52490,2203411456
52491,2203626496
52492,2203841536
52493,2204056576
52494,2204271616
52495,2204486656
52496,2204701696
52497,2204916736
52498,2205131776
52499,2205346816
52500,2205561856
52501,2205776896
52502,2205991936
52503,2206206976
52504,2206422016
52505,2206637056
52506,2206852096
52507,2207067136
52508,2207282176
52509,2207497216
52510,2207712256
52511,2207927296
52512,2208142336
52513,2208357376
52514,2208572416
52515,2208787456
52516,2209003520
52517,2209219584
52518,2209435648
52519,2209651712
52520,2209867776
52521,2210083840
52522,2210299904
52523,2210515968
52524,2210732032
52525,2210948096
52526,2211164160
52527,2211380224
52528,2211596288
52529,2211812352
52530,2212028416
52531,2212244480
52532,2212460544
52533,2212676608
52534,2212892672
52535,2213108736
52536,2213324800
52537,2213540864
52538,2213756928
52539,2213972992
52540,2214189056
52541,2214405120
52542,2214621184
52543,2214837248
52544,2215053312
52545,2215269376
52546,2215485440
52547,2215701504
52548,2215917568
52549,2216133632
52550,2216349696
52551,2216565760
52552,2216781824
52553,2216997888
52554,2217213952
52555,2217430016
52556,2217646080
52557,2217862144
52558,2218078208
52559,2218294272
52560,2218510336
52561,2218726400
52562,2218942464
52563,2219158528
52564,2219374592
52565,2219591680
52566,2219808768
52567,2220025856
52568,2220242944
52569,2220460032
52570,2220677120
52571,2220894208
52572,2221111296
52573,2221328384
52574,2221545472
52575,2221762560
52576,2221979648
52577,2222196736
52578,2222413824
52579,2222630912
52580,2222848000
52581,2223065088
52582,2223282176
52583,2223499264
52584,2223716352
52585,2223933440
52586,2224150528
52587,2224367616
52588,2224584704
52589,2224801792
52590,2225018880
52591,2225235968
52592,2225453056
52593,2225670144
52594,2225887232
52595,2226104320
52596,2226321408
52597,2226538496
52598,2226755584
52599,2226972672
52600,2227189760
52601,2227406848
52602,2227623936
52603,2227841024
52604,2228058112
52605,2228275200
52606,2228492288
52607,2228709376
52608,2228926464
52609,2229143552
52610,2229360640
52611,2229577728
52612,2229794816
52613,2230011904
52614,2230228992
52615,2230446080
52616,2230663168
52617,2230880256
52618,2231097344
52619,2231314432
52620,2231531520
52621,2231748608
52622,2231966720
52623,2232184832
52624,2232402944
52625,2232621056
52626,2232839168
52627,2233057280
52628,2233275392
52629,2233493504
52630,2233711616
52631,2233929728
52632,2234147840
52633,2234365952
52634,2234584064
52635,2234802176
52636,2235020288
52637,2235238400
52638,2235456512
52639,2235674624
52640,2235892736
52641,2236110848
52642,2236328960
52643,2236547072
52644,2236765184
52645,2236983296
52646,2237201408
52647,2237419520
52648,2237637632
52649,2237855744
52650,2238073856
52651,2238291968
52652,2238510080
52653,2238728192
52654,2238946304
52655,2239164416
52656,2239382528
52657,2239600640
52658,2239818752
52659,2240036864
52660,2240254976
52661,2240473088
52662,2240691200
52663,2240909312
52664,2241127424
52665,2241345536
52666,2241563648
52667,2241781760
52668,2241999872
52669,2242219008
52670,2242438144
52671,2242657280
52672,2242876416
52673,2243095552
52674,2243314688
52675,2243533824
52676,2243752960
52677,2243972096
52678,2244191232
52679,2244410368
52680,2244629504
52681,2244848640
52682,2245067776
52683,2245286912
52684,2245506048
52685,2245725184
52686,2245944320
52687,2246163456
52688,2246382592
52689,2246601728
52690,2246820864
52691,2247040000
52692,2247259136
52693,2247478272
52694,2247697408
52695,2247916544
52696,2248135680
52697,2248354816
52698,2248573952
52699,2248793088
52700,2249012224
52701,2249231360
52702,2249450496
52703,2249669632
52704,2249888768
52705,2250107904
52706,2250327040
52707,2250546176
52708,2250765312
52709,2250985472
52710,2251205632
52711,2251425792
52712,2251645952
52713,2251866112
52714,2252086272
52715,2252306432
52716,2252526592
52717,2252746752
52718,2252966912
52719,2253187072
52720,2253407232
52721,2253627392
52722,2253847552
52723,2254067712
52724,2254287872
52725,2254508032
52726,2254728192
52727,2254948352
52728,2255168512
52729,2255388672
52730,2255608832
52731,2255828992
52732,2256049152
52733,2256269312
52734,2256489472
52735,2256709632
52736,2256929792
52737,2257149952
52738,2257370112
52739,2257590272
52740,2257810432
52741,2258030592
52742,2258250752
52743,2258470912
52744,2258691072
52745,2258911232
52746,2259131392
52747,2259351552
52748,2259571712
52749,2259791872
52750,2260012032
52751,2260232192
52752,2260452352
52753,2260672512
52754,2260892672
52755,2261112832
52756,2261332992
52757,2261553152
52758,2261773312
52759,2261993472
52760,2262214656
52761,2262435840
52762,2262657024
52763,2262878208
52764,2263099392
52765,2263320576
52766,2263541760
52767,2263762944
52768,2263984128
52769,2264205312
52770,2264426496
52771,2264647680
52772,2264868864
52773,2265090048
52774,2265311232
52775,2265532416
52776,2265753600
52777,2265974784
52778,2266195968
52779,2266417152
52780,2266638336
52781,2266859520
52782,2267080704
52783,2267301888
52784,2267523072
52785,2267744256
52786,2267965440
52787,2268186624
52788,2268407808
52789,2268628992
52790,2268850176
52791,2269071360
52792,2269293568
52793,2269515776
52794,2269737984
52795,2269960192
52796,2270182400
52797,2270404608
52798,2270626816
52799,2270849024
52800,2271071232
52801,2271293440
52802,2271515648
52803,2271737856
52804,2271960064
52805,2272182272
52806,2272404480
52807,2272626688
52808,2272848896
52809,2273071104
52810,2273293312
52811,2273515520
52812,2273737728
52813,2273959936
52814,2274182144
52815,2274404352
52816,2274626560
52817,2274848768
52818,2275070976
52819,2275293184
52820,2275515392
52821,2275737600
52822,2275959808
52823,2276182016
52824,2276404224
52825,2276626432
52826,2276848640
52827,2277070848
52828,2277293056
52829,2277515264
52830,2277737472
52831,2277959680
52832,2278181888
52833,2278404096
52834,2278626304
52835,2278849536
52836,2279072768
52837,2279296000
52838,2279519232
52839,2279742464
52840,2279965696
52841,2280188928
52842,2280412160
52843,2280635392
52844,2280858624
52845,2281081856
52846,2281305088
52847,2281528320
52848,2281751552
52849,2281974784
52850,2282198016
52851,2282421248
52852,2282644480
52853,2282867712
52854,2283090944
52855,2283314176
52856,2283537408
52857,2283760640
52858,2283983872
52859,2284207104
52860,2284430336
52861,2284653568
52862,2284876800
52863,2285100032
52864,2285323264
52865,2285546496
52866,2285769728
52867,2285992960
52868,2286216192
52869,2286439424
52870,2286662656
52871,2286885888
52872,2287109120
52873,2287332352
52874,2287555584
52875,2287778816
52876,2288002048
52877,2288225280
52878,2288448512
52879,2288671744
52880,2288894976
52881,2289118208
52882,2289341440
52883,2289564672
52884,2289787904
52885,2290011136
52886,2290234368
52887,2290457600
52888,2290680832
52889,2290904064
52890,2291128320
52891,2291352576
52892,2291576832
52893,2291801088
52894,2292025344
52895,2292249600
52896,2292473856
52897,2292698112
52898,2292922368
52899,2293146624
52900,2293370880
52901,2293595136
52902,2293819392
52903,2294043648
52904,2294267904
52905,2294492160
52906,2294716416
52907,2294940672
52908,2295164928
52909,2295389184
52910,2295613440
52911,2295837696
52912,2296061952
52913,2296286208
52914,2296510464
52915,2296734720
52916,2296958976
52917,2297183232
52918,2297407488
52919,2297631744
52920,2297856000
52921,2298080256
52922,2298304512
52923,2298528768
52924,2298753024
52925,2298977280
52926,2299201536
52927,2299425792
52928,2299650048
52929,2299874304
52930,2300098560
52931,2300322816
52932,2300547072
52933,2300771328
52934,2300995584
52935,2301219840
52936,2301444096
52937,2301668352
52938,2301892608
52939,2302116864
52940,2302341120
52941,2302565376
52942,2302789632
52943,2303013888
52944,2303238144
52945,2303463424
52946,2303688704
52947,2303913984
52948,2304139264
52949,2304364544
52950,2304589824
52951,2304815104
52952,2305040384
52953,2305265664
52954,2305490944
52955,2305716224
52956,2305941504
52957,2306166784
52958,2306392064
52959,2306617344
52960,2306842624
52961,2307067904
52962,2307293184
52963,2307518464
52964,2307743744
52965,2307969024
52966,2308194304
52967,2308419584
52968,2308644864
52969,2308870144
52970,2309095424
52971,2309320704
52972,2309545984
52973,2309771264
52974,2309996544
52975,2310221824
52976,2310447104
52977,2310672384
52978,2310897664
52979,2311122944
52980,2311348224
52981,2311573504
52982,2311798784
52983,2312024064
52984,2312250368
52985,2312476672
52986,2312702976
52987,2312929280
52988,2313155584
52989,2313381888
52990,2313608192
52991,2313834496
52992,2314060800
52993,2314287104
52994,2314513408
52995,2314739712
52996,2314966016
52997,2315192320
52998,2315418624
52999,2315644928
53000,2315871232
53001,2316097536
53002,2316323840
53003,2316550144
53004,2316776448
53005,2317002752
53006,2317229056
53007,2317455360
53008,2317681664
53009,2317907968
53010,2318134272
53011,2318360576
53012,2318586880
53013,2318813184
53014,2319039488
53015,2319265792
53016,2319492096
53017,2319718400
53018,2319944704
53019,2320172032
53020,2320399360
53021,2320626688
53022,2320854016
53023,2321081344
53024,2321308672
53025,2321536000
53026,2321763328
53027,2321990656
53028,2322217984
53029,2322445312
53030,2322672640
53031,2322899968
53032,2323127296
53033,2323354624
53034,2323581952
53035,2323809280
53036,2324036608
53037,2324263936
53038,2324491264
53039,2324718592
53040,2324945920
53041,2325173248
53042,2325400576
53043,2325627904
53044,2325855232
53045,2326082560
53046,2326309888
53047,2326537216
53048,2326764544
53049,2326991872
53050,2327219200
53051,2327446528
53052,2327673856
53053,2327901184
53054,2328128512
53055,2328355840
53056,2328583168
53057,2328810496
53058,2329037824
53059,2329265152
53060,2329493504
53061,2329721856
53062,2329950208
53063,2330178560
53064,2330406912
53065,2330635264
53066,2330863616
53067,2331091968
53068,2331320320
53069,2331548672
53070,2331777024
53071,2332005376
53072,2332233728
53073,2332462080
53074,2332690432
53075,2332918784
53076,2333147136
53077,2333375488
53078,2333603840
53079,2333832192
53080,2334060544
53081,2334288896
53082,2334517248
53083,2334745600
53084,2334973952
53085,2335202304
53086,2335430656
53087,2335659008
53088,2335887360
53089,2336115712
53090,2336344064
53091,2336572416
53092,2336800768
53093,2337029120
53094,2337257472
53095,2337485824
53096,2337714176
53097,2337942528
53098,2338170880
53099,2338399232
53100,2338628608
53101,2338857984
53102,2339087360
53103,2339316736
53104,2339546112
53105,2339775488
53106,2340004864
53107,2340234240
53108,2340463616
53109,2340692992
53110,2340922368
53111,2341151744
53112,2341381120
53113,2341610496
53114,2341839872
53115,2342069248
53116,2342298624
53117,2342528000
53118,2342757376
53119,2342986752
53120,2343216128
53121,2343445504
53122,2343674880
53123,2343904256
53124,2344133632
53125,2344363008
53126,2344592384
53127,2344821760
53128,2345051136
53129,2345280512
53130,2345509888
53131,2345739264
53132,2345968640
53133,2346198016
53134,2346427392
53135,2346656768
53136,2346886144
53137,2347115520
53138,2347344896
53139,2347574272
53140,2347803648
53141,2348033024
53142,2348262400
53143,2348491776
53144,2348721152
53145,2348950528
53146,2349179904
53147,2349409280
53148,2349638656
53149,2349868032
53150,2350097408
53151,2350327808
53152,2350558208
53153,2350788608
53154,2351019008
53155,2351249408
53156,2351479808
53157,2351710208
53158,2351940608
53159,2352171008
53160,2352401408
53161,2352631808
53162,2352862208
53163,2353092608
53164,2353323008
53165,2353553408
53166,2353783808
53167,2354014208
53168,2354244608
53169,2354475008
53170,2354705408
53171,2354935808
53172,2355166208
53173,2355396608
53174,2355627008
53175,2355857408
53176,2356087808
53177,2356318208
53178,2356548608
53179,2356779008
53180,2357009408
53181,2357239808
53182,2357470208
53183,2357700608
53184,2357931008
53185,2358161408
53186,2358391808
53187,2358622208
53188,2358852608
53189,2359083008
53190,2359313408
53191,2359543808
53192,2359774208
53193,2360004608
53194,2360235008
53195,2360465408
53196,2360695808
53197,2360926208
53198,2361156608
53199,2361387008
53200,2361617408
53201,2361847808
53202,2362078208
53203,2362308608
53204,2362539008
53205,2362769408
53206,2362999808
53207,2363230208
53208,2363460608
53209,2363692032
53210,2363923456
53211,2364154880
53212,2364386304
53213,2364617728
53214,2364849152
53215,2365080576
53216,2365312000
53217,2365543424
53218,2365774848
53219,2366006272
53220,2366237696
53221,2366469120
53222,2366700544
53223,2366931968
53224,2367163392
53225,2367394816
53226,2367626240
53227,2367857664
53228,2368089088
53229,2368320512
53230,2368551936
53231,2368783360
53232,2369014784
53233,2369246208
53234,2369477632
53235,2369709056
53236,2369940480
53237,2370171904
53238,2370403328
53239,2370634752
53240,2370866176
53241,2371097600
53242,2371329024
53243,2371560448
53244,2371791872
53245,2372023296
53246,2372254720
53247,2372486144
53248,2372717568
53249,2372948992
53250,2373181440
53251,2373413888
53252,2373646336
53253,2373878784
53254,2374111232
53255,2374343680
53256,2374576128
53257,2374808576
53258,2375041024
53259,2375273472
53260,2375505920
53261,2375738368
53262,2375970816
53263,2376203264
53264,2376435712
53265,2376668160
53266,2376900608
53267,2377133056
53268,2377365504
53269,2377597952
53270,2377830400
53271,2378062848
53272,2378295296
53273,2378527744
53274,2378760192
53275,2378992640
53276,2379225088
53277,2379457536
53278,2379689984
53279,2379922432
53280,2380154880
53281,2380387328
53282,2380619776
53283,2380852224
53284,2381084672
53285,2381317120
53286,2381549568
53287,2381782016
53288,2382014464
53289,2382246912
53290,2382479360
53291,2382711808
53292,2382944256
53293,2383176704
53294,2383409152
53295,2383642624
53296,2383876096
53297,2384109568
53298,2384343040
53299,2384576512
53300,2384809984
53301,2385043456
53302,2385276928
53303,2385510400
53304,2385743872
53305,2385977344
53306,2386210816
53307,2386444288
53308,2386677760
53309,2386911232
53310,2387144704
53311,2387378176
53312,2387611648
53313,2387845120
53314,2388078592
53315,2388312064
53316,2388545536
53317,2388779008
53318,2389012480
53319,2389245952
53320,2389479424
53321,2389712896
53322,2389946368
53323,2390179840
53324,2390413312
53325,2390646784
53326,2390880256
53327,2391113728
53328,2391347200
53329,2391580672
53330,2391814144
53331,2392047616
53332,2392281088
53333,2392514560
53334,2392748032
53335,2392981504
53336,2393214976
53337,2393448448
53338,2393681920
53339,2393915392
53340,2394148864
53341,2394382336
53342,2394615808
53343,2394849280
53344,2395082752
53345,2395316224
53346,2395549696
53347,2395783168
53348,2396017664
53349,2396252160
53350,2396486656
53351,2396721152
53352,2396955648
53353,2397190144
53354,2397424640
53355,2397659136
53356,2397893632
53357,2398128128
53358,2398362624
53359,2398597120
53360,2398831616
53361,2399066112
53362,2399300608
53363,2399535104
53364,2399769600
53365,2400004096
53366,2400238592
53367,2400473088
53368,2400707584
53369,2400942080
53370,2401176576
53371,2401411072
53372,2401645568
53373,2401880064
53374,2402114560
53375,2402349056
53376,2402583552
53377,2402818048
53378,2403052544
53379,2403287040
53380,2403521536
53381,2403756032
53382,2403990528
53383,2404225024
53384,2404459520
53385,2404694016
53386,2404928512
53387,2405163008
53388,2405397504
53389,2405633024
53390,2405868544
53391,2406104064
53392,2406339584
53393,2406575104
53394,2406810624
53395,2407046144
53396,2407281664
53397,2407517184
53398,2407752704
53399,2407988224
53400,2408223744
53401,2408459264
53402,2408694784
53403,2408930304
53404,2409165824
53405,2409401344
53406,2409636864
53407,2409872384
53408,2410107904
53409,2410343424
53410,2410578944
53411,2410814464
53412,2411049984
53413,2411285504
53414,2411521024
53415,2411756544
53416,2411992064
53417,2412227584
53418,2412463104
53419,2412698624
53420,2412934144
53421,2413169664
53422,2413405184
53423,2413640704
53424,2413876224
53425,2414111744
53426,2414347264
53427,2414582784
53428,2414818304
53429,2415053824
53430,2415289344
53431,2415524864
53432,2415760384
53433,2415995904
53434,2416231424
53435,2416466944
53436,2416702464
53437,2416937984
53438,2417173504
53439,2417409024
53440,2417645568
53441,2417882112
53442,2418118656
53443,2418355200
53444,2418591744
53445,2418828288
53446,2419064832
53447,2419301376
53448,2419537920
53449,2419774464
53450,2420011008
53451,2420247552
53452,2420484096
53453,2420720640
53454,2420957184
53455,2421193728
53456,2421430272
53457,2421666816
53458,2421903360
53459,2422139904
53460,2422376448
53461,2422612992
53462,2422849536
53463,2423086080
53464,2423322624
53465,2423559168
53466,2423795712
53467,2424032256
53468,2424268800
53469,2424505344
53470,2424741888
53471,2424978432
53472,2425214976
53473,2425451520
53474,2425688064
53475,2425924608
53476,2426161152
53477,2426397696
53478,2426634240
53479,2426870784
53480,2427107328
53481,2427343872
53482,2427580416
53483,2427816960
53484,2428053504
53485,2428290048
53486,2428526592
53487,2428763136
53488,2428999680
53489,2429236224
53490,2429473792
53491,2429711360
53492,2429948928
53493,2430186496
53494,2430424064
53495,2430661632
53496,2430899200
53497,2431136768
53498,2431374336
53499,2431611904
53500,2431849472
53501,2432087040
53502,2432324608
53503,2432562176
53504,2432799744
53505,2433037312
53506,2433274880
53507,2433512448
53508,2433750016
53509,2433987584
53510,2434225152
53511,2434462720
53512,2434700288
53513,2434937856
53514,2435175424
53515,2435412992
53516,2435650560
53517,2435888128
53518,2436125696
53519,2436363264
53520,2436600832
53521,2436838400
53522,2437075968
53523,2437313536
53524,2437551104
53525,2437788672
53526,2438026240
53527,2438263808
53528,2438501376
53529,2438738944
53530,2438976512
53531,2439214080
53532,2439451648
53533,2439689216
53534,2439927808
53535,2440166400
53536,2440404992
53537,2440643584
53538,2440882176
53539,2441120768
53540,2441359360
53541,2441597952
53542,2441836544
53543,2442075136
53544,2442313728
53545,2442552320
53546,2442790912
53547,2443029504
53548,2443268096
53549,2443506688
53550,2443745280
53551,2443983872
53552,2444222464
53553,2444461056
53554,2444699648
53555,2444938240
53556,2445176832
53557,2445415424
53558,2445654016
53559,2445892608
53560,2446131200
53561,2446369792
53562,2446608384
53563,2446846976
53564,2447085568
53565,2447324160
53566,2447562752
53567,2447801344
53568,2448039936
53569,2448278528
53570,2448517120
53571,2448756736
53572,2448996352
53573,2449235968
53574,2449475584
53575,2449715200
53576,2449954816
53577,2450194432
53578,2450434048
53579,2450673664
53580,2450913280
53581,2451152896
53582,2451392512
53583,2451632128
53584,2451871744
53585,2452111360
53586,2452350976
53587,2452590592
53588,2452830208
53589,2453069824
53590,2453309440
53591,2453549056
53592,2453788672
53593,2454028288
53594,2454267904
53595,2454507520
53596,2454747136
53597,2454986752
53598,2455226368
53599,2455465984
53600,2455705600
53601,2455945216
53602,2456184832
53603,2456424448
53604,2456664064
53605,2456903680
53606,2457143296
53607,2457382912
53608,2457622528
53609,2457862144
53610,2458101760
53611,2458341376
53612,2458580992
53613,2458820608
53614,2459060224
53615,2459299840
53616,2459539456
53617,2459779072
53618,2460018688
53619,2460258304
53620,2460497920
53621,2460737536
53622,2460978176
53623,2461218816
53624,2461459456
53625,2461700096
53626,2461940736
53627,2462181376
53628,2462422016
53629,2462662656
53630,2462903296
53631,2463143936
53632,2463384576
53633,2463625216
53634,2463865856
53635,2464106496
53636,2464347136
53637,2464587776
53638,2464828416
53639,2465069056
53640,2465309696
53641,2465550336
53642,2465790976
53643,2466031616
53644,2466272256
53645,2466512896
53646,2466753536
53647,2466994176
53648,2467234816
53649,2467475456
53650,2467716096
53651,2467956736
53652,2468197376
53653,2468438016
53654,2468678656
53655,2468919296
53656,2469159936
53657,2469400576
53658,2469641216
53659,2469881856
53660,2470122496
53661,2470363136
53662,2470603776
53663,2470844416
53664,2471086080
53665,2471327744
53666,2471569408
53667,2471811072
53668,2472052736
53669,2472294400
53670,2472536064
53671,2472777728
53672,2473019392
53673,2473261056
53674,2473502720
53675,2473744384
53676,2473986048
53677,2474227712
53678,2474469376
53679,2474711040
53680,2474952704
53681,2475194368
53682,2475436032
53683,2475677696
53684,2475919360
53685,2476161024
53686,2476402688
53687,2476644352
53688,2476886016
53689,2477127680
53690,2477369344
53691,2477611008
53692,2477852672
53693,2478094336
53694,2478336000
53695,2478577664
53696,2478819328
53697,2479060992
53698,2479302656
53699,2479544320
53700,2479785984
53701,2480027648
53702,2480269312
53703,2480510976
53704,2480752640
53705,2480994304
53706,2481235968
53707,2481477632
53708,2481719296
53709,2481960960
53710,2482203648
53711,2482446336
53712,2482689024
53713,2482931712
53714,2483174400
53715,2483417088
53716,2483659776
53717,2483902464
53718,2484145152
53719,2484387840
53720,2484630528
53721,2484873216
53722,2485115904
53723,2485358592
53724,2485601280
53725,2485843968
53726,2486086656
53727,2486329344
53728,2486572032
53729,2486814720
53730,2487057408
53731,2487300096
53732,2487542784
53733,2487785472
53734,2488028160
53735,2488270848
53736,2488513536
53737,2488756224
53738,2488998912
53739,2489241600
53740,2489484288
53741,2489726976
53742,2489969664
53743,2490212352
53744,2490455040
53745,2490697728
53746,2490940416
53747,2491183104
53748,2491425792
53749,2491668480
53750,2491911168
53751,2492153856
53752,2492397568
53753,2492641280
53754,2492884992
53755,2493128704
53756,2493372416
53757,2493616128
53758,2493859840
53759,2494103552
53760,2494347264
53761,2494590976
53762,2494834688
53763,2495078400
53764,2495322112
53765,2495565824
53766,2495809536
53767,2496053248
53768,2496296960
53769,2496540672
53770,2496784384
53771,2497028096
53772,2497271808
53773,2497515520
53774,2497759232
53775,2498002944
53776,2498246656
53777,2498490368
53778,2498734080
53779,2498977792
53780,2499221504
53781,2499465216
53782,2499708928
53783,2499952640
53784,2500196352
53785,2500440064
53786,2500683776
53787,2500927488
53788,2501171200
53789,2501414912
53790,2501658624
53791,2501902336
53792,2502146048
53793,2502390784
53794,2502635520
53795,2502880256
53796,2503124992
53797,2503369728
53798,2503614464
53799,2503859200
53800,2504103936
53801,2504348672
53802,2504593408
53803,2504838144
53804,2505082880
53805,2505327616
53806,2505572352
53807,2505817088
53808,2506061824
53809,2506306560
53810,2506551296
53811,2506796032
53812,2507040768
53813,2507285504
53814,2507530240
53815,2507774976
53816,2508019712
53817,2508264448
53818,2508509184
53819,2508753920
53820,2508998656
53821,2509243392
53822,2509488128
53823,2509732864
53824,2509977600
53825,2510222336
53826,2510467072
53827,2510711808
53828,2510956544
53829,2511201280
53830,2511446016
53831,2511690752
53832,2511935488
53833,2512180224
53834,2512424960
53835,2512669696
53836,2512915456
53837,2513161216
53838,2513406976
53839,2513652736
53840,2513898496
53841,2514144256
53842,2514390016
53843,2514635776
53844,2514881536
53845,2515127296
53846,2515373056
53847,2515618816
53848,2515864576
53849,2516110336
53850,2516356096
53851,2516601856
53852,2516847616
53853,2517093376
53854,2517339136
53855,2517584896
53856,2517830656
53857,2518076416
53858,2518322176
53859,2518567936
53860,2518813696
53861,2519059456
53862,2519305216
53863,2519550976
53864,2519796736
53865,2520042496
53866,2520288256
53867,2520534016
53868,2520779776
53869,2521025536
53870,2521271296
53871,2521517056
53872,2521762816
53873,2522009600
53874,2522256384
53875,2522503168
53876,2522749952
53877,2522996736
53878,2523243520
53879,2523490304
53880,2523737088
53881,2523983872
53882,2524230656
53883,2524477440
53884,2524724224
53885,2524971008
53886,2525217792
53887,2525464576
53888,2525711360
53889,2525958144
53890,2526204928
53891,2526451712
53892,2526698496
53893,2526945280
53894,2527192064
53895,2527438848
53896,2527685632
53897,2527932416
53898,2528179200
53899,2528425984
53900,2528672768
53901,2528919552
53902,2529166336
53903,2529413120
53904,2529659904
53905,2529906688
53906,2530153472
53907,2530400256
53908,2530647040
53909,2530893824
53910,2531140608
53911,2531387392
53912,2531635200
53913,2531883008
53914,2532130816
53915,2532378624
53916,2532626432
53917,2532874240
53918,2533122048
53919,2533369856
53920,2533617664
53921,2533865472
53922,2534113280
53923,2534361088
53924,2534608896
53925,2534856704
53926,2535104512
53927,2535352320
53928,2535600128
53929,2535847936
53930,2536095744
53931,2536343552
53932,2536591360
53933,2536839168
53934,2537086976
53935,2537334784
53936,2537582592
53937,2537830400
53938,2538078208
53939,2538326016
53940,2538573824
53941,2538821632
53942,2539069440
53943,2539317248
53944,2539565056
53945,2539812864
53946,2540061696
53947,2540310528
53948,2540559360
53949,2540808192
53950,2541057024
53951,2541305856
53952,2541554688
53953,2541803520
53954,2542052352
53955,2542301184
53956,2542550016
53957,2542798848
53958,2543047680
53959,2543296512
53960,2543545344
53961,2543794176
53962,2544043008
53963,2544291840
53964,2544540672
53965,2544789504
53966,2545038336
53967,2545287168
53968,2545536000
53969,2545784832
53970,2546033664
53971,2546282496
53972,2546531328
53973,2546780160
53974,2547028992
53975,2547277824
53976,2547526656
53977,2547775488
53978,2548024320
53979,2548273152
53980,2548521984
53981,2548770816
53982,2549019648
53983,2549268480
53984,2549517312
53985,2549766144
53986,2550014976
53987,2550263808
53988,2550512640
53989,2550762496
53990,2551012352
53991,2551262208
53992,2551512064
53993,2551761920
53994,2552011776
53995,2552261632
53996,2552511488
53997,2552761344
53998,2553011200
53999,2553261056
54000,2553510912
54001,2553760768
54002,2554010624
54003,2554260480
54004,2554510336
54005,2554760192
54006,2555010048
54007,2555259904
54008,2555509760
54009,2555759616
54010,2556009472
54011,2556259328
54012,2556509184
54013,2556759040
54014,2557008896
54015,2557258752
54016,2557508608
54017,2557758464
54018,2558008320
54019,2558258176
54020,2558508032
54021,2558757888
54022,2559007744
54023,2559257600
54024,2559507456
54025,2559757312
54026,2560007168
54027,2560257024
54028,2560506880
54029,2560756736
54030,2561006592
54031,2561257472
54032,2561508352
54033,2561759232
54034,2562010112
54035,2562260992
54036,2562511872
54037,2562762752
54038,2563013632
54039,2563264512
54040,2563515392
54041,2563766272
54042,2564017152
54043,2564268032
54044,2564518912
54045,2564769792
54046,2565020672
54047,2565271552
54048,2565522432
54049,2565773312
54050,2566024192
54051,2566275072
54052,2566525952
54053,2566776832
54054,2567027712
54055,2567278592
54056,2567529472
54057,2567780352
54058,2568031232
54059,2568282112
54060,2568532992
54061,2568783872
54062,2569034752
54063,2569285632
54064,2569536512
54065,2569787392
54066,2570038272
54067,2570289152
54068,2570540032
54069,2570790912
54070,2571041792
54071,2571292672
54072,2571543552
54073,2571794432
54074,2572045312
54075,2572296192
54076,2572547072
54077,2572797952
54078,2573048832
54079,2573299712
54080,2573550592
54081,2573801472
54082,2574053376
54083,2574305280
54084,2574557184
54085,2574809088
54086,2575060992
54087,2575312896
54088,2575564800
54089,2575816704
54090,2576068608
54091,2576320512
54092,2576572416
54093,2576824320
54094,2577076224
54095,2577328128
54096,2577580032
54097,2577831936
54098,2578083840
54099,2578335744
54100,2578587648
54101,2578839552
54102,2579091456
54103,2579343360
54104,2579595264
54105,2579847168
54106,2580099072
54107,2580350976
54108,2580602880
54109,2580854784
54110,2581106688
54111,2581358592
54112,2581610496
54113,2581862400
54114,2582114304
54115,2582366208
54116,2582618112
54117,2582870016
54118,2583121920
54119,2583373824
54120,2583625728
54121,2583877632
54122,2584129536
54123,2584381440
54124,2584633344
54125,2584885248
54126,2585138176
54127,2585391104
54128,2585644032
54129,2585896960
54130,2586149888
54131,2586402816
54132,2586655744
54133,2586908672
54134,2587161600
54135,2587414528
54136,2587667456
54137,2587920384
54138,2588173312
54139,2588426240
54140,2588679168
54141,2588932096
54142,2589185024
54143,2589437952
54144,2589690880
54145,2589943808
54146,2590196736
54147,2590449664
54148,2590702592
54149,2590955520
54150,2591208448
54151,2591461376
54152,2591714304
54153,2591967232
54154,2592220160
54155,2592473088
54156,2592726016
54157,2592978944
54158,2593231872
54159,2593484800
54160,2593737728
54161,2593990656
54162,2594243584
54163,2594496512
54164,2594749440
54165,2595002368
54166,2595255296
54167,2595508224
54168,2595761152
54169,2596014080
54170,2596267008
54171,2596519936
54172,2596772864
54173,2597025792
54174,2597278720
54175,2597531648
54176,2597784576
54177,2598037504
54178,2598290432
54179,2598543360
54180,2598796288
54181,2599049216
54182,2599303168
54183,2599557120
54184,2599811072
54185,2600065024
54186,2600318976
54187,2600572928
54188,2600826880
54189,2601080832
54190,2601334784
54191,2601588736
54192,2601842688
54193,2602096640
54194,2602350592
54195,2602604544
54196,2602858496
54197,2603112448
54198,2603366400
54199,2603620352
54200,2603874304
54201,2604128256
54202,2604382208
54203,2604636160
54204,2604890112
54205,2605144064
54206,2605398016
54207,2605651968
54208,2605905920
54209,2606159872
54210,2606413824
54211,2606667776
54212,2606921728
54213,2607176704
54214,2607431680
54215,2607686656
54216,2607941632
54217,2608196608
54218,2608451584
54219,2608706560
54220,2608961536
54221,2609216512
54222,2609471488
54223,2609726464
54224,2609981440
54225,2610236416
54226,2610491392
54227,2610746368
54228,2611001344
54229,2611256320
54230,2611511296
54231,2611766272
54232,2612021248
54233,2612276224
54234,2612531200
54235,2612786176
54236,2613041152
54237,2613296128
54238,2613551104
54239,2613806080
54240,2614061056
54241,2614316032
54242,2614571008
54243,2614825984
54244,2615080960
54245,2615335936
54246,2615590912
54247,2615845888
54248,2616100864
54249,2616356864
54250,2616612864
54251,2616868864
54252,2617124864
54253,2617380864
54254,2617636864
54255,2617892864
54256,2618148864
54257,2618404864
54258,2618660864
54259,2618916864
54260,2619172864
54261,2619428864
54262,2619684864
54263,2619940864
54264,2620196864
54265,2620452864
54266,2620708864
54267,2620964864
54268,2621220864
54269,2621476864
54270,2621732864
54271,2621988864
54272,2622244864
54273,2622500864
54274,2622756864
54275,2623012864
54276,2623268864
54277,2623524864
54278,2623780864
54279,2624036864
54280,2624292864
54281,2624548864
54282,2624804864
54283,2625060864
54284,2625317888
54285,2625574912
54286,2625831936
54287,2626088960
54288,2626345984
54289,2626603008
54290,2626860032
54291,2627117056
54292,2627374080
54293,2627631104
54294,2627888128
54295,2628145152
54296,2628402176
54297,2628659200
54298,2628916224
54299,2629173248
54300,2629430272
54301,2629687296
54302,2629944320
54303,2630201344
54304,2630458368
54305,2630715392
54306,2630972416
54307,2631229440
54308,2631486464
54309,2631743488
54310,2632000512
54311,2632257536
54312,2632514560
54313,2632771584
54314,2633028608
54315,2633285632
54316,2633542656
54317,2633799680
54318,2634056704
54319,2634314752
54320,2634572800
54321,2634830848
54322,2635088896
54323,2635346944
54324,2635604992
54325,2635863040
54326,2636121088
54327,2636379136
54328,2636637184
54329,2636895232
54330,2637153280
54331,2637411328
54332,2637669376
54333,2637927424
54334,2638185472
54335,2638443520
54336,2638701568
54337,2638959616
54338,2639217664
54339,2639475712
54340,2639733760
54341,2639991808
54342,2640249856
54343,2640507904
54344,2640765952
54345,2641024000
54346,2641282048
54347,2641540096
54348,2641798144
54349,2642056192
54350,2642314240
54351,2642572288
54352,2642830336
54353,2643088384
54354,2643346432
54355,2643604480
54356,2643862528
54357,2644120576
54358,2644378624
54359,2644636672
54360,2644895744
54361,2645154816
54362,2645413888
54363,2645672960
54364,2645932032
54365,2646191104
54366,2646450176
54367,2646709248
54368,2646968320
54369,2647227392
54370,2647486464
54371,2647745536
54372,2648004608
54373,2648263680
54374,2648522752
54375,2648781824
54376,2649040896
54377,2649299968
54378,2649559040
54379,2649818112
54380,2650077184
54381,2650336256
54382,2650595328
54383,2650854400
54384,2651113472
54385,2651372544
54386,2651631616
54387,2651890688
54388,2652149760
54389,2652408832
54390,2652667904
54391,2652926976
54392,2653187072
54393,2653447168
54394,2653707264
54395,2653967360
54396,2654227456
54397,2654487552
54398,2654747648
54399,2655007744
54400,2655267840
54401,2655527936
54402,2655788032
54403,2656048128
54404,2656308224
54405,2656568320
54406,2656828416
54407,2657088512
54408,2657348608
54409,2657608704
54410,2657868800
54411,2658128896
54412,2658388992
54413,2658649088
54414,2658909184
54415,2659169280
54416,2659429376
54417,2659689472
54418,2659949568
54419,2660209664
54420,2660469760
54421,2660729856
54422,2660989952
54423,2661250048
54424,2661510144
54425,2661770240
54426,2662030336
54427,2662290432
54428,2662550528
54429,2662810624
54430,2663070720
54431,2663330816
54432,2663590912
54433,2663852032
54434,2664113152
54435,2664374272
54436,2664635392
54437,2664896512
54438,2665157632
54439,2665418752
54440,2665679872
54441,2665940992
54442,2666202112
54443,2666463232
54444,2666724352
54445,2666985472
54446,2667246592
54447,2667507712
54448,2667768832
54449,2668029952
54450,2668291072
54451,2668552192
54452,2668813312
54453,2669074432
54454,2669335552
54455,2669596672
54456,2669857792
54457,2670118912
54458,2670380032
54459,2670641152
54460,2670902272
54461,2671163392
54462,2671424512
54463,2671685632
54464,2671946752
54465,2672207872
54466,2672468992
54467,2672730112
54468,2672991232
54469,2673252352
54470,2673514496
54471,2673776640
54472,2674038784
54473,2674300928
54474,2674563072
54475,2674825216
54476,2675087360
54477,2675349504
54478,2675611648
54479,2675873792
54480,2676135936
54481,2676398080
54482,2676660224
54483,2676922368
54484,2677184512
54485,2677446656
54486,2677708800
54487,2677970944
54488,2678233088
54489,2678495232
54490,2678757376
54491,2679019520
54492,2679281664
54493,2679543808
54494,2679805952
54495,2680068096
54496,2680330240
54497,2680592384
54498,2680854528
54499,2681116672
54500,2681378816
54501,2681640960
54502,2681903104
54503,2682165248
54504,2682427392
54505,2682689536
54506,2682951680
54507,2683213824
54508,2683475968
54509,2683738112
54510,2684000256
54511,2684262400
54512,2684524544
54513,2684786688
54514,2685048832
54515,2685310976
54516,2685573120
54517,2685836288
54518,2686099456
54519,2686362624
54520,2686625792
54521,2686888960
54522,2687152128
54523,2687415296
54524,2687678464
54525,2687941632
54526,2688204800
54527,2688467968
54528,2688731136
54529,2688994304
54530,2689257472
54531,2689520640
54532,2689783808
54533,2690046976
54534,2690310144
54535,2690573312
54536,2690836480
54537,2691099648
54538,2691362816
54539,2691625984
54540,2691889152
54541,2692152320
54542,2692415488
54543,2692678656
54544,2692941824
54545,2693204992
54546,2693468160
54547,2693731328
54548,2693994496
54549,2694257664
54550,2694520832
54551,2694784000
54552,2695047168
54553,2695311360
54554,2695575552
54555,2695839744
54556,2696103936
54557,2696368128
54558,2696632320
54559,2696896512
54560,2697160704
54561,2697424896
54562,2697689088
54563,2697953280
54564,2698217472
54565,2698481664
54566,2698745856
54567,2699010048
54568,2699274240
54569,2699538432
54570,2699802624
54571,2700066816
54572,2700331008
54573,2700595200
54574,2700859392
54575,2701123584
54576,2701387776
54577,2701651968
54578,2701916160
54579,2702180352
54580,2702444544
54581,2702708736
54582,2702972928
54583,2703237120
54584,2703501312
54585,2703765504
54586,2704029696
54587,2704293888
54588,2704558080
54589,2704822272
54590,2705086464
54591,2705350656
54592,2705614848
54593,2705879040
54594,2706144256
54595,2706409472
54596,2706674688
54597,2706939904
54598,2707205120
54599,2707470336
54600,2707735552
54601,2708000768
54602,2708265984
54603,2708531200
54604,2708796416
54605,2709061632
54606,2709326848
54607,2709592064
54608,2709857280
54609,2710122496
54610,2710387712
54611,2710652928
54612,2710918144
54613,2711183360
54614,2711448576
54615,2711713792
54616,2711979008
54617,2712244224
54618,2712509440
54619,2712774656
54620,2713039872
54621,2713305088
54622,2713570304
54623,2713835520
54624,2714100736
54625,2714365952
54626,2714631168
54627,2714896384
54628,2715161600
54629,2715426816
54630,2715692032
54631,2715957248
54632,2716222464
54633,2716487680
54634,2716752896
54635,2717018112
54636,2717283328
54637,2717548544
54638,2717813760
54639,2718078976
54640,2718344192
54641,2718609408
54642,2718874624
54643,2719139840
54644,2719406080
54645,2719672320
54646,2719938560
54647,2720204800
54648,2720471040
54649,2720737280
54650,2721003520
54651,2721269760
54652,2721536000
54653,2721802240
54654,2722068480
54655,2722334720
54656,2722600960
54657,2722867200
54658,2723133440
54659,2723399680
54660,2723665920
54661,2723932160
54662,2724198400
54663,2724464640
54664,2724730880
54665,2724997120
54666,2725263360
54667,2725529600
54668,2725795840
54669,2726062080
54670,2726328320
54671,2726594560
54672,2726860800
54673,2727127040
54674,2727393280
54675,2727659520
54676,2727925760
54677,2728192000
54678,2728458240
54679,2728724480
54680,2728990720
54681,2729257984
54682,2729525248
54683,2729792512
54684,2730059776
54685,2730327040
54686,2730594304
54687,2730861568
54688,2731128832
54689,2731396096
54690,2731663360
54691,2731930624
54692,2732197888
54693,2732465152
54694,2732732416
54695,2732999680
54696,2733266944
54697,2733534208
54698,2733801472
54699,2734068736
54700,2734336000
54701,2734603264
54702,2734870528
54703,2735137792
54704,2735405056
54705,2735672320
54706,2735939584
54707,2736206848
54708,2736474112
54709,2736741376
54710,2737008640
54711,2737275904
54712,2737543168
54713,2737810432
54714,2738077696
54715,2738344960
54716,2738612224
54717,2738879488
54718,2739146752
54719,2739414016
54720,2739681280
54721,2739948544
54722,2740215808
54723,2740483072
54724,2740750336
54725,2741017600
54726,2741284864
54727,2741552128
54728,2741819392
54729,2742087680
54730,2742355968
54731,2742624256
54732,2742892544
54733,2743160832
54734,2743429120
54735,2743697408
54736,2743965696
54737,2744233984
54738,2744502272
54739,2744770560
54740,2745038848
54741,2745307136
54742,2745575424
54743,2745843712
54744,2746112000
54745,2746380288
54746,2746648576
54747,2746916864
54748,2747185152
54749,2747453440
54750,2747721728
54751,2747990016
54752,2748258304
54753,2748526592
54754,2748794880
54755,2749063168
54756,2749331456
54757,2749599744
54758,2749868032
54759,2750136320
54760,2750404608
54761,2750672896
54762,2750941184
54763,2751209472
54764,2751477760
54765,2751746048
54766,2752014336
54767,2752283648
54768,2752552960
54769,2752822272
54770,2753091584
54771,2753360896
54772,2753630208
54773,2753899520
54774,2754168832
54775,2754438144
54776,2754707456
54777,2754976768
54778,2755246080
54779,2755515392
54780,2755784704
54781,2756054016
54782,2756323328
54783,2756592640
54784,2756861952
54785,2757131264
54786,2757400576
54787,2757669888
54788,2757939200
54789,2758209536
54790,2758479872
54791,2758750208
54792,2759020544
54793,2759290880
54794,2759561216
54795,2759831552
54796,2760101888
54797,2760372224
54798,2760642560
54799,2760912896
54800,2761183232
54801,2761453568
54802,2761723904
54803,2761994240
54804,2762264576
54805,2762534912
54806,2762805248
54807,2763075584
54808,2763345920
54809,2763616256
54810,2763886592
54811,2764156928
54812,2764427264
54813,2764697600
54814,2764967936
54815,2765238272
54816,2765508608
54817,2765778944
54818,2766050304
54819,2766321664
54820,2766593024
54821,2766864384
54822,2767135744
54823,2767407104
54824,2767678464
54825,2767949824
54826,2768221184
54827,2768492544
54828,2768763904
54829,2769035264
54830,2769306624
54831,2769577984
54832,2769849344
54833,2770120704
54834,2770392064
54835,2770663424
54836,2770934784
54837,2771206144
54838,2771477504
54839,2771748864
54840,2772020224
54841,2772291584
54842,2772562944
54843,2772834304
54844,2773105664
54845,2773377024
54846,2773648384
54847,2773919744
54848,2774191104
54849,2774462464
54850,2774733824
54851,2775005184
54852,2775276544
54853,2775547904
54854,2775819264
54855,2776091648
54856,2776364032
54857,2776636416
54858,2776908800
54859,2777181184
54860,2777453568
54861,2777725952
54862,2777998336
54863,2778270720
54864,2778543104
54865,2778815488
54866,2779087872
54867,2779360256
54868,2779632640
54869,2779905024
54870,2780177408
54871,2780449792
54872,2780722176
54873,2780994560
54874,2781266944
54875,2781539328
54876,2781811712
54877,2782084096
54878,2782356480
54879,2782628864
54880,2782901248
54881,2783173632
54882,2783446016
54883,2783718400
54884,2783990784
54885,2784263168
54886,2784535552
54887,2784808960
54888,2785082368
54889,2785355776
54890,2785629184
54891,2785902592
54892,2786176000
54893,2786449408
54894,2786722816
54895,2786996224
54896,2787269632
54897,2787543040
54898,2787816448
54899,2788089856
54900,2788363264
54901,2788636672
54902,2788910080
54903,2789183488
54904,2789456896
54905,2789730304
54906,2790003712
54907,2790277120
54908,2790550528
54909,2790823936
54910,2791097344
54911,2791370752
54912,2791644160
54913,2791917568
54914,2792190976
54915,2792464384
54916,2792737792
54917,2793011200
54918,2793284608
54919,2793558016
54920,2793831424
54921,2794105856
54922,2794380288
54923,2794654720
54924,2794929152
54925,2795203584
54926,2795478016
54927,2795752448
54928,2796026880
54929,2796301312
54930,2796575744
54931,2796850176
54932,2797124608
54933,2797399040
54934,2797673472
54935,2797947904
54936,2798222336
54937,2798496768
54938,2798771200
54939,2799045632
54940,2799320064
54941,2799594496
54942,2799868928
54943,2800143360
54944,2800417792
54945,2800692224
54946,2800966656
54947,2801241088
54948,2801516544
54949,2801792000
54950,2802067456
54951,2802342912
54952,2802618368
54953,2802893824
54954,2803169280
54955,2803444736
54956,2803720192
54957,2803995648
54958,2804271104
54959,2804546560
54960,2804822016
54961,2805097472
54962,2805372928
54963,2805648384
54964,2805923840
54965,2806199296
54966,2806474752
54967,2806750208
54968,2807025664
54969,2807301120
54970,2807576576
54971,2807852032
54972,2808127488
54973,2808402944
54974,2808678400
54975,2808953856
54976,2809229312
54977,2809504768
54978,2809780224
54979,2810055680
54980,2810331136
54981,2810606592
54982,2810882048
54983,2811158528
54984,2811435008
54985,2811711488
54986,2811987968
54987,2812264448
54988,2812540928
54989,2812817408
54990,2813093888
54991,2813370368
54992,2813646848
54993,2813923328
54994,2814199808
54995,2814476288
54996,2814752768
54997,2815029248
54998,2815305728
54999,2815582208
55000,2815858688
55001,2816135168
55002,2816411648
55003,2816688128
55004,2816964608
55005,2817241088
55006,2817517568
55007,2817794048
55008,2818070528
55009,2818347008
55010,2818623488
55011,2818899968
55012,2819176448
55013,2819452928
55014,2819729408
55015,2820005888
55016,2820282368
55017,2820559872
55018,2820837376
55019,2821114880
55020,2821392384
55021,2821669888
55022,2821947392
55023,2822224896
55024,2822502400
55025,2822779904
55026,2823057408
55027,2823334912
55028,2823612416
55029,2823889920
55030,2824167424
55031,2824444928
55032,2824722432
55033,2824999936
55034,2825277440
55035,2825554944
55036,2825832448
55037,2826109952
55038,2826387456
55039,2826664960
55040,2826942464
55041,2827219968
55042,2827497472
55043,2827774976
55044,2828052480
55045,2828329984
55046,2828607488
55047,2828884992
55048,2829162496
55049,2829440000
55050,2829717504
55051,2829996032
55052,2830274560
55053,2830553088
55054,2830831616
55055,2831110144
55056,2831388672
55057,2831667200
55058,2831945728
55059,2832224256
55060,2832502784
55061,2832781312
55062,2833059840
55063,2833338368
55064,2833616896
55065,2833895424
55066,2834173952
55067,2834452480
55068,2834731008
55069,2835009536
55070,2835288064
55071,2835566592
55072,2835845120
55073,2836123648
55074,2836403200
55075,2836682752
55076,2836962304
55077,2837241856
55078,2837521408
55079,2837800960
55080,2838080512
55081,2838360064
55082,2838639616
55083,2838919168
55084,2839198720
55085,2839478272
55086,2839757824
55087,2840037376
55088,2840316928
55089,2840596480
55090,2840876032
55091,2841155584
55092,2841435136
55093,2841714688
55094,2841994240
55095,2842273792
55096,2842553344
55097,2842832896
55098,2843112448
55099,2843392000
55100,2843671552
55101,2843951104
55102,2844231680
55103,2844512256
55104,2844792832
55105,2845073408
55106,2845353984
55107,2845634560
55108,2845915136
55109,2846195712
55110,2846476288
55111,2846756864
55112,2847037440
55113,2847318016
55114,2847598592
55115,2847879168
55116,2848159744
55117,2848440320
55118,2848720896
55119,2849001472
55120,2849282048
55121,2849562624
55122,2849843200
55123,2850123776
55124,2850404352
55125,2850684928
55126,2850965504
55127,2851246080
55128,2851527680
55129,2851809280
55130,2852090880
55131,2852372480
55132,2852654080
55133,2852935680
55134,2853217280
55135,2853498880
55136,2853780480
55137,2854062080
55138,2854343680
55139,2854625280
55140,2854906880
55141,2855188480
55142,2855470080
55143,2855751680
55144,2856033280
55145,2856314880
55146,2856596480
55147,2856878080
55148,2857159680
55149,2857441280
55150,2857722880
55151,2858004480
55152,2858286080
55153,2858567680
55154,2858849280
55155,2859130880
55156,2859412480
55157,2859694080
55158,2859975680
55159,2860258304
55160,2860540928
55161,2860823552
55162,2861106176
55163,2861388800
55164,2861671424
55165,2861954048
55166,2862236672
55167,2862519296
55168,2862801920
55169,2863084544
55170,2863367168
55171,2863649792
55172,2863932416
55173,2864215040
55174,2864497664
55175,2864780288
55176,2865062912
55177,2865345536
55178,2865628160
55179,2865910784
55180,2866193408
55181,2866476032
55182,2866758656
55183,2867042304
55184,2867325952
55185,2867609600
55186,2867893248
55187,2868176896
55188,2868460544
55189,2868744192
55190,2869027840
55191,2869311488
55192,2869595136
55193,2869878784
55194,2870162432
55195,2870446080
55196,2870729728
55197,2871013376
55198,2871297024
55199,2871580672
55200,2871864320
55201,2872147968
55202,2872431616
55203,2872715264
55204,2872998912
55205,2873282560
55206,2873566208
55207,2873849856
55208,2874133504
55209,2874417152
55210,2874700800
55211,2874984448
55212,2875268096
55213,2875551744
55214,2875836416
55215,2876121088
55216,2876405760
55217,2876690432
55218,2876975104
55219,2877259776
55220,2877544448
55221,2877829120
55222,2878113792
55223,2878398464
55224,2878683136
55225,2878967808
55226,2879252480
55227,2879537152
55228,2879821824
55229,2880106496
55230,2880391168
55231,2880675840
55232,2880960512
55233,2881245184
55234,2881529856
55235,2881814528
55236,2882099200
55237,2882383872
55238,2882668544
55239,2882953216
55240,2883237888
55241,2883522560
55242,2883807232
55243,2884091904
55244,2884376576
55245,2884661248
55246,2884945920
55247,2885230592
55248,2885515264
55249,2885799936
55250,2886084608
55251,2886369280
55252,2886654976
55253,2886940672
55254,2887226368
55255,2887512064
55256,2887797760
55257,2888083456
55258,2888369152
55259,2888654848
55260,2888940544
55261,2889226240
55262,2889511936
55263,2889797632
55264,2890083328
55265,2890369024
55266,2890654720
55267,2890940416
55268,2891226112
55269,2891511808
55270,2891797504
55271,2892083200
55272,2892368896
55273,2892654592
55274,2892940288
55275,2893225984
55276,2893511680
55277,2893797376
55278,2894083072
55279,2894368768
55280,2894654464
55281,2894940160
55282,2895225856
55283,2895511552
55284,2895797248
55285,2896082944
55286,2896368640
55287,2896655360
55288,2896942080
55289,2897228800
55290,2897515520
55291,2897802240
55292,2898088960
55293,2898375680
55294,2898662400
55295,2898949120
55296,2899235840
55297,2899522560
55298,2899809280
55299,2900096000
55300,2900382720
55301,2900669440
55302,2900956160
55303,2901242880
55304,2901529600
55305,2901816320
55306,2902103040
55307,2902389760
55308,2902676480
55309,2902963200
55310,2903249920
55311,2903536640
55312,2903823360
55313,2904110080
55314,2904396800
55315,2904683520
55316,2904970240
55317,2905256960
55318,2905543680
55319,2905830400
55320,2906117120
55321,2906403840
55322,2906691584
55323,2906979328
55324,2907267072
55325,2907554816
55326,2907842560
55327,2908130304
55328,2908418048
55329,2908705792
55330,2908993536
55331,2909281280
55332,2909569024
55333,2909856768
55334,2910144512
55335,2910432256
55336,2910720000
55337,2911007744
55338,2911295488
55339,2911583232
55340,2911870976
55341,2912158720
55342,2912446464
55343,2912734208
55344,2913021952
55345,2913309696
55346,2913597440
55347,2913885184
55348,2914172928
55349,2914460672
55350,2914748416
55351,2915036160
55352,2915323904
55353,2915611648
55354,2915899392
55355,2916187136
55356,2916474880
55357,2916763648
55358,2917052416
55359,2917341184
55360,2917629952
55361,2917918720
55362,2918207488
55363,2918496256
55364,2918785024
55365,2919073792
55366,2919362560
55367,2919651328
55368,2919940096
55369,2920228864
55370,2920517632
55371,2920806400
55372,2921095168
55373,2921383936
55374,2921672704
55375,2921961472
55376,2922250240
55377,2922539008
55378,2922827776
55379,2923116544
55380,2923405312
55381,2923694080
55382,2923982848
55383,2924271616
55384,2924560384
55385,2924849152
55386,2925137920
55387,2925426688
55388,2925715456
55389,2926004224
55390,2926292992
55391,2926581760
55392,2926870528
55393,2927159296
55394,2927448064
55395,2927736832
55396,2928025600
55397,2928314368
55398,2928603136
55399,2928891904
55400,2929180672
55401,2929469440
55402,2929758208
55403,2930048000
55404,2930337792
55405,2930627584
55406,2930917376
55407,2931207168
55408,2931496960
55409,2931786752
55410,2932076544
55411,2932366336
55412,2932656128
55413,2932945920
55414,2933235712
55415,2933525504
55416,2933815296
55417,2934105088
55418,2934394880
55419,2934684672
55420,2934974464
55421,2935264256
55422,2935554048
55423,2935843840
55424,2936133632
55425,2936423424
55426,2936713216
55427,2937003008
55428,2937292800
55429,2937582592
55430,2937872384
55431,2938162176
55432,2938451968
55433,2938741760
55434,2939031552
55435,2939321344
55436,2939612160
55437,2939902976
55438,2940193792
55439,2940484608
55440,2940775424
55441,2941066240
55442,2941357056
55443,2941647872
55444,2941938688
55445,2942229504
55446,2942520320
55447,2942811136
55448,2943101952
55449,2943392768
55450,2943683584
55451,2943974400
55452,2944265216
55453,2944556032
55454,2944846848
55455,2945137664
55456,2945428480
55457,2945719296
55458,2946010112
55459,2946300928
55460,2946591744
55461,2946882560
55462,2947174400
55463,2947466240
55464,2947758080
55465,2948049920
55466,2948341760
55467,2948633600
55468,2948925440
55469,2949217280
55470,2949509120
55471,2949800960
55472,2950092800
55473,2950384640
55474,2950676480
55475,2950968320
55476,2951260160
55477,2951552000
55478,2951843840
55479,2952135680
55480,2952427520
55481,2952719360
55482,2953011200
55483,2953303040
55484,2953594880
55485,2953886720
55486,2954178560
55487,2954470400
55488,2954762240
55489,2955054080
55490,2955345920
55491,2955637760
55492,2955929600
55493,2956221440
55494,2956513280
55495,2956805120
55496,2957096960
55497,2957388800
55498,2957680640
55499,2957972480
55500,2958264320
55501,2958556160
55502,2958848000
55503,2959139840
55504,2959431680
55505,2959724544
55506,2960017408
55507,2960310272
55508,2960603136
55509,2960896000
55510,2961188864
55511,2961481728
55512,2961774592
55513,2962067456
55514,2962360320
55515,2962653184
55516,2962946048
55517,2963238912
55518,2963531776
55519,2963824640
55520,2964117504
55521,2964410368
55522,2964703232
55523,2964996096
55524,2965288960
55525,2965581824
55526,2965874688
55527,2966167552
55528,2966460416
55529,2966753280
55530,2967046144
55531,2967339008
55532,2967631872
55533,2967924736
55534,2968217600
55535,2968510464
55536,2968803328
55537,2969096192
55538,2969389056
55539,2969681920
55540,2969974784
55541,2970268672
55542,2970562560
55543,2970856448
55544,2971150336
55545,2971444224
55546,2971738112
55547,2972032000
55548,2972325888
55549,2972619776
55550,2972913664
55551,2973207552
55552,2973501440
55553,2973795328
55554,2974089216
55555,2974383104
55556,2974676992
55557,2974970880
55558,2975264768
55559,2975558656
55560,2975852544
55561,2976146432
55562,2976440320
55563,2976734208
55564,2977028096
55565,2977321984
55566,2977615872
55567,2977909760
55568,2978203648
55569,2978497536
55570,2978792448
55571,2979087360
55572,2979382272
55573,2979677184
55574,2979972096
55575,2980267008
55576,2980561920
55577,2980856832
55578,2981151744
55579,2981446656
55580,2981741568
55581,2982036480
55582,2982331392
55583,2982626304
55584,2982921216
55585,2983216128
55586,2983511040
55587,2983805952
55588,2984100864
55589,2984395776
55590,2984690688
55591,2984985600
55592,2985280512
55593,2985575424
55594,2985870336
55595,2986165248
55596,2986460160
55597,2986755072
55598,2987049984
55599,2987344896
55600,2987639808
55601,2987934720
55602,2988229632
55603,2988525568
55604,2988821504
55605,2989117440
55606,2989413376
55607,2989709312
55608,2990005248
55609,2990301184
55610,2990597120
55611,2990893056
55612,2991188992
55613,2991484928
55614,2991780864
55615,2992076800
55616,2992372736
55617,2992668672
55618,2992964608
55619,2993260544
55620,2993556480
55621,2993852416
55622,2994148352
55623,2994444288
55624,2994740224
55625,2995036160
55626,2995332096
55627,2995628032
55628,2995923968
55629,2996219904
55630,2996515840
55631,2996811776
55632,2997107712
55633,2997403648
55634,2997699584
55635,2997995520
55636,2998291456
55637,2998588416
55638,2998885376
55639,2999182336
55640,2999479296
55641,2999776256
55642,3000073216
55643,3000370176
55644,3000667136
55645,3000964096
55646,3001261056
55647,3001558016
55648,3001854976
55649,3002151936
55650,3002448896
55651,3002745856
55652,3003042816
55653,3003339776
55654,3003636736
55655,3003933696
55656,3004230656
55657,3004527616
55658,3004824576
55659,3005121536
55660,3005418496
55661,3005715456
55662,3006012416
55663,3006309376
55664,3006606336
55665,3006903296
55666,3007200256
55667,3007497216
55668,3007794176
55669,3008091136
55670,3008388096
55671,3008685056
55672,3008982016
55673,3009278976
55674,3009576960
55675,3009874944
55676,3010172928
55677,3010470912
55678,3010768896
55679,3011066880
55680,3011364864
55681,3011662848
55682,3011960832
55683,3012258816
55684,3012556800
55685,3012854784
55686,3013152768
55687,3013450752
55688,3013748736
55689,3014046720
55690,3014344704
55691,3014642688
55692,3014940672
55693,3015238656
55694,3015536640
55695,3015834624
55696,3016132608
55697,3016430592
55698,3016728576
55699,3017026560
55700,3017324544
55701,3017622528
55702,3017920512
55703,3018218496
55704,3018516480
55705,3018814464
55706,3019112448
55707,3019410432
55708,3019708416
55709,3020006400
55710,3020305408
55711,3020604416
55712,3020903424
55713,3021202432
55714,3021501440
55715,3021800448
55716,3022099456
55717,3022398464
55718,3022697472
55719,3022996480
55720,3023295488
55721,3023594496
55722,3023893504
55723,3024192512
55724,3024491520
55725,3024790528
55726,3025089536
55727,3025388544
55728,3025687552
55729,3025986560
55730,3026285568
55731,3026584576
55732,3026883584
55733,3027182592
55734,3027481600
55735,3027780608
55736,3028079616
55737,3028378624
55738,3028677632
55739,3028976640
55740,3029275648
55741,3029574656
55742,3029873664
55743,3030172672
55744,3030471680
55745,3030770688
55746,3031069696
55747,3031369728
55748,3031669760
55749,3031969792
55750,3032269824
55751,3032569856
55752,3032869888
55753,3033169920
55754,3033469952
55755,3033769984
55756,3034070016
55757,3034370048
55758,3034670080
55759,3034970112
55760,3035270144
55761,3035570176
55762,3035870208
55763,3036170240
55764,3036470272
55765,3036770304
55766,3037070336
55767,3037370368
55768,3037670400
55769,3037970432
55770,3038270464
55771,3038571520
55772,3038872576
55773,3039173632
55774,3039474688
55775,3039775744
55776,3040076800
55777,3040377856
55778,3040678912
55779,3040979968
55780,3041281024
55781,3041582080
55782,3041883136
55783,3042184192
55784,3042485248
55785,3042786304
55786,3043087360
55787,3043388416
55788,3043689472
55789,3043990528
55790,3044291584
55791,3044592640
55792,3044893696
55793,3045194752
55794,3045495808
55795,3045797888
55796,3046099968
55797,3046402048
55798,3046704128
55799,3047006208
55800,3047308288
55801,3047610368
55802,3047912448
55803,3048214528
55804,3048516608
55805,3048818688
55806,3049120768
55807,3049422848
55808,3049724928
55809,3050027008
55810,3050329088
55811,3050631168
55812,3050933248
55813,3051235328
55814,3051537408
55815,3051839488
55816,3052141568
55817,3052443648
55818,3052745728
55819,3053047808
55820,3053349888
55821,3053651968
55822,3053954048
55823,3054256128
55824,3054558208
55825,3054861312
55826,3055164416
55827,3055467520
55828,3055770624
55829,3056073728
55830,3056376832
55831,3056679936
55832,3056983040
55833,3057286144
55834,3057589248
55835,3057892352
55836,3058195456
55837,3058498560
55838,3058801664
55839,3059104768
55840,3059407872
55841,3059710976
55842,3060014080
55843,3060317184
55844,3060620288
55845,3060923392
55846,3061226496
55847,3061529600
55848,3061832704
55849,3062135808
55850,3062438912
55851,3062742016
55852,3063045120
55853,3063348224
55854,3063651328
55855,3063954432
55856,3064257536
55857,3064560640
55858,3064863744
55859,3065166848
55860,3065469952
55861,3065773056
55862,3066076160
55863,3066380288
55864,3066684416
55865,3066988544
55866,3067292672
55867,3067596800
55868,3067900928
55869,3068205056
55870,3068509184
55871,3068813312
55872,3069117440
55873,3069421568
55874,3069725696
55875,3070029824
55876,3070333952
55877,3070638080
55878,3070942208
55879,3071246336
55880,3071550464
55881,3071854592
55882,3072158720
55883,3072462848
55884,3072766976
55885,3073071104
55886,3073375232
55887,3073679360
55888,3073983488
55889,3074287616
55890,3074591744
55891,3074895872
55892,3075201024
55893,3075506176
55894,3075811328
55895,3076116480
55896,3076421632
55897,3076726784
55898,3077031936
55899,3077337088
55900,3077642240
55901,3077947392
55902,3078252544
55903,3078557696
55904,3078862848
55905,3079168000
55906,3079473152
55907,3079778304
55908,3080083456
55909,3080388608
55910,3080693760
55911,3080998912
55912,3081304064
55913,3081609216
55914,3081914368
55915,3082219520
55916,3082524672
55917,3082829824
55918,3083134976
55919,3083440128
55920,3083745280
55921,3084050432
55922,3084355584
55923,3084660736
55924,3084965888
55925,3085271040
55926,3085576192
55927,3085881344
55928,3086187520
55929,3086493696
55930,3086799872
55931,3087106048
55932,3087412224
55933,3087718400
55934,3088024576
55935,3088330752
55936,3088636928
55937,3088943104
55938,3089249280
55939,3089555456
55940,3089861632
55941,3090167808
55942,3090473984
55943,3090780160
55944,3091086336
55945,3091392512
55946,3091698688
55947,3092004864
55948,3092311040
55949,3092617216
55950,3092923392
55951,3093229568
55952,3093535744
55953,3093841920
55954,3094148096
55955,3094454272
55956,3094760448
55957,3095066624
55958,3095372800
55959,3095678976
55960,3095985152
55961,3096291328
55962,3096597504
55963,3096903680
55964,3097209856
55965,3097516032
55966,3097822208
55967,3098128384
55968,3098434560
55969,3098740736
55970,3099047936
55971,3099355136
55972,3099662336
55973,3099969536
55974,3100276736
55975,3100583936
55976,3100891136
55977,3101198336
55978,3101505536
55979,3101812736
55980,3102119936
55981,3102427136
55982,3102734336
55983,3103041536
55984,3103348736
55985,3103655936
55986,3103963136
55987,3104270336
55988,3104577536
55989,3104884736
55990,3105192960
55991,3105501184
55992,3105809408
55993,3106117632
55994,3106425856
55995,3106734080
55996,3107042304
55997,3107350528
55998,3107658752
55999,3107966976
56000,3108275200
56001,3108583424
56002,3108891648
56003,3109199872
56004,3109508096
56005,3109816320
56006,3110124544
56007,3110432768
56008,3110740992
56009,3111049216
56010,3111357440
56011,3111665664
56012,3111973888
56013,3112282112
56014,3112590336
56015,3112898560
56016,3113206784
56017,3113515008
56018,3113823232
56019,3114131456
56020,3114439680
56021,3114747904
56022,3115056128
56023,3115364352
56024,3115672576
56025,3115980800
56026,3116289024
56027,3116597248
56028,3116905472
56029,3117214720
56030,3117523968
56031,3117833216
56032,3118142464
56033,3118451712
56034,3118760960
56035,3119070208
56036,3119379456
56037,3119688704
56038,3119997952
56039,3120307200
56040,3120616448
56041,3120925696
56042,3121234944
56043,3121544192
56044,3121853440
56045,3122162688
56046,3122471936
56047,3122781184
56048,3123090432
56049,3123399680
56050,3123708928
56051,3124018176
56052,3124327424
56053,3124636672
56054,3124945920
56055,3125255168
56056,3125564416
56057,3125873664
56058,3126182912
56059,3126492160
56060,3126802432
56061,3127112704
56062,3127422976
56063,3127733248
56064,3128043520
56065,3128353792
56066,3128664064
56067,3128974336
56068,3129284608
56069,3129594880
56070,3129905152
56071,3130215424
56072,3130525696
56073,3130835968
56074,3131146240
56075,3131456512
56076,3131766784
56077,3132077056
56078,3132387328
56079,3132697600
56080,3133007872
56081,3133318144
56082,3133628416
56083,3133938688
56084,3134248960
56085,3134559232
56086,3134870528
56087,3135181824
56088,3135493120
56089,3135804416
56090,3136115712
56091,3136427008
56092,3136738304
56093,3137049600
56094,3137360896
56095,3137672192
56096,3137983488
56097,3138294784
56098,3138606080
56099,3138917376
56100,3139228672
56101,3139539968
56102,3139851264
56103,3140162560
56104,3140473856
56105,3140785152
56106,3141096448
56107,3141407744
56108,3141719040
56109,3142030336
56110,3142341632
56111,3142652928
56112,3142964224
56113,3143276544
56114,3143588864
56115,3143901184
56116,3144213504
56117,3144525824
56118,3144838144
56119,3145150464
56120,3145462784
56121,3145775104
56122,3146087424
56123,3146399744
56124,3146712064
56125,3147024384
56126,3147336704
56127,3147649024
56128,3147961344
56129,3148273664
56130,3148585984
56131,3148898304
56132,3149210624
56133,3149522944
56134,3149835264
56135,3150147584
56136,3150459904
56137,3150772224
56138,3151084544
56139,3151396864
56140,3151710208
56141,3152023552
56142,3152336896
56143,3152650240
56144,3152963584
56145,3153276928
56146,3153590272
56147,3153903616
56148,3154216960
56149,3154530304
56150,3154843648
56151,3155156992
56152,3155470336
56153,3155783680
56154,3156097024
56155,3156410368
56156,3156723712
56157,3157037056
56158,3157350400
56159,3157663744
56160,3157977088
56161,3158290432
56162,3158603776
56163,3158917120
56164,3159230464
56165,3159543808
56166,3159857152
56167,3160170496
56168,3160483840
56169,3160798208
56170,3161112576
56171,3161426944
56172,3161741312
56173,3162055680
56174,3162370048
56175,3162684416
56176,3162998784
56177,3163313152
56178,3163627520
56179,3163941888
56180,3164256256
56181,3164570624
56182,3164884992
56183,3165199360
56184,3165513728
56185,3165828096
56186,3166142464
56187,3166456832
56188,3166771200
56189,3167085568
56190,3167399936
56191,3167714304
56192,3168028672
56193,3168343040
56194,3168657408
56195,3168971776
56196,3169286144
56197,3169601536
56198,3169916928
56199,3170232320
56200,3170547712
56201,3170863104
56202,3171178496
56203,3171493888
56204,3171809280
56205,3172124672
56206,3172440064
56207,3172755456
56208,3173070848
56209,3173386240
56210,3173701632
56211,3174017024
56212,3174332416
56213,3174647808
56214,3174963200
56215,3175278592
56216,3175593984
56217,3175909376
56218,3176224768
56219,3176541184
56220,3176857600
56221,3177174016
56222,3177490432
56223,3177806848
56224,3178123264
56225,3178439680
56226,3178756096
56227,3179072512
56228,3179388928
56229,3179705344
56230,3180021760
56231,3180338176
56232,3180654592
56233,3180971008
56234,3181287424
56235,3181603840
56236,3181920256
56237,3182236672
56238,3182553088
56239,3182869504
56240,3183185920
56241,3183502336
56242,3183818752
56243,3184135168
56244,3184451584
56245,3184768000
56246,3185084416
56247,3185401856
56248,3185719296
56249,3186036736
56250,3186354176
56251,3186671616
56252,3186989056
56253,3187306496
56254,3187623936
56255,3187941376
56256,3188258816
56257,3188576256
56258,3188893696
56259,3189211136
56260,3189528576
56261,3189846016
56262,3190163456
56263,3190480896
56264,3190798336
56265,3191115776
56266,3191433216
56267,3191750656
56268,3192068096
56269,3192385536
56270,3192702976
56271,3193020416
56272,3193337856
56273,3193655296
56274,3193972736
56275,3194290176
56276,3194607616
56277,3194925056
56278,3195242496
56279,3195559936
56280,3195877376
56281,3196194816
56282,3196512256
56283,3196829696
56284,3197147136
56285,3197464576
56286,3197783040
56287,3198101504
56288,3198419968
56289,3198738432
56290,3199056896
56291,3199375360
56292,3199693824
56293,3200012288
56294,3200330752
56295,3200649216
56296,3200967680
56297,3201286144
56298,3201604608
56299,3201923072
56300,3202241536
56301,3202560000
56302,3202878464
56303,3203196928
56304,3203515392
56305,3203833856
56306,3204152320
56307,3204470784
56308,3204789248
56309,3205107712
56310,3205426176
56311,3205744640
56312,3206063104
56313,3206381568
56314,3206700032
56315,3207018496
56316,3207336960
56317,3207655424
56318,3207973888
56319,3208292352
56320,3208610816
56321,3208930304
56322,3209249792
56323,3209569280
56324,3209888768
56325,3210208256
56326,3210527744
56327,3210847232
56328,3211166720
56329,3211486208
56330,3211805696
56331,3212125184
56332,3212444672
56333,3212764160
56334,3213083648
56335,3213403136
56336,3213722624
56337,3214042112
56338,3214361600
56339,3214681088
56340,3215000576
56341,3215320064
56342,3215639552
56343,3215959040
56344,3216278528
56345,3216598016
56346,3216917504
56347,3217236992
56348,3217556480
56349,3217875968
56350,3218195456
56351,3218514944
56352,3218834432
56353,3219153920
56354,3219473408
56355,3219792896
56356,3220112384
56357,3220431872
56358,3220751360
56359,3221071872
56360,3221392384
56361,3221712896
56362,3222033408
56363,3222353920
56364,3222674432
56365,3222994944
56366,3223315456
56367,3223635968
56368,3223956480
56369,3224276992
56370,3224597504
56371,3224918016
56372,3225238528
56373,3225559040
56374,3225879552
56375,3226200064
56376,3226520576
56377,3226841088
56378,3227161600
56379,3227482112
56380,3227802624
56381,3228123136
56382,3228443648
56383,3228764160
56384,3229084672
56385,3229405184
56386,3229726720
56387,3230048256
56388,3230369792
56389,3230691328
56390,3231012864
56391,3231334400
56392,3231655936
56393,3231977472
56394,3232299008
56395,3232620544
56396,3232942080
56397,3233263616
56398,3233585152
56399,3233906688
56400,3234228224
56401,3234549760
56402,3234871296
56403,3235192832
56404,3235514368
56405,3235835904
56406,3236157440
56407,3236478976
56408,3236800512
56409,3237122048
56410,3237443584
56411,3237765120
56412,3238086656
56413,3238408192
56414,3238729728
56415,3239051264
56416,3239372800
56417,3239694336
56418,3240015872
56419,3240337408
56420,3240659968
56421,3240982528
56422,3241305088
56423,3241627648
56424,3241950208
56425,3242272768
56426,3242595328
56427,3242917888
56428,3243240448
56429,3243563008
56430,3243885568
56431,3244208128
56432,3244530688
56433,3244853248
56434,3245175808
56435,3245498368
56436,3245820928
56437,3246143488
56438,3246466048
56439,3246788608
56440,3247111168
56441,3247433728
56442,3247756288
56443,3248078848
56444,3248402432
56445,3248726016
56446,3249049600
56447,3249373184
56448,3249696768
56449,3250020352
56450,3250343936
56451,3250667520
56452,3250991104
56453,3251314688
56454,3251638272
56455,3251961856
56456,3252285440
56457,3252609024
56458,3252932608
56459,3253256192
56460,3253579776
56461,3253903360
56462,3254226944
56463,3254550528
56464,3254874112
56465,3255197696
56466,3255521280
56467,3255844864
56468,3256168448
56469,3256492032
56470,3256815616
56471,3257139200
56472,3257462784
56473,3257786368
56474,3258109952
56475,3258434560
56476,3258759168
56477,3259083776
56478,3259408384
56479,3259732992
56480,3260057600
56481,3260382208
56482,3260706816
56483,3261031424
56484,3261356032
56485,3261680640
56486,3262005248
56487,3262329856
56488,3262654464
56489,3262979072
56490,3263303680
56491,3263628288
56492,3263952896
56493,3264277504
56494,3264602112
56495,3264927744
56496,3265253376
56497,3265579008
56498,3265904640
56499,3266230272
56500,3266555904
56501,3266881536
56502,3267207168
56503,3267532800
56504,3267858432
56505,3268184064
56506,3268509696
56507,3268835328
56508,3269160960
56509,3269486592
56510,3269812224
56511,3270137856
56512,3270463488
56513,3270789120
56514,3271114752
56515,3271440384
56516,3271766016
56517,3272091648
56518,3272417280
56519,3272742912
56520,3273068544
56521,3273394176
56522,3273719808
56523,3274045440
56524,3274372096
56525,3274698752
56526,3275025408
56527,3275352064
56528,3275678720
56529,3276005376
56530,3276332032
56531,3276658688
56532,3276985344
56533,3277312000
56534,3277638656
56535,3277965312
56536,3278291968
56537,3278618624
56538,3278945280
56539,3279271936
56540,3279598592
56541,3279925248
56542,3280251904
56543,3280578560
56544,3280905216
56545,3281231872
56546,3281558528
56547,3281885184
56548,3282211840
56549,3282538496
56550,3282865152
56551,3283191808
56552,3283518464
56553,3283846144
56554,3284173824
56555,3284501504
56556,3284829184
56557,3285156864
56558,3285484544
56559,3285812224
56560,3286139904
56561,3286467584
56562,3286795264
56563,3287122944
56564,3287450624
56565,3287778304
56566,3288105984
56567,3288433664
56568,3288761344
56569,3289089024
56570,3289416704
56571,3289744384
56572,3290072064
56573,3290399744
56574,3290727424
56575,3291055104
56576,3291382784
56577,3291711488
56578,3292040192
56579,3292368896
56580,3292697600
56581,3293026304
56582,3293355008
56583,3293683712
56584,3294012416
56585,3294341120
56586,3294669824
56587,3294998528
56588,3295327232
56589,3295655936
56590,3295984640
56591,3296313344
56592,3296642048
56593,3296970752
56594,3297299456
56595,3297628160
56596,3297956864
56597,3298285568
56598,3298614272
56599,3298944000
56600,3299273728
56601,3299603456
56602,3299933184
56603,3300262912
56604,3300592640
56605,3300922368
56606,3301252096
56607,3301581824
56608,3301911552
56609,3302241280
56610,3302571008
56611,3302900736
56612,3303230464
56613,3303560192
56614,3303889920
56615,3304219648
56616,3304549376
56617,3304879104
56618,3305208832
56619,3305538560
56620,3305868288
56621,3306198016
56622,3306527744
56623,3306857472
56624,3307187200
56625,3307516928
56626,3307847680
56627,3308178432
56628,3308509184
56629,3308839936
56630,3309170688
56631,3309501440
56632,3309832192
56633,3310162944
56634,3310493696
56635,3310824448
56636,3311155200
56637,3311485952
56638,3311816704
56639,3312147456
56640,3312478208
56641,3312808960
56642,3313139712
56643,3313470464
56644,3313801216
56645,3314131968
56646,3314462720
56647,3314793472
56648,3315124224
56649,3315454976
56650,3315785728
56651,3316116480
56652,3316448256
56653,3316780032
56654,3317111808
56655,3317443584
56656,3317775360
56657,3318107136
56658,3318438912
56659,3318770688
56660,3319102464
56661,3319434240
56662,3319766016
56663,3320097792
56664,3320429568
56665,3320761344
56666,3321093120
56667,3321424896
56668,3321756672
56669,3322088448
56670,3322420224
56671,3322752000
56672,3323083776
56673,3323415552
56674,3323747328
56675,3324079104
56676,3324410880
56677,3324743680
56678,3325076480
56679,3325409280
56680,3325742080
56681,3326074880
56682,3326407680
56683,3326740480
56684,3327073280
56685,3327406080
56686,3327738880
56687,3328071680
56688,3328404480
56689,3328737280
56690,3329070080
56691,3329402880
56692,3329735680
56693,3330068480
56694,3330401280
56695,3330734080
56696,3331066880
56697,3331399680
56698,3331732480
56699,3332066304
56700,3332400128
56701,3332733952
56702,3333067776
56703,3333401600
56704,3333735424
56705,3334069248
56706,3334403072
56707,3334736896
56708,3335070720
56709,3335404544
56710,3335738368
56711,3336072192
56712,3336406016
56713,3336739840
56714,3337073664
56715,3337407488
56716,3337741312
56717,3338075136
56718,3338408960
56719,3338742784
56720,3339076608
56721,3339410432
56722,3339744256
56723,3340078080
56724,3340411904
56725,3340746752
56726,3341081600
56727,3341416448
56728,3341751296
56729,3342086144
56730,3342420992
56731,3342755840
56732,3343090688
56733,3343425536
56734,3343760384
56735,3344095232
56736,3344430080
56737,3344764928
56738,3345099776
56739,3345434624
56740,3345769472
56741,3346104320
56742,3346439168
56743,3346774016
56744,3347108864
56745,3347443712
56746,3347779584
56747,3348115456
56748,3348451328
56749,3348787200
56750,3349123072
56751,3349458944
56752,3349794816
56753,3350130688
56754,3350466560
56755,3350802432
56756,3351138304
56757,3351474176
56758,3351810048
56759,3352145920
56760,3352481792
56761,3352817664
56762,3353153536
56763,3353489408
56764,3353825280
56765,3354161152
56766,3354497024
56767,3354832896
56768,3355169792
56769,3355506688
56770,3355843584
56771,3356180480
56772,3356517376
56773,3356854272
56774,3357191168
56775,3357528064
56776,3357864960
56777,3358201856
56778,3358538752
56779,3358875648
56780,3359212544
56781,3359549440
56782,3359886336
56783,3360223232
56784,3360560128
56785,3360897024
56786,3361233920
56787,3361570816
56788,3361907712
56789,3362244608
56790,3362581504
56791,3362918400
56792,3363255296
56793,3363592192
56794,3363929088
56795,3364265984
56796,3364602880
56797,3364939776
56798,3365277696
56799,3365615616
56800,3365953536
56801,3366291456
56802,3366629376
56803,3366967296
56804,3367305216
56805,3367643136
56806,3367981056
56807,3368318976
56808,3368656896
56809,3368994816
56810,3369332736
56811,3369670656
56812,3370008576
56813,3370346496
56814,3370684416
56815,3371022336
56816,3371360256
56817,3371698176
56818,3372036096
56819,3372374016
56820,3372711936
56821,3373049856
56822,3373387776
56823,3373726720
56824,3374065664
56825,3374404608
56826,3374743552
56827,3375082496
56828,3375421440
56829,3375760384
56830,3376099328
56831,3376438272
56832,3376777216
56833,3377116160
56834,3377455104
56835,3377794048
56836,3378132992
56837,3378471936
56838,3378810880
56839,3379149824
56840,3379488768
56841,3379827712
56842,3380166656
56843,3380505600
56844,3380844544
56845,3381183488
56846,3381522432
56847,3381861376
56848,3382201344
56849,3382541312
56850,3382881280
56851,3383221248
56852,3383561216
56853,3383901184
56854,3384241152
56855,3384581120
56856,3384921088
56857,3385261056
56858,3385601024
56859,3385940992
56860,3386280960
56861,3386620928
56862,3386960896
56863,3387300864
56864,3387640832
56865,3387980800
56866,3388320768
56867,3388660736
56868,3389000704
56869,3389341696
56870,3389682688
56871,3390023680
56872,3390364672
56873,3390705664
56874,3391046656
56875,3391387648
56876,3391728640
56877,3392069632
56878,3392410624
56879,3392751616
56880,3393092608
56881,3393433600
56882,3393774592
56883,3394115584
56884,3394456576
56885,3394797568
56886,3395138560
56887,3395479552
56888,3395820544
56889,3396161536
56890,3396502528
56891,3396843520
56892,3397184512
56893,3397525504
56894,3397866496
56895,3398208512
56896,3398550528
56897,3398892544
56898,3399234560
56899,3399576576
56900,3399918592
56901,3400260608
56902,3400602624
56903,3400944640
56904,3401286656
56905,3401628672
56906,3401970688
56907,3402312704
56908,3402654720
56909,3402996736
56910,3403338752
56911,3403680768
56912,3404022784
56913,3404364800
56914,3404706816
56915,3405048832
56916,3405390848
56917,3405732864
56918,3406074880
56919,3406416896
56920,3406759936
56921,3407102976
56922,3407446016
56923,3407789056
56924,3408132096
56925,3408475136
56926,3408818176
56927,3409161216
56928,3409504256
56929,3409847296
56930,3410190336
56931,3410533376
56932,3410876416
56933,3411219456
56934,3411562496
56935,3411905536
56936,3412248576
56937,3412591616
56938,3412934656
56939,3413277696
56940,3413620736
56941,3413963776
56942,3414306816
56943,3414650880
56944,3414994944
56945,3415339008
56946,3415683072
56947,3416027136
56948,3416371200
56949,3416715264
56950,3417059328
56951,3417403392
56952,3417747456
56953,3418091520
56954,3418435584
56955,3418779648
56956,3419123712
56957,3419467776
56958,3419811840
56959,3420155904
56960,3420499968
56961,3420844032
56962,3421188096
56963,3421532160
56964,3421876224
56965,3422221312
56966,3422566400
56967,3422911488
56968,3423256576
56969,3423601664
56970,3423946752
56971,3424291840
56972,3424636928
56973,3424982016
56974,3425327104
56975,3425672192
56976,3426017280
56977,3426362368
56978,3426707456
56979,3427052544
56980,3427397632
56981,3427742720
56982,3428087808
56983,3428432896
56984,3428777984
56985,3429123072
56986,3429468160
56987,3429813248
56988,3430158336
56989,3430504448
56990,3430850560
56991,3431196672
56992,3431542784
56993,3431888896
56994,3432235008
56995,3432581120
56996,3432927232
56997,3433273344
56998,3433619456
56999,3433965568
57000,3434311680
57001,3434657792
57002,3435003904
57003,3435350016
57004,3435696128
57005,3436042240
57006,3436388352
57007,3436734464
57008,3437080576
57009,3437426688
57010,3437772800
57011,3438119936
57012,3438467072
57013,3438814208
57014,3439161344
57015,3439508480
57016,3439855616
57017,3440202752
57018,3440549888
57019,3440897024
57020,3441244160
57021,3441591296
57022,3441938432
57023,3442285568
57024,3442632704
57025,3442979840
57026,3443326976
57027,3443674112
57028,3444021248
57029,3444368384
57030,3444715520
57031,3445062656
57032,3445409792
57033,3445756928
57034,3446104064
57035,3446451200
57036,3446798336
57037,3447145472
57038,3447492608
57039,3447839744
57040,3448187904
57041,3448536064
57042,3448884224
57043,3449232384
57044,3449580544
57045,3449928704
57046,3450276864
57047,3450625024
57048,3450973184
57049,3451321344
57050,3451669504
57051,3452017664
57052,3452365824
57053,3452713984
57054,3453062144
57055,3453410304
57056,3453758464
57057,3454106624
57058,3454454784
57059,3454802944
57060,3455151104
57061,3455499264
57062,3455847424
57063,3456195584
57064,3456543744
57065,3456891904
57066,3457240064
57067,3457588224
57068,3457936384
57069,3458284544
57070,3458632704
57071,3458981888
57072,3459331072
57073,3459680256
57074,3460029440
57075,3460378624
57076,3460727808
57077,3461076992
57078,3461426176
57079,3461775360
57080,3462124544
57081,3462473728
57082,3462822912
57083,3463172096
57084,3463521280
57085,3463870464
57086,3464219648
57087,3464568832
57088,3464918016
57089,3465267200
57090,3465616384
57091,3465965568
57092,3466314752
57093,3466663936
57094,3467013120
57095,3467362304
57096,3467712512
57097,3468062720
57098,3468412928
57099,3468763136
57100,3469113344
57101,3469463552
57102,3469813760
57103,3470163968
57104,3470514176
57105,3470864384
57106,3471214592
57107,3471564800
57108,3471915008
57109,3472265216
57110,3472615424
57111,3472965632
57112,3473315840
57113,3473666048
57114,3474016256
57115,3474366464
57116,3474716672
57117,3475066880
57118,3475417088
57119,3475767296
57120,3476117504
57121,3476467712
57122,3476817920
57123,3477168128
57124,3477518336
57125,3477868544
57126,3478218752
57127,3478568960
57128,3478919168
57129,3479270400
57130,3479621632
57131,3479972864
57132,3480324096
57133,3480675328
57134,3481026560
57135,3481377792
57136,3481729024
57137,3482080256
57138,3482431488
57139,3482782720
57140,3483133952
57141,3483485184
57142,3483836416
57143,3484187648
57144,3484538880
57145,3484890112
57146,3485241344
57147,3485592576
57148,3485943808
57149,3486296064
57150,3486648320
57151,3487000576
57152,3487352832
57153,3487705088
57154,3488057344
57155,3488409600
57156,3488761856
57157,3489114112
57158,3489466368
57159,3489818624
57160,3490170880
57161,3490523136
57162,3490875392
57163,3491227648
57164,3491579904
57165,3491932160
57166,3492284416
57167,3492636672
57168,3492988928
57169,3493341184
57170,3493693440
57171,3494045696
57172,3494397952
57173,3494750208
57174,3495102464
57175,3495455744
57176,3495809024
57177,3496162304
57178,3496515584
57179,3496868864
57180,3497222144
57181,3497575424
57182,3497928704
57183,3498281984
57184,3498635264
57185,3498988544
57186,3499341824
57187,3499695104
57188,3500048384
57189,3500401664
57190,3500754944
57191,3501108224
57192,3501461504
57193,3501814784
57194,3502168064
57195,3502522368
57196,3502876672
57197,3503230976
57198,3503585280
57199,3503939584
57200,3504293888
57201,3504648192
57202,3505002496
57203,3505356800
57204,3505711104
57205,3506065408
57206,3506419712
57207,3506774016
57208,3507128320
57209,3507482624
57210,3507836928
57211,3508191232
57212,3508545536
57213,3508899840
57214,3509254144
57215,3509609472
57216,3509964800
57217,3510320128
57218,3510675456
57219,3511030784
57220,3511386112
57221,3511741440
57222,3512096768
57223,3512452096
57224,3512807424
57225,3513162752
57226,3513518080
57227,3513873408
57228,3514228736
57229,3514584064
57230,3514939392
57231,3515294720
57232,3515650048
57233,3516005376
57234,3516360704
57235,3516716032
57236,3517071360
57237,3517426688
57238,3517782016
57239,3518137344
57240,3518492672
57241,3518848000
57242,3519203328
57243,3519558656
57244,3519913984
57245,3520269312
57246,3520625664
57247,3520982016
57248,3521338368
57249,3521694720
57250,3522051072
57251,3522407424
57252,3522763776
57253,3523120128
57254,3523476480
57255,3523832832
57256,3524189184
57257,3524545536
57258,3524901888
57259,3525258240
57260,3525614592
57261,3525970944
57262,3526327296
57263,3526683648
57264,3527040000
57265,3527396352
57266,3527753728
57267,3528111104
57268,3528468480
57269,3528825856
57270,3529183232
57271,3529540608
57272,3529897984
57273,3530255360
57274,3530612736
57275,3530970112
57276,3531327488
57277,3531684864
57278,3532042240
57279,3532399616
57280,3532756992
57281,3533114368
57282,3533471744
57283,3533829120
57284,3534186496
57285,3534544896
57286,3534903296
57287,3535261696
57288,3535620096
57289,3535978496
57290,3536336896
57291,3536695296
57292,3537053696
57293,3537412096
57294,3537770496
57295,3538128896
57296,3538487296
57297,3538845696
57298,3539204096
57299,3539562496
57300,3539920896
57301,3540279296
57302,3540637696
57303,3540996096
57304,3541354496
57305,3541712896
57306,3542072320
57307,3542431744
57308,3542791168
57309,3543150592
57310,3543510016
57311,3543869440
57312,3544228864
57313,3544588288
57314,3544947712
57315,3545307136
57316,3545666560
57317,3546025984
57318,3546385408
57319,3546744832
57320,3547104256
57321,3547463680
57322,3547823104
57323,3548182528
57324,3548542976
57325,3548903424
57326,3549263872
57327,3549624320
57328,3549984768
57329,3550345216
57330,3550705664
57331,3551066112
57332,3551426560
57333,3551787008
57334,3552147456
57335,3552507904
57336,3552868352
57337,3553228800
57338,3553589248
57339,3553949696
57340,3554310144
57341,3554670592
57342,3555031040
57343,3555391488
57344,3555751936
57345,3556112384
57346,3556472832
57347,3556833280
57348,3557193728
57349,3557554176
57350,3557914624
57351,3558275072
57352,3558635520
57353,3558996992
57354,3559358464
57355,3559719936
57356,3560081408
57357,3560442880
57358,3560804352
57359,3561165824
57360,3561527296
57361,3561888768
57362,3562250240
57363,3562611712
57364,3562973184
57365,3563334656
57366,3563696128
57367,3564057600
57368,3564419072
57369,3564780544
57370,3565142016
57371,3565503488
57372,3565864960
57373,3566227456
57374,3566589952
57375,3566952448
57376,3567314944
57377,3567677440
57378,3568039936
57379,3568402432
57380,3568764928
57381,3569127424
57382,3569489920
57383,3569852416
57384,3570214912
57385,3570577408
57386,3570939904
57387,3571302400
57388,3571665920
57389,3572029440
57390,3572392960
57391,3572756480
57392,3573120000
57393,3573483520
57394,3573847040
57395,3574210560
57396,3574574080
57397,3574937600
57398,3575301120
57399,3575664640
57400,3576028160
57401,3576391680
57402,3576755200
57403,3577118720
57404,3577482240
57405,3577845760
57406,3578209280
57407,3578572800
57408,3578936320
57409,3579299840
57410,3579664384
57411,3580028928
57412,3580393472
57413,3580758016
57414,3581122560
57415,3581487104
57416,3581851648
57417,3582216192
57418,3582580736
57419,3582945280
57420,3583309824
57421,3583674368
57422,3584038912
57423,3584403456
57424,3584768000
57425,3585132544
57426,3585497088
57427,3585861632
57428,3586226176
57429,3586590720
57430,3586955264
57431,3587319808
57432,3587684352
57433,3588048896
57434,3588413440
57435,3588777984
57436,3589142528
57437,3589507072
57438,3589871616
57439,3590236160
57440,3590600704
57441,3590965248
57442,3591329792
57443,3591694336
57444,3592059904
57445,3592425472
57446,3592791040
57447,3593156608
57448,3593522176
57449,3593887744
57450,3594253312
57451,3594618880
57452,3594984448
57453,3595350016
57454,3595715584
57455,3596081152
57456,3596446720
57457,3596812288
57458,3597177856
57459,3597543424
57460,3597908992
57461,3598274560
57462,3598640128
57463,3599005696
57464,3599371264
57465,3599736832
57466,3600103424
57467,3600470016
57468,3600836608
57469,3601203200
57470,3601569792
57471,3601936384
57472,3602302976
57473,3602669568
57474,3603036160
57475,3603402752
57476,3603769344
57477,3604135936
57478,3604502528
57479,3604869120
57480,3605235712
57481,3605602304
57482,3605968896
57483,3606335488
57484,3606702080
57485,3607068672
57486,3607435264
57487,3607801856
57488,3608169472
57489,3608537088
57490,3608904704
57491,3609272320
57492,3609639936
57493,3610007552
57494,3610375168
57495,3610742784
57496,3611110400
57497,3611478016
57498,3611845632
57499,3612213248
57500,3612580864
57501,3612948480
57502,3613316096
57503,3613683712
57504,3614051328
57505,3614418944
57506,3614786560
57507,3615154176
57508,3615521792
57509,3615889408
57510,3616257024
57511,3616624640
57512,3616993280
57513,3617361920
57514,3617730560
57515,3618099200
57516,3618467840
57517,3618836480
57518,3619205120
57519,3619573760
57520,3619942400
57521,3620311040
57522,3620679680
57523,3621048320
57524,3621416960
57525,3621785600
57526,3622154240
57527,3622522880
57528,3622891520
57529,3623260160
57530,3623628800
57531,3623997440
57532,3624366080
57533,3624734720
57534,3625103360
57535,3625472000
57536,3625841664
57537,3626211328
57538,3626580992
57539,3626950656
57540,3627320320
57541,3627689984
57542,3628059648
57543,3628429312
57544,3628798976
57545,3629168640
57546,3629538304
57547,3629907968
57548,3630277632
57549,3630647296
57550,3631016960
57551,3631386624
57552,3631756288
57553,3632125952
57554,3632495616
57555,3632865280
57556,3633234944
57557,3633604608
57558,3633975296
57559,3634345984
57560,3634716672
57561,3635087360
57562,3635458048
57563,3635828736
57564,3636199424
57565,3636570112
57566,3636940800
57567,3637311488
57568,3637682176
57569,3638052864
57570,3638423552
57571,3638794240
57572,3639164928
57573,3639535616
57574,3639906304
57575,3640276992
57576,3640647680
57577,3641018368
57578,3641389056
57579,3641759744
57580,3642130432
57581,3642501120
57582,3642871808
57583,3643243520
57584,3643615232
57585,3643986944
57586,3644358656
57587,3644730368
57588,3645102080
57589,3645473792
57590,3645845504
57591,3646217216
57592,3646588928
57593,3646960640
57594,3647332352
57595,3647704064
57596,3648075776
57597,3648447488
57598,3648819200
57599,3649190912
57600,3649562624
57601,3649934336
57602,3650306048
57603,3650678784
57604,3651051520
57605,3651424256
57606,3651796992
57607,3652169728
57608,3652542464
57609,3652915200
57610,3653287936
57611,3653660672
57612,3654033408
57613,3654406144
57614,3654778880
57615,3655151616
57616,3655524352
57617,3655897088
57618,3656269824
57619,3656642560
57620,3657015296
57621,3657388032
57622,3657760768
57623,3658133504
57624,3658506240
57625,3658878976
57626,3659251712
57627,3659625472
57628,3659999232
57629,3660372992
57630,3660746752
57631,3661120512
57632,3661494272
57633,3661868032
57634,3662241792
57635,3662615552
57636,3662989312
57637,3663363072
57638,3663736832
57639,3664110592
57640,3664484352
57641,3664858112
57642,3665231872
57643,3665605632
57644,3665979392
57645,3666353152
57646,3666726912
57647,3667100672
57648,3667475456
57649,3667850240
57650,3668225024
57651,3668599808
57652,3668974592
57653,3669349376
57654,3669724160
57655,3670098944
57656,3670473728
57657,3670848512
57658,3671223296
57659,3671598080
57660,3671972864
57661,3672347648
57662,3672722432
57663,3673097216
57664,3673472000
57665,3673846784
57666,3674221568
57667,3674597376
57668,3674973184
57669,3675348992
57670,3675724800
57671,3676100608
57672,3676476416
57673,3676852224
57674,3677228032
57675,3677603840
57676,3677979648
57677,3678355456
57678,3678731264
57679,3679107072
57680,3679482880
57681,3679858688
57682,3680234496
57683,3680610304
57684,3680986112
57685,3681361920
57686,3681737728
57687,3682113536
57688,3682489344
57689,3682865152
57690,3683240960
57691,3683616768
57692,3683992576
57693,3684369408
57694,3684746240
57695,3685123072
57696,3685499904
57697,3685876736
57698,3686253568
57699,3686630400
57700,3687007232
57701,3687384064
57702,3687760896
57703,3688137728
57704,3688514560
57705,3688891392
57706,3689268224
57707,3689645056
57708,3690021888
57709,3690398720
57710,3690775552
57711,3691152384
57712,3691529216
57713,3691906048
57714,3692282880
57715,3692659712
57716,3693036544
57717,3693413376
57718,3693790208
57719,3694167040
57720,3694544896
57721,3694922752
57722,3695300608
57723,3695678464
57724,3696056320
57725,3696434176
57726,3696812032
57727,3697189888
57728,3697567744
57729,3697945600
57730,3698323456
57731,3698701312
57732,3699079168
57733,3699457024
57734,3699834880
57735,3700212736
57736,3700590592
57737,3700968448
57738,3701346304
57739,3701725184
57740,3702104064
57741,3702482944
57742,3702861824
57743,3703240704
57744,3703619584
57745,3703998464
57746,3704377344
57747,3704756224
57748,3705135104
57749,3705513984
57750,3705892864
57751,3706271744
57752,3706650624
57753,3707029504
57754,3707408384
57755,3707787264
57756,3708166144
57757,3708545024
57758,3708924928
57759,3709304832
57760,3709684736
57761,3710064640
57762,3710444544
57763,3710824448
57764,3711204352
57765,3711584256
57766,3711964160
57767,3712344064
57768,3712723968
57769,3713103872
57770,3713483776
57771,3713863680
57772,3714243584
57773,3714623488
57774,3715003392
57775,3715383296
57776,3715763200
57777,3716144128
57778,3716525056
57779,3716905984
57780,3717286912
57781,3717667840
57782,3718048768
57783,3718429696
57784,3718810624
57785,3719191552
57786,3719572480
57787,3719953408
57788,3720334336
57789,3720715264
57790,3721096192
57791,3721477120
57792,3721858048
57793,3722238976
57794,3722619904
57795,3723000832
57796,3723381760
57797,3723762688
57798,3724143616
57799,3724524544
57800,3724905472
57801,3725286400
57802,3725667328
57803,3726048256
57804,3726429184
57805,3726811136
57806,3727193088
57807,3727575040
57808,3727956992
57809,3728338944
57810,3728720896
57811,3729102848
57812,3729484800
57813,3729866752
57814,3730248704
57815,3730630656
57816,3731012608
57817,3731395584
57818,3731778560
57819,3732161536
57820,3732544512
57821,3732927488
57822,3733310464
57823,3733693440
57824,3734076416
57825,3734459392
57826,3734842368
57827,3735226368
57828,3735610368
57829,3735994368
57830,3736378368
57831,3736762368
57832,3737146368
57833,3737530368
57834,3737914368
57835,3738298368
57836,3738682368
57837,3739066368
57838,3739450368
57839,3739834368
57840,3740218368
57841,3740602368
57842,3740986368
57843,3741370368
57844,3741754368
57845,3742139392
57846,3742524416
57847,3742909440
57848,3743294464
57849,3743679488
57850,3744064512
57851,3744449536
57852,3744834560
57853,3745219584
57854,3745604608
57855,3745989632
57856,3746374656
57857,3746759680
57858,3747144704
57859,3747529728
57860,3747914752
57861,3748300800
57862,3748686848
57863,3749072896
57864,3749458944
57865,3749844992
57866,3750231040
57867,3750617088
57868,3751003136
57869,3751389184
57870,3751775232
57871,3752161280
57872,3752547328
57873,3752933376
57874,3753319424
57875,3753705472
57876,3754091520
57877,3754477568
57878,3754863616
57879,3755250688
57880,3755637760
57881,3756024832
57882,3756411904
57883,3756798976
57884,3757186048
57885,3757573120
57886,3757960192
57887,3758347264
57888,3758734336
57889,3759121408
57890,3759508480
57891,3759895552
57892,3760282624
57893,3760669696
57894,3761056768
57895,3761444864
57896,3761832960
57897,3762221056
57898,3762609152
57899,3762997248
57900,3763385344
57901,3763773440
57902,3764161536
57903,3764549632
57904,3764937728
57905,3765325824
57906,3765713920
57907,3766102016
57908,3766490112
57909,3766878208
57910,3767266304
57911,3767654400
57912,3768042496
57913,3768430592
57914,3768818688
57915,3769206784
57916,3769594880
57917,3769984000
57918,3770373120
57919,3770762240
57920,3771151360
57921,3771540480
57922,3771929600
57923,3772318720
57924,3772707840
57925,3773096960
57926,3773486080
57927,3773875200
57928,3774264320
57929,3774653440
57930,3775042560
57931,3775431680
57932,3775820800
57933,3776210944
57934,3776601088
57935,3776991232
57936,3777381376
57937,3777771520
57938,3778161664
57939,3778551808
57940,3778941952
57941,3779332096
57942,3779722240
57943,3780112384
57944,3780502528
57945,3780892672
57946,3781282816
57947,3781672960
57948,3782063104
57949,3782453248
57950,3782843392
57951,3783233536
57952,3783623680
57953,3784014848
57954,3784406016
57955,3784797184
57956,3785188352
57957,3785579520
57958,3785970688
57959,3786361856
57960,3786753024
57961,3787144192
57962,3787535360
57963,3787926528
57964,3788318720
57965,3788710912
57966,3789103104
57967,3789495296
57968,3789887488
57969,3790279680
57970,3790671872
57971,3791064064
57972,3791456256
57973,3791848448
57974,3792240640
57975,3792632832
57976,3793025024
57977,3793417216
57978,3793809408
57979,3794201600
57980,3794593792
57981,3794985984
57982,3795378176
57983,3795770368
57984,3796162560
57985,3796554752
57986,3796946944
57987,3797339136
57988,3797731328
57989,3798123520
57990,3798515712
57991,3798907904
57992,3799301120
57993,3799694336
57994,3800087552
57995,3800480768
57996,3800873984
57997,3801267200
57998,3801660416
57999,3802053632
58000,3802446848
58001,3802840064
58002,3803233280
58003,3803626496
58004,3804019712
58005,3804412928
58006,3804807168
58007,3805201408
58008,3805595648
58009,3805989888
58010,3806384128
58011,3806778368
58012,3807172608
58013,3807566848
58014,3807961088
58015,3808355328
58016,3808749568
58017,3809143808
58018,3809538048
58019,3809932288
58020,3810326528
58021,3810721792
58022,3811117056
58023,3811512320
58024,3811907584
58025,3812302848
58026,3812698112
58027,3813093376
58028,3813488640
58029,3813883904
58030,3814279168
58031,3814674432
58032,3815069696
58033,3815464960
58034,3815860224
58035,3816255488
58036,3816650752
58037,3817046016
58038,3817441280
58039,3817836544
58040,3818231808
58041,3818627072
58042,3819022336
58043,3819417600
58044,3819812864
58045,3820208128
58046,3820603392
58047,3820998656
58048,3821393920
58049,3821789184
58050,3822185472
58051,3822581760
58052,3822978048
58053,3823374336
58054,3823770624
58055,3824166912
58056,3824563200
58057,3824959488
58058,3825355776
58059,3825752064
58060,3826148352
58061,3826544640
58062,3826940928
58063,3827337216
58064,3827733504
58065,3828129792
58066,3828527104
58067,3828924416
58068,3829321728
58069,3829719040
58070,3830116352
58071,3830513664
58072,3830910976
58073,3831308288
58074,3831705600
58075,3832102912
58076,3832500224
58077,3832897536
58078,3833294848
58079,3833692160
58080,3834090496
58081,3834488832
58082,3834887168
58083,3835285504
58084,3835683840
58085,3836082176
58086,3836480512
58087,3836878848
58088,3837277184
58089,3837675520
58090,3838073856
58091,3838472192
58092,3838870528
58093,3839268864
58094,3839667200
58095,3840065536
58096,3840464896
58097,3840864256
58098,3841263616
58099,3841662976
58100,3842062336
58101,3842461696
58102,3842861056
58103,3843260416
58104,3843659776
58105,3844059136
58106,3844458496
58107,3844857856
58108,3845257216
58109,3845656576
58110,3846055936
58111,3846455296
58112,3846854656
58113,3847254016
58114,3847653376
58115,3848052736
58116,3848452096
58117,3848851456
58118,3849250816
58119,3849650176
58120,3850049536
58121,3850448896
58122,3850848256
58123,3851248640
58124,3851649024
58125,3852049408
58126,3852449792
58127,3852850176
58128,3853250560
58129,3853650944
58130,3854051328
58131,3854451712
58132,3854852096
58133,3855252480
58134,3855652864
58135,3856053248
58136,3856453632
58137,3856855040
58138,3857256448
58139,3857657856
58140,3858059264
58141,3858460672
58142,3858862080
58143,3859263488
58144,3859664896
58145,3860066304
58146,3860467712
58147,3860869120
58148,3861270528
58149,3861671936
58150,3862073344
58151,3862474752
58152,3862876160
58153,3863277568
58154,3863678976
58155,3864080384
58156,3864481792
58157,3864883200
58158,3865284608
58159,3865686016
58160,3866087424
58161,3866488832
58162,3866891264
58163,3867293696
58164,3867696128
58165,3868098560
58166,3868500992
58167,3868903424
58168,3869305856
58169,3869708288
58170,3870110720
58171,3870513152
58172,3870915584
58173,3871318016
58174,3871720448
58175,3872122880
58176,3872525312
58177,3872927744
58178,3873330176
58179,3873732608
58180,3874135040
58181,3874537472
58182,3874939904
58183,3875342336
58184,3875744768
58185,3876148224
58186,3876551680
58187,3876955136
58188,3877358592
58189,3877762048
58190,3878165504
58191,3878568960
58192,3878972416
58193,3879375872
58194,3879779328
58195,3880182784
58196,3880586240
58197,3880989696
58198,3881393152
58199,3881796608
58200,3882200064
58201,3882603520
58202,3883006976
58203,3883410432
58204,3883813888
58205,3884217344
58206,3884620800
58207,3885024256
58208,3885427712
58209,3885831168
58210,3886234624
58211,3886639104
58212,3887043584
58213,3887448064
58214,3887852544
58215,3888257024
58216,3888661504
58217,3889065984
58218,3889470464
58219,3889874944
58220,3890279424
58221,3890683904
58222,3891088384
58223,3891492864
58224,3891897344
58225,3892301824
58226,3892706304
58227,3893110784
58228,3893515264
58229,3893919744
58230,3894324224
58231,3894728704
58232,3895133184
58233,3895537664
58234,3895942144
58235,3896346624
58236,3896751104
58237,3897155584
58238,3897560064
58239,3897965568
58240,3898371072
58241,3898776576
58242,3899182080
58243,3899587584
58244,3899993088
58245,3900398592
58246,3900804096
58247,3901209600
58248,3901615104
58249,3902020608
58250,3902426112
58251,3902831616
58252,3903237120
58253,3903642624
58254,3904048128
58255,3904453632
58256,3904859136
58257,3905264640
58258,3905671168
58259,3906077696
58260,3906484224
58261,3906890752
58262,3907297280
58263,3907703808
58264,3908110336
58265,3908516864
58266,3908923392
58267,3909329920
58268,3909736448
58269,3910142976
58270,3910549504
58271,3910956032
58272,3911362560
58273,3911769088
58274,3912176640
58275,3912584192
58276,3912991744
58277,3913399296
58278,3913806848
58279,3914214400
58280,3914621952
58281,3915029504
58282,3915437056
58283,3915844608
58284,3916252160
58285,3916659712
58286,3917067264
58287,3917475840
58288,3917884416
58289,3918292992
58290,3918701568
58291,3919110144
58292,3919518720
58293,3919927296
58294,3920335872
58295,3920744448
58296,3921153024
58297,3921561600
58298,3921970176
58299,3922379776
58300,3922789376
58301,3923198976
58302,3923608576
58303,3924018176
58304,3924427776
58305,3924837376
58306,3925246976
58307,3925656576
58308,3926066176
58309,3926475776
58310,3926885376
58311,3927294976
58312,3927704576
58313,3928114176
58314,3928523776
58315,3928933376
58316,3929342976
58317,3929753600
58318,3930164224
58319,3930574848
58320,3930985472
58321,3931396096
58322,3931806720
58323,3932217344
58324,3932627968
58325,3933038592
58326,3933449216
58327,3933859840
58328,3934270464
58329,3934681088
58330,3935091712
58331,3935502336
58332,3935912960
58333,3936323584
58334,3936734208
58335,3937144832
58336,3937555456
58337,3937966080
58338,3938376704
58339,3938788352
58340,3939200000
58341,3939611648
58342,3940023296
58343,3940434944
58344,3940846592
58345,3941258240
58346,3941669888
58347,3942081536
58348,3942493184
58349,3942904832
58350,3943316480
58351,3943728128
58352,3944139776
58353,3944551424
58354,3944963072
58355,3945374720
58356,3945786368
58357,3946198016
58358,3946610688
58359,3947023360
58360,3947436032
58361,3947848704
58362,3948261376
58363,3948674048
58364,3949086720
58365,3949499392
58366,3949912064
58367,3950324736
58368,3950737408
58369,3951150080
58370,3951562752
58371,3951975424
58372,3952388096
58373,3952800768
58374,3953214464
58375,3953628160
58376,3954041856
58377,3954455552
58378,3954869248
58379,3955282944
58380,3955696640
58381,3956110336
58382,3956524032
58383,3956937728
58384,3957351424
58385,3957765120
58386,3958178816
58387,3958592512
58388,3959006208
58389,3959419904
58390,3959833600
58391,3960247296
58392,3960660992
58393,3961074688
58394,3961488384
58395,3961902080
58396,3962315776
58397,3962730496
58398,3963145216
58399,3963559936
58400,3963974656
58401,3964389376
58402,3964804096
58403,3965218816
58404,3965633536
58405,3966048256
58406,3966462976
58407,3966877696
58408,3967292416
58409,3967707136
58410,3968121856
58411,3968536576
58412,3968952320
58413,3969368064
58414,3969783808
58415,3970199552
58416,3970615296
58417,3971031040
58418,3971446784
58419,3971862528
58420,3972278272
58421,3972694016
58422,3973109760
58423,3973525504
58424,3973941248
58425,3974356992
58426,3974772736
58427,3975188480
58428,3975605248
58429,3976022016
58430,3976438784
58431,3976855552
58432,3977272320
58433,3977689088
58434,3978105856
58435,3978522624
58436,3978939392
58437,3979356160
58438,3979772928
58439,3980189696
58440,3980606464
58441,3981023232
58442,3981440000
58443,3981856768
58444,3982273536
58445,3982690304
58446,3983107072
58447,3983523840
58448,3983940608
58449,3984358400
58450,3984776192
58451,3985193984
58452,3985611776
58453,3986029568
58454,3986447360
58455,3986865152
58456,3987282944
58457,3987700736
58458,3988118528
58459,3988536320
58460,3988954112
58461,3989371904
58462,3989789696
58463,3990207488
58464,3990625280
58465,3991043072
58466,3991460864
58467,3991878656
58468,3992296448
58469,3992714240
58470,3993132032
58471,3993549824
58472,3993967616
58473,3994385408
58474,3994803200
58475,3995220992
58476,3995639808
58477,3996058624
58478,3996477440
58479,3996896256
58480,3997315072
58481,3997733888
58482,3998152704
58483,3998571520
58484,3998990336
58485,3999409152
58486,3999827968
58487,4000246784
58488,4000665600
58489,4001084416
58490,4001503232
58491,4001923072
58492,4002342912
58493,4002762752
58494,4003182592
58495,4003602432
58496,4004022272
58497,4004442112
58498,4004861952
58499,4005281792
58500,4005701632
58501,4006121472
58502,4006541312
58503,4006961152
58504,4007380992
58505,4007800832
58506,4008220672
58507,4008640512
58508,4009060352
58509,4009481216
58510,4009902080
58511,4010322944
58512,4010743808
58513,4011164672
58514,4011585536
58515,4012006400
58516,4012427264
58517,4012848128
58518,4013268992
58519,4013689856
58520,4014110720
58521,4014531584
58522,4014952448
58523,4015373312
58524,4015795200
58525,4016217088
58526,4016638976
58527,4017060864
58528,4017482752
58529,4017904640
58530,4018326528
58531,4018748416
58532,4019170304
58533,4019592192
58534,4020014080
58535,4020435968
58536,4020857856
58537,4021279744
58538,4021701632
58539,4022123520
58540,4022545408
58541,4022967296
58542,4023389184
58543,4023812096
58544,4024235008
58545,4024657920
58546,4025080832
58547,4025503744
58548,4025926656
58549,4026349568
58550,4026772480
58551,4027195392
58552,4027618304
58553,4028041216
58554,4028464128
58555,4028887040
58556,4029309952
58557,4029732864
58558,4030155776
58559,4030578688
58560,4031001600
58561,4031425536
58562,4031849472
58563,4032273408
58564,4032697344
58565,4033121280
58566,4033545216
58567,4033969152
58568,4034393088
58569,4034817024
58570,4035240960
58571,4035664896
58572,4036088832
58573,4036512768
58574,4036936704
58575,4037360640
58576,4037784576
58577,4038209536
58578,4038634496
58579,4039059456
58580,4039484416
58581,4039909376
58582,4040334336
58583,4040759296
58584,4041184256
58585,4041609216
58586,4042034176
58587,4042459136
58588,4042884096
58589,4043309056
58590,4043734016
58591,4044158976
58592,4044583936
58593,4045008896
58594,4045433856
58595,4045858816
58596,4046283776
58597,4046708736
58598,4047134720
58599,4047560704
58600,4047986688
58601,4048412672
58602,4048838656
58603,4049264640
58604,4049690624
58605,4050116608
58606,4050542592
58607,4050968576
58608,4051394560
58609,4051820544
58610,4052246528
58611,4052672512
58612,4053098496
58613,4053524480
58614,4053950464
58615,4054376448
58616,4054802432
58617,4055228416
58618,4055654400
58619,4056080384
58620,4056507392
58621,4056934400
58622,4057361408
58623,4057788416
58624,4058215424
58625,4058642432
58626,4059069440
58627,4059496448
58628,4059923456
58629,4060350464
58630,4060777472
58631,4061204480
58632,4061631488
58633,4062058496
58634,4062485504
58635,4062912512
58636,4063339520
58637,4063766528
58638,4064194560
58639,4064622592
58640,4065050624
58641,4065478656
58642,4065906688
58643,4066334720
58644,4066762752
58645,4067190784
58646,4067618816
58647,4068046848
58648,4068474880
58649,4068902912
58650,4069330944
58651,4069758976
58652,4070187008
58653,4070615040
58654,4071043072
58655,4071471104
58656,4071899136
58657,4072327168
58658,4072756224
58659,4073185280
58660,4073614336
58661,4074043392
58662,4074472448
58663,4074901504
58664,4075330560
58665,4075759616
58666,4076188672
58667,4076617728
58668,4077046784
58669,4077475840
58670,4077905920
58671,4078336000
58672,4078766080
58673,4079196160
58674,4079626240
58675,4080056320
58676,4080486400
58677,4080916480
58678,4081346560
58679,4081776640
58680,4082206720
58681,4082636800
58682,4083066880
58683,4083496960
58684,4083927040
58685,4084357120
58686,4084787200
58687,4085218304
58688,4085649408
58689,4086080512
58690,4086511616
58691,4086942720
58692,4087373824
58693,4087804928
58694,4088236032
58695,4088667136
58696,4089098240
58697,4089529344
58698,4089960448
58699,4090391552
58700,4090822656
58701,4091253760
58702,4091684864
58703,4092115968
58704,4092548096
58705,4092980224
58706,4093412352
58707,4093844480
58708,4094276608
58709,4094708736
58710,4095140864
58711,4095572992
58712,4096005120
58713,4096437248
58714,4096869376
58715,4097301504
58716,4097733632
58717,4098165760
58718,4098597888
58719,4099030016
58720,4099463168
58721,4099896320
58722,4100329472
58723,4100762624
58724,4101195776
58725,4101628928
58726,4102062080
58727,4102495232
58728,4102928384
58729,4103361536
58730,4103794688
58731,4104227840
58732,4104660992
58733,4105094144
58734,4105527296
58735,4105960448
58736,4106393600
58737,4106827776
58738,4107261952
58739,4107696128
58740,4108130304
58741,4108564480
58742,4108998656
58743,4109432832
58744,4109867008
58745,4110301184
58746,4110735360
58747,4111169536
58748,4111603712
58749,4112037888
58750,4112473088
58751,4112908288
58752,4113343488
58753,4113778688
58754,4114213888
58755,4114649088
58756,4115084288
58757,4115519488
58758,4115954688
58759,4116389888
58760,4116825088
58761,4117260288
58762,4117695488
58763,4118130688
58764,4118565888
58765,4119001088
58766,4119436288
58767,4119871488
58768,4120306688
58769,4120741888
58770,4121177088
58771,4121612288
58772,4122048512
58773,4122484736
58774,4122920960
58775,4123357184
58776,4123793408
58777,4124229632
58778,4124665856
58779,4125102080
58780,4125538304
58781,4125974528
58782,4126410752
58783,4126846976
58784,4127283200
58785,4127719424
58786,4128155648
58787,4128591872
58788,4129028096
58789,4129464320
58790,4129900544
58791,4130336768
58792,4130774016
58793,4131211264
58794,4131648512
58795,4132085760
58796,4132523008
58797,4132960256
58798,4133397504
58799,4133834752
58800,4134272000
58801,4134709248
58802,4135146496
58803,4135583744
58804,4136020992
58805,4136458240
58806,4136895488
58807,4137332736
58808,4137769984
58809,4138207232
58810,4138644480
58811,4139081728
58812,4139518976
58813,4139956224
58814,4140394496
58815,4140832768
58816,4141271040
58817,4141709312
58818,4142147584
58819,4142585856
58820,4143024128
58821,4143462400
58822,4143900672
58823,4144338944
58824,4144777216
58825,4145215488
58826,4145653760
58827,4146092032
58828,4146530304
58829,4146968576
58830,4147407872
58831,4147847168
58832,4148286464
58833,4148725760
58834,4149165056
58835,4149604352
58836,4150043648
58837,4150482944
58838,4150922240
58839,4151361536
58840,4151800832
58841,4152240128
58842,4152679424
58843,4153118720
58844,4153558016
58845,4153997312
58846,4154436608
58847,4154875904
58848,4155315200
58849,4155754496
58850,4156193792
58851,4156633088
58852,4157073408
58853,4157513728
58854,4157954048
58855,4158394368
58856,4158834688
58857,4159275008
58858,4159715328
58859,4160155648
58860,4160595968
58861,4161036288
58862,4161476608
58863,4161916928
58864,4162357248
58865,4162797568
58866,4163237888
58867,4163679232
58868,4164120576
58869,4164561920
58870,4165003264
58871,4165444608
58872,4165885952
58873,4166327296
58874,4166769664
58875,4167212032
58876,4167654400
58877,4168096768
58878,4168539136
58879,4168981504
58880,4169423872
58881,4169866240
58882,4170308608
58883,4170750976
58884,4171193344
58885,4171635712
58886,4172078080
58887,4172520448
58888,4172962816
58889,4173405184
58890,4173847552
58891,4174289920
58892,4174732288
58893,4175174656
58894,4175617024
58895,4176059392
58896,4176502784
58897,4176946176
58898,4177389568
58899,4177832960
58900,4178276352
58901,4178719744
58902,4179163136
58903,4179606528
58904,4180049920
58905,4180493312
58906,4180936704
58907,4181380096
58908,4181823488
58909,4182266880
58910,4182710272
58911,4183153664
58912,4183597056
58913,4184041472
58914,4184485888
58915,4184930304
58916,4185374720
58917,4185819136
58918,4186263552
58919,4186707968
58920,4187152384
58921,4187596800
58922,4188041216
58923,4188485632
58924,4188930048
58925,4189374464
58926,4189818880
58927,4190263296
58928,4190707712
58929,4191153152
58930,4191598592
58931,4192044032
58932,4192489472
58933,4192934912
58934,4193380352
58935,4193825792
58936,4194271232
58937,4194716672
58938,4195162112
58939,4195607552
58940,4196052992
58941,4196498432
58942,4196943872
58943,4197389312
58944,4197834752
58945,4198280192
58946,4198725632
58947,4199171072
58948,4199616512
58949,4200061952
58950,4200508416
58951,4200954880
58952,4201401344
58953,4201847808
58954,4202294272
58955,4202740736
58956,4203187200
58957,4203633664
58958,4204080128
58959,4204526592
58960,4204973056
58961,4205419520
58962,4205865984
58963,4206312448
58964,4206758912
58965,4207205376
58966,4207651840
58967,4208098304
58968,4208545792
58969,4208993280
58970,4209440768
58971,4209888256
58972,4210335744
58973,4210783232
58974,4211230720
58975,4211678208
58976,4212125696
58977,4212573184
58978,4213020672
58979,4213468160
58980,4213915648
58981,4214363136
58982,4214811648
58983,4215260160
58984,4215708672
58985,4216157184
58986,4216605696
58987,4217054208
58988,4217502720
58989,4217951232
58990,4218399744
58991,4218848256
58992,4219296768
58993,4219745280
58994,4220193792
58995,4220642304
58996,4221090816
58997,4221539328
58998,4221987840
58999,4222436352
59000,4222885888
59001,4223335424
59002,4223784960
59003,4224234496
59004,4224684032
59005,4225133568
59006,4225583104
59007,4226032640
59008,4226482176
59009,4226931712
59010,4227381248
59011,4227830784
59012,4228280320
59013,4228730880
59014,4229181440
59015,4229632000
59016,4230082560
59017,4230533120
59018,4230983680
59019,4231434240
59020,4231884800
59021,4232335360
59022,4232785920
59023,4233236480
59024,4233687040
59025,4234137600
59026,4234588160
59027,4235038720
59028,4235489280
59029,4235939840
59030,4236390400
59031,4236841984
59032,4237293568
59033,4237745152
59034,4238196736
59035,4238648320
59036,4239099904
59037,4239551488
59038,4240003072
59039,4240454656
59040,4240906240
59041,4241357824
59042,4241810432
59043,4242263040
59044,4242715648
59045,4243168256
59046,4243620864
59047,4244073472
59048,4244526080
59049,4244978688
59050,4245431296
59051,4245883904
59052,4246336512
59053,4246789120
59054,4247241728
59055,4247694336
59056,4248147968
59057,4248601600
59058,4249055232
59059,4249508864
59060,4249962496
59061,4250416128
59062,4250869760
59063,4251323392
59064,4251777024
59065,4252230656
59066,4252684288
59067,4253137920
59068,4253591552
59069,4254045184
59070,4254498816
59071,4254952448
59072,4255406080
59073,4255860736
59074,4256315392
59075,4256770048
59076,4257224704
59077,4257679360
59078,4258134016
59079,4258588672
59080,4259043328
59081,4259497984
59082,4259952640
59083,4260407296
59084,4260862976
59085,4261318656
59086,4261774336
59087,4262230016
59088,4262685696
59089,4263141376
59090,4263597056
59091,4264052736
59092,4264508416
59093,4264964096
59094,4265419776
59095,4265875456
59096,4266331136
59097,4266787840
59098,4267244544
59099,4267701248
59100,4268157952
59101,4268614656
59102,4269071360
59103,4269528064
59104,4269984768
59105,4270441472
59106,4270898176
59107,4271354880
59108,4271811584
59109,4272268288
59110,4272724992
59111,4273181696
59112,4273638400
59113,4274095104
59114,4274551808
59115,4275008512
59116,4275465216
59117,4275922944
59118,4276380672
59119,4276838400
59120,4277296128
59121,4277753856
59122,4278211584
59123,4278669312
59124,4279127040
59125,4279584768
59126,4280042496
59127,4280500224
59128,4280957952
59129,4281415680
59130,4281873408
59131,4282331136
59132,4282788864
59133,4283246592
59134,4283704320
59135,4284162048
59136,4284619776
59137,4285077504
59138,4285536256
59139,4285995008
59140,4286453760
59141,4286912512
59142,4287371264
59143,4287830016
59144,4288288768
59145,4288747520
59146,4289206272
59147,4289665024
59148,4290123776
59149,4290582528
59150,4291041280
59151,4291500032
59152,4291958784
59153,4292417536
59154,4292876288
59155,4293336064
59156,4293795840
59157,4294255616
59158,4294715392
59159,4295175168
59160,4295634944
59161,4296094720
59162,4296555520
59163,4297016320
59164,4297477120
59165,4297937920
59166,4298398720
59167,4298859520
59168,4299320320
59169,4299781120
59170,4300241920
59171,4300702720
59172,4301163520
59173,4301624320
59174,4302086144
59175,4302547968
59176,4303009792
59177,4303471616
59178,4303933440
59179,4304395264
59180,4304857088
59181,4305318912
59182,4305780736
59183,4306242560
59184,4306704384
59185,4307166208
59186,4307628032
59187,4308089856
59188,4308551680
59189,4309013504
59190,4309475328
59191,4309937152
59192,4310398976
59193,4310861824
59194,4311324672
59195,4311787520
59196,4312250368
59197,4312713216
59198,4313176064
59199,4313638912
59200,4314101760
59201,4314564608
59202,4315027456
59203,4315490304
59204,4315953152
59205,4316416000
59206,4316878848
59207,4317341696
59208,4317804544
59209,4318267392
59210,4318731264
59211,4319195136
59212,4319659008
59213,4320122880
59214,4320586752
59215,4321050624
59216,4321514496
59217,4321978368
59218,4322442240
59219,4322906112
59220,4323369984
59221,4323833856
59222,4324297728
59223,4324761600
59224,4325225472
59225,4325689344
59226,4326153216
59227,4326618112
59228,4327083008
59229,4327547904
59230,4328012800
59231,4328477696
59232,4328942592
59233,4329407488
59234,4329872384
59235,4330337280
59236,4330802176
59237,4331267072
59238,4331731968
59239,4332196864
59240,4332661760
59241,4333126656
59242,4333592576
59243,4334058496
59244,4334524416
59245,4334990336
59246,4335456256
59247,4335922176
59248,4336388096
59249,4336854016
59250,4337319936
59251,4337785856
59252,4338251776
59253,4338717696
59254,4339183616
59255,4339649536
59256,4340115456
59257,4340581376
59258,4341048320
59259,4341515264
59260,4341982208
59261,4342449152
59262,4342916096
59263,4343383040
59264,4343849984
59265,4344316928
59266,4344783872
59267,4345250816
59268,4345717760
59269,4346184704
59270,4346651648
59271,4347118592
59272,4347586560
59273,4348054528
59274,4348522496
59275,4348990464
59276,4349458432
59277,4349926400
59278,4350394368
59279,4350862336
59280,4351330304
59281,4351798272
59282,4352266240
59283,4352734208
59284,4353202176
59285,4353671168
59286,4354140160
59287,4354609152
59288,4355078144
59289,4355547136
59290,4356016128
59291,4356485120
59292,4356954112
59293,4357423104
59294,4357892096
59295,4358361088
59296,4358830080
59297,4359299072
59298,4359768064
59299,4360238080
59300,4360708096
59301,4361178112
59302,4361648128
59303,4362118144
59304,4362588160
59305,4363058176
59306,4363528192
59307,4363998208
59308,4364468224
59309,4364938240
59310,4365408256
59311,4365878272
59312,4366349312
59313,4366820352
59314,4367291392
59315,4367762432
59316,4368233472
59317,4368704512
59318,4369175552
59319,4369646592
59320,4370117632
59321,4370588672
59322,4371059712
59323,4371530752
59324,4372002816
59325,4372474880
59326,4372946944
59327,4373419008
59328,4373891072
59329,4374363136
59330,4374835200
59331,4375307264
59332,4375779328
59333,4376251392
59334,4376723456
59335,4377195520
59336,4377667584
59337,4378139648
59338,4378611712
59339,4379083776
59340,4379555840
59341,4380027904
59342,4380499968
59343,4380972032
59344,4381445120
59345,4381918208
59346,4382391296
59347,4382864384
59348,4383337472
59349,4383810560
59350,4384283648
59351,4384756736
59352,4385229824
59353,4385702912
59354,4386176000
59355,4386649088
59356,4387122176
59357,4387595264
59358,4388068352
59359,4388541440
59360,4389014528
59361,4389487616
59362,4389960704
59363,4390434816
59364,4390908928
59365,4391383040
59366,4391857152
59367,4392331264
59368,4392805376
59369,4393279488
59370,4393753600
59371,4394227712
59372,4394701824
59373,4395175936
59374,4395650048
59375,4396124160
59376,4396598272
59377,4397073408
59378,4397548544
59379,4398023680
59380,4398498816
59381,4398973952
59382,4399449088
59383,4399924224
59384,4400399360
59385,4400874496
59386,4401349632
59387,4401824768
59388,4402299904
59389,4402775040
59390,4403250176
59391,4403725312
59392,4404201472
59393,4404677632
59394,4405153792
59395,4405629952
59396,4406106112
59397,4406582272
59398,4407058432
59399,4407534592
59400,4408010752
59401,4408486912
59402,4408963072
59403,4409439232
59404,4409915392
59405,4410391552
59406,4410867712
59407,4411343872
59408,4411820032
59409,4412296192
59410,4412772352
59411,4413248512
59412,4413724672
59413,4414201856
59414,4414679040
59415,4415156224
59416,4415633408
59417,4416110592
59418,4416587776
59419,4417064960
59420,4417542144
59421,4418019328
59422,4418496512
59423,4418973696
59424,4419450880
59425,4419928064
59426,4420405248
59427,4420882432
59428,4421359616
59429,4421836800
59430,4422313984
59431,4422792192
59432,4423270400
59433,4423748608
59434,4424226816
59435,4424705024
59436,4425183232
59437,4425661440
59438,4426139648
59439,4426617856
59440,4427097088
59441,4427576320
59442,4428055552
59443,4428534784
59444,4429014016
59445,4429493248
59446,4429972480
59447,4430451712
59448,4430930944
59449,4431410176
59450,4431889408
59451,4432368640
59452,4432847872
59453,4433327104
59454,4433806336
59455,4434286592
59456,4434766848
59457,4435247104
59458,4435727360
59459,4436207616
59460,4436687872
59461,4437168128
59462,4437648384
59463,4438128640
59464,4438608896
59465,4439089152
59466,4439569408
59467,4440049664
59468,4440529920
59469,4441010176
59470,4441490432
59471,4441970688
59472,4442451968
59473,4442933248
59474,4443414528
59475,4443895808
59476,4444377088
59477,4444858368
59478,4445339648
59479,4445820928
59480,4446302208
59481,4446783488
59482,4447264768
59483,4447746048
59484,4448228352
59485,4448710656
59486,4449192960
59487,4449675264
59488,4450157568
59489,4450639872
59490,4451122176
59491,4451604480
59492,4452086784
59493,4452569088
59494,4453051392
59495,4453533696
59496,4454016000
59497,4454498304
59498,4454980608
59499,4455463936
59500,4455947264
59501,4456430592
59502,4456913920
59503,4457397248
59504,4457880576
59505,4458363904
59506,4458847232
59507,4459330560
59508,4459813888
59509,4460297216
59510,4460780544
59511,4461264896
59512,4461749248
59513,4462233600
59514,4462717952
59515,4463202304
59516,4463686656
59517,4464171008
59518,4464655360
59519,4465139712
59520,4465624064
59521,4466108416
59522,4466593792
59523,4467079168
59524,4467564544
59525,4468049920
59526,4468535296
59527,4469020672
59528,4469506048
59529,4469991424
59530,4470476800
59531,4470962176
59532,4471447552
59533,4471932928
59534,4472418304
59535,4472903680
59536,4473389056
59537,4473875456
59538,4474361856
59539,4474848256
59540,4475334656
59541,4475821056
59542,4476307456
59543,4476793856
59544,4477280256
59545,4477766656
59546,4478253056
59547,4478739456
59548,4479225856
59549,4479712256
59550,4480198656
59551,4480686080
59552,4481173504
59553,4481660928
59554,4482148352
59555,4482635776
59556,4483123200
59557,4483610624
59558,4484098048
59559,4484585472
59560,4485072896
59561,4485560320
59562,4486047744
59563,4486535168
59564,4487022592
59565,4487510016
59566,4487997440
59567,4488485888
59568,4488974336
59569,4489462784
59570,4489951232
59571,4490439680
59572,4490928128
59573,4491416576
59574,4491905024
59575,4492393472
59576,4492881920
59577,4493370368
59578,4493858816
59579,4494347264
59580,4494836736
59581,4495326208
59582,4495815680
59583,4496305152
59584,4496794624
59585,4497284096
59586,4497773568
59587,4498263040
59588,4498752512
59589,4499241984
59590,4499731456
59591,4500220928
59592,4500710400
59593,4501199872
59594,4501689344
59595,4502179840
59596,4502670336
59597,4503160832
59598,4503651328
59599,4504141824
59600,4504632320
59601,4505122816
59602,4505613312
59603,4506103808
59604,4506594304
59605,4507084800
59606,4507575296
59607,4508065792
59608,4508556288
59609,4509046784
59610,4509538304
59611,4510029824
59612,4510521344
59613,4511012864
59614,4511504384
59615,4511995904
59616,4512487424
59617,4512978944
59618,4513470464
59619,4513961984
59620,4514453504
59621,4514945024
59622,4515436544
59623,4515928064
59624,4516419584
59625,4516911104
59626,4517403648
59627,4517896192
59628,4518388736
59629,4518881280
59630,4519373824
59631,4519866368
59632,4520358912
59633,4520851456
59634,4521344000
59635,4521836544
59636,4522329088
59637,4522821632
59638,4523314176
59639,4523806720
59640,4524299264
59641,4524792832
59642,4525286400
59643,4525779968
59644,4526273536
59645,4526767104
59646,4527260672
59647,4527754240
59648,4528247808
59649,4528741376
59650,4529234944
59651,4529728512
59652,4530222080
59653,4530715648
59654,4531210240
59655,4531704832
59656,4532199424
59657,4532694016
59658,4533188608
59659,4533683200
59660,4534177792
59661,4534672384
59662,4535166976
59663,4535662592
59664,4536158208
59665,4536653824
59666,4537149440
59667,4537645056
59668,4538140672
59669,4538636288
59670,4539131904
59671,4539628544
59672,4540125184
59673,4540621824
59674,4541118464
59675,4541615104
59676,4542111744
59677,4542608384
59678,4543105024
59679,4543601664
59680,4544098304
59681,4544594944
59682,4545091584
59683,4545588224
59684,4546084864
59685,4546581504
59686,4547078144
59687,4547575808
59688,4548073472
59689,4548571136
59690,4549068800
59691,4549566464
59692,4550064128
59693,4550561792
59694,4551059456
59695,4551557120
59696,4552054784
59697,4552552448
59698,4553050112
59699,4553548800
59700,4554047488
59701,4554546176
59702,4555044864
59703,4555543552
59704,4556042240
59705,4556540928
59706,4557039616
59707,4557538304
59708,4558036992
59709,4558535680
59710,4559034368
59711,4559533056
59712,4560031744
59713,4560530432
59714,4561029120
59715,4561527808
59716,4562027520
59717,4562527232
59718,4563026944
59719,4563526656
59720,4564026368
59721,4564526080
59722,4565026816
59723,4565527552
59724,4566028288
59725,4566529024
59726,4567029760
59727,4567530496
59728,4568031232
59729,4568531968
59730,4569032704
59731,4569533440
59732,4570034176
59733,4570534912
59734,4571036672
59735,4571538432
59736,4572040192
59737,4572541952
59738,4573044736
59739,4573547520
59740,4574050304
59741,4574553088
59742,4575055872
59743,4575558656
59744,4576061440
59745,4576564224
59746,4577067008
59747,4577569792
59748,4578072576
59749,4578575360
59750,4579078144
59751,4579581952
59752,4580085760
59753,4580589568
59754,4581093376
59755,4581597184
59756,4582100992
59757,4582604800
59758,4583108608
59759,4583612416
59760,4584116224
59761,4584620032
59762,4585123840
59763,4585627648
59764,4586131456
59765,4586636288
59766,4587141120
59767,4587645952
59768,4588150784
59769,4588655616
59770,4589160448
59771,4589665280
59772,4590170112
59773,4590674944
59774,4591179776
59775,4591684608
59776,4592189440
59777,4592694272
59778,4593199104
59779,4593703936
59780,4594208768
59781,4594713600
59782,4595218432
59783,4595723264
59784,4596229120
59785,4596734976
59786,4597240832
59787,4597746688
59788,4598252544
59789,4598758400
59790,4599264256
59791,4599770112
59792,4600275968
59793,4600781824
59794,4601287680
59795,4601793536
59796,4602300416
59797,4602807296
59798,4603314176
59799,4603821056
59800,4604327936
59801,4604834816
59802,4605341696
59803,4605848576
59804,4606355456
59805,4606862336
59806,4607369216
59807,4607876096
59808,4608382976
59809,4608889856
59810,4609396736
59811,4609903616
59812,4610410496
59813,4610918400
59814,4611426304
59815,4611934208
59816,4612442112
59817,4612950016
59818,4613457920
59819,4613965824
59820,4614473728
59821,4614981632
59822,4615489536
59823,4615997440
59824,4616505344
59825,4617013248
59826,4617522176
59827,4618031104
59828,4618540032
59829,4619048960
59830,4619557888
59831,4620066816
59832,4620575744
59833,4621084672
59834,4621593600
59835,4622102528
59836,4622611456
59837,4623120384
59838,4623629312
59839,4624138240
59840,4624648192
59841,4625158144
59842,4625668096
59843,4626178048
59844,4626688000
59845,4627197952
59846,4627707904
59847,4628217856
59848,4628727808
59849,4629237760
59850,4629747712
59851,4630257664
59852,4630768640
59853,4631279616
59854,4631790592
59855,4632301568
59856,4632812544
59857,4633323520
59858,4633834496
59859,4634345472
59860,4634856448
59861,4635367424
59862,4635878400
59863,4636389376
59864,4636901376
59865,4637413376
59866,4637925376
59867,4638437376
59868,4638949376
59869,4639461376
59870,4639973376
59871,4640485376
59872,4640997376
59873,4641509376
59874,4642021376
59875,4642533376
59876,4643046400
59877,4643559424
59878,4644072448
59879,4644585472
59880,4645098496
59881,4645611520
59882,4646124544
59883,4646637568
59884,4647150592
59885,4647663616
59886,4648176640
59887,4648689664
59888,4649202688
59889,4649715712
59890,4650228736
59891,4650741760
59892,4651254784
59893,4651767808
59894,4652280832
59895,4652794880
59896,4653308928
59897,4653822976
59898,4654337024
59899,4654851072
59900,4655365120
59901,4655879168
59902,4656393216
59903,4656907264
59904,4657421312
59905,4657935360
59906,4658449408
59907,4658963456
59908,4659477504
59909,4659991552
59910,4660505600
59911,4661019648
59912,4661533696
59913,4662048768
59914,4662563840
59915,4663078912
59916,4663593984
59917,4664109056
59918,4664624128
59919,4665139200
59920,4665654272
59921,4666169344
59922,4666684416
59923,4667199488
59924,4667715584
59925,4668231680
59926,4668747776
59927,4669263872
59928,4669779968
59929,4670296064
59930,4670812160
59931,4671328256
59932,4671845376
59933,4672362496
59934,4672879616
59935,4673396736
59936,4673913856
59937,4674430976
59938,4674948096
59939,4675465216
59940,4675982336
59941,4676499456
59942,4677016576
59943,4677533696
59944,4678050816
59945,4678568960
59946,4679087104
59947,4679605248
59948,4680123392
59949,4680641536
59950,4681159680
59951,4681677824
59952,4682195968
59953,4682714112
59954,4683232256
59955,4683750400
59956,4684268544
59957,4684786688
59958,4685304832
59959,4685822976
59960,4686341120
59961,4686859264
59962,4687378432
59963,4687897600
59964,4688416768
59965,4688935936
59966,4689455104
59967,4689974272
59968,4690493440
59969,4691012608
59970,4691531776
59971,4692050944
59972,4692571136
59973,4693091328
59974,4693611520
59975,4694131712
59976,4694651904
59977,4695172096
59978,4695692288
59979,4696213504
59980,4696734720
59981,4697255936
59982,4697777152
59983,4698298368
59984,4698819584
59985,4699340800
59986,4699863040
59987,4700385280
59988,4700907520
59989,4701429760
59990,4701952000
59991,4702474240
59992,4702996480
59993,4703518720
59994,4704040960
59995,4704564224
59996,4705087488
59997,4705610752
59998,4706134016
59999,4706657280
60000,4707180544
60001,4707703808
60002,4708228096
60003,4708752384
60004,4709276672
60005,4709800960
60006,4710325248
60007,4710849536
60008,4711373824
60009,4711898112
60010,4712422400
60011,4712946688
60012,4713472000
60013,4713997312
60014,4714522624
60015,4715047936
60016,4715573248
60017,4716098560
60018,4716623872
60019,4717149184
60020,4717674496
60021,4718199808
60022,4718725120
60023,4719250432
60024,4719775744
60025,4720301056
60026,4720826368
60027,4721351680
60028,4721878016
60029,4722404352
60030,4722930688
60031,4723457024
60032,4723983360
60033,4724509696
60034,4725036032
60035,4725562368
60036,4726088704
60037,4726615040
60038,4727141376
60039,4727667712
60040,4728194048
60041,4728720384
60042,4729246720
60043,4729774080
60044,4730301440
60045,4730828800
60046,4731356160
60047,4731883520
60048,4732410880
60049,4732938240
60050,4733465600
60051,4733992960
60052,4734520320
60053,4735048704
60054,4735577088
60055,4736105472
60056,4736633856
60057,4737162240
60058,4737690624
60059,4738219008
60060,4738747392
60061,4739275776
60062,4739804160
60063,4740332544
60064,4740860928
60065,4741389312
60066,4741917696
60067,4742446080
60068,4742974464
60069,4743502848
60070,4744032256
60071,4744561664
60072,4745091072
60073,4745620480
60074,4746149888
60075,4746679296
60076,4747208704
60077,4747738112
60078,4748267520
60079,4748796928
60080,4749326336
60081,4749855744
60082,4750385152
60083,4750915584
60084,4751446016
60085,4751976448
60086,4752506880
60087,4753037312
60088,4753567744
60089,4754098176
60090,4754628608
60091,4755159040
60092,4755689472
60093,4756219904
60094,4756750336
60095,4757280768
60096,4757811200
60097,4758341632
60098,4758873088
60099,4759404544
60100,4759936000
60101,4760467456
60102,4760998912
60103,4761530368
60104,4762061824
60105,4762593280
60106,4763125760
60107,4763658240
60108,4764190720
60109,4764723200
60110,4765255680
60111,4765788160
60112,4766320640
60113,4766853120
60114,4767385600
60115,4767918080
60116,4768450560
60117,4768983040
60118,4769515520
60119,4770048000
60120,4770580480
60121,4771112960
60122,4771645440
60123,4772177920
60124,4772711424
60125,4773244928
60126,4773778432
60127,4774311936
60128,4774845440
60129,4775378944
60130,4775912448
60131,4776445952
60132,4776979456
60133,4777512960
60134,4778046464
60135,4778579968
60136,4779113472
60137,4779648000
60138,4780182528
60139,4780717056
60140,4781251584
60141,4781786112
60142,4782320640
60143,4782855168
60144,4783389696
60145,4783925248
60146,4784460800
60147,4784996352
60148,4785531904
60149,4786068480
60150,4786605056
60151,4787141632
60152,4787678208
60153,4788215808
60154,4788753408
60155,4789291008
60156,4789828608
60157,4790366208
60158,4790903808
60159,4791441408
60160,4791979008
60161,4792516608
60162,4793054208
60163,4793591808
60164,4794129408
60165,4794667008
60166,4795205632
60167,4795744256
60168,4796282880
60169,4796821504
60170,4797360128
60171,4797898752
60172,4798437376
60173,4798976000
60174,4799514624
60175,4800053248
60176,4800592896
60177,4801132544
60178,4801672192
60179,4802211840
60180,4802751488
60181,4803291136
60182,4803830784
60183,4804370432
60184,4804910080
60185,4805449728
60186,4805989376
60187,4806530048
60188,4807070720
60189,4807611392
60190,4808152064
60191,4808692736
60192,4809233408
60193,4809774080
60194,4810314752
60195,4810855424
60196,4811397120
60197,4811938816
60198,4812480512
60199,4813022208
60200,4813563904
60201,4814105600
60202,4814647296
60203,4815188992
60204,4815730688
60205,4816272384
60206,4816815104
60207,4817357824
60208,4817900544
60209,4818443264
60210,4818985984
60211,4819528704
60212,4820071424
60213,4820614144
60214,4821156864
60215,4821699584
60216,4822242304
60217,4822786048
60218,4823329792
60219,4823873536
60220,4824417280
60221,4824961024
60222,4825504768
60223,4826048512
60224,4826592256
60225,4827136000
60226,4827679744
60227,4828223488
60228,4828768256
60229,4829313024
60230,4829857792
60231,4830402560
60232,4830947328
60233,4831492096
60234,4832036864
60235,4832581632
60236,4833126400
60237,4833671168
60238,4834215936
60239,4834760704
60240,4835306496
60241,4835852288
60242,4836398080
60243,4836943872
60244,4837489664
60245,4838035456
60246,4838581248
60247,4839127040
60248,4839672832
60249,4840218624
60250,4840764416
60251,4841311232
60252,4841858048
60253,4842404864
60254,4842951680
60255,4843498496
60256,4844045312
60257,4844592128
60258,4845138944
60259,4845685760
60260,4846232576
60261,4846779392
60262,4847327232
60263,4847875072
60264,4848422912
60265,4848970752
60266,4849518592
60267,4850066432
60268,4850614272
60269,4851162112
60270,4851709952
60271,4852257792
60272,4852805632
60273,4853353472
60274,4853901312
60275,4854450176
60276,4854999040
60277,4855547904
60278,4856096768
60279,4856645632
60280,4857194496
60281,4857743360
60282,4858292224
60283,4858842112
60284,4859392000
60285,4859941888
60286,4860491776
60287,4861041664
60288,4861591552
60289,4862141440
60290,4862691328
60291,4863241216
60292,4863791104
60293,4864342016
60294,4864892928
60295,4865443840
60296,4865994752
60297,4866545664
60298,4867096576
60299,4867647488
60300,4868198400
60301,4868749312
60302,4869301248
60303,4869853184
60304,4870405120
60305,4870957056
60306,4871508992
60307,4872060928
60308,4872612864
60309,4873164800
60310,4873716736
60311,4874268672
60312,4874820608
60313,4875373568
60314,4875926528
60315,4876479488
60316,4877032448
60317,4877585408
60318,4878138368
60319,4878691328
60320,4879244288
60321,4879797248
60322,4880350208
60323,4880903168
60324,4881456128
60325,4882009088
60326,4882563072
60327,4883117056
60328,4883671040
60329,4884225024
60330,4884779008
60331,4885332992
60332,4885886976
60333,4886440960
60334,4886994944
60335,4887548928
60336,4888102912
60337,4888656896
60338,4889210880
60339,4889765888
60340,4890320896
60341,4890875904
60342,4891430912
60343,4891985920
60344,4892540928
60345,4893095936
60346,4893650944
60347,4894205952
60348,4894760960
60349,4895315968
60350,4895870976
60351,4896425984
60352,4896980992
60353,4897536000
60354,4898092032
60355,4898648064
60356,4899204096
60357,4899760128
60358,4900316160
60359,4900872192
60360,4901428224
60361,4901984256
60362,4902540288
60363,4903097344
60364,4903654400
60365,4904211456
60366,4904768512
60367,4905325568
60368,4905882624
60369,4906439680
60370,4906996736
60371,4907553792
60372,4908110848
60373,4908668928
60374,4909227008
60375,4909785088
60376,4910343168
60377,4910901248
60378,4911459328
60379,4912017408
60380,4912575488
60381,4913133568
60382,4913691648
60383,4914249728
60384,4914808832
60385,4915367936
60386,4915927040
60387,4916486144
60388,4917045248
60389,4917604352
60390,4918163456
60391,4918722560
60392,4919281664
60393,4919840768
60394,4920399872
60395,4920958976
60396,4921519104
60397,4922079232
60398,4922639360
60399,4923199488
60400,4923759616
60401,4924319744
60402,4924879872
60403,4925440000
60404,4926000128
60405,4926560256
60406,4927121408
60407,4927682560
60408,4928243712
60409,4928804864
60410,4929366016
60411,4929927168
60412,4930488320
60413,4931049472
60414,4931610624
60415,4932172800
60416,4932734976
60417,4933297152
60418,4933859328
60419,4934421504
60420,4934983680
60421,4935545856
60422,4936108032
60423,4936671232
60424,4937234432
60425,4937797632
60426,4938360832
60427,4938924032
60428,4939487232
60429,4940050432
60430,4940613632
60431,4941176832
60432,4941740032
60433,4942303232
60434,4942867456
60435,4943431680
60436,4943995904
60437,4944560128
60438,4945124352
60439,4945688576
60440,4946252800
60441,4946817024
60442,4947381248
60443,4947945472
60444,4948509696
60445,4949073920
60446,4949638144
60447,4950202368
60448,4950766592
60449,4951331840
60450,4951897088
60451,4952462336
60452,4953027584
60453,4953592832
60454,4954158080
60455,4954723328
60456,4955288576
60457,4955853824
60458,4956419072
60459,4956984320
60460,4957549568
60461,4958114816
60462,4958681088
60463,4959247360
60464,4959813632
60465,4960379904
60466,4960946176
60467,4961512448
60468,4962078720
60469,4962644992
60470,4963211264
60471,4963777536
60472,4964343808
60473,4964910080
60474,4965476352
60475,4966043648
60476,4966610944
60477,4967178240
60478,4967745536
60479,4968312832
60480,4968880128
60481,4969447424
60482,4970014720
60483,4970582016
60484,4971149312
60485,4971717632
60486,4972285952
60487,4972854272
60488,4973422592
60489,4973990912
60490,4974559232
60491,4975127552
60492,4975695872
60493,4976264192
60494,4976832512
60495,4977400832
60496,4977969152
60497,4978537472
60498,4979106816
60499,4979676160
60500,4980245504
60501,4980814848
60502,4981384192
60503,4981953536
60504,4982522880
60505,4983092224
60506,4983661568
60507,4984230912
60508,4984800256
60509,4985369600
60510,4985938944
60511,4986508288
60512,4987078656
60513,4987649024
60514,4988219392
60515,4988789760
60516,4989360128
60517,4989930496
60518,4990500864
60519,4991071232
60520,4991641600
60521,4992211968
60522,4992782336
60523,4993352704
60524,4993923072
60525,4994494464
60526,4995065856
60527,4995637248
60528,4996208640
60529,4996780032
60530,4997352448
60531,4997924864
60532,4998497280
60533,4999069696
60534,4999642112
60535,5000214528
60536,5000786944
60537,5001359360
60538,5001931776
60539,5002504192
60540,5003076608
60541,5003649024
60542,5004222464
60543,5004795904
60544,5005369344
60545,5005942784
60546,5006516224
60547,5007089664
60548,5007663104
60549,5008236544
60550,5008809984
60551,5009383424
60552,5009956864
60553,5010530304
60554,5011104768
60555,5011679232
60556,5012253696
60557,5012828160
60558,5013402624
60559,5013977088
60560,5014551552
60561,5015126016
60562,5015700480
60563,5016275968
60564,5016851456
60565,5017426944
60566,5018002432
60567,5018577920
60568,5019153408
60569,5019728896
60570,5020304384
60571,5020880896
60572,5021457408
60573,5022033920
60574,5022610432
60575,5023186944
60576,5023763456
60577,5024339968
60578,5024917504
60579,5025495040
60580,5026072576
60581,5026650112
60582,5027227648
60583,5027805184
60584,5028382720
60585,5028960256
60586,5029537792
60587,5030115328
60588,5030692864
60589,5031271424
60590,5031849984
60591,5032428544
60592,5033007104
60593,5033585664
60594,5034164224
60595,5034742784
60596,5035321344
60597,5035899904
60598,5036478464
60599,5037058048
60600,5037637632
60601,5038217216
60602,5038796800
60603,5039376384
60604,5039955968
60605,5040535552
60606,5041115136
60607,5041694720
60608,5042275328
60609,5042855936
60610,5043436544
60611,5044017152
60612,5044597760
60613,5045178368
60614,5045758976
60615,5046339584
60616,5046920192
60617,5047501824
60618,5048083456
60619,5048665088
60620,5049246720
60621,5049828352
60622,5050411008
60623,5050993664
60624,5051576320
60625,5052158976
60626,5052741632
60627,5053324288
60628,5053906944
60629,5054489600
60630,5055072256
60631,5055654912
60632,5056237568
60633,5056820224
60634,5057403904
60635,5057987584
60636,5058571264
60637,5059154944
60638,5059738624
60639,5060322304
60640,5060905984
60641,5061489664
60642,5062073344
60643,5062657024
60644,5063240704
60645,5063825408
60646,5064410112
60647,5064994816
60648,5065579520
60649,5066164224
60650,5066748928
60651,5067333632
60652,5067918336
60653,5068503040
60654,5069087744
60655,5069672448
60656,5070258176
60657,5070843904
60658,5071429632
60659,5072015360
60660,5072601088
60661,5073187840
60662,5073774592
60663,5074361344
60664,5074948096
60665,5075534848
60666,5076121600
60667,5076708352
60668,5077295104
60669,5077881856
60670,5078468608
60671,5079055360
60672,5079642112
60673,5080228864
60674,5080816640
60675,5081404416
60676,5081992192
60677,5082579968
60678,5083167744
60679,5083755520
60680,5084343296
60681,5084931072
60682,5085518848
60683,5086106624
60684,5086694400
60685,5087282176
60686,5087869952
60687,5088458752
60688,5089047552
60689,5089636352
60690,5090225152
60691,5090813952
60692,5091402752
60693,5091991552
60694,5092580352
60695,5093169152
60696,5093757952
60697,5094347776
60698,5094937600
60699,5095527424
60700,5096117248
60701,5096707072
60702,5097296896
60703,5097886720
60704,5098476544
60705,5099066368
60706,5099656192
60707,5100246016
60708,5100835840
60709,5101425664
60710,5102015488
60711,5102606336
60712,5103197184
60713,5103788032
60714,5104378880
60715,5104969728
60716,5105560576
60717,5106151424
60718,5106742272
60719,5107333120
60720,5107923968
60721,5108515840
60722,5109107712
60723,5109699584
60724,5110291456
60725,5110883328
60726,5111475200
60727,5112067072
60728,5112658944
60729,5113251840
60730,5113844736
60731,5114437632
60732,5115030528
60733,5115623424
60734,5116216320
60735,5116809216
60736,5117402112
60737,5117995008
60738,5118587904
60739,5119180800
60740,5119773696
60741,5120366592
60742,5120959488
60743,5121552384
60744,5122145280
60745,5122738176
60746,5123331072
60747,5123923968
60748,5124517888
60749,5125111808
60750,5125705728
60751,5126299648
60752,5126893568
60753,5127487488
60754,5128081408
60755,5128675328
60756,5129269248
60757,5129863168
60758,5130458112
60759,5131053056
60760,5131648000
60761,5132242944
60762,5132837888
60763,5133432832
60764,5134027776
60765,5134622720
60766,5135217664
60767,5135812608
60768,5136407552
60769,5137002496
60770,5137597440
60771,5138192384
60772,5138787328
60773,5139382272
60774,5139977216
60775,5140573184
60776,5141169152
60777,5141765120
60778,5142361088
60779,5142957056
60780,5143553024
60781,5144150016
60782,5144747008
60783,5145344000
60784,5145940992
60785,5146537984
60786,5147134976
60787,5147731968
60788,5148328960
60789,5148925952
60790,5149522944
60791,5150119936
60792,5150716928
60793,5151313920
60794,5151910912
60795,5152508928
60796,5153106944
60797,5153704960
60798,5154302976
60799,5154900992
60800,5155499008
60801,5156097024
60802,5156695040
60803,5157293056
60804,5157891072
60805,5158490112
60806,5159089152
60807,5159688192
60808,5160287232
60809,5160886272
60810,5161486336
60811,5162086400
60812,5162686464
60813,5163286528
60814,5163886592
60815,5164486656
60816,5165087744
60817,5165688832
60818,5166289920
60819,5166891008
60820,5167492096
60821,5168093184
60822,5168694272
60823,5169295360
60824,5169896448
60825,5170497536
60826,5171098624
60827,5171699712
60828,5172300800
60829,5172901888
60830,5173504000
60831,5174106112
60832,5174708224
60833,5175310336
60834,5175912448
60835,5176514560
60836,5177117696
60837,5177720832
60838,5178323968
60839,5178928128
60840,5179532288
60841,5180136448
60842,5180740608
60843,5181344768
60844,5181948928
60845,5182553088
60846,5183157248
60847,5183761408
60848,5184365568
60849,5184969728
60850,5185574912
60851,5186180096
60852,5186785280
60853,5187390464
60854,5187995648
60855,5188600832
60856,5189206016
60857,5189811200
60858,5190416384
60859,5191021568
60860,5191626752
60861,5192231936
60862,5192838144
60863,5193444352
60864,5194050560
60865,5194656768
60866,5195262976
60867,5195869184
60868,5196475392
60869,5197081600
60870,5197687808
60871,5198294016
60872,5198900224
60873,5199506432
60874,5200113664
60875,5200720896
60876,5201328128
60877,5201935360
60878,5202542592
60879,5203149824
60880,5203757056
60881,5204364288
60882,5204971520
60883,5205579776
60884,5206188032
60885,5206796288
60886,5207404544
60887,5208012800
60888,5208621056
60889,5209229312
60890,5209837568
60891,5210446848
60892,5211056128
60893,5211665408
60894,5212274688
60895,5212883968
60896,5213493248
60897,5214102528
60898,5214712832
60899,5215323136
60900,5215933440
60901,5216543744
60902,5217154048
60903,5217764352
60904,5218374656
60905,5218984960
60906,5219595264
60907,5220205568
60908,5220815872
60909,5221426176
60910,5222037504
60911,5222648832
60912,5223260160
60913,5223871488
60914,5224482816
60915,5225094144
60916,5225705472
60917,5226316800
60918,5226928128
60919,5227539456
60920,5228150784
60921,5228762112
60922,5229374464
60923,5229986816
60924,5230599168
60925,5231211520
60926,5231823872
60927,5232436224
60928,5233048576
60929,5233660928
60930,5234273280
60931,5234886656
60932,5235500032
60933,5236113408
60934,5236726784
60935,5237341184
60936,5237955584
60937,5238569984
60938,5239184384
60939,5239798784
60940,5240413184
60941,5241027584
60942,5241641984
60943,5242256384
60944,5242870784
60945,5243486208
60946,5244101632
60947,5244717056
60948,5245332480
60949,5245947904
60950,5246563328
60951,5247178752
60952,5247794176
60953,5248409600
60954,5249025024
60955,5249640448
60956,5250255872
60957,5250871296
60958,5251487744
60959,5252104192
60960,5252720640
60961,5253337088
60962,5253953536
60963,5254569984
60964,5255186432
60965,5255802880
60966,5256420352
60967,5257037824
60968,5257655296
60969,5258272768
60970,5258890240
60971,5259507712
60972,5260125184
60973,5260743680
60974,5261362176
60975,5261980672
60976,5262599168
60977,5263217664
60978,5263836160
60979,5264455680
60980,5265075200
60981,5265694720
60982,5266315264
60983,5266935808
60984,5267556352
60985,5268176896
60986,5268797440
60987,5269417984
60988,5270038528
60989,5270659072
60990,5271279616
60991,5271900160
60992,5272520704
60993,5273142272
60994,5273763840
60995,5274385408
60996,5275006976
60997,5275628544
60998,5276250112
60999,5276871680
61000,5277493248
61001,5278115840
61002,5278738432
61003,5279361024
61004,5279983616
61005,5280606208
61006,5281228800
61007,5281851392
61008,5282475008
61009,5283098624
61010,5283722240
61011,5284345856
61012,5284969472
61013,5285593088
61014,5286216704
61015,5286840320
61016,5287463936
61017,5288087552
61018,5288711168
61019,5289334784
61020,5289958400
61021,5290583040
61022,5291207680
61023,5291832320
61024,5292456960
61025,5293081600
61026,5293707264
61027,5294332928
61028,5294958592
61029,5295584256
61030,5296209920
61031,5296835584
61032,5297462272
61033,5298088960
61034,5298715648
61035,5299342336
61036,5299969024
61037,5300596736
61038,5301224448
61039,5301852160
61040,5302479872
61041,5303107584
61042,5303735296
61043,5304364032
61044,5304992768
61045,5305621504
61046,5306250240
61047,5306878976
61048,5307507712
61049,5308136448
61050,5308765184
61051,5309393920
61052,5310022656
61053,5310651392
61054,5311280128
61055,5311908864
61056,5312538624
61057,5313168384
61058,5313798144
61059,5314427904
61060,5315057664
61061,5315687424
61062,5316317184
61063,5316946944
61064,5317576704
61065,5318206464
61066,5318836224
61067,5319465984
61068,5320096768
61069,5320727552
61070,5321358336
61071,5321989120
61072,5322619904
61073,5323250688
61074,5323881472
61075,5324513280
61076,5325145088
61077,5325776896
61078,5326408704
61079,5327040512
61080,5327672320
61081,5328305152
61082,5328937984
61083,5329570816
61084,5330203648
61085,5330836480
61086,5331470336
61087,5332104192
61088,5332739072
61089,5333373952
61090,5334008832
61091,5334643712
61092,5335278592
61093,5335914496
61094,5336550400
61095,5337186304
61096,5337822208
61097,5338458112
61098,5339094016
61099,5339729920
61100,5340365824
61101,5341001728
61102,5341638656
61103,5342275584
61104,5342912512
61105,5343549440
61106,5344186368
61107,5344823296
61108,5345460224
61109,5346098176
61110,5346736128
61111,5347374080
61112,5348012032
61113,5348649984
61114,5349287936
61115,5349925888
61116,5350564864
61117,5351203840
61118,5351842816
61119,5352481792
61120,5353120768
61121,5353759744
61122,5354398720
61123,5355037696
61124,5355676672
61125,5356315648
61126,5356954624
61127,5357593600
61128,5358233600
61129,5358873600
61130,5359513600
61131,5360153600
61132,5360793600
61133,5361433600
61134,5362073600
61135,5362714624
61136,5363355648
61137,5363996672
61138,5364637696
61139,5365278720
61140,5365919744
61141,5366561792
61142,5367203840
61143,5367845888
61144,5368487936
61145,5369131008
61146,5369774080
61147,5370417152
61148,5371060224
61149,5371703296
61150,5372346368
61151,5372989440
61152,5373632512
61153,5374276608
61154,5374920704
61155,5375564800
61156,5376208896
61157,5376852992
61158,5377498112
61159,5378143232
61160,5378788352
61161,5379433472
61162,5380078592
61163,5380723712
61164,5381368832
61165,5382014976
61166,5382661120
61167,5383307264
61168,5383953408
61169,5384599552
61170,5385246720
61171,5385893888
61172,5386541056
61173,5387188224
61174,5387836416
61175,5388484608
61176,5389132800
61177,5389780992
61178,5390429184
61179,5391077376
61180,5391725568
61181,5392374784
61182,5393024000
61183,5393673216
61184,5394322432
61185,5394971648
61186,5395620864
61187,5396270080
61188,5396919296
61189,5397568512
61190,5398217728
61191,5398866944
61192,5399516160
61193,5400166400
61194,5400816640
61195,5401466880
61196,5402117120
61197,5402767360
61198,5403417600
61199,5404068864
61200,5404720128
61201,5405371392
61202,5406022656
61203,5406673920
61204,5407325184
61205,5407976448
61206,5408628736
61207,5409281024
61208,5409933312
61209,5410585600
61210,5411237888
61211,5411890176
61212,5412542464
61213,5413194752
61214,5413847040
61215,5414499328
61216,5415151616
61217,5415803904
61218,5416456192
61219,5417109504
61220,5417762816
61221,5418416128
61222,5419069440
61223,5419722752
61224,5420377088
61225,5421031424
61226,5421685760
61227,5422340096
61228,5422994432
61229,5423648768
61230,5424303104
61231,5424957440
61232,5425612800
61233,5426268160
61234,5426923520
61235,5427578880
61236,5428234240
61237,5428889600
61238,5429544960
61239,5430201344
61240,5430857728
61241,5431514112
61242,5432170496
61243,5432826880
61244,5433483264
61245,5434139648
61246,5434796032
61247,5435452416
61248,5436108800
61249,5436765184
61250,5437422592
61251,5438080000
61252,5438737408
61253,5439394816
61254,5440052224
61255,5440710656
61256,5441369088
61257,5442027520
61258,5442685952
61259,5443344384
61260,5444002816
61261,5444662272
61262,5445321728
61263,5445981184
61264,5446640640
61265,5447300096
61266,5447959552
61267,5448619008
61268,5449278464
61269,5449937920
61270,5450597376
61271,5451256832
61272,5451916288
61273,5452576768
61274,5453237248
61275,5453897728
61276,5454558208
61277,5455218688
61278,5455879168
61279,5456539648
61280,5457200128
61281,5457860608
61282,5458521088
61283,5459182592
61284,5459844096
61285,5460505600
61286,5461167104
61287,5461828608
61288,5462491136
61289,5463153664
61290,5463816192
61291,5464478720
61292,5465141248
61293,5465803776
61294,5466467328
61295,5467130880
61296,5467794432
61297,5468457984
61298,5469122560
61299,5469787136
61300,5470451712
61301,5471116288
61302,5471780864
61303,5472446464
61304,5473112064
61305,5473777664
61306,5474443264
61307,5475109888
61308,5475776512
61309,5476443136
61310,5477109760
61311,5477776384
61312,5478443008
61313,5479110656
61314,5479778304
61315,5480445952
61316,5481113600
61317,5481781248
61318,5482449920
61319,5483118592
61320,5483787264
61321,5484455936
61322,5485124608
61323,5485793280
61324,5486461952
61325,5487131648
61326,5487801344
61327,5488471040
61328,5489140736
61329,5489811456
61330,5490482176
61331,5491152896
61332,5491823616
61333,5492494336
61334,5493166080
61335,5493837824
61336,5494509568
61337,5495181312
61338,5495853056
61339,5496524800
61340,5497196544
61341,5497868288
61342,5498540032
61343,5499212800
61344,5499885568
61345,5500558336
61346,5501231104
61347,5501903872
61348,5502577664
61349,5503251456
61350,5503925248
61351,5504599040
61352,5505272832
61353,5505946624
61354,5506620416
61355,5507295232
61356,5507970048
61357,5508644864
61358,5509319680
61359,5509994496
61360,5510669312
61361,5511344128
61362,5512018944
61363,5512694784
61364,5513370624
61365,5514046464
61366,5514722304
61367,5515398144
61368,5516073984
61369,5516749824
61370,5517425664
61371,5518102528
61372,5518779392
61373,5519456256
61374,5520133120
61375,5520809984
61376,5521487872
61377,5522165760
61378,5522843648
61379,5523521536
61380,5524199424
61381,5524877312
61382,5525555200
61383,5526233088
61384,5526910976
61385,5527589888
61386,5528268800
61387,5528947712
61388,5529626624
61389,5530305536
61390,5530984448
61391,5531664384
61392,5532344320
61393,5533024256
61394,5533704192
61395,5534385152
61396,5535066112
61397,5535747072
61398,5536428032
61399,5537108992
61400,5537789952
61401,5538470912
61402,5539152896
61403,5539834880
61404,5540516864
61405,5541198848
61406,5541880832
61407,5542563840
61408,5543246848
61409,5543929856
61410,5544612864
61411,5545295872
61412,5545978880
61413,5546662912
61414,5547346944
61415,5548032000
61416,5548717056
61417,5549402112
61418,5550087168
61419,5550772224
61420,5551457280
61421,5552142336
61422,5552827392
61423,5553512448
61424,5554197504
61425,5554883584
61426,5555569664
61427,5556255744
61428,5556942848
61429,5557629952
61430,5558317056
61431,5559004160
61432,5559691264
61433,5560378368
61434,5561065472
61435,5561753600
61436,5562441728
61437,5563129856
61438,5563817984
61439,5564506112
61440,5565194240
61441,5565882368
61442,5566570496
61443,5567259648
61444,5567948800
61445,5568637952
61446,5569327104
61447,5570016256
61448,5570705408
61449,5571395584
61450,5572085760
61451,5572775936
61452,5573466112
61453,5574156288
61454,5574846464
61455,5575537664
61456,5576228864
61457,5576920064
61458,5577612288
61459,5578304512
61460,5578996736
61461,5579688960
61462,5580381184
61463,5581073408
61464,5581766656
61465,5582459904
61466,5583153152
61467,5583846400
61468,5584539648
61469,5585232896
61470,5585926144
61471,5586620416
61472,5587314688
61473,5588008960
61474,5588703232
61475,5589397504
61476,5590091776
61477,5590786048
61478,5591481344
61479,5592176640
61480,5592871936
61481,5593568256
61482,5594264576
61483,5594960896
61484,5595657216
61485,5596353536
61486,5597049856
61487,5597746176
61488,5598442496
61489,5599139840
61490,5599837184
61491,5600534528
61492,5601231872
61493,5601930240
61494,5602628608
61495,5603326976
61496,5604025344
61497,5604723712
61498,5605422080
61499,5606121472
61500,5606820864
61501,5607520256
61502,5608219648
61503,5608919040
61504,5609618432
61505,5610317824
61506,5611018240
61507,5611718656
61508,5612419072
61509,5613119488
61510,5613819904
61511,5614520320
61512,5615221760
61513,5615923200
61514,5616624640
61515,5617326080
61516,5618027520
61517,5618728960
61518,5619430400
61519,5620131840
61520,5620833280
61521,5621534720
61522,5622237184
61523,5622939648
61524,5623642112
61525,5624345600
61526,5625049088
61527,5625752576
61528,5626456064
61529,5627159552
61530,5627863040
61531,5628566528
61532,5629270016
61533,5629973504
61534,5630676992
61535,5631380480
61536,5632083968
61537,5632787456
61538,5633490944
61539,5634194432
61540,5634897920
61541,5635602432
61542,5636306944
61543,5637011456
61544,5637715968
61545,5638420480
61546,5639124992
61547,5639829504
61548,5640534016
61549,5641239552
61550,5641945088
61551,5642650624
61552,5643356160
61553,5644061696
61554,5644767232
61555,5645472768
61556,5646178304
61557,5646883840
61558,5647589376
61559,5648295936
61560,5649002496
61561,5649709056
61562,5650415616
61563,5651122176
61564,5651828736
61565,5652535296
61566,5653241856
61567,5653948416
61568,5654656000
61569,5655363584
61570,5656071168
61571,5656779776
61572,5657488384
61573,5658196992
61574,5658905600
61575,5659614208
61576,5660322816
61577,5661031424
61578,5661740032
61579,5662449664
61580,5663159296
61581,5663868928
61582,5664578560
61583,5665288192
61584,5665998848
61585,5666709504
61586,5667420160
61587,5668130816
61588,5668841472
61589,5669552128
61590,5670263808
61591,5670975488
61592,5671687168
61593,5672398848
61594,5673111552
61595,5673824256
61596,5674536960
61597,5675249664
61598,5675962368
61599,5676675072
61600,5677387776
61601,5678100480
61602,5678814208
61603,5679527936
61604,5680241664
61605,5680955392
61606,5681669120
61607,5682382848
61608,5683096576
61609,5683811328
61610,5684526080
61611,5685240832
61612,5685955584
61613,5686670336
61614,5687385088
61615,5688100864
61616,5688816640
61617,5689532416
61618,5690248192
61619,5690963968
61620,5691679744
61621,5692395520
61622,5693111296
61623,5693827072
61624,5694542848
61625,5695259648
61626,5695976448
61627,5696693248
61628,5697410048
61629,5698126848
61630,5698843648
61631,5699560448
61632,5700278272
61633,5700996096
61634,5701713920
61635,5702431744
61636,5703149568
61637,5703867392
61638,5704585216
61639,5705303040
61640,5706020864
61641,5706739712
61642,5707458560
61643,5708177408
61644,5708897280
61645,5709617152
61646,5710337024
61647,5711056896
61648,5711777792
61649,5712498688
61650,5713220608
61651,5713942528
61652,5714664448
61653,5715386368
61654,5716109312
61655,5716832256
61656,5717555200
61657,5718278144
61658,5719001088
61659,5719724032
61660,5720448000
61661,5721171968
61662,5721895936
61663,5722619904
61664,5723343872
61665,5724068864
61666,5724793856
61667,5725518848
61668,5726243840
61669,5726969856
61670,5727695872
61671,5728421888
61672,5729147904
61673,5729873920
61674,5730599936
61675,5731326976
61676,5732054016
61677,5732781056
61678,5733508096
61679,5734235136
61680,5734963200
61681,5735691264
61682,5736419328
61683,5737147392
61684,5737875456
61685,5738603520
61686,5739332608
61687,5740061696
61688,5740790784
61689,5741519872
61690,5742248960
61691,5742978048
61692,5743707136
61693,5744436224
61694,5745166336
61695,5745896448
61696,5746626560
61697,5747356672
61698,5748087808
61699,5748818944
61700,5749550080
61701,5750281216
61702,5751012352
61703,5751743488
61704,5752475648
61705,5753207808
61706,5753939968
61707,5754672128
61708,5755404288
61709,5756137472
61710,5756870656
61711,5757603840
61712,5758337024
61713,5759070208
61714,5759803392
61715,5760536576
61716,5761269760
61717,5762002944
61718,5762736128
61719,5763469312
61720,5764203520
61721,5764937728
61722,5765671936
61723,5766407168
61724,5767142400
61725,5767877632
61726,5768613888
61727,5769350144
61728,5770086400
61729,5770822656
61730,5771558912
61731,5772295168
61732,5773031424
61733,5773768704
61734,5774505984
61735,5775243264
61736,5775980544
61737,5776717824
61738,5777455104
61739,5778192384
61740,5778929664
61741,5779666944
61742,5780405248
61743,5781143552
61744,5781881856
61745,5782621184
61746,5783360512
61747,5784099840
61748,5784839168
61749,5785578496
61750,5786317824
61751,5787058176
61752,5787798528
61753,5788538880
61754,5789279232
61755,5790019584
61756,5790759936
61757,5791500288
61758,5792241664
61759,5792983040
61760,5793724416
61761,5794465792
61762,5795207168
61763,5795948544
61764,5796690944
61765,5797433344
61766,5798175744
61767,5798918144
61768,5799660544
61769,5800402944
61770,5801145344
61771,5801887744
61772,5802630144
61773,5803372544
61774,5804115968
61775,5804859392
61776,5805602816
61777,5806346240
61778,5807089664
61779,5807833088
61780,5808576512
61781,5809319936
61782,5810064384
61783,5810808832
61784,5811553280
61785,5812297728
61786,5813043200
61787,5813788672
61788,5814534144
61789,5815279616
61790,5816025088
61791,5816771584
61792,5817518080
61793,5818264576
61794,5819011072
61795,5819757568
61796,5820504064
61797,5821251584
61798,5821999104
61799,5822746624
61800,5823494144
61801,5824241664
61802,5824989184
61803,5825736704
61804,5826485248
61805,5827233792
61806,5827982336
61807,5828730880
61808,5829480448
61809,5830230016
61810,5830979584
61811,5831729152
61812,5832478720
61813,5833228288
61814,5833977856
61815,5834727424
61816,5835478016
61817,5836228608
61818,5836979200
61819,5837729792
61820,5838481408
61821,5839233024
61822,5839984640
61823,5840736256
61824,5841487872
61825,5842239488
61826,5842991104
61827,5843743744
61828,5844496384
61829,5845249024
61830,5846002688
61831,5846756352
61832,5847510016
61833,5848263680
61834,5849017344
61835,5849771008
61836,5850524672
61837,5851279360
61838,5852034048
61839,5852788736
61840,5853543424
61841,5854298112
61842,5855052800
61843,5855807488
61844,5856562176
61845,5857316864
61846,5858072576
61847,5858828288
61848,5859584000
61849,5860339712
61850,5861096448
61851,5861853184
61852,5862609920
61853,5863366656
61854,5864124416
61855,5864882176
61856,5865639936
61857,5866397696
61858,5867155456
61859,5867913216
61860,5868670976
61861,5869429760
61862,5870188544
61863,5870947328
61864,5871706112
61865,5872464896
61866,5873223680
61867,5873982464
61868,5874741248
61869,5875500032
61870,5876259840
61871,5877019648
61872,5877779456
61873,5878539264
61874,5879300096
61875,5880060928
61876,5880821760
61877,5881582592
61878,5882343424
61879,5883105280
61880,5883867136
61881,5884628992
61882,5885390848
61883,5886152704
61884,5886914560
61885,5887677440
61886,5888440320
61887,5889203200
61888,5889966080
61889,5890728960
61890,5891492864
61891,5892256768
61892,5893020672
61893,5893784576
61894,5894548480
61895,5895312384
61896,5896076288
61897,5896840192
61898,5897605120
61899,5898370048
61900,5899134976
61901,5899899904
61902,5900664832
61903,5901429760
61904,5902195712
61905,5902961664
61906,5903727616
61907,5904493568
61908,5905259520
61909,5906025472
61910,5906791424
61911,5907557376
61912,5908323328
61913,5909090304
61914,5909857280
61915,5910624256
61916,5911392256
61917,5912160256
61918,5912928256
61919,5913697280
61920,5914466304
61921,5915235328
61922,5916004352
61923,5916774400
61924,5917544448
61925,5918314496
61926,5919084544
61927,5919854592
61928,5920625664
61929,5921396736
61930,5922167808
61931,5922938880
61932,5923710976
61933,5924483072
61934,5925255168
61935,5926027264
61936,5926799360
61937,5927571456
61938,5928343552
61939,5929115648
61940,5929887744
61941,5930659840
61942,5931432960
61943,5932206080
61944,5932979200
61945,5933752320
61946,5934526464
61947,5935300608
61948,5936074752
61949,5936848896
61950,5937623040
61951,5938397184
61952,5939172352
61953,5939947520
61954,5940722688
61955,5941498880
61956,5942275072
61957,5943051264
61958,5943827456
61959,5944603648
61960,5945379840
61961,5946156032
61962,5946932224
61963,5947709440
61964,5948486656
61965,5949263872
61966,5950041088
61967,5950818304
61968,5951595520
61969,5952373760
61970,5953152000
61971,5953930240
61972,5954709504
61973,5955488768
61974,5956268032
61975,5957047296
61976,5957826560
61977,5958605824
61978,5959385088
61979,5960165376
61980,5960945664
61981,5961725952
61982,5962506240
61983,5963286528
61984,5964067840
61985,5964849152
61986,5965631488
61987,5966413824
61988,5967196160
61989,5967978496
61990,5968760832
61991,5969543168
61992,5970325504
61993,5971107840
61994,5971891200
61995,5972674560
61996,5973457920
61997,5974242304
61998,5975026688
61999,5975811072
62000,5976595456
62001,5977380864
62002,5978166272
62003,5978951680
62004,5979737088
62005,5980523520
62006,5981309952
62007,5982096384
62008,5982882816
62009,5983669248
62010,5984456704
62011,5985244160
62012,5986031616
62013,5986819072
62014,5987606528
62015,5988393984
62016,5989181440
62017,5989968896
62018,5990756352
62019,5991544832
62020,5992333312
62021,5993121792
62022,5993910272
62023,5994698752
62024,5995487232
62025,5996276736
62026,5997066240
62027,5997855744
62028,5998645248
62029,5999434752
62030,6000224256
62031,6001013760
62032,6001803264
62033,6002593792
62034,6003384320
62035,6004174848
62036,6004965376
62037,6005755904
62038,6006546432
62039,6007336960
62040,6008128512
62041,6008920064
62042,6009711616
62043,6010504192
62044,6011296768
62045,6012090368
62046,6012883968
62047,6013677568
62048,6014471168
62049,6015264768
62050,6016058368
62051,6016851968
62052,6017646592
62053,6018441216
62054,6019235840
62055,6020030464
62056,6020825088
62057,6021619712
62058,6022415360
62059,6023211008
62060,6024006656
62061,6024802304
62062,6025598976
62063,6026395648
62064,6027192320
62065,6027990016
62066,6028787712
62067,6029585408
62068,6030384128
62069,6031182848
62070,6031981568
62071,6032781312
62072,6033581056
62073,6034380800
62074,6035180544
62075,6035980288
62076,6036781056
62077,6037581824
62078,6038382592
62079,6039183360
62080,6039984128
62081,6040785920
62082,6041587712
62083,6042389504
62084,6043191296
62085,6043993088
62086,6044794880
62087,6045596672
62088,6046399488
62089,6047202304
62090,6048006144
62091,6048809984
62092,6049614848
62093,6050419712
62094,6051224576
62095,6052029440
62096,6052835328
62097,6053641216
62098,6054448128
62099,6055255040
62100,6056061952
62101,6056869888
62102,6057677824
62103,6058485760
62104,6059293696
62105,6060102656
62106,6060911616
62107,6061720576
62108,6062529536
62109,6063339520
62110,6064149504
62111,6064960512
62112,6065771520
62113,6066582528
62114,6067394560
62115,6068206592
62116,6069018624
62117,6069830656
62118,6070642688
62119,6071454720
62120,6072266752
62121,6073078784
62122,6073890816
62123,6074703872
62124,6075516928
62125,6076329984
62126,6077143040
62127,6077956096
62128,6078770176
62129,6079584256
62130,6080398336
62131,6081212416
62132,6082027520
62133,6082842624
62134,6083657728
62135,6084472832
62136,6085288960
62137,6086105088
62138,6086921216
62139,6087738368
62140,6088555520
62141,6089372672
62142,6090189824
62143,6091006976
62144,6091825152
62145,6092643328
62146,6093462528
62147,6094281728
62148,6095101952
62149,6095922176
62150,6096743424
62151,6097564672
62152,6098385920
62153,6099207168
62154,6100028416
62155,6100849664
62156,6101670912
62157,6102493184
62158,6103315456
62159,6104137728
62160,6104961024
62161,6105784320
62162,6106607616
62163,6107430912
62164,6108255232
62165,6109079552
62166,6109903872
62167,6110728192
62168,6111552512
62169,6112376832
62170,6113201152
62171,6114026496
62172,6114851840
62173,6115677184
62174,6116502528
62175,6117327872
62176,6118153216
62177,6118979584
62178,6119805952
62179,6120633344
62180,6121460736
62181,6122289152
62182,6123117568
62183,6123945984
62184,6124775424
62185,6125604864
62186,6126434304
62187,6127264768
62188,6128096256
62189,6128927744
62190,6129759232
62191,6130590720
62192,6131423232
62193,6132255744
62194,6133088256
62195,6133920768
62196,6134754304
62197,6135587840
62198,6136421376
62199,6137254912
62200,6138088448
62201,6138921984
62202,6139756544
62203,6140591104
62204,6141425664
62205,6142260224
62206,6143094784
62207,6143930368
62208,6144765952
62209,6145601536
62210,6146438144
62211,6147274752
62212,6148111360
62213,6148947968
62214,6149784576
62215,6150621184
62216,6151457792
62217,6152295424
62218,6153133056
62219,6153971712
62220,6154810368
62221,6155649024
62222,6156487680
62223,6157327360
62224,6158167040
62225,6159006720
62226,6159846400
62227,6160686080
62228,6161525760
62229,6162366464
62230,6163207168
62231,6164047872
62232,6164888576
62233,6165729280
62234,6166571008
62235,6167412736
62236,6168254464
62237,6169097216
62238,6169939968
62239,6170782720
62240,6171625472
62241,6172469248
62242,6173313024
62243,6174156800
62244,6175001600
62245,6175846400
62246,6176691200
62247,6177537024
62248,6178382848
62249,6179229696
62250,6180076544
62251,6180923392
62252,6181770240
62253,6182617088
62254,6183464960
62255,6184312832
62256,6185160704
62257,6186009600
62258,6186858496
62259,6187707392
62260,6188557312
62261,6189407232
62262,6190257152
62263,6191107072
62264,6191958016
62265,6192808960
62266,6193660928
62267,6194512896
62268,6195364864
62269,6196217856
62270,6197070848
62271,6197924864
62272,6198778880
62273,6199633920
62274,6200488960
62275,6201344000
62276,6202200064
62277,6203056128
62278,6203912192
62279,6204768256
62280,6205625344
62281,6206482432
62282,6207339520
62283,6208196608
62284,6209053696
62285,6209911808
62286,6210769920
62287,6211629056
62288,6212488192
62289,6213347328
62290,6214206464
62291,6215065600
62292,6215925760
62293,6216785920
62294,6217646080
62295,6218506240
62296,6219367424
62297,6220228608
62298,6221090816
62299,6221953024
62300,6222816256
62301,6223680512
62302,6224544768
62303,6225409024
62304,6226274304
62305,6227140608
62306,6228006912
62307,6228873216
62308,6229739520
62309,6230606848
62310,6231474176
62311,6232341504
62312,6233208832
62313,6234077184
62314,6234945536
62315,6235813888
62316,6236683264
62317,6237552640
62318,6238423040
62319,6239293440
62320,6240163840
62321,6241034240
62322,6241904640
62323,6242775040
62324,6243645440
62325,6244516864
62326,6245389312
62327,6246261760
62328,6247135232
62329,6248008704
62330,6248882176
62331,6249757696
62332,6250633216
62333,6251509760
62334,6252386304
62335,6253262848
62336,6254139392
62337,6255016960
62338,6255894528
62339,6256772096
62340,6257649664
62341,6258527232
62342,6259405824
62343,6260285440
62344,6261166080
62345,6262046720
62346,6262927360
62347,6263808000
62348,6264689664
62349,6265571328
62350,6266452992
62351,6267335680
62352,6268218368
62353,6269101056
62354,6269983744
62355,6270867456
62356,6271751168
62357,6272634880
62358,6273518592
62359,6274403328
62360,6275288064
62361,6276172800
62362,6277057536
62363,6277943296
62364,6278829056
62365,6279715840
62366,6280602624
62367,6281489408
62368,6282376192
62369,6283264000
62370,6284151808
62371,6285039616
62372,6285927424
62373,6286815232
62374,6287704064
62375,6288592896
62376,6289482752
62377,6290372608
62378,6291262464
62379,6292152320
62380,6293044224
62381,6293938176
62382,6294833152
62383,6295728128
62384,6296623104
62385,6297519104
62386,6298415104
62387,6299312128
62388,6300209152
62389,6301106176
62390,6302003200
62391,6302900224
62392,6303798272
62393,6304696320
62394,6305594368
62395,6306492416
62396,6307391488
62397,6308291584
62398,6309191680
62399,6310091776
62400,6310991872
62401,6311891968
62402,6312792064
62403,6313692160
62404,6314593280
62405,6315494400
62406,6316395520
62407,6317296640
62408,6318197760
62409,6319099904
62410,6320002048
62411,6320904192
62412,6321806336
62413,6322709504
62414,6323613696
62415,6324517888
62416,6325422080
62417,6326326272
62418,6327231488
62419,6328136704
62420,6329041920
62421,6329947136
62422,6330852352
62423,6331757568
62424,6332662784
62425,6333569024
62426,6334476288
62427,6335384576
62428,6336292864
62429,6337201152
62430,6338110464
62431,6339019776
62432,6339929088
62433,6340839424
62434,6341749760
62435,6342660096
62436,6343571456
62437,6344482816
62438,6345394176
62439,6346305536
62440,6347217920
62441,6348130304
62442,6349042688
62443,6349956096
62444,6350869504
62445,6351782912
62446,6352696320
62447,6353609728
62448,6354523136
62449,6355437568
62450,6356352000
62451,6357267456
62452,6358182912
62453,6359098368
62454,6360013824
62455,6360929280
62456,6361845760
62457,6362762240
62458,6363678720
62459,6364595200
62460,6365511680
62461,6366428160
62462,6367345664
62463,6368263168
62464,6369180672
62465,6370099200
62466,6371018752
62467,6371938304
62468,6372858880
62469,6373779456
62470,6374701056
62471,6375622656
62472,6376545280
62473,6377467904
62474,6378390528
62475,6379313152
62476,6380235776
62477,6381159424
62478,6382084096
62479,6383009792
62480,6383935488
62481,6384861184
62482,6385787904
62483,6386714624
62484,6387641344
62485,6388569088
62486,6389496832
62487,6390424576
62488,6391352320
62489,6392280064
62490,6393207808
62491,6394136576
62492,6395066368
62493,6395996160
62494,6396926976
62495,6397858816
62496,6398790656
62497,6399723520
62498,6400656384
62499,6401589248
62500,6402523136
62501,6403457024
62502,6404391936
62503,6405326848
62504,6406261760
62505,6407198720
62506,6408136704
62507,6409074688
62508,6410012672
62509,6410950656
62510,6411888640
62511,6412827648
62512,6413766656
62513,6414705664
62514,6415645696
62515,6416585728
62516,6417525760
62517,6418466816
62518,6419407872
62519,6420349952
62520,6421293056
62521,6422236160
62522,6423180288
62523,6424124416
62524,6425069568
62525,6426014720
62526,6426959872
62527,6427905024
62528,6428851200
62529,6429797376
62530,6430743552
62531,6431690752
62532,6432637952
62533,6433585152
62534,6434532352
62535,6435479552
62536,6436427776
62537,6437376000
62538,6438324224
62539,6439272448
62540,6440220672
62541,6441168896
62542,6442117120
62543,6443066368
62544,6444015616
62545,6444966912
62546,6445918208
62547,6446869504
62548,6447820800
62549,6448772096
62550,6449723392
62551,6450674688
62552,6451625984
62553,6452578304
62554,6453530624
62555,6454482944
62556,6455436288
62557,6456389632
62558,6457344000
62559,6458298368
62560,6459252736
62561,6460207104
62562,6461162496
62563,6462117888
62564,6463073280
62565,6464029696
62566,6464986112
62567,6465942528
62568,6466899968
62569,6467858432
62570,6468816896
62571,6469776384
62572,6470735872
62573,6471695360
62574,6472655872
62575,6473617408
62576,6474578944
62577,6475540480
62578,6476502016
62579,6477464576
62580,6478427136
62581,6479389696
62582,6480352256
62583,6481315840
62584,6482280448
62585,6483247104
62586,6484213760
62587,6485180416
62588,6486147072
62589,6487113728
62590,6488080384
62591,6489047040
62592,6490014720
62593,6490982400
62594,6491950080
62595,6492918784
62596,6493887488
62597,6494856192
62598,6495825920
62599,6496795648
62600,6497765376
62601,6498736128
62602,6499706880
62603,6500677632
62604,6501648384
62605,6502620160
62606,6503593984
62607,6504567808
62608,6505541632
62609,6506515456
62610,6507490304
62611,6508465152
62612,6509441024
62613,6510416896
62614,6511393792
62615,6512370688
62616,6513348608
62617,6514326528
62618,6515304448
62619,6516283392
62620,6517263360
62621,6518244352
62622,6519225344
62623,6520207360
62624,6521189376
62625,6522172416
62626,6523155456
62627,6524139520
62628,6525123584
62629,6526108672
62630,6527093760
62631,6528078848
62632,6529063936
62633,6530050048
62634,6531036160
62635,6532022272
62636,6533009408
62637,6533996544
62638,6534984704
62639,6535973888
62640,6536963072
62641,6537953280
62642,6538943488
62643,6539933696
62644,6540923904
62645,6541914112
62646,6542905344
62647,6543896576
62648,6544887808
62649,6545880064
62650,6546873344
62651,6547866624
62652,6548859904
62653,6549854208
62654,6550849536
62655,6551844864
62656,6552841216
62657,6553837568
62658,6554834944
62659,6555834368
62660,6556834816
62661,6557835264
62662,6558835712
62663,6559836160
62664,6560837632
62665,6561839104
62666,6562841600
62667,6563844096
62668,6564846592
62669,6565850112
62670,6566854656
62671,6567859200
62672,6568864768
62673,6569870336
62674,6570876928
62675,6571884544
62676,6572892160
62677,6573899776
62678,6574907392
62679,6575916032
62680,6576924672
62681,6577933312
62682,6578942976
62683,6579952640
62684,6580964352
62685,6581976064
62686,6582988800
62687,6584001536
62688,6585015296
62689,6586030080
62690,6587044864
62691,6588060672
62692,6589076480
62693,6590093312
62694,6591110144
62695,6592126976
62696,6593143808
62697,6594160640
62698,6595177472
62699,6596195328
62700,6597214208
62701,6598233088
62702,6599251968
62703,6600270848
62704,6601290752
62705,6602310656
62706,6603330560
62707,6604351488
62708,6605372416
62709,6606393344
62710,6607414272
62711,6608435200
62712,6609456128
62713,6610477056
62714,6611499008
62715,6612520960
62716,6613542912
62717,6614564864
62718,6615587840
62719,6616612864
62720,6617637888
62721,6618662912
62722,6619688960
62723,6620715008
62724,6621742080
62725,6622770176
62726,6623799296
62727,6624828416
62728,6625857536
62729,6626887680
62730,6627917824
62731,6628947968
62732,6629979136
62733,6631010304
62734,6632043520
62735,6633076736
62736,6634110976
62737,6635145216
62738,6636180480
62739,6637215744
62740,6638251008
62741,6639286272
62742,6640323584
62743,6641361920
62744,6642400256
62745,6643438592
62746,6644476928
62747,6645515264
62748,6646555648
62749,6647597056
62750,6648638464
62751,6649680896
62752,6650723328
62753,6651765760
62754,6652809216
62755,6653852672
62756,6654897152
62757,6655941632
62758,6656986112
62759,6658031616
62760,6659077120
62761,6660123648
62762,6661171200
62763,6662220800
62764,6663270400
62765,6664320000
62766,6665370624
62767,6666421248
62768,6667471872
62769,6668522496
62770,6669574144
62771,6670625792
62772,6671677440
62773,6672729088
62774,6673781760
62775,6674834432
62776,6675887104
62777,6676939776
62778,6677994496
62779,6679049216
62780,6680103936
62781,6681159680
62782,6682216448
62783,6683273216
62784,6684329984
62785,6685386752
62786,6686444544
62787,6687502336
62788,6688561152
62789,6689622016
62790,6690682880
62791,6691744768
62792,6692807680
62793,6693870592
62794,6694934528
62795,6695998464
62796,6697063424
62797,6698128384
62798,6699193344
62799,6700259328
62800,6701326336
62801,6702393344
62802,6703462400
62803,6704531456
62804,6705601536
62805,6706671616
62806,6707741696
62807,6708811776
62808,6709882880
62809,6710953984
62810,6712027136
62811,6713100288
62812,6714173440
62813,6715246592
62814,6716320768
62815,6717394944
62816,6718469120
62817,6719544320
62818,6720619520
62819,6721695744
62820,6722772992
62821,6723850240
62822,6724928512
62823,6726006784
62824,6727085056
62825,6728164352
62826,6729243648
62827,6730323968
62828,6731406336
62829,6732489728
62830,6733574144
62831,6734658560
62832,6735744000
62833,6736830464
62834,6737916928
62835,6739004416
62836,6740091904
62837,6741180416
62838,6742268928
62839,6743357440
62840,6744448000
62841,6745538560
62842,6746630144
62843,6747721728
62844,6748814336
62845,6749906944
62846,6751001600
62847,6752096256
62848,6753192960
62849,6754289664
62850,6755386368
62851,6756485120
62852,6757584896
62853,6758684672
62854,6759784448
62855,6760885248
62856,6761986048
62857,6763088896
62858,6764192768
62859,6765297664
62860,6766402560
62861,6767508480
62862,6768614400
62863,6769722368
62864,6770830336
62865,6771939328
62866,6773048320
62867,6774158336
62868,6775269376
62869,6776380416
62870,6777491456
62871,6778603520
62872,6779715584
62873,6780827648
62874,6781939712
62875,6783053824
62876,6784167936
62877,6785283072
62878,6786398208
62879,6787513344
62880,6788630528
62881,6789747712
62882,6790864896
62883,6791983104
62884,6793101312
62885,6794219520
62886,6795338752
62887,6796457984
62888,6797579264
62889,6798700544
62890,6799821824
62891,6800945152
62892,6802068480
62893,6803192832
62894,6804317184
62895,6805441536
62896,6806566912
62897,6807692288
62898,6808818688
62899,6809945088
62900,6811074560
62901,6812205056
62902,6813336576
62903,6814468096
62904,6815601664
62905,6816735232
62906,6817869824
62907,6819006464
62908,6820144128
62909,6821283840
62910,6822425600
62911,6823568384
62912,6824711168
62913,6825853952
62914,6826996736
62915,6828139520
62916,6829283328
62917,6830428160
62918,6831572992
62919,6832717824
62920,6833863680
62921,6835009536
62922,6836156416
62923,6837303296
62924,6838451200
62925,6839599104
62926,6840747008
62927,6841895936
62928,6843045888
62929,6844195840
62930,6845345792
62931,6846495744
62932,6847647744
62933,6848799744
62934,6849951744
62935,6851104768
62936,6852257792
62937,6853411840
62938,6854565888
62939,6855719936
62940,6856875008
62941,6858030080
62942,6859187200
62943,6860344320
62944,6861502464
62945,6862661632
62946,6863821824
62947,6864982016
62948,6866142208
62949,6867302400
62950,6868462592
62951,6869624832
62952,6870792192
62953,6871959552
62954,6873126912
62955,6874296320
62956,6875465728
62957,6876636160
62958,6877807616
62959,6878979072
62960,6880150528
62961,6881324032
62962,6882497536
62963,6883673088
62964,6884848640
62965,6886024192
62966,6887200768
62967,6888377344
62968,6889555968
62969,6890735616
62970,6891916288
62971,6893096960
62972,6894277632
62973,6895459328
62974,6896641024
62975,6897822720
62976,6899006464
62977,6900191232
62978,6901376000
62979,6902561792
62980,6903747584
62981,6904934400
62982,6906122240
62983,6907311104
62984,6908499968
62985,6909688832
62986,6910879744
62987,6912070656
62988,6913263616
62989,6914456576
62990,6915650560
62991,6916845568
62992,6918040576
62993,6919236608
62994,6920434688
62995,6921632768
62996,6922831872
62997,6924030976
62998,6925231104
62999,6926431232
63000,6927632384
63001,6928834560
63002,6930036736
63003,6931238912
63004,6932442112
63005,6933646336
63006,6934851584
63007,6936057856
63008,6937265152
63009,6938472448
63010,6939680768
63011,6940890112
63012,6942100480
63013,6943311872
63014,6944523264
63015,6945735680
63016,6946948096
63017,6948160512
63018,6949374976
63019,6950589440
63020,6951805952
63021,6953022464
63022,6954240000
63023,6955458560
63024,6956680192
63025,6957902848
63026,6959126528
63027,6960351232
63028,6961575936
63029,6962800640
63030,6964025344
63031,6965251072
63032,6966476800
63033,6967703552
63034,6968931328
63035,6970159104
63036,6971386880
63037,6972614656
63038,6973842432
63039,6975072256
63040,6976305152
63041,6977538048
63042,6978771968
63043,6980005888
63044,6981240832
63045,6982475776
63046,6983711744
63047,6984948736
63048,6986186752
63049,6987424768
63050,6988663808
63051,6989902848
63052,6991142912
63053,6992382976
63054,6993624064
63055,6994865152
63056,6996108288
63057,6997353472
63058,6998598656
63059,6999845888
63060,7001093120
63061,7002343424
63062,7003594752
63063,7004847104
63064,7006102528
63065,7007358976
63066,7008617472
63067,7009875968
63068,7011135488
63069,7012398080
63070,7013661696
63071,7014926336
63072,7016190976
63073,7017456640
63074,7018723328
63075,7019990016
63076,7021256704
63077,7022524416
63078,7023792128
63079,7025060864
63080,7026329600
63081,7027599360
63082,7028869120
63083,7030138880
63084,7031408640
63085,7032679424
63086,7033950208
63087,7035222016
63088,7036494848
63089,7037767680
63090,7039040512
63091,7040314368
63092,7041589248
63093,7042864128
63094,7044140032
63095,7045415936
63096,7046694912
63097,7047973888
63098,7049253888
63099,7050533888
63100,7051819008
63101,7053106176
63102,7054394368
63103,7055683584
63104,7056972800
63105,7058264064
63106,7059555328
63107,7060847616
63108,7062141952
63109,7063437312
63110,7064733696
63111,7066031104
63112,7067328512
63113,7068625920
63114,7069924352
63115,7071222784
63116,7072522240
63117,7073821696
63118,7075122176
63119,7076423680
63120,7077725184
63121,7079026688
63122,7080329216
63123,7081632768
63124,7082937344
63125,7084241920
63126,7085546496
63127,7086852096
63128,7088157696
63129,7089465344
63130,7090774016
63131,7092082688
63132,7093392384
63133,7094702080
63134,7096012800
63135,7097323520
63136,7098635264
63137,7099948032
63138,7101262848
63139,7102577664
63140,7103892480
63141,7105208320
63142,7106525184
63143,7107843072
63144,7109161984
63145,7110482944
63146,7111804928
63147,7113126912
63148,7114449920
63149,7115772928
63150,7117096960
63151,7118422016
63152,7119748096
63153,7121074176
63154,7122400256
63155,7123727360
63156,7125055488
63157,7126383616
63158,7127712768
63159,7129042944
63160,7130373120
63161,7131703296
63162,7133034496
63163,7134366720
63164,7135698944
63165,7137031168
63166,7138364416
63167,7139697664
63168,7141031936
63169,7142368256
63170,7143706624
63171,7145046016
63172,7146386432
63173,7147726848
63174,7149067264
63175,7150409728
63176,7151753216
63177,7153097728
63178,7154442240
63179,7155787776
63180,7157137408
63181,7158487040
63182,7159840768
63183,7161194496
63184,7162553344
63185,7163913216
63186,7165275136
63187,7166637056
63188,7168001024
63189,7169366016
63190,7170733056
63191,7172101120
63192,7173470208
63193,7174840320
63194,7176210432
63195,7177580544
63196,7178953728
63197,7180327936
63198,7181703168
63199,7183078400
63200,7184454656
63201,7185833984
63202,7187214336
63203,7188594688
63204,7189975040
63205,7191356416
63206,7192737792
63207,7194119168
63208,7195500544
63209,7196882944
63210,7198266368
63211,7199649792
63212,7201037312
63213,7202425856
63214,7203814400
63215,7205206016
63216,7206598656
63217,7207991296
63218,7209384960
63219,7210778624
63220,7212173312
63221,7213569024
63222,7214965760
63223,7216363520
63224,7217761280
63225,7219161088
63226,7220560896
63227,7221962752
63228,7223364608
63229,7224766464
63230,7226169344
63231,7227572224
63232,7228975104
63233,7230379008
63234,7231784960
63235,7233192960
63236,7234600960
63237,7236008960
63238,7237417984
63239,7238830080
63240,7240243200
63241,7241656320
63242,7243070464
63243,7244484608
63244,7245903872
63245,7247325184
63246,7248747520
63247,7250171904
63248,7251602432
63249,7253032960
63250,7254464512
63251,7255896064
63252,7257329664
63253,7258765312
63254,7260201984
63255,7261638656
63256,7263075328
63257,7264517120
63258,7265960960
63259,7267404800
63260,7268852736
63261,7270301696
63262,7271750656
63263,7273201664
63264,7274652672
63265,7276104704
63266,7277557760
63267,7279010816
63268,7280464896
63269,7281922048
63270,7283380224
63271,7284838400
63272,7286300672
63273,7287763968
63274,7289229312
63275,7290697728
63276,7292166144
63277,7293635584
63278,7295108096
63279,7296580608
63280,7298054144
63281,7299527680
63282,7301004288
63283,7302483968
63284,7303963648
63285,7305447424
63286,7306933248
63287,7308420096
63288,7309907968
63289,7311396864
63290,7312885760
63291,7314374656
63292,7315867648
63293,7317362688
63294,7318860800
63295,7320359936
63296,7321861120
63297,7323363328
63298,7324866560
63299,7326370816
63300,7327876096
63301,7329381376
63302,7330887680
63303,7332398080
63304,7333908480
63305,7335419904
63306,7336931328
63307,7338444800
63308,7339960320
63309,7341476864
63310,7342994432
63311,7344513024
63312,7346036736
63313,7347562496
63314,7349088256
63315,7350615040
63316,7352141824
63317,7353671680
63318,7355201536
63319,7356735488
63320,7358272512
63321,7359810560
63322,7361349632
63323,7362891776
63324,7364436992
63325,7365983232
63326,7367530496
63327,7369084928
63328,7370641408
63329,7372198912
63330,7373758464
63331,7375318016
63332,7376877568
63333,7378441216
63334,7380005888
63335,7381571584
63336,7383139328
63337,7384708096
63338,7386277888
63339,7387849728
63340,7389422592
63341,7390995456
63342,7392570368
63343,7394146304
63344,7395722240
63345,7397298176
63346,7398876160
63347,7400454144
63348,7402033152
63349,7403616256
63350,7405205504
63351,7406795776
63352,7408390144
63353,7409985536
63354,7411581952
63355,7413178368
63356,7414775808
63357,7416376320
63358,7417976832
63359,7419582464
63360,7421189120
63361,7422795776
63362,7424405504
63363,7426023424
63364,7427643392
63365,7429266432
63366,7430892544
63367,7432520704
63368,7434149888
63369,7435782144
63370,7437416448
63371,7439051776
63372,7440691200
63373,7442332672
63374,7443981312
63375,7445630976
63376,7447285760
63377,7448951808
63378,7450617856
63379,7452284928
63380,7453953024
63381,7455628288
63382,7457304576
63383,7458982912
63384,7460664320
63385,7462346752
63386,7464033280
63387,7465726976
63388,7467421696
63389,7469117440
63390,7470814208
63391,7472513024
63392,7474212864
63393,7475912704
63394,7477615616
63395,7479318528
63396,7481022464
63397,7482731520
63398,7484440576
63399,7486153728
63400,7487868928
63401,7489584128
63402,7491306496
63403,7493030912
63404,7494755328
63405,7496479744
63406,7498204160
63407,7499929600
63408,7501656064
63409,7503384576
63410,7505113088
63411,7506845696
63412,7508579328
63413,7510320128
63414,7512062976
63415,7513811968
63416,7515561984
63417,7517313024
63418,7519066112
63419,7520820224
63420,7522575360
63421,7524331520
63422,7526088704
63423,7527848960
63424,7529609216
63425,7531370496
63426,7533132800
63427,7534896128
63428,7536660480
63429,7538424832
63430,7540192256
63431,7541960704
63432,7543736320
63433,7545513984
63434,7547296768
63435,7549082624
63436,7550872576
63437,7552662528
63438,7554452480
63439,7556244480
63440,7558038528
63441,7559833600
63442,7561633792
63443,7563436032
63444,7565241344
63445,7567052800
63446,7568868352
63447,7570683904
63448,7572504576
63449,7574327296
63450,7576150016
63451,7577976832
63452,7579804672
63453,7581632512
63454,7583461376
63455,7585291264
63456,7587135488
63457,7588987904
63458,7590840320
63459,7592694784
63460,7594558464
63461,7596432384
63462,7598317568
63463,7600205824
63464,7602094080
63465,7603985408
63466,7605877760
63467,7607771136
63468,7609666560
63469,7611563008
63470,7613461504
63471,7615361024
63472,7617262592
63473,7619179520
63474,7621102592
63475,7623037952
63476,7624983552
63477,7626942464
63478,7628907520
63479,7630873600
63480,7632844800
63481,7634830336
63482,7636815872
63483,7638805504
63484,7640795136
63485,7642787840
63486,7644780544
63487,7646774272
63488,7648772096
63489,7650778112
63490,7652792320
63491,7654806528
63492,7656823808
63493,7658859520
63494,7660896256
63495,7662936064
63496,7664975872
63497,7667021824
63498,7669074944
63499,7671139328
63500,7673205760
63501,7675273216
63502,7677342720
63503,7679418368
63504,7681498112
63505,7683579904
63506,7685677056
63507,7687776256
63508,7689884672
63509,7691996160
63510,7694117888
63511,7696250880
63512,7698391040
63513,7700538368
63514,7702686720
63515,7704838144
63516,7706993664
63517,7709153280
63518,7711312896
63519,7713475584
63520,7715640320
63521,7717806080
63522,7719974912
63523,7722166272
63524,7724357632
63525,7726550016
63526,7728760832
63527,7730972672
63528,7733192704
63529,7735412736
63530,7737632768
63531,7739859968
63532,7742095360
63533,7744336896
63534,7746582528
63535,7748841472
63536,7751115776
63537,7753392128
63538,7755670528
63539,7757949952
63540,7760231424
63541,7762512896
63542,7764809728
63543,7767107584
63544,7769411584
63545,7771720704
63546,7774046208
63547,7776376832
63548,7778708480
63549,7781047296
63550,7783389184
63551,7785736192
63552,7788097536
63553,7790466048
63554,7792837632
63555,7795213312
63556,7797590016
63557,7799969792
63558,7802354688
63559,7804746752
63560,7807180800
63561,7809614848
63562,7812052992
63563,7814503424
63564,7816960000
63565,7819419648
63566,7821911040
63567,7824416768
63568,7826924544
63569,7829439488
63570,7831965696
63571,7834493952
63572,7837037568
63573,7839582208
63574,7842137088
63575,7844696064
63576,7847261184
63577,7849839616
63578,7852419072
63579,7855005696
63580,7857593344
63581,7860227072
63582,7862877184
63583,7865544704
63584,7868213248
63585,7870888960
63586,7873565696
63587,7876260864
63588,7878972416
63589,7881736192
63590,7884508160
63591,7887297536
63592,7890086912
63593,7892882432
63594,7895682048
63595,7898501120
63596,7901325312
63597,7904190464
63598,7907086336
63599,7910007808
63600,7912950784
63601,7915895808
63602,7918893056
63603,7921890304
63604,7924925440
63605,7927963648
63606,7931010048
63607,7934068736
63608,7937132544
63609,7940196352
63610,7943324672
63611,7946459136
63612,7949602816
63613,7952787456
63614,7956025344
63615,7959275520
63616,7962526720
63617,7965794304
63618,7969082368
63619,7972411392
63620,7975784448
63621,7979179008
63622,7982589952
63623,7986029568
63624,7989485568
63625,7992963072
63626,7996448768
63627,7999944704
63628,8003452928
63629,8007094272
63630,8010788864
63631,8014511104
63632,8018238464
63633,8022009856
63634,8025799680
63635,8029599744
63636,8033506304
63637,8037478400
63638,8041451520
63639,8045427712
63640,8049419264
63641,8053448704
63642,8057568256
63643,8061837312
63644,8066169856
63645,8070696960
63646,8075230208
63647,8079763456
63648,8084360192
63649,8089032704
63650,8093874176
63651,8099274752
63652,8105138176
63653,8111420416
63654,8118556672
63655,8128193536
63656,8137939968
63657,8148454400
63658,8164703232
63659,8181746688
