KeywordCount,Storage(Bits)
1,1024
2,3072
3,5120
4,7168
5,9216
6,11264
7,13312
8,15360
9,17408
10,19456
11,21504
12,23552
13,25600
14,27648
15,29696
16,31744
17,33792
18,35840
19,37888
20,39936
21,41984
22,44032
23,46080
24,48128
25,51200
26,54272
27,57344
28,60416
29,63488
30,66560
31,69632
32,72704
33,75776
34,78848
35,81920
36,84992
37,88064
38,91136
39,94208
40,97280
41,100352
42,103424
43,106496
44,109568
45,112640
46,115712
47,118784
48,121856
49,124928
50,128000
51,131072
52,134144
53,137216
54,140288
55,143360
56,146432
57,149504
58,152576
59,155648
60,158720
61,161792
62,164864
63,167936
64,171008
65,174080
66,177152
67,180224
68,183296
69,186368
70,189440
71,192512
72,195584
73,198656
74,201728
75,204800
76,207872
77,210944
78,214016
79,217088
80,220160
81,223232
82,226304
83,229376
84,232448
85,235520
86,238592
87,241664
88,244736
89,247808
90,250880
91,253952
92,257024
93,260096
94,263168
95,266240
96,269312
97,272384
98,275456
99,278528
100,281600
101,284672
102,287744
103,290816
104,293888
105,296960
106,300032
107,303104
108,306176
109,309248
110,312320
111,315392
112,318464
113,321536
114,324608
115,327680
116,330752
117,333824
118,336896
119,339968
120,343040
121,346112
122,349184
123,352256
124,355328
125,358400
126,361472
127,364544
128,367616
129,370688
130,373760
131,376832
132,379904
133,382976
134,386048
135,389120
136,392192
137,395264
138,398336
139,401408
140,404480
141,407552
142,410624
143,413696
144,416768
145,419840
146,422912
147,425984
148,429056
149,432128
150,435200
151,438272
152,441344
153,444416
154,447488
155,450560
156,453632
157,456704
158,459776
159,462848
160,465920
161,468992
162,472064
163,475136
164,478208
165,481280
166,484352
167,487424
168,490496
169,493568
170,496640
171,499712
172,502784
173,505856
174,508928
175,512000
176,515072
177,518144
178,521216
179,524288
180,527360
181,530432
182,533504
183,536576
184,539648
185,542720
186,545792
187,548864
188,551936
189,555008
190,558080
191,561152
192,564224
193,567296
194,570368
195,573440
196,576512
197,579584
198,582656
199,585728
200,588800
201,591872
202,594944
203,598016
204,601088
205,604160
206,607232
207,610304
208,613376
209,616448
210,619520
211,622592
212,625664
213,628736
214,631808
215,634880
216,637952
217,641024
218,644096
219,647168
220,650240
221,653312
222,656384
223,659456
224,662528
225,665600
226,668672
227,671744
228,674816
229,677888
230,680960
231,684032
232,687104
233,690176
234,693248
235,696320
236,699392
237,702464
238,705536
239,708608
240,711680
241,714752
242,717824
243,720896
244,723968
245,727040
246,730112
247,733184
248,736256
249,739328
250,742400
251,745472
252,748544
253,751616
254,754688
255,757760
256,760832
257,763904
258,766976
259,770048
260,773120
261,776192
262,779264
263,782336
264,785408
265,788480
266,791552
267,794624
268,797696
269,800768
270,803840
271,806912
272,809984
273,813056
274,816128
275,819200
276,822272
277,825344
278,828416
279,831488
280,834560
281,837632
282,840704
283,843776
284,846848
285,849920
286,852992
287,856064
288,859136
289,862208
290,865280
291,868352
292,871424
293,874496
294,877568
295,880640
296,883712
297,886784
298,889856
299,892928
300,896000
301,899072
302,902144
303,905216
304,908288
305,911360
306,914432
307,917504
308,921600
309,925696
310,929792
311,933888
312,937984
313,942080
314,946176
315,950272
316,954368
317,958464
318,962560
319,966656
320,970752
321,974848
322,978944
323,983040
324,987136
325,991232
326,995328
327,999424
328,1003520
329,1007616
330,1011712
331,1015808
332,1019904
333,1024000
334,1028096
335,1032192
336,1036288
337,1040384
338,1044480
339,1048576
340,1052672
341,1056768
342,1060864
343,1064960
344,1069056
345,1073152
346,1077248
347,1081344
348,1085440
349,1089536
350,1093632
351,1097728
352,1101824
353,1105920
354,1110016
355,1114112
356,1118208
357,1122304
358,1126400
359,1130496
360,1134592
361,1138688
362,1142784
363,1146880
364,1150976
365,1155072
366,1159168
367,1163264
368,1167360
369,1171456
370,1175552
371,1179648
372,1183744
373,1187840
374,1191936
375,1196032
376,1200128
377,1204224
378,1208320
379,1212416
380,1216512
381,1220608
382,1224704
383,1228800
384,1232896
385,1236992
386,1241088
387,1245184
388,1249280
389,1253376
390,1257472
391,1261568
392,1265664
393,1269760
394,1273856
395,1277952
396,1282048
397,1286144
398,1290240
399,1294336
400,1298432
401,1302528
402,1306624
403,1310720
404,1314816
405,1318912
406,1323008
407,1327104
408,1331200
409,1335296
410,1339392
411,1343488
412,1347584
413,1351680
414,1355776
415,1359872
416,1363968
417,1368064
418,1372160
419,1376256
420,1380352
421,1384448
422,1388544
423,1392640
424,1396736
425,1400832
426,1404928
427,1409024
428,1413120
429,1417216
430,1421312
431,1425408
432,1429504
433,1433600
434,1437696
435,1441792
436,1445888
437,1449984
438,1454080
439,1458176
440,1462272
441,1466368
442,1470464
443,1474560
444,1478656
445,1482752
446,1486848
447,1490944
448,1495040
449,1499136
450,1503232
451,1507328
452,1511424
453,1515520
454,1519616
455,1523712
456,1527808
457,1531904
458,1536000
459,1540096
460,1544192
461,1548288
462,1552384
463,1556480
464,1560576
465,1564672
466,1568768
467,1572864
468,1576960
469,1581056
470,1585152
471,1589248
472,1593344
473,1597440
474,1601536
475,1605632
476,1609728
477,1613824
478,1617920
479,1622016
480,1626112
481,1630208
482,1634304
483,1638400
484,1642496
485,1646592
486,1650688
487,1654784
488,1658880
489,1662976
490,1667072
491,1671168
492,1675264
493,1679360
494,1683456
495,1687552
496,1691648
497,1695744
498,1699840
499,1703936
500,1708032
501,1712128
502,1716224
503,1720320
504,1724416
505,1728512
506,1732608
507,1736704
508,1740800
509,1744896
510,1748992
511,1753088
512,1757184
513,1761280
514,1765376
515,1769472
516,1773568
517,1777664
518,1781760
519,1785856
520,1789952
521,1794048
522,1798144
523,1802240
524,1806336
525,1810432
526,1814528
527,1818624
528,1822720
529,1826816
530,1830912
531,1835008
532,1839104
533,1843200
534,1847296
535,1851392
536,1856512
537,1861632
538,1866752
539,1871872
540,1876992
541,1882112
542,1887232
543,1892352
544,1897472
545,1902592
546,1907712
547,1912832
548,1917952
549,1923072
550,1928192
551,1933312
552,1938432
553,1943552
554,1948672
555,1953792
556,1958912
557,1964032
558,1969152
559,1974272
560,1979392
561,1984512
562,1989632
563,1994752
564,1999872
565,2004992
566,2010112
567,2015232
568,2020352
569,2025472
570,2030592
571,2035712
572,2040832
573,2045952
574,2051072
575,2056192
576,2061312
577,2066432
578,2071552
579,2076672
580,2081792
581,2086912
582,2092032
583,2097152
584,2102272
585,2107392
586,2112512
587,2117632
588,2122752
589,2127872
590,2132992
591,2138112
592,2143232
593,2148352
594,2154496
595,2160640
596,2166784
597,2172928
598,2179072
599,2185216
600,2191360
601,2197504
602,2203648
603,2209792
604,2215936
605,2222080
606,2228224
607,2234368
608,2240512
609,2246656
610,2252800
611,2258944
612,2265088
613,2271232
614,2277376
615,2283520
616,2289664
617,2295808
618,2301952
619,2308096
620,2314240
621,2320384
622,2326528
623,2332672
624,2338816
625,2344960
626,2351104
627,2357248
628,2363392
629,2369536
630,2375680
631,2381824
632,2387968
633,2394112
634,2400256
635,2406400
636,2412544
637,2418688
638,2424832
639,2430976
640,2437120
641,2443264
642,2449408
643,2455552
644,2461696
645,2467840
646,2473984
647,2480128
648,2486272
649,2492416
650,2498560
651,2504704
652,2510848
653,2516992
654,2523136
655,2529280
656,2535424
657,2541568
658,2547712
659,2553856
660,2560000
661,2566144
662,2572288
663,2578432
664,2584576
665,2590720
666,2597888
667,2605056
668,2612224
669,2619392
670,2626560
671,2633728
672,2640896
673,2648064
674,2655232
675,2662400
676,2669568
677,2676736
678,2683904
679,2691072
680,2698240
681,2705408
682,2712576
683,2719744
684,2726912
685,2734080
686,2741248
687,2748416
688,2755584
689,2762752
690,2769920
691,2777088
692,2784256
693,2791424
694,2798592
695,2805760
696,2812928
697,2820096
698,2827264
699,2834432
700,2841600
701,2848768
702,2855936
703,2863104
704,2870272
705,2878464
706,2886656
707,2894848
708,2903040
709,2911232
710,2919424
711,2927616
712,2935808
713,2944000
714,2952192
715,2960384
716,2968576
717,2976768
718,2984960
719,2993152
720,3001344
721,3009536
722,3017728
723,3025920
724,3034112
725,3042304
726,3050496
727,3058688
728,3066880
729,3075072
730,3083264
731,3091456
732,3099648
733,3107840
734,3116032
735,3124224
736,3132416
737,3140608
738,3148800
739,3156992
740,3166208
741,3175424
742,3184640
743,3193856
744,3203072
745,3212288
746,3221504
747,3230720
748,3239936
749,3249152
750,3258368
751,3267584
752,3276800
753,3286016
754,3295232
755,3304448
756,3313664
757,3322880
758,3332096
759,3341312
760,3350528
761,3359744
762,3368960
763,3378176
764,3387392
765,3396608
766,3405824
767,3415040
768,3424256
769,3433472
770,3442688
771,3452928
772,3463168
773,3473408
774,3483648
775,3493888
776,3504128
777,3514368
778,3524608
779,3534848
780,3545088
781,3555328
782,3565568
783,3575808
784,3586048
785,3596288
786,3606528
787,3616768
788,3627008
789,3637248
790,3647488
791,3657728
792,3667968
793,3678208
794,3688448
795,3698688
796,3708928
797,3719168
798,3729408
799,3739648
800,3750912
801,3762176
802,3773440
803,3784704
804,3795968
805,3807232
806,3818496
807,3829760
808,3841024
809,3852288
810,3863552
811,3874816
812,3886080
813,3897344
814,3908608
815,3919872
816,3931136
817,3942400
818,3953664
819,3964928
820,3976192
821,3987456
822,3998720
823,4009984
824,4021248
825,4032512
826,4043776
827,4055040
828,4066304
829,4077568
830,4089856
831,4102144
832,4114432
833,4126720
834,4139008
835,4151296
836,4163584
837,4175872
838,4188160
839,4200448
840,4212736
841,4225024
842,4237312
843,4249600
844,4261888
845,4274176
846,4286464
847,4298752
848,4311040
849,4323328
850,4335616
851,4348928
852,4362240
853,4375552
854,4388864
855,4402176
856,4415488
857,4428800
858,4442112
859,4455424
860,4468736
861,4482048
862,4495360
863,4508672
864,4521984
865,4535296
866,4548608
867,4561920
868,4575232
869,4588544
870,4601856
871,4615168
872,4628480
873,4641792
874,4655104
875,4668416
876,4681728
877,4695040
878,4708352
879,4721664
880,4736000
881,4750336
882,4764672
883,4779008
884,4793344
885,4807680
886,4822016
887,4836352
888,4850688
889,4865024
890,4879360
891,4893696
892,4908032
893,4922368
894,4936704
895,4951040
896,4965376
897,4979712
898,4994048
899,5008384
900,5022720
901,5037056
902,5051392
903,5065728
904,5080064
905,5095424
906,5110784
907,5126144
908,5141504
909,5156864
910,5172224
911,5187584
912,5202944
913,5218304
914,5233664
915,5249024
916,5264384
917,5279744
918,5295104
919,5310464
920,5325824
921,5341184
922,5356544
923,5371904
924,5388288
925,5404672
926,5421056
927,5437440
928,5453824
929,5470208
930,5486592
931,5502976
932,5519360
933,5535744
934,5552128
935,5568512
936,5584896
937,5601280
938,5617664
939,5635072
940,5652480
941,5669888
942,5687296
943,5704704
944,5722112
945,5739520
946,5756928
947,5774336
948,5791744
949,5809152
950,5826560
951,5843968
952,5861376
953,5878784
954,5896192
955,5913600
956,5931008
957,5949440
958,5967872
959,5986304
960,6004736
961,6023168
962,6041600
963,6060032
964,6078464
965,6096896
966,6115328
967,6133760
968,6152192
969,6170624
970,6189056
971,6207488
972,6225920
973,6244352
974,6262784
975,6281216
976,6300672
977,6320128
978,6339584
979,6359040
980,6378496
981,6397952
982,6417408
983,6436864
984,6456320
985,6475776
986,6495232
987,6514688
988,6534144
989,6553600
990,6574080
991,6594560
992,6615040
993,6635520
994,6656000
995,6676480
996,6696960
997,6717440
998,6737920
999,6758400
1000,6778880
1001,6799360
1002,6819840
1003,6840320
1004,6860800
1005,6881280
1006,6901760
1007,6922240
1008,6943744
1009,6965248
1010,6986752
1011,7008256
1012,7029760
1013,7051264
1014,7072768
1015,7094272
1016,7115776
1017,7137280
1018,7158784
1019,7180288
1020,7202816
1021,7225344
1022,7247872
1023,7270400
1024,7292928
1025,7315456
1026,7337984
1027,7360512
1028,7383040
1029,7405568
1030,7428096
1031,7450624
1032,7473152
1033,7495680
1034,7519232
1035,7542784
1036,7566336
1037,7589888
1038,7613440
1039,7636992
1040,7660544
1041,7684096
1042,7707648
1043,7731200
1044,7754752
1045,7778304
1046,7801856
1047,7825408
1048,7848960
1049,7872512
1050,7896064
1051,7920640
1052,7945216
1053,7969792
1054,7994368
1055,8018944
1056,8043520
1057,8068096
1058,8092672
1059,8117248
1060,8141824
1061,8166400
1062,8190976
1063,8216576
1064,8242176
1065,8267776
1066,8293376
1067,8318976
1068,8344576
1069,8370176
1070,8395776
1071,8421376
1072,8446976
1073,8472576
1074,8498176
1075,8523776
1076,8549376
1077,8574976
1078,8600576
1079,8626176
1080,8651776
1081,8678400
1082,8705024
1083,8731648
1084,8758272
1085,8784896
1086,8811520
1087,8838144
1088,8864768
1089,8891392
1090,8918016
1091,8944640
1092,8971264
1093,8997888
1094,9025536
1095,9053184
1096,9080832
1097,9108480
1098,9136128
1099,9163776
1100,9191424
1101,9219072
1102,9246720
1103,9274368
1104,9302016
1105,9329664
1106,9357312
1107,9384960
1108,9412608
1109,9440256
1110,9467904
1111,9496576
1112,9525248
1113,9553920
1114,9582592
1115,9611264
1116,9639936
1117,9668608
1118,9697280
1119,9725952
1120,9754624
1121,9783296
1122,9811968
1123,9840640
1124,9869312
1125,9897984
1126,9926656
1127,9955328
1128,9984000
1129,10012672
1130,10042368
1131,10072064
1132,10101760
1133,10131456
1134,10161152
1135,10190848
1136,10220544
1137,10250240
1138,10279936
1139,10309632
1140,10339328
1141,10369024
1142,10398720
1143,10428416
1144,10459136
1145,10489856
1146,10520576
1147,10551296
1148,10582016
1149,10612736
1150,10643456
1151,10674176
1152,10704896
1153,10735616
1154,10766336
1155,10797056
1156,10827776
1157,10858496
1158,10889216
1159,10919936
1160,10950656
1161,10981376
1162,11013120
1163,11044864
1164,11076608
1165,11108352
1166,11140096
1167,11171840
1168,11203584
1169,11235328
1170,11267072
1171,11298816
1172,11330560
1173,11362304
1174,11394048
1175,11425792
1176,11457536
1177,11489280
1178,11522048
1179,11554816
1180,11587584
1181,11620352
1182,11653120
1183,11685888
1184,11718656
1185,11751424
1186,11784192
1187,11816960
1188,11849728
1189,11882496
1190,11915264
1191,11948032
1192,11980800
1193,12013568
1194,12047360
1195,12081152
1196,12114944
1197,12148736
1198,12182528
1199,12216320
1200,12250112
1201,12283904
1202,12317696
1203,12351488
1204,12385280
1205,12419072
1206,12452864
1207,12486656
1208,12520448
1209,12554240
1210,12588032
1211,12621824
1212,12655616
1213,12689408
1214,12724224
1215,12759040
1216,12793856
1217,12828672
1218,12863488
1219,12898304
1220,12933120
1221,12967936
1222,13002752
1223,13037568
1224,13072384
1225,13107200
1226,13143040
1227,13178880
1228,13214720
1229,13250560
1230,13286400
1231,13322240
1232,13358080
1233,13393920
1234,13429760
1235,13465600
1236,13501440
1237,13537280
1238,13573120
1239,13608960
1240,13644800
1241,13680640
1242,13716480
1243,13752320
1244,13788160
1245,13824000
1246,13859840
1247,13895680
1248,13932544
1249,13969408
1250,14006272
1251,14043136
1252,14080000
1253,14116864
1254,14153728
1255,14190592
1256,14227456
1257,14264320
1258,14301184
1259,14338048
1260,14374912
1261,14412800
1262,14450688
1263,14488576
1264,14526464
1265,14564352
1266,14602240
1267,14640128
1268,14678016
1269,14715904
1270,14753792
1271,14791680
1272,14829568
1273,14867456
1274,14905344
1275,14943232
1276,14981120
1277,15020032
1278,15058944
1279,15097856
1280,15136768
1281,15175680
1282,15214592
1283,15253504
1284,15292416
1285,15331328
1286,15370240
1287,15409152
1288,15448064
1289,15486976
1290,15526912
1291,15566848
1292,15606784
1293,15646720
1294,15686656
1295,15726592
1296,15766528
1297,15806464
1298,15846400
1299,15886336
1300,15926272
1301,15966208
1302,16006144
1303,16046080
1304,16086016
1305,16125952
1306,16166912
1307,16207872
1308,16248832
1309,16289792
1310,16330752
1311,16371712
1312,16412672
1313,16453632
1314,16494592
1315,16535552
1316,16576512
1317,16617472
1318,16658432
1319,16699392
1320,16740352
1321,16781312
1322,16822272
1323,16864256
1324,16906240
1325,16948224
1326,16990208
1327,17032192
1328,17074176
1329,17116160
1330,17158144
1331,17200128
1332,17242112
1333,17284096
1334,17327104
1335,17370112
1336,17413120
1337,17456128
1338,17499136
1339,17542144
1340,17585152
1341,17628160
1342,17671168
1343,17714176
1344,17757184
1345,17800192
1346,17844224
1347,17888256
1348,17932288
1349,17976320
1350,18020352
1351,18064384
1352,18108416
1353,18152448
1354,18196480
1355,18240512
1356,18284544
1357,18328576
1358,18372608
1359,18416640
1360,18460672
1361,18504704
1362,18548736
1363,18592768
1364,18636800
1365,18680832
1366,18725888
1367,18770944
1368,18816000
1369,18861056
1370,18906112
1371,18951168
1372,18996224
1373,19041280
1374,19086336
1375,19131392
1376,19176448
1377,19221504
1378,19266560
1379,19311616
1380,19356672
1381,19401728
1382,19447808
1383,19493888
1384,19539968
1385,19586048
1386,19632128
1387,19678208
1388,19724288
1389,19770368
1390,19816448
1391,19862528
1392,19908608
1393,19954688
1394,20000768
1395,20046848
1396,20092928
1397,20140032
1398,20187136
1399,20234240
1400,20281344
1401,20328448
1402,20375552
1403,20422656
1404,20469760
1405,20516864
1406,20563968
1407,20611072
1408,20658176
1409,20705280
1410,20752384
1411,20799488
1412,20847616
1413,20895744
1414,20943872
1415,20992000
1416,21040128
1417,21088256
1418,21136384
1419,21184512
1420,21232640
1421,21280768
1422,21328896
1423,21377024
1424,21425152
1425,21473280
1426,21522432
1427,21571584
1428,21620736
1429,21669888
1430,21719040
1431,21768192
1432,21817344
1433,21866496
1434,21915648
1435,21964800
1436,22013952
1437,22063104
1438,22112256
1439,22161408
1440,22210560
1441,22259712
1442,22308864
1443,22358016
1444,22407168
1445,22457344
1446,22507520
1447,22557696
1448,22607872
1449,22658048
1450,22708224
1451,22758400
1452,22808576
1453,22858752
1454,22908928
1455,22959104
1456,23009280
1457,23059456
1458,23109632
1459,23159808
1460,23209984
1461,23260160
1462,23310336
1463,23360512
1464,23410688
1465,23460864
1466,23511040
1467,23561216
1468,23612416
1469,23663616
1470,23714816
1471,23766016
1472,23817216
1473,23868416
1474,23919616
1475,23970816
1476,24022016
1477,24073216
1478,24124416
1479,24175616
1480,24226816
1481,24278016
1482,24329216
1483,24380416
1484,24431616
1485,24482816
1486,24534016
1487,24585216
1488,24636416
1489,24688640
1490,24740864
1491,24793088
1492,24845312
1493,24897536
1494,24950784
1495,25004032
1496,25057280
1497,25110528
1498,25163776
1499,25217024
1500,25270272
1501,25323520
1502,25376768
1503,25430016
1504,25483264
1505,25536512
1506,25589760
1507,25643008
1508,25696256
1509,25749504
1510,25802752
1511,25857024
1512,25911296
1513,25965568
1514,26019840
1515,26074112
1516,26128384
1517,26182656
1518,26236928
1519,26291200
1520,26345472
1521,26399744
1522,26454016
1523,26508288
1524,26562560
1525,26616832
1526,26671104
1527,26725376
1528,26779648
1529,26833920
1530,26888192
1531,26942464
1532,26996736
1533,27051008
1534,27105280
1535,27159552
1536,27213824
1537,27268096
1538,27322368
1539,27376640
1540,27430912
1541,27485184
1542,27540480
1543,27595776
1544,27651072
1545,27706368
1546,27761664
1547,27816960
1548,27872256
1549,27927552
1550,27982848
1551,28038144
1552,28093440
1553,28148736
1554,28204032
1555,28259328
1556,28314624
1557,28369920
1558,28426240
1559,28482560
1560,28538880
1561,28595200
1562,28651520
1563,28707840
1564,28764160
1565,28820480
1566,28876800
1567,28933120
1568,28989440
1569,29045760
1570,29102080
1571,29158400
1572,29214720
1573,29271040
1574,29327360
1575,29384704
1576,29442048
1577,29499392
1578,29556736
1579,29614080
1580,29671424
1581,29728768
1582,29786112
1583,29843456
1584,29900800
1585,29958144
1586,30015488
1587,30072832
1588,30130176
1589,30187520
1590,30244864
1591,30303232
1592,30361600
1593,30419968
1594,30478336
1595,30536704
1596,30595072
1597,30653440
1598,30711808
1599,30770176
1600,30828544
1601,30886912
1602,30945280
1603,31003648
1604,31062016
1605,31120384
1606,31178752
1607,31237120
1608,31295488
1609,31353856
1610,31412224
1611,31470592
1612,31528960
1613,31588352
1614,31647744
1615,31707136
1616,31766528
1617,31825920
1618,31885312
1619,31944704
1620,32004096
1621,32063488
1622,32122880
1623,32182272
1624,32241664
1625,32301056
1626,32360448
1627,32419840
1628,32479232
1629,32538624
1630,32598016
1631,32657408
1632,32716800
1633,32776192
1634,32835584
1635,32896000
1636,32956416
1637,33016832
1638,33077248
1639,33137664
1640,33198080
1641,33258496
1642,33318912
1643,33379328
1644,33439744
1645,33500160
1646,33560576
1647,33620992
1648,33681408
1649,33741824
1650,33803264
1651,33864704
1652,33926144
1653,33987584
1654,34049024
1655,34110464
1656,34171904
1657,34233344
1658,34294784
1659,34356224
1660,34417664
1661,34480128
1662,34542592
1663,34605056
1664,34667520
1665,34729984
1666,34792448
1667,34854912
1668,34917376
1669,34979840
1670,35042304
1671,35104768
1672,35167232
1673,35229696
1674,35292160
1675,35354624
1676,35417088
1677,35479552
1678,35542016
1679,35604480
1680,35666944
1681,35729408
1682,35791872
1683,35854336
1684,35916800
1685,35980288
1686,36043776
1687,36107264
1688,36170752
1689,36234240
1690,36297728
1691,36361216
1692,36424704
1693,36488192
1694,36551680
1695,36615168
1696,36678656
1697,36742144
1698,36805632
1699,36869120
1700,36933632
1701,36998144
1702,37062656
1703,37127168
1704,37191680
1705,37256192
1706,37320704
1707,37385216
1708,37449728
1709,37514240
1710,37578752
1711,37643264
1712,37707776
1713,37772288
1714,37836800
1715,37901312
1716,37965824
1717,38030336
1718,38094848
1719,38159360
1720,38223872
1721,38289408
1722,38354944
1723,38420480
1724,38486016
1725,38551552
1726,38617088
1727,38682624
1728,38748160
1729,38813696
1730,38879232
1731,38944768
1732,39010304
1733,39075840
1734,39141376
1735,39206912
1736,39273472
1737,39340032
1738,39406592
1739,39473152
1740,39539712
1741,39606272
1742,39672832
1743,39739392
1744,39805952
1745,39872512
1746,39939072
1747,40005632
1748,40072192
1749,40139776
1750,40207360
1751,40274944
1752,40342528
1753,40410112
1754,40477696
1755,40545280
1756,40612864
1757,40680448
1758,40748032
1759,40815616
1760,40883200
1761,40950784
1762,41018368
1763,41085952
1764,41154560
1765,41223168
1766,41291776
1767,41360384
1768,41428992
1769,41497600
1770,41566208
1771,41634816
1772,41703424
1773,41773056
1774,41842688
1775,41912320
1776,41981952
1777,42051584
1778,42121216
1779,42190848
1780,42260480
1781,42330112
1782,42399744
1783,42469376
1784,42539008
1785,42608640
1786,42678272
1787,42747904
1788,42817536
1789,42887168
1790,42956800
1791,43026432
1792,43096064
1793,43165696
1794,43235328
1795,43304960
1796,43374592
1797,43444224
1798,43514880
1799,43585536
1800,43656192
1801,43726848
1802,43797504
1803,43868160
1804,43938816
1805,44009472
1806,44080128
1807,44150784
1808,44221440
1809,44292096
1810,44362752
1811,44433408
1812,44504064
1813,44574720
1814,44645376
1815,44716032
1816,44786688
1817,44857344
1818,44928000
1819,44998656
1820,45069312
1821,45139968
1822,45210624
1823,45281280
1824,45351936
1825,45422592
1826,45494272
1827,45565952
1828,45637632
1829,45709312
1830,45780992
1831,45852672
1832,45924352
1833,45996032
1834,46067712
1835,46139392
1836,46211072
1837,46282752
1838,46354432
1839,46426112
1840,46497792
1841,46569472
1842,46641152
1843,46712832
1844,46785536
1845,46858240
1846,46930944
1847,47003648
1848,47076352
1849,47149056
1850,47221760
1851,47294464
1852,47367168
1853,47439872
1854,47512576
1855,47585280
1856,47657984
1857,47730688
1858,47803392
1859,47876096
1860,47948800
1861,48021504
1862,48094208
1863,48166912
1864,48239616
1865,48312320
1866,48385024
1867,48457728
1868,48530432
1869,48603136
1870,48675840
1871,48749568
1872,48823296
1873,48897024
1874,48970752
1875,49044480
1876,49118208
1877,49191936
1878,49265664
1879,49339392
1880,49413120
1881,49486848
1882,49560576
1883,49634304
1884,49708032
1885,49781760
1886,49855488
1887,49929216
1888,50002944
1889,50076672
1890,50151424
1891,50226176
1892,50300928
1893,50375680
1894,50450432
1895,50525184
1896,50599936
1897,50674688
1898,50749440
1899,50824192
1900,50898944
1901,50973696
1902,51048448
1903,51123200
1904,51197952
1905,51272704
1906,51347456
1907,51422208
1908,51496960
1909,51571712
1910,51646464
1911,51721216
1912,51795968
1913,51870720
1914,51945472
1915,52021248
1916,52097024
1917,52172800
1918,52248576
1919,52324352
1920,52400128
1921,52475904
1922,52551680
1923,52627456
1924,52703232
1925,52779008
1926,52854784
1927,52930560
1928,53006336
1929,53082112
1930,53157888
1931,53234688
1932,53311488
1933,53388288
1934,53465088
1935,53541888
1936,53618688
1937,53695488
1938,53772288
1939,53849088
1940,53925888
1941,54002688
1942,54079488
1943,54156288
1944,54233088
1945,54309888
1946,54386688
1947,54463488
1948,54540288
1949,54617088
1950,54693888
1951,54770688
1952,54847488
1953,54925312
1954,55003136
1955,55080960
1956,55158784
1957,55236608
1958,55314432
1959,55392256
1960,55470080
1961,55547904
1962,55625728
1963,55703552
1964,55781376
1965,55859200
1966,55937024
1967,56014848
1968,56092672
1969,56170496
1970,56248320
1971,56326144
1972,56404992
1973,56483840
1974,56562688
1975,56641536
1976,56720384
1977,56799232
1978,56878080
1979,56956928
1980,57035776
1981,57114624
1982,57193472
1983,57272320
1984,57351168
1985,57430016
1986,57508864
1987,57587712
1988,57666560
1989,57745408
1990,57825280
1991,57905152
1992,57985024
1993,58064896
1994,58144768
1995,58224640
1996,58304512
1997,58384384
1998,58464256
1999,58544128
2000,58624000
2001,58703872
2002,58783744
2003,58863616
2004,58943488
2005,59023360
2006,59103232
2007,59183104
2008,59262976
2009,59342848
2010,59422720
2011,59502592
2012,59582464
2013,59662336
2014,59742208
2015,59823104
2016,59904000
2017,59984896
2018,60065792
2019,60146688
2020,60227584
2021,60308480
2022,60389376
2023,60470272
2024,60551168
2025,60632064
2026,60712960
2027,60793856
2028,60874752
2029,60955648
2030,61036544
2031,61117440
2032,61199360
2033,61281280
2034,61363200
2035,61445120
2036,61527040
2037,61608960
2038,61690880
2039,61772800
2040,61854720
2041,61936640
2042,62018560
2043,62100480
2044,62182400
2045,62264320
2046,62346240
2047,62428160
2048,62510080
2049,62592000
2050,62673920
2051,62755840
2052,62837760
2053,62919680
2054,63001600
2055,63083520
2056,63166464
2057,63249408
2058,63332352
2059,63415296
2060,63498240
2061,63581184
2062,63664128
2063,63747072
2064,63830016
2065,63912960
2066,63995904
2067,64078848
2068,64161792
2069,64244736
2070,64327680
2071,64410624
2072,64493568
2073,64576512
2074,64659456
2075,64743424
2076,64827392
2077,64911360
2078,64995328
2079,65079296
2080,65163264
2081,65247232
2082,65331200
2083,65415168
2084,65499136
2085,65583104
2086,65667072
2087,65751040
2088,65835008
2089,65918976
2090,66002944
2091,66086912
2092,66170880
2093,66255872
2094,66340864
2095,66425856
2096,66510848
2097,66595840
2098,66680832
2099,66765824
2100,66850816
2101,66935808
2102,67020800
2103,67105792
2104,67190784
2105,67275776
2106,67360768
2107,67445760
2108,67530752
2109,67615744
2110,67700736
2111,67785728
2112,67870720
2113,67955712
2114,68040704
2115,68125696
2116,68210688
2117,68295680
2118,68381696
2119,68467712
2120,68553728
2121,68639744
2122,68725760
2123,68811776
2124,68897792
2125,68983808
2126,69069824
2127,69155840
2128,69241856
2129,69327872
2130,69413888
2131,69499904
2132,69585920
2133,69671936
2134,69757952
2135,69843968
2136,69929984
2137,70016000
2138,70102016
2139,70188032
2140,70274048
2141,70360064
2142,70446080
2143,70532096
2144,70619136
2145,70706176
2146,70793216
2147,70880256
2148,70967296
2149,71054336
2150,71141376
2151,71228416
2152,71315456
2153,71402496
2154,71489536
2155,71576576
2156,71663616
2157,71750656
2158,71837696
2159,71924736
2160,72011776
2161,72098816
2162,72185856
2163,72272896
2164,72359936
2165,72446976
2166,72534016
2167,72622080
2168,72710144
2169,72798208
2170,72886272
2171,72974336
2172,73062400
2173,73150464
2174,73238528
2175,73326592
2176,73414656
2177,73502720
2178,73590784
2179,73678848
2180,73766912
2181,73856000
2182,73945088
2183,74034176
2184,74123264
2185,74212352
2186,74301440
2187,74390528
2188,74479616
2189,74568704
2190,74657792
2191,74746880
2192,74835968
2193,74925056
2194,75014144
2195,75103232
2196,75192320
2197,75281408
2198,75370496
2199,75459584
2200,75549696
2201,75639808
2202,75729920
2203,75820032
2204,75910144
2205,76000256
2206,76090368
2207,76180480
2208,76270592
2209,76360704
2210,76450816
2211,76540928
2212,76631040
2213,76721152
2214,76811264
2215,76901376
2216,76991488
2217,77081600
2218,77171712
2219,77261824
2220,77351936
2221,77442048
2222,77532160
2223,77623296
2224,77714432
2225,77805568
2226,77896704
2227,77987840
2228,78078976
2229,78170112
2230,78261248
2231,78352384
2232,78443520
2233,78534656
2234,78625792
2235,78717952
2236,78810112
2237,78902272
2238,78994432
2239,79086592
2240,79178752
2241,79270912
2242,79363072
2243,79455232
2244,79547392
2245,79639552
2246,79731712
2247,79823872
2248,79916032
2249,80008192
2250,80100352
2251,80192512
2252,80284672
2253,80376832
2254,80468992
2255,80562176
2256,80655360
2257,80748544
2258,80841728
2259,80934912
2260,81028096
2261,81121280
2262,81214464
2263,81307648
2264,81400832
2265,81494016
2266,81587200
2267,81680384
2268,81773568
2269,81866752
2270,81959936
2271,82053120
2272,82146304
2273,82239488
2274,82333696
2275,82427904
2276,82522112
2277,82616320
2278,82710528
2279,82804736
2280,82898944
2281,82993152
2282,83087360
2283,83181568
2284,83275776
2285,83369984
2286,83464192
2287,83558400
2288,83652608
2289,83747840
2290,83843072
2291,83938304
2292,84033536
2293,84128768
2294,84224000
2295,84319232
2296,84414464
2297,84509696
2298,84604928
2299,84700160
2300,84795392
2301,84890624
2302,84985856
2303,85081088
2304,85176320
2305,85271552
2306,85366784
2307,85462016
2308,85557248
2309,85652480
2310,85747712
2311,85842944
2312,85938176
2313,86033408
2314,86128640
2315,86223872
2316,86320128
2317,86416384
2318,86512640
2319,86608896
2320,86705152
2321,86801408
2322,86897664
2323,86993920
2324,87090176
2325,87186432
2326,87282688
2327,87378944
2328,87475200
2329,87571456
2330,87667712
2331,87763968
2332,87860224
2333,87956480
2334,88053760
2335,88151040
2336,88248320
2337,88345600
2338,88442880
2339,88540160
2340,88637440
2341,88734720
2342,88832000
2343,88929280
2344,89026560
2345,89123840
2346,89221120
2347,89318400
2348,89415680
2349,89512960
2350,89611264
2351,89709568
2352,89807872
2353,89906176
2354,90004480
2355,90102784
2356,90201088
2357,90299392
2358,90397696
2359,90496000
2360,90594304
2361,90692608
2362,90790912
2363,90889216
2364,90987520
2365,91085824
2366,91184128
2367,91282432
2368,91380736
2369,91479040
2370,91577344
2371,91676672
2372,91776000
2373,91875328
2374,91974656
2375,92073984
2376,92173312
2377,92272640
2378,92371968
2379,92471296
2380,92570624
2381,92669952
2382,92769280
2383,92868608
2384,92967936
2385,93067264
2386,93166592
2387,93265920
2388,93365248
2389,93464576
2390,93563904
2391,93663232
2392,93762560
2393,93861888
2394,93961216
2395,94060544
2396,94159872
2397,94259200
2398,94359552
2399,94459904
2400,94560256
2401,94660608
2402,94760960
2403,94861312
2404,94961664
2405,95062016
2406,95162368
2407,95262720
2408,95363072
2409,95463424
2410,95563776
2411,95664128
2412,95764480
2413,95864832
2414,95965184
2415,96065536
2416,96165888
2417,96266240
2418,96366592
2419,96466944
2420,96567296
2421,96668672
2422,96770048
2423,96871424
2424,96972800
2425,97074176
2426,97175552
2427,97276928
2428,97378304
2429,97479680
2430,97581056
2431,97682432
2432,97783808
2433,97885184
2434,97986560
2435,98087936
2436,98189312
2437,98290688
2438,98392064
2439,98493440
2440,98594816
2441,98696192
2442,98797568
2443,98898944
2444,99001344
2445,99103744
2446,99206144
2447,99308544
2448,99410944
2449,99513344
2450,99615744
2451,99718144
2452,99820544
2453,99922944
2454,100025344
2455,100127744
2456,100230144
2457,100332544
2458,100434944
2459,100537344
2460,100639744
2461,100742144
2462,100844544
2463,100946944
2464,101050368
2465,101153792
2466,101257216
2467,101360640
2468,101464064
2469,101567488
2470,101670912
2471,101774336
2472,101877760
2473,101981184
2474,102084608
2475,102188032
2476,102291456
2477,102394880
2478,102498304
2479,102601728
2480,102705152
2481,102808576
2482,102912000
2483,103015424
2484,103118848
2485,103222272
2486,103326720
2487,103431168
2488,103535616
2489,103640064
2490,103744512
2491,103848960
2492,103953408
2493,104057856
2494,104162304
2495,104266752
2496,104371200
2497,104475648
2498,104580096
2499,104684544
2500,104788992
2501,104893440
2502,104997888
2503,105102336
2504,105206784
2505,105311232
2506,105415680
2507,105521152
2508,105626624
2509,105732096
2510,105837568
2511,105943040
2512,106048512
2513,106153984
2514,106259456
2515,106364928
2516,106470400
2517,106575872
2518,106681344
2519,106786816
2520,106892288
2521,106997760
2522,107103232
2523,107208704
2524,107314176
2525,107419648
2526,107525120
2527,107630592
2528,107736064
2529,107841536
2530,107947008
2531,108052480
2532,108157952
2533,108263424
2534,108368896
2535,108474368
2536,108579840
2537,108685312
2538,108791808
2539,108898304
2540,109004800
2541,109111296
2542,109217792
2543,109324288
2544,109430784
2545,109537280
2546,109643776
2547,109750272
2548,109856768
2549,109963264
2550,110069760
2551,110176256
2552,110282752
2553,110389248
2554,110495744
2555,110602240
2556,110708736
2557,110815232
2558,110921728
2559,111028224
2560,111135744
2561,111243264
2562,111350784
2563,111458304
2564,111565824
2565,111673344
2566,111780864
2567,111888384
2568,111995904
2569,112103424
2570,112210944
2571,112318464
2572,112425984
2573,112533504
2574,112641024
2575,112748544
2576,112856064
2577,112963584
2578,113071104
2579,113178624
2580,113286144
2581,113394688
2582,113503232
2583,113611776
2584,113720320
2585,113828864
2586,113937408
2587,114045952
2588,114154496
2589,114263040
2590,114371584
2591,114480128
2592,114588672
2593,114697216
2594,114805760
2595,114914304
2596,115023872
2597,115133440
2598,115243008
2599,115352576
2600,115462144
2601,115571712
2602,115681280
2603,115790848
2604,115900416
2605,116009984
2606,116119552
2607,116229120
2608,116338688
2609,116448256
2610,116557824
2611,116667392
2612,116776960
2613,116886528
2614,116996096
2615,117106688
2616,117217280
2617,117327872
2618,117438464
2619,117549056
2620,117659648
2621,117770240
2622,117880832
2623,117991424
2624,118102016
2625,118212608
2626,118323200
2627,118433792
2628,118544384
2629,118654976
2630,118765568
2631,118876160
2632,118986752
2633,119097344
2634,119207936
2635,119318528
2636,119429120
2637,119539712
2638,119651328
2639,119762944
2640,119874560
2641,119986176
2642,120097792
2643,120209408
2644,120321024
2645,120432640
2646,120544256
2647,120655872
2648,120767488
2649,120879104
2650,120990720
2651,121102336
2652,121213952
2653,121325568
2654,121437184
2655,121548800
2656,121660416
2657,121772032
2658,121883648
2659,121995264
2660,122106880
2661,122219520
2662,122332160
2663,122444800
2664,122557440
2665,122670080
2666,122782720
2667,122895360
2668,123008000
2669,123120640
2670,123233280
2671,123345920
2672,123458560
2673,123571200
2674,123683840
2675,123796480
2676,123909120
2677,124021760
2678,124134400
2679,124247040
2680,124359680
2681,124472320
2682,124584960
2683,124697600
2684,124810240
2685,124922880
2686,125035520
2687,125148160
2688,125260800
2689,125374464
2690,125488128
2691,125601792
2692,125715456
2693,125829120
2694,125942784
2695,126056448
2696,126170112
2697,126283776
2698,126397440
2699,126511104
2700,126624768
2701,126738432
2702,126852096
2703,126965760
2704,127079424
2705,127193088
2706,127306752
2707,127420416
2708,127534080
2709,127647744
2710,127762432
2711,127877120
2712,127991808
2713,128106496
2714,128221184
2715,128335872
2716,128450560
2717,128565248
2718,128679936
2719,128794624
2720,128909312
2721,129024000
2722,129138688
2723,129253376
2724,129368064
2725,129482752
2726,129597440
2727,129712128
2728,129826816
2729,129941504
2730,130056192
2731,130170880
2732,130285568
2733,130401280
2734,130516992
2735,130632704
2736,130748416
2737,130864128
2738,130979840
2739,131095552
2740,131211264
2741,131326976
2742,131442688
2743,131558400
2744,131674112
2745,131789824
2746,131905536
2747,132021248
2748,132136960
2749,132252672
2750,132368384
2751,132484096
2752,132599808
2753,132715520
2754,132831232
2755,132946944
2756,133062656
2757,133179392
2758,133296128
2759,133412864
2760,133529600
2761,133646336
2762,133763072
2763,133879808
2764,133996544
2765,134113280
2766,134230016
2767,134346752
2768,134463488
2769,134580224
2770,134696960
2771,134813696
2772,134930432
2773,135047168
2774,135163904
2775,135280640
2776,135397376
2777,135514112
2778,135630848
2779,135747584
2780,135864320
2781,135981056
2782,136097792
2783,136215552
2784,136333312
2785,136451072
2786,136568832
2787,136686592
2788,136804352
2789,136922112
2790,137039872
2791,137157632
2792,137275392
2793,137393152
2794,137510912
2795,137628672
2796,137746432
2797,137864192
2798,137981952
2799,138099712
2800,138217472
2801,138335232
2802,138452992
2803,138570752
2804,138688512
2805,138807296
2806,138926080
2807,139044864
2808,139163648
2809,139282432
2810,139401216
2811,139520000
2812,139638784
2813,139757568
2814,139876352
2815,139995136
2816,140113920
2817,140232704
2818,140351488
2819,140470272
2820,140589056
2821,140707840
2822,140826624
2823,140945408
2824,141064192
2825,141182976
2826,141301760
2827,141420544
2828,141540352
2829,141660160
2830,141779968
2831,141899776
2832,142019584
2833,142139392
2834,142259200
2835,142379008
2836,142498816
2837,142618624
2838,142738432
2839,142858240
2840,142978048
2841,143097856
2842,143217664
2843,143338496
2844,143459328
2845,143580160
2846,143700992
2847,143821824
2848,143942656
2849,144063488
2850,144184320
2851,144305152
2852,144425984
2853,144546816
2854,144667648
2855,144788480
2856,144909312
2857,145030144
2858,145150976
2859,145271808
2860,145392640
2861,145513472
2862,145634304
2863,145756160
2864,145878016
2865,145999872
2866,146121728
2867,146243584
2868,146365440
2869,146487296
2870,146609152
2871,146731008
2872,146852864
2873,146974720
2874,147096576
2875,147218432
2876,147340288
2877,147462144
2878,147584000
2879,147705856
2880,147827712
2881,147949568
2882,148071424
2883,148193280
2884,148315136
2885,148436992
2886,148558848
2887,148680704
2888,148802560
2889,148924416
2890,149046272
2891,149168128
2892,149289984
2893,149412864
2894,149535744
2895,149658624
2896,149781504
2897,149904384
2898,150027264
2899,150150144
2900,150273024
2901,150395904
2902,150518784
2903,150641664
2904,150764544
2905,150887424
2906,151010304
2907,151133184
2908,151256064
2909,151378944
2910,151501824
2911,151624704
2912,151748608
2913,151872512
2914,151996416
2915,152120320
2916,152244224
2917,152368128
2918,152492032
2919,152615936
2920,152739840
2921,152863744
2922,152987648
2923,153111552
2924,153235456
2925,153359360
2926,153483264
2927,153607168
2928,153731072
2929,153854976
2930,153978880
2931,154103808
2932,154228736
2933,154353664
2934,154478592
2935,154603520
2936,154728448
2937,154853376
2938,154978304
2939,155103232
2940,155228160
2941,155353088
2942,155478016
2943,155602944
2944,155727872
2945,155852800
2946,155977728
2947,156102656
2948,156227584
2949,156352512
2950,156477440
2951,156602368
2952,156727296
2953,156852224
2954,156977152
2955,157102080
2956,157227008
2957,157352960
2958,157478912
2959,157604864
2960,157730816
2961,157856768
2962,157982720
2963,158108672
2964,158234624
2965,158360576
2966,158486528
2967,158612480
2968,158738432
2969,158864384
2970,158990336
2971,159116288
2972,159242240
2973,159368192
2974,159494144
2975,159621120
2976,159748096
2977,159875072
2978,160002048
2979,160129024
2980,160256000
2981,160382976
2982,160509952
2983,160636928
2984,160763904
2985,160890880
2986,161017856
2987,161144832
2988,161271808
2989,161398784
2990,161525760
2991,161652736
2992,161779712
2993,161906688
2994,162033664
2995,162160640
2996,162287616
2997,162414592
2998,162541568
2999,162669568
3000,162797568
3001,162925568
3002,163053568
3003,163181568
3004,163309568
3005,163437568
3006,163565568
3007,163693568
3008,163821568
3009,163949568
3010,164077568
3011,164205568
3012,164333568
3013,164461568
3014,164589568
3015,164717568
3016,164846592
3017,164975616
3018,165104640
3019,165233664
3020,165362688
3021,165491712
3022,165620736
3023,165749760
3024,165878784
3025,166007808
3026,166136832
3027,166265856
3028,166394880
3029,166523904
3030,166652928
3031,166781952
3032,166910976
3033,167040000
3034,167169024
3035,167298048
3036,167428096
3037,167558144
3038,167688192
3039,167818240
3040,167948288
3041,168078336
3042,168208384
3043,168338432
3044,168468480
3045,168598528
3046,168728576
3047,168858624
3048,168988672
3049,169118720
3050,169248768
3051,169378816
3052,169508864
3053,169638912
3054,169768960
3055,169899008
3056,170030080
3057,170161152
3058,170292224
3059,170423296
3060,170554368
3061,170685440
3062,170816512
3063,170947584
3064,171078656
3065,171209728
3066,171340800
3067,171471872
3068,171602944
3069,171734016
3070,171865088
3071,171996160
3072,172127232
3073,172258304
3074,172389376
3075,172520448
3076,172651520
3077,172782592
3078,172913664
3079,173044736
3080,173175808
3081,173306880
3082,173438976
3083,173571072
3084,173703168
3085,173835264
3086,173967360
3087,174099456
3088,174231552
3089,174363648
3090,174495744
3091,174627840
3092,174759936
3093,174892032
3094,175024128
3095,175156224
3096,175288320
3097,175420416
3098,175552512
3099,175684608
3100,175816704
3101,175948800
3102,176080896
3103,176212992
3104,176345088
3105,176477184
3106,176609280
3107,176742400
3108,176875520
3109,177008640
3110,177141760
3111,177274880
3112,177408000
3113,177541120
3114,177674240
3115,177807360
3116,177940480
3117,178073600
3118,178206720
3119,178339840
3120,178472960
3121,178606080
3122,178739200
3123,178872320
3124,179005440
3125,179139584
3126,179273728
3127,179407872
3128,179542016
3129,179676160
3130,179810304
3131,179944448
3132,180078592
3133,180212736
3134,180346880
3135,180481024
3136,180615168
3137,180749312
3138,180883456
3139,181017600
3140,181151744
3141,181286912
3142,181422080
3143,181557248
3144,181692416
3145,181827584
3146,181962752
3147,182097920
3148,182233088
3149,182368256
3150,182503424
3151,182638592
3152,182773760
3153,182908928
3154,183044096
3155,183179264
3156,183314432
3157,183449600
3158,183584768
3159,183720960
3160,183857152
3161,183993344
3162,184129536
3163,184265728
3164,184401920
3165,184538112
3166,184674304
3167,184810496
3168,184946688
3169,185082880
3170,185219072
3171,185355264
3172,185491456
3173,185627648
3174,185763840
3175,185900032
3176,186036224
3177,186172416
3178,186309632
3179,186446848
3180,186584064
3181,186721280
3182,186858496
3183,186995712
3184,187132928
3185,187270144
3186,187407360
3187,187544576
3188,187681792
3189,187819008
3190,187956224
3191,188093440
3192,188230656
3193,188367872
3194,188505088
3195,188643328
3196,188781568
3197,188919808
3198,189058048
3199,189196288
3200,189334528
3201,189472768
3202,189611008
3203,189749248
3204,189887488
3205,190025728
3206,190163968
3207,190302208
3208,190440448
3209,190578688
3210,190716928
3211,190855168
3212,190993408
3213,191131648
3214,191269888
3215,191409152
3216,191548416
3217,191687680
3218,191826944
3219,191966208
3220,192105472
3221,192244736
3222,192384000
3223,192523264
3224,192662528
3225,192801792
3226,192941056
3227,193080320
3228,193219584
3229,193358848
3230,193498112
3231,193637376
3232,193776640
3233,193916928
3234,194057216
3235,194197504
3236,194337792
3237,194478080
3238,194618368
3239,194758656
3240,194898944
3241,195039232
3242,195179520
3243,195319808
3244,195460096
3245,195600384
3246,195740672
3247,195880960
3248,196021248
3249,196162560
3250,196303872
3251,196445184
3252,196586496
3253,196727808
3254,196869120
3255,197010432
3256,197152768
3257,197295104
3258,197437440
3259,197579776
3260,197722112
3261,197864448
3262,198006784
3263,198149120
3264,198291456
3265,198433792
3266,198576128
3267,198718464
3268,198860800
3269,199003136
3270,199145472
3271,199287808
3272,199430144
3273,199572480
3274,199714816
3275,199858176
3276,200001536
3277,200144896
3278,200288256
3279,200431616
3280,200574976
3281,200718336
3282,200861696
3283,201005056
3284,201148416
3285,201291776
3286,201435136
3287,201578496
3288,201721856
3289,201865216
3290,202009600
3291,202153984
3292,202298368
3293,202442752
3294,202587136
3295,202731520
3296,202875904
3297,203020288
3298,203164672
3299,203309056
3300,203453440
3301,203597824
3302,203742208
3303,203886592
3304,204030976
3305,204175360
3306,204319744
3307,204464128
3308,204608512
3309,204753920
3310,204899328
3311,205044736
3312,205190144
3313,205335552
3314,205480960
3315,205626368
3316,205771776
3317,205917184
3318,206062592
3319,206208000
3320,206353408
3321,206498816
3322,206644224
3323,206789632
3324,206936064
3325,207082496
3326,207228928
3327,207375360
3328,207521792
3329,207668224
3330,207814656
3331,207961088
3332,208107520
3333,208253952
3334,208400384
3335,208546816
3336,208693248
3337,208839680
3338,208986112
3339,209132544
3340,209278976
3341,209426432
3342,209573888
3343,209721344
3344,209868800
3345,210016256
3346,210163712
3347,210311168
3348,210458624
3349,210606080
3350,210753536
3351,210900992
3352,211048448
3353,211195904
3354,211343360
3355,211490816
3356,211638272
3357,211786752
3358,211935232
3359,212083712
3360,212232192
3361,212380672
3362,212529152
3363,212677632
3364,212826112
3365,212974592
3366,213123072
3367,213271552
3368,213420032
3369,213568512
3370,213716992
3371,213866496
3372,214016000
3373,214165504
3374,214315008
3375,214464512
3376,214614016
3377,214763520
3378,214913024
3379,215062528
3380,215212032
3381,215361536
3382,215511040
3383,215660544
3384,215810048
3385,215959552
3386,216109056
3387,216258560
3388,216408064
3389,216557568
3390,216707072
3391,216857600
3392,217008128
3393,217158656
3394,217309184
3395,217459712
3396,217610240
3397,217760768
3398,217911296
3399,218061824
3400,218212352
3401,218362880
3402,218513408
3403,218663936
3404,218814464
3405,218964992
3406,219115520
3407,219266048
3408,219416576
3409,219568128
3410,219719680
3411,219871232
3412,220022784
3413,220174336
3414,220325888
3415,220477440
3416,220628992
3417,220780544
3418,220932096
3419,221083648
3420,221235200
3421,221386752
3422,221538304
3423,221689856
3424,221841408
3425,221992960
3426,222144512
3427,222296064
3428,222447616
3429,222600192
3430,222752768
3431,222905344
3432,223057920
3433,223210496
3434,223363072
3435,223515648
3436,223668224
3437,223820800
3438,223973376
3439,224125952
3440,224278528
3441,224431104
3442,224583680
3443,224736256
3444,224888832
3445,225041408
3446,225193984
3447,225347584
3448,225501184
3449,225654784
3450,225808384
3451,225961984
3452,226115584
3453,226269184
3454,226422784
3455,226576384
3456,226729984
3457,226883584
3458,227037184
3459,227190784
3460,227344384
3461,227497984
3462,227651584
3463,227805184
3464,227958784
3465,228112384
3466,228265984
3467,228419584
3468,228574208
3469,228728832
3470,228883456
3471,229038080
3472,229192704
3473,229347328
3474,229501952
3475,229656576
3476,229811200
3477,229965824
3478,230120448
3479,230275072
3480,230429696
3481,230584320
3482,230738944
3483,230893568
3484,231048192
3485,231203840
3486,231359488
3487,231515136
3488,231670784
3489,231826432
3490,231982080
3491,232137728
3492,232293376
3493,232449024
3494,232604672
3495,232760320
3496,232915968
3497,233071616
3498,233227264
3499,233382912
3500,233538560
3501,233694208
3502,233849856
3503,234005504
3504,234161152
3505,234316800
3506,234472448
3507,234629120
3508,234785792
3509,234942464
3510,235099136
3511,235255808
3512,235412480
3513,235569152
3514,235725824
3515,235882496
3516,236039168
3517,236195840
3518,236352512
3519,236509184
3520,236665856
3521,236822528
3522,236979200
3523,237135872
3524,237292544
3525,237450240
3526,237607936
3527,237765632
3528,237923328
3529,238081024
3530,238238720
3531,238396416
3532,238554112
3533,238711808
3534,238869504
3535,239027200
3536,239184896
3537,239342592
3538,239500288
3539,239657984
3540,239815680
3541,239973376
3542,240131072
3543,240288768
3544,240446464
3545,240604160
3546,240761856
3547,240919552
3548,241077248
3549,241235968
3550,241394688
3551,241553408
3552,241712128
3553,241870848
3554,242029568
3555,242188288
3556,242347008
3557,242505728
3558,242664448
3559,242823168
3560,242981888
3561,243140608
3562,243300352
3563,243460096
3564,243619840
3565,243779584
3566,243939328
3567,244099072
3568,244258816
3569,244418560
3570,244578304
3571,244738048
3572,244897792
3573,245057536
3574,245217280
3575,245377024
3576,245536768
3577,245696512
3578,245856256
3579,246016000
3580,246175744
3581,246335488
3582,246495232
3583,246654976
3584,246814720
3585,246974464
3586,247134208
3587,247293952
3588,247454720
3589,247615488
3590,247776256
3591,247937024
3592,248097792
3593,248258560
3594,248419328
3595,248580096
3596,248740864
3597,248901632
3598,249062400
3599,249223168
3600,249383936
3601,249544704
3602,249705472
3603,249867264
3604,250029056
3605,250190848
3606,250352640
3607,250514432
3608,250676224
3609,250838016
3610,250999808
3611,251161600
3612,251323392
3613,251485184
3614,251646976
3615,251808768
3616,251970560
3617,252132352
3618,252294144
3619,252456960
3620,252619776
3621,252782592
3622,252945408
3623,253108224
3624,253271040
3625,253433856
3626,253596672
3627,253759488
3628,253922304
3629,254085120
3630,254247936
3631,254410752
3632,254573568
3633,254736384
3634,254899200
3635,255062016
3636,255224832
3637,255387648
3638,255550464
3639,255713280
3640,255877120
3641,256040960
3642,256204800
3643,256368640
3644,256532480
3645,256696320
3646,256860160
3647,257024000
3648,257187840
3649,257351680
3650,257515520
3651,257679360
3652,257843200
3653,258007040
3654,258170880
3655,258334720
3656,258498560
3657,258662400
3658,258826240
3659,258990080
3660,259153920
3661,259317760
3662,259481600
3663,259645440
3664,259810304
3665,259975168
3666,260140032
3667,260304896
3668,260469760
3669,260634624
3670,260799488
3671,260964352
3672,261129216
3673,261294080
3674,261458944
3675,261623808
3676,261788672
3677,261953536
3678,262118400
3679,262283264
3680,262448128
3681,262612992
3682,262778880
3683,262944768
3684,263110656
3685,263276544
3686,263442432
3687,263608320
3688,263774208
3689,263940096
3690,264105984
3691,264271872
3692,264437760
3693,264603648
3694,264769536
3695,264935424
3696,265101312
3697,265267200
3698,265433088
3699,265600000
3700,265766912
3701,265933824
3702,266100736
3703,266267648
3704,266434560
3705,266601472
3706,266768384
3707,266935296
3708,267102208
3709,267269120
3710,267436032
3711,267602944
3712,267769856
3713,267936768
3714,268103680
3715,268270592
3716,268437504
3717,268604416
3718,268771328
3719,268938240
3720,269105152
3721,269272064
3722,269440000
3723,269607936
3724,269775872
3725,269943808
3726,270111744
3727,270279680
3728,270447616
3729,270615552
3730,270783488
3731,270951424
3732,271120384
3733,271289344
3734,271458304
3735,271627264
3736,271796224
3737,271965184
3738,272134144
3739,272303104
3740,272472064
3741,272641024
3742,272809984
3743,272978944
3744,273147904
3745,273316864
3746,273486848
3747,273656832
3748,273826816
3749,273996800
3750,274166784
3751,274336768
3752,274506752
3753,274676736
3754,274846720
3755,275016704
3756,275186688
3757,275356672
3758,275527680
3759,275698688
3760,275869696
3761,276040704
3762,276211712
3763,276382720
3764,276553728
3765,276724736
3766,276895744
3767,277066752
3768,277237760
3769,277408768
3770,277579776
3771,277750784
3772,277921792
3773,278092800
3774,278263808
3775,278434816
3776,278606848
3777,278778880
3778,278950912
3779,279122944
3780,279294976
3781,279467008
3782,279639040
3783,279811072
3784,279983104
3785,280155136
3786,280327168
3787,280499200
3788,280671232
3789,280843264
3790,281015296
3791,281187328
3792,281359360
3793,281531392
3794,281703424
3795,281875456
3796,282047488
3797,282220544
3798,282393600
3799,282566656
3800,282739712
3801,282912768
3802,283085824
3803,283258880
3804,283431936
3805,283604992
3806,283778048
3807,283951104
3808,284124160
3809,284297216
3810,284470272
3811,284643328
3812,284816384
3813,284989440
3814,285162496
3815,285335552
3816,285509632
3817,285683712
3818,285857792
3819,286031872
3820,286205952
3821,286380032
3822,286554112
3823,286728192
3824,286902272
3825,287076352
3826,287250432
3827,287424512
3828,287598592
3829,287772672
3830,287946752
3831,288120832
3832,288294912
3833,288468992
3834,288643072
3835,288818176
3836,288993280
3837,289168384
3838,289343488
3839,289518592
3840,289693696
3841,289868800
3842,290043904
3843,290219008
3844,290394112
3845,290569216
3846,290744320
3847,290919424
3848,291094528
3849,291269632
3850,291444736
3851,291619840
3852,291795968
3853,291972096
3854,292148224
3855,292324352
3856,292500480
3857,292676608
3858,292852736
3859,293028864
3860,293204992
3861,293381120
3862,293557248
3863,293733376
3864,293909504
3865,294086656
3866,294263808
3867,294440960
3868,294618112
3869,294795264
3870,294972416
3871,295149568
3872,295326720
3873,295503872
3874,295681024
3875,295858176
3876,296035328
3877,296212480
3878,296390656
3879,296568832
3880,296747008
3881,296925184
3882,297103360
3883,297281536
3884,297459712
3885,297637888
3886,297816064
3887,297994240
3888,298172416
3889,298350592
3890,298528768
3891,298706944
3892,298885120
3893,299064320
3894,299243520
3895,299422720
3896,299601920
3897,299781120
3898,299960320
3899,300139520
3900,300318720
3901,300497920
3902,300677120
3903,300856320
3904,301035520
3905,301214720
3906,301393920
3907,301573120
3908,301752320
3909,301932544
3910,302112768
3911,302292992
3912,302473216
3913,302653440
3914,302833664
3915,303013888
3916,303194112
3917,303374336
3918,303554560
3919,303734784
3920,303915008
3921,304095232
3922,304275456
3923,304455680
3924,304635904
3925,304816128
3926,304996352
3927,305177600
3928,305358848
3929,305540096
3930,305721344
3931,305902592
3932,306083840
3933,306265088
3934,306446336
3935,306627584
3936,306808832
3937,306990080
3938,307171328
3939,307352576
3940,307533824
3941,307715072
3942,307896320
3943,308077568
3944,308258816
3945,308440064
3946,308621312
3947,308802560
3948,308984832
3949,309167104
3950,309349376
3951,309531648
3952,309713920
3953,309896192
3954,310078464
3955,310260736
3956,310443008
3957,310625280
3958,310807552
3959,310989824
3960,311172096
3961,311354368
3962,311536640
3963,311718912
3964,311902208
3965,312085504
3966,312268800
3967,312452096
3968,312635392
3969,312818688
3970,313001984
3971,313185280
3972,313368576
3973,313551872
3974,313735168
3975,313918464
3976,314101760
3977,314285056
3978,314468352
3979,314652672
3980,314836992
3981,315021312
3982,315205632
3983,315389952
3984,315574272
3985,315758592
3986,315942912
3987,316127232
3988,316311552
3989,316496896
3990,316682240
3991,316867584
3992,317052928
3993,317238272
3994,317423616
3995,317608960
3996,317794304
3997,317979648
3998,318164992
3999,318350336
4000,318535680
4001,318721024
4002,318906368
4003,319091712
4004,319277056
4005,319463424
4006,319649792
4007,319836160
4008,320022528
4009,320208896
4010,320395264
4011,320581632
4012,320768000
4013,320954368
4014,321140736
4015,321327104
4016,321513472
4017,321699840
4018,321886208
4019,322072576
4020,322258944
4021,322446336
4022,322633728
4023,322821120
4024,323008512
4025,323195904
4026,323383296
4027,323570688
4028,323758080
4029,323945472
4030,324132864
4031,324320256
4032,324507648
4033,324695040
4034,324882432
4035,325069824
4036,325257216
4037,325444608
4038,325633024
4039,325821440
4040,326009856
4041,326198272
4042,326386688
4043,326575104
4044,326763520
4045,326951936
4046,327140352
4047,327328768
4048,327517184
4049,327705600
4050,327894016
4051,328082432
4052,328271872
4053,328461312
4054,328650752
4055,328840192
4056,329029632
4057,329219072
4058,329408512
4059,329597952
4060,329787392
4061,329976832
4062,330166272
4063,330355712
4064,330545152
4065,330734592
4066,330924032
4067,331113472
4068,331302912
4069,331492352
4070,331682816
4071,331873280
4072,332063744
4073,332254208
4074,332444672
4075,332635136
4076,332825600
4077,333016064
4078,333206528
4079,333398016
4080,333589504
4081,333780992
4082,333972480
4083,334163968
4084,334355456
4085,334546944
4086,334738432
4087,334929920
4088,335121408
4089,335312896
4090,335505408
4091,335697920
4092,335890432
4093,336082944
4094,336275456
4095,336467968
4096,336660480
4097,336852992
4098,337045504
4099,337238016
4100,337430528
4101,337623040
4102,337815552
4103,338008064
4104,338200576
4105,338393088
4106,338585600
4107,338779136
4108,338972672
4109,339166208
4110,339359744
4111,339553280
4112,339746816
4113,339940352
4114,340133888
4115,340327424
4116,340520960
4117,340714496
4118,340908032
4119,341101568
4120,341295104
4121,341488640
4122,341683200
4123,341877760
4124,342072320
4125,342266880
4126,342461440
4127,342656000
4128,342850560
4129,343045120
4130,343239680
4131,343434240
4132,343628800
4133,343824384
4134,344019968
4135,344215552
4136,344411136
4137,344606720
4138,344802304
4139,344997888
4140,345193472
4141,345389056
4142,345584640
4143,345780224
4144,345975808
4145,346171392
4146,346366976
4147,346562560
4148,346758144
4149,346953728
4150,347149312
4151,347344896
4152,347541504
4153,347738112
4154,347934720
4155,348131328
4156,348327936
4157,348524544
4158,348721152
4159,348917760
4160,349114368
4161,349310976
4162,349507584
4163,349704192
4164,349901824
4165,350099456
4166,350297088
4167,350494720
4168,350692352
4169,350889984
4170,351087616
4171,351285248
4172,351482880
4173,351680512
4174,351878144
4175,352075776
4176,352273408
4177,352471040
4178,352668672
4179,352866304
4180,353063936
4181,353261568
4182,353459200
4183,353656832
4184,353855488
4185,354054144
4186,354252800
4187,354451456
4188,354650112
4189,354848768
4190,355047424
4191,355246080
4192,355444736
4193,355643392
4194,355842048
4195,356040704
4196,356239360
4197,356438016
4198,356636672
4199,356835328
4200,357035008
4201,357234688
4202,357434368
4203,357634048
4204,357833728
4205,358033408
4206,358233088
4207,358432768
4208,358632448
4209,358832128
4210,359031808
4211,359231488
4212,359431168
4213,359630848
4214,359830528
4215,360030208
4216,360229888
4217,360429568
4218,360629248
4219,360828928
4220,361028608
4221,361228288
4222,361428992
4223,361629696
4224,361830400
4225,362031104
4226,362231808
4227,362432512
4228,362633216
4229,362833920
4230,363034624
4231,363235328
4232,363436032
4233,363636736
4234,363837440
4235,364038144
4236,364238848
4237,364439552
4238,364640256
4239,364840960
4240,365041664
4241,365242368
4242,365443072
4243,365643776
4244,365844480
4245,366045184
4246,366246912
4247,366448640
4248,366650368
4249,366852096
4250,367053824
4251,367255552
4252,367457280
4253,367659008
4254,367860736
4255,368062464
4256,368264192
4257,368465920
4258,368667648
4259,368869376
4260,369071104
4261,369272832
4262,369474560
4263,369676288
4264,369879040
4265,370081792
4266,370284544
4267,370487296
4268,370690048
4269,370892800
4270,371095552
4271,371298304
4272,371501056
4273,371703808
4274,371906560
4275,372110336
4276,372314112
4277,372517888
4278,372721664
4279,372925440
4280,373129216
4281,373332992
4282,373536768
4283,373740544
4284,373944320
4285,374148096
4286,374351872
4287,374555648
4288,374759424
4289,374963200
4290,375168000
4291,375372800
4292,375577600
4293,375782400
4294,375987200
4295,376192000
4296,376396800
4297,376601600
4298,376806400
4299,377011200
4300,377216000
4301,377420800
4302,377625600
4303,377830400
4304,378035200
4305,378240000
4306,378445824
4307,378651648
4308,378857472
4309,379063296
4310,379269120
4311,379474944
4312,379680768
4313,379886592
4314,380092416
4315,380298240
4316,380504064
4317,380709888
4318,380915712
4319,381121536
4320,381328384
4321,381535232
4322,381742080
4323,381948928
4324,382155776
4325,382362624
4326,382569472
4327,382776320
4328,382983168
4329,383190016
4330,383396864
4331,383603712
4332,383810560
4333,384017408
4334,384224256
4335,384431104
4336,384638976
4337,384846848
4338,385054720
4339,385262592
4340,385470464
4341,385678336
4342,385886208
4343,386094080
4344,386301952
4345,386509824
4346,386717696
4347,386925568
4348,387133440
4349,387341312
4350,387549184
4351,387757056
4352,387964928
4353,388173824
4354,388382720
4355,388591616
4356,388800512
4357,389009408
4358,389218304
4359,389427200
4360,389636096
4361,389844992
4362,390053888
4363,390262784
4364,390472704
4365,390682624
4366,390892544
4367,391102464
4368,391312384
4369,391522304
4370,391732224
4371,391942144
4372,392152064
4373,392361984
4374,392571904
4375,392781824
4376,392991744
4377,393201664
4378,393411584
4379,393621504
4380,393832448
4381,394043392
4382,394254336
4383,394465280
4384,394676224
4385,394887168
4386,395098112
4387,395309056
4388,395520000
4389,395730944
4390,395942912
4391,396154880
4392,396366848
4393,396578816
4394,396790784
4395,397002752
4396,397214720
4397,397426688
4398,397638656
4399,397850624
4400,398062592
4401,398274560
4402,398486528
4403,398698496
4404,398911488
4405,399124480
4406,399337472
4407,399550464
4408,399763456
4409,399976448
4410,400189440
4411,400402432
4412,400615424
4413,400828416
4414,401041408
4415,401254400
4416,401467392
4417,401680384
4418,401893376
4419,402106368
4420,402320384
4421,402534400
4422,402748416
4423,402962432
4424,403176448
4425,403390464
4426,403604480
4427,403819520
4428,404034560
4429,404249600
4430,404464640
4431,404679680
4432,404894720
4433,405109760
4434,405324800
4435,405539840
4436,405754880
4437,405969920
4438,406184960
4439,406400000
4440,406615040
4441,406830080
4442,407045120
4443,407260160
4444,407476224
4445,407692288
4446,407908352
4447,408124416
4448,408340480
4449,408556544
4450,408772608
4451,408988672
4452,409204736
4453,409420800
4454,409636864
4455,409852928
4456,410068992
4457,410286080
4458,410503168
4459,410720256
4460,410937344
4461,411154432
4462,411371520
4463,411588608
4464,411805696
4465,412022784
4466,412239872
4467,412456960
4468,412674048
4469,412891136
4470,413108224
4471,413325312
4472,413542400
4473,413759488
4474,413976576
4475,414194688
4476,414412800
4477,414630912
4478,414849024
4479,415067136
4480,415285248
4481,415503360
4482,415721472
4483,415939584
4484,416157696
4485,416375808
4486,416593920
4487,416812032
4488,417031168
4489,417250304
4490,417469440
4491,417688576
4492,417907712
4493,418126848
4494,418345984
4495,418565120
4496,418784256
4497,419003392
4498,419222528
4499,419441664
4500,419660800
4501,419879936
4502,420099072
4503,420318208
4504,420538368
4505,420758528
4506,420978688
4507,421198848
4508,421419008
4509,421639168
4510,421859328
4511,422079488
4512,422299648
4513,422519808
4514,422739968
4515,422960128
4516,423180288
4517,423400448
4518,423620608
4519,423840768
4520,424060928
4521,424282112
4522,424503296
4523,424724480
4524,424945664
4525,425166848
4526,425388032
4527,425609216
4528,425830400
4529,426051584
4530,426272768
4531,426493952
4532,426716160
4533,426938368
4534,427160576
4535,427382784
4536,427604992
4537,427827200
4538,428049408
4539,428271616
4540,428493824
4541,428716032
4542,428938240
4543,429160448
4544,429382656
4545,429604864
4546,429827072
4547,430049280
4548,430271488
4549,430493696
4550,430716928
4551,430940160
4552,431163392
4553,431386624
4554,431609856
4555,431833088
4556,432056320
4557,432279552
4558,432502784
4559,432726016
4560,432949248
4561,433172480
4562,433395712
4563,433619968
4564,433844224
4565,434068480
4566,434292736
4567,434516992
4568,434741248
4569,434965504
4570,435189760
4571,435414016
4572,435638272
4573,435862528
4574,436086784
4575,436312064
4576,436537344
4577,436762624
4578,436987904
4579,437213184
4580,437438464
4581,437663744
4582,437889024
4583,438114304
4584,438339584
4585,438564864
4586,438790144
4587,439015424
4588,439241728
4589,439468032
4590,439694336
4591,439920640
4592,440146944
4593,440373248
4594,440599552
4595,440825856
4596,441052160
4597,441278464
4598,441504768
4599,441731072
4600,441957376
4601,442183680
4602,442411008
4603,442638336
4604,442865664
4605,443092992
4606,443320320
4607,443547648
4608,443774976
4609,444002304
4610,444229632
4611,444456960
4612,444684288
4613,444911616
4614,445138944
4615,445366272
4616,445593600
4617,445820928
4618,446048256
4619,446275584
4620,446502912
4621,446731264
4622,446959616
4623,447187968
4624,447416320
4625,447644672
4626,447873024
4627,448101376
4628,448329728
4629,448558080
4630,448786432
4631,449015808
4632,449245184
4633,449474560
4634,449703936
4635,449933312
4636,450162688
4637,450392064
4638,450621440
4639,450850816
4640,451080192
4641,451309568
4642,451538944
4643,451768320
4644,451997696
4645,452228096
4646,452458496
4647,452688896
4648,452919296
4649,453149696
4650,453380096
4651,453610496
4652,453841920
4653,454073344
4654,454304768
4655,454536192
4656,454767616
4657,454999040
4658,455230464
4659,455461888
4660,455693312
4661,455924736
4662,456156160
4663,456387584
4664,456619008
4665,456850432
4666,457082880
4667,457315328
4668,457547776
4669,457780224
4670,458012672
4671,458245120
4672,458477568
4673,458710016
4674,458942464
4675,459174912
4676,459407360
4677,459639808
4678,459872256
4679,460104704
4680,460337152
4681,460570624
4682,460804096
4683,461037568
4684,461271040
4685,461504512
4686,461737984
4687,461971456
4688,462204928
4689,462438400
4690,462671872
4691,462906368
4692,463140864
4693,463375360
4694,463609856
4695,463844352
4696,464078848
4697,464313344
4698,464547840
4699,464782336
4700,465016832
4701,465251328
4702,465485824
4703,465721344
4704,465956864
4705,466192384
4706,466427904
4707,466663424
4708,466898944
4709,467134464
4710,467369984
4711,467605504
4712,467841024
4713,468076544
4714,468312064
4715,468547584
4716,468783104
4717,469018624
4718,469255168
4719,469491712
4720,469728256
4721,469964800
4722,470201344
4723,470437888
4724,470674432
4725,470910976
4726,471147520
4727,471384064
4728,471620608
4729,471857152
4730,472093696
4731,472330240
4732,472566784
4733,472803328
4734,473039872
4735,473276416
4736,473513984
4737,473751552
4738,473989120
4739,474226688
4740,474464256
4741,474701824
4742,474939392
4743,475176960
4744,475414528
4745,475652096
4746,475889664
4747,476127232
4748,476364800
4749,476602368
4750,476840960
4751,477079552
4752,477318144
4753,477556736
4754,477795328
4755,478033920
4756,478272512
4757,478511104
4758,478749696
4759,478988288
4760,479226880
4761,479465472
4762,479704064
4763,479942656
4764,480182272
4765,480421888
4766,480661504
4767,480901120
4768,481140736
4769,481380352
4770,481619968
4771,481859584
4772,482099200
4773,482338816
4774,482578432
4775,482818048
4776,483057664
4777,483297280
4778,483536896
4779,483776512
4780,484016128
4781,484256768
4782,484497408
4783,484738048
4784,484978688
4785,485219328
4786,485459968
4787,485700608
4788,485941248
4789,486181888
4790,486422528
4791,486663168
4792,486904832
4793,487146496
4794,487388160
4795,487629824
4796,487871488
4797,488113152
4798,488354816
4799,488596480
4800,488838144
4801,489079808
4802,489321472
4803,489563136
4804,489804800
4805,490046464
4806,490288128
4807,490530816
4808,490773504
4809,491016192
4810,491258880
4811,491501568
4812,491744256
4813,491986944
4814,492229632
4815,492472320
4816,492715008
4817,492957696
4818,493200384
4819,493443072
4820,493685760
4821,493928448
4822,494171136
4823,494413824
4824,494657536
4825,494901248
4826,495144960
4827,495388672
4828,495632384
4829,495876096
4830,496119808
4831,496363520
4832,496607232
4833,496850944
4834,497094656
4835,497338368
4836,497582080
4837,497825792
4838,498069504
4839,498313216
4840,498556928
4841,498800640
4842,499044352
4843,499289088
4844,499533824
4845,499778560
4846,500023296
4847,500268032
4848,500512768
4849,500757504
4850,501002240
4851,501246976
4852,501491712
4853,501736448
4854,501982208
4855,502227968
4856,502473728
4857,502719488
4858,502965248
4859,503211008
4860,503456768
4861,503702528
4862,503948288
4863,504194048
4864,504439808
4865,504686592
4866,504933376
4867,505180160
4868,505426944
4869,505673728
4870,505920512
4871,506167296
4872,506414080
4873,506660864
4874,506907648
4875,507154432
4876,507401216
4877,507648000
4878,507894784
4879,508141568
4880,508388352
4881,508636160
4882,508883968
4883,509131776
4884,509379584
4885,509627392
4886,509875200
4887,510123008
4888,510370816
4889,510618624
4890,510866432
4891,511114240
4892,511362048
4893,511609856
4894,511858688
4895,512107520
4896,512356352
4897,512605184
4898,512854016
4899,513102848
4900,513351680
4901,513600512
4902,513849344
4903,514099200
4904,514349056
4905,514598912
4906,514848768
4907,515098624
4908,515348480
4909,515598336
4910,515848192
4911,516098048
4912,516347904
4913,516597760
4914,516847616
4915,517097472
4916,517347328
4917,517597184
4918,517847040
4919,518097920
4920,518348800
4921,518599680
4922,518850560
4923,519101440
4924,519352320
4925,519603200
4926,519854080
4927,520104960
4928,520355840
4929,520606720
4930,520857600
4931,521108480
4932,521360384
4933,521612288
4934,521864192
4935,522116096
4936,522368000
4937,522619904
4938,522871808
4939,523123712
4940,523375616
4941,523627520
4942,523879424
4943,524131328
4944,524384256
4945,524637184
4946,524890112
4947,525143040
4948,525395968
4949,525648896
4950,525901824
4951,526154752
4952,526407680
4953,526660608
4954,526913536
4955,527166464
4956,527419392
4957,527673344
4958,527927296
4959,528181248
4960,528435200
4961,528689152
4962,528943104
4963,529197056
4964,529451008
4965,529704960
4966,529958912
4967,530212864
4968,530466816
4969,530720768
4970,530974720
4971,531228672
4972,531482624
4973,531736576
4974,531990528
4975,532244480
4976,532498432
4977,532752384
4978,533007360
4979,533262336
4980,533517312
4981,533772288
4982,534027264
4983,534282240
4984,534537216
4985,534792192
4986,535047168
4987,535302144
4988,535557120
4989,535812096
4990,536067072
4991,536322048
4992,536578048
4993,536834048
4994,537090048
4995,537346048
4996,537602048
4997,537858048
4998,538114048
4999,538370048
5000,538626048
5001,538883072
5002,539140096
5003,539397120
5004,539654144
5005,539911168
5006,540168192
5007,540425216
5008,540682240
5009,540939264
5010,541196288
5011,541453312
5012,541710336
5013,541967360
5014,542224384
5015,542481408
5016,542738432
5017,542995456
5018,543252480
5019,543509504
5020,543766528
5021,544023552
5022,544280576
5023,544537600
5024,544795648
5025,545053696
5026,545311744
5027,545569792
5028,545827840
5029,546085888
5030,546343936
5031,546601984
5032,546860032
5033,547118080
5034,547376128
5035,547634176
5036,547892224
5037,548150272
5038,548409344
5039,548668416
5040,548927488
5041,549186560
5042,549445632
5043,549704704
5044,549963776
5045,550222848
5046,550481920
5047,550740992
5048,551000064
5049,551259136
5050,551518208
5051,551777280
5052,552036352
5053,552295424
5054,552554496
5055,552813568
5056,553073664
5057,553333760
5058,553593856
5059,553853952
5060,554114048
5061,554374144
5062,554634240
5063,554894336
5064,555154432
5065,555414528
5066,555674624
5067,555934720
5068,556194816
5069,556454912
5070,556715008
5071,556975104
5072,557235200
5073,557495296
5074,557756416
5075,558017536
5076,558278656
5077,558539776
5078,558800896
5079,559062016
5080,559323136
5081,559584256
5082,559845376
5083,560107520
5084,560369664
5085,560631808
5086,560893952
5087,561156096
5088,561418240
5089,561680384
5090,561942528
5091,562204672
5092,562466816
5093,562729984
5094,562993152
5095,563256320
5096,563519488
5097,563782656
5098,564045824
5099,564308992
5100,564572160
5101,564835328
5102,565098496
5103,565361664
5104,565624832
5105,565888000
5106,566152192
5107,566416384
5108,566680576
5109,566944768
5110,567208960
5111,567473152
5112,567737344
5113,568001536
5114,568265728
5115,568529920
5116,568794112
5117,569058304
5118,569322496
5119,569586688
5120,569850880
5121,570115072
5122,570380288
5123,570645504
5124,570910720
5125,571175936
5126,571441152
5127,571706368
5128,571971584
5129,572236800
5130,572502016
5131,572767232
5132,573032448
5133,573298688
5134,573564928
5135,573831168
5136,574097408
5137,574363648
5138,574629888
5139,574896128
5140,575162368
5141,575428608
5142,575694848
5143,575961088
5144,576227328
5145,576494592
5146,576761856
5147,577029120
5148,577296384
5149,577563648
5150,577830912
5151,578098176
5152,578365440
5153,578632704
5154,578899968
5155,579167232
5156,579435520
5157,579703808
5158,579972096
5159,580240384
5160,580508672
5161,580776960
5162,581045248
5163,581313536
5164,581581824
5165,581850112
5166,582118400
5167,582386688
5168,582654976
5169,582923264
5170,583192576
5171,583461888
5172,583731200
5173,584000512
5174,584269824
5175,584539136
5176,584808448
5177,585078784
5178,585349120
5179,585619456
5180,585889792
5181,586160128
5182,586430464
5183,586700800
5184,586971136
5185,587241472
5186,587512832
5187,587784192
5188,588055552
5189,588326912
5190,588598272
5191,588869632
5192,589140992
5193,589412352
5194,589683712
5195,589955072
5196,590226432
5197,590497792
5198,590769152
5199,591040512
5200,591311872
5201,591584256
5202,591856640
5203,592129024
5204,592401408
5205,592673792
5206,592946176
5207,593218560
5208,593490944
5209,593763328
5210,594035712
5211,594308096
5212,594580480
5213,594852864
5214,595125248
5215,595398656
5216,595672064
5217,595945472
5218,596218880
5219,596492288
5220,596765696
5221,597039104
5222,597312512
5223,597585920
5224,597859328
5225,598132736
5226,598406144
5227,598679552
5228,598953984
5229,599228416
5230,599502848
5231,599777280
5232,600051712
5233,600326144
5234,600600576
5235,600876032
5236,601151488
5237,601426944
5238,601702400
5239,601977856
5240,602253312
5241,602528768
5242,602804224
5243,603079680
5244,603355136
5245,603630592
5246,603906048
5247,604182528
5248,604459008
5249,604735488
5250,605011968
5251,605288448
5252,605564928
5253,605841408
5254,606117888
5255,606394368
5256,606670848
5257,606948352
5258,607225856
5259,607503360
5260,607780864
5261,608058368
5262,608335872
5263,608613376
5264,608890880
5265,609168384
5266,609445888
5267,609723392
5268,610000896
5269,610278400
5270,610555904
5271,610833408
5272,611110912
5273,611388416
5274,611665920
5275,611944448
5276,612222976
5277,612501504
5278,612780032
5279,613058560
5280,613337088
5281,613615616
5282,613894144
5283,614172672
5284,614451200
5285,614729728
5286,615008256
5287,615287808
5288,615567360
5289,615846912
5290,616126464
5291,616406016
5292,616685568
5293,616965120
5294,617244672
5295,617524224
5296,617803776
5297,618084352
5298,618364928
5299,618645504
5300,618926080
5301,619206656
5302,619487232
5303,619767808
5304,620048384
5305,620328960
5306,620609536
5307,620890112
5308,621170688
5309,621451264
5310,621731840
5311,622013440
5312,622295040
5313,622576640
5314,622858240
5315,623139840
5316,623421440
5317,623703040
5318,623984640
5319,624266240
5320,624547840
5321,624829440
5322,625111040
5323,625392640
5324,625674240
5325,625956864
5326,626239488
5327,626522112
5328,626804736
5329,627087360
5330,627369984
5331,627652608
5332,627935232
5333,628217856
5334,628500480
5335,628783104
5336,629065728
5337,629348352
5338,629630976
5339,629913600
5340,630196224
5341,630478848
5342,630761472
5343,631044096
5344,631326720
5345,631609344
5346,631892992
5347,632176640
5348,632460288
5349,632743936
5350,633027584
5351,633311232
5352,633594880
5353,633878528
5354,634162176
5355,634445824
5356,634730496
5357,635015168
5358,635299840
5359,635584512
5360,635869184
5361,636153856
5362,636438528
5363,636723200
5364,637008896
5365,637294592
5366,637580288
5367,637865984
5368,638151680
5369,638437376
5370,638723072
5371,639008768
5372,639294464
5373,639580160
5374,639866880
5375,640153600
5376,640440320
5377,640727040
5378,641013760
5379,641300480
5380,641587200
5381,641873920
5382,642160640
5383,642447360
5384,642734080
5385,643020800
5386,643307520
5387,643595264
5388,643883008
5389,644170752
5390,644458496
5391,644746240
5392,645033984
5393,645321728
5394,645609472
5395,645897216
5396,646184960
5397,646472704
5398,646760448
5399,647048192
5400,647335936
5401,647623680
5402,647911424
5403,648199168
5404,648487936
5405,648776704
5406,649065472
5407,649354240
5408,649643008
5409,649931776
5410,650220544
5411,650509312
5412,650798080
5413,651086848
5414,651375616
5415,651665408
5416,651955200
5417,652244992
5418,652534784
5419,652824576
5420,653114368
5421,653404160
5422,653693952
5423,653984768
5424,654275584
5425,654566400
5426,654857216
5427,655148032
5428,655438848
5429,655729664
5430,656020480
5431,656311296
5432,656602112
5433,656892928
5434,657183744
5435,657474560
5436,657765376
5437,658056192
5438,658348032
5439,658639872
5440,658931712
5441,659223552
5442,659515392
5443,659807232
5444,660099072
5445,660391936
5446,660684800
5447,660977664
5448,661270528
5449,661563392
5450,661856256
5451,662149120
5452,662441984
5453,662734848
5454,663027712
5455,663320576
5456,663613440
5457,663906304
5458,664199168
5459,664493056
5460,664786944
5461,665080832
5462,665374720
5463,665668608
5464,665962496
5465,666256384
5466,666550272
5467,666844160
5468,667138048
5469,667431936
5470,667725824
5471,668020736
5472,668315648
5473,668610560
5474,668905472
5475,669200384
5476,669495296
5477,669791232
5478,670087168
5479,670383104
5480,670679040
5481,670974976
5482,671270912
5483,671566848
5484,671862784
5485,672158720
5486,672455680
5487,672752640
5488,673049600
5489,673346560
5490,673643520
5491,673940480
5492,674237440
5493,674534400
5494,674831360
5495,675128320
5496,675425280
5497,675722240
5498,676019200
5499,676316160
5500,676613120
5501,676911104
5502,677209088
5503,677507072
5504,677805056
5505,678103040
5506,678401024
5507,678699008
5508,678996992
5509,679294976
5510,679592960
5511,679890944
5512,680189952
5513,680488960
5514,680787968
5515,681086976
5516,681385984
5517,681684992
5518,681984000
5519,682283008
5520,682582016
5521,682882048
5522,683182080
5523,683482112
5524,683782144
5525,684082176
5526,684382208
5527,684682240
5528,684982272
5529,685282304
5530,685582336
5531,685883392
5532,686184448
5533,686485504
5534,686786560
5535,687087616
5536,687388672
5537,687689728
5538,687990784
5539,688291840
5540,688592896
5541,688894976
5542,689197056
5543,689499136
5544,689801216
5545,690103296
5546,690405376
5547,690707456
5548,691009536
5549,691311616
5550,691613696
5551,691915776
5552,692217856
5553,692520960
5554,692824064
5555,693127168
5556,693430272
5557,693733376
5558,694036480
5559,694339584
5560,694642688
5561,694946816
5562,695250944
5563,695555072
5564,695859200
5565,696163328
5566,696467456
5567,696771584
5568,697075712
5569,697379840
5570,697683968
5571,697988096
5572,698292224
5573,698596352
5574,698901504
5575,699206656
5576,699511808
5577,699816960
5578,700122112
5579,700427264
5580,700732416
5581,701037568
5582,701342720
5583,701647872
5584,701953024
5585,702258176
5586,702563328
5587,702869504
5588,703175680
5589,703481856
5590,703788032
5591,704094208
5592,704400384
5593,704706560
5594,705012736
5595,705318912
5596,705625088
5597,705932288
5598,706239488
5599,706546688
5600,706853888
5601,707161088
5602,707468288
5603,707775488
5604,708082688
5605,708389888
5606,708697088
5607,709005312
5608,709313536
5609,709621760
5610,709929984
5611,710238208
5612,710546432
5613,710854656
5614,711162880
5615,711471104
5616,711779328
5617,712087552
5618,712396800
5619,712706048
5620,713015296
5621,713324544
5622,713633792
5623,713943040
5624,714252288
5625,714561536
5626,714870784
5627,715180032
5628,715489280
5629,715798528
5630,716107776
5631,716417024
5632,716726272
5633,717036544
5634,717346816
5635,717657088
5636,717967360
5637,718277632
5638,718587904
5639,718898176
5640,719208448
5641,719518720
5642,719828992
5643,720139264
5644,720449536
5645,720760832
5646,721072128
5647,721383424
5648,721694720
5649,722006016
5650,722317312
5651,722628608
5652,722939904
5653,723251200
5654,723562496
5655,723874816
5656,724187136
5657,724499456
5658,724811776
5659,725124096
5660,725436416
5661,725749760
5662,726063104
5663,726376448
5664,726689792
5665,727003136
5666,727316480
5667,727629824
5668,727943168
5669,728256512
5670,728570880
5671,728885248
5672,729199616
5673,729513984
5674,729829376
5675,730144768
5676,730460160
5677,730775552
5678,731090944
5679,731406336
5680,731721728
5681,732037120
5682,732352512
5683,732667904
5684,732983296
5685,733298688
5686,733614080
5687,733929472
5688,734244864
5689,734561280
5690,734877696
5691,735194112
5692,735510528
5693,735826944
5694,736143360
5695,736459776
5696,736776192
5697,737092608
5698,737409024
5699,737725440
5700,738042880
5701,738360320
5702,738677760
5703,738995200
5704,739312640
5705,739630080
5706,739947520
5707,740264960
5708,740582400
5709,740899840
5710,741218304
5711,741536768
5712,741855232
5713,742173696
5714,742492160
5715,742810624
5716,743129088
5717,743447552
5718,743766016
5719,744085504
5720,744404992
5721,744724480
5722,745043968
5723,745363456
5724,745682944
5725,746002432
5726,746322944
5727,746643456
5728,746963968
5729,747284480
5730,747604992
5731,747925504
5732,748246016
5733,748566528
5734,748887040
5735,749208576
5736,749530112
5737,749851648
5738,750173184
5739,750494720
5740,750816256
5741,751137792
5742,751459328
5743,751780864
5744,752102400
5745,752423936
5746,752746496
5747,753069056
5748,753391616
5749,753714176
5750,754036736
5751,754360320
5752,754683904
5753,755007488
5754,755331072
5755,755654656
5756,755978240
5757,756301824
5758,756625408
5759,756948992
5760,757272576
5761,757596160
5762,757919744
5763,758243328
5764,758566912
5765,758890496
5766,759215104
5767,759539712
5768,759864320
5769,760188928
5770,760513536
5771,760838144
5772,761163776
5773,761489408
5774,761815040
5775,762140672
5776,762466304
5777,762791936
5778,763117568
5779,763443200
5780,763768832
5781,764094464
5782,764420096
5783,764745728
5784,765071360
5785,765398016
5786,765724672
5787,766051328
5788,766377984
5789,766704640
5790,767031296
5791,767357952
5792,767684608
5793,768011264
5794,768338944
5795,768666624
5796,768994304
5797,769321984
5798,769649664
5799,769977344
5800,770306048
5801,770634752
5802,770963456
5803,771292160
5804,771620864
5805,771949568
5806,772278272
5807,772606976
5808,772935680
5809,773264384
5810,773593088
5811,773921792
5812,774250496
5813,774580224
5814,774909952
5815,775239680
5816,775569408
5817,775899136
5818,776228864
5819,776558592
5820,776888320
5821,777218048
5822,777547776
5823,777877504
5824,778208256
5825,778539008
5826,778869760
5827,779200512
5828,779531264
5829,779862016
5830,780192768
5831,780523520
5832,780855296
5833,781187072
5834,781518848
5835,781850624
5836,782182400
5837,782514176
5838,782845952
5839,783177728
5840,783509504
5841,783841280
5842,784173056
5843,784504832
5844,784836608
5845,785168384
5846,785500160
5847,785831936
5848,786163712
5849,786495488
5850,786827264
5851,787159040
5852,787491840
5853,787824640
5854,788157440
5855,788490240
5856,788823040
5857,789155840
5858,789488640
5859,789822464
5860,790156288
5861,790490112
5862,790823936
5863,791157760
5864,791491584
5865,791825408
5866,792159232
5867,792493056
5868,792826880
5869,793160704
5870,793494528
5871,793828352
5872,794163200
5873,794498048
5874,794832896
5875,795167744
5876,795503616
5877,795839488
5878,796175360
5879,796511232
5880,796847104
5881,797182976
5882,797518848
5883,797854720
5884,798190592
5885,798526464
5886,798862336
5887,799198208
5888,799534080
5889,799870976
5890,800207872
5891,800544768
5892,800881664
5893,801218560
5894,801555456
5895,801892352
5896,802229248
5897,802567168
5898,802905088
5899,803243008
5900,803580928
5901,803918848
5902,804256768
5903,804594688
5904,804932608
5905,805270528
5906,805608448
5907,805946368
5908,806284288
5909,806622208
5910,806960128
5911,807299072
5912,807638016
5913,807976960
5914,808315904
5915,808654848
5916,808993792
5917,809332736
5918,809671680
5919,810010624
5920,810349568
5921,810688512
5922,811028480
5923,811368448
5924,811708416
5925,812048384
5926,812389376
5927,812730368
5928,813071360
5929,813412352
5930,813753344
5931,814094336
5932,814435328
5933,814776320
5934,815118336
5935,815460352
5936,815802368
5937,816144384
5938,816486400
5939,816828416
5940,817170432
5941,817513472
5942,817856512
5943,818199552
5944,818542592
5945,818885632
5946,819228672
5947,819572736
5948,819916800
5949,820260864
5950,820604928
5951,820948992
5952,821293056
5953,821637120
5954,821981184
5955,822325248
5956,822669312
5957,823013376
5958,823358464
5959,823703552
5960,824048640
5961,824393728
5962,824738816
5963,825083904
5964,825428992
5965,825774080
5966,826120192
5967,826466304
5968,826812416
5969,827158528
5970,827504640
5971,827850752
5972,828197888
5973,828545024
5974,828892160
5975,829239296
5976,829586432
5977,829933568
5978,830280704
5979,830627840
5980,830976000
5981,831324160
5982,831672320
5983,832020480
5984,832369664
5985,832718848
5986,833068032
5987,833417216
5988,833766400
5989,834115584
5990,834464768
5991,834813952
5992,835163136
5993,835512320
5994,835861504
5995,836210688
5996,836560896
5997,836911104
5998,837261312
5999,837611520
6000,837961728
6001,838311936
6002,838662144
6003,839013376
6004,839364608
6005,839715840
6006,840067072
6007,840418304
6008,840769536
6009,841120768
6010,841472000
6011,841823232
6012,842174464
6013,842525696
6014,842877952
6015,843230208
6016,843582464
6017,843934720
6018,844288000
6019,844641280
6020,844994560
6021,845347840
6022,845701120
6023,846054400
6024,846407680
6025,846761984
6026,847116288
6027,847470592
6028,847824896
6029,848179200
6030,848533504
6031,848887808
6032,849242112
6033,849597440
6034,849952768
6035,850308096
6036,850663424
6037,851018752
6038,851374080
6039,851729408
6040,852085760
6041,852442112
6042,852798464
6043,853154816
6044,853511168
6045,853867520
6046,854223872
6047,854580224
6048,854937600
6049,855294976
6050,855652352
6051,856009728
6052,856367104
6053,856724480
6054,857081856
6055,857439232
6056,857796608
6057,858153984
6058,858512384
6059,858870784
6060,859229184
6061,859587584
6062,859945984
6063,860304384
6064,860662784
6065,861021184
6066,861379584
6067,861737984
6068,862096384
6069,862455808
6070,862815232
6071,863174656
6072,863534080
6073,863893504
6074,864253952
6075,864614400
6076,864974848
6077,865335296
6078,865695744
6079,866056192
6080,866416640
6081,866777088
6082,867137536
6083,867497984
6084,867859456
6085,868220928
6086,868582400
6087,868943872
6088,869305344
6089,869666816
6090,870029312
6091,870391808
6092,870754304
6093,871116800
6094,871479296
6095,871841792
6096,872204288
6097,872566784
6098,872929280
6099,873291776
6100,873655296
6101,874018816
6102,874383360
6103,874747904
6104,875112448
6105,875476992
6106,875841536
6107,876206080
6108,876570624
6109,876935168
6110,877299712
6111,877664256
6112,878028800
6113,878393344
6114,878757888
6115,879122432
6116,879486976
6117,879851520
6118,880217088
6119,880582656
6120,880948224
6121,881313792
6122,881679360
6123,882044928
6124,882410496
6125,882776064
6126,883141632
6127,883507200
6128,883873792
6129,884240384
6130,884606976
6131,884973568
6132,885340160
6133,885706752
6134,886073344
6135,886439936
6136,886806528
6137,887173120
6138,887539712
6139,887906304
6140,888273920
6141,888641536
6142,889009152
6143,889376768
6144,889744384
6145,890112000
6146,890479616
6147,890847232
6148,891214848
6149,891582464
6150,891950080
6151,892318720
6152,892687360
6153,893056000
6154,893424640
6155,893793280
6156,894161920
6157,894531584
6158,894901248
6159,895270912
6160,895640576
6161,896010240
6162,896379904
6163,896749568
6164,897119232
6165,897488896
6166,897858560
6167,898228224
6168,898598912
6169,898969600
6170,899340288
6171,899710976
6172,900081664
6173,900452352
6174,900823040
6175,901193728
6176,901564416
6177,901935104
6178,902305792
6179,902677504
6180,903049216
6181,903420928
6182,903792640
6183,904164352
6184,904536064
6185,904907776
6186,905280512
6187,905653248
6188,906025984
6189,906398720
6190,906771456
6191,907144192
6192,907516928
6193,907890688
6194,908264448
6195,908638208
6196,909011968
6197,909385728
6198,909759488
6199,910133248
6200,910507008
6201,910880768
6202,911254528
6203,911629312
6204,912004096
6205,912378880
6206,912753664
6207,913128448
6208,913503232
6209,913878016
6210,914252800
6211,914627584
6212,915002368
6213,915377152
6214,915751936
6215,916127744
6216,916503552
6217,916879360
6218,917255168
6219,917630976
6220,918006784
6221,918382592
6222,918758400
6223,919134208
6224,919510016
6225,919885824
6226,920261632
6227,920637440
6228,921014272
6229,921391104
6230,921767936
6231,922144768
6232,922521600
6233,922898432
6234,923275264
6235,923652096
6236,924028928
6237,924406784
6238,924784640
6239,925162496
6240,925540352
6241,925918208
6242,926296064
6243,926673920
6244,927051776
6245,927429632
6246,927807488
6247,928186368
6248,928565248
6249,928944128
6250,929323008
6251,929701888
6252,930080768
6253,930459648
6254,930838528
6255,931217408
6256,931596288
6257,931975168
6258,932355072
6259,932734976
6260,933114880
6261,933494784
6262,933874688
6263,934254592
6264,934634496
6265,935014400
6266,935394304
6267,935775232
6268,936156160
6269,936537088
6270,936918016
6271,937298944
6272,937679872
6273,938060800
6274,938441728
6275,938822656
6276,939203584
6277,939585536
6278,939967488
6279,940349440
6280,940731392
6281,941113344
6282,941495296
6283,941877248
6284,942259200
6285,942641152
6286,943024128
6287,943407104
6288,943790080
6289,944173056
6290,944556032
6291,944939008
6292,945321984
6293,945704960
6294,946087936
6295,946471936
6296,946855936
6297,947239936
6298,947623936
6299,948007936
6300,948391936
6301,948775936
6302,949159936
6303,949543936
6304,949927936
6305,950311936
6306,950695936
6307,951080960
6308,951465984
6309,951851008
6310,952236032
6311,952621056
6312,953006080
6313,953391104
6314,953776128
6315,954161152
6316,954546176
6317,954931200
6318,955317248
6319,955703296
6320,956089344
6321,956475392
6322,956861440
6323,957247488
6324,957633536
6325,958019584
6326,958406656
6327,958793728
6328,959180800
6329,959567872
6330,959954944
6331,960342016
6332,960729088
6333,961116160
6334,961503232
6335,961890304
6336,962278400
6337,962666496
6338,963054592
6339,963442688
6340,963830784
6341,964218880
6342,964606976
6343,964995072
6344,965384192
6345,965773312
6346,966162432
6347,966551552
6348,966940672
6349,967329792
6350,967718912
6351,968109056
6352,968499200
6353,968889344
6354,969279488
6355,969669632
6356,970059776
6357,970449920
6358,970840064
6359,971230208
6360,971621376
6361,972012544
6362,972403712
6363,972794880
6364,973186048
6365,973577216
6366,973968384
6367,974359552
6368,974751744
6369,975143936
6370,975536128
6371,975929344
6372,976322560
6373,976715776
6374,977108992
6375,977502208
6376,977895424
6377,978288640
6378,978681856
6379,979075072
6380,979468288
6381,979862528
6382,980256768
6383,980651008
6384,981045248
6385,981439488
6386,981833728
6387,982227968
6388,982623232
6389,983018496
6390,983413760
6391,983809024
6392,984204288
6393,984599552
6394,984994816
6395,985390080
6396,985785344
6397,986180608
6398,986576896
6399,986973184
6400,987369472
6401,987765760
6402,988162048
6403,988558336
6404,988954624
6405,989350912
6406,989747200
6407,990143488
6408,990539776
6409,990936064
6410,991333376
6411,991730688
6412,992128000
6413,992525312
6414,992922624
6415,993319936
6416,993718272
6417,994116608
6418,994514944
6419,994913280
6420,995311616
6421,995709952
6422,996108288
6423,996506624
6424,996905984
6425,997305344
6426,997704704
6427,998104064
6428,998503424
6429,998902784
6430,999302144
6431,999702528
6432,1000102912
6433,1000503296
6434,1000904704
6435,1001306112
6436,1001707520
6437,1002108928
6438,1002510336
6439,1002911744
6440,1003313152
6441,1003714560
6442,1004115968
6443,1004518400
6444,1004920832
6445,1005323264
6446,1005725696
6447,1006128128
6448,1006530560
6449,1006932992
6450,1007335424
6451,1007737856
6452,1008141312
6453,1008544768
6454,1008948224
6455,1009351680
6456,1009755136
6457,1010158592
6458,1010562048
6459,1010965504
6460,1011368960
6461,1011772416
6462,1012175872
6463,1012580352
6464,1012984832
6465,1013389312
6466,1013793792
6467,1014198272
6468,1014602752
6469,1015007232
6470,1015411712
6471,1015817216
6472,1016222720
6473,1016628224
6474,1017033728
6475,1017439232
6476,1017844736
6477,1018250240
6478,1018656768
6479,1019063296
6480,1019469824
6481,1019876352
6482,1020282880
6483,1020690432
6484,1021097984
6485,1021505536
6486,1021913088
6487,1022321664
6488,1022730240
6489,1023138816
6490,1023547392
6491,1023955968
6492,1024364544
6493,1024773120
6494,1025181696
6495,1025590272
6496,1025999872
6497,1026409472
6498,1026819072
6499,1027228672
6500,1027638272
6501,1028047872
6502,1028457472
6503,1028867072
6504,1029277696
6505,1029688320
6506,1030098944
6507,1030509568
6508,1030920192
6509,1031330816
6510,1031741440
6511,1032152064
6512,1032562688
6513,1032974336
6514,1033385984
6515,1033797632
6516,1034209280
6517,1034620928
6518,1035032576
6519,1035444224
6520,1035855872
6521,1036268544
6522,1036681216
6523,1037093888
6524,1037507584
6525,1037921280
6526,1038334976
6527,1038748672
6528,1039163392
6529,1039578112
6530,1039992832
6531,1040407552
6532,1040822272
6533,1041236992
6534,1041651712
6535,1042066432
6536,1042481152
6537,1042895872
6538,1043310592
6539,1043726336
6540,1044142080
6541,1044557824
6542,1044973568
6543,1045389312
6544,1045806080
6545,1046222848
6546,1046639616
6547,1047056384
6548,1047473152
6549,1047889920
6550,1048306688
6551,1048724480
6552,1049142272
6553,1049560064
6554,1049977856
6555,1050395648
6556,1050814464
6557,1051233280
6558,1051652096
6559,1052070912
6560,1052489728
6561,1052908544
6562,1053327360
6563,1053746176
6564,1054166016
6565,1054585856
6566,1055005696
6567,1055425536
6568,1055845376
6569,1056265216
6570,1056685056
6571,1057105920
6572,1057526784
6573,1057947648
6574,1058368512
6575,1058789376
6576,1059211264
6577,1059633152
6578,1060055040
6579,1060476928
6580,1060898816
6581,1061321728
6582,1061744640
6583,1062167552
6584,1062590464
6585,1063013376
6586,1063436288
6587,1063860224
6588,1064284160
6589,1064708096
6590,1065132032
6591,1065555968
6592,1065979904
6593,1066403840
6594,1066827776
6595,1067252736
6596,1067677696
6597,1068102656
6598,1068527616
6599,1068952576
6600,1069377536
6601,1069802496
6602,1070227456
6603,1070652416
6604,1071078400
6605,1071504384
6606,1071930368
6607,1072356352
6608,1072782336
6609,1073208320
6610,1073634304
6611,1074061312
6612,1074488320
6613,1074915328
6614,1075342336
6615,1075769344
6616,1076196352
6617,1076623360
6618,1077050368
6619,1077478400
6620,1077906432
6621,1078334464
6622,1078762496
6623,1079190528
6624,1079618560
6625,1080046592
6626,1080474624
6627,1080903680
6628,1081332736
6629,1081761792
6630,1082190848
6631,1082619904
6632,1083048960
6633,1083478016
6634,1083908096
6635,1084338176
6636,1084768256
6637,1085199360
6638,1085630464
6639,1086061568
6640,1086492672
6641,1086924800
6642,1087356928
6643,1087789056
6644,1088222208
6645,1088655360
6646,1089088512
6647,1089521664
6648,1089954816
6649,1090387968
6650,1090821120
6651,1091254272
6652,1091687424
6653,1092120576
6654,1092554752
6655,1092988928
6656,1093423104
6657,1093857280
6658,1094291456
6659,1094725632
6660,1095159808
6661,1095593984
6662,1096028160
6663,1096463360
6664,1096898560
6665,1097333760
6666,1097768960
6667,1098204160
6668,1098639360
6669,1099074560
6670,1099510784
6671,1099947008
6672,1100383232
6673,1100819456
6674,1101255680
6675,1101691904
6676,1102129152
6677,1102566400
6678,1103003648
6679,1103440896
6680,1103878144
6681,1104315392
6682,1104752640
6683,1105189888
6684,1105627136
6685,1106064384
6686,1106502656
6687,1106940928
6688,1107379200
6689,1107817472
6690,1108255744
6691,1108694016
6692,1109132288
6693,1109570560
6694,1110008832
6695,1110447104
6696,1110886400
6697,1111325696
6698,1111764992
6699,1112204288
6700,1112643584
6701,1113082880
6702,1113523200
6703,1113963520
6704,1114403840
6705,1114844160
6706,1115284480
6707,1115724800
6708,1116165120
6709,1116605440
6710,1117045760
6711,1117486080
6712,1117926400
6713,1118366720
6714,1118807040
6715,1119247360
6716,1119687680
6717,1120129024
6718,1120570368
6719,1121011712
6720,1121453056
6721,1121894400
6722,1122335744
6723,1122777088
6724,1123218432
6725,1123659776
6726,1124102144
6727,1124544512
6728,1124986880
6729,1125429248
6730,1125871616
6731,1126313984
6732,1126757376
6733,1127200768
6734,1127644160
6735,1128088576
6736,1128532992
6737,1128978432
6738,1129423872
6739,1129869312
6740,1130314752
6741,1130760192
6742,1131205632
6743,1131651072
6744,1132097536
6745,1132544000
6746,1132990464
6747,1133436928
6748,1133883392
6749,1134329856
6750,1134777344
6751,1135224832
6752,1135672320
6753,1136119808
6754,1136567296
6755,1137015808
6756,1137464320
6757,1137912832
6758,1138361344
6759,1138809856
6760,1139258368
6761,1139706880
6762,1140155392
6763,1140603904
6764,1141052416
6765,1141500928
6766,1141949440
6767,1142398976
6768,1142848512
6769,1143298048
6770,1143747584
6771,1144197120
6772,1144646656
6773,1145096192
6774,1145545728
6775,1145995264
6776,1146444800
6777,1146895360
6778,1147345920
6779,1147796480
6780,1148247040
6781,1148697600
6782,1149148160
6783,1149598720
6784,1150049280
6785,1150499840
6786,1150951424
6787,1151403008
6788,1151854592
6789,1152306176
6790,1152757760
6791,1153209344
6792,1153660928
6793,1154112512
6794,1154565120
6795,1155017728
6796,1155470336
6797,1155922944
6798,1156375552
6799,1156829184
6800,1157282816
6801,1157736448
6802,1158191104
6803,1158645760
6804,1159100416
6805,1159556096
6806,1160011776
6807,1160467456
6808,1160923136
6809,1161379840
6810,1161836544
6811,1162293248
6812,1162749952
6813,1163206656
6814,1163663360
6815,1164121088
6816,1164578816
6817,1165036544
6818,1165494272
6819,1165952000
6820,1166409728
6821,1166867456
6822,1167326208
6823,1167784960
6824,1168243712
6825,1168702464
6826,1169161216
6827,1169619968
6828,1170078720
6829,1170537472
6830,1170996224
6831,1171454976
6832,1171914752
6833,1172374528
6834,1172834304
6835,1173294080
6836,1173753856
6837,1174213632
6838,1174673408
6839,1175134208
6840,1175595008
6841,1176055808
6842,1176516608
6843,1176977408
6844,1177438208
6845,1177899008
6846,1178359808
6847,1178820608
6848,1179282432
6849,1179744256
6850,1180206080
6851,1180667904
6852,1181129728
6853,1181591552
6854,1182054400
6855,1182517248
6856,1182980096
6857,1183442944
6858,1183905792
6859,1184368640
6860,1184831488
6861,1185295360
6862,1185759232
6863,1186223104
6864,1186686976
6865,1187151872
6866,1187616768
6867,1188081664
6868,1188546560
6869,1189011456
6870,1189476352
6871,1189941248
6872,1190406144
6873,1190871040
6874,1191335936
6875,1191801856
6876,1192267776
6877,1192733696
6878,1193199616
6879,1193665536
6880,1194131456
6881,1194598400
6882,1195065344
6883,1195532288
6884,1195999232
6885,1196466176
6886,1196933120
6887,1197400064
6888,1197867008
6889,1198333952
6890,1198800896
6891,1199267840
6892,1199735808
6893,1200203776
6894,1200671744
6895,1201139712
6896,1201607680
6897,1202075648
6898,1202543616
6899,1203011584
6900,1203480576
6901,1203949568
6902,1204418560
6903,1204887552
6904,1205356544
6905,1205825536
6906,1206295552
6907,1206765568
6908,1207235584
6909,1207705600
6910,1208175616
6911,1208645632
6912,1209115648
6913,1209586688
6914,1210057728
6915,1210528768
6916,1211000832
6917,1211472896
6918,1211944960
6919,1212417024
6920,1212889088
6921,1213361152
6922,1213834240
6923,1214307328
6924,1214780416
6925,1215253504
6926,1215727616
6927,1216201728
6928,1216675840
6929,1217149952
6930,1217624064
6931,1218098176
6932,1218572288
6933,1219046400
6934,1219520512
6935,1219995648
6936,1220470784
6937,1220945920
6938,1221421056
6939,1221896192
6940,1222371328
6941,1222846464
6942,1223321600
6943,1223796736
6944,1224271872
6945,1224748032
6946,1225224192
6947,1225700352
6948,1226176512
6949,1226652672
6950,1227128832
6951,1227604992
6952,1228082176
6953,1228559360
6954,1229036544
6955,1229514752
6956,1229992960
6957,1230471168
6958,1230949376
6959,1231427584
6960,1231906816
6961,1232386048
6962,1232865280
6963,1233344512
6964,1233823744
6965,1234302976
6966,1234783232
6967,1235263488
6968,1235743744
6969,1236224000
6970,1236704256
6971,1237184512
6972,1237664768
6973,1238145024
6974,1238626304
6975,1239107584
6976,1239588864
6977,1240070144
6978,1240551424
6979,1241032704
6980,1241513984
6981,1241995264
6982,1242477568
6983,1242959872
6984,1243442176
6985,1243924480
6986,1244407808
6987,1244891136
6988,1245374464
6989,1245857792
6990,1246341120
6991,1246824448
6992,1247308800
6993,1247793152
6994,1248277504
6995,1248761856
6996,1249246208
6997,1249730560
6998,1250214912
6999,1250700288
7000,1251185664
7001,1251671040
7002,1252156416
7003,1252641792
7004,1253127168
7005,1253612544
7006,1254097920
7007,1254584320
7008,1255070720
7009,1255557120
7010,1256043520
7011,1256529920
7012,1257016320
7013,1257502720
7014,1257989120
7015,1258475520
7016,1258961920
7017,1259449344
7018,1259936768
7019,1260424192
7020,1260911616
7021,1261399040
7022,1261886464
7023,1262373888
7024,1262862336
7025,1263350784
7026,1263839232
7027,1264327680
7028,1264817152
7029,1265306624
7030,1265796096
7031,1266285568
7032,1266775040
7033,1267264512
7034,1267753984
7035,1268243456
7036,1268732928
7037,1269222400
7038,1269712896
7039,1270203392
7040,1270693888
7041,1271184384
7042,1271674880
7043,1272165376
7044,1272655872
7045,1273146368
7046,1273637888
7047,1274129408
7048,1274620928
7049,1275112448
7050,1275603968
7051,1276095488
7052,1276588032
7053,1277080576
7054,1277573120
7055,1278065664
7056,1278558208
7057,1279051776
7058,1279545344
7059,1280038912
7060,1280532480
7061,1281027072
7062,1281521664
7063,1282016256
7064,1282510848
7065,1283005440
7066,1283501056
7067,1283996672
7068,1284492288
7069,1284987904
7070,1285483520
7071,1285979136
7072,1286474752
7073,1286971392
7074,1287468032
7075,1287964672
7076,1288461312
7077,1288957952
7078,1289454592
7079,1289952256
7080,1290449920
7081,1290947584
7082,1291445248
7083,1291942912
7084,1292440576
7085,1292939264
7086,1293437952
7087,1293936640
7088,1294435328
7089,1294934016
7090,1295433728
7091,1295933440
7092,1296433152
7093,1296932864
7094,1297432576
7095,1297932288
7096,1298432000
7097,1298931712
7098,1299432448
7099,1299933184
7100,1300433920
7101,1300934656
7102,1301436416
7103,1301938176
7104,1302439936
7105,1302941696
7106,1303443456
7107,1303945216
7108,1304448000
7109,1304950784
7110,1305453568
7111,1305956352
7112,1306460160
7113,1306963968
7114,1307467776
7115,1307971584
7116,1308476416
7117,1308981248
7118,1309486080
7119,1309990912
7120,1310495744
7121,1311001600
7122,1311507456
7123,1312013312
7124,1312519168
7125,1313025024
7126,1313530880
7127,1314036736
7128,1314542592
7129,1315048448
7130,1315555328
7131,1316062208
7132,1316569088
7133,1317075968
7134,1317583872
7135,1318091776
7136,1318599680
7137,1319107584
7138,1319615488
7139,1320123392
7140,1320631296
7141,1321139200
7142,1321648128
7143,1322157056
7144,1322665984
7145,1323174912
7146,1323683840
7147,1324192768
7148,1324701696
7149,1325211648
7150,1325721600
7151,1326231552
7152,1326741504
7153,1327251456
7154,1327761408
7155,1328271360
7156,1328782336
7157,1329293312
7158,1329804288
7159,1330315264
7160,1330826240
7161,1331337216
7162,1331848192
7163,1332360192
7164,1332872192
7165,1333384192
7166,1333896192
7167,1334408192
7168,1334920192
7169,1335432192
7170,1335944192
7171,1336456192
7172,1336969216
7173,1337482240
7174,1337995264
7175,1338508288
7176,1339022336
7177,1339536384
7178,1340050432
7179,1340565504
7180,1341080576
7181,1341595648
7182,1342110720
7183,1342625792
7184,1343140864
7185,1343656960
7186,1344173056
7187,1344689152
7188,1345206272
7189,1345723392
7190,1346240512
7191,1346757632
7192,1347274752
7193,1347791872
7194,1348308992
7195,1348827136
7196,1349345280
7197,1349863424
7198,1350381568
7199,1350899712
7200,1351418880
7201,1351938048
7202,1352457216
7203,1352976384
7204,1353495552
7205,1354014720
7206,1354533888
7207,1355054080
7208,1355574272
7209,1356094464
7210,1356614656
7211,1357134848
7212,1357655040
7213,1358175232
7214,1358695424
7215,1359216640
7216,1359737856
7217,1360259072
7218,1360780288
7219,1361302528
7220,1361824768
7221,1362347008
7222,1362869248
7223,1363391488
7224,1363913728
7225,1364436992
7226,1364960256
7227,1365483520
7228,1366006784
7229,1366530048
7230,1367053312
7231,1367576576
7232,1368099840
7233,1368623104
7234,1369146368
7235,1369670656
7236,1370194944
7237,1370719232
7238,1371243520
7239,1371767808
7240,1372292096
7241,1372816384
7242,1373340672
7243,1373865984
7244,1374391296
7245,1374916608
7246,1375441920
7247,1375967232
7248,1376492544
7249,1377018880
7250,1377545216
7251,1378071552
7252,1378597888
7253,1379124224
7254,1379651584
7255,1380178944
7256,1380706304
7257,1381233664
7258,1381761024
7259,1382288384
7260,1382815744
7261,1383343104
7262,1383871488
7263,1384399872
7264,1384928256
7265,1385456640
7266,1385986048
7267,1386515456
7268,1387044864
7269,1387575296
7270,1388105728
7271,1388636160
7272,1389166592
7273,1389697024
7274,1390227456
7275,1390757888
7276,1391288320
7277,1391818752
7278,1392349184
7279,1392880640
7280,1393412096
7281,1393943552
7282,1394475008
7283,1395006464
7284,1395537920
7285,1396069376
7286,1396600832
7287,1397133312
7288,1397665792
7289,1398198272
7290,1398730752
7291,1399263232
7292,1399795712
7293,1400328192
7294,1400860672
7295,1401394176
7296,1401927680
7297,1402461184
7298,1402994688
7299,1403528192
7300,1404061696
7301,1404595200
7302,1405128704
7303,1405662208
7304,1406196736
7305,1406731264
7306,1407265792
7307,1407800320
7308,1408334848
7309,1408869376
7310,1409403904
7311,1409939456
7312,1410475008
7313,1411010560
7314,1411546112
7315,1412082688
7316,1412619264
7317,1413155840
7318,1413692416
7319,1414228992
7320,1414765568
7321,1415303168
7322,1415840768
7323,1416378368
7324,1416915968
7325,1417454592
7326,1417993216
7327,1418531840
7328,1419071488
7329,1419611136
7330,1420150784
7331,1420690432
7332,1421230080
7333,1421769728
7334,1422309376
7335,1422849024
7336,1423388672
7337,1423929344
7338,1424470016
7339,1425010688
7340,1425551360
7341,1426092032
7342,1426632704
7343,1427173376
7344,1427714048
7345,1428254720
7346,1428795392
7347,1429336064
7348,1429876736
7349,1430418432
7350,1430960128
7351,1431501824
7352,1432043520
7353,1432586240
7354,1433128960
7355,1433671680
7356,1434214400
7357,1434757120
7358,1435299840
7359,1435843584
7360,1436387328
7361,1436931072
7362,1437474816
7363,1438019584
7364,1438564352
7365,1439109120
7366,1439654912
7367,1440200704
7368,1440746496
7369,1441292288
7370,1441838080
7371,1442383872
7372,1442929664
7373,1443476480
7374,1444023296
7375,1444570112
7376,1445116928
7377,1445663744
7378,1446210560
7379,1446758400
7380,1447306240
7381,1447854080
7382,1448401920
7383,1448949760
7384,1449497600
7385,1450045440
7386,1450593280
7387,1451142144
7388,1451691008
7389,1452239872
7390,1452789760
7391,1453339648
7392,1453889536
7393,1454439424
7394,1454989312
7395,1455539200
7396,1456090112
7397,1456641024
7398,1457191936
7399,1457742848
7400,1458293760
7401,1458844672
7402,1459395584
7403,1459946496
7404,1460497408
7405,1461048320
7406,1461599232
7407,1462150144
7408,1462702080
7409,1463254016
7410,1463805952
7411,1464357888
7412,1464909824
7413,1465461760
7414,1466013696
7415,1466565632
7416,1467118592
7417,1467671552
7418,1468224512
7419,1468777472
7420,1469330432
7421,1469884416
7422,1470438400
7423,1470992384
7424,1471546368
7425,1472100352
7426,1472654336
7427,1473208320
7428,1473762304
7429,1474316288
7430,1474871296
7431,1475426304
7432,1475981312
7433,1476536320
7434,1477091328
7435,1477646336
7436,1478201344
7437,1478756352
7438,1479311360
7439,1479867392
7440,1480423424
7441,1480979456
7442,1481535488
7443,1482092544
7444,1482649600
7445,1483206656
7446,1483763712
7447,1484321792
7448,1484879872
7449,1485437952
7450,1485996032
7451,1486554112
7452,1487112192
7453,1487670272
7454,1488228352
7455,1488786432
7456,1489344512
7457,1489902592
7458,1490460672
7459,1491018752
7460,1491577856
7461,1492136960
7462,1492696064
7463,1493255168
7464,1493814272
7465,1494374400
7466,1494934528
7467,1495494656
7468,1496054784
7469,1496615936
7470,1497177088
7471,1497738240
7472,1498300416
7473,1498862592
7474,1499424768
7475,1499986944
7476,1500549120
7477,1501111296
7478,1501673472
7479,1502236672
7480,1502799872
7481,1503363072
7482,1503926272
7483,1504490496
7484,1505054720
7485,1505618944
7486,1506183168
7487,1506747392
7488,1507311616
7489,1507875840
7490,1508440064
7491,1509004288
7492,1509568512
7493,1510132736
7494,1510697984
7495,1511263232
7496,1511828480
7497,1512394752
7498,1512961024
7499,1513527296
7500,1514093568
7501,1514659840
7502,1515227136
7503,1515794432
7504,1516361728
7505,1516929024
7506,1517497344
7507,1518065664
7508,1518633984
7509,1519202304
7510,1519770624
7511,1520338944
7512,1520907264
7513,1521475584
7514,1522043904
7515,1522612224
7516,1523180544
7517,1523748864
7518,1524317184
7519,1524886528
7520,1525455872
7521,1526025216
7522,1526594560
7523,1527163904
7524,1527733248
7525,1528303616
7526,1528873984
7527,1529444352
7528,1530014720
7529,1530586112
7530,1531157504
7531,1531728896
7532,1532300288
7533,1532871680
7534,1533443072
7535,1534014464
7536,1534586880
7537,1535159296
7538,1535731712
7539,1536304128
7540,1536876544
7541,1537448960
7542,1538022400
7543,1538595840
7544,1539169280
7545,1539742720
7546,1540316160
7547,1540890624
7548,1541465088
7549,1542040576
7550,1542616064
7551,1543191552
7552,1543767040
7553,1544342528
7554,1544919040
7555,1545495552
7556,1546072064
7557,1546648576
7558,1547226112
7559,1547803648
7560,1548381184
7561,1548958720
7562,1549536256
7563,1550113792
7564,1550692352
7565,1551270912
7566,1551849472
7567,1552428032
7568,1553007616
7569,1553587200
7570,1554166784
7571,1554746368
7572,1555326976
7573,1555907584
7574,1556488192
7575,1557069824
7576,1557651456
7577,1558233088
7578,1558815744
7579,1559398400
7580,1559981056
7581,1560564736
7582,1561148416
7583,1561732096
7584,1562316800
7585,1562901504
7586,1563486208
7587,1564070912
7588,1564655616
7589,1565240320
7590,1565826048
7591,1566411776
7592,1566997504
7593,1567583232
7594,1568168960
7595,1568755712
7596,1569342464
7597,1569929216
7598,1570516992
7599,1571104768
7600,1571692544
7601,1572280320
7602,1572868096
7603,1573455872
7604,1574044672
7605,1574633472
7606,1575222272
7607,1575812096
7608,1576401920
7609,1576991744
7610,1577581568
7611,1578171392
7612,1578761216
7613,1579352064
7614,1579942912
7615,1580533760
7616,1581124608
7617,1581715456
7618,1582307328
7619,1582899200
7620,1583491072
7621,1584082944
7622,1584674816
7623,1585266688
7624,1585858560
7625,1586451456
7626,1587044352
7627,1587637248
7628,1588230144
7629,1588823040
7630,1589415936
7631,1590008832
7632,1590602752
7633,1591196672
7634,1591790592
7635,1592385536
7636,1592980480
7637,1593576448
7638,1594172416
7639,1594768384
7640,1595364352
7641,1595961344
7642,1596558336
7643,1597155328
7644,1597752320
7645,1598349312
7646,1598946304
7647,1599543296
7648,1600141312
7649,1600739328
7650,1601338368
7651,1601937408
7652,1602536448
7653,1603136512
7654,1603736576
7655,1604336640
7656,1604937728
7657,1605538816
7658,1606140928
7659,1606743040
7660,1607345152
7661,1607947264
7662,1608549376
7663,1609152512
7664,1609755648
7665,1610358784
7666,1610961920
7667,1611565056
7668,1612168192
7669,1612772352
7670,1613376512
7671,1613981696
7672,1614586880
7673,1615192064
7674,1615797248
7675,1616402432
7676,1617007616
7677,1617613824
7678,1618220032
7679,1618826240
7680,1619432448
7681,1620039680
7682,1620646912
7683,1621254144
7684,1621861376
7685,1622468608
7686,1623075840
7687,1623683072
7688,1624291328
7689,1624899584
7690,1625507840
7691,1626116096
7692,1626724352
7693,1627332608
7694,1627940864
7695,1628550144
7696,1629159424
7697,1629768704
7698,1630379008
7699,1630989312
7700,1631599616
7701,1632209920
7702,1632821248
7703,1633432576
7704,1634043904
7705,1634656256
7706,1635268608
7707,1635880960
7708,1636493312
7709,1637105664
7710,1637719040
7711,1638333440
7712,1638947840
7713,1639562240
7714,1640176640
7715,1640791040
7716,1641406464
7717,1642021888
7718,1642638336
7719,1643254784
7720,1643871232
7721,1644487680
7722,1645104128
7723,1645720576
7724,1646337024
7725,1646954496
7726,1647572992
7727,1648191488
7728,1648809984
7729,1649428480
7730,1650048000
7731,1650667520
7732,1651287040
7733,1651906560
7734,1652526080
7735,1653145600
7736,1653765120
7737,1654385664
7738,1655006208
7739,1655626752
7740,1656247296
7741,1656867840
7742,1657488384
7743,1658108928
7744,1658730496
7745,1659352064
7746,1659974656
7747,1660597248
7748,1661219840
7749,1661842432
7750,1662465024
7751,1663088640
7752,1663712256
7753,1664335872
7754,1664959488
7755,1665583104
7756,1666207744
7757,1666832384
7758,1667457024
7759,1668082688
7760,1668708352
7761,1669334016
7762,1669959680
7763,1670585344
7764,1671212032
7765,1671838720
7766,1672465408
7767,1673092096
7768,1673719808
7769,1674347520
7770,1674975232
7771,1675602944
7772,1676230656
7773,1676859392
7774,1677488128
7775,1678116864
7776,1678745600
7777,1679374336
7778,1680003072
7779,1680631808
7780,1681260544
7781,1681889280
7782,1682518016
7783,1683147776
7784,1683777536
7785,1684407296
7786,1685037056
7787,1685667840
7788,1686298624
7789,1686929408
7790,1687560192
7791,1688190976
7792,1688822784
7793,1689454592
7794,1690086400
7795,1690718208
7796,1691351040
7797,1691984896
7798,1692618752
7799,1693252608
7800,1693886464
7801,1694521344
7802,1695156224
7803,1695791104
7804,1696425984
7805,1697060864
7806,1697696768
7807,1698332672
7808,1698968576
7809,1699604480
7810,1700240384
7811,1700876288
7812,1701513216
7813,1702150144
7814,1702787072
7815,1703424000
7816,1704061952
7817,1704699904
7818,1705337856
7819,1705976832
7820,1706615808
7821,1707254784
7822,1707893760
7823,1708532736
7824,1709172736
7825,1709812736
7826,1710452736
7827,1711092736
7828,1711733760
7829,1712374784
7830,1713016832
7831,1713658880
7832,1714300928
7833,1714944000
7834,1715587072
7835,1716230144
7836,1716873216
7837,1717517312
7838,1718161408
7839,1718805504
7840,1719449600
7841,1720094720
7842,1720739840
7843,1721384960
7844,1722030080
7845,1722675200
7846,1723320320
7847,1723966464
7848,1724612608
7849,1725258752
7850,1725905920
7851,1726553088
7852,1727200256
7853,1727847424
7854,1728495616
7855,1729143808
7856,1729792000
7857,1730441216
7858,1731090432
7859,1731739648
7860,1732388864
7861,1733039104
7862,1733690368
7863,1734341632
7864,1734992896
7865,1735644160
7866,1736295424
7867,1736946688
7868,1737597952
7869,1738249216
7870,1738900480
7871,1739552768
7872,1740205056
7873,1740858368
7874,1741511680
7875,1742166016
7876,1742820352
7877,1743474688
7878,1744129024
7879,1744783360
7880,1745438720
7881,1746094080
7882,1746749440
7883,1747405824
7884,1748062208
7885,1748718592
7886,1749374976
7887,1750032384
7888,1750689792
7889,1751347200
7890,1752004608
7891,1752663040
7892,1753322496
7893,1753981952
7894,1754641408
7895,1755300864
7896,1755960320
7897,1756619776
7898,1757280256
7899,1757940736
7900,1758601216
7901,1759261696
7902,1759922176
7903,1760582656
7904,1761243136
7905,1761903616
7906,1762565120
7907,1763226624
7908,1763888128
7909,1764549632
7910,1765211136
7911,1765872640
7912,1766535168
7913,1767197696
7914,1767860224
7915,1768522752
7916,1769185280
7917,1769847808
7918,1770510336
7919,1771172864
7920,1771835392
7921,1772498944
7922,1773162496
7923,1773826048
7924,1774490624
7925,1775155200
7926,1775819776
7927,1776484352
7928,1777149952
7929,1777815552
7930,1778481152
7931,1779146752
7932,1779813376
7933,1780480000
7934,1781147648
7935,1781815296
7936,1782482944
7937,1783150592
7938,1783819264
7939,1784487936
7940,1785156608
7941,1785825280
7942,1786493952
7943,1787162624
7944,1787831296
7945,1788499968
7946,1789169664
7947,1789839360
7948,1790509056
7949,1791178752
7950,1791848448
7951,1792519168
7952,1793189888
7953,1793861632
7954,1794533376
7955,1795205120
7956,1795876864
7957,1796548608
7958,1797220352
7959,1797892096
7960,1798563840
7961,1799236608
7962,1799909376
7963,1800582144
7964,1801255936
7965,1801929728
7966,1802603520
7967,1803277312
7968,1803951104
7969,1804625920
7970,1805300736
7971,1805976576
7972,1806652416
7973,1807328256
7974,1808004096
7975,1808679936
7976,1809355776
7977,1810031616
7978,1810707456
7979,1811384320
7980,1812061184
7981,1812738048
7982,1813414912
7983,1814091776
7984,1814768640
7985,1815446528
7986,1816124416
7987,1816802304
7988,1817480192
7989,1818158080
7990,1818836992
7991,1819515904
7992,1820194816
7993,1820874752
7994,1821554688
7995,1822234624
7996,1822914560
7997,1823594496
7998,1824274432
7999,1824954368
8000,1825635328
8001,1826316288
8002,1826997248
8003,1827678208
8004,1828359168
8005,1829041152
8006,1829723136
8007,1830405120
8008,1831087104
8009,1831769088
8010,1832452096
8011,1833136128
8012,1833820160
8013,1834504192
8014,1835189248
8015,1835874304
8016,1836559360
8017,1837244416
8018,1837930496
8019,1838616576
8020,1839302656
8021,1839989760
8022,1840676864
8023,1841364992
8024,1842053120
8025,1842742272
8026,1843431424
8027,1844120576
8028,1844810752
8029,1845500928
8030,1846191104
8031,1846881280
8032,1847571456
8033,1848261632
8034,1848952832
8035,1849644032
8036,1850336256
8037,1851028480
8038,1851720704
8039,1852412928
8040,1853105152
8041,1853798400
8042,1854491648
8043,1855184896
8044,1855878144
8045,1856571392
8046,1857264640
8047,1857957888
8048,1858651136
8049,1859345408
8050,1860039680
8051,1860733952
8052,1861428224
8053,1862122496
8054,1862816768
8055,1863511040
8056,1864206336
8057,1864901632
8058,1865597952
8059,1866294272
8060,1866990592
8061,1867686912
8062,1868384256
8063,1869081600
8064,1869778944
8065,1870476288
8066,1871174656
8067,1871873024
8068,1872572416
8069,1873271808
8070,1873971200
8071,1874670592
8072,1875369984
8073,1876070400
8074,1876770816
8075,1877472256
8076,1878173696
8077,1878875136
8078,1879576576
8079,1880278016
8080,1880979456
8081,1881681920
8082,1882384384
8083,1883087872
8084,1883791360
8085,1884495872
8086,1885200384
8087,1885904896
8088,1886609408
8089,1887313920
8090,1888019456
8091,1888724992
8092,1889430528
8093,1890136064
8094,1890842624
8095,1891549184
8096,1892255744
8097,1892962304
8098,1893668864
8099,1894376448
8100,1895085056
8101,1895793664
8102,1896502272
8103,1897210880
8104,1897920512
8105,1898630144
8106,1899340800
8107,1900051456
8108,1900762112
8109,1901473792
8110,1902185472
8111,1902897152
8112,1903608832
8113,1904321536
8114,1905034240
8115,1905746944
8116,1906459648
8117,1907172352
8118,1907885056
8119,1908597760
8120,1909310464
8121,1910024192
8122,1910738944
8123,1911453696
8124,1912168448
8125,1912883200
8126,1913597952
8127,1914314752
8128,1915031552
8129,1915748352
8130,1916465152
8131,1917182976
8132,1917900800
8133,1918618624
8134,1919336448
8135,1920054272
8136,1920772096
8137,1921490944
8138,1922209792
8139,1922928640
8140,1923648512
8141,1924368384
8142,1925088256
8143,1925808128
8144,1926528000
8145,1927248896
8146,1927969792
8147,1928690688
8148,1929412608
8149,1930134528
8150,1930856448
8151,1931578368
8152,1932301312
8153,1933024256
8154,1933747200
8155,1934471168
8156,1935195136
8157,1935919104
8158,1936644096
8159,1937369088
8160,1938094080
8161,1938820096
8162,1939546112
8163,1940273152
8164,1941000192
8165,1941728256
8166,1942456320
8167,1943185408
8168,1943914496
8169,1944643584
8170,1945372672
8171,1946102784
8172,1946832896
8173,1947563008
8174,1948294144
8175,1949025280
8176,1949756416
8177,1950487552
8178,1951219712
8179,1951951872
8180,1952685056
8181,1953418240
8182,1954151424
8183,1954884608
8184,1955617792
8185,1956352000
8186,1957087232
8187,1957822464
8188,1958557696
8189,1959292928
8190,1960028160
8191,1960764416
8192,1961500672
8193,1962236928
8194,1962973184
8195,1963709440
8196,1964446720
8197,1965184000
8198,1965921280
8199,1966658560
8200,1967396864
8201,1968136192
8202,1968875520
8203,1969614848
8204,1970354176
8205,1971094528
8206,1971834880
8207,1972576256
8208,1973317632
8209,1974059008
8210,1974800384
8211,1975542784
8212,1976286208
8213,1977029632
8214,1977773056
8215,1978516480
8216,1979259904
8217,1980004352
8218,1980748800
8219,1981493248
8220,1982238720
8221,1982984192
8222,1983730688
8223,1984477184
8224,1985223680
8225,1985970176
8226,1986717696
8227,1987465216
8228,1988212736
8229,1988961280
8230,1989709824
8231,1990458368
8232,1991206912
8233,1991956480
8234,1992707072
8235,1993457664
8236,1994208256
8237,1994959872
8238,1995711488
8239,1996464128
8240,1997216768
8241,1997969408
8242,1998723072
8243,1999476736
8244,2000230400
8245,2000984064
8246,2001737728
8247,2002491392
8248,2003246080
8249,2004000768
8250,2004755456
8251,2005510144
8252,2006265856
8253,2007022592
8254,2007779328
8255,2008536064
8256,2009293824
8257,2010051584
8258,2010809344
8259,2011568128
8260,2012326912
8261,2013085696
8262,2013845504
8263,2014605312
8264,2015366144
8265,2016126976
8266,2016887808
8267,2017648640
8268,2018409472
8269,2019170304
8270,2019931136
8271,2020692992
8272,2021454848
8273,2022216704
8274,2022979584
8275,2023743488
8276,2024507392
8277,2025271296
8278,2026035200
8279,2026800128
8280,2027567104
8281,2028334080
8282,2029102080
8283,2029870080
8284,2030638080
8285,2031406080
8286,2032175104
8287,2032944128
8288,2033713152
8289,2034483200
8290,2035253248
8291,2036024320
8292,2036795392
8293,2037566464
8294,2038337536
8295,2039109632
8296,2039881728
8297,2040653824
8298,2041426944
8299,2042200064
8300,2042973184
8301,2043746304
8302,2044520448
8303,2045295616
8304,2046070784
8305,2046845952
8306,2047621120
8307,2048396288
8308,2049171456
8309,2049946624
8310,2050722816
8311,2051500032
8312,2052278272
8313,2053057536
8314,2053836800
8315,2054617088
8316,2055397376
8317,2056178688
8318,2056960000
8319,2057743360
8320,2058526720
8321,2059310080
8322,2060093440
8323,2060877824
8324,2061663232
8325,2062448640
8326,2063234048
8327,2064019456
8328,2064805888
8329,2065592320
8330,2066378752
8331,2067166208
8332,2067954688
8333,2068743168
8334,2069532672
8335,2070322176
8336,2071111680
8337,2071902208
8338,2072692736
8339,2073483264
8340,2074273792
8341,2075065344
8342,2075856896
8343,2076648448
8344,2077440000
8345,2078231552
8346,2079024128
8347,2079816704
8348,2080609280
8349,2081401856
8350,2082195456
8351,2082989056
8352,2083782656
8353,2084577280
8354,2085371904
8355,2086167552
8356,2086963200
8357,2087759872
8358,2088556544
8359,2089354240
8360,2090151936
8361,2090949632
8362,2091748352
8363,2092547072
8364,2093345792
8365,2094145536
8366,2094945280
8367,2095745024
8368,2096545792
8369,2097346560
8370,2098147328
8371,2098948096
8372,2099749888
8373,2100552704
8374,2101355520
8375,2102158336
8376,2102961152
8377,2103766016
8378,2104570880
8379,2105375744
8380,2106181632
8381,2106988544
8382,2107796480
8383,2108604416
8384,2109413376
8385,2110222336
8386,2111032320
8387,2111842304
8388,2112652288
8389,2113463296
8390,2114274304
8391,2115085312
8392,2115896320
8393,2116708352
8394,2117520384
8395,2118332416
8396,2119144448
8397,2119957504
8398,2120770560
8399,2121584640
8400,2122398720
8401,2123212800
8402,2124027904
8403,2124843008
8404,2125658112
8405,2126474240
8406,2127290368
8407,2128107520
8408,2128924672
8409,2129741824
8410,2130560000
8411,2131378176
8412,2132196352
8413,2133015552
8414,2133834752
8415,2134653952
8416,2135474176
8417,2136294400
8418,2137114624
8419,2137935872
8420,2138757120
8421,2139578368
8422,2140400640
8423,2141222912
8424,2142045184
8425,2142867456
8426,2143690752
8427,2144514048
8428,2145337344
8429,2146162688
8430,2146989056
8431,2147815424
8432,2148642816
8433,2149470208
8434,2150298624
8435,2151127040
8436,2151955456
8437,2152783872
8438,2153613312
8439,2154442752
8440,2155273216
8441,2156103680
8442,2156935168
8443,2157766656
8444,2158598144
8445,2159429632
8446,2160263168
8447,2161096704
8448,2161931264
8449,2162765824
8450,2163600384
8451,2164434944
8452,2165269504
8453,2166104064
8454,2166938624
8455,2167773184
8456,2168608768
8457,2169445376
8458,2170283008
8459,2171120640
8460,2171959296
8461,2172797952
8462,2173636608
8463,2174476288
8464,2175315968
8465,2176155648
8466,2176995328
8467,2177836032
8468,2178676736
8469,2179518464
8470,2180362240
8471,2181206016
8472,2182050816
8473,2182895616
8474,2183740416
8475,2184585216
8476,2185430016
8477,2186275840
8478,2187121664
8479,2187967488
8480,2188814336
8481,2189661184
8482,2190508032
8483,2191355904
8484,2192203776
8485,2193051648
8486,2193900544
8487,2194749440
8488,2195599360
8489,2196451328
8490,2197304320
8491,2198157312
8492,2199010304
8493,2199864320
8494,2200718336
8495,2201572352
8496,2202426368
8497,2203280384
8498,2204135424
8499,2204991488
8500,2205847552
8501,2206704640
8502,2207561728
8503,2208418816
8504,2209275904
8505,2210134016
8506,2210992128
8507,2211850240
8508,2212709376
8509,2213568512
8510,2214427648
8511,2215286784
8512,2216145920
8513,2217005056
8514,2217865216
8515,2218726400
8516,2219587584
8517,2220449792
8518,2221313024
8519,2222176256
8520,2223040512
8521,2223904768
8522,2224769024
8523,2225633280
8524,2226497536
8525,2227361792
8526,2228226048
8527,2229091328
8528,2229956608
8529,2230821888
8530,2231687168
8531,2232552448
8532,2233418752
8533,2234286080
8534,2235154432
8535,2236022784
8536,2236891136
8537,2237759488
8538,2238627840
8539,2239497216
8540,2240366592
8541,2241235968
8542,2242105344
8543,2242975744
8544,2243846144
8545,2244716544
8546,2245586944
8547,2246457344
8548,2247327744
8549,2248199168
8550,2249071616
8551,2249944064
8552,2250816512
8553,2251688960
8554,2252561408
8555,2253434880
8556,2254309376
8557,2255183872
8558,2256059392
8559,2256934912
8560,2257811456
8561,2258688000
8562,2259566592
8563,2260445184
8564,2261323776
8565,2262202368
8566,2263081984
8567,2263961600
8568,2264841216
8569,2265720832
8570,2266600448
8571,2267481088
8572,2268361728
8573,2269243392
8574,2270125056
8575,2271006720
8576,2271889408
8577,2272773120
8578,2273656832
8579,2274540544
8580,2275425280
8581,2276311040
8582,2277197824
8583,2278084608
8584,2278972416
8585,2279860224
8586,2280748032
8587,2281635840
8588,2282524672
8589,2283415552
8590,2284307456
8591,2285199360
8592,2286092288
8593,2286986240
8594,2287880192
8595,2288774144
8596,2289669120
8597,2290564096
8598,2291460096
8599,2292357120
8600,2293259264
8601,2294161408
8602,2295064576
8603,2295968768
8604,2296873984
8605,2297779200
8606,2298685440
8607,2299591680
8608,2300497920
8609,2301404160
8610,2302310400
8611,2303217664
8612,2304125952
8613,2305035264
8614,2305944576
8615,2306854912
8616,2307765248
8617,2308676608
8618,2309587968
8619,2310500352
8620,2311412736
8621,2312326144
8622,2313239552
8623,2314152960
8624,2315066368
8625,2315980800
8626,2316895232
8627,2317809664
8628,2318725120
8629,2319640576
8630,2320557056
8631,2321473536
8632,2322390016
8633,2323307520
8634,2324225024
8635,2325142528
8636,2326061056
8637,2326980608
8638,2327900160
8639,2328819712
8640,2329740288
8641,2330660864
8642,2331581440
8643,2332502016
8644,2333422592
8645,2334345216
8646,2335267840
8647,2336190464
8648,2337113088
8649,2338036736
8650,2338960384
8651,2339884032
8652,2340808704
8653,2341734400
8654,2342660096
8655,2343585792
8656,2344512512
8657,2345439232
8658,2346365952
8659,2347292672
8660,2348220416
8661,2349148160
8662,2350075904
8663,2351003648
8664,2351932416
8665,2352861184
8666,2353789952
8667,2354719744
8668,2355649536
8669,2356579328
8670,2357509120
8671,2358438912
8672,2359369728
8673,2360300544
8674,2361232384
8675,2362164224
8676,2363097088
8677,2364029952
8678,2364962816
8679,2365896704
8680,2366830592
8681,2367764480
8682,2368699392
8683,2369634304
8684,2370570240
8685,2371506176
8686,2372442112
8687,2373379072
8688,2374316032
8689,2375252992
8690,2376189952
8691,2377126912
8692,2378063872
8693,2379000832
8694,2379938816
8695,2380876800
8696,2381814784
8697,2382752768
8698,2383690752
8699,2384629760
8700,2385568768
8701,2386507776
8702,2387447808
8703,2388388864
8704,2389329920
8705,2390270976
8706,2391213056
8707,2392156160
8708,2393099264
8709,2394043392
8710,2394987520
8711,2395931648
8712,2396876800
8713,2397822976
8714,2398769152
8715,2399715328
8716,2400662528
8717,2401609728
8718,2402556928
8719,2403504128
8720,2404452352
8721,2405401600
8722,2406350848
8723,2407300096
8724,2408249344
8725,2409198592
8726,2410147840
8727,2411097088
8728,2412046336
8729,2412996608
8730,2413946880
8731,2414898176
8732,2415850496
8733,2416803840
8734,2417757184
8735,2418710528
8736,2419666944
8737,2420623360
8738,2421580800
8739,2422538240
8740,2423497728
8741,2424457216
8742,2425417728
8743,2426378240
8744,2427338752
8745,2428299264
8746,2429260800
8747,2430222336
8748,2431184896
8749,2432147456
8750,2433112064
8751,2434076672
8752,2435041280
8753,2436006912
8754,2436972544
8755,2437938176
8756,2438904832
8757,2439872512
8758,2440840192
8759,2441807872
8760,2442775552
8761,2443743232
8762,2444711936
8763,2445681664
8764,2446651392
8765,2447622144
8766,2448592896
8767,2449563648
8768,2450534400
8769,2451506176
8770,2452477952
8771,2453450752
8772,2454423552
8773,2455396352
8774,2456370176
8775,2457344000
8776,2458317824
8777,2459292672
8778,2460267520
8779,2461243392
8780,2462219264
8781,2463195136
8782,2464172032
8783,2465148928
8784,2466126848
8785,2467104768
8786,2468082688
8787,2469061632
8788,2470041600
8789,2471022592
8790,2472003584
8791,2472985600
8792,2473967616
8793,2474951680
8794,2475935744
8795,2476919808
8796,2477904896
8797,2478891008
8798,2479878144
8799,2480866304
8800,2481855488
8801,2482844672
8802,2483834880
8803,2484826112
8804,2485818368
8805,2486810624
8806,2487802880
8807,2488796160
8808,2489790464
8809,2490785792
8810,2491781120
8811,2492776448
8812,2493772800
8813,2494769152
8814,2495765504
8815,2496762880
8816,2497762304
8817,2498761728
8818,2499761152
8819,2500761600
8820,2501762048
8821,2502762496
8822,2503764992
8823,2504767488
8824,2505769984
8825,2506773504
8826,2507778048
8827,2508782592
8828,2509787136
8829,2510791680
8830,2511797248
8831,2512802816
8832,2513808384
8833,2514816000
8834,2515823616
8835,2516831232
8836,2517838848
8837,2518847488
8838,2519856128
8839,2520864768
8840,2521873408
8841,2522882048
8842,2523890688
8843,2524899328
8844,2525908992
8845,2526918656
8846,2527928320
8847,2528939008
8848,2529949696
8849,2530962432
8850,2531976192
8851,2532989952
8852,2534003712
8853,2535017472
8854,2536031232
8855,2537044992
8856,2538059776
8857,2539074560
8858,2540089344
8859,2541105152
8860,2542121984
8861,2543138816
8862,2544155648
8863,2545173504
8864,2546191360
8865,2547209216
8866,2548227072
8867,2549245952
8868,2550264832
8869,2551283712
8870,2552303616
8871,2553324544
8872,2554345472
8873,2555367424
8874,2556389376
8875,2557412352
8876,2558435328
8877,2559459328
8878,2560483328
8879,2561508352
8880,2562533376
8881,2563559424
8882,2564586496
8883,2565613568
8884,2566640640
8885,2567668736
8886,2568696832
8887,2569725952
8888,2570756096
8889,2571786240
8890,2572816384
8891,2573847552
8892,2574878720
8893,2575910912
8894,2576944128
8895,2577977344
8896,2579010560
8897,2580044800
8898,2581080064
8899,2582115328
8900,2583151616
8901,2584188928
8902,2585226240
8903,2586263552
8904,2587301888
8905,2588340224
8906,2589378560
8907,2590417920
8908,2591457280
8909,2592497664
8910,2593538048
8911,2594578432
8912,2595618816
8913,2596660224
8914,2597701632
8915,2598743040
8916,2599785472
8917,2600827904
8918,2601870336
8919,2602913792
8920,2603958272
8921,2605002752
8922,2606048256
8923,2607093760
8924,2608139264
8925,2609185792
8926,2610232320
8927,2611280896
8928,2612330496
8929,2613380096
8930,2614430720
8931,2615483392
8932,2616536064
8933,2617588736
8934,2618642432
8935,2619697152
8936,2620751872
8937,2621807616
8938,2622863360
8939,2623919104
8940,2624974848
8941,2626030592
8942,2627087360
8943,2628144128
8944,2629200896
8945,2630258688
8946,2631317504
8947,2632377344
8948,2633437184
8949,2634498048
8950,2635559936
8951,2636622848
8952,2637685760
8953,2638748672
8954,2639811584
8955,2640875520
8956,2641939456
8957,2643004416
8958,2644069376
8959,2645134336
8960,2646200320
8961,2647266304
8962,2648333312
8963,2649401344
8964,2650469376
8965,2651538432
8966,2652608512
8967,2653680640
8968,2654753792
8969,2655827968
8970,2656902144
8971,2657976320
8972,2659052544
8973,2660128768
8974,2661206016
8975,2662283264
8976,2663361536
8977,2664439808
8978,2665519104
8979,2666599424
8980,2667680768
8981,2668762112
8982,2669844480
8983,2670929920
8984,2672015360
8985,2673100800
8986,2674187264
8987,2675273728
8988,2676361216
8989,2677448704
8990,2678538240
8991,2679628800
8992,2680719360
8993,2681809920
8994,2682901504
8995,2683993088
8996,2685085696
8997,2686182400
8998,2687280128
8999,2688377856
9000,2689475584
9001,2690573312
9002,2691672064
9003,2692770816
9004,2693869568
9005,2694969344
9006,2696070144
9007,2697171968
9008,2698275840
9009,2699379712
9010,2700483584
9011,2701588480
9012,2702693376
9013,2703798272
9014,2704903168
9015,2706009088
9016,2707116032
9017,2708222976
9018,2709330944
9019,2710438912
9020,2711547904
9021,2712657920
9022,2713767936
9023,2714877952
9024,2715988992
9025,2717100032
9026,2718211072
9027,2719323136
9028,2720435200
9029,2721548288
9030,2722662400
9031,2723776512
9032,2724891648
9033,2726007808
9034,2727123968
9035,2728242176
9036,2729360384
9037,2730478592
9038,2731596800
9039,2732715008
9040,2733833216
9041,2734952448
9042,2736071680
9043,2737190912
9044,2738311168
9045,2739431424
9046,2740551680
9047,2741671936
9048,2742793216
9049,2743914496
9050,2745036800
9051,2746160128
9052,2747283456
9053,2748407808
9054,2749534208
9055,2750661632
9056,2751789056
9057,2752916480
9058,2754043904
9059,2755172352
9060,2756301824
9061,2757432320
9062,2758562816
9063,2759693312
9064,2760823808
9065,2761955328
9066,2763086848
9067,2764219392
9068,2765352960
9069,2766486528
9070,2767621120
9071,2768755712
9072,2769893376
9073,2771031040
9074,2772168704
9075,2773307392
9076,2774446080
9077,2775585792
9078,2776725504
9079,2777866240
9080,2779008000
9081,2780151808
9082,2781295616
9083,2782442496
9084,2783591424
9085,2784740352
9086,2785892352
9087,2787044352
9088,2788197376
9089,2789351424
9090,2790507520
9091,2791663616
9092,2792821760
9093,2793980928
9094,2795141120
9095,2796302336
9096,2797463552
9097,2798625792
9098,2799788032
9099,2800951296
9100,2802115584
9101,2803279872
9102,2804444160
9103,2805608448
9104,2806772736
9105,2807938048
9106,2809104384
9107,2810271744
9108,2811441152
9109,2812611584
9110,2813782016
9111,2814953472
9112,2816125952
9113,2817298432
9114,2818470912
9115,2819643392
9116,2820816896
9117,2821991424
9118,2823166976
9119,2824344576
9120,2825522176
9121,2826700800
9122,2827881472
9123,2829063168
9124,2830245888
9125,2831428608
9126,2832612352
9127,2833796096
9128,2834980864
9129,2836165632
9130,2837351424
9131,2838537216
9132,2839723008
9133,2840909824
9134,2842098688
9135,2843288576
9136,2844478464
9137,2845669376
9138,2846860288
9139,2848052224
9140,2849245184
9141,2850438144
9142,2851631104
9143,2852824064
9144,2854017024
9145,2855211008
9146,2856407040
9147,2857603072
9148,2858801152
9149,2859999232
9150,2861197312
9151,2862395392
9152,2863594496
9153,2864794624
9154,2865995776
9155,2867196928
9156,2868399104
9157,2869601280
9158,2870805504
9159,2872010752
9160,2873216000
9161,2874422272
9162,2875629568
9163,2876837888
9164,2878046208
9165,2879255552
9166,2880465920
9167,2881676288
9168,2882886656
9169,2884097024
9170,2885310464
9171,2886524928
9172,2887739392
9173,2888954880
9174,2890171392
9175,2891388928
9176,2892606464
9177,2893824000
9178,2895042560
9179,2896262144
9180,2897482752
9181,2898703360
9182,2899926016
9183,2901150720
9184,2902376448
9185,2903602176
9186,2904828928
9187,2906055680
9188,2907282432
9189,2908510208
9190,2909737984
9191,2910966784
9192,2912195584
9193,2913427456
9194,2914660352
9195,2915894272
9196,2917129216
9197,2918365184
9198,2919601152
9199,2920838144
9200,2922076160
9201,2923314176
9202,2924553216
9203,2925792256
9204,2927031296
9205,2928270336
9206,2929509376
9207,2930749440
9208,2931993600
9209,2933237760
9210,2934482944
9211,2935729152
9212,2936977408
9213,2938226688
9214,2939478016
9215,2940729344
9216,2941981696
9217,2943234048
9218,2944487424
9219,2945740800
9220,2946996224
9221,2948251648
9222,2949510144
9223,2950768640
9224,2952028160
9225,2953288704
9226,2954549248
9227,2955809792
9228,2957070336
9229,2958331904
9230,2959594496
9231,2960859136
9232,2962123776
9233,2963388416
9234,2964655104
9235,2965921792
9236,2967192576
9237,2968465408
9238,2969739264
9239,2971014144
9240,2972290048
9241,2973566976
9242,2974844928
9243,2976123904
9244,2977402880
9245,2978682880
9246,2979962880
9247,2981242880
9248,2982522880
9249,2983802880
9250,2985083904
9251,2986364928
9252,2987648000
9253,2988935168
9254,2990226432
9255,2991519744
9256,2992814080
9257,2994110464
9258,2995407872
9259,2996705280
9260,2998003712
9261,2999302144
9262,3000601600
9263,3001901056
9264,3003201536
9265,3004502016
9266,3005804544
9267,3007107072
9268,3008410624
9269,3009714176
9270,3011020800
9271,3012328448
9272,3013636096
9273,3014944768
9274,3016256512
9275,3017569280
9276,3018883072
9277,3020198912
9278,3021515776
9279,3022832640
9280,3024150528
9281,3025472512
9282,3026794496
9283,3028116480
9284,3029438464
9285,3030760448
9286,3032084480
9287,3033408512
9288,3034735616
9289,3036063744
9290,3037392896
9291,3038722048
9292,3040052224
9293,3041382400
9294,3042716672
9295,3044050944
9296,3045386240
9297,3046721536
9298,3048057856
9299,3049394176
9300,3050732544
9301,3052072960
9302,3053413376
9303,3054753792
9304,3056096256
9305,3057440768
9306,3058786304
9307,3060133888
9308,3061482496
9309,3062832128
9310,3064183808
9311,3065535488
9312,3066889216
9313,3068244992
9314,3069602816
9315,3070960640
9316,3072319488
9317,3073679360
9318,3075039232
9319,3076399104
9320,3077763072
9321,3079130112
9322,3080497152
9323,3081866240
9324,3083236352
9325,3084610560
9326,3085984768
9327,3087360000
9328,3088738304
9329,3090117632
9330,3091500032
9331,3092882432
9332,3094266880
9333,3095652352
9334,3097039872
9335,3098428416
9336,3099820032
9337,3101213696
9338,3102607360
9339,3104001024
9340,3105397760
9341,3106795520
9342,3108193280
9343,3109592064
9344,3110990848
9345,3112393728
9346,3113797632
9347,3115205632
9348,3116613632
9349,3118024704
9350,3119442944
9351,3120862208
9352,3122283520
9353,3123706880
9354,3125131264
9355,3126557696
9356,3127985152
9357,3129413632
9358,3130844160
9359,3132277760
9360,3133711360
9361,3135145984
9362,3136582656
9363,3138019328
9364,3139458048
9365,3140896768
9366,3142336512
9367,3143776256
9368,3145216000
9369,3146655744
9370,3148097536
9371,3149540352
9372,3150983168
9373,3152427008
9374,3153872896
9375,3155322880
9376,3156773888
9377,3158224896
9378,3159676928
9379,3161129984
9380,3162585088
9381,3164040192
9382,3165496320
9383,3166953472
9384,3168410624
9385,3169867776
9386,3171328000
9387,3172788224
9388,3174249472
9389,3175710720
9390,3177172992
9391,3178635264
9392,3180097536
9393,3181559808
9394,3183023104
9395,3184487424
9396,3185952768
9397,3187420160
9398,3188890624
9399,3190362112
9400,3191835648
9401,3193309184
9402,3194783744
9403,3196259328
9404,3197739008
9405,3199219712
9406,3200701440
9407,3202185216
9408,3203671040
9409,3205157888
9410,3206646784
9411,3208138752
9412,3209631744
9413,3211127808
9414,3212625920
9415,3214125056
9416,3215625216
9417,3217126400
9418,3218627584
9419,3220128768
9420,3221630976
9421,3223138304
9422,3224646656
9423,3226156032
9424,3227666432
9425,3229180928
9426,3230697472
9427,3232218112
9428,3233738752
9429,3235260416
9430,3236783104
9431,3238306816
9432,3239831552
9433,3241360384
9434,3242889216
9435,3244420096
9436,3245953024
9437,3247486976
9438,3249021952
9439,3250556928
9440,3252094976
9441,3253634048
9442,3255175168
9443,3256716288
9444,3258259456
9445,3259804672
9446,3261351936
9447,3262900224
9448,3264448512
9449,3265999872
9450,3267552256
9451,3269104640
9452,3270658048
9453,3272212480
9454,3273771008
9455,3275330560
9456,3276890112
9457,3278452736
9458,3280015360
9459,3281579008
9460,3283143680
9461,3284709376
9462,3286277120
9463,3287845888
9464,3289415680
9465,3290986496
9466,3292558336
9467,3294132224
9468,3295707136
9469,3297285120
9470,3298865152
9471,3300445184
9472,3302025216
9473,3303606272
9474,3305189376
9475,3306772480
9476,3308356608
9477,3309940736
9478,3311525888
9479,3313112064
9480,3314700288
9481,3316290560
9482,3317880832
9483,3319473152
9484,3321070592
9485,3322670080
9486,3324269568
9487,3325870080
9488,3327472640
9489,3329076224
9490,3330679808
9491,3332283392
9492,3333889024
9493,3335495680
9494,3337103360
9495,3338712064
9496,3340322816
9497,3341936640
9498,3343550464
9499,3345164288
9500,3346779136
9501,3348398080
9502,3350019072
9503,3351643136
9504,3353269248
9505,3354900480
9506,3356535808
9507,3358173184
9508,3359810560
9509,3361448960
9510,3363090432
9511,3364732928
9512,3366378496
9513,3368024064
9514,3369669632
9515,3371316224
9516,3372962816
9517,3374612480
9518,3376263168
9519,3377915904
9520,3379569664
9521,3381225472
9522,3382881280
9523,3384537088
9524,3386194944
9525,3387853824
9526,3389513728
9527,3391174656
9528,3392840704
9529,3394508800
9530,3396177920
9531,3397847040
9532,3399517184
9533,3401193472
9534,3402871808
9535,3404550144
9536,3406231552
9537,3407918080
9538,3409606656
9539,3411295232
9540,3412984832
9541,3414674432
9542,3416364032
9543,3418055680
9544,3419747328
9545,3421438976
9546,3423131648
9547,3424824320
9548,3426521088
9549,3428217856
9550,3429918720
9551,3431626752
9552,3433336832
9553,3435046912
9554,3436758016
9555,3438469120
9556,3440182272
9557,3441896448
9558,3443611648
9559,3445328896
9560,3447049216
9561,3448770560
9562,3450500096
9563,3452230656
9564,3453963264
9565,3455696896
9566,3457430528
9567,3459167232
9568,3460905984
9569,3462645760
9570,3464386560
9571,3466128384
9572,3467873280
9573,3469618176
9574,3471366144
9575,3473118208
9576,3474877440
9577,3476638720
9578,3478400000
9579,3480164352
9580,3481928704
9581,3483693056
9582,3485457408
9583,3487221760
9584,3488986112
9585,3490752512
9586,3492519936
9587,3494289408
9588,3496058880
9589,3497830400
9590,3499603968
9591,3501380608
9592,3503157248
9593,3504936960
9594,3506722816
9595,3508508672
9596,3510299648
9597,3512094720
9598,3513890816
9599,3515686912
9600,3517484032
9601,3519283200
9602,3521084416
9603,3522885632
9604,3524686848
9605,3526489088
9606,3528295424
9607,3530101760
9608,3531911168
9609,3533722624
9610,3535535104
9611,3537349632
9612,3539164160
9613,3540979712
9614,3542795264
9615,3544612864
9616,3546433536
9617,3548255232
9618,3550077952
9619,3551902720
9620,3553731584
9621,3555562496
9622,3557400576
9623,3559239680
9624,3561081856
9625,3562927104
9626,3564773376
9627,3566623744
9628,3568475136
9629,3570329600
9630,3572188160
9631,3574047744
9632,3575910400
9633,3577773056
9634,3579639808
9635,3581507584
9636,3583375360
9637,3585247232
9638,3587119104
9639,3588992000
9640,3590865920
9641,3592740864
9642,3594617856
9643,3596503040
9644,3598389248
9645,3600276480
9646,3602164736
9647,3604063232
9648,3605963776
9649,3607869440
9650,3609775104
9651,3611681792
9652,3613595648
9653,3615514624
9654,3617435648
9655,3619357696
9656,3621280768
9657,3623208960
9658,3625138176
9659,3627072512
9660,3629008896
9661,3630946304
9662,3632890880
9663,3634835456
9664,3636784128
9665,3638736896
9666,3640691712
9667,3642647552
9668,3644603392
9669,3646568448
9670,3648540672
9671,3650514944
9672,3652493312
9673,3654471680
9674,3656451072
9675,3658431488
9676,3660412928
9677,3662395392
9678,3664384000
9679,3666372608
9680,3668364288
9681,3670356992
9682,3672349696
9683,3674345472
9684,3676342272
9685,3678340096
9686,3680339968
9687,3682343936
9688,3684348928
9689,3686362112
9690,3688375296
9691,3690392576
9692,3692412928
9693,3694440448
9694,3696472064
9695,3698504704
9696,3700546560
9697,3702588416
9698,3704632320
9699,3706677248
9700,3708724224
9701,3710771200
9702,3712822272
9703,3714876416
9704,3716938752
9705,3719017472
9706,3721097216
9707,3723179008
9708,3725271040
9709,3727364096
9710,3729461248
9711,3731559424
9712,3733661696
9713,3735764992
9714,3737869312
9715,3739976704
9716,3742087168
9717,3744198656
9718,3746317312
9719,3748439040
9720,3750561792
9721,3752685568
9722,3754813440
9723,3756948480
9724,3759091712
9725,3761234944
9726,3763379200
9727,3765525504
9728,3767673856
9729,3769823232
9730,3771973632
9731,3774128128
9732,3776291840
9733,3778457600
9734,3780628480
9735,3782804480
9736,3784980480
9737,3787158528
9738,3789340672
9739,3791526912
9740,3793716224
9741,3795907584
9742,3798103040
9743,3800300544
9744,3802500096
9745,3804700672
9746,3806902272
9747,3809106944
9748,3811312640
9749,3813520384
9750,3815729152
9751,3817942016
9752,3820156928
9753,3822372864
9754,3824589824
9755,3826813952
9756,3829038080
9757,3831264256
9758,3833502720
9759,3835741184
9760,3837981696
9761,3840223232
9762,3842468864
9763,3844717568
9764,3846976512
9765,3849236480
9766,3851501568
9767,3853767680
9768,3856033792
9769,3858299904
9770,3860570112
9771,3862843392
9772,3865118720
9773,3867396096
9774,3869674496
9775,3871962112
9776,3874252800
9777,3876550656
9778,3878856704
9779,3881163776
9780,3883474944
9781,3885792256
9782,3888111616
9783,3890434048
9784,3892758528
9785,3895092224
9786,3897432064
9787,3899773952
9788,3902117888
9789,3904470016
9790,3906828288
9791,3909186560
9792,3911546880
9793,3913910272
9794,3916276736
9795,3918656512
9796,3921037312
9797,3923424256
9798,3925816320
9799,3928215552
9800,3930620928
9801,3933041664
9802,3935466496
9803,3937894400
9804,3940328448
9805,3942773760
9806,3945229312
9807,3947694080
9808,3950159872
9809,3952632832
9810,3955108864
9811,3957590016
9812,3960071168
9813,3962554368
9814,3965043712
9815,3967537152
9816,3970032640
9817,3972544512
9818,3975062528
9819,3977581568
9820,3980105728
9821,3982631936
9822,3985164288
9823,3987708928
9824,3990255616
9825,3992809472
9826,3995366400
9827,3997936640
9828,4000519168
9829,4003102720
9830,4005738496
9831,4008379392
9832,4011026432
9833,4013686784
9834,4016350208
9835,4019015680
9836,4021686272
9837,4024358912
9838,4027037696
9839,4029718528
9840,4032402432
9841,4035091456
9842,4037792768
9843,4040496128
9844,4043207680
9845,4045925376
9846,4048649216
9847,4051400704
9848,4054157312
9849,4056916992
9850,4059681792
9851,4062448640
9852,4065231872
9853,4068024320
9854,4070823936
9855,4073623552
9856,4076431360
9857,4079242240
9858,4082057216
9859,4084875264
9860,4087694336
9861,4090518528
9862,4093350912
9863,4096185344
9864,4099021824
9865,4101862400
9866,4104706048
9867,4107559936
9868,4110420992
9869,4113299456
9870,4116182016
9871,4119079936
9872,4121986048
9873,4124903424
9874,4127824896
9875,4130747392
9876,4133672960
9877,4136607744
9878,4139556864
9879,4142514176
9880,4145483776
9881,4148460544
9882,4151454720
9883,4154452992
9884,4157456384
9885,4160460800
9886,4163469312
9887,4166490112
9888,4169512960
9889,4172536832
9890,4175566848
9891,4178598912
9892,4181637120
9893,4184677376
9894,4187731968
9895,4190787584
9896,4193851392
9897,4196959232
9898,4200092672
9899,4203233280
9900,4206387200
9901,4209551360
9902,4212716544
9903,4215889920
9904,4219094016
9905,4222318592
9906,4225550336
9907,4228812800
9908,4232075264
9909,4235342848
9910,4238622720
9911,4241913856
9912,4245214208
9913,4248514560
9914,4251822080
9915,4255131648
9916,4258442240
9917,4261770240
9918,4265116672
9919,4268474368
9920,4271845376
9921,4275230720
9922,4278651904
9923,4282074112
9924,4285546496
9925,4289038336
9926,4292531200
9927,4296068096
9928,4299629568
9929,4303193088
9930,4306778112
9931,4310367232
9932,4314000384
9933,4317652992
9934,4321324032
9935,4325060608
9936,4328810496
9937,4332589056
9938,4336378880
9939,4340207616
9940,4344043520
9941,4347883520
9942,4351726592
9943,4355690496
9944,4359672832
9945,4363677696
9946,4367726592
9947,4371778560
9948,4375831552
9949,4379890688
9950,4383964160
9951,4388054016
9952,4392158208
9953,4396312576
9954,4400542720
9955,4404794368
9956,4409076736
9957,4413370368
9958,4417690624
9959,4422080512
9960,4426498048
9961,4430951424
9962,4435416064
9963,4439925760
9964,4444438528
9965,4449048576
9966,4453716992
9967,4458498048
9968,4463348736
9969,4468280320
9970,4473348096
9971,4478434304
9972,4483680256
9973,4489016320
9974,4494361600
9975,4500007936
9976,4505674752
9977,4511437824
9978,4517273600
9979,4523212800
9980,4529248256
9981,4535322624
9982,4541417472
9983,4547608576
9984,4553810944
9985,4560133120
9986,4566498304
9987,4572935168
9988,4579437568
9989,4585946112
9990,4592476160
9991,4599361536
9992,4606422016
9993,4613941248
9994,4621879296
9995,4630310912
9996,4638917632
9997,4647571456
9998,4656351232
9999,4665559040
10000,4675530752
