KeywordCount,Storage(Bits)
1,38400
2,180480
3,322560
4,464640
5,606720
6,752640
7,898560
8,1044480
9,1190400
10,1336320
11,1486080
12,1635840
13,1785600
14,1935360
15,2085120
16,2234880
17,2384640
18,2534400
19,2684160
20,2833920
21,2983680
22,3133440
23,3283200
24,3432960
25,3582720
26,3732480
27,3882240
28,4032000
29,4181760
30,4335360
31,4488960
32,4642560
33,4796160
34,4949760
35,5103360
36,5256960
37,5410560
38,5564160
39,5717760
40,5871360
41,6024960
42,6178560
43,6332160
44,6485760
45,6639360
46,6792960
47,6946560
48,7100160
49,7253760
50,7407360
51,7560960
52,7714560
53,7872000
54,8029440
55,8186880
56,8344320
57,8501760
58,8659200
59,8816640
60,8974080
61,9131520
62,9288960
63,9446400
64,9603840
65,9761280
66,9918720
67,10076160
68,10233600
69,10391040
70,10548480
71,10705920
72,10863360
73,11020800
74,11178240
75,11335680
76,11493120
77,11650560
78,11808000
79,11965440
80,12122880
81,12280320
82,12437760
83,12595200
84,12752640
85,12910080
86,13067520
87,13228800
88,13390080
89,13551360
90,13712640
91,13873920
92,14035200
93,14196480
94,14357760
95,14519040
96,14680320
97,14841600
98,15002880
99,15164160
100,15325440
101,15486720
102,15648000
103,15809280
104,15970560
105,16131840
106,16293120
107,16454400
108,16615680
109,16776960
110,16938240
111,17099520
112,17260800
113,17422080
114,17583360
115,17744640
116,17905920
117,18067200
118,18228480
119,18389760
120,18551040
121,18712320
122,18873600
123,19034880
124,19196160
125,19357440
126,19518720
127,19680000
128,19845120
129,20010240
130,20175360
131,20340480
132,20505600
133,20670720
134,20835840
135,21000960
136,21166080
137,21331200
138,21496320
139,21661440
140,21826560
141,21991680
142,22156800
143,22321920
144,22487040
145,22652160
146,22817280
147,22982400
148,23147520
149,23312640
150,23477760
151,23642880
152,23808000
153,23973120
154,24138240
155,24303360
156,24468480
157,24633600
158,24798720
159,24963840
160,25128960
161,25294080
162,25459200
163,25624320
164,25789440
165,25954560
166,26119680
167,26284800
168,26449920
169,26615040
170,26780160
171,26945280
172,27110400
173,27275520
174,27440640
175,27605760
176,27770880
177,27936000
178,28101120
179,28266240
180,28431360
181,28596480
182,28761600
183,28926720
184,29091840
185,29256960
186,29422080
187,29591040
188,29760000
189,29928960
190,30097920
191,30266880
192,30435840
193,30604800
194,30773760
195,30942720
196,31111680
197,31280640
198,31449600
199,31618560
200,31787520
201,31956480
202,32125440
203,32294400
204,32463360
205,32632320
206,32801280
207,32970240
208,33139200
209,33308160
210,33477120
211,33646080
212,33815040
213,33984000
214,34152960
215,34321920
216,34490880
217,34659840
218,34828800
219,34997760
220,35166720
221,35335680
222,35504640
223,35673600
224,35842560
225,36011520
226,36180480
227,36349440
228,36518400
229,36687360
230,36856320
231,37025280
232,37194240
233,37363200
234,37532160
235,37701120
236,37870080
237,38039040
238,38208000
239,38376960
240,38545920
241,38714880
242,38883840
243,39052800
244,39221760
245,39390720
246,39559680
247,39728640
248,39897600
249,40066560
250,40235520
251,40404480
252,40573440
253,40742400
254,40911360
255,41080320
256,41249280
257,41418240
258,41587200
259,41756160
260,41925120
261,42097920
262,42270720
263,42443520
264,42616320
265,42789120
266,42961920
267,43134720
268,43307520
269,43480320
270,43653120
271,43825920
272,43998720
273,44171520
274,44344320
275,44517120
276,44689920
277,44862720
278,45035520
279,45208320
280,45381120
281,45553920
282,45726720
283,45899520
284,46072320
285,46245120
286,46417920
287,46590720
288,46763520
289,46936320
290,47109120
291,47281920
292,47454720
293,47627520
294,47800320
295,47973120
296,48145920
297,48318720
298,48491520
299,48664320
300,48837120
301,49009920
302,49182720
303,49355520
304,49528320
305,49701120
306,49873920
307,50046720
308,50219520
309,50392320
310,50565120
311,50737920
312,50910720
313,51083520
314,51256320
315,51429120
316,51601920
317,51774720
318,51947520
319,52120320
320,52293120
321,52465920
322,52638720
323,52811520
324,52984320
325,53157120
326,53329920
327,53506560
328,53683200
329,53859840
330,54036480
331,54213120
332,54389760
333,54566400
334,54743040
335,54919680
336,55096320
337,55272960
338,55449600
339,55626240
340,55802880
341,55979520
342,56156160
343,56332800
344,56509440
345,56686080
346,56862720
347,57039360
348,57216000
349,57392640
350,57569280
351,57745920
352,57922560
353,58099200
354,58275840
355,58452480
356,58629120
357,58805760
358,58982400
359,59159040
360,59335680
361,59512320
362,59688960
363,59865600
364,60042240
365,60218880
366,60395520
367,60572160
368,60748800
369,60925440
370,61102080
371,61278720
372,61455360
373,61632000
374,61808640
375,61985280
376,62161920
377,62338560
378,62515200
379,62691840
380,62868480
381,63045120
382,63221760
383,63398400
384,63575040
385,63751680
386,63928320
387,64108800
388,64289280
389,64469760
390,64650240
391,64830720
392,65011200
393,65191680
394,65372160
395,65552640
396,65733120
397,65913600
398,66094080
399,66274560
400,66455040
401,66635520
402,66816000
403,66996480
404,67176960
405,67357440
406,67537920
407,67718400
408,67898880
409,68079360
410,68259840
411,68440320
412,68620800
413,68801280
414,68981760
415,69162240
416,69342720
417,69523200
418,69703680
419,69884160
420,70064640
421,70245120
422,70425600
423,70606080
424,70786560
425,70967040
426,71147520
427,71328000
428,71508480
429,71688960
430,71869440
431,72049920
432,72230400
433,72410880
434,72591360
435,72771840
436,72952320
437,73132800
438,73313280
439,73493760
440,73674240
441,73854720
442,74035200
443,74215680
444,74396160
445,74576640
446,74757120
447,74937600
448,75121920
449,75306240
450,75490560
451,75674880
452,75859200
453,76043520
454,76227840
455,76412160
456,76596480
457,76780800
458,76965120
459,77149440
460,77333760
461,77518080
462,77702400
463,77886720
464,78071040
465,78255360
466,78439680
467,78624000
468,78808320
469,78992640
470,79176960
471,79361280
472,79545600
473,79729920
474,79914240
475,80098560
476,80282880
477,80467200
478,80651520
479,80835840
480,81020160
481,81204480
482,81388800
483,81573120
484,81757440
485,81941760
486,82126080
487,82310400
488,82494720
489,82679040
490,82863360
491,83047680
492,83232000
493,83416320
494,83600640
495,83784960
496,83969280
497,84153600
498,84337920
499,84522240
500,84706560
501,84890880
502,85075200
503,85259520
504,85443840
505,85628160
506,85812480
507,85996800
508,86181120
509,86365440
510,86549760
511,86734080
512,86918400
513,87102720
514,87287040
515,87471360
516,87655680
517,87840000
518,88024320
519,88208640
520,88392960
521,88577280
522,88761600
523,88945920
524,89130240
525,89318400
526,89506560
527,89694720
528,89882880
529,90071040
530,90259200
531,90447360
532,90635520
533,90823680
534,91011840
535,91200000
536,91388160
537,91576320
538,91764480
539,91952640
540,92140800
541,92328960
542,92517120
543,92705280
544,92893440
545,93081600
546,93269760
547,93457920
548,93646080
549,93834240
550,94022400
551,94210560
552,94398720
553,94586880
554,94775040
555,94963200
556,95151360
557,95339520
558,95527680
559,95715840
560,95904000
561,96092160
562,96280320
563,96468480
564,96656640
565,96844800
566,97032960
567,97221120
568,97409280
569,97597440
570,97785600
571,97973760
572,98161920
573,98350080
574,98538240
575,98726400
576,98914560
577,99102720
578,99290880
579,99479040
580,99667200
581,99855360
582,100043520
583,100231680
584,100419840
585,100608000
586,100796160
587,100984320
588,101172480
589,101360640
590,101548800
591,101736960
592,101925120
593,102113280
594,102305280
595,102497280
596,102689280
597,102881280
598,103073280
599,103265280
600,103457280
601,103649280
602,103841280
603,104033280
604,104225280
605,104417280
606,104609280
607,104801280
608,104993280
609,105185280
610,105377280
611,105569280
612,105761280
613,105953280
614,106145280
615,106337280
616,106529280
617,106721280
618,106913280
619,107105280
620,107297280
621,107489280
622,107681280
623,107873280
624,108065280
625,108257280
626,108449280
627,108641280
628,108833280
629,109025280
630,109217280
631,109409280
632,109601280
633,109793280
634,109985280
635,110177280
636,110369280
637,110561280
638,110753280
639,110945280
640,111137280
641,111329280
642,111521280
643,111713280
644,111905280
645,112097280
646,112289280
647,112481280
648,112673280
649,112865280
650,113057280
651,113249280
652,113441280
653,113633280
654,113825280
655,114017280
656,114209280
657,114401280
658,114593280
659,114785280
660,114977280
661,115169280
662,115361280
663,115553280
664,115745280
665,115937280
666,116129280
667,116321280
668,116513280
669,116705280
670,116897280
671,117089280
672,117281280
673,117473280
674,117665280
675,117857280
676,118053120
677,118248960
678,118444800
679,118640640
680,118836480
681,119032320
682,119228160
683,119424000
684,119619840
685,119815680
686,120011520
687,120207360
688,120403200
689,120599040
690,120794880
691,120990720
692,121186560
693,121382400
694,121578240
695,121774080
696,121969920
697,122165760
698,122361600
699,122557440
700,122753280
701,122949120
702,123144960
703,123340800
704,123536640
705,123732480
706,123928320
707,124124160
708,124320000
709,124515840
710,124711680
711,124907520
712,125103360
713,125299200
714,125495040
715,125690880
716,125886720
717,126082560
718,126278400
719,126474240
720,126670080
721,126865920
722,127061760
723,127257600
724,127453440
725,127649280
726,127845120
727,128040960
728,128236800
729,128432640
730,128628480
731,128824320
732,129020160
733,129216000
734,129411840
735,129607680
736,129803520
737,129999360
738,130195200
739,130391040
740,130586880
741,130782720
742,130978560
743,131174400
744,131370240
745,131566080
746,131761920
747,131957760
748,132153600
749,132353280
750,132552960
751,132752640
752,132952320
753,133152000
754,133351680
755,133551360
756,133751040
757,133950720
758,134150400
759,134350080
760,134549760
761,134749440
762,134949120
763,135148800
764,135348480
765,135548160
766,135747840
767,135947520
768,136147200
769,136346880
770,136546560
771,136746240
772,136945920
773,137145600
774,137345280
775,137544960
776,137744640
777,137944320
778,138144000
779,138343680
780,138543360
781,138743040
782,138942720
783,139142400
784,139342080
785,139541760
786,139741440
787,139941120
788,140140800
789,140340480
790,140540160
791,140739840
792,140939520
793,141139200
794,141338880
795,141538560
796,141738240
797,141937920
798,142137600
799,142337280
800,142536960
801,142736640
802,142936320
803,143136000
804,143335680
805,143535360
806,143735040
807,143934720
808,144134400
809,144334080
810,144533760
811,144733440
812,144933120
813,145132800
814,145332480
815,145532160
816,145731840
817,145931520
818,146131200
819,146330880
820,146530560
821,146734080
822,146937600
823,147141120
824,147344640
825,147548160
826,147751680
827,147955200
828,148158720
829,148362240
830,148565760
831,148769280
832,148972800
833,149176320
834,149379840
835,149583360
836,149786880
837,149990400
838,150193920
839,150397440
840,150600960
841,150804480
842,151008000
843,151211520
844,151415040
845,151618560
846,151822080
847,152025600
848,152229120
849,152432640
850,152636160
851,152839680
852,153043200
853,153246720
854,153450240
855,153653760
856,153857280
857,154060800
858,154264320
859,154467840
860,154671360
861,154874880
862,155078400
863,155281920
864,155485440
865,155688960
866,155892480
867,156096000
868,156299520
869,156503040
870,156706560
871,156910080
872,157113600
873,157317120
874,157520640
875,157724160
876,157927680
877,158131200
878,158334720
879,158538240
880,158741760
881,158945280
882,159148800
883,159352320
884,159555840
885,159759360
886,159962880
887,160170240
888,160377600
889,160584960
890,160792320
891,160999680
892,161207040
893,161414400
894,161621760
895,161829120
896,162036480
897,162243840
898,162451200
899,162658560
900,162865920
901,163073280
902,163280640
903,163488000
904,163695360
905,163902720
906,164110080
907,164317440
908,164524800
909,164732160
910,164939520
911,165146880
912,165354240
913,165561600
914,165768960
915,165976320
916,166183680
917,166391040
918,166598400
919,166805760
920,167013120
921,167220480
922,167427840
923,167635200
924,167842560
925,168049920
926,168257280
927,168464640
928,168672000
929,168879360
930,169086720
931,169294080
932,169501440
933,169708800
934,169916160
935,170123520
936,170330880
937,170538240
938,170745600
939,170952960
940,171160320
941,171367680
942,171575040
943,171782400
944,171989760
945,172197120
946,172404480
947,172611840
948,172819200
949,173026560
950,173233920
951,173441280
952,173648640
953,173856000
954,174063360
955,174270720
956,174478080
957,174685440
958,174892800
959,175100160
960,175307520
961,175514880
962,175722240
963,175929600
964,176140800
965,176352000
966,176563200
967,176774400
968,176985600
969,177196800
970,177408000
971,177619200
972,177830400
973,178041600
974,178252800
975,178464000
976,178675200
977,178886400
978,179097600
979,179308800
980,179520000
981,179731200
982,179942400
983,180153600
984,180364800
985,180576000
986,180787200
987,180998400
988,181209600
989,181420800
990,181632000
991,181843200
992,182054400
993,182265600
994,182476800
995,182688000
996,182899200
997,183110400
998,183321600
999,183532800
1000,183744000
1001,183955200
1002,184166400
1003,184377600
1004,184588800
1005,184800000
1006,185011200
1007,185222400
1008,185433600
1009,185644800
1010,185856000
1011,186067200
1012,186278400
1013,186489600
1014,186700800
1015,186912000
1016,187123200
1017,187334400
1018,187545600
1019,187756800
1020,187968000
1021,188179200
1022,188390400
1023,188601600
1024,188812800
1025,189024000
1026,189235200
1027,189446400
1028,189657600
1029,189868800
1030,190080000
1031,190291200
1032,190502400
1033,190713600
1034,190924800
1035,191136000
1036,191347200
1037,191558400
1038,191769600
1039,191980800
1040,192192000
1041,192403200
1042,192614400
1043,192825600
1044,193036800
1045,193248000
1046,193459200
1047,193670400
1048,193881600
1049,194092800
1050,194304000
1051,194515200
1052,194726400
1053,194941440
1054,195156480
1055,195371520
1056,195586560
1057,195801600
1058,196016640
1059,196231680
1060,196446720
1061,196661760
1062,196876800
1063,197091840
1064,197306880
1065,197521920
1066,197736960
1067,197952000
1068,198167040
1069,198382080
1070,198597120
1071,198812160
1072,199027200
1073,199242240
1074,199457280
1075,199672320
1076,199887360
1077,200102400
1078,200317440
1079,200532480
1080,200747520
1081,200962560
1082,201177600
1083,201392640
1084,201607680
1085,201822720
1086,202037760
1087,202252800
1088,202467840
1089,202682880
1090,202897920
1091,203112960
1092,203328000
1093,203543040
1094,203758080
1095,203973120
1096,204188160
1097,204403200
1098,204618240
1099,204833280
1100,205048320
1101,205263360
1102,205478400
1103,205693440
1104,205908480
1105,206123520
1106,206338560
1107,206553600
1108,206768640
1109,206983680
1110,207198720
1111,207413760
1112,207628800
1113,207843840
1114,208058880
1115,208273920
1116,208488960
1117,208704000
1118,208919040
1119,209134080
1120,209349120
1121,209564160
1122,209779200
1123,209994240
1124,210209280
1125,210424320
1126,210639360
1127,210854400
1128,211069440
1129,211284480
1130,211499520
1131,211714560
1132,211929600
1133,212144640
1134,212359680
1135,212574720
1136,212789760
1137,213004800
1138,213219840
1139,213434880
1140,213649920
1141,213864960
1142,214080000
1143,214295040
1144,214513920
1145,214732800
1146,214951680
1147,215170560
1148,215389440
1149,215608320
1150,215827200
1151,216046080
1152,216264960
1153,216483840
1154,216702720
1155,216921600
1156,217140480
1157,217359360
1158,217578240
1159,217797120
1160,218016000
1161,218234880
1162,218453760
1163,218672640
1164,218891520
1165,219110400
1166,219329280
1167,219548160
1168,219767040
1169,219985920
1170,220204800
1171,220423680
1172,220642560
1173,220861440
1174,221080320
1175,221299200
1176,221518080
1177,221736960
1178,221955840
1179,222174720
1180,222393600
1181,222612480
1182,222831360
1183,223050240
1184,223269120
1185,223488000
1186,223706880
1187,223925760
1188,224144640
1189,224363520
1190,224582400
1191,224801280
1192,225020160
1193,225239040
1194,225457920
1195,225676800
1196,225895680
1197,226114560
1198,226333440
1199,226552320
1200,226771200
1201,226990080
1202,227208960
1203,227427840
1204,227646720
1205,227865600
1206,228084480
1207,228303360
1208,228522240
1209,228741120
1210,228960000
1211,229178880
1212,229397760
1213,229616640
1214,229835520
1215,230054400
1216,230273280
1217,230492160
1218,230711040
1219,230929920
1220,231148800
1221,231367680
1222,231586560
1223,231805440
1224,232024320
1225,232243200
1226,232462080
1227,232680960
1228,232899840
1229,233118720
1230,233337600
1231,233556480
1232,233775360
1233,233994240
1234,234216960
1235,234439680
1236,234662400
1237,234885120
1238,235107840
1239,235330560
1240,235553280
1241,235776000
1242,235998720
1243,236221440
1244,236444160
1245,236666880
1246,236889600
1247,237112320
1248,237335040
1249,237557760
1250,237780480
1251,238003200
1252,238225920
1253,238448640
1254,238671360
1255,238894080
1256,239116800
1257,239339520
1258,239562240
1259,239784960
1260,240007680
1261,240230400
1262,240453120
1263,240675840
1264,240898560
1265,241121280
1266,241344000
1267,241566720
1268,241789440
1269,242012160
1270,242234880
1271,242457600
1272,242680320
1273,242903040
1274,243125760
1275,243348480
1276,243571200
1277,243793920
1278,244016640
1279,244239360
1280,244462080
1281,244684800
1282,244907520
1283,245130240
1284,245352960
1285,245575680
1286,245798400
1287,246021120
1288,246243840
1289,246466560
1290,246689280
1291,246912000
1292,247134720
1293,247357440
1294,247580160
1295,247802880
1296,248025600
1297,248248320
1298,248471040
1299,248693760
1300,248916480
1301,249139200
1302,249361920
1303,249584640
1304,249807360
1305,250030080
1306,250252800
1307,250475520
1308,250698240
1309,250920960
1310,251143680
1311,251366400
1312,251589120
1313,251811840
1314,252034560
1315,252257280
1316,252483840
1317,252710400
1318,252936960
1319,253163520
1320,253390080
1321,253616640
1322,253843200
1323,254069760
1324,254296320
1325,254522880
1326,254749440
1327,254976000
1328,255202560
1329,255429120
1330,255655680
1331,255882240
1332,256108800
1333,256335360
1334,256561920
1335,256788480
1336,257015040
1337,257241600
1338,257468160
1339,257694720
1340,257921280
1341,258147840
1342,258374400
1343,258600960
1344,258827520
1345,259054080
1346,259280640
1347,259507200
1348,259733760
1349,259960320
1350,260186880
1351,260413440
1352,260640000
1353,260866560
1354,261093120
1355,261319680
1356,261546240
1357,261772800
1358,261999360
1359,262225920
1360,262452480
1361,262679040
1362,262905600
1363,263132160
1364,263358720
1365,263585280
1366,263811840
1367,264038400
1368,264264960
1369,264491520
1370,264718080
1371,264944640
1372,265171200
1373,265397760
1374,265624320
1375,265850880
1376,266077440
1377,266304000
1378,266530560
1379,266757120
1380,266983680
1381,267210240
1382,267436800
1383,267663360
1384,267889920
1385,268116480
1386,268343040
1387,268569600
1388,268796160
1389,269022720
1390,269249280
1391,269475840
1392,269702400
1393,269932800
1394,270163200
1395,270393600
1396,270624000
1397,270854400
1398,271084800
1399,271315200
1400,271545600
1401,271776000
1402,272006400
1403,272236800
1404,272467200
1405,272697600
1406,272928000
1407,273158400
1408,273388800
1409,273619200
1410,273849600
1411,274080000
1412,274310400
1413,274540800
1414,274771200
1415,275001600
1416,275232000
1417,275462400
1418,275692800
1419,275923200
1420,276153600
1421,276384000
1422,276614400
1423,276844800
1424,277075200
1425,277305600
1426,277536000
1427,277766400
1428,277996800
1429,278227200
1430,278457600
1431,278688000
1432,278918400
1433,279148800
1434,279379200
1435,279609600
1436,279840000
1437,280070400
1438,280300800
1439,280531200
1440,280761600
1441,280992000
1442,281222400
1443,281452800
1444,281683200
1445,281913600
1446,282144000
1447,282374400
1448,282604800
1449,282835200
1450,283065600
1451,283296000
1452,283526400
1453,283756800
1454,283987200
1455,284217600
1456,284448000
1457,284678400
1458,284908800
1459,285139200
1460,285369600
1461,285600000
1462,285830400
1463,286064640
1464,286298880
1465,286533120
1466,286767360
1467,287001600
1468,287235840
1469,287470080
1470,287704320
1471,287938560
1472,288172800
1473,288407040
1474,288641280
1475,288875520
1476,289109760
1477,289344000
1478,289578240
1479,289812480
1480,290046720
1481,290280960
1482,290515200
1483,290749440
1484,290983680
1485,291217920
1486,291452160
1487,291686400
1488,291920640
1489,292154880
1490,292389120
1491,292623360
1492,292857600
1493,293091840
1494,293326080
1495,293560320
1496,293794560
1497,294028800
1498,294263040
1499,294497280
1500,294731520
1501,294965760
1502,295200000
1503,295434240
1504,295668480
1505,295902720
1506,296136960
1507,296371200
1508,296605440
1509,296839680
1510,297073920
1511,297308160
1512,297542400
1513,297776640
1514,298010880
1515,298245120
1516,298479360
1517,298713600
1518,298947840
1519,299182080
1520,299416320
1521,299650560
1522,299884800
1523,300119040
1524,300353280
1525,300587520
1526,300821760
1527,301056000
1528,301290240
1529,301524480
1530,301758720
1531,301992960
1532,302227200
1533,302461440
1534,302695680
1535,302929920
1536,303164160
1537,303398400
1538,303632640
1539,303866880
1540,304101120
1541,304335360
1542,304569600
1543,304807680
1544,305045760
1545,305283840
1546,305521920
1547,305760000
1548,305998080
1549,306236160
1550,306474240
1551,306712320
1552,306950400
1553,307188480
1554,307426560
1555,307664640
1556,307902720
1557,308140800
1558,308378880
1559,308616960
1560,308855040
1561,309093120
1562,309331200
1563,309569280
1564,309807360
1565,310045440
1566,310283520
1567,310521600
1568,310759680
1569,310997760
1570,311235840
1571,311473920
1572,311712000
1573,311950080
1574,312188160
1575,312426240
1576,312664320
1577,312902400
1578,313140480
1579,313378560
1580,313616640
1581,313854720
1582,314092800
1583,314330880
1584,314568960
1585,314807040
1586,315045120
1587,315283200
1588,315521280
1589,315759360
1590,315997440
1591,316235520
1592,316473600
1593,316711680
1594,316949760
1595,317187840
1596,317425920
1597,317664000
1598,317902080
1599,318140160
1600,318378240
1601,318616320
1602,318854400
1603,319092480
1604,319330560
1605,319568640
1606,319806720
1607,320044800
1608,320282880
1609,320520960
1610,320759040
1611,320997120
1612,321235200
1613,321473280
1614,321715200
1615,321957120
1616,322199040
1617,322440960
1618,322682880
1619,322924800
1620,323166720
1621,323408640
1622,323650560
1623,323892480
1624,324134400
1625,324376320
1626,324618240
1627,324860160
1628,325102080
1629,325344000
1630,325585920
1631,325827840
1632,326069760
1633,326311680
1634,326553600
1635,326795520
1636,327037440
1637,327279360
1638,327521280
1639,327763200
1640,328005120
1641,328247040
1642,328488960
1643,328730880
1644,328972800
1645,329214720
1646,329456640
1647,329698560
1648,329940480
1649,330182400
1650,330424320
1651,330666240
1652,330908160
1653,331150080
1654,331392000
1655,331633920
1656,331875840
1657,332117760
1658,332359680
1659,332601600
1660,332843520
1661,333085440
1662,333327360
1663,333569280
1664,333811200
1665,334053120
1666,334295040
1667,334536960
1668,334778880
1669,335020800
1670,335262720
1671,335504640
1672,335746560
1673,335988480
1674,336230400
1675,336472320
1676,336714240
1677,336956160
1678,337198080
1679,337440000
1680,337681920
1681,337923840
1682,338165760
1683,338407680
1684,338649600
1685,338891520
1686,339133440
1687,339375360
1688,339617280
1689,339859200
1690,340101120
1691,340343040
1692,340584960
1693,340826880
1694,341068800
1695,341310720
1696,341552640
1697,341798400
1698,342044160
1699,342289920
1700,342535680
1701,342781440
1702,343027200
1703,343272960
1704,343518720
1705,343764480
1706,344010240
1707,344256000
1708,344501760
1709,344747520
1710,344993280
1711,345239040
1712,345484800
1713,345730560
1714,345976320
1715,346222080
1716,346467840
1717,346713600
1718,346959360
1719,347205120
1720,347450880
1721,347696640
1722,347942400
1723,348188160
1724,348433920
1725,348679680
1726,348925440
1727,349171200
1728,349416960
1729,349662720
1730,349908480
1731,350154240
1732,350400000
1733,350645760
1734,350891520
1735,351137280
1736,351383040
1737,351628800
1738,351874560
1739,352120320
1740,352366080
1741,352611840
1742,352857600
1743,353103360
1744,353349120
1745,353594880
1746,353840640
1747,354086400
1748,354332160
1749,354577920
1750,354823680
1751,355069440
1752,355315200
1753,355560960
1754,355806720
1755,356052480
1756,356298240
1757,356544000
1758,356789760
1759,357035520
1760,357281280
1761,357527040
1762,357772800
1763,358018560
1764,358264320
1765,358510080
1766,358755840
1767,359001600
1768,359247360
1769,359493120
1770,359738880
1771,359984640
1772,360230400
1773,360476160
1774,360721920
1775,360967680
1776,361213440
1777,361459200
1778,361704960
1779,361950720
1780,362196480
1781,362442240
1782,362688000
1783,362933760
1784,363179520
1785,363429120
1786,363678720
1787,363928320
1788,364177920
1789,364427520
1790,364677120
1791,364926720
1792,365176320
1793,365425920
1794,365675520
1795,365925120
1796,366174720
1797,366424320
1798,366673920
1799,366923520
1800,367173120
1801,367422720
1802,367672320
1803,367921920
1804,368171520
1805,368421120
1806,368670720
1807,368920320
1808,369169920
1809,369419520
1810,369669120
1811,369918720
1812,370168320
1813,370417920
1814,370667520
1815,370917120
1816,371166720
1817,371416320
1818,371665920
1819,371915520
1820,372165120
1821,372414720
1822,372664320
1823,372913920
1824,373163520
1825,373413120
1826,373662720
1827,373912320
1828,374161920
1829,374411520
1830,374661120
1831,374910720
1832,375160320
1833,375409920
1834,375659520
1835,375909120
1836,376158720
1837,376408320
1838,376657920
1839,376907520
1840,377157120
1841,377406720
1842,377656320
1843,377905920
1844,378155520
1845,378405120
1846,378654720
1847,378904320
1848,379153920
1849,379403520
1850,379653120
1851,379902720
1852,380152320
1853,380401920
1854,380655360
1855,380908800
1856,381162240
1857,381415680
1858,381669120
1859,381922560
1860,382176000
1861,382429440
1862,382682880
1863,382936320
1864,383189760
1865,383443200
1866,383696640
1867,383950080
1868,384203520
1869,384456960
1870,384710400
1871,384963840
1872,385217280
1873,385470720
1874,385724160
1875,385977600
1876,386231040
1877,386484480
1878,386737920
1879,386991360
1880,387244800
1881,387498240
1882,387751680
1883,388005120
1884,388258560
1885,388512000
1886,388765440
1887,389018880
1888,389272320
1889,389525760
1890,389779200
1891,390032640
1892,390286080
1893,390539520
1894,390792960
1895,391046400
1896,391299840
1897,391553280
1898,391806720
1899,392060160
1900,392313600
1901,392567040
1902,392820480
1903,393073920
1904,393327360
1905,393580800
1906,393834240
1907,394087680
1908,394341120
1909,394594560
1910,394848000
1911,395101440
1912,395354880
1913,395608320
1914,395861760
1915,396115200
1916,396368640
1917,396622080
1918,396875520
1919,397128960
1920,397382400
1921,397635840
1922,397889280
1923,398142720
1924,398396160
1925,398649600
1926,398903040
1927,399160320
1928,399417600
1929,399674880
1930,399932160
1931,400189440
1932,400446720
1933,400704000
1934,400961280
1935,401218560
1936,401475840
1937,401733120
1938,401990400
1939,402247680
1940,402504960
1941,402762240
1942,403019520
1943,403276800
1944,403534080
1945,403791360
1946,404048640
1947,404305920
1948,404563200
1949,404820480
1950,405077760
1951,405335040
1952,405592320
1953,405849600
1954,406106880
1955,406364160
1956,406621440
1957,406878720
1958,407136000
1959,407393280
1960,407650560
1961,407907840
1962,408165120
1963,408422400
1964,408679680
1965,408936960
1966,409194240
1967,409451520
1968,409708800
1969,409966080
1970,410223360
1971,410480640
1972,410737920
1973,410995200
1974,411252480
1975,411509760
1976,411767040
1977,412024320
1978,412281600
1979,412538880
1980,412796160
1981,413053440
1982,413310720
1983,413568000
1984,413825280
1985,414082560
1986,414339840
1987,414597120
1988,414854400
1989,415111680
1990,415368960
1991,415626240
1992,415883520
1993,416140800
1994,416398080
1995,416655360
1996,416912640
1997,417169920
1998,417427200
1999,417684480
2000,417941760
2001,418199040
2002,418456320
2003,418713600
2004,418970880
2005,419228160
2006,419485440
2007,419742720
2008,420000000
2009,420257280
2010,420514560
2011,420771840
2012,421029120
2013,421286400
2014,421543680
2015,421800960
2016,422058240
2017,422315520
2018,422572800
2019,422830080
2020,423087360
2021,423344640
2022,423601920
2023,423859200
2024,424116480
2025,424373760
2026,424631040
2027,424888320
2028,425149440
2029,425410560
2030,425671680
2031,425932800
2032,426193920
2033,426455040
2034,426716160
2035,426977280
2036,427238400
2037,427499520
2038,427760640
2039,428021760
2040,428282880
2041,428544000
2042,428805120
2043,429066240
2044,429327360
2045,429588480
2046,429849600
2047,430110720
2048,430371840
2049,430632960
2050,430894080
2051,431155200
2052,431416320
2053,431677440
2054,431938560
2055,432199680
2056,432460800
2057,432721920
2058,432983040
2059,433244160
2060,433505280
2061,433766400
2062,434027520
2063,434288640
2064,434549760
2065,434810880
2066,435072000
2067,435333120
2068,435594240
2069,435855360
2070,436116480
2071,436377600
2072,436638720
2073,436899840
2074,437160960
2075,437422080
2076,437683200
2077,437944320
2078,438205440
2079,438466560
2080,438727680
2081,438988800
2082,439249920
2083,439511040
2084,439772160
2085,440033280
2086,440294400
2087,440555520
2088,440816640
2089,441077760
2090,441338880
2091,441600000
2092,441861120
2093,442122240
2094,442383360
2095,442644480
2096,442905600
2097,443166720
2098,443427840
2099,443688960
2100,443950080
2101,444211200
2102,444472320
2103,444733440
2104,444994560
2105,445255680
2106,445516800
2107,445777920
2108,446039040
2109,446300160
2110,446561280
2111,446822400
2112,447083520
2113,447344640
2114,447605760
2115,447866880
2116,448128000
2117,448392960
2118,448657920
2119,448922880
2120,449187840
2121,449452800
2122,449717760
2123,449982720
2124,450247680
2125,450512640
2126,450777600
2127,451042560
2128,451307520
2129,451572480
2130,451837440
2131,452102400
2132,452367360
2133,452632320
2134,452897280
2135,453162240
2136,453427200
2137,453692160
2138,453957120
2139,454222080
2140,454487040
2141,454752000
2142,455016960
2143,455281920
2144,455546880
2145,455811840
2146,456076800
2147,456341760
2148,456606720
2149,456871680
2150,457136640
2151,457401600
2152,457666560
2153,457931520
2154,458196480
2155,458461440
2156,458726400
2157,458991360
2158,459256320
2159,459521280
2160,459786240
2161,460051200
2162,460316160
2163,460581120
2164,460846080
2165,461111040
2166,461376000
2167,461640960
2168,461905920
2169,462170880
2170,462435840
2171,462700800
2172,462965760
2173,463230720
2174,463495680
2175,463760640
2176,464025600
2177,464290560
2178,464555520
2179,464820480
2180,465085440
2181,465350400
2182,465615360
2183,465880320
2184,466145280
2185,466410240
2186,466675200
2187,466940160
2188,467205120
2189,467470080
2190,467735040
2191,468000000
2192,468268800
2193,468537600
2194,468806400
2195,469075200
2196,469344000
2197,469612800
2198,469881600
2199,470150400
2200,470419200
2201,470688000
2202,470956800
2203,471225600
2204,471494400
2205,471763200
2206,472032000
2207,472300800
2208,472569600
2209,472838400
2210,473107200
2211,473376000
2212,473644800
2213,473913600
2214,474182400
2215,474451200
2216,474720000
2217,474988800
2218,475257600
2219,475526400
2220,475795200
2221,476064000
2222,476332800
2223,476601600
2224,476870400
2225,477139200
2226,477408000
2227,477676800
2228,477945600
2229,478214400
2230,478483200
2231,478752000
2232,479020800
2233,479289600
2234,479558400
2235,479827200
2236,480096000
2237,480364800
2238,480633600
2239,480902400
2240,481171200
2241,481440000
2242,481708800
2243,481977600
2244,482246400
2245,482515200
2246,482784000
2247,483052800
2248,483321600
2249,483590400
2250,483859200
2251,484128000
2252,484396800
2253,484665600
2254,484934400
2255,485203200
2256,485472000
2257,485740800
2258,486009600
2259,486278400
2260,486547200
2261,486816000
2262,487084800
2263,487353600
2264,487622400
2265,487891200
2266,488160000
2267,488428800
2268,488701440
2269,488974080
2270,489246720
2271,489519360
2272,489792000
2273,490064640
2274,490337280
2275,490609920
2276,490882560
2277,491155200
2278,491427840
2279,491700480
2280,491973120
2281,492245760
2282,492518400
2283,492791040
2284,493063680
2285,493336320
2286,493608960
2287,493881600
2288,494154240
2289,494426880
2290,494699520
2291,494972160
2292,495244800
2293,495517440
2294,495790080
2295,496062720
2296,496335360
2297,496608000
2298,496880640
2299,497153280
2300,497425920
2301,497698560
2302,497971200
2303,498243840
2304,498516480
2305,498789120
2306,499061760
2307,499334400
2308,499607040
2309,499879680
2310,500152320
2311,500424960
2312,500697600
2313,500970240
2314,501242880
2315,501515520
2316,501788160
2317,502060800
2318,502333440
2319,502606080
2320,502878720
2321,503151360
2322,503424000
2323,503696640
2324,503969280
2325,504241920
2326,504514560
2327,504787200
2328,505059840
2329,505332480
2330,505605120
2331,505877760
2332,506150400
2333,506423040
2334,506699520
2335,506976000
2336,507252480
2337,507528960
2338,507805440
2339,508081920
2340,508358400
2341,508634880
2342,508911360
2343,509187840
2344,509464320
2345,509740800
2346,510017280
2347,510293760
2348,510570240
2349,510846720
2350,511123200
2351,511399680
2352,511676160
2353,511952640
2354,512229120
2355,512505600
2356,512782080
2357,513058560
2358,513335040
2359,513611520
2360,513888000
2361,514164480
2362,514440960
2363,514717440
2364,514993920
2365,515270400
2366,515546880
2367,515823360
2368,516099840
2369,516376320
2370,516652800
2371,516929280
2372,517205760
2373,517482240
2374,517758720
2375,518035200
2376,518311680
2377,518588160
2378,518864640
2379,519141120
2380,519417600
2381,519694080
2382,519970560
2383,520247040
2384,520523520
2385,520800000
2386,521076480
2387,521352960
2388,521629440
2389,521905920
2390,522182400
2391,522458880
2392,522735360
2393,523011840
2394,523288320
2395,523564800
2396,523841280
2397,524117760
2398,524394240
2399,524670720
2400,524947200
2401,525223680
2402,525500160
2403,525776640
2404,526053120
2405,526329600
2406,526606080
2407,526882560
2408,527159040
2409,527435520
2410,527712000
2411,527988480
2412,528264960
2413,528545280
2414,528825600
2415,529105920
2416,529386240
2417,529666560
2418,529946880
2419,530227200
2420,530507520
2421,530787840
2422,531068160
2423,531348480
2424,531628800
2425,531909120
2426,532189440
2427,532469760
2428,532750080
2429,533030400
2430,533310720
2431,533591040
2432,533871360
2433,534151680
2434,534432000
2435,534712320
2436,534992640
2437,535272960
2438,535553280
2439,535833600
2440,536113920
2441,536394240
2442,536674560
2443,536954880
2444,537235200
2445,537515520
2446,537795840
2447,538076160
2448,538356480
2449,538636800
2450,538917120
2451,539197440
2452,539477760
2453,539758080
2454,540038400
2455,540318720
2456,540599040
2457,540879360
2458,541159680
2459,541440000
2460,541720320
2461,542000640
2462,542280960
2463,542561280
2464,542841600
2465,543121920
2466,543402240
2467,543682560
2468,543962880
2469,544243200
2470,544523520
2471,544803840
2472,545084160
2473,545364480
2474,545644800
2475,545925120
2476,546205440
2477,546485760
2478,546766080
2479,547046400
2480,547326720
2481,547607040
2482,547887360
2483,548167680
2484,548448000
2485,548728320
2486,549008640
2487,549288960
2488,549569280
2489,549849600
2490,550129920
2491,550410240
2492,550690560
2493,550970880
2494,551251200
2495,551531520
2496,551811840
2497,552092160
2498,552372480
2499,552656640
2500,552940800
2501,553224960
2502,553509120
2503,553793280
2504,554077440
2505,554361600
2506,554645760
2507,554929920
2508,555214080
2509,555498240
2510,555782400
2511,556066560
2512,556350720
2513,556634880
2514,556919040
2515,557203200
2516,557487360
2517,557771520
2518,558055680
2519,558339840
2520,558624000
2521,558908160
2522,559192320
2523,559476480
2524,559760640
2525,560044800
2526,560328960
2527,560613120
2528,560897280
2529,561181440
2530,561465600
2531,561749760
2532,562033920
2533,562318080
2534,562602240
2535,562886400
2536,563170560
2537,563454720
2538,563738880
2539,564023040
2540,564307200
2541,564591360
2542,564875520
2543,565159680
2544,565443840
2545,565728000
2546,566012160
2547,566296320
2548,566580480
2549,566864640
2550,567148800
2551,567432960
2552,567717120
2553,568001280
2554,568285440
2555,568569600
2556,568853760
2557,569137920
2558,569422080
2559,569706240
2560,569990400
2561,570274560
2562,570558720
2563,570842880
2564,571127040
2565,571411200
2566,571695360
2567,571979520
2568,572263680
2569,572547840
2570,572832000
2571,573116160
2572,573400320
2573,573684480
2574,573968640
2575,574252800
2576,574536960
2577,574821120
2578,575105280
2579,575389440
2580,575677440
2581,575965440
2582,576253440
2583,576541440
2584,576829440
2585,577117440
2586,577405440
2587,577693440
2588,577981440
2589,578269440
2590,578557440
2591,578845440
2592,579133440
2593,579421440
2594,579709440
2595,579997440
2596,580285440
2597,580573440
2598,580861440
2599,581149440
2600,581437440
2601,581725440
2602,582013440
2603,582301440
2604,582589440
2605,582877440
2606,583165440
2607,583453440
2608,583741440
2609,584029440
2610,584317440
2611,584605440
2612,584893440
2613,585181440
2614,585469440
2615,585757440
2616,586045440
2617,586333440
2618,586621440
2619,586909440
2620,587197440
2621,587485440
2622,587773440
2623,588061440
2624,588349440
2625,588637440
2626,588925440
2627,589213440
2628,589501440
2629,589789440
2630,590077440
2631,590365440
2632,590653440
2633,590941440
2634,591229440
2635,591517440
2636,591805440
2637,592093440
2638,592381440
2639,592669440
2640,592957440
2641,593245440
2642,593533440
2643,593821440
2644,594109440
2645,594397440
2646,594685440
2647,594973440
2648,595261440
2649,595549440
2650,595837440
2651,596125440
2652,596413440
2653,596701440
2654,596989440
2655,597277440
2656,597565440
2657,597853440
2658,598141440
2659,598429440
2660,598717440
2661,599005440
2662,599297280
2663,599589120
2664,599880960
2665,600172800
2666,600464640
2667,600756480
2668,601048320
2669,601340160
2670,601632000
2671,601923840
2672,602215680
2673,602507520
2674,602799360
2675,603091200
2676,603383040
2677,603674880
2678,603966720
2679,604258560
2680,604550400
2681,604842240
2682,605134080
2683,605425920
2684,605717760
2685,606009600
2686,606301440
2687,606593280
2688,606885120
2689,607176960
2690,607468800
2691,607760640
2692,608052480
2693,608344320
2694,608636160
2695,608928000
2696,609219840
2697,609511680
2698,609803520
2699,610095360
2700,610387200
2701,610679040
2702,610970880
2703,611262720
2704,611554560
2705,611846400
2706,612138240
2707,612430080
2708,612721920
2709,613013760
2710,613305600
2711,613597440
2712,613889280
2713,614181120
2714,614472960
2715,614764800
2716,615056640
2717,615348480
2718,615640320
2719,615932160
2720,616224000
2721,616515840
2722,616807680
2723,617099520
2724,617391360
2725,617683200
2726,617975040
2727,618266880
2728,618558720
2729,618850560
2730,619142400
2731,619438080
2732,619733760
2733,620029440
2734,620325120
2735,620620800
2736,620916480
2737,621212160
2738,621507840
2739,621803520
2740,622099200
2741,622394880
2742,622690560
2743,622986240
2744,623281920
2745,623577600
2746,623873280
2747,624168960
2748,624464640
2749,624760320
2750,625056000
2751,625351680
2752,625647360
2753,625943040
2754,626238720
2755,626534400
2756,626830080
2757,627125760
2758,627421440
2759,627717120
2760,628012800
2761,628308480
2762,628604160
2763,628899840
2764,629195520
2765,629491200
2766,629786880
2767,630082560
2768,630378240
2769,630673920
2770,630969600
2771,631265280
2772,631560960
2773,631856640
2774,632152320
2775,632448000
2776,632743680
2777,633039360
2778,633335040
2779,633630720
2780,633926400
2781,634222080
2782,634517760
2783,634813440
2784,635109120
2785,635404800
2786,635700480
2787,635996160
2788,636291840
2789,636587520
2790,636883200
2791,637178880
2792,637474560
2793,637774080
2794,638073600
2795,638373120
2796,638672640
2797,638972160
2798,639271680
2799,639571200
2800,639870720
2801,640170240
2802,640469760
2803,640769280
2804,641068800
2805,641368320
2806,641667840
2807,641967360
2808,642266880
2809,642566400
2810,642865920
2811,643165440
2812,643464960
2813,643764480
2814,644064000
2815,644363520
2816,644663040
2817,644962560
2818,645262080
2819,645561600
2820,645861120
2821,646160640
2822,646460160
2823,646759680
2824,647059200
2825,647358720
2826,647658240
2827,647957760
2828,648257280
2829,648556800
2830,648856320
2831,649155840
2832,649455360
2833,649754880
2834,650054400
2835,650353920
2836,650653440
2837,650952960
2838,651252480
2839,651552000
2840,651851520
2841,652151040
2842,652450560
2843,652750080
2844,653049600
2845,653349120
2846,653648640
2847,653948160
2848,654247680
2849,654547200
2850,654846720
2851,655146240
2852,655445760
2853,655745280
2854,656044800
2855,656344320
2856,656643840
2857,656943360
2858,657242880
2859,657542400
2860,657841920
2861,658145280
2862,658448640
2863,658752000
2864,659055360
2865,659358720
2866,659662080
2867,659965440
2868,660268800
2869,660572160
2870,660875520
2871,661178880
2872,661482240
2873,661785600
2874,662088960
2875,662392320
2876,662695680
2877,662999040
2878,663302400
2879,663605760
2880,663909120
2881,664212480
2882,664515840
2883,664819200
2884,665122560
2885,665425920
2886,665729280
2887,666032640
2888,666336000
2889,666639360
2890,666942720
2891,667246080
2892,667549440
2893,667852800
2894,668156160
2895,668459520
2896,668762880
2897,669066240
2898,669369600
2899,669672960
2900,669976320
2901,670279680
2902,670583040
2903,670886400
2904,671189760
2905,671493120
2906,671796480
2907,672099840
2908,672403200
2909,672706560
2910,673009920
2911,673313280
2912,673616640
2913,673920000
2914,674223360
2915,674526720
2916,674830080
2917,675133440
2918,675436800
2919,675740160
2920,676043520
2921,676346880
2922,676650240
2923,676953600
2924,677256960
2925,677560320
2926,677867520
2927,678174720
2928,678481920
2929,678789120
2930,679096320
2931,679403520
2932,679710720
2933,680017920
2934,680325120
2935,680632320
2936,680939520
2937,681246720
2938,681553920
2939,681861120
2940,682168320
2941,682475520
2942,682782720
2943,683089920
2944,683397120
2945,683704320
2946,684011520
2947,684318720
2948,684625920
2949,684933120
2950,685240320
2951,685547520
2952,685854720
2953,686161920
2954,686469120
2955,686776320
2956,687083520
2957,687390720
2958,687697920
2959,688005120
2960,688312320
2961,688619520
2962,688926720
2963,689233920
2964,689541120
2965,689848320
2966,690155520
2967,690462720
2968,690769920
2969,691077120
2970,691384320
2971,691691520
2972,691998720
2973,692305920
2974,692613120
2975,692920320
2976,693227520
2977,693534720
2978,693841920
2979,694149120
2980,694456320
2981,694763520
2982,695070720
2983,695377920
2984,695685120
2985,695992320
2986,696299520
2987,696606720
2988,696913920
2989,697221120
2990,697528320
2991,697835520
2992,698142720
2993,698449920
2994,698757120
2995,699064320
2996,699371520
2997,699678720
2998,699989760
2999,700300800
3000,700611840
3001,700922880
3002,701233920
3003,701544960
3004,701856000
3005,702167040
3006,702478080
3007,702789120
3008,703100160
3009,703411200
3010,703722240
3011,704033280
3012,704344320
3013,704655360
3014,704966400
3015,705277440
3016,705588480
3017,705899520
3018,706210560
3019,706521600
3020,706832640
3021,707143680
3022,707454720
3023,707765760
3024,708076800
3025,708387840
3026,708698880
3027,709009920
3028,709320960
3029,709632000
3030,709943040
3031,710254080
3032,710565120
3033,710876160
3034,711187200
3035,711498240
3036,711809280
3037,712120320
3038,712431360
3039,712742400
3040,713053440
3041,713364480
3042,713675520
3043,713986560
3044,714297600
3045,714608640
3046,714919680
3047,715230720
3048,715541760
3049,715852800
3050,716163840
3051,716474880
3052,716785920
3053,717096960
3054,717408000
3055,717719040
3056,718030080
3057,718341120
3058,718652160
3059,718963200
3060,719274240
3061,719585280
3062,719896320
3063,720207360
3064,720518400
3065,720829440
3066,721140480
3067,721451520
3068,721762560
3069,722073600
3070,722384640
3071,722695680
3072,723006720
3073,723317760
3074,723628800
3075,723943680
3076,724258560
3077,724573440
3078,724888320
3079,725203200
3080,725518080
3081,725832960
3082,726147840
3083,726462720
3084,726777600
3085,727092480
3086,727407360
3087,727722240
3088,728037120
3089,728352000
3090,728666880
3091,728981760
3092,729296640
3093,729611520
3094,729926400
3095,730241280
3096,730556160
3097,730871040
3098,731185920
3099,731500800
3100,731815680
3101,732130560
3102,732445440
3103,732760320
3104,733075200
3105,733390080
3106,733704960
3107,734019840
3108,734334720
3109,734649600
3110,734964480
3111,735279360
3112,735594240
3113,735909120
3114,736224000
3115,736538880
3116,736853760
3117,737168640
3118,737483520
3119,737798400
3120,738113280
3121,738428160
3122,738743040
3123,739057920
3124,739372800
3125,739687680
3126,740002560
3127,740317440
3128,740632320
3129,740947200
3130,741262080
3131,741576960
3132,741891840
3133,742206720
3134,742521600
3135,742836480
3136,743151360
3137,743466240
3138,743781120
3139,744096000
3140,744410880
3141,744725760
3142,745040640
3143,745355520
3144,745670400
3145,745985280
3146,746300160
3147,746615040
3148,746929920
3149,747244800
3150,747559680
3151,747874560
3152,748189440
3153,748504320
3154,748823040
3155,749141760
3156,749460480
3157,749779200
3158,750097920
3159,750416640
3160,750735360
3161,751054080
3162,751372800
3163,751691520
3164,752010240
3165,752328960
3166,752647680
3167,752966400
3168,753285120
3169,753603840
3170,753922560
3171,754241280
3172,754560000
3173,754878720
3174,755197440
3175,755516160
3176,755834880
3177,756153600
3178,756472320
3179,756791040
3180,757109760
3181,757428480
3182,757747200
3183,758065920
3184,758384640
3185,758703360
3186,759022080
3187,759340800
3188,759659520
3189,759978240
3190,760296960
3191,760615680
3192,760934400
3193,761253120
3194,761571840
3195,761890560
3196,762209280
3197,762528000
3198,762846720
3199,763165440
3200,763484160
3201,763802880
3202,764121600
3203,764440320
3204,764759040
3205,765077760
3206,765396480
3207,765715200
3208,766033920
3209,766352640
3210,766671360
3211,766990080
3212,767308800
3213,767627520
3214,767946240
3215,768264960
3216,768587520
3217,768910080
3218,769232640
3219,769555200
3220,769877760
3221,770200320
3222,770522880
3223,770845440
3224,771168000
3225,771490560
3226,771813120
3227,772135680
3228,772458240
3229,772780800
3230,773103360
3231,773425920
3232,773748480
3233,774071040
3234,774393600
3235,774716160
3236,775038720
3237,775361280
3238,775683840
3239,776006400
3240,776328960
3241,776651520
3242,776974080
3243,777296640
3244,777619200
3245,777941760
3246,778264320
3247,778586880
3248,778909440
3249,779232000
3250,779554560
3251,779877120
3252,780199680
3253,780522240
3254,780844800
3255,781167360
3256,781489920
3257,781812480
3258,782135040
3259,782457600
3260,782780160
3261,783102720
3262,783425280
3263,783747840
3264,784070400
3265,784392960
3266,784715520
3267,785038080
3268,785360640
3269,785683200
3270,786005760
3271,786328320
3272,786650880
3273,786977280
3274,787303680
3275,787630080
3276,787956480
3277,788282880
3278,788609280
3279,788935680
3280,789262080
3281,789588480
3282,789914880
3283,790241280
3284,790567680
3285,790894080
3286,791220480
3287,791546880
3288,791873280
3289,792199680
3290,792526080
3291,792852480
3292,793178880
3293,793505280
3294,793831680
3295,794158080
3296,794484480
3297,794810880
3298,795137280
3299,795463680
3300,795790080
3301,796116480
3302,796442880
3303,796769280
3304,797095680
3305,797422080
3306,797748480
3307,798074880
3308,798401280
3309,798727680
3310,799054080
3311,799380480
3312,799706880
3313,800033280
3314,800359680
3315,800686080
3316,801012480
3317,801338880
3318,801665280
3319,801991680
3320,802318080
3321,802644480
3322,802970880
3323,803297280
3324,803623680
3325,803950080
3326,804276480
3327,804602880
3328,804929280
3329,805255680
3330,805582080
3331,805908480
3332,806234880
3333,806561280
3334,806887680
3335,807214080
3336,807540480
3337,807866880
3338,808193280
3339,808519680
3340,808846080
3341,809172480
3342,809502720
3343,809832960
3344,810163200
3345,810493440
3346,810823680
3347,811153920
3348,811484160
3349,811814400
3350,812144640
3351,812474880
3352,812805120
3353,813135360
3354,813465600
3355,813795840
3356,814126080
3357,814456320
3358,814786560
3359,815116800
3360,815447040
3361,815777280
3362,816107520
3363,816437760
3364,816768000
3365,817098240
3366,817428480
3367,817758720
3368,818088960
3369,818419200
3370,818749440
3371,819079680
3372,819409920
3373,819740160
3374,820070400
3375,820400640
3376,820730880
3377,821061120
3378,821391360
3379,821721600
3380,822051840
3381,822382080
3382,822712320
3383,823042560
3384,823372800
3385,823703040
3386,824033280
3387,824363520
3388,824693760
3389,825024000
3390,825354240
3391,825684480
3392,826014720
3393,826344960
3394,826675200
3395,827005440
3396,827335680
3397,827665920
3398,827996160
3399,828326400
3400,828656640
3401,828986880
3402,829317120
3403,829647360
3404,829977600
3405,830307840
3406,830638080
3407,830968320
3408,831298560
3409,831628800
3410,831959040
3411,832289280
3412,832619520
3413,832949760
3414,833280000
3415,833610240
3416,833940480
3417,834270720
3418,834600960
3419,834931200
3420,835261440
3421,835595520
3422,835929600
3423,836263680
3424,836597760
3425,836931840
3426,837265920
3427,837600000
3428,837934080
3429,838268160
3430,838602240
3431,838936320
3432,839270400
3433,839604480
3434,839938560
3435,840272640
3436,840606720
3437,840940800
3438,841274880
3439,841608960
3440,841943040
3441,842277120
3442,842611200
3443,842945280
3444,843279360
3445,843613440
3446,843947520
3447,844281600
3448,844615680
3449,844949760
3450,845283840
3451,845617920
3452,845952000
3453,846286080
3454,846620160
3455,846954240
3456,847288320
3457,847622400
3458,847956480
3459,848290560
3460,848624640
3461,848958720
3462,849292800
3463,849626880
3464,849960960
3465,850295040
3466,850629120
3467,850963200
3468,851297280
3469,851631360
3470,851965440
3471,852299520
3472,852633600
3473,852967680
3474,853301760
3475,853635840
3476,853969920
3477,854304000
3478,854638080
3479,854972160
3480,855306240
3481,855640320
3482,855974400
3483,856308480
3484,856642560
3485,856976640
3486,857310720
3487,857644800
3488,857978880
3489,858312960
3490,858647040
3491,858981120
3492,859315200
3493,859653120
3494,859991040
3495,860328960
3496,860666880
3497,861004800
3498,861342720
3499,861680640
3500,862018560
3501,862356480
3502,862694400
3503,863032320
3504,863370240
3505,863708160
3506,864046080
3507,864384000
3508,864721920
3509,865059840
3510,865397760
3511,865735680
3512,866073600
3513,866411520
3514,866749440
3515,867087360
3516,867425280
3517,867763200
3518,868101120
3519,868439040
3520,868776960
3521,869114880
3522,869452800
3523,869790720
3524,870128640
3525,870466560
3526,870804480
3527,871142400
3528,871480320
3529,871818240
3530,872156160
3531,872494080
3532,872832000
3533,873169920
3534,873507840
3535,873845760
3536,874183680
3537,874521600
3538,874859520
3539,875197440
3540,875535360
3541,875873280
3542,876211200
3543,876549120
3544,876887040
3545,877224960
3546,877562880
3547,877900800
3548,878238720
3549,878576640
3550,878914560
3551,879252480
3552,879590400
3553,879928320
3554,880266240
3555,880604160
3556,880942080
3557,881280000
3558,881617920
3559,881955840
3560,882293760
3561,882631680
3562,882969600
3563,883307520
3564,883645440
3565,883983360
3566,884321280
3567,884659200
3568,884997120
3569,885335040
3570,885672960
3571,886010880
3572,886348800
3573,886686720
3574,887024640
3575,887362560
3576,887700480
3577,888038400
3578,888376320
3579,888714240
3580,889052160
3581,889390080
3582,889728000
3583,890065920
3584,890403840
3585,890741760
3586,891083520
3587,891425280
3588,891767040
3589,892108800
3590,892450560
3591,892792320
3592,893134080
3593,893475840
3594,893817600
3595,894159360
3596,894501120
3597,894842880
3598,895184640
3599,895526400
3600,895868160
3601,896209920
3602,896551680
3603,896893440
3604,897235200
3605,897576960
3606,897918720
3607,898260480
3608,898602240
3609,898944000
3610,899285760
3611,899627520
3612,899969280
3613,900311040
3614,900652800
3615,900994560
3616,901336320
3617,901678080
3618,902019840
3619,902361600
3620,902703360
3621,903045120
3622,903386880
3623,903728640
3624,904070400
3625,904412160
3626,904753920
3627,905095680
3628,905437440
3629,905779200
3630,906120960
3631,906462720
3632,906804480
3633,907146240
3634,907488000
3635,907829760
3636,908171520
3637,908513280
3638,908855040
3639,909196800
3640,909538560
3641,909880320
3642,910222080
3643,910563840
3644,910905600
3645,911247360
3646,911589120
3647,911930880
3648,912272640
3649,912614400
3650,912956160
3651,913297920
3652,913639680
3653,913985280
3654,914330880
3655,914676480
3656,915022080
3657,915367680
3658,915713280
3659,916058880
3660,916404480
3661,916750080
3662,917095680
3663,917441280
3664,917786880
3665,918132480
3666,918478080
3667,918823680
3668,919169280
3669,919514880
3670,919860480
3671,920206080
3672,920551680
3673,920897280
3674,921242880
3675,921588480
3676,921934080
3677,922279680
3678,922625280
3679,922970880
3680,923316480
3681,923662080
3682,924007680
3683,924353280
3684,924698880
3685,925044480
3686,925390080
3687,925735680
3688,926081280
3689,926426880
3690,926772480
3691,927118080
3692,927463680
3693,927809280
3694,928154880
3695,928500480
3696,928846080
3697,929191680
3698,929537280
3699,929882880
3700,930228480
3701,930574080
3702,930919680
3703,931265280
3704,931610880
3705,931956480
3706,932302080
3707,932647680
3708,932993280
3709,933338880
3710,933684480
3711,934030080
3712,934375680
3713,934725120
3714,935074560
3715,935424000
3716,935773440
3717,936122880
3718,936472320
3719,936821760
3720,937171200
3721,937520640
3722,937870080
3723,938219520
3724,938568960
3725,938918400
3726,939267840
3727,939617280
3728,939966720
3729,940316160
3730,940665600
3731,941015040
3732,941364480
3733,941713920
3734,942063360
3735,942412800
3736,942762240
3737,943111680
3738,943461120
3739,943810560
3740,944160000
3741,944509440
3742,944858880
3743,945208320
3744,945557760
3745,945907200
3746,946256640
3747,946606080
3748,946955520
3749,947304960
3750,947654400
3751,948003840
3752,948353280
3753,948702720
3754,949052160
3755,949401600
3756,949751040
3757,950100480
3758,950449920
3759,950799360
3760,951148800
3761,951498240
3762,951847680
3763,952197120
3764,952546560
3765,952896000
3766,953245440
3767,953594880
3768,953944320
3769,954293760
3770,954643200
3771,954992640
3772,955342080
3773,955691520
3774,956040960
3775,956390400
3776,956739840
3777,957089280
3778,957438720
3779,957788160
3780,958137600
3781,958487040
3782,958836480
3783,959185920
3784,959539200
3785,959892480
3786,960245760
3787,960599040
3788,960952320
3789,961305600
3790,961658880
3791,962012160
3792,962365440
3793,962718720
3794,963072000
3795,963425280
3796,963778560
3797,964131840
3798,964485120
3799,964838400
3800,965191680
3801,965544960
3802,965898240
3803,966251520
3804,966604800
3805,966958080
3806,967311360
3807,967664640
3808,968017920
3809,968371200
3810,968724480
3811,969077760
3812,969431040
3813,969784320
3814,970137600
3815,970490880
3816,970844160
3817,971197440
3818,971550720
3819,971904000
3820,972257280
3821,972610560
3822,972963840
3823,973317120
3824,973670400
3825,974023680
3826,974376960
3827,974730240
3828,975083520
3829,975436800
3830,975790080
3831,976143360
3832,976496640
3833,976849920
3834,977203200
3835,977556480
3836,977909760
3837,978263040
3838,978616320
3839,978969600
3840,979322880
3841,979676160
3842,980029440
3843,980382720
3844,980736000
3845,981089280
3846,981442560
3847,981795840
3848,982149120
3849,982502400
3850,982855680
3851,983208960
3852,983562240
3853,983915520
3854,984268800
3855,984622080
3856,984975360
3857,985328640
3858,985681920
3859,986035200
3860,986392320
3861,986749440
3862,987106560
3863,987463680
3864,987820800
3865,988177920
3866,988535040
3867,988892160
3868,989249280
3869,989606400
3870,989963520
3871,990320640
3872,990677760
3873,991034880
3874,991392000
3875,991749120
3876,992106240
3877,992463360
3878,992820480
3879,993177600
3880,993534720
3881,993891840
3882,994248960
3883,994606080
3884,994963200
3885,995320320
3886,995677440
3887,996034560
3888,996391680
3889,996748800
3890,997105920
3891,997463040
3892,997820160
3893,998177280
3894,998534400
3895,998891520
3896,999248640
3897,999605760
3898,999962880
3899,1000320000
3900,1000677120
3901,1001034240
3902,1001391360
3903,1001748480
3904,1002105600
3905,1002462720
3906,1002819840
3907,1003176960
3908,1003534080
3909,1003891200
3910,1004248320
3911,1004605440
3912,1004962560
3913,1005319680
3914,1005676800
3915,1006033920
3916,1006391040
3917,1006748160
3918,1007105280
3919,1007462400
3920,1007819520
3921,1008176640
3922,1008533760
3923,1008890880
3924,1009248000
3925,1009605120
3926,1009962240
3927,1010319360
3928,1010676480
3929,1011033600
3930,1011390720
3931,1011747840
3932,1012104960
3933,1012462080
3934,1012819200
3935,1013176320
3936,1013537280
3937,1013898240
3938,1014259200
3939,1014620160
3940,1014981120
3941,1015342080
3942,1015703040
3943,1016064000
3944,1016424960
3945,1016785920
3946,1017146880
3947,1017507840
3948,1017868800
3949,1018229760
3950,1018590720
3951,1018951680
3952,1019312640
3953,1019673600
3954,1020034560
3955,1020395520
3956,1020756480
3957,1021117440
3958,1021478400
3959,1021839360
3960,1022200320
3961,1022561280
3962,1022922240
3963,1023283200
3964,1023644160
3965,1024005120
3966,1024366080
3967,1024727040
3968,1025088000
3969,1025448960
3970,1025809920
3971,1026170880
3972,1026531840
3973,1026892800
3974,1027253760
3975,1027614720
3976,1027975680
3977,1028336640
3978,1028697600
3979,1029058560
3980,1029419520
3981,1029780480
3982,1030141440
3983,1030502400
3984,1030863360
3985,1031224320
3986,1031585280
3987,1031946240
3988,1032307200
3989,1032668160
3990,1033029120
3991,1033390080
3992,1033751040
3993,1034112000
3994,1034472960
3995,1034833920
3996,1035194880
3997,1035555840
3998,1035916800
3999,1036277760
4000,1036638720
4001,1036999680
4002,1037360640
4003,1037721600
4004,1038082560
4005,1038443520
4006,1038808320
4007,1039173120
4008,1039537920
4009,1039902720
4010,1040267520
4011,1040632320
4012,1040997120
4013,1041361920
4014,1041726720
4015,1042091520
4016,1042456320
4017,1042821120
4018,1043185920
4019,1043550720
4020,1043915520
4021,1044280320
4022,1044645120
4023,1045009920
4024,1045374720
4025,1045739520
4026,1046104320
4027,1046469120
4028,1046833920
4029,1047198720
4030,1047563520
4031,1047928320
4032,1048293120
4033,1048657920
4034,1049022720
4035,1049387520
4036,1049752320
4037,1050117120
4038,1050481920
4039,1050846720
4040,1051211520
4041,1051576320
4042,1051941120
4043,1052305920
4044,1052670720
4045,1053035520
4046,1053400320
4047,1053765120
4048,1054129920
4049,1054494720
4050,1054859520
4051,1055224320
4052,1055589120
4053,1055953920
4054,1056318720
4055,1056683520
4056,1057048320
4057,1057413120
4058,1057777920
4059,1058142720
4060,1058507520
4061,1058872320
4062,1059237120
4063,1059601920
4064,1059966720
4065,1060331520
4066,1060696320
4067,1061061120
4068,1061425920
4069,1061790720
4070,1062155520
4071,1062520320
4072,1062885120
4073,1063249920
4074,1063614720
4075,1063979520
4076,1064348160
4077,1064716800
4078,1065085440
4079,1065454080
4080,1065822720
4081,1066191360
4082,1066560000
4083,1066928640
4084,1067297280
4085,1067665920
4086,1068034560
4087,1068403200
4088,1068771840
4089,1069140480
4090,1069509120
4091,1069877760
4092,1070246400
4093,1070615040
4094,1070983680
4095,1071352320
4096,1071720960
4097,1072089600
4098,1072458240
4099,1072826880
4100,1073195520
4101,1073564160
4102,1073932800
4103,1074301440
4104,1074670080
4105,1075038720
4106,1075407360
4107,1075776000
4108,1076144640
4109,1076513280
4110,1076881920
4111,1077250560
4112,1077619200
4113,1077987840
4114,1078356480
4115,1078725120
4116,1079093760
4117,1079462400
4118,1079831040
4119,1080199680
4120,1080568320
4121,1080936960
4122,1081305600
4123,1081674240
4124,1082042880
4125,1082411520
4126,1082780160
4127,1083148800
4128,1083517440
4129,1083886080
4130,1084254720
4131,1084623360
4132,1084992000
4133,1085360640
4134,1085729280
4135,1086097920
4136,1086466560
4137,1086835200
4138,1087203840
4139,1087572480
4140,1087941120
4141,1088309760
4142,1088678400
4143,1089047040
4144,1089415680
4145,1089784320
4146,1090152960
4147,1090521600
4148,1090890240
4149,1091258880
4150,1091627520
4151,1091996160
4152,1092364800
4153,1092733440
4154,1093102080
4155,1093474560
4156,1093847040
4157,1094219520
4158,1094592000
4159,1094964480
4160,1095336960
4161,1095709440
4162,1096081920
4163,1096454400
4164,1096826880
4165,1097199360
4166,1097571840
4167,1097944320
4168,1098316800
4169,1098689280
4170,1099061760
4171,1099434240
4172,1099806720
4173,1100179200
4174,1100551680
4175,1100924160
4176,1101296640
4177,1101669120
4178,1102041600
4179,1102414080
4180,1102786560
4181,1103159040
4182,1103531520
4183,1103904000
4184,1104276480
4185,1104648960
4186,1105021440
4187,1105393920
4188,1105766400
4189,1106138880
4190,1106511360
4191,1106883840
4192,1107256320
4193,1107628800
4194,1108001280
4195,1108373760
4196,1108746240
4197,1109118720
4198,1109491200
4199,1109863680
4200,1110236160
4201,1110608640
4202,1110981120
4203,1111353600
4204,1111726080
4205,1112098560
4206,1112471040
4207,1112843520
4208,1113216000
4209,1113588480
4210,1113960960
4211,1114333440
4212,1114705920
4213,1115078400
4214,1115450880
4215,1115823360
4216,1116195840
4217,1116568320
4218,1116940800
4219,1117313280
4220,1117685760
4221,1118058240
4222,1118430720
4223,1118803200
4224,1119175680
4225,1119552000
4226,1119928320
4227,1120304640
4228,1120680960
4229,1121057280
4230,1121433600
4231,1121809920
4232,1122186240
4233,1122562560
4234,1122938880
4235,1123315200
4236,1123691520
4237,1124067840
4238,1124444160
4239,1124820480
4240,1125196800
4241,1125573120
4242,1125949440
4243,1126325760
4244,1126702080
4245,1127078400
4246,1127454720
4247,1127831040
4248,1128207360
4249,1128583680
4250,1128960000
4251,1129336320
4252,1129712640
4253,1130088960
4254,1130465280
4255,1130841600
4256,1131217920
4257,1131594240
4258,1131970560
4259,1132346880
4260,1132723200
4261,1133099520
4262,1133475840
4263,1133852160
4264,1134228480
4265,1134604800
4266,1134981120
4267,1135357440
4268,1135733760
4269,1136110080
4270,1136486400
4271,1136862720
4272,1137239040
4273,1137615360
4274,1137991680
4275,1138368000
4276,1138744320
4277,1139120640
4278,1139496960
4279,1139873280
4280,1140249600
4281,1140625920
4282,1141002240
4283,1141378560
4284,1141754880
4285,1142131200
4286,1142511360
4287,1142891520
4288,1143271680
4289,1143651840
4290,1144032000
4291,1144412160
4292,1144792320
4293,1145172480
4294,1145552640
4295,1145932800
4296,1146312960
4297,1146693120
4298,1147073280
4299,1147453440
4300,1147833600
4301,1148213760
4302,1148593920
4303,1148974080
4304,1149354240
4305,1149734400
4306,1150114560
4307,1150494720
4308,1150874880
4309,1151255040
4310,1151635200
4311,1152015360
4312,1152395520
4313,1152775680
4314,1153155840
4315,1153536000
4316,1153916160
4317,1154296320
4318,1154676480
4319,1155056640
4320,1155436800
4321,1155816960
4322,1156197120
4323,1156577280
4324,1156957440
4325,1157337600
4326,1157717760
4327,1158097920
4328,1158478080
4329,1158858240
4330,1159238400
4331,1159618560
4332,1159998720
4333,1160378880
4334,1160759040
4335,1161139200
4336,1161519360
4337,1161899520
4338,1162279680
4339,1162659840
4340,1163040000
4341,1163420160
4342,1163800320
4343,1164180480
4344,1164560640
4345,1164940800
4346,1165320960
4347,1165701120
4348,1166081280
4349,1166461440
4350,1166841600
4351,1167221760
4352,1167601920
4353,1167982080
4354,1168362240
4355,1168742400
4356,1169122560
4357,1169502720
4358,1169882880
4359,1170266880
4360,1170650880
4361,1171034880
4362,1171418880
4363,1171802880
4364,1172186880
4365,1172570880
4366,1172954880
4367,1173338880
4368,1173722880
4369,1174106880
4370,1174490880
4371,1174874880
4372,1175258880
4373,1175642880
4374,1176026880
4375,1176410880
4376,1176794880
4377,1177178880
4378,1177562880
4379,1177946880
4380,1178330880
4381,1178714880
4382,1179098880
4383,1179482880
4384,1179866880
4385,1180250880
4386,1180634880
4387,1181018880
4388,1181402880
4389,1181786880
4390,1182170880
4391,1182554880
4392,1182938880
4393,1183322880
4394,1183706880
4395,1184090880
4396,1184474880
4397,1184858880
4398,1185242880
4399,1185626880
4400,1186010880
4401,1186394880
4402,1186778880
4403,1187162880
4404,1187546880
4405,1187930880
4406,1188314880
4407,1188698880
4408,1189082880
4409,1189466880
4410,1189854720
4411,1190242560
4412,1190630400
4413,1191018240
4414,1191406080
4415,1191793920
4416,1192181760
4417,1192569600
4418,1192957440
4419,1193345280
4420,1193733120
4421,1194120960
4422,1194508800
4423,1194896640
4424,1195284480
4425,1195672320
4426,1196060160
4427,1196448000
4428,1196835840
4429,1197223680
4430,1197611520
4431,1197999360
4432,1198387200
4433,1198775040
4434,1199162880
4435,1199550720
4436,1199938560
4437,1200326400
4438,1200714240
4439,1201102080
4440,1201489920
4441,1201877760
4442,1202265600
4443,1202653440
4444,1203041280
4445,1203429120
4446,1203816960
4447,1204204800
4448,1204592640
4449,1204980480
4450,1205368320
4451,1205756160
4452,1206144000
4453,1206531840
4454,1206919680
4455,1207307520
4456,1207695360
4457,1208083200
4458,1208471040
4459,1208858880
4460,1209246720
4461,1209634560
4462,1210022400
4463,1210410240
4464,1210798080
4465,1211185920
4466,1211573760
4467,1211961600
4468,1212349440
4469,1212741120
4470,1213132800
4471,1213524480
4472,1213916160
4473,1214307840
4474,1214699520
4475,1215091200
4476,1215482880
4477,1215874560
4478,1216266240
4479,1216657920
4480,1217049600
4481,1217441280
4482,1217832960
4483,1218224640
4484,1218616320
4485,1219008000
4486,1219399680
4487,1219791360
4488,1220183040
4489,1220574720
4490,1220966400
4491,1221358080
4492,1221749760
4493,1222141440
4494,1222533120
4495,1222924800
4496,1223316480
4497,1223708160
4498,1224099840
4499,1224491520
4500,1224883200
4501,1225274880
4502,1225666560
4503,1226058240
4504,1226449920
4505,1226841600
4506,1227233280
4507,1227624960
4508,1228016640
4509,1228408320
4510,1228800000
4511,1229191680
4512,1229583360
4513,1229975040
4514,1230366720
4515,1230758400
4516,1231150080
4517,1231541760
4518,1231933440
4519,1232325120
4520,1232716800
4521,1233108480
4522,1233500160
4523,1233891840
4524,1234283520
4525,1234675200
4526,1235066880
4527,1235458560
4528,1235850240
4529,1236241920
4530,1236633600
4531,1237025280
4532,1237416960
4533,1237808640
4534,1238200320
4535,1238592000
4536,1238983680
4537,1239375360
4538,1239770880
4539,1240166400
4540,1240561920
4541,1240957440
4542,1241352960
4543,1241748480
4544,1242144000
4545,1242539520
4546,1242935040
4547,1243330560
4548,1243726080
4549,1244121600
4550,1244517120
4551,1244912640
4552,1245308160
4553,1245703680
4554,1246099200
4555,1246494720
4556,1246890240
4557,1247285760
4558,1247681280
4559,1248076800
4560,1248472320
4561,1248867840
4562,1249263360
4563,1249658880
4564,1250054400
4565,1250449920
4566,1250845440
4567,1251240960
4568,1251636480
4569,1252032000
4570,1252427520
4571,1252823040
4572,1253218560
4573,1253614080
4574,1254009600
4575,1254405120
4576,1254800640
4577,1255196160
4578,1255591680
4579,1255987200
4580,1256382720
4581,1256778240
4582,1257173760
4583,1257569280
4584,1257964800
4585,1258360320
4586,1258755840
4587,1259151360
4588,1259546880
4589,1259942400
4590,1260337920
4591,1260737280
4592,1261136640
4593,1261536000
4594,1261935360
4595,1262334720
4596,1262734080
4597,1263133440
4598,1263532800
4599,1263932160
4600,1264331520
4601,1264730880
4602,1265130240
4603,1265529600
4604,1265928960
4605,1266328320
4606,1266727680
4607,1267127040
4608,1267526400
4609,1267925760
4610,1268325120
4611,1268724480
4612,1269123840
4613,1269523200
4614,1269922560
4615,1270321920
4616,1270721280
4617,1271120640
4618,1271520000
4619,1271919360
4620,1272318720
4621,1272718080
4622,1273117440
4623,1273516800
4624,1273916160
4625,1274315520
4626,1274714880
4627,1275114240
4628,1275513600
4629,1275912960
4630,1276312320
4631,1276711680
4632,1277111040
4633,1277510400
4634,1277909760
4635,1278309120
4636,1278708480
4637,1279107840
4638,1279507200
4639,1279906560
4640,1280305920
4641,1280705280
4642,1281104640
4643,1281504000
4644,1281903360
4645,1282302720
4646,1282702080
4647,1283101440
4648,1283500800
4649,1283900160
4650,1284299520
4651,1284698880
4652,1285098240
4653,1285497600
4654,1285900800
4655,1286304000
4656,1286707200
4657,1287110400
4658,1287513600
4659,1287916800
4660,1288320000
4661,1288723200
4662,1289126400
4663,1289529600
4664,1289932800
4665,1290336000
4666,1290739200
4667,1291142400
4668,1291545600
4669,1291948800
4670,1292352000
4671,1292755200
4672,1293158400
4673,1293561600
4674,1293964800
4675,1294368000
4676,1294771200
4677,1295174400
4678,1295577600
4679,1295980800
4680,1296384000
4681,1296787200
4682,1297190400
4683,1297593600
4684,1297996800
4685,1298400000
4686,1298803200
4687,1299206400
4688,1299609600
4689,1300012800
4690,1300416000
4691,1300819200
4692,1301222400
4693,1301625600
4694,1302028800
4695,1302432000
4696,1302835200
4697,1303238400
4698,1303641600
4699,1304044800
4700,1304448000
4701,1304851200
4702,1305254400
4703,1305657600
4704,1306060800
4705,1306464000
4706,1306871040
4707,1307278080
4708,1307685120
4709,1308092160
4710,1308499200
4711,1308906240
4712,1309313280
4713,1309720320
4714,1310127360
4715,1310534400
4716,1310941440
4717,1311348480
4718,1311755520
4719,1312162560
4720,1312569600
4721,1312976640
4722,1313383680
4723,1313790720
4724,1314197760
4725,1314604800
4726,1315011840
4727,1315418880
4728,1315825920
4729,1316232960
4730,1316640000
4731,1317047040
4732,1317454080
4733,1317861120
4734,1318268160
4735,1318675200
4736,1319082240
4737,1319489280
4738,1319896320
4739,1320303360
4740,1320710400
4741,1321117440
4742,1321524480
4743,1321931520
4744,1322338560
4745,1322745600
4746,1323152640
4747,1323559680
4748,1323966720
4749,1324373760
4750,1324780800
4751,1325187840
4752,1325594880
4753,1326001920
4754,1326408960
4755,1326816000
4756,1327223040
4757,1327630080
4758,1328037120
4759,1328444160
4760,1328851200
4761,1329258240
4762,1329665280
4763,1330072320
4764,1330479360
4765,1330890240
4766,1331301120
4767,1331712000
4768,1332122880
4769,1332533760
4770,1332944640
4771,1333355520
4772,1333766400
4773,1334177280
4774,1334588160
4775,1334999040
4776,1335409920
4777,1335820800
4778,1336231680
4779,1336642560
4780,1337053440
4781,1337464320
4782,1337875200
4783,1338286080
4784,1338696960
4785,1339107840
4786,1339518720
4787,1339929600
4788,1340340480
4789,1340751360
4790,1341162240
4791,1341573120
4792,1341984000
4793,1342394880
4794,1342805760
4795,1343216640
4796,1343627520
4797,1344038400
4798,1344449280
4799,1344860160
4800,1345271040
4801,1345681920
4802,1346092800
4803,1346503680
4804,1346914560
4805,1347325440
4806,1347736320
4807,1348147200
4808,1348558080
4809,1348968960
4810,1349379840
4811,1349790720
4812,1350201600
4813,1350612480
4814,1351023360
4815,1351434240
4816,1351845120
4817,1352256000
4818,1352666880
4819,1353077760
4820,1353488640
4821,1353899520
4822,1354310400
4823,1354721280
4824,1355132160
4825,1355543040
4826,1355953920
4827,1356364800
4828,1356775680
4829,1357186560
4830,1357597440
4831,1358008320
4832,1358419200
4833,1358830080
4834,1359244800
4835,1359659520
4836,1360074240
4837,1360488960
4838,1360903680
4839,1361318400
4840,1361733120
4841,1362147840
4842,1362562560
4843,1362977280
4844,1363392000
4845,1363806720
4846,1364221440
4847,1364636160
4848,1365050880
4849,1365465600
4850,1365880320
4851,1366295040
4852,1366709760
4853,1367124480
4854,1367539200
4855,1367953920
4856,1368368640
4857,1368783360
4858,1369198080
4859,1369612800
4860,1370027520
4861,1370442240
4862,1370856960
4863,1371271680
4864,1371686400
4865,1372101120
4866,1372515840
4867,1372930560
4868,1373345280
4869,1373760000
4870,1374174720
4871,1374589440
4872,1375004160
4873,1375418880
4874,1375833600
4875,1376248320
4876,1376663040
4877,1377077760
4878,1377492480
4879,1377907200
4880,1378321920
4881,1378736640
4882,1379151360
4883,1379566080
4884,1379980800
4885,1380395520
4886,1380810240
4887,1381224960
4888,1381639680
4889,1382054400
4890,1382469120
4891,1382883840
4892,1383298560
4893,1383713280
4894,1384128000
4895,1384542720
4896,1384957440
4897,1385372160
4898,1385786880
4899,1386201600
4900,1386620160
4901,1387038720
4902,1387457280
4903,1387875840
4904,1388294400
4905,1388712960
4906,1389131520
4907,1389550080
4908,1389968640
4909,1390387200
4910,1390805760
4911,1391224320
4912,1391642880
4913,1392061440
4914,1392480000
4915,1392898560
4916,1393317120
4917,1393735680
4918,1394154240
4919,1394572800
4920,1394991360
4921,1395409920
4922,1395828480
4923,1396247040
4924,1396665600
4925,1397084160
4926,1397502720
4927,1397921280
4928,1398339840
4929,1398758400
4930,1399176960
4931,1399595520
4932,1400014080
4933,1400432640
4934,1400851200
4935,1401269760
4936,1401688320
4937,1402106880
4938,1402525440
4939,1402944000
4940,1403362560
4941,1403781120
4942,1404199680
4943,1404618240
4944,1405036800
4945,1405455360
4946,1405873920
4947,1406292480
4948,1406711040
4949,1407129600
4950,1407548160
4951,1407966720
4952,1408385280
4953,1408803840
4954,1409222400
4955,1409644800
4956,1410067200
4957,1410489600
4958,1410912000
4959,1411334400
4960,1411756800
4961,1412179200
4962,1412601600
4963,1413024000
4964,1413446400
4965,1413868800
4966,1414291200
4967,1414713600
4968,1415136000
4969,1415558400
4970,1415980800
4971,1416403200
4972,1416825600
4973,1417248000
4974,1417670400
4975,1418092800
4976,1418515200
4977,1418937600
4978,1419360000
4979,1419782400
4980,1420204800
4981,1420627200
4982,1421049600
4983,1421472000
4984,1421894400
4985,1422316800
4986,1422739200
4987,1423161600
4988,1423584000
4989,1424006400
4990,1424428800
4991,1424851200
4992,1425273600
4993,1425696000
4994,1426118400
4995,1426540800
4996,1426963200
4997,1427385600
4998,1427808000
4999,1428230400
5000,1428652800
5001,1429075200
5002,1429497600
5003,1429920000
5004,1430342400
5005,1430764800
5006,1431187200
5007,1431609600
5008,1432032000
5009,1432454400
5010,1432876800
5011,1433299200
5012,1433721600
5013,1434144000
5014,1434566400
5015,1434988800
5016,1435411200
5017,1435833600
5018,1436256000
5019,1436678400
5020,1437100800
5021,1437523200
5022,1437945600
5023,1438368000
5024,1438790400
5025,1439212800
5026,1439635200
5027,1440057600
5028,1440480000
5029,1440902400
5030,1441324800
5031,1441747200
5032,1442169600
5033,1442592000
5034,1443014400
5035,1443436800
5036,1443859200
5037,1444281600
5038,1444704000
5039,1445126400
5040,1445548800
5041,1445971200
5042,1446393600
5043,1446816000
5044,1447238400
5045,1447660800
5046,1448083200
5047,1448505600
5048,1448928000
5049,1449350400
5050,1449772800
5051,1450195200
5052,1450617600
5053,1451040000
5054,1451462400
5055,1451884800
5056,1452307200
5057,1452729600
5058,1453152000
5059,1453574400
5060,1453996800
5061,1454419200
5062,1454841600
5063,1455264000
5064,1455686400
5065,1456108800
5066,1456531200
5067,1456953600
5068,1457376000
5069,1457798400
5070,1458220800
5071,1458643200
5072,1459065600
5073,1459488000
5074,1459910400
5075,1460332800
5076,1460755200
5077,1461177600
5078,1461600000
5079,1462026240
5080,1462452480
5081,1462878720
5082,1463304960
5083,1463731200
5084,1464157440
5085,1464583680
5086,1465009920
5087,1465436160
5088,1465862400
5089,1466288640
5090,1466714880
5091,1467141120
5092,1467567360
5093,1467993600
5094,1468419840
5095,1468846080
5096,1469272320
5097,1469698560
5098,1470124800
5099,1470551040
5100,1470977280
5101,1471403520
5102,1471829760
5103,1472256000
5104,1472682240
5105,1473108480
5106,1473534720
5107,1473960960
5108,1474387200
5109,1474813440
5110,1475239680
5111,1475665920
5112,1476092160
5113,1476518400
5114,1476944640
5115,1477370880
5116,1477797120
5117,1478223360
5118,1478649600
5119,1479075840
5120,1479502080
5121,1479928320
5122,1480354560
5123,1480780800
5124,1481207040
5125,1481633280
5126,1482059520
5127,1482485760
5128,1482912000
5129,1483338240
5130,1483764480
5131,1484190720
5132,1484616960
5133,1485043200
5134,1485469440
5135,1485895680
5136,1486321920
5137,1486748160
5138,1487174400
5139,1487600640
5140,1488026880
5141,1488453120
5142,1488879360
5143,1489305600
5144,1489731840
5145,1490161920
5146,1490592000
5147,1491022080
5148,1491452160
5149,1491882240
5150,1492312320
5151,1492742400
5152,1493172480
5153,1493602560
5154,1494032640
5155,1494462720
5156,1494892800
5157,1495322880
5158,1495752960
5159,1496183040
5160,1496613120
5161,1497043200
5162,1497473280
5163,1497903360
5164,1498333440
5165,1498763520
5166,1499193600
5167,1499623680
5168,1500053760
5169,1500483840
5170,1500913920
5171,1501344000
5172,1501774080
5173,1502204160
5174,1502634240
5175,1503064320
5176,1503494400
5177,1503924480
5178,1504354560
5179,1504784640
5180,1505214720
5181,1505644800
5182,1506074880
5183,1506504960
5184,1506935040
5185,1507365120
5186,1507795200
5187,1508225280
5188,1508655360
5189,1509085440
5190,1509515520
5191,1509945600
5192,1510375680
5193,1510805760
5194,1511235840
5195,1511665920
5196,1512096000
5197,1512529920
5198,1512963840
5199,1513397760
5200,1513831680
5201,1514265600
5202,1514699520
5203,1515133440
5204,1515567360
5205,1516001280
5206,1516435200
5207,1516869120
5208,1517303040
5209,1517736960
5210,1518170880
5211,1518604800
5212,1519038720
5213,1519472640
5214,1519906560
5215,1520340480
5216,1520774400
5217,1521208320
5218,1521642240
5219,1522076160
5220,1522510080
5221,1522944000
5222,1523377920
5223,1523811840
5224,1524245760
5225,1524679680
5226,1525113600
5227,1525547520
5228,1525981440
5229,1526415360
5230,1526849280
5231,1527283200
5232,1527717120
5233,1528151040
5234,1528584960
5235,1529018880
5236,1529452800
5237,1529886720
5238,1530320640
5239,1530754560
5240,1531188480
5241,1531622400
5242,1532056320
5243,1532490240
5244,1532924160
5245,1533358080
5246,1533792000
5247,1534225920
5248,1534659840
5249,1535093760
5250,1535527680
5251,1535961600
5252,1536395520
5253,1536829440
5254,1537263360
5255,1537697280
5256,1538135040
5257,1538572800
5258,1539010560
5259,1539448320
5260,1539886080
5261,1540323840
5262,1540761600
5263,1541199360
5264,1541637120
5265,1542074880
5266,1542512640
5267,1542950400
5268,1543388160
5269,1543825920
5270,1544263680
5271,1544701440
5272,1545139200
5273,1545576960
5274,1546014720
5275,1546452480
5276,1546890240
5277,1547328000
5278,1547765760
5279,1548203520
5280,1548641280
5281,1549079040
5282,1549516800
5283,1549954560
5284,1550392320
5285,1550830080
5286,1551267840
5287,1551705600
5288,1552143360
5289,1552581120
5290,1553018880
5291,1553456640
5292,1553894400
5293,1554332160
5294,1554769920
5295,1555207680
5296,1555645440
5297,1556083200
5298,1556520960
5299,1556958720
5300,1557396480
5301,1557834240
5302,1558272000
5303,1558709760
5304,1559147520
5305,1559585280
5306,1560023040
5307,1560460800
5308,1560898560
5309,1561336320
5310,1561774080
5311,1562211840
5312,1562649600
5313,1563087360
5314,1563525120
5315,1563962880
5316,1564400640
5317,1564838400
5318,1565276160
5319,1565717760
5320,1566159360
5321,1566600960
5322,1567042560
5323,1567484160
5324,1567925760
5325,1568367360
5326,1568808960
5327,1569250560
5328,1569692160
5329,1570133760
5330,1570575360
5331,1571016960
5332,1571458560
5333,1571900160
5334,1572341760
5335,1572783360
5336,1573224960
5337,1573666560
5338,1574108160
5339,1574549760
5340,1574991360
5341,1575432960
5342,1575874560
5343,1576316160
5344,1576757760
5345,1577199360
5346,1577640960
5347,1578082560
5348,1578524160
5349,1578965760
5350,1579407360
5351,1579848960
5352,1580290560
5353,1580732160
5354,1581173760
5355,1581615360
5356,1582056960
5357,1582498560
5358,1582940160
5359,1583381760
5360,1583823360
5361,1584264960
5362,1584706560
5363,1585148160
5364,1585589760
5365,1586031360
5366,1586472960
5367,1586914560
5368,1587356160
5369,1587797760
5370,1588239360
5371,1588680960
5372,1589122560
5373,1589564160
5374,1590005760
5375,1590447360
5376,1590888960
5377,1591330560
5378,1591772160
5379,1592213760
5380,1592655360
5381,1593096960
5382,1593538560
5383,1593980160
5384,1594421760
5385,1594863360
5386,1595304960
5387,1595746560
5388,1596188160
5389,1596633600
5390,1597079040
5391,1597524480
5392,1597969920
5393,1598415360
5394,1598860800
5395,1599306240
5396,1599751680
5397,1600197120
5398,1600642560
5399,1601088000
5400,1601533440
5401,1601978880
5402,1602424320
5403,1602869760
5404,1603315200
5405,1603760640
5406,1604206080
5407,1604651520
5408,1605096960
5409,1605542400
5410,1605987840
5411,1606433280
5412,1606878720
5413,1607324160
5414,1607769600
5415,1608215040
5416,1608660480
5417,1609105920
5418,1609551360
5419,1609996800
5420,1610442240
5421,1610887680
5422,1611333120
5423,1611778560
5424,1612224000
5425,1612669440
5426,1613114880
5427,1613560320
5428,1614005760
5429,1614451200
5430,1614896640
5431,1615342080
5432,1615787520
5433,1616232960
5434,1616678400
5435,1617123840
5436,1617569280
5437,1618014720
5438,1618460160
5439,1618905600
5440,1619351040
5441,1619796480
5442,1620241920
5443,1620687360
5444,1621132800
5445,1621578240
5446,1622023680
5447,1622469120
5448,1622918400
5449,1623367680
5450,1623816960
5451,1624266240
5452,1624715520
5453,1625164800
5454,1625614080
5455,1626063360
5456,1626512640
5457,1626961920
5458,1627411200
5459,1627860480
5460,1628309760
5461,1628759040
5462,1629208320
5463,1629657600
5464,1630106880
5465,1630556160
5466,1631005440
5467,1631454720
5468,1631904000
5469,1632353280
5470,1632802560
5471,1633251840
5472,1633701120
5473,1634150400
5474,1634599680
5475,1635048960
5476,1635498240
5477,1635947520
5478,1636396800
5479,1636846080
5480,1637295360
5481,1637744640
5482,1638193920
5483,1638643200
5484,1639092480
5485,1639541760
5486,1639991040
5487,1640440320
5488,1640889600
5489,1641338880
5490,1641788160
5491,1642237440
5492,1642686720
5493,1643136000
5494,1643585280
5495,1644034560
5496,1644483840
5497,1644933120
5498,1645386240
5499,1645839360
5500,1646292480
5501,1646745600
5502,1647198720
5503,1647651840
5504,1648104960
5505,1648558080
5506,1649011200
5507,1649464320
5508,1649917440
5509,1650370560
5510,1650823680
5511,1651276800
5512,1651729920
5513,1652183040
5514,1652636160
5515,1653089280
5516,1653542400
5517,1653995520
5518,1654448640
5519,1654901760
5520,1655354880
5521,1655808000
5522,1656261120
5523,1656714240
5524,1657167360
5525,1657620480
5526,1658073600
5527,1658526720
5528,1658979840
5529,1659432960
5530,1659886080
5531,1660339200
5532,1660792320
5533,1661245440
5534,1661698560
5535,1662151680
5536,1662604800
5537,1663057920
5538,1663511040
5539,1663964160
5540,1664417280
5541,1664870400
5542,1665323520
5543,1665776640
5544,1666229760
5545,1666682880
5546,1667136000
5547,1667589120
5548,1668042240
5549,1668495360
5550,1668948480
5551,1669401600
5552,1669854720
5553,1670311680
5554,1670768640
5555,1671225600
5556,1671682560
5557,1672139520
5558,1672596480
5559,1673053440
5560,1673510400
5561,1673967360
5562,1674424320
5563,1674881280
5564,1675338240
5565,1675795200
5566,1676252160
5567,1676709120
5568,1677166080
5569,1677623040
5570,1678080000
5571,1678536960
5572,1678993920
5573,1679450880
5574,1679907840
5575,1680364800
5576,1680821760
5577,1681278720
5578,1681735680
5579,1682192640
5580,1682649600
5581,1683106560
5582,1683563520
5583,1684020480
5584,1684477440
5585,1684934400
5586,1685391360
5587,1685848320
5588,1686305280
5589,1686762240
5590,1687219200
5591,1687676160
5592,1688133120
5593,1688590080
5594,1689047040
5595,1689504000
5596,1689960960
5597,1690417920
5598,1690874880
5599,1691331840
5600,1691788800
5601,1692245760
5602,1692702720
5603,1693159680
5604,1693616640
5605,1694073600
5606,1694530560
5607,1694987520
5608,1695444480
5609,1695901440
5610,1696358400
5611,1696815360
5612,1697272320
5613,1697733120
5614,1698193920
5615,1698654720
5616,1699115520
5617,1699576320
5618,1700037120
5619,1700497920
5620,1700958720
5621,1701419520
5622,1701880320
5623,1702341120
5624,1702801920
5625,1703262720
5626,1703723520
5627,1704184320
5628,1704645120
5629,1705105920
5630,1705566720
5631,1706027520
5632,1706488320
5633,1706949120
5634,1707409920
5635,1707870720
5636,1708331520
5637,1708792320
5638,1709253120
5639,1709713920
5640,1710174720
5641,1710635520
5642,1711096320
5643,1711557120
5644,1712017920
5645,1712478720
5646,1712939520
5647,1713400320
5648,1713861120
5649,1714321920
5650,1714782720
5651,1715243520
5652,1715704320
5653,1716165120
5654,1716625920
5655,1717086720
5656,1717547520
5657,1718008320
5658,1718469120
5659,1718929920
5660,1719390720
5661,1719851520
5662,1720312320
5663,1720773120
5664,1721233920
5665,1721694720
5666,1722155520
5667,1722616320
5668,1723077120
5669,1723537920
5670,1723998720
5671,1724459520
5672,1724920320
5673,1725381120
5674,1725841920
5675,1726302720
5676,1726767360
5677,1727232000
5678,1727696640
5679,1728161280
5680,1728625920
5681,1729090560
5682,1729555200
5683,1730019840
5684,1730484480
5685,1730949120
5686,1731413760
5687,1731878400
5688,1732343040
5689,1732807680
5690,1733272320
5691,1733736960
5692,1734201600
5693,1734666240
5694,1735130880
5695,1735595520
5696,1736060160
5697,1736524800
5698,1736989440
5699,1737454080
5700,1737918720
5701,1738383360
5702,1738848000
5703,1739312640
5704,1739777280
5705,1740241920
5706,1740706560
5707,1741171200
5708,1741635840
5709,1742100480
5710,1742565120
5711,1743029760
5712,1743494400
5713,1743959040
5714,1744423680
5715,1744888320
5716,1745352960
5717,1745817600
5718,1746282240
5719,1746746880
5720,1747211520
5721,1747676160
5722,1748140800
5723,1748605440
5724,1749070080
5725,1749534720
5726,1749999360
5727,1750464000
5728,1750928640
5729,1751393280
5730,1751857920
5731,1752322560
5732,1752787200
5733,1753251840
5734,1753716480
5735,1754181120
5736,1754645760
5737,1755110400
5738,1755575040
5739,1756039680
5740,1756504320
5741,1756968960
5742,1757433600
5743,1757898240
5744,1758362880
5745,1758827520
5746,1759296000
5747,1759764480
5748,1760232960
5749,1760701440
5750,1761169920
5751,1761638400
5752,1762106880
5753,1762575360
5754,1763043840
5755,1763512320
5756,1763980800
5757,1764449280
5758,1764917760
5759,1765386240
5760,1765854720
5761,1766323200
5762,1766791680
5763,1767260160
5764,1767728640
5765,1768197120
5766,1768665600
5767,1769134080
5768,1769602560
5769,1770071040
5770,1770539520
5771,1771008000
5772,1771476480
5773,1771944960
5774,1772413440
5775,1772881920
5776,1773350400
5777,1773818880
5778,1774287360
5779,1774755840
5780,1775224320
5781,1775692800
5782,1776161280
5783,1776629760
5784,1777098240
5785,1777566720
5786,1778035200
5787,1778503680
5788,1778972160
5789,1779440640
5790,1779909120
5791,1780377600
5792,1780846080
5793,1781314560
5794,1781783040
5795,1782251520
5796,1782720000
5797,1783188480
5798,1783656960
5799,1784125440
5800,1784593920
5801,1785062400
5802,1785534720
5803,1786007040
5804,1786479360
5805,1786951680
5806,1787424000
5807,1787896320
5808,1788368640
5809,1788840960
5810,1789313280
5811,1789785600
5812,1790257920
5813,1790730240
5814,1791202560
5815,1791674880
5816,1792147200
5817,1792619520
5818,1793091840
5819,1793564160
5820,1794036480
5821,1794508800
5822,1794981120
5823,1795453440
5824,1795925760
5825,1796398080
5826,1796870400
5827,1797342720
5828,1797815040
5829,1798287360
5830,1798759680
5831,1799232000
5832,1799704320
5833,1800176640
5834,1800648960
5835,1801121280
5836,1801593600
5837,1802065920
5838,1802538240
5839,1803010560
5840,1803482880
5841,1803955200
5842,1804427520
5843,1804899840
5844,1805372160
5845,1805844480
5846,1806316800
5847,1806789120
5848,1807261440
5849,1807733760
5850,1808206080
5851,1808678400
5852,1809150720
5853,1809623040
5854,1810095360
5855,1810567680
5856,1811040000
5857,1811512320
5858,1811984640
5859,1812456960
5860,1812929280
5861,1813401600
5862,1813873920
5863,1814346240
5864,1814818560
5865,1815290880
5866,1815763200
5867,1816235520
5868,1816707840
5869,1817180160
5870,1817652480
5871,1818128640
5872,1818604800
5873,1819080960
5874,1819557120
5875,1820033280
5876,1820509440
5877,1820985600
5878,1821461760
5879,1821937920
5880,1822414080
5881,1822890240
5882,1823366400
5883,1823842560
5884,1824318720
5885,1824794880
5886,1825271040
5887,1825747200
5888,1826223360
5889,1826699520
5890,1827175680
5891,1827651840
5892,1828128000
5893,1828604160
5894,1829080320
5895,1829556480
5896,1830032640
5897,1830508800
5898,1830984960
5899,1831461120
5900,1831937280
5901,1832413440
5902,1832889600
5903,1833365760
5904,1833841920
5905,1834318080
5906,1834794240
5907,1835270400
5908,1835746560
5909,1836222720
5910,1836698880
5911,1837175040
5912,1837655040
5913,1838135040
5914,1838615040
5915,1839095040
5916,1839575040
5917,1840055040
5918,1840535040
5919,1841015040
5920,1841495040
5921,1841975040
5922,1842455040
5923,1842935040
5924,1843415040
5925,1843895040
5926,1844375040
5927,1844855040
5928,1845335040
5929,1845815040
5930,1846295040
5931,1846775040
5932,1847255040
5933,1847735040
5934,1848215040
5935,1848695040
5936,1849175040
5937,1849655040
5938,1850135040
5939,1850615040
5940,1851095040
5941,1851575040
5942,1852055040
5943,1852535040
5944,1853015040
5945,1853495040
5946,1853975040
5947,1854455040
5948,1854935040
5949,1855415040
5950,1855895040
5951,1856375040
5952,1856855040
5953,1857335040
5954,1857815040
5955,1858295040
5956,1858775040
5957,1859255040
5958,1859735040
5959,1860215040
5960,1860695040
5961,1861175040
5962,1861655040
5963,1862135040
5964,1862615040
5965,1863095040
5966,1863575040
5967,1864055040
5968,1864535040
5969,1865015040
5970,1865495040
5971,1865975040
5972,1866455040
5973,1866935040
5974,1867418880
5975,1867902720
5976,1868386560
5977,1868870400
5978,1869354240
5979,1869838080
5980,1870321920
5981,1870805760
5982,1871289600
5983,1871773440
5984,1872257280
5985,1872741120
5986,1873224960
5987,1873708800
5988,1874192640
5989,1874676480
5990,1875160320
5991,1875644160
5992,1876128000
5993,1876611840
5994,1877095680
5995,1877579520
5996,1878063360
5997,1878547200
5998,1879031040
5999,1879514880
6000,1879998720
6001,1880482560
6002,1880966400
6003,1881450240
6004,1881934080
6005,1882417920
6006,1882901760
6007,1883385600
6008,1883869440
6009,1884353280
6010,1884837120
6011,1885320960
6012,1885804800
6013,1886288640
6014,1886772480
6015,1887256320
6016,1887740160
6017,1888224000
6018,1888707840
6019,1889191680
6020,1889675520
6021,1890159360
6022,1890643200
6023,1891127040
6024,1891610880
6025,1892094720
6026,1892578560
6027,1893062400
6028,1893546240
6029,1894033920
6030,1894521600
6031,1895009280
6032,1895496960
6033,1895984640
6034,1896472320
6035,1896960000
6036,1897447680
6037,1897935360
6038,1898423040
6039,1898910720
6040,1899398400
6041,1899886080
6042,1900373760
6043,1900861440
6044,1901349120
6045,1901836800
6046,1902324480
6047,1902812160
6048,1903299840
6049,1903787520
6050,1904275200
6051,1904762880
6052,1905250560
6053,1905738240
6054,1906225920
6055,1906713600
6056,1907201280
6057,1907688960
6058,1908176640
6059,1908664320
6060,1909152000
6061,1909639680
6062,1910127360
6063,1910615040
6064,1911102720
6065,1911590400
6066,1912078080
6067,1912565760
6068,1913053440
6069,1913541120
6070,1914028800
6071,1914516480
6072,1915004160
6073,1915491840
6074,1915979520
6075,1916467200
6076,1916954880
6077,1917442560
6078,1917930240
6079,1918417920
6080,1918905600
6081,1919393280
6082,1919880960
6083,1920368640
6084,1920856320
6085,1921344000
6086,1921831680
6087,1922319360
6088,1922810880
6089,1923302400
6090,1923793920
6091,1924285440
6092,1924776960
6093,1925268480
6094,1925760000
6095,1926251520
6096,1926743040
6097,1927234560
6098,1927726080
6099,1928217600
6100,1928709120
6101,1929200640
6102,1929692160
6103,1930183680
6104,1930675200
6105,1931166720
6106,1931658240
6107,1932149760
6108,1932641280
6109,1933132800
6110,1933624320
6111,1934115840
6112,1934607360
6113,1935098880
6114,1935590400
6115,1936081920
6116,1936573440
6117,1937064960
6118,1937556480
6119,1938048000
6120,1938539520
6121,1939031040
6122,1939522560
6123,1940014080
6124,1940505600
6125,1940997120
6126,1941488640
6127,1941980160
6128,1942471680
6129,1942963200
6130,1943454720
6131,1943946240
6132,1944437760
6133,1944929280
6134,1945420800
6135,1945912320
6136,1946403840
6137,1946895360
6138,1947386880
6139,1947878400
6140,1948369920
6141,1948861440
6142,1949352960
6143,1949844480
6144,1950336000
6145,1950827520
6146,1951319040
6147,1951810560
6148,1952305920
6149,1952801280
6150,1953296640
6151,1953792000
6152,1954287360
6153,1954782720
6154,1955278080
6155,1955773440
6156,1956268800
6157,1956764160
6158,1957259520
6159,1957754880
6160,1958250240
6161,1958745600
6162,1959240960
6163,1959736320
6164,1960231680
6165,1960727040
6166,1961222400
6167,1961717760
6168,1962213120
6169,1962708480
6170,1963203840
6171,1963699200
6172,1964194560
6173,1964689920
6174,1965185280
6175,1965680640
6176,1966176000
6177,1966671360
6178,1967166720
6179,1967662080
6180,1968157440
6181,1968652800
6182,1969148160
6183,1969643520
6184,1970138880
6185,1970634240
6186,1971129600
6187,1971624960
6188,1972120320
6189,1972615680
6190,1973111040
6191,1973606400
6192,1974101760
6193,1974597120
6194,1975092480
6195,1975587840
6196,1976083200
6197,1976578560
6198,1977073920
6199,1977569280
6200,1978068480
6201,1978567680
6202,1979066880
6203,1979566080
6204,1980065280
6205,1980564480
6206,1981063680
6207,1981562880
6208,1982062080
6209,1982561280
6210,1983060480
6211,1983559680
6212,1984058880
6213,1984558080
6214,1985057280
6215,1985556480
6216,1986055680
6217,1986554880
6218,1987054080
6219,1987553280
6220,1988052480
6221,1988551680
6222,1989050880
6223,1989550080
6224,1990049280
6225,1990548480
6226,1991047680
6227,1991546880
6228,1992046080
6229,1992545280
6230,1993044480
6231,1993543680
6232,1994042880
6233,1994542080
6234,1995041280
6235,1995540480
6236,1996039680
6237,1996538880
6238,1997038080
6239,1997537280
6240,1998036480
6241,1998535680
6242,1999034880
6243,1999534080
6244,2000033280
6245,2000532480
6246,2001031680
6247,2001530880
6248,2002030080
6249,2002529280
6250,2003028480
6251,2003531520
6252,2004034560
6253,2004537600
6254,2005040640
6255,2005543680
6256,2006046720
6257,2006549760
6258,2007052800
6259,2007555840
6260,2008058880
6261,2008561920
6262,2009064960
6263,2009568000
6264,2010071040
6265,2010574080
6266,2011077120
6267,2011580160
6268,2012083200
6269,2012586240
6270,2013089280
6271,2013592320
6272,2014095360
6273,2014598400
6274,2015101440
6275,2015604480
6276,2016107520
6277,2016610560
6278,2017113600
6279,2017616640
6280,2018119680
6281,2018622720
6282,2019125760
6283,2019628800
6284,2020131840
6285,2020634880
6286,2021137920
6287,2021640960
6288,2022144000
6289,2022647040
6290,2023150080
6291,2023653120
6292,2024156160
6293,2024659200
6294,2025162240
6295,2025665280
6296,2026168320
6297,2026671360
6298,2027174400
6299,2027677440
6300,2028184320
6301,2028691200
6302,2029198080
6303,2029704960
6304,2030211840
6305,2030718720
6306,2031225600
6307,2031732480
6308,2032239360
6309,2032746240
6310,2033253120
6311,2033760000
6312,2034266880
6313,2034773760
6314,2035280640
6315,2035787520
6316,2036294400
6317,2036801280
6318,2037308160
6319,2037815040
6320,2038321920
6321,2038828800
6322,2039335680
6323,2039842560
6324,2040349440
6325,2040856320
6326,2041363200
6327,2041870080
6328,2042376960
6329,2042883840
6330,2043390720
6331,2043897600
6332,2044404480
6333,2044911360
6334,2045418240
6335,2045925120
6336,2046432000
6337,2046938880
6338,2047445760
6339,2047952640
6340,2048459520
6341,2048966400
6342,2049473280
6343,2049980160
6344,2050487040
6345,2050993920
6346,2051500800
6347,2052011520
6348,2052522240
6349,2053032960
6350,2053543680
6351,2054054400
6352,2054565120
6353,2055075840
6354,2055586560
6355,2056097280
6356,2056608000
6357,2057118720
6358,2057629440
6359,2058140160
6360,2058650880
6361,2059161600
6362,2059672320
6363,2060183040
6364,2060693760
6365,2061204480
6366,2061715200
6367,2062225920
6368,2062736640
6369,2063247360
6370,2063758080
6371,2064268800
6372,2064779520
6373,2065290240
6374,2065800960
6375,2066311680
6376,2066822400
6377,2067333120
6378,2067843840
6379,2068354560
6380,2068865280
6381,2069376000
6382,2069886720
6383,2070397440
6384,2070908160
6385,2071418880
6386,2071929600
6387,2072440320
6388,2072951040
6389,2073461760
6390,2073972480
6391,2074483200
6392,2074993920
6393,2075504640
6394,2076015360
6395,2076526080
6396,2077036800
6397,2077547520
6398,2078058240
6399,2078568960
6400,2079079680
6401,2079590400
6402,2080101120
6403,2080611840
6404,2081122560
6405,2081633280
6406,2082144000
6407,2082654720
6408,2083165440
6409,2083676160
6410,2084186880
6411,2084697600
6412,2085208320
6413,2085719040
6414,2086229760
6415,2086740480
6416,2087255040
6417,2087769600
6418,2088284160
6419,2088798720
6420,2089313280
6421,2089827840
6422,2090342400
6423,2090856960
6424,2091371520
6425,2091886080
6426,2092400640
6427,2092915200
6428,2093429760
6429,2093944320
6430,2094458880
6431,2094973440
6432,2095488000
6433,2096002560
6434,2096517120
6435,2097031680
6436,2097546240
6437,2098060800
6438,2098575360
6439,2099089920
6440,2099604480
6441,2100119040
6442,2100633600
6443,2101148160
6444,2101662720
6445,2102177280
6446,2102691840
6447,2103206400
6448,2103720960
6449,2104235520
6450,2104750080
6451,2105264640
6452,2105779200
6453,2106293760
6454,2106808320
6455,2107322880
6456,2107837440
6457,2108352000
6458,2108866560
6459,2109381120
6460,2109895680
6461,2110410240
6462,2110924800
6463,2111439360
6464,2111953920
6465,2112468480
6466,2112983040
6467,2113501440
6468,2114019840
6469,2114538240
6470,2115056640
6471,2115575040
6472,2116093440
6473,2116611840
6474,2117130240
6475,2117648640
6476,2118167040
6477,2118685440
6478,2119203840
6479,2119722240
6480,2120240640
6481,2120759040
6482,2121277440
6483,2121795840
6484,2122314240
6485,2122832640
6486,2123351040
6487,2123869440
6488,2124387840
6489,2124906240
6490,2125424640
6491,2125943040
6492,2126461440
6493,2126979840
6494,2127498240
6495,2128016640
6496,2128535040
6497,2129053440
6498,2129571840
6499,2130090240
6500,2130608640
6501,2131127040
6502,2131645440
6503,2132163840
6504,2132682240
6505,2133200640
6506,2133719040
6507,2134237440
6508,2134755840
6509,2135274240
6510,2135792640
6511,2136311040
6512,2136829440
6513,2137347840
6514,2137866240
6515,2138384640
6516,2138903040
6517,2139421440
6518,2139939840
6519,2140458240
6520,2140976640
6521,2141495040
6522,2142013440
6523,2142531840
6524,2143050240
6525,2143568640
6526,2144087040
6527,2144605440
6528,2145123840
6529,2145642240
6530,2146160640
6531,2146679040
6532,2147197440
6533,2147715840
6534,2148234240
6535,2148752640
6536,2149271040
6537,2149789440
6538,2150307840
6539,2150830080
6540,2151352320
6541,2151874560
6542,2152396800
6543,2152919040
6544,2153441280
6545,2153963520
6546,2154485760
6547,2155008000
6548,2155530240
6549,2156052480
6550,2156574720
6551,2157096960
6552,2157619200
6553,2158141440
6554,2158663680
6555,2159185920
6556,2159708160
6557,2160230400
6558,2160752640
6559,2161274880
6560,2161797120
6561,2162319360
6562,2162841600
6563,2163363840
6564,2163886080
6565,2164408320
6566,2164930560
6567,2165452800
6568,2165975040
6569,2166497280
6570,2167019520
6571,2167541760
6572,2168064000
6573,2168586240
6574,2169108480
6575,2169630720
6576,2170152960
6577,2170675200
6578,2171197440
6579,2171719680
6580,2172241920
6581,2172764160
6582,2173290240
6583,2173816320
6584,2174342400
6585,2174868480
6586,2175394560
6587,2175920640
6588,2176446720
6589,2176972800
6590,2177498880
6591,2178024960
6592,2178551040
6593,2179077120
6594,2179603200
6595,2180129280
6596,2180655360
6597,2181181440
6598,2181707520
6599,2182233600
6600,2182759680
6601,2183285760
6602,2183811840
6603,2184337920
6604,2184864000
6605,2185390080
6606,2185916160
6607,2186442240
6608,2186968320
6609,2187494400
6610,2188020480
6611,2188546560
6612,2189072640
6613,2189598720
6614,2190124800
6615,2190650880
6616,2191176960
6617,2191703040
6618,2192229120
6619,2192755200
6620,2193281280
6621,2193807360
6622,2194333440
6623,2194859520
6624,2195385600
6625,2195911680
6626,2196437760
6627,2196963840
6628,2197489920
6629,2198016000
6630,2198542080
6631,2199068160
6632,2199594240
6633,2200120320
6634,2200646400
6635,2201172480
6636,2201698560
6637,2202228480
6638,2202758400
6639,2203288320
6640,2203818240
6641,2204348160
6642,2204878080
6643,2205408000
6644,2205937920
6645,2206467840
6646,2206997760
6647,2207527680
6648,2208057600
6649,2208587520
6650,2209117440
6651,2209647360
6652,2210177280
6653,2210707200
6654,2211237120
6655,2211767040
6656,2212296960
6657,2212826880
6658,2213356800
6659,2213886720
6660,2214416640
6661,2214946560
6662,2215476480
6663,2216006400
6664,2216536320
6665,2217066240
6666,2217596160
6667,2218126080
6668,2218656000
6669,2219185920
6670,2219715840
6671,2220245760
6672,2220775680
6673,2221305600
6674,2221835520
6675,2222365440
6676,2222895360
6677,2223425280
6678,2223955200
6679,2224485120
6680,2225015040
6681,2225544960
6682,2226074880
6683,2226604800
6684,2227134720
6685,2227664640
6686,2228194560
6687,2228724480
6688,2229254400
6689,2229784320
6690,2230314240
6691,2230844160
6692,2231377920
6693,2231911680
6694,2232445440
6695,2232979200
6696,2233512960
6697,2234046720
6698,2234580480
6699,2235114240
6700,2235648000
6701,2236181760
6702,2236715520
6703,2237249280
6704,2237783040
6705,2238316800
6706,2238850560
6707,2239384320
6708,2239918080
6709,2240451840
6710,2240985600
6711,2241519360
6712,2242053120
6713,2242586880
6714,2243120640
6715,2243654400
6716,2244188160
6717,2244721920
6718,2245255680
6719,2245789440
6720,2246323200
6721,2246856960
6722,2247390720
6723,2247924480
6724,2248458240
6725,2248992000
6726,2249525760
6727,2250059520
6728,2250593280
6729,2251127040
6730,2251660800
6731,2252194560
6732,2252728320
6733,2253262080
6734,2253795840
6735,2254329600
6736,2254863360
6737,2255400960
6738,2255938560
6739,2256476160
6740,2257013760
6741,2257551360
6742,2258088960
6743,2258626560
6744,2259164160
6745,2259701760
6746,2260239360
6747,2260776960
6748,2261314560
6749,2261852160
6750,2262389760
6751,2262927360
6752,2263464960
6753,2264002560
6754,2264540160
6755,2265077760
6756,2265615360
6757,2266152960
6758,2266690560
6759,2267228160
6760,2267765760
6761,2268303360
6762,2268840960
6763,2269378560
6764,2269916160
6765,2270453760
6766,2270991360
6767,2271528960
6768,2272066560
6769,2272604160
6770,2273141760
6771,2273679360
6772,2274216960
6773,2274754560
6774,2275292160
6775,2275829760
6776,2276367360
6777,2276904960
6778,2277442560
6779,2277980160
6780,2278517760
6781,2279055360
6782,2279592960
6783,2280130560
6784,2280668160
6785,2281205760
6786,2281743360
6787,2282280960
6788,2282822400
6789,2283363840
6790,2283905280
6791,2284446720
6792,2284988160
6793,2285529600
6794,2286071040
6795,2286612480
6796,2287153920
6797,2287695360
6798,2288236800
6799,2288778240
6800,2289319680
6801,2289861120
6802,2290402560
6803,2290944000
6804,2291485440
6805,2292026880
6806,2292568320
6807,2293109760
6808,2293651200
6809,2294192640
6810,2294734080
6811,2295275520
6812,2295816960
6813,2296358400
6814,2296899840
6815,2297441280
6816,2297982720
6817,2298524160
6818,2299065600
6819,2299607040
6820,2300148480
6821,2300689920
6822,2301231360
6823,2301772800
6824,2302314240
6825,2302855680
6826,2303397120
6827,2303938560
6828,2304480000
6829,2305021440
6830,2305562880
6831,2306104320
6832,2306645760
6833,2307187200
6834,2307728640
6835,2308270080
6836,2308811520
6837,2309352960
6838,2309894400
6839,2310435840
6840,2310981120
6841,2311526400
6842,2312071680
6843,2312616960
6844,2313162240
6845,2313707520
6846,2314252800
6847,2314798080
6848,2315343360
6849,2315888640
6850,2316433920
6851,2316979200
6852,2317524480
6853,2318069760
6854,2318615040
6855,2319160320
6856,2319705600
6857,2320250880
6858,2320796160
6859,2321341440
6860,2321886720
6861,2322432000
6862,2322977280
6863,2323522560
6864,2324067840
6865,2324613120
6866,2325158400
6867,2325703680
6868,2326248960
6869,2326794240
6870,2327339520
6871,2327884800
6872,2328430080
6873,2328975360
6874,2329520640
6875,2330065920
6876,2330611200
6877,2331156480
6878,2331701760
6879,2332247040
6880,2332792320
6881,2333337600
6882,2333882880
6883,2334428160
6884,2334973440
6885,2335518720
6886,2336064000
6887,2336609280
6888,2337154560
6889,2337699840
6890,2338245120
6891,2338790400
6892,2339335680
6893,2339880960
6894,2340426240
6895,2340971520
6896,2341516800
6897,2342062080
6898,2342611200
6899,2343160320
6900,2343709440
6901,2344258560
6902,2344807680
6903,2345356800
6904,2345905920
6905,2346455040
6906,2347004160
6907,2347553280
6908,2348102400
6909,2348651520
6910,2349200640
6911,2349749760
6912,2350298880
6913,2350848000
6914,2351397120
6915,2351946240
6916,2352495360
6917,2353044480
6918,2353593600
6919,2354142720
6920,2354691840
6921,2355240960
6922,2355790080
6923,2356339200
6924,2356888320
6925,2357437440
6926,2357986560
6927,2358535680
6928,2359084800
6929,2359633920
6930,2360183040
6931,2360736000
6932,2361288960
6933,2361841920
6934,2362394880
6935,2362947840
6936,2363500800
6937,2364053760
6938,2364606720
6939,2365159680
6940,2365712640
6941,2366265600
6942,2366818560
6943,2367371520
6944,2367924480
6945,2368477440
6946,2369030400
6947,2369583360
6948,2370136320
6949,2370689280
6950,2371242240
6951,2371795200
6952,2372348160
6953,2372901120
6954,2373454080
6955,2374007040
6956,2374560000
6957,2375112960
6958,2375665920
6959,2376218880
6960,2376771840
6961,2377324800
6962,2377877760
6963,2378430720
6964,2378983680
6965,2379536640
6966,2380089600
6967,2380642560
6968,2381195520
6969,2381748480
6970,2382301440
6971,2382854400
6972,2383407360
6973,2383960320
6974,2384513280
6975,2385066240
6976,2385619200
6977,2386172160
6978,2386728960
6979,2387285760
6980,2387842560
6981,2388399360
6982,2388956160
6983,2389512960
6984,2390069760
6985,2390626560
6986,2391183360
6987,2391740160
6988,2392296960
6989,2392853760
6990,2393410560
6991,2393967360
6992,2394524160
6993,2395080960
6994,2395637760
6995,2396194560
6996,2396751360
6997,2397308160
6998,2397864960
6999,2398421760
7000,2398978560
7001,2399535360
7002,2400092160
7003,2400648960
7004,2401205760
7005,2401762560
7006,2402319360
7007,2402876160
7008,2403432960
7009,2403989760
7010,2404546560
7011,2405103360
7012,2405660160
7013,2406216960
7014,2406773760
7015,2407330560
7016,2407887360
7017,2408444160
7018,2409000960
7019,2409557760
7020,2410114560
7021,2410671360
7022,2411228160
7023,2411784960
7024,2412345600
7025,2412906240
7026,2413466880
7027,2414027520
7028,2414588160
7029,2415148800
7030,2415709440
7031,2416270080
7032,2416830720
7033,2417391360
7034,2417952000
7035,2418512640
7036,2419073280
7037,2419633920
7038,2420194560
7039,2420755200
7040,2421315840
7041,2421876480
7042,2422437120
7043,2422997760
7044,2423558400
7045,2424119040
7046,2424679680
7047,2425240320
7048,2425800960
7049,2426361600
7050,2426922240
7051,2427482880
7052,2428043520
7053,2428604160
7054,2429164800
7055,2429725440
7056,2430286080
7057,2430846720
7058,2431407360
7059,2431968000
7060,2432528640
7061,2433089280
7062,2433649920
7063,2434210560
7064,2434771200
7065,2435331840
7066,2435892480
7067,2436453120
7068,2437013760
7069,2437574400
7070,2438135040
7071,2438695680
7072,2439256320
7073,2439816960
7074,2440377600
7075,2440938240
7076,2441498880
7077,2442059520
7078,2442620160
7079,2443184640
7080,2443749120
7081,2444313600
7082,2444878080
7083,2445442560
7084,2446007040
7085,2446571520
7086,2447136000
7087,2447700480
7088,2448264960
7089,2448829440
7090,2449393920
7091,2449958400
7092,2450522880
7093,2451087360
7094,2451651840
7095,2452216320
7096,2452780800
7097,2453345280
7098,2453909760
7099,2454474240
7100,2455038720
7101,2455603200
7102,2456167680
7103,2456732160
7104,2457296640
7105,2457861120
7106,2458425600
7107,2458990080
7108,2459554560
7109,2460119040
7110,2460683520
7111,2461248000
7112,2461812480
7113,2462376960
7114,2462941440
7115,2463505920
7116,2464070400
7117,2464634880
7118,2465199360
7119,2465763840
7120,2466328320
7121,2466892800
7122,2467457280
7123,2468021760
7124,2468586240
7125,2469150720
7126,2469715200
7127,2470279680
7128,2470844160
7129,2471408640
7130,2471973120
7131,2472537600
7132,2473102080
7133,2473666560
7134,2474231040
7135,2474795520
7136,2475360000
7137,2475924480
7138,2476488960
7139,2477057280
7140,2477625600
7141,2478193920
7142,2478762240
7143,2479330560
7144,2479898880
7145,2480467200
7146,2481035520
7147,2481603840
7148,2482172160
7149,2482740480
7150,2483308800
7151,2483877120
7152,2484445440
7153,2485013760
7154,2485582080
7155,2486150400
7156,2486718720
7157,2487287040
7158,2487855360
7159,2488423680
7160,2488992000
7161,2489560320
7162,2490128640
7163,2490696960
7164,2491265280
7165,2491833600
7166,2492401920
7167,2492970240
7168,2493538560
7169,2494106880
7170,2494675200
7171,2495243520
7172,2495811840
7173,2496380160
7174,2496948480
7175,2497516800
7176,2498085120
7177,2498653440
7178,2499221760
7179,2499790080
7180,2500358400
7181,2500926720
7182,2501495040
7183,2502063360
7184,2502631680
7185,2503200000
7186,2503768320
7187,2504336640
7188,2504908800
7189,2505480960
7190,2506053120
7191,2506625280
7192,2507197440
7193,2507769600
7194,2508341760
7195,2508913920
7196,2509486080
7197,2510058240
7198,2510630400
7199,2511202560
7200,2511774720
7201,2512346880
7202,2512919040
7203,2513491200
7204,2514063360
7205,2514635520
7206,2515207680
7207,2515779840
7208,2516352000
7209,2516924160
7210,2517496320
7211,2518068480
7212,2518640640
7213,2519212800
7214,2519784960
7215,2520357120
7216,2520929280
7217,2521501440
7218,2522073600
7219,2522645760
7220,2523217920
7221,2523790080
7222,2524362240
7223,2524934400
7224,2525506560
7225,2526078720
7226,2526650880
7227,2527223040
7228,2527795200
7229,2528367360
7230,2528939520
7231,2529511680
7232,2530083840
7233,2530656000
7234,2531228160
7235,2531800320
7236,2532372480
7237,2532944640
7238,2533516800
7239,2534088960
7240,2534661120
7241,2535233280
7242,2535805440
7243,2536377600
7244,2536949760
7245,2537521920
7246,2538094080
7247,2538670080
7248,2539246080
7249,2539822080
7250,2540398080
7251,2540974080
7252,2541550080
7253,2542126080
7254,2542702080
7255,2543278080
7256,2543854080
7257,2544430080
7258,2545006080
7259,2545582080
7260,2546158080
7261,2546734080
7262,2547310080
7263,2547886080
7264,2548462080
7265,2549038080
7266,2549614080
7267,2550190080
7268,2550766080
7269,2551342080
7270,2551918080
7271,2552494080
7272,2553070080
7273,2553646080
7274,2554222080
7275,2554798080
7276,2555374080
7277,2555950080
7278,2556526080
7279,2557102080
7280,2557678080
7281,2558254080
7282,2558830080
7283,2559406080
7284,2559982080
7285,2560558080
7286,2561134080
7287,2561710080
7288,2562286080
7289,2562862080
7290,2563438080
7291,2564014080
7292,2564590080
7293,2565166080
7294,2565742080
7295,2566318080
7296,2566897920
7297,2567477760
7298,2568057600
7299,2568637440
7300,2569217280
7301,2569797120
7302,2570376960
7303,2570956800
7304,2571536640
7305,2572116480
7306,2572696320
7307,2573276160
7308,2573856000
7309,2574435840
7310,2575015680
7311,2575595520
7312,2576175360
7313,2576755200
7314,2577335040
7315,2577914880
7316,2578494720
7317,2579074560
7318,2579654400
7319,2580234240
7320,2580814080
7321,2581393920
7322,2581973760
7323,2582553600
7324,2583133440
7325,2583713280
7326,2584293120
7327,2584872960
7328,2585452800
7329,2586032640
7330,2586612480
7331,2587192320
7332,2587772160
7333,2588352000
7334,2588931840
7335,2589511680
7336,2590091520
7337,2590671360
7338,2591251200
7339,2591831040
7340,2592410880
7341,2592990720
7342,2593570560
7343,2594150400
7344,2594730240
7345,2595310080
7346,2595889920
7347,2596469760
7348,2597049600
7349,2597629440
7350,2598213120
7351,2598796800
7352,2599380480
7353,2599964160
7354,2600547840
7355,2601131520
7356,2601715200
7357,2602298880
7358,2602882560
7359,2603466240
7360,2604049920
7361,2604633600
7362,2605217280
7363,2605800960
7364,2606384640
7365,2606968320
7366,2607552000
7367,2608135680
7368,2608719360
7369,2609303040
7370,2609886720
7371,2610470400
7372,2611054080
7373,2611637760
7374,2612221440
7375,2612805120
7376,2613388800
7377,2613972480
7378,2614556160
7379,2615139840
7380,2615723520
7381,2616307200
7382,2616890880
7383,2617474560
7384,2618058240
7385,2618641920
7386,2619225600
7387,2619809280
7388,2620392960
7389,2620976640
7390,2621564160
7391,2622151680
7392,2622739200
7393,2623326720
7394,2623914240
7395,2624501760
7396,2625089280
7397,2625676800
7398,2626264320
7399,2626851840
7400,2627439360
7401,2628026880
7402,2628614400
7403,2629201920
7404,2629789440
7405,2630376960
7406,2630964480
7407,2631552000
7408,2632139520
7409,2632727040
7410,2633314560
7411,2633902080
7412,2634489600
7413,2635077120
7414,2635664640
7415,2636252160
7416,2636839680
7417,2637427200
7418,2638014720
7419,2638602240
7420,2639189760
7421,2639777280
7422,2640364800
7423,2640952320
7424,2641539840
7425,2642127360
7426,2642714880
7427,2643302400
7428,2643889920
7429,2644477440
7430,2645064960
7431,2645652480
7432,2646240000
7433,2646827520
7434,2647415040
7435,2648006400
7436,2648597760
7437,2649189120
7438,2649780480
7439,2650371840
7440,2650963200
7441,2651554560
7442,2652145920
7443,2652737280
7444,2653328640
7445,2653920000
7446,2654511360
7447,2655102720
7448,2655694080
7449,2656285440
7450,2656876800
7451,2657468160
7452,2658059520
7453,2658650880
7454,2659242240
7455,2659833600
7456,2660424960
7457,2661016320
7458,2661607680
7459,2662199040
7460,2662790400
7461,2663381760
7462,2663973120
7463,2664564480
7464,2665155840
7465,2665747200
7466,2666338560
7467,2666929920
7468,2667521280
7469,2668112640
7470,2668704000
7471,2669299200
7472,2669894400
7473,2670489600
7474,2671084800
7475,2671680000
7476,2672275200
7477,2672870400
7478,2673465600
7479,2674060800
7480,2674656000
7481,2675251200
7482,2675846400
7483,2676441600
7484,2677036800
7485,2677632000
7486,2678227200
7487,2678822400
7488,2679417600
7489,2680012800
7490,2680608000
7491,2681203200
7492,2681798400
7493,2682393600
7494,2682988800
7495,2683584000
7496,2684179200
7497,2684774400
7498,2685369600
7499,2685964800
7500,2686560000
7501,2687155200
7502,2687750400
7503,2688345600
7504,2688940800
7505,2689536000
7506,2690135040
7507,2690734080
7508,2691333120
7509,2691932160
7510,2692531200
7511,2693130240
7512,2693729280
7513,2694328320
7514,2694927360
7515,2695526400
7516,2696125440
7517,2696724480
7518,2697323520
7519,2697922560
7520,2698521600
7521,2699120640
7522,2699719680
7523,2700318720
7524,2700917760
7525,2701516800
7526,2702115840
7527,2702714880
7528,2703313920
7529,2703912960
7530,2704512000
7531,2705111040
7532,2705710080
7533,2706309120
7534,2706908160
7535,2707507200
7536,2708106240
7537,2708705280
7538,2709304320
7539,2709903360
7540,2710502400
7541,2711101440
7542,2711700480
7543,2712299520
7544,2712898560
7545,2713497600
7546,2714096640
7547,2714695680
7548,2715294720
7549,2715893760
7550,2716492800
7551,2717091840
7552,2717690880
7553,2718293760
7554,2718896640
7555,2719499520
7556,2720102400
7557,2720705280
7558,2721308160
7559,2721911040
7560,2722513920
7561,2723116800
7562,2723719680
7563,2724322560
7564,2724925440
7565,2725528320
7566,2726131200
7567,2726734080
7568,2727336960
7569,2727939840
7570,2728542720
7571,2729145600
7572,2729748480
7573,2730351360
7574,2730954240
7575,2731557120
7576,2732160000
7577,2732762880
7578,2733365760
7579,2733968640
7580,2734571520
7581,2735174400
7582,2735777280
7583,2736380160
7584,2736983040
7585,2737585920
7586,2738188800
7587,2738791680
7588,2739394560
7589,2739997440
7590,2740600320
7591,2741203200
7592,2741806080
7593,2742408960
7594,2743011840
7595,2743614720
7596,2744217600
7597,2744820480
7598,2745423360
7599,2746026240
7600,2746629120
7601,2747232000
7602,2747838720
7603,2748445440
7604,2749052160
7605,2749658880
7606,2750265600
7607,2750872320
7608,2751479040
7609,2752085760
7610,2752692480
7611,2753299200
7612,2753905920
7613,2754512640
7614,2755119360
7615,2755726080
7616,2756332800
7617,2756939520
7618,2757546240
7619,2758152960
7620,2758759680
7621,2759366400
7622,2759973120
7623,2760579840
7624,2761186560
7625,2761793280
7626,2762400000
7627,2763006720
7628,2763613440
7629,2764220160
7630,2764826880
7631,2765433600
7632,2766040320
7633,2766647040
7634,2767253760
7635,2767860480
7636,2768467200
7637,2769073920
7638,2769680640
7639,2770287360
7640,2770894080
7641,2771500800
7642,2772107520
7643,2772714240
7644,2773320960
7645,2773927680
7646,2774534400
7647,2775141120
7648,2775747840
7649,2776358400
7650,2776968960
7651,2777579520
7652,2778190080
7653,2778800640
7654,2779411200
7655,2780021760
7656,2780632320
7657,2781242880
7658,2781853440
7659,2782464000
7660,2783074560
7661,2783685120
7662,2784295680
7663,2784906240
7664,2785516800
7665,2786127360
7666,2786737920
7667,2787348480
7668,2787959040
7669,2788569600
7670,2789180160
7671,2789790720
7672,2790401280
7673,2791011840
7674,2791622400
7675,2792232960
7676,2792843520
7677,2793454080
7678,2794064640
7679,2794675200
7680,2795285760
7681,2795896320
7682,2796506880
7683,2797117440
7684,2797728000
7685,2798338560
7686,2798949120
7687,2799559680
7688,2800170240
7689,2800780800
7690,2801391360
7691,2802001920
7692,2802612480
7693,2803223040
7694,2803837440
7695,2804451840
7696,2805066240
7697,2805680640
7698,2806295040
7699,2806909440
7700,2807523840
7701,2808138240
7702,2808752640
7703,2809367040
7704,2809981440
7705,2810595840
7706,2811210240
7707,2811824640
7708,2812439040
7709,2813053440
7710,2813667840
7711,2814282240
7712,2814896640
7713,2815511040
7714,2816125440
7715,2816739840
7716,2817354240
7717,2817968640
7718,2818583040
7719,2819197440
7720,2819811840
7721,2820426240
7722,2821040640
7723,2821655040
7724,2822269440
7725,2822883840
7726,2823498240
7727,2824112640
7728,2824727040
7729,2825341440
7730,2825955840
7731,2826570240
7732,2827184640
7733,2827799040
7734,2828413440
7735,2829027840
7736,2829642240
7737,2830256640
7738,2830871040
7739,2831485440
7740,2832099840
7741,2832718080
7742,2833336320
7743,2833954560
7744,2834572800
7745,2835191040
7746,2835809280
7747,2836427520
7748,2837045760
7749,2837664000
7750,2838282240
7751,2838900480
7752,2839518720
7753,2840136960
7754,2840755200
7755,2841373440
7756,2841991680
7757,2842609920
7758,2843228160
7759,2843846400
7760,2844464640
7761,2845082880
7762,2845701120
7763,2846319360
7764,2846937600
7765,2847555840
7766,2848174080
7767,2848792320
7768,2849410560
7769,2850028800
7770,2850647040
7771,2851265280
7772,2851883520
7773,2852501760
7774,2853120000
7775,2853738240
7776,2854356480
7777,2854974720
7778,2855592960
7779,2856211200
7780,2856829440
7781,2857447680
7782,2858065920
7783,2858684160
7784,2859302400
7785,2859920640
7786,2860538880
7787,2861160960
7788,2861783040
7789,2862405120
7790,2863027200
7791,2863649280
7792,2864271360
7793,2864893440
7794,2865515520
7795,2866137600
7796,2866759680
7797,2867381760
7798,2868003840
7799,2868625920
7800,2869248000
7801,2869870080
7802,2870492160
7803,2871114240
7804,2871736320
7805,2872358400
7806,2872980480
7807,2873602560
7808,2874224640
7809,2874846720
7810,2875468800
7811,2876090880
7812,2876712960
7813,2877335040
7814,2877957120
7815,2878579200
7816,2879201280
7817,2879823360
7818,2880445440
7819,2881067520
7820,2881689600
7821,2882311680
7822,2882933760
7823,2883555840
7824,2884177920
7825,2884803840
7826,2885429760
7827,2886055680
7828,2886681600
7829,2887307520
7830,2887933440
7831,2888559360
7832,2889185280
7833,2889811200
7834,2890437120
7835,2891063040
7836,2891688960
7837,2892314880
7838,2892940800
7839,2893566720
7840,2894192640
7841,2894818560
7842,2895444480
7843,2896070400
7844,2896696320
7845,2897322240
7846,2897948160
7847,2898574080
7848,2899200000
7849,2899825920
7850,2900451840
7851,2901077760
7852,2901703680
7853,2902329600
7854,2902955520
7855,2903581440
7856,2904207360
7857,2904833280
7858,2905459200
7859,2906085120
7860,2906711040
7861,2907336960
7862,2907962880
7863,2908588800
7864,2909214720
7865,2909840640
7866,2910466560
7867,2911092480
7868,2911718400
7869,2912344320
7870,2912970240
7871,2913596160
7872,2914222080
7873,2914848000
7874,2915473920
7875,2916099840
7876,2916725760
7877,2917351680
7878,2917977600
7879,2918603520
7880,2919229440
7881,2919855360
7882,2920481280
7883,2921107200
7884,2921733120
7885,2922359040
7886,2922984960
7887,2923610880
7888,2924236800
7889,2924866560
7890,2925496320
7891,2926126080
7892,2926755840
7893,2927385600
7894,2928015360
7895,2928645120
7896,2929274880
7897,2929904640
7898,2930534400
7899,2931164160
7900,2931793920
7901,2932423680
7902,2933053440
7903,2933683200
7904,2934312960
7905,2934942720
7906,2935572480
7907,2936202240
7908,2936832000
7909,2937461760
7910,2938091520
7911,2938721280
7912,2939351040
7913,2939980800
7914,2940610560
7915,2941240320
7916,2941870080
7917,2942499840
7918,2943129600
7919,2943759360
7920,2944389120
7921,2945018880
7922,2945648640
7923,2946278400
7924,2946908160
7925,2947537920
7926,2948167680
7927,2948797440
7928,2949427200
7929,2950056960
7930,2950686720
7931,2951316480
7932,2951946240
7933,2952576000
7934,2953205760
7935,2953835520
7936,2954465280
7937,2955095040
7938,2955724800
7939,2956354560
7940,2956984320
7941,2957614080
7942,2958247680
7943,2958881280
7944,2959514880
7945,2960148480
7946,2960782080
7947,2961415680
7948,2962049280
7949,2962682880
7950,2963316480
7951,2963950080
7952,2964583680
7953,2965217280
7954,2965850880
7955,2966484480
7956,2967118080
7957,2967751680
7958,2968385280
7959,2969018880
7960,2969652480
7961,2970286080
7962,2970919680
7963,2971553280
7964,2972186880
7965,2972820480
7966,2973454080
7967,2974087680
7968,2974721280
7969,2975354880
7970,2975988480
7971,2976622080
7972,2977255680
7973,2977889280
7974,2978522880
7975,2979156480
7976,2979790080
7977,2980423680
7978,2981057280
7979,2981690880
7980,2982324480
7981,2982958080
7982,2983591680
7983,2984225280
7984,2984858880
7985,2985492480
7986,2986126080
7987,2986759680
7988,2987393280
7989,2988026880
7990,2988660480
7991,2989294080
7992,2989927680
7993,2990561280
7994,2991194880
7995,2991832320
7996,2992469760
7997,2993107200
7998,2993744640
7999,2994382080
8000,2995019520
8001,2995656960
8002,2996294400
8003,2996931840
8004,2997569280
8005,2998206720
8006,2998844160
8007,2999481600
8008,3000119040
8009,3000756480
8010,3001393920
8011,3002031360
8012,3002668800
8013,3003306240
8014,3003943680
8015,3004581120
8016,3005218560
8017,3005856000
8018,3006493440
8019,3007130880
8020,3007768320
8021,3008405760
8022,3009043200
8023,3009680640
8024,3010318080
8025,3010955520
8026,3011592960
8027,3012230400
8028,3012867840
8029,3013505280
8030,3014142720
8031,3014780160
8032,3015417600
8033,3016055040
8034,3016692480
8035,3017329920
8036,3017971200
8037,3018612480
8038,3019253760
8039,3019895040
8040,3020536320
8041,3021177600
8042,3021818880
8043,3022460160
8044,3023101440
8045,3023742720
8046,3024384000
8047,3025025280
8048,3025666560
8049,3026307840
8050,3026949120
8051,3027590400
8052,3028231680
8053,3028872960
8054,3029514240
8055,3030155520
8056,3030796800
8057,3031438080
8058,3032079360
8059,3032720640
8060,3033361920
8061,3034003200
8062,3034644480
8063,3035285760
8064,3035927040
8065,3036568320
8066,3037209600
8067,3037850880
8068,3038492160
8069,3039133440
8070,3039774720
8071,3040416000
8072,3041057280
8073,3041698560
8074,3042339840
8075,3042981120
8076,3043622400
8077,3044263680
8078,3044904960
8079,3045550080
8080,3046195200
8081,3046840320
8082,3047485440
8083,3048130560
8084,3048775680
8085,3049420800
8086,3050065920
8087,3050711040
8088,3051356160
8089,3052001280
8090,3052646400
8091,3053291520
8092,3053936640
8093,3054581760
8094,3055226880
8095,3055872000
8096,3056517120
8097,3057162240
8098,3057807360
8099,3058452480
8100,3059097600
8101,3059742720
8102,3060387840
8103,3061032960
8104,3061678080
8105,3062323200
8106,3062968320
8107,3063613440
8108,3064258560
8109,3064903680
8110,3065548800
8111,3066193920
8112,3066839040
8113,3067484160
8114,3068129280
8115,3068774400
8116,3069419520
8117,3070064640
8118,3070713600
8119,3071362560
8120,3072011520
8121,3072660480
8122,3073309440
8123,3073958400
8124,3074607360
8125,3075256320
8126,3075905280
8127,3076554240
8128,3077203200
8129,3077852160
8130,3078501120
8131,3079150080
8132,3079799040
8133,3080448000
8134,3081096960
8135,3081745920
8136,3082394880
8137,3083043840
8138,3083692800
8139,3084341760
8140,3084990720
8141,3085639680
8142,3086288640
8143,3086937600
8144,3087586560
8145,3088235520
8146,3088884480
8147,3089533440
8148,3090182400
8149,3090831360
8150,3091480320
8151,3092129280
8152,3092778240
8153,3093427200
8154,3094076160
8155,3094725120
8156,3095374080
8157,3096023040
8158,3096672000
8159,3097320960
8160,3097969920
8161,3098618880
8162,3099267840
8163,3099916800
8164,3100569600
8165,3101222400
8166,3101875200
8167,3102528000
8168,3103180800
8169,3103833600
8170,3104486400
8171,3105139200
8172,3105792000
8173,3106444800
8174,3107097600
8175,3107750400
8176,3108403200
8177,3109056000
8178,3109708800
8179,3110361600
8180,3111014400
8181,3111667200
8182,3112320000
8183,3112972800
8184,3113625600
8185,3114278400
8186,3114931200
8187,3115584000
8188,3116236800
8189,3116889600
8190,3117542400
8191,3118195200
8192,3118848000
8193,3119500800
8194,3120153600
8195,3120806400
8196,3121459200
8197,3122112000
8198,3122764800
8199,3123417600
8200,3124070400
8201,3124723200
8202,3125376000
8203,3126028800
8204,3126681600
8205,3127334400
8206,3127987200
8207,3128640000
8208,3129292800
8209,3129945600
8210,3130598400
8211,3131251200
8212,3131904000
8213,3132556800
8214,3133213440
8215,3133870080
8216,3134526720
8217,3135183360
8218,3135840000
8219,3136496640
8220,3137153280
8221,3137809920
8222,3138466560
8223,3139123200
8224,3139779840
8225,3140436480
8226,3141093120
8227,3141749760
8228,3142406400
8229,3143063040
8230,3143719680
8231,3144376320
8232,3145032960
8233,3145689600
8234,3146346240
8235,3147002880
8236,3147659520
8237,3148316160
8238,3148972800
8239,3149629440
8240,3150286080
8241,3150942720
8242,3151599360
8243,3152256000
8244,3152912640
8245,3153569280
8246,3154225920
8247,3154882560
8248,3155539200
8249,3156195840
8250,3156852480
8251,3157509120
8252,3158165760
8253,3158822400
8254,3159482880
8255,3160143360
8256,3160803840
8257,3161464320
8258,3162124800
8259,3162785280
8260,3163445760
8261,3164106240
8262,3164766720
8263,3165427200
8264,3166087680
8265,3166748160
8266,3167408640
8267,3168069120
8268,3168729600
8269,3169390080
8270,3170050560
8271,3170711040
8272,3171371520
8273,3172032000
8274,3172692480
8275,3173352960
8276,3174013440
8277,3174673920
8278,3175334400
8279,3175994880
8280,3176655360
8281,3177315840
8282,3177976320
8283,3178636800
8284,3179297280
8285,3179957760
8286,3180618240
8287,3181278720
8288,3181939200
8289,3182599680
8290,3183260160
8291,3183920640
8292,3184581120
8293,3185241600
8294,3185902080
8295,3186562560
8296,3187223040
8297,3187887360
8298,3188551680
8299,3189216000
8300,3189880320
8301,3190544640
8302,3191208960
8303,3191873280
8304,3192537600
8305,3193201920
8306,3193866240
8307,3194530560
8308,3195194880
8309,3195859200
8310,3196523520
8311,3197187840
8312,3197852160
8313,3198516480
8314,3199180800
8315,3199845120
8316,3200509440
8317,3201173760
8318,3201838080
8319,3202502400
8320,3203166720
8321,3203831040
8322,3204495360
8323,3205159680
8324,3205824000
8325,3206488320
8326,3207152640
8327,3207816960
8328,3208481280
8329,3209145600
8330,3209809920
8331,3210474240
8332,3211138560
8333,3211802880
8334,3212467200
8335,3213131520
8336,3213795840
8337,3214464000
8338,3215132160
8339,3215800320
8340,3216468480
8341,3217136640
8342,3217804800
8343,3218472960
8344,3219141120
8345,3219809280
8346,3220477440
8347,3221145600
8348,3221813760
8349,3222481920
8350,3223150080
8351,3223818240
8352,3224486400
8353,3225154560
8354,3225822720
8355,3226490880
8356,3227159040
8357,3227827200
8358,3228495360
8359,3229163520
8360,3229831680
8361,3230499840
8362,3231168000
8363,3231836160
8364,3232504320
8365,3233172480
8366,3233840640
8367,3234508800
8368,3235176960
8369,3235845120
8370,3236513280
8371,3237181440
8372,3237849600
8373,3238517760
8374,3239185920
8375,3239854080
8376,3240522240
8377,3241190400
8378,3241862400
8379,3242534400
8380,3243206400
8381,3243878400
8382,3244550400
8383,3245222400
8384,3245894400
8385,3246566400
8386,3247238400
8387,3247910400
8388,3248582400
8389,3249254400
8390,3249926400
8391,3250598400
8392,3251270400
8393,3251942400
8394,3252614400
8395,3253286400
8396,3253958400
8397,3254630400
8398,3255302400
8399,3255974400
8400,3256646400
8401,3257318400
8402,3257990400
8403,3258662400
8404,3259334400
8405,3260006400
8406,3260678400
8407,3261350400
8408,3262022400
8409,3262694400
8410,3263366400
8411,3264038400
8412,3264710400
8413,3265382400
8414,3266054400
8415,3266730240
8416,3267406080
8417,3268081920
8418,3268757760
8419,3269433600
8420,3270109440
8421,3270785280
8422,3271461120
8423,3272136960
8424,3272812800
8425,3273488640
8426,3274164480
8427,3274840320
8428,3275516160
8429,3276192000
8430,3276867840
8431,3277543680
8432,3278219520
8433,3278895360
8434,3279571200
8435,3280247040
8436,3280922880
8437,3281598720
8438,3282274560
8439,3282950400
8440,3283626240
8441,3284302080
8442,3284977920
8443,3285653760
8444,3286329600
8445,3287005440
8446,3287681280
8447,3288357120
8448,3289032960
8449,3289708800
8450,3290384640
8451,3291060480
8452,3291736320
8453,3292412160
8454,3293088000
8455,3293763840
8456,3294439680
8457,3295115520
8458,3295791360
8459,3296467200
8460,3297143040
8461,3297822720
8462,3298502400
8463,3299182080
8464,3299861760
8465,3300541440
8466,3301221120
8467,3301900800
8468,3302580480
8469,3303260160
8470,3303939840
8471,3304619520
8472,3305299200
8473,3305978880
8474,3306658560
8475,3307338240
8476,3308017920
8477,3308697600
8478,3309377280
8479,3310056960
8480,3310736640
8481,3311416320
8482,3312096000
8483,3312775680
8484,3313455360
8485,3314135040
8486,3314814720
8487,3315494400
8488,3316174080
8489,3316853760
8490,3317533440
8491,3318213120
8492,3318892800
8493,3319572480
8494,3320252160
8495,3320931840
8496,3321611520
8497,3322291200
8498,3322970880
8499,3323650560
8500,3324330240
8501,3325009920
8502,3325693440
8503,3326376960
8504,3327060480
8505,3327744000
8506,3328427520
8507,3329111040
8508,3329794560
8509,3330478080
8510,3331161600
8511,3331845120
8512,3332528640
8513,3333212160
8514,3333895680
8515,3334579200
8516,3335262720
8517,3335946240
8518,3336629760
8519,3337313280
8520,3337996800
8521,3338680320
8522,3339363840
8523,3340047360
8524,3340730880
8525,3341414400
8526,3342097920
8527,3342781440
8528,3343464960
8529,3344148480
8530,3344832000
8531,3345515520
8532,3346199040
8533,3346882560
8534,3347569920
8535,3348257280
8536,3348944640
8537,3349632000
8538,3350319360
8539,3351006720
8540,3351694080
8541,3352381440
8542,3353068800
8543,3353756160
8544,3354443520
8545,3355130880
8546,3355818240
8547,3356505600
8548,3357192960
8549,3357880320
8550,3358567680
8551,3359255040
8552,3359942400
8553,3360629760
8554,3361317120
8555,3362004480
8556,3362691840
8557,3363379200
8558,3364066560
8559,3364753920
8560,3365441280
8561,3366128640
8562,3366816000
8563,3367507200
8564,3368198400
8565,3368889600
8566,3369580800
8567,3370272000
8568,3370963200
8569,3371654400
8570,3372345600
8571,3373036800
8572,3373728000
8573,3374419200
8574,3375110400
8575,3375801600
8576,3376492800
8577,3377184000
8578,3377875200
8579,3378566400
8580,3379257600
8581,3379948800
8582,3380640000
8583,3381331200
8584,3382022400
8585,3382713600
8586,3383404800
8587,3384096000
8588,3384787200
8589,3385478400
8590,3386169600
8591,3386860800
8592,3387552000
8593,3388243200
8594,3388934400
8595,3389625600
8596,3390316800
8597,3391008000
8598,3391699200
8599,3392390400
8600,3393081600
8601,3393772800
8602,3394464000
8603,3395155200
8604,3395846400
8605,3396537600
8606,3397228800
8607,3397920000
8608,3398611200
8609,3399302400
8610,3399993600
8611,3400688640
8612,3401383680
8613,3402078720
8614,3402773760
8615,3403468800
8616,3404163840
8617,3404858880
8618,3405553920
8619,3406248960
8620,3406944000
8621,3407639040
8622,3408334080
8623,3409029120
8624,3409724160
8625,3410419200
8626,3411114240
8627,3411809280
8628,3412504320
8629,3413199360
8630,3413894400
8631,3414589440
8632,3415284480
8633,3415979520
8634,3416674560
8635,3417369600
8636,3418064640
8637,3418759680
8638,3419454720
8639,3420149760
8640,3420844800
8641,3421539840
8642,3422234880
8643,3422929920
8644,3423624960
8645,3424320000
8646,3425015040
8647,3425710080
8648,3426405120
8649,3427104000
8650,3427802880
8651,3428501760
8652,3429200640
8653,3429899520
8654,3430598400
8655,3431297280
8656,3431996160
8657,3432695040
8658,3433393920
8659,3434092800
8660,3434791680
8661,3435490560
8662,3436189440
8663,3436888320
8664,3437587200
8665,3438286080
8666,3438984960
8667,3439683840
8668,3440382720
8669,3441081600
8670,3441780480
8671,3442479360
8672,3443178240
8673,3443877120
8674,3444576000
8675,3445274880
8676,3445973760
8677,3446672640
8678,3447371520
8679,3448070400
8680,3448769280
8681,3449468160
8682,3450167040
8683,3450865920
8684,3451564800
8685,3452263680
8686,3452962560
8687,3453661440
8688,3454364160
8689,3455066880
8690,3455769600
8691,3456472320
8692,3457175040
8693,3457877760
8694,3458580480
8695,3459283200
8696,3459985920
8697,3460688640
8698,3461391360
8699,3462094080
8700,3462796800
8701,3463499520
8702,3464202240
8703,3464904960
8704,3465607680
8705,3466310400
8706,3467013120
8707,3467715840
8708,3468418560
8709,3469121280
8710,3469824000
8711,3470526720
8712,3471229440
8713,3471932160
8714,3472634880
8715,3473337600
8716,3474040320
8717,3474743040
8718,3475445760
8719,3476148480
8720,3476851200
8721,3477553920
8722,3478256640
8723,3478959360
8724,3479662080
8725,3480364800
8726,3481067520
8727,3481770240
8728,3482476800
8729,3483183360
8730,3483889920
8731,3484596480
8732,3485303040
8733,3486009600
8734,3486716160
8735,3487422720
8736,3488129280
8737,3488835840
8738,3489542400
8739,3490248960
8740,3490955520
8741,3491662080
8742,3492368640
8743,3493075200
8744,3493781760
8745,3494488320
8746,3495194880
8747,3495901440
8748,3496608000
8749,3497314560
8750,3498021120
8751,3498727680
8752,3499434240
8753,3500140800
8754,3500847360
8755,3501553920
8756,3502260480
8757,3502967040
8758,3503673600
8759,3504380160
8760,3505086720
8761,3505793280
8762,3506499840
8763,3507206400
8764,3507912960
8765,3508619520
8766,3509326080
8767,3510032640
8768,3510739200
8769,3511445760
8770,3512152320
8771,3512858880
8772,3513565440
8773,3514275840
8774,3514986240
8775,3515696640
8776,3516407040
8777,3517117440
8778,3517827840
8779,3518538240
8780,3519248640
8781,3519959040
8782,3520669440
8783,3521379840
8784,3522090240
8785,3522800640
8786,3523511040
8787,3524221440
8788,3524931840
8789,3525642240
8790,3526352640
8791,3527063040
8792,3527773440
8793,3528483840
8794,3529194240
8795,3529904640
8796,3530615040
8797,3531325440
8798,3532035840
8799,3532746240
8800,3533456640
8801,3534167040
8802,3534877440
8803,3535587840
8804,3536298240
8805,3537008640
8806,3537719040
8807,3538429440
8808,3539139840
8809,3539850240
8810,3540560640
8811,3541271040
8812,3541981440
8813,3542691840
8814,3543406080
8815,3544120320
8816,3544834560
8817,3545548800
8818,3546263040
8819,3546977280
8820,3547691520
8821,3548405760
8822,3549120000
8823,3549834240
8824,3550548480
8825,3551262720
8826,3551976960
8827,3552691200
8828,3553405440
8829,3554119680
8830,3554833920
8831,3555548160
8832,3556262400
8833,3556976640
8834,3557690880
8835,3558405120
8836,3559119360
8837,3559833600
8838,3560547840
8839,3561262080
8840,3561976320
8841,3562690560
8842,3563404800
8843,3564119040
8844,3564833280
8845,3565547520
8846,3566261760
8847,3566976000
8848,3567690240
8849,3568404480
8850,3569118720
8851,3569832960
8852,3570547200
8853,3571261440
8854,3571975680
8855,3572689920
8856,3573408000
8857,3574126080
8858,3574844160
8859,3575562240
8860,3576280320
8861,3576998400
8862,3577716480
8863,3578434560
8864,3579152640
8865,3579870720
8866,3580588800
8867,3581306880
8868,3582024960
8869,3582743040
8870,3583461120
8871,3584179200
8872,3584897280
8873,3585615360
8874,3586333440
8875,3587051520
8876,3587769600
8877,3588487680
8878,3589205760
8879,3589923840
8880,3590641920
8881,3591360000
8882,3592078080
8883,3592796160
8884,3593514240
8885,3594232320
8886,3594950400
8887,3595668480
8888,3596386560
8889,3597104640
8890,3597822720
8891,3598540800
8892,3599262720
8893,3599984640
8894,3600706560
8895,3601428480
8896,3602150400
8897,3602872320
8898,3603594240
8899,3604316160
8900,3605038080
8901,3605760000
8902,3606481920
8903,3607203840
8904,3607925760
8905,3608647680
8906,3609369600
8907,3610091520
8908,3610813440
8909,3611535360
8910,3612257280
8911,3612979200
8912,3613701120
8913,3614423040
8914,3615144960
8915,3615866880
8916,3616588800
8917,3617310720
8918,3618032640
8919,3618754560
8920,3619476480
8921,3620198400
8922,3620920320
8923,3621642240
8924,3622364160
8925,3623086080
8926,3623808000
8927,3624529920
8928,3625251840
8929,3625977600
8930,3626703360
8931,3627429120
8932,3628154880
8933,3628880640
8934,3629606400
8935,3630332160
8936,3631057920
8937,3631783680
8938,3632509440
8939,3633235200
8940,3633960960
8941,3634686720
8942,3635412480
8943,3636138240
8944,3636864000
8945,3637589760
8946,3638315520
8947,3639041280
8948,3639767040
8949,3640492800
8950,3641218560
8951,3641944320
8952,3642670080
8953,3643395840
8954,3644121600
8955,3644847360
8956,3645573120
8957,3646298880
8958,3647024640
8959,3647754240
8960,3648483840
8961,3649213440
8962,3649943040
8963,3650672640
8964,3651402240
8965,3652131840
8966,3652861440
8967,3653591040
8968,3654320640
8969,3655050240
8970,3655779840
8971,3656509440
8972,3657239040
8973,3657968640
8974,3658698240
8975,3659427840
8976,3660157440
8977,3660887040
8978,3661616640
8979,3662346240
8980,3663075840
8981,3663805440
8982,3664535040
8983,3665264640
8984,3665994240
8985,3666723840
8986,3667453440
8987,3668183040
8988,3668912640
8989,3669642240
8990,3670371840
8991,3671101440
8992,3671831040
8993,3672560640
8994,3673290240
8995,3674019840
8996,3674749440
8997,3675482880
8998,3676216320
8999,3676949760
9000,3677683200
9001,3678416640
9002,3679150080
9003,3679883520
9004,3680616960
9005,3681350400
9006,3682083840
9007,3682817280
9008,3683550720
9009,3684284160
9010,3685017600
9011,3685751040
9012,3686484480
9013,3687217920
9014,3687951360
9015,3688684800
9016,3689418240
9017,3690151680
9018,3690885120
9019,3691618560
9020,3692352000
9021,3693085440
9022,3693818880
9023,3694552320
9024,3695285760
9025,3696019200
9026,3696752640
9027,3697486080
9028,3698219520
9029,3698952960
9030,3699690240
9031,3700427520
9032,3701164800
9033,3701902080
9034,3702639360
9035,3703376640
9036,3704113920
9037,3704851200
9038,3705588480
9039,3706325760
9040,3707063040
9041,3707800320
9042,3708537600
9043,3709274880
9044,3710012160
9045,3710749440
9046,3711486720
9047,3712224000
9048,3712961280
9049,3713698560
9050,3714435840
9051,3715173120
9052,3715910400
9053,3716647680
9054,3717384960
9055,3718122240
9056,3718859520
9057,3719596800
9058,3720334080
9059,3721071360
9060,3721808640
9061,3722545920
9062,3723287040
9063,3724028160
9064,3724769280
9065,3725510400
9066,3726251520
9067,3726992640
9068,3727733760
9069,3728474880
9070,3729216000
9071,3729957120
9072,3730698240
9073,3731439360
9074,3732180480
9075,3732921600
9076,3733662720
9077,3734403840
9078,3735144960
9079,3735886080
9080,3736627200
9081,3737368320
9082,3738109440
9083,3738850560
9084,3739591680
9085,3740332800
9086,3741073920
9087,3741815040
9088,3742556160
9089,3743301120
9090,3744046080
9091,3744791040
9092,3745536000
9093,3746280960
9094,3747025920
9095,3747770880
9096,3748515840
9097,3749260800
9098,3750005760
9099,3750750720
9100,3751495680
9101,3752240640
9102,3752985600
9103,3753730560
9104,3754475520
9105,3755220480
9106,3755965440
9107,3756710400
9108,3757455360
9109,3758200320
9110,3758945280
9111,3759690240
9112,3760435200
9113,3761180160
9114,3761925120
9115,3762670080
9116,3763415040
9117,3764160000
9118,3764904960
9119,3765649920
9120,3766394880
9121,3767139840
9122,3767884800
9123,3768629760
9124,3769374720
9125,3770119680
9126,3770864640
9127,3771609600
9128,3772354560
9129,3773099520
9130,3773844480
9131,3774589440
9132,3775334400
9133,3776079360
9134,3776824320
9135,3777569280
9136,3778318080
9137,3779066880
9138,3779815680
9139,3780564480
9140,3781313280
9141,3782062080
9142,3782810880
9143,3783559680
9144,3784308480
9145,3785057280
9146,3785806080
9147,3786554880
9148,3787303680
9149,3788052480
9150,3788801280
9151,3789550080
9152,3790298880
9153,3791047680
9154,3791796480
9155,3792545280
9156,3793294080
9157,3794042880
9158,3794791680
9159,3795540480
9160,3796289280
9161,3797038080
9162,3797786880
9163,3798535680
9164,3799284480
9165,3800033280
9166,3800782080
9167,3801530880
9168,3802279680
9169,3803028480
9170,3803777280
9171,3804526080
9172,3805274880
9173,3806023680
9174,3806772480
9175,3807521280
9176,3808270080
9177,3809018880
9178,3809767680
9179,3810516480
9180,3811265280
9181,3812017920
9182,3812770560
9183,3813523200
9184,3814275840
9185,3815028480
9186,3815781120
9187,3816533760
9188,3817286400
9189,3818039040
9190,3818791680
9191,3819544320
9192,3820296960
9193,3821049600
9194,3821802240
9195,3822554880
9196,3823307520
9197,3824060160
9198,3824812800
9199,3825565440
9200,3826318080
9201,3827070720
9202,3827823360
9203,3828576000
9204,3829328640
9205,3830081280
9206,3830833920
9207,3831586560
9208,3832339200
9209,3833091840
9210,3833844480
9211,3834597120
9212,3835349760
9213,3836102400
9214,3836855040
9215,3837607680
9216,3838360320
9217,3839112960
9218,3839865600
9219,3840618240
9220,3841370880
9221,3842123520
9222,3842876160
9223,3843628800
9224,3844381440
9225,3845134080
9226,3845886720
9227,3846643200
9228,3847399680
9229,3848156160
9230,3848912640
9231,3849669120
9232,3850425600
9233,3851182080
9234,3851938560
9235,3852695040
9236,3853451520
9237,3854208000
9238,3854964480
9239,3855720960
9240,3856477440
9241,3857233920
9242,3857990400
9243,3858746880
9244,3859503360
9245,3860259840
9246,3861016320
9247,3861772800
9248,3862529280
9249,3863285760
9250,3864042240
9251,3864798720
9252,3865555200
9253,3866311680
9254,3867068160
9255,3867824640
9256,3868581120
9257,3869337600
9258,3870094080
9259,3870850560
9260,3871607040
9261,3872363520
9262,3873120000
9263,3873880320
9264,3874640640
9265,3875400960
9266,3876161280
9267,3876921600
9268,3877681920
9269,3878442240
9270,3879202560
9271,3879962880
9272,3880723200
9273,3881483520
9274,3882243840
9275,3883004160
9276,3883764480
9277,3884524800
9278,3885285120
9279,3886045440
9280,3886805760
9281,3887566080
9282,3888326400
9283,3889086720
9284,3889847040
9285,3890607360
9286,3891367680
9287,3892128000
9288,3892888320
9289,3893648640
9290,3894408960
9291,3895169280
9292,3895929600
9293,3896689920
9294,3897450240
9295,3898210560
9296,3898970880
9297,3899731200
9298,3900495360
9299,3901259520
9300,3902023680
9301,3902787840
9302,3903552000
9303,3904316160
9304,3905080320
9305,3905844480
9306,3906608640
9307,3907372800
9308,3908136960
9309,3908901120
9310,3909665280
9311,3910429440
9312,3911193600
9313,3911957760
9314,3912721920
9315,3913486080
9316,3914250240
9317,3915014400
9318,3915778560
9319,3916542720
9320,3917306880
9321,3918071040
9322,3918835200
9323,3919599360
9324,3920363520
9325,3921127680
9326,3921891840
9327,3922656000
9328,3923420160
9329,3924184320
9330,3924948480
9331,3925712640
9332,3926476800
9333,3927240960
9334,3928005120
9335,3928769280
9336,3929537280
9337,3930305280
9338,3931073280
9339,3931841280
9340,3932609280
9341,3933377280
9342,3934145280
9343,3934913280
9344,3935681280
9345,3936449280
9346,3937217280
9347,3937985280
9348,3938753280
9349,3939521280
9350,3940289280
9351,3941057280
9352,3941825280
9353,3942593280
9354,3943361280
9355,3944129280
9356,3944897280
9357,3945665280
9358,3946433280
9359,3947201280
9360,3947969280
9361,3948737280
9362,3949505280
9363,3950273280
9364,3951041280
9365,3951809280
9366,3952577280
9367,3953345280
9368,3954113280
9369,3954881280
9370,3955649280
9371,3956417280
9372,3957185280
9373,3957953280
9374,3958721280
9375,3959489280
9376,3960257280
9377,3961029120
9378,3961800960
9379,3962572800
9380,3963344640
9381,3964116480
9382,3964888320
9383,3965660160
9384,3966432000
9385,3967203840
9386,3967975680
9387,3968747520
9388,3969519360
9389,3970291200
9390,3971063040
9391,3971834880
9392,3972606720
9393,3973378560
9394,3974150400
9395,3974922240
9396,3975694080
9397,3976465920
9398,3977237760
9399,3978009600
9400,3978781440
9401,3979553280
9402,3980325120
9403,3981096960
9404,3981868800
9405,3982640640
9406,3983412480
9407,3984184320
9408,3984956160
9409,3985728000
9410,3986499840
9411,3987275520
9412,3988051200
9413,3988826880
9414,3989602560
9415,3990378240
9416,3991153920
9417,3991929600
9418,3992705280
9419,3993480960
9420,3994256640
9421,3995032320
9422,3995808000
9423,3996583680
9424,3997359360
9425,3998135040
9426,3998910720
9427,3999686400
9428,4000462080
9429,4001237760
9430,4002013440
9431,4002789120
9432,4003564800
9433,4004340480
9434,4005116160
9435,4005891840
9436,4006667520
9437,4007443200
9438,4008218880
9439,4008994560
9440,4009770240
9441,4010545920
9442,4011321600
9443,4012097280
9444,4012872960
9445,4013648640
9446,4014424320
9447,4015200000
9448,4015975680
9449,4016751360
9450,4017527040
9451,4018302720
9452,4019078400
9453,4019854080
9454,4020629760
9455,4021405440
9456,4022181120
9457,4022956800
9458,4023732480
9459,4024508160
9460,4025283840
9461,4026059520
9462,4026839040
9463,4027618560
9464,4028398080
9465,4029177600
9466,4029957120
9467,4030736640
9468,4031516160
9469,4032295680
9470,4033075200
9471,4033854720
9472,4034634240
9473,4035413760
9474,4036193280
9475,4036972800
9476,4037752320
9477,4038531840
9478,4039311360
9479,4040090880
9480,4040870400
9481,4041649920
9482,4042429440
9483,4043208960
9484,4043988480
9485,4044768000
9486,4045547520
9487,4046327040
9488,4047106560
9489,4047886080
9490,4048665600
9491,4049445120
9492,4050224640
9493,4051004160
9494,4051783680
9495,4052563200
9496,4053342720
9497,4054122240
9498,4054901760
9499,4055681280
9500,4056460800
9501,4057240320
9502,4058023680
9503,4058807040
9504,4059590400
9505,4060373760
9506,4061157120
9507,4061940480
9508,4062723840
9509,4063507200
9510,4064290560
9511,4065073920
9512,4065857280
9513,4066640640
9514,4067424000
9515,4068207360
9516,4068990720
9517,4069774080
9518,4070557440
9519,4071340800
9520,4072124160
9521,4072907520
9522,4073690880
9523,4074474240
9524,4075257600
9525,4076040960
9526,4076824320
9527,4077607680
9528,4078391040
9529,4079174400
9530,4079961600
9531,4080748800
9532,4081536000
9533,4082323200
9534,4083110400
9535,4083897600
9536,4084684800
9537,4085472000
9538,4086259200
9539,4087046400
9540,4087833600
9541,4088620800
9542,4089408000
9543,4090195200
9544,4090982400
9545,4091769600
9546,4092556800
9547,4093344000
9548,4094131200
9549,4094918400
9550,4095705600
9551,4096492800
9552,4097280000
9553,4098067200
9554,4098854400
9555,4099641600
9556,4100428800
9557,4101216000
9558,4102003200
9559,4102790400
9560,4103577600
9561,4104364800
9562,4105152000
9563,4105939200
9564,4106726400
9565,4107513600
9566,4108304640
9567,4109095680
9568,4109886720
9569,4110677760
9570,4111468800
9571,4112259840
9572,4113050880
9573,4113841920
9574,4114632960
9575,4115424000
9576,4116215040
9577,4117006080
9578,4117797120
9579,4118588160
9580,4119379200
9581,4120170240
9582,4120961280
9583,4121752320
9584,4122543360
9585,4123334400
9586,4124125440
9587,4124916480
9588,4125707520
9589,4126498560
9590,4127289600
9591,4128080640
9592,4128871680
9593,4129662720
9594,4130453760
9595,4131244800
9596,4132035840
9597,4132826880
9598,4133617920
9599,4134408960
9600,4135200000
9601,4135991040
9602,4136782080
9603,4137576960
9604,4138371840
9605,4139166720
9606,4139961600
9607,4140756480
9608,4141551360
9609,4142346240
9610,4143141120
9611,4143936000
9612,4144730880
9613,4145525760
9614,4146320640
9615,4147115520
9616,4147910400
9617,4148705280
9618,4149500160
9619,4150295040
9620,4151089920
9621,4151884800
9622,4152679680
9623,4153474560
9624,4154269440
9625,4155064320
9626,4155859200
9627,4156654080
9628,4157448960
9629,4158243840
9630,4159038720
9631,4159833600
9632,4160628480
9633,4161423360
9634,4162218240
9635,4163013120
9636,4163808000
9637,4164602880
9638,4165397760
9639,4166192640
9640,4166987520
9641,4167782400
9642,4168577280
9643,4169372160
9644,4170170880
9645,4170969600
9646,4171768320
9647,4172567040
9648,4173365760
9649,4174164480
9650,4174963200
9651,4175761920
9652,4176560640
9653,4177359360
9654,4178158080
9655,4178956800
9656,4179755520
9657,4180554240
9658,4181352960
9659,4182151680
9660,4182950400
9661,4183749120
9662,4184547840
9663,4185346560
9664,4186145280
9665,4186944000
9666,4187742720
9667,4188541440
9668,4189340160
9669,4190138880
9670,4190937600
9671,4191736320
9672,4192535040
9673,4193333760
9674,4194132480
9675,4194931200
9676,4195729920
9677,4196528640
9678,4197327360
9679,4198126080
9680,4198924800
9681,4199723520
9682,4200522240
9683,4201324800
9684,4202127360
9685,4202929920
9686,4203732480
9687,4204535040
9688,4205337600
9689,4206140160
9690,4206942720
9691,4207745280
9692,4208547840
9693,4209350400
9694,4210152960
9695,4210955520
9696,4211758080
9697,4212560640
9698,4213363200
9699,4214165760
9700,4214968320
9701,4215770880
9702,4216573440
9703,4217376000
9704,4218178560
9705,4218981120
9706,4219783680
9707,4220586240
9708,4221392640
9709,4222199040
9710,4223005440
9711,4223811840
9712,4224618240
9713,4225424640
9714,4226231040
9715,4227037440
9716,4227843840
9717,4228650240
9718,4229456640
9719,4230263040
9720,4231069440
9721,4231875840
9722,4232682240
9723,4233488640
9724,4234295040
9725,4235101440
9726,4235907840
9727,4236714240
9728,4237520640
9729,4238327040
9730,4239133440
9731,4239939840
9732,4240746240
9733,4241552640
9734,4242359040
9735,4243165440
9736,4243971840
9737,4244778240
9738,4245584640
9739,4246391040
9740,4247197440
9741,4248003840
9742,4248814080
9743,4249624320
9744,4250434560
9745,4251244800
9746,4252055040
9747,4252865280
9748,4253675520
9749,4254485760
9750,4255296000
9751,4256106240
9752,4256916480
9753,4257726720
9754,4258536960
9755,4259347200
9756,4260157440
9757,4260967680
9758,4261777920
9759,4262588160
9760,4263398400
9761,4264208640
9762,4265018880
9763,4265829120
9764,4266639360
9765,4267449600
9766,4268259840
9767,4269070080
9768,4269880320
9769,4270694400
9770,4271508480
9771,4272322560
9772,4273136640
9773,4273950720
9774,4274764800
9775,4275578880
9776,4276392960
9777,4277207040
9778,4278021120
9779,4278835200
9780,4279649280
9781,4280463360
9782,4281277440
9783,4282091520
9784,4282905600
9785,4283719680
9786,4284533760
9787,4285347840
9788,4286161920
9789,4286976000
9790,4287790080
9791,4288604160
9792,4289418240
9793,4290232320
9794,4291046400
9795,4291860480
9796,4292674560
9797,4293488640
9798,4294302720
9799,4295116800
9800,4295930880
9801,4296744960
9802,4297559040
9803,4298376960
9804,4299194880
9805,4300012800
9806,4300830720
9807,4301648640
9808,4302466560
9809,4303284480
9810,4304102400
9811,4304920320
9812,4305738240
9813,4306556160
9814,4307374080
9815,4308192000
9816,4309009920
9817,4309827840
9818,4310645760
9819,4311463680
9820,4312281600
9821,4313099520
9822,4313917440
9823,4314735360
9824,4315553280
9825,4316371200
9826,4317189120
9827,4318007040
9828,4318824960
9829,4319642880
9830,4320460800
9831,4321278720
9832,4322096640
9833,4322914560
9834,4323732480
9835,4324550400
9836,4325368320
9837,4326190080
9838,4327011840
9839,4327833600
9840,4328655360
9841,4329477120
9842,4330298880
9843,4331120640
9844,4331942400
9845,4332764160
9846,4333585920
9847,4334407680
9848,4335229440
9849,4336051200
9850,4336872960
9851,4337694720
9852,4338516480
9853,4339338240
9854,4340160000
9855,4340981760
9856,4341803520
9857,4342625280
9858,4343447040
9859,4344268800
9860,4345090560
9861,4345912320
9862,4346734080
9863,4347555840
9864,4348377600
9865,4349199360
9866,4350021120
9867,4350842880
9868,4351664640
9869,4352486400
9870,4353308160
9871,4354129920
9872,4354951680
9873,4355773440
9874,4356599040
9875,4357424640
9876,4358250240
9877,4359075840
9878,4359901440
9879,4360727040
9880,4361552640
9881,4362378240
9882,4363203840
9883,4364029440
9884,4364855040
9885,4365680640
9886,4366506240
9887,4367331840
9888,4368157440
9889,4368983040
9890,4369808640
9891,4370634240
9892,4371459840
9893,4372285440
9894,4373111040
9895,4373936640
9896,4374762240
9897,4375587840
9898,4376413440
9899,4377239040
9900,4378064640
9901,4378890240
9902,4379715840
9903,4380541440
9904,4381367040
9905,4382196480
9906,4383025920
9907,4383855360
9908,4384684800
9909,4385514240
9910,4386343680
9911,4387173120
9912,4388002560
9913,4388832000
9914,4389661440
9915,4390490880
9916,4391320320
9917,4392149760
9918,4392979200
9919,4393808640
9920,4394638080
9921,4395467520
9922,4396296960
9923,4397126400
9924,4397955840
9925,4398785280
9926,4399614720
9927,4400444160
9928,4401273600
9929,4402103040
9930,4402932480
9931,4403761920
9932,4404591360
9933,4405420800
9934,4406250240
9935,4407079680
9936,4407909120
9937,4408738560
9938,4409568000
9939,4410397440
9940,4411226880
9941,4412056320
9942,4412889600
9943,4413722880
9944,4414556160
9945,4415389440
9946,4416222720
9947,4417056000
9948,4417889280
9949,4418722560
9950,4419555840
9951,4420389120
9952,4421222400
9953,4422055680
9954,4422888960
9955,4423722240
9956,4424555520
9957,4425388800
9958,4426222080
9959,4427055360
9960,4427888640
9961,4428721920
9962,4429555200
9963,4430388480
9964,4431221760
9965,4432055040
9966,4432888320
9967,4433721600
9968,4434554880
9969,4435388160
9970,4436221440
9971,4437054720
9972,4437888000
9973,4438721280
9974,4439558400
9975,4440395520
9976,4441232640
9977,4442069760
9978,4442906880
9979,4443744000
9980,4444581120
9981,4445418240
9982,4446255360
9983,4447092480
9984,4447929600
9985,4448766720
9986,4449603840
9987,4450440960
9988,4451278080
9989,4452115200
9990,4452952320
9991,4453789440
9992,4454626560
9993,4455463680
9994,4456300800
9995,4457137920
9996,4457975040
9997,4458812160
9998,4459649280
9999,4460490240
10000,4461331200
10001,4462172160
10002,4463013120
10003,4463854080
10004,4464695040
10005,4465536000
10006,4466376960
10007,4467217920
10008,4468058880
10009,4468899840
10010,4469740800
10011,4470581760
10012,4471422720
10013,4472263680
10014,4473104640
10015,4473945600
10016,4474786560
10017,4475627520
10018,4476468480
10019,4477309440
10020,4478150400
10021,4478991360
10022,4479832320
10023,4480673280
10024,4481514240
10025,4482355200
10026,4483196160
10027,4484037120
10028,4484878080
10029,4485722880
10030,4486567680
10031,4487412480
10032,4488257280
10033,4489102080
10034,4489946880
10035,4490791680
10036,4491636480
10037,4492481280
10038,4493326080
10039,4494170880
10040,4495015680
10041,4495860480
10042,4496705280
10043,4497550080
10044,4498394880
10045,4499239680
10046,4500084480
10047,4500929280
10048,4501774080
10049,4502618880
10050,4503463680
10051,4504308480
10052,4505153280
10053,4506001920
10054,4506850560
10055,4507699200
10056,4508547840
10057,4509396480
10058,4510245120
10059,4511093760
10060,4511942400
10061,4512791040
10062,4513639680
10063,4514488320
10064,4515336960
10065,4516185600
10066,4517034240
10067,4517882880
10068,4518731520
10069,4519580160
10070,4520428800
10071,4521277440
10072,4522126080
10073,4522974720
10074,4523823360
10075,4524672000
10076,4525520640
10077,4526373120
10078,4527225600
10079,4528078080
10080,4528930560
10081,4529783040
10082,4530635520
10083,4531488000
10084,4532340480
10085,4533192960
10086,4534045440
10087,4534897920
10088,4535750400
10089,4536602880
10090,4537455360
10091,4538307840
10092,4539160320
10093,4540012800
10094,4540865280
10095,4541717760
10096,4542570240
10097,4543422720
10098,4544275200
10099,4545127680
10100,4545980160
10101,4546832640
10102,4547685120
10103,4548537600
10104,4549390080
10105,4550242560
10106,4551095040
10107,4551947520
10108,4552800000
10109,4553652480
10110,4554504960
10111,4555357440
10112,4556209920
10113,4557062400
10114,4557914880
10115,4558767360
10116,4559623680
10117,4560480000
10118,4561336320
10119,4562192640
10120,4563048960
10121,4563905280
10122,4564761600
10123,4565617920
10124,4566474240
10125,4567330560
10126,4568186880
10127,4569043200
10128,4569899520
10129,4570755840
10130,4571612160
10131,4572468480
10132,4573324800
10133,4574181120
10134,4575037440
10135,4575893760
10136,4576750080
10137,4577606400
10138,4578462720
10139,4579319040
10140,4580175360
10141,4581031680
10142,4581888000
10143,4582744320
10144,4583600640
10145,4584460800
10146,4585320960
10147,4586181120
10148,4587041280
10149,4587901440
10150,4588761600
10151,4589621760
10152,4590481920
10153,4591342080
10154,4592202240
10155,4593062400
10156,4593922560
10157,4594782720
10158,4595642880
10159,4596503040
10160,4597363200
10161,4598223360
10162,4599083520
10163,4599943680
10164,4600803840
10165,4601664000
10166,4602524160
10167,4603384320
10168,4604244480
10169,4605104640
10170,4605964800
10171,4606824960
10172,4607685120
10173,4608545280
10174,4609405440
10175,4610265600
10176,4611125760
10177,4611989760
10178,4612853760
10179,4613717760
10180,4614581760
10181,4615445760
10182,4616309760
10183,4617173760
10184,4618037760
10185,4618901760
10186,4619765760
10187,4620629760
10188,4621493760
10189,4622357760
10190,4623221760
10191,4624085760
10192,4624949760
10193,4625813760
10194,4626677760
10195,4627541760
10196,4628405760
10197,4629269760
10198,4630133760
10199,4630997760
10200,4631861760
10201,4632725760
10202,4633589760
10203,4634453760
10204,4635317760
10205,4636181760
10206,4637045760
10207,4637909760
10208,4638773760
10209,4639637760
10210,4640501760
10211,4641365760
10212,4642229760
10213,4643093760
10214,4643961600
10215,4644829440
10216,4645697280
10217,4646565120
10218,4647432960
10219,4648300800
10220,4649168640
10221,4650036480
10222,4650904320
10223,4651772160
10224,4652640000
10225,4653507840
10226,4654375680
10227,4655243520
10228,4656111360
10229,4656979200
10230,4657847040
10231,4658714880
10232,4659582720
10233,4660450560
10234,4661318400
10235,4662186240
10236,4663054080
10237,4663921920
10238,4664789760
10239,4665657600
10240,4666525440
10241,4667393280
10242,4668261120
10243,4669128960
10244,4669996800
10245,4670864640
10246,4671736320
10247,4672608000
10248,4673479680
10249,4674351360
10250,4675223040
10251,4676094720
10252,4676966400
10253,4677838080
10254,4678709760
10255,4679581440
10256,4680453120
10257,4681324800
10258,4682196480
10259,4683068160
10260,4683939840
10261,4684811520
10262,4685683200
10263,4686554880
10264,4687426560
10265,4688298240
10266,4689169920
10267,4690041600
10268,4690913280
10269,4691784960
10270,4692656640
10271,4693528320
10272,4694400000
10273,4695271680
10274,4696143360
10275,4697015040
10276,4697886720
10277,4698758400
10278,4699630080
10279,4700505600
10280,4701381120
10281,4702256640
10282,4703132160
10283,4704007680
10284,4704883200
10285,4705758720
10286,4706634240
10287,4707509760
10288,4708385280
10289,4709260800
10290,4710136320
10291,4711011840
10292,4711887360
10293,4712762880
10294,4713638400
10295,4714513920
10296,4715389440
10297,4716264960
10298,4717140480
10299,4718016000
10300,4718891520
10301,4719767040
10302,4720642560
10303,4721518080
10304,4722397440
10305,4723276800
10306,4724156160
10307,4725035520
10308,4725914880
10309,4726794240
10310,4727673600
10311,4728552960
10312,4729432320
10313,4730311680
10314,4731191040
10315,4732070400
10316,4732949760
10317,4733829120
10318,4734708480
10319,4735587840
10320,4736467200
10321,4737346560
10322,4738225920
10323,4739105280
10324,4739984640
10325,4740867840
10326,4741751040
10327,4742634240
10328,4743517440
10329,4744400640
10330,4745283840
10331,4746167040
10332,4747050240
10333,4747933440
10334,4748816640
10335,4749699840
10336,4750583040
10337,4751466240
10338,4752349440
10339,4753232640
10340,4754115840
10341,4754999040
10342,4755882240
10343,4756765440
10344,4757648640
10345,4758531840
10346,4759415040
10347,4760298240
10348,4761181440
10349,4762064640
10350,4762947840
10351,4763831040
10352,4764714240
10353,4765597440
10354,4766480640
10355,4767363840
10356,4768250880
10357,4769137920
10358,4770024960
10359,4770912000
10360,4771799040
10361,4772686080
10362,4773573120
10363,4774460160
10364,4775347200
10365,4776234240
10366,4777121280
10367,4778008320
10368,4778895360
10369,4779782400
10370,4780669440
10371,4781556480
10372,4782443520
10373,4783330560
10374,4784217600
10375,4785104640
10376,4785995520
10377,4786886400
10378,4787777280
10379,4788668160
10380,4789559040
10381,4790449920
10382,4791340800
10383,4792231680
10384,4793122560
10385,4794013440
10386,4794904320
10387,4795795200
10388,4796686080
10389,4797576960
10390,4798467840
10391,4799358720
10392,4800249600
10393,4801140480
10394,4802031360
10395,4802922240
10396,4803813120
10397,4804704000
10398,4805594880
10399,4806485760
10400,4807376640
10401,4808267520
10402,4809158400
10403,4810049280
10404,4810940160
10405,4811831040
10406,4812725760
10407,4813620480
10408,4814515200
10409,4815409920
10410,4816304640
10411,4817199360
10412,4818094080
10413,4818988800
10414,4819883520
10415,4820778240
10416,4821672960
10417,4822567680
10418,4823462400
10419,4824357120
10420,4825251840
10421,4826146560
10422,4827041280
10423,4827936000
10424,4828830720
10425,4829725440
10426,4830620160
10427,4831514880
10428,4832409600
10429,4833304320
10430,4834199040
10431,4835093760
10432,4835988480
10433,4836883200
10434,4837777920
10435,4838672640
10436,4839567360
10437,4840465920
10438,4841364480
10439,4842263040
10440,4843161600
10441,4844060160
10442,4844958720
10443,4845857280
10444,4846755840
10445,4847654400
10446,4848552960
10447,4849451520
10448,4850350080
10449,4851248640
10450,4852147200
10451,4853045760
10452,4853944320
10453,4854842880
10454,4855741440
10455,4856640000
10456,4857538560
10457,4858437120
10458,4859335680
10459,4860234240
10460,4861132800
10461,4862031360
10462,4862929920
10463,4863828480
10464,4864727040
10465,4865629440
10466,4866531840
10467,4867434240
10468,4868336640
10469,4869239040
10470,4870141440
10471,4871043840
10472,4871946240
10473,4872848640
10474,4873751040
10475,4874653440
10476,4875555840
10477,4876458240
10478,4877360640
10479,4878263040
10480,4879165440
10481,4880067840
10482,4880970240
10483,4881872640
10484,4882775040
10485,4883677440
10486,4884583680
10487,4885489920
10488,4886396160
10489,4887302400
10490,4888208640
10491,4889114880
10492,4890021120
10493,4890927360
10494,4891833600
10495,4892739840
10496,4893646080
10497,4894552320
10498,4895458560
10499,4896364800
10500,4897271040
10501,4898177280
10502,4899083520
10503,4899989760
10504,4900896000
10505,4901802240
10506,4902708480
10507,4903614720
10508,4904520960
10509,4905427200
10510,4906333440
10511,4907239680
10512,4908145920
10513,4909052160
10514,4909958400
10515,4910864640
10516,4911770880
10517,4912677120
10518,4913587200
10519,4914497280
10520,4915407360
10521,4916317440
10522,4917227520
10523,4918137600
10524,4919047680
10525,4919957760
10526,4920867840
10527,4921777920
10528,4922688000
10529,4923598080
10530,4924508160
10531,4925418240
10532,4926328320
10533,4927238400
10534,4928148480
10535,4929058560
10536,4929968640
10537,4930878720
10538,4931788800
10539,4932698880
10540,4933608960
10541,4934519040
10542,4935429120
10543,4936339200
10544,4937249280
10545,4938159360
10546,4939069440
10547,4939983360
10548,4940897280
10549,4941811200
10550,4942725120
10551,4943639040
10552,4944552960
10553,4945466880
10554,4946380800
10555,4947294720
10556,4948208640
10557,4949122560
10558,4950036480
10559,4950950400
10560,4951864320
10561,4952778240
10562,4953692160
10563,4954606080
10564,4955520000
10565,4956433920
10566,4957347840
10567,4958261760
10568,4959175680
10569,4960089600
10570,4961007360
10571,4961925120
10572,4962842880
10573,4963760640
10574,4964678400
10575,4965596160
10576,4966513920
10577,4967431680
10578,4968349440
10579,4969267200
10580,4970184960
10581,4971102720
10582,4972020480
10583,4972938240
10584,4973856000
10585,4974773760
10586,4975691520
10587,4976609280
10588,4977527040
10589,4978444800
10590,4979362560
10591,4980280320
10592,4981198080
10593,4982115840
10594,4983033600
10595,4983951360
10596,4984869120
10597,4985786880
10598,4986704640
10599,4987622400
10600,4988540160
10601,4989457920
10602,4990375680
10603,4991293440
10604,4992211200
10605,4993132800
10606,4994054400
10607,4994976000
10608,4995897600
10609,4996819200
10610,4997740800
10611,4998662400
10612,4999584000
10613,5000505600
10614,5001427200
10615,5002348800
10616,5003270400
10617,5004192000
10618,5005113600
10619,5006035200
10620,5006956800
10621,5007878400
10622,5008800000
10623,5009721600
10624,5010643200
10625,5011564800
10626,5012486400
10627,5013408000
10628,5014329600
10629,5015251200
10630,5016172800
10631,5017094400
10632,5018019840
10633,5018945280
10634,5019870720
10635,5020796160
10636,5021721600
10637,5022647040
10638,5023572480
10639,5024497920
10640,5025423360
10641,5026348800
10642,5027274240
10643,5028199680
10644,5029125120
10645,5030050560
10646,5030976000
10647,5031901440
10648,5032826880
10649,5033756160
10650,5034685440
10651,5035614720
10652,5036544000
10653,5037473280
10654,5038402560
10655,5039331840
10656,5040261120
10657,5041190400
10658,5042119680
10659,5043048960
10660,5043978240
10661,5044907520
10662,5045836800
10663,5046766080
10664,5047695360
10665,5048628480
10666,5049561600
10667,5050494720
10668,5051427840
10669,5052360960
10670,5053294080
10671,5054227200
10672,5055160320
10673,5056093440
10674,5057026560
10675,5057959680
10676,5058892800
10677,5059825920
10678,5060759040
10679,5061692160
10680,5062625280
10681,5063558400
10682,5064491520
10683,5065424640
10684,5066357760
10685,5067290880
10686,5068224000
10687,5069157120
10688,5070090240
10689,5071023360
10690,5071956480
10691,5072889600
10692,5073822720
10693,5074759680
10694,5075696640
10695,5076633600
10696,5077570560
10697,5078507520
10698,5079444480
10699,5080381440
10700,5081318400
10701,5082255360
10702,5083192320
10703,5084129280
10704,5085066240
10705,5086003200
10706,5086940160
10707,5087877120
10708,5088814080
10709,5089751040
10710,5090688000
10711,5091624960
10712,5092561920
10713,5093498880
10714,5094435840
10715,5095372800
10716,5096309760
10717,5097246720
10718,5098187520
10719,5099128320
10720,5100069120
10721,5101009920
10722,5101950720
10723,5102891520
10724,5103832320
10725,5104773120
10726,5105713920
10727,5106654720
10728,5107595520
10729,5108536320
10730,5109477120
10731,5110417920
10732,5111358720
10733,5112299520
10734,5113240320
10735,5114181120
10736,5115121920
10737,5116062720
10738,5117003520
10739,5117944320
10740,5118885120
10741,5119825920
10742,5120766720
10743,5121707520
10744,5122648320
10745,5123592960
10746,5124537600
10747,5125482240
10748,5126426880
10749,5127371520
10750,5128316160
10751,5129260800
10752,5130205440
10753,5131150080
10754,5132094720
10755,5133039360
10756,5133984000
10757,5134928640
10758,5135873280
10759,5136817920
10760,5137762560
10761,5138707200
10762,5139651840
10763,5140596480
10764,5141541120
10765,5142485760
10766,5143434240
10767,5144382720
10768,5145331200
10769,5146279680
10770,5147228160
10771,5148176640
10772,5149125120
10773,5150073600
10774,5151022080
10775,5151970560
10776,5152919040
10777,5153867520
10778,5154816000
10779,5155764480
10780,5156712960
10781,5157661440
10782,5158609920
10783,5159558400
10784,5160506880
10785,5161455360
10786,5162403840
10787,5163352320
10788,5164300800
10789,5165249280
10790,5166197760
10791,5167146240
10792,5168094720
10793,5169043200
10794,5169995520
10795,5170947840
10796,5171900160
10797,5172852480
10798,5173804800
10799,5174757120
10800,5175709440
10801,5176661760
10802,5177614080
10803,5178566400
10804,5179518720
10805,5180471040
10806,5181423360
10807,5182375680
10808,5183328000
10809,5184280320
10810,5185232640
10811,5186184960
10812,5187137280
10813,5188089600
10814,5189041920
10815,5189994240
10816,5190946560
10817,5191898880
10818,5192851200
10819,5193803520
10820,5194755840
10821,5195708160
10822,5196660480
10823,5197612800
10824,5198565120
10825,5199517440
10826,5200473600
10827,5201429760
10828,5202385920
10829,5203342080
10830,5204298240
10831,5205254400
10832,5206210560
10833,5207166720
10834,5208122880
10835,5209079040
10836,5210035200
10837,5210991360
10838,5211947520
10839,5212903680
10840,5213859840
10841,5214816000
10842,5215772160
10843,5216728320
10844,5217688320
10845,5218648320
10846,5219608320
10847,5220568320
10848,5221528320
10849,5222488320
10850,5223448320
10851,5224408320
10852,5225368320
10853,5226328320
10854,5227288320
10855,5228248320
10856,5229208320
10857,5230168320
10858,5231128320
10859,5232088320
10860,5233048320
10861,5234008320
10862,5234972160
10863,5235936000
10864,5236899840
10865,5237863680
10866,5238827520
10867,5239791360
10868,5240755200
10869,5241719040
10870,5242682880
10871,5243646720
10872,5244610560
10873,5245574400
10874,5246538240
10875,5247502080
10876,5248465920
10877,5249429760
10878,5250393600
10879,5251357440
10880,5252321280
10881,5253285120
10882,5254248960
10883,5255212800
10884,5256176640
10885,5257140480
10886,5258104320
10887,5259068160
10888,5260032000
10889,5260999680
10890,5261967360
10891,5262935040
10892,5263902720
10893,5264870400
10894,5265838080
10895,5266805760
10896,5267773440
10897,5268741120
10898,5269708800
10899,5270676480
10900,5271644160
10901,5272611840
10902,5273579520
10903,5274547200
10904,5275514880
10905,5276482560
10906,5277450240
10907,5278417920
10908,5279385600
10909,5280353280
10910,5281320960
10911,5282288640
10912,5283256320
10913,5284224000
10914,5285191680
10915,5286159360
10916,5287127040
10917,5288094720
10918,5289062400
10919,5290033920
10920,5291005440
10921,5291976960
10922,5292948480
10923,5293920000
10924,5294891520
10925,5295863040
10926,5296834560
10927,5297806080
10928,5298777600
10929,5299749120
10930,5300720640
10931,5301692160
10932,5302663680
10933,5303635200
10934,5304606720
10935,5305578240
10936,5306549760
10937,5307521280
10938,5308492800
10939,5309464320
10940,5310435840
10941,5311407360
10942,5312382720
10943,5313358080
10944,5314333440
10945,5315308800
10946,5316284160
10947,5317259520
10948,5318234880
10949,5319210240
10950,5320185600
10951,5321160960
10952,5322136320
10953,5323111680
10954,5324087040
10955,5325062400
10956,5326037760
10957,5327013120
10958,5327988480
10959,5328963840
10960,5329943040
10961,5330922240
10962,5331901440
10963,5332880640
10964,5333859840
10965,5334839040
10966,5335818240
10967,5336797440
10968,5337776640
10969,5338755840
10970,5339735040
10971,5340714240
10972,5341693440
10973,5342672640
10974,5343651840
10975,5344631040
10976,5345610240
10977,5346589440
10978,5347572480
10979,5348555520
10980,5349538560
10981,5350521600
10982,5351504640
10983,5352487680
10984,5353470720
10985,5354453760
10986,5355436800
10987,5356419840
10988,5357402880
10989,5358385920
10990,5359368960
10991,5360352000
10992,5361335040
10993,5362318080
10994,5363301120
10995,5364284160
10996,5365267200
10997,5366250240
10998,5367233280
10999,5368220160
11000,5369207040
11001,5370193920
11002,5371180800
11003,5372167680
11004,5373154560
11005,5374141440
11006,5375128320
11007,5376115200
11008,5377102080
11009,5378088960
11010,5379075840
11011,5380062720
11012,5381049600
11013,5382036480
11014,5383023360
11015,5384010240
11016,5384997120
11017,5385984000
11018,5386970880
11019,5387957760
11020,5388944640
11021,5389931520
11022,5390918400
11023,5391905280
11024,5392896000
11025,5393886720
11026,5394877440
11027,5395868160
11028,5396858880
11029,5397849600
11030,5398840320
11031,5399831040
11032,5400821760
11033,5401812480
11034,5402803200
11035,5403793920
11036,5404784640
11037,5405775360
11038,5406766080
11039,5407756800
11040,5408747520
11041,5409738240
11042,5410728960
11043,5411719680
11044,5412710400
11045,5413701120
11046,5414695680
11047,5415690240
11048,5416684800
11049,5417679360
11050,5418673920
11051,5419668480
11052,5420663040
11053,5421657600
11054,5422652160
11055,5423646720
11056,5424641280
11057,5425635840
11058,5426630400
11059,5427624960
11060,5428619520
11061,5429614080
11062,5430608640
11063,5431603200
11064,5432597760
11065,5433592320
11066,5434586880
11067,5435581440
11068,5436579840
11069,5437578240
11070,5438576640
11071,5439575040
11072,5440573440
11073,5441571840
11074,5442570240
11075,5443568640
11076,5444567040
11077,5445565440
11078,5446563840
11079,5447562240
11080,5448560640
11081,5449559040
11082,5450561280
11083,5451563520
11084,5452565760
11085,5453568000
11086,5454570240
11087,5455572480
11088,5456574720
11089,5457576960
11090,5458579200
11091,5459581440
11092,5460583680
11093,5461585920
11094,5462588160
11095,5463590400
11096,5464592640
11097,5465594880
11098,5466597120
11099,5467599360
11100,5468601600
11101,5469603840
11102,5470606080
11103,5471612160
11104,5472618240
11105,5473624320
11106,5474630400
11107,5475636480
11108,5476642560
11109,5477648640
11110,5478654720
11111,5479660800
11112,5480666880
11113,5481672960
11114,5482679040
11115,5483685120
11116,5484691200
11117,5485697280
11118,5486703360
11119,5487709440
11120,5488715520
11121,5489721600
11122,5490727680
11123,5491733760
11124,5492739840
11125,5493745920
11126,5494752000
11127,5495758080
11128,5496764160
11129,5497770240
11130,5498776320
11131,5499782400
11132,5500788480
11133,5501794560
11134,5502800640
11135,5503810560
11136,5504820480
11137,5505830400
11138,5506840320
11139,5507850240
11140,5508860160
11141,5509870080
11142,5510880000
11143,5511889920
11144,5512899840
11145,5513909760
11146,5514919680
11147,5515929600
11148,5516939520
11149,5517949440
11150,5518959360
11151,5519969280
11152,5520979200
11153,5521989120
11154,5523002880
11155,5524016640
11156,5525030400
11157,5526044160
11158,5527057920
11159,5528071680
11160,5529085440
11161,5530099200
11162,5531112960
11163,5532126720
11164,5533140480
11165,5534154240
11166,5535168000
11167,5536181760
11168,5537195520
11169,5538209280
11170,5539223040
11171,5540236800
11172,5541250560
11173,5542264320
11174,5543278080
11175,5544291840
11176,5545305600
11177,5546319360
11178,5547336960
11179,5548354560
11180,5549372160
11181,5550389760
11182,5551407360
11183,5552424960
11184,5553442560
11185,5554460160
11186,5555477760
11187,5556495360
11188,5557512960
11189,5558530560
11190,5559548160
11191,5560565760
11192,5561583360
11193,5562600960
11194,5563618560
11195,5564636160
11196,5565653760
11197,5566671360
11198,5567688960
11199,5568706560
11200,5569724160
11201,5570741760
11202,5571759360
11203,5572780800
11204,5573802240
11205,5574823680
11206,5575845120
11207,5576866560
11208,5577888000
11209,5578909440
11210,5579930880
11211,5580952320
11212,5581973760
11213,5582995200
11214,5584016640
11215,5585038080
11216,5586059520
11217,5587080960
11218,5588102400
11219,5589123840
11220,5590149120
11221,5591174400
11222,5592199680
11223,5593224960
11224,5594250240
11225,5595275520
11226,5596300800
11227,5597326080
11228,5598351360
11229,5599376640
11230,5600401920
11231,5601427200
11232,5602452480
11233,5603477760
11234,5604506880
11235,5605536000
11236,5606565120
11237,5607594240
11238,5608623360
11239,5609652480
11240,5610681600
11241,5611710720
11242,5612739840
11243,5613768960
11244,5614798080
11245,5615827200
11246,5616856320
11247,5617885440
11248,5618914560
11249,5619943680
11250,5620972800
11251,5622001920
11252,5623031040
11253,5624060160
11254,5625089280
11255,5626118400
11256,5627147520
11257,5628180480
11258,5629213440
11259,5630246400
11260,5631279360
11261,5632312320
11262,5633345280
11263,5634378240
11264,5635411200
11265,5636444160
11266,5637477120
11267,5638510080
11268,5639543040
11269,5640576000
11270,5641608960
11271,5642641920
11272,5643674880
11273,5644707840
11274,5645740800
11275,5646773760
11276,5647806720
11277,5648843520
11278,5649880320
11279,5650917120
11280,5651953920
11281,5652990720
11282,5654027520
11283,5655064320
11284,5656101120
11285,5657137920
11286,5658174720
11287,5659211520
11288,5660248320
11289,5661285120
11290,5662321920
11291,5663358720
11292,5664395520
11293,5665432320
11294,5666469120
11295,5667505920
11296,5668542720
11297,5669579520
11298,5670616320
11299,5671653120
11300,5672689920
11301,5673730560
11302,5674771200
11303,5675811840
11304,5676852480
11305,5677893120
11306,5678933760
11307,5679974400
11308,5681015040
11309,5682055680
11310,5683096320
11311,5684136960
11312,5685177600
11313,5686218240
11314,5687258880
11315,5688299520
11316,5689340160
11317,5690380800
11318,5691421440
11319,5692462080
11320,5693502720
11321,5694543360
11322,5695584000
11323,5696624640
11324,5697669120
11325,5698713600
11326,5699758080
11327,5700802560
11328,5701847040
11329,5702891520
11330,5703936000
11331,5704980480
11332,5706024960
11333,5707069440
11334,5708113920
11335,5709158400
11336,5710202880
11337,5711247360
11338,5712291840
11339,5713336320
11340,5714380800
11341,5715425280
11342,5716469760
11343,5717514240
11344,5718558720
11345,5719607040
11346,5720655360
11347,5721703680
11348,5722752000
11349,5723800320
11350,5724848640
11351,5725896960
11352,5726945280
11353,5727993600
11354,5729041920
11355,5730090240
11356,5731138560
11357,5732186880
11358,5733235200
11359,5734283520
11360,5735331840
11361,5736380160
11362,5737428480
11363,5738476800
11364,5739525120
11365,5740573440
11366,5741621760
11367,5742670080
11368,5743718400
11369,5744766720
11370,5745815040
11371,5746863360
11372,5747911680
11373,5748960000
11374,5750012160
11375,5751064320
11376,5752116480
11377,5753168640
11378,5754220800
11379,5755272960
11380,5756325120
11381,5757377280
11382,5758429440
11383,5759481600
11384,5760533760
11385,5761585920
11386,5762638080
11387,5763690240
11388,5764742400
11389,5765794560
11390,5766850560
11391,5767906560
11392,5768962560
11393,5770018560
11394,5771074560
11395,5772130560
11396,5773186560
11397,5774242560
11398,5775298560
11399,5776354560
11400,5777410560
11401,5778466560
11402,5779522560
11403,5780578560
11404,5781634560
11405,5782690560
11406,5783746560
11407,5784806400
11408,5785866240
11409,5786926080
11410,5787985920
11411,5789045760
11412,5790105600
11413,5791165440
11414,5792225280
11415,5793285120
11416,5794344960
11417,5795404800
11418,5796464640
11419,5797524480
11420,5798584320
11421,5799644160
11422,5800704000
11423,5801763840
11424,5802823680
11425,5803883520
11426,5804943360
11427,5806003200
11428,5807063040
11429,5808122880
11430,5809186560
11431,5810250240
11432,5811313920
11433,5812377600
11434,5813441280
11435,5814504960
11436,5815568640
11437,5816632320
11438,5817696000
11439,5818759680
11440,5819823360
11441,5820887040
11442,5821950720
11443,5823014400
11444,5824078080
11445,5825141760
11446,5826205440
11447,5827269120
11448,5828332800
11449,5829396480
11450,5830460160
11451,5831523840
11452,5832587520
11453,5833655040
11454,5834722560
11455,5835790080
11456,5836857600
11457,5837925120
11458,5838992640
11459,5840060160
11460,5841127680
11461,5842195200
11462,5843262720
11463,5844330240
11464,5845397760
11465,5846465280
11466,5847532800
11467,5848600320
11468,5849667840
11469,5850735360
11470,5851802880
11471,5852874240
11472,5853945600
11473,5855016960
11474,5856088320
11475,5857159680
11476,5858231040
11477,5859302400
11478,5860373760
11479,5861445120
11480,5862516480
11481,5863587840
11482,5864659200
11483,5865730560
11484,5866801920
11485,5867873280
11486,5868944640
11487,5870016000
11488,5871087360
11489,5872162560
11490,5873237760
11491,5874312960
11492,5875388160
11493,5876463360
11494,5877538560
11495,5878613760
11496,5879688960
11497,5880764160
11498,5881839360
11499,5882914560
11500,5883989760
11501,5885064960
11502,5886140160
11503,5887215360
11504,5888290560
11505,5889365760
11506,5890440960
11507,5891516160
11508,5892591360
11509,5893666560
11510,5894741760
11511,5895816960
11512,5896892160
11513,5897967360
11514,5899042560
11515,5900117760
11516,5901192960
11517,5902268160
11518,5903343360
11519,5904422400
11520,5905501440
11521,5906580480
11522,5907659520
11523,5908738560
11524,5909817600
11525,5910896640
11526,5911975680
11527,5913054720
11528,5914133760
11529,5915212800
11530,5916291840
11531,5917370880
11532,5918449920
11533,5919528960
11534,5920608000
11535,5921687040
11536,5922766080
11537,5923845120
11538,5924924160
11539,5926007040
11540,5927089920
11541,5928172800
11542,5929255680
11543,5930338560
11544,5931421440
11545,5932504320
11546,5933587200
11547,5934670080
11548,5935752960
11549,5936835840
11550,5937918720
11551,5939001600
11552,5940084480
11553,5941167360
11554,5942250240
11555,5943333120
11556,5944416000
11557,5945498880
11558,5946581760
11559,5947664640
11560,5948747520
11561,5949834240
11562,5950920960
11563,5952007680
11564,5953094400
11565,5954181120
11566,5955267840
11567,5956354560
11568,5957441280
11569,5958528000
11570,5959614720
11571,5960701440
11572,5961788160
11573,5962874880
11574,5963965440
11575,5965056000
11576,5966146560
11577,5967237120
11578,5968327680
11579,5969418240
11580,5970508800
11581,5971599360
11582,5972689920
11583,5973780480
11584,5974871040
11585,5975961600
11586,5977052160
11587,5978142720
11588,5979233280
11589,5980323840
11590,5981414400
11591,5982504960
11592,5983595520
11593,5984686080
11594,5985776640
11595,5986871040
11596,5987965440
11597,5989059840
11598,5990154240
11599,5991248640
11600,5992343040
11601,5993437440
11602,5994531840
11603,5995626240
11604,5996720640
11605,5997815040
11606,5998909440
11607,6000003840
11608,6001098240
11609,6002192640
11610,6003287040
11611,6004385280
11612,6005483520
11613,6006581760
11614,6007680000
11615,6008778240
11616,6009876480
11617,6010974720
11618,6012072960
11619,6013171200
11620,6014269440
11621,6015367680
11622,6016465920
11623,6017564160
11624,6018662400
11625,6019760640
11626,6020858880
11627,6021960960
11628,6023063040
11629,6024165120
11630,6025267200
11631,6026369280
11632,6027471360
11633,6028573440
11634,6029675520
11635,6030777600
11636,6031879680
11637,6032981760
11638,6034083840
11639,6035185920
11640,6036288000
11641,6037390080
11642,6038492160
11643,6039594240
11644,6040700160
11645,6041806080
11646,6042912000
11647,6044017920
11648,6045123840
11649,6046229760
11650,6047335680
11651,6048441600
11652,6049547520
11653,6050653440
11654,6051759360
11655,6052865280
11656,6053971200
11657,6055077120
11658,6056183040
11659,6057288960
11660,6058394880
11661,6059500800
11662,6060606720
11663,6061712640
11664,6062818560
11665,6063928320
11666,6065038080
11667,6066147840
11668,6067257600
11669,6068367360
11670,6069477120
11671,6070586880
11672,6071696640
11673,6072806400
11674,6073916160
11675,6075025920
11676,6076135680
11677,6077245440
11678,6078355200
11679,6079464960
11680,6080574720
11681,6081684480
11682,6082794240
11683,6083907840
11684,6085021440
11685,6086135040
11686,6087248640
11687,6088362240
11688,6089475840
11689,6090589440
11690,6091703040
11691,6092816640
11692,6093930240
11693,6095043840
11694,6096157440
11695,6097271040
11696,6098384640
11697,6099498240
11698,6100611840
11699,6101729280
11700,6102846720
11701,6103964160
11702,6105081600
11703,6106199040
11704,6107316480
11705,6108433920
11706,6109551360
11707,6110668800
11708,6111786240
11709,6112903680
11710,6114021120
11711,6115138560
11712,6116256000
11713,6117373440
11714,6118490880
11715,6119608320
11716,6120729600
11717,6121850880
11718,6122972160
11719,6124093440
11720,6125214720
11721,6126336000
11722,6127457280
11723,6128578560
11724,6129699840
11725,6130821120
11726,6131942400
11727,6133063680
11728,6134184960
11729,6135306240
11730,6136431360
11731,6137556480
11732,6138681600
11733,6139806720
11734,6140931840
11735,6142056960
11736,6143182080
11737,6144307200
11738,6145432320
11739,6146557440
11740,6147682560
11741,6148807680
11742,6149932800
11743,6151057920
11744,6152183040
11745,6153308160
11746,6154433280
11747,6155558400
11748,6156683520
11749,6157808640
11750,6158933760
11751,6160058880
11752,6161184000
11753,6162309120
11754,6163434240
11755,6164559360
11756,6165684480
11757,6166809600
11758,6167934720
11759,6169059840
11760,6170184960
11761,6171310080
11762,6172439040
11763,6173568000
11764,6174696960
11765,6175825920
11766,6176954880
11767,6178083840
11768,6179212800
11769,6180341760
11770,6181470720
11771,6182599680
11772,6183728640
11773,6184857600
11774,6185986560
11775,6187115520
11776,6188244480
11777,6189373440
11778,6190502400
11779,6191631360
11780,6192760320
11781,6193889280
11782,6195018240
11783,6196151040
11784,6197283840
11785,6198416640
11786,6199549440
11787,6200682240
11788,6201815040
11789,6202947840
11790,6204080640
11791,6205213440
11792,6206346240
11793,6207479040
11794,6208611840
11795,6209744640
11796,6210877440
11797,6212010240
11798,6213146880
11799,6214283520
11800,6215420160
11801,6216556800
11802,6217693440
11803,6218830080
11804,6219966720
11805,6221103360
11806,6222240000
11807,6223376640
11808,6224513280
11809,6225649920
11810,6226786560
11811,6227927040
11812,6229067520
11813,6230208000
11814,6231348480
11815,6232488960
11816,6233629440
11817,6234769920
11818,6235910400
11819,6237050880
11820,6238191360
11821,6239331840
11822,6240472320
11823,6241612800
11824,6242753280
11825,6243893760
11826,6245034240
11827,6246174720
11828,6247319040
11829,6248463360
11830,6249607680
11831,6250752000
11832,6251896320
11833,6253040640
11834,6254184960
11835,6255329280
11836,6256473600
11837,6257617920
11838,6258762240
11839,6259906560
11840,6261050880
11841,6262195200
11842,6263339520
11843,6264483840
11844,6265628160
11845,6266772480
11846,6267920640
11847,6269068800
11848,6270216960
11849,6271365120
11850,6272513280
11851,6273661440
11852,6274809600
11853,6275957760
11854,6277105920
11855,6278254080
11856,6279402240
11857,6280550400
11858,6281698560
11859,6282846720
11860,6283994880
11861,6285143040
11862,6286291200
11863,6287439360
11864,6288587520
11865,6289735680
11866,6290883840
11867,6292032000
11868,6293184000
11869,6294336000
11870,6295488000
11871,6296640000
11872,6297792000
11873,6298944000
11874,6300096000
11875,6301248000
11876,6302400000
11877,6303552000
11878,6304704000
11879,6305856000
11880,6307008000
11881,6308160000
11882,6309312000
11883,6310464000
11884,6311616000
11885,6312768000
11886,6313920000
11887,6315072000
11888,6316224000
11889,6317376000
11890,6318528000
11891,6319683840
11892,6320839680
11893,6321995520
11894,6323151360
11895,6324307200
11896,6325463040
11897,6326618880
11898,6327774720
11899,6328930560
11900,6330086400
11901,6331246080
11902,6332405760
11903,6333565440
11904,6334725120
11905,6335884800
11906,6337044480
11907,6338204160
11908,6339363840
11909,6340523520
11910,6341683200
11911,6342842880
11912,6344002560
11913,6345162240
11914,6346325760
11915,6347489280
11916,6348652800
11917,6349816320
11918,6350979840
11919,6352143360
11920,6353306880
11921,6354470400
11922,6355633920
11923,6356797440
11924,6357960960
11925,6359124480
11926,6360288000
11927,6361451520
11928,6362615040
11929,6363778560
11930,6364945920
11931,6366113280
11932,6367280640
11933,6368448000
11934,6369615360
11935,6370782720
11936,6371950080
11937,6373117440
11938,6374284800
11939,6375452160
11940,6376619520
11941,6377786880
11942,6378954240
11943,6380121600
11944,6381288960
11945,6382456320
11946,6383627520
11947,6384798720
11948,6385969920
11949,6387141120
11950,6388312320
11951,6389483520
11952,6390654720
11953,6391825920
11954,6392997120
11955,6394168320
11956,6395339520
11957,6396510720
11958,6397681920
11959,6398853120
11960,6400024320
11961,6401195520
11962,6402366720
11963,6403537920
11964,6404709120
11965,6405880320
11966,6407051520
11967,6408222720
11968,6409393920
11969,6410565120
11970,6411740160
11971,6412915200
11972,6414090240
11973,6415265280
11974,6416440320
11975,6417615360
11976,6418790400
11977,6419965440
11978,6421140480
11979,6422315520
11980,6423490560
11981,6424665600
11982,6425840640
11983,6427015680
11984,6428190720
11985,6429365760
11986,6430540800
11987,6431715840
11988,6432890880
11989,6434065920
11990,6435240960
11991,6436416000
11992,6437591040
11993,6438769920
11994,6439948800
11995,6441127680
11996,6442306560
11997,6443485440
11998,6444664320
11999,6445843200
12000,6447022080
12001,6448200960
12002,6449379840
12003,6450558720
12004,6451737600
12005,6452916480
12006,6454095360
12007,6455274240
12008,6456453120
12009,6457632000
12010,6458810880
12011,6459989760
12012,6461168640
12013,6462351360
12014,6463534080
12015,6464716800
12016,6465899520
12017,6467082240
12018,6468264960
12019,6469447680
12020,6470630400
12021,6471813120
12022,6472995840
12023,6474178560
12024,6475361280
12025,6476544000
12026,6477726720
12027,6478909440
12028,6480092160
12029,6481274880
12030,6482457600
12031,6483640320
12032,6484823040
12033,6486005760
12034,6487188480
12035,6488375040
12036,6489561600
12037,6490748160
12038,6491934720
12039,6493121280
12040,6494307840
12041,6495494400
12042,6496680960
12043,6497867520
12044,6499054080
12045,6500240640
12046,6501427200
12047,6502613760
12048,6503800320
12049,6504986880
12050,6506173440
12051,6507360000
12052,6508550400
12053,6509740800
12054,6510931200
12055,6512121600
12056,6513312000
12057,6514502400
12058,6515692800
12059,6516883200
12060,6518073600
12061,6519264000
12062,6520454400
12063,6521644800
12064,6522835200
12065,6524025600
12066,6525216000
12067,6526406400
12068,6527596800
12069,6528787200
12070,6529977600
12071,6531168000
12072,6532358400
12073,6533552640
12074,6534746880
12075,6535941120
12076,6537135360
12077,6538329600
12078,6539523840
12079,6540718080
12080,6541912320
12081,6543106560
12082,6544300800
12083,6545495040
12084,6546693120
12085,6547891200
12086,6549089280
12087,6550287360
12088,6551485440
12089,6552683520
12090,6553881600
12091,6555079680
12092,6556277760
12093,6557475840
12094,6558673920
12095,6559872000
12096,6561070080
12097,6562268160
12098,6563466240
12099,6564664320
12100,6565862400
12101,6567060480
12102,6568258560
12103,6569456640
12104,6570654720
12105,6571852800
12106,6573054720
12107,6574256640
12108,6575458560
12109,6576660480
12110,6577862400
12111,6579064320
12112,6580266240
12113,6581468160
12114,6582670080
12115,6583872000
12116,6585073920
12117,6586275840
12118,6587477760
12119,6588679680
12120,6589881600
12121,6591083520
12122,6592285440
12123,6593487360
12124,6594689280
12125,6595891200
12126,6597093120
12127,6598295040
12128,6599500800
12129,6600706560
12130,6601912320
12131,6603118080
12132,6604323840
12133,6605529600
12134,6606735360
12135,6607941120
12136,6609146880
12137,6610352640
12138,6611558400
12139,6612764160
12140,6613969920
12141,6615175680
12142,6616381440
12143,6617587200
12144,6618796800
12145,6620006400
12146,6621216000
12147,6622425600
12148,6623635200
12149,6624844800
12150,6626054400
12151,6627264000
12152,6628473600
12153,6629683200
12154,6630892800
12155,6632102400
12156,6633312000
12157,6634521600
12158,6635735040
12159,6636948480
12160,6638161920
12161,6639375360
12162,6640588800
12163,6641802240
12164,6643015680
12165,6644229120
12166,6645442560
12167,6646656000
12168,6647869440
12169,6649082880
12170,6650296320
12171,6651509760
12172,6652723200
12173,6653936640
12174,6655150080
12175,6656363520
12176,6657580800
12177,6658798080
12178,6660015360
12179,6661232640
12180,6662449920
12181,6663667200
12182,6664884480
12183,6666101760
12184,6667319040
12185,6668536320
12186,6669753600
12187,6670970880
12188,6672188160
12189,6673405440
12190,6674622720
12191,6675843840
12192,6677064960
12193,6678286080
12194,6679507200
12195,6680728320
12196,6681949440
12197,6683170560
12198,6684391680
12199,6685612800
12200,6686833920
12201,6688055040
12202,6689276160
12203,6690497280
12204,6691718400
12205,6692939520
12206,6694160640
12207,6695381760
12208,6696602880
12209,6697824000
12210,6699045120
12211,6700266240
12212,6701487360
12213,6702712320
12214,6703937280
12215,6705162240
12216,6706387200
12217,6707612160
12218,6708837120
12219,6710062080
12220,6711287040
12221,6712512000
12222,6713736960
12223,6714961920
12224,6716190720
12225,6717419520
12226,6718648320
12227,6719877120
12228,6721105920
12229,6722334720
12230,6723563520
12231,6724792320
12232,6726021120
12233,6727249920
12234,6728478720
12235,6729707520
12236,6730936320
12237,6732165120
12238,6733393920
12239,6734622720
12240,6735855360
12241,6737088000
12242,6738320640
12243,6739553280
12244,6740785920
12245,6742018560
12246,6743251200
12247,6744483840
12248,6745716480
12249,6746949120
12250,6748181760
12251,6749414400
12252,6750647040
12253,6751879680
12254,6753112320
12255,6754344960
12256,6755577600
12257,6756810240
12258,6758042880
12259,6759275520
12260,6760508160
12261,6761740800
12262,6762973440
12263,6764206080
12264,6765442560
12265,6766679040
12266,6767915520
12267,6769152000
12268,6770388480
12269,6771624960
12270,6772861440
12271,6774097920
12272,6775334400
12273,6776570880
12274,6777807360
12275,6779043840
12276,6780280320
12277,6781516800
12278,6782753280
12279,6783993600
12280,6785233920
12281,6786474240
12282,6787714560
12283,6788954880
12284,6790195200
12285,6791435520
12286,6792675840
12287,6793916160
12288,6795156480
12289,6796396800
12290,6797640960
12291,6798885120
12292,6800129280
12293,6801373440
12294,6802617600
12295,6803861760
12296,6805105920
12297,6806350080
12298,6807594240
12299,6808838400
12300,6810082560
12301,6811326720
12302,6812570880
12303,6813815040
12304,6815059200
12305,6816303360
12306,6817547520
12307,6818791680
12308,6820039680
12309,6821287680
12310,6822535680
12311,6823783680
12312,6825031680
12313,6826279680
12314,6827527680
12315,6828775680
12316,6830023680
12317,6831271680
12318,6832519680
12319,6833767680
12320,6835015680
12321,6836263680
12322,6837511680
12323,6838759680
12324,6840007680
12325,6841259520
12326,6842511360
12327,6843763200
12328,6845015040
12329,6846266880
12330,6847518720
12331,6848770560
12332,6850022400
12333,6851274240
12334,6852526080
12335,6853777920
12336,6855029760
12337,6856281600
12338,6857533440
12339,6858785280
12340,6860037120
12341,6861288960
12342,6862544640
12343,6863800320
12344,6865056000
12345,6866311680
12346,6867567360
12347,6868823040
12348,6870078720
12349,6871334400
12350,6872590080
12351,6873845760
12352,6875101440
12353,6876357120
12354,6877612800
12355,6878868480
12356,6880128000
12357,6881387520
12358,6882647040
12359,6883906560
12360,6885166080
12361,6886425600
12362,6887685120
12363,6888944640
12364,6890204160
12365,6891467520
12366,6892730880
12367,6893994240
12368,6895257600
12369,6896520960
12370,6897784320
12371,6899047680
12372,6900311040
12373,6901574400
12374,6902837760
12375,6904101120
12376,6905364480
12377,6906627840
12378,6907891200
12379,6909154560
12380,6910417920
12381,6911681280
12382,6912948480
12383,6914215680
12384,6915482880
12385,6916750080
12386,6918017280
12387,6919284480
12388,6920551680
12389,6921818880
12390,6923086080
12391,6924353280
12392,6925620480
12393,6926887680
12394,6928154880
12395,6929422080
12396,6930693120
12397,6931964160
12398,6933235200
12399,6934506240
12400,6935777280
12401,6937048320
12402,6938319360
12403,6939590400
12404,6940861440
12405,6942136320
12406,6943411200
12407,6944686080
12408,6945960960
12409,6947235840
12410,6948510720
12411,6949785600
12412,6951060480
12413,6952335360
12414,6953614080
12415,6954892800
12416,6956171520
12417,6957450240
12418,6958728960
12419,6960007680
12420,6961286400
12421,6962565120
12422,6963843840
12423,6965122560
12424,6966401280
12425,6967680000
12426,6968958720
12427,6970241280
12428,6971523840
12429,6972806400
12430,6974088960
12431,6975371520
12432,6976654080
12433,6977936640
12434,6979219200
12435,6980501760
12436,6981784320
12437,6983066880
12438,6984349440
12439,6985632000
12440,6986914560
12441,6988197120
12442,6989479680
12443,6990762240
12444,6992044800
12445,6993327360
12446,6994609920
12447,6995892480
12448,6997178880
12449,6998465280
12450,6999751680
12451,7001038080
12452,7002324480
12453,7003610880
12454,7004897280
12455,7006183680
12456,7007470080
12457,7008756480
12458,7010042880
12459,7011329280
12460,7012615680
12461,7013902080
12462,7015188480
12463,7016474880
12464,7017765120
12465,7019055360
12466,7020345600
12467,7021635840
12468,7022926080
12469,7024216320
12470,7025506560
12471,7026796800
12472,7028087040
12473,7029377280
12474,7030671360
12475,7031965440
12476,7033259520
12477,7034553600
12478,7035847680
12479,7037141760
12480,7038435840
12481,7039729920
12482,7041024000
12483,7042318080
12484,7043612160
12485,7044906240
12486,7046200320
12487,7047494400
12488,7048788480
12489,7050082560
12490,7051376640
12491,7052670720
12492,7053964800
12493,7055258880
12494,7056552960
12495,7057847040
12496,7059141120
12497,7060435200
12498,7061729280
12499,7063027200
12500,7064325120
12501,7065623040
12502,7066920960
12503,7068218880
12504,7069516800
12505,7070814720
12506,7072112640
12507,7073410560
12508,7074708480
12509,7076010240
12510,7077312000
12511,7078613760
12512,7079915520
12513,7081217280
12514,7082519040
12515,7083820800
12516,7085122560
12517,7086424320
12518,7087726080
12519,7089027840
12520,7090329600
12521,7091635200
12522,7092940800
12523,7094246400
12524,7095552000
12525,7096857600
12526,7098163200
12527,7099468800
12528,7100774400
12529,7102080000
12530,7103385600
12531,7104691200
12532,7105996800
12533,7107302400
12534,7108608000
12535,7109913600
12536,7111219200
12537,7112524800
12538,7113830400
12539,7115136000
12540,7116441600
12541,7117747200
12542,7119052800
12543,7120362240
12544,7121671680
12545,7122981120
12546,7124290560
12547,7125600000
12548,7126909440
12549,7128218880
12550,7129528320
12551,7130837760
12552,7132147200
12553,7133456640
12554,7134766080
12555,7136075520
12556,7137384960
12557,7138694400
12558,7140003840
12559,7141313280
12560,7142626560
12561,7143939840
12562,7145253120
12563,7146566400
12564,7147879680
12565,7149192960
12566,7150506240
12567,7151819520
12568,7153132800
12569,7154446080
12570,7155759360
12571,7157072640
12572,7158385920
12573,7159699200
12574,7161012480
12575,7162325760
12576,7163639040
12577,7164952320
12578,7166265600
12579,7167582720
12580,7168899840
12581,7170216960
12582,7171534080
12583,7172851200
12584,7174168320
12585,7175485440
12586,7176802560
12587,7178119680
12588,7179436800
12589,7180753920
12590,7182071040
12591,7183388160
12592,7184709120
12593,7186030080
12594,7187351040
12595,7188672000
12596,7189992960
12597,7191313920
12598,7192634880
12599,7193955840
12600,7195276800
12601,7196597760
12602,7197918720
12603,7199239680
12604,7200564480
12605,7201889280
12606,7203214080
12607,7204538880
12608,7205863680
12609,7207188480
12610,7208513280
12611,7209838080
12612,7211162880
12613,7212487680
12614,7213812480
12615,7215137280
12616,7216462080
12617,7217790720
12618,7219119360
12619,7220448000
12620,7221776640
12621,7223105280
12622,7224433920
12623,7225762560
12624,7227091200
12625,7228423680
12626,7229756160
12627,7231088640
12628,7232421120
12629,7233753600
12630,7235086080
12631,7236418560
12632,7237751040
12633,7239083520
12634,7240416000
12635,7241748480
12636,7243080960
12637,7244413440
12638,7245745920
12639,7247078400
12640,7248410880
12641,7249743360
12642,7251075840
12643,7252412160
12644,7253748480
12645,7255084800
12646,7256421120
12647,7257757440
12648,7259093760
12649,7260430080
12650,7261766400
12651,7263102720
12652,7264439040
12653,7265775360
12654,7267111680
12655,7268448000
12656,7269784320
12657,7271120640
12658,7272460800
12659,7273800960
12660,7275141120
12661,7276481280
12662,7277821440
12663,7279161600
12664,7280501760
12665,7281841920
12666,7283182080
12667,7284522240
12668,7285862400
12669,7287202560
12670,7288542720
12671,7289882880
12672,7291223040
12673,7292563200
12674,7293903360
12675,7295247360
12676,7296591360
12677,7297935360
12678,7299279360
12679,7300623360
12680,7301967360
12681,7303311360
12682,7304655360
12683,7305999360
12684,7307343360
12685,7308687360
12686,7310031360
12687,7311375360
12688,7312719360
12689,7314063360
12690,7315407360
12691,7316751360
12692,7318095360
12693,7319439360
12694,7320787200
12695,7322135040
12696,7323482880
12697,7324830720
12698,7326178560
12699,7327526400
12700,7328874240
12701,7330222080
12702,7331569920
12703,7332921600
12704,7334273280
12705,7335624960
12706,7336976640
12707,7338328320
12708,7339680000
12709,7341031680
12710,7342383360
12711,7343735040
12712,7345086720
12713,7346438400
12714,7347790080
12715,7349141760
12716,7350493440
12717,7351845120
12718,7353200640
12719,7354556160
12720,7355911680
12721,7357267200
12722,7358622720
12723,7359978240
12724,7361333760
12725,7362689280
12726,7364048640
12727,7365408000
12728,7366767360
12729,7368126720
12730,7369486080
12731,7370845440
12732,7372204800
12733,7373564160
12734,7374923520
12735,7376282880
12736,7377646080
12737,7379009280
12738,7380372480
12739,7381735680
12740,7383098880
12741,7384462080
12742,7385825280
12743,7387188480
12744,7388551680
12745,7389914880
12746,7391278080
12747,7392645120
12748,7394012160
12749,7395379200
12750,7396746240
12751,7398113280
12752,7399480320
12753,7400847360
12754,7402214400
12755,7403581440
12756,7404948480
12757,7406315520
12758,7407682560
12759,7409049600
12760,7410416640
12761,7411783680
12762,7413154560
12763,7414525440
12764,7415896320
12765,7417267200
12766,7418638080
12767,7420008960
12768,7421379840
12769,7422750720
12770,7424121600
12771,7425492480
12772,7426863360
12773,7428234240
12774,7429605120
12775,7430976000
12776,7432346880
12777,7433717760
12778,7435092480
12779,7436467200
12780,7437841920
12781,7439216640
12782,7440591360
12783,7441966080
12784,7443340800
12785,7444715520
12786,7446090240
12787,7447464960
12788,7448843520
12789,7450222080
12790,7451600640
12791,7452979200
12792,7454357760
12793,7455736320
12794,7457114880
12795,7458493440
12796,7459872000
12797,7461250560
12798,7462629120
12799,7464007680
12800,7465386240
12801,7466764800
12802,7468143360
12803,7469521920
12804,7470900480
12805,7472279040
12806,7473657600
12807,7475040000
12808,7476422400
12809,7477804800
12810,7479187200
12811,7480569600
12812,7481952000
12813,7483334400
12814,7484716800
12815,7486099200
12816,7487481600
12817,7488864000
12818,7490250240
12819,7491636480
12820,7493022720
12821,7494408960
12822,7495795200
12823,7497181440
12824,7498567680
12825,7499953920
12826,7501340160
12827,7502726400
12828,7504112640
12829,7505498880
12830,7506885120
12831,7508271360
12832,7509657600
12833,7511043840
12834,7512430080
12835,7513816320
12836,7515202560
12837,7516588800
12838,7517978880
12839,7519368960
12840,7520759040
12841,7522149120
12842,7523539200
12843,7524929280
12844,7526319360
12845,7527709440
12846,7529099520
12847,7530493440
12848,7531887360
12849,7533281280
12850,7534675200
12851,7536069120
12852,7537463040
12853,7538856960
12854,7540250880
12855,7541644800
12856,7543042560
12857,7544440320
12858,7545838080
12859,7547235840
12860,7548633600
12861,7550031360
12862,7551429120
12863,7552826880
12864,7554224640
12865,7555622400
12866,7557020160
12867,7558417920
12868,7559815680
12869,7561213440
12870,7562615040
12871,7564016640
12872,7565418240
12873,7566819840
12874,7568221440
12875,7569623040
12876,7571024640
12877,7572426240
12878,7573827840
12879,7575229440
12880,7576631040
12881,7578032640
12882,7579434240
12883,7580835840
12884,7582237440
12885,7583639040
12886,7585040640
12887,7586442240
12888,7587847680
12889,7589253120
12890,7590658560
12891,7592064000
12892,7593469440
12893,7594874880
12894,7596280320
12895,7597685760
12896,7599091200
12897,7600496640
12898,7601905920
12899,7603315200
12900,7604724480
12901,7606133760
12902,7607543040
12903,7608952320
12904,7610361600
12905,7611770880
12906,7613180160
12907,7614589440
12908,7615998720
12909,7617408000
12910,7618821120
12911,7620234240
12912,7621647360
12913,7623060480
12914,7624473600
12915,7625886720
12916,7627299840
12917,7628712960
12918,7630126080
12919,7631539200
12920,7632952320
12921,7634365440
12922,7635778560
12923,7637191680
12924,7638608640
12925,7640025600
12926,7641442560
12927,7642859520
12928,7644276480
12929,7645693440
12930,7647110400
12931,7648527360
12932,7649944320
12933,7651361280
12934,7652782080
12935,7654202880
12936,7655623680
12937,7657044480
12938,7658465280
12939,7659886080
12940,7661306880
12941,7662727680
12942,7664148480
12943,7665569280
12944,7666990080
12945,7668410880
12946,7669835520
12947,7671260160
12948,7672684800
12949,7674109440
12950,7675534080
12951,7676958720
12952,7678383360
12953,7679808000
12954,7681232640
12955,7682657280
12956,7684081920
12957,7685510400
12958,7686938880
12959,7688367360
12960,7689795840
12961,7691224320
12962,7692652800
12963,7694081280
12964,7695509760
12965,7696938240
12966,7698370560
12967,7699802880
12968,7701235200
12969,7702667520
12970,7704099840
12971,7705532160
12972,7706964480
12973,7708396800
12974,7709829120
12975,7711261440
12976,7712693760
12977,7714126080
12978,7715558400
12979,7716990720
12980,7718423040
12981,7719855360
12982,7721287680
12983,7722720000
12984,7724156160
12985,7725592320
12986,7727028480
12987,7728464640
12988,7729900800
12989,7731336960
12990,7732773120
12991,7734209280
12992,7735645440
12993,7737081600
12994,7738521600
12995,7739961600
12996,7741401600
12997,7742841600
12998,7744281600
12999,7745721600
13000,7747161600
13001,7748601600
13002,7750041600
13003,7751481600
13004,7752921600
13005,7754365440
13006,7755809280
13007,7757253120
13008,7758696960
13009,7760140800
13010,7761584640
13011,7763028480
13012,7764472320
13013,7765916160
13014,7767363840
13015,7768811520
13016,7770259200
13017,7771706880
13018,7773154560
13019,7774602240
13020,7776049920
13021,7777497600
13022,7778945280
13023,7780392960
13024,7781840640
13025,7783288320
13026,7784736000
13027,7786183680
13028,7787631360
13029,7789079040
13030,7790530560
13031,7791982080
13032,7793433600
13033,7794885120
13034,7796336640
13035,7797788160
13036,7799239680
13037,7800691200
13038,7802142720
13039,7803594240
13040,7805045760
13041,7806497280
13042,7807948800
13043,7809400320
13044,7810851840
13045,7812303360
13046,7813754880
13047,7815206400
13048,7816657920
13049,7818113280
13050,7819568640
13051,7821024000
13052,7822479360
13053,7823934720
13054,7825390080
13055,7826845440
13056,7828300800
13057,7829756160
13058,7831211520
13059,7832666880
13060,7834122240
13061,7835577600
13062,7837032960
13063,7838488320
13064,7839947520
13065,7841406720
13066,7842865920
13067,7844325120
13068,7845784320
13069,7847243520
13070,7848702720
13071,7850161920
13072,7851621120
13073,7853080320
13074,7854539520
13075,7855998720
13076,7857461760
13077,7858924800
13078,7860387840
13079,7861850880
13080,7863313920
13081,7864776960
13082,7866240000
13083,7867706880
13084,7869173760
13085,7870640640
13086,7872107520
13087,7873574400
13088,7875041280
13089,7876508160
13090,7877975040
13091,7879445760
13092,7880916480
13093,7882387200
13094,7883857920
13095,7885328640
13096,7886799360
13097,7888270080
13098,7889744640
13099,7891219200
13100,7892693760
13101,7894168320
13102,7895642880
13103,7897117440
13104,7898592000
13105,7900066560
13106,7901541120
13107,7903015680
13108,7904490240
13109,7905964800
13110,7907439360
13111,7908913920
13112,7910388480
13113,7911863040
13114,7913341440
13115,7914819840
13116,7916298240
13117,7917776640
13118,7919255040
13119,7920733440
13120,7922211840
13121,7923690240
13122,7925168640
13123,7926650880
13124,7928133120
13125,7929615360
13126,7931097600
13127,7932579840
13128,7934062080
13129,7935544320
13130,7937026560
13131,7938512640
13132,7939998720
13133,7941484800
13134,7942970880
13135,7944456960
13136,7945943040
13137,7947429120
13138,7948915200
13139,7950405120
13140,7951895040
13141,7953384960
13142,7954874880
13143,7956364800
13144,7957854720
13145,7959344640
13146,7960834560
13147,7962328320
13148,7963822080
13149,7965315840
13150,7966809600
13151,7968303360
13152,7969797120
13153,7971290880
13154,7972784640
13155,7974278400
13156,7975772160
13157,7977265920
13158,7978763520
13159,7980261120
13160,7981758720
13161,7983256320
13162,7984753920
13163,7986251520
13164,7987749120
13165,7989246720
13166,7990744320
13167,7992241920
13168,7993739520
13169,7995237120
13170,7996734720
13171,7998236160
13172,7999737600
13173,8001239040
13174,8002740480
13175,8004241920
13176,8005743360
13177,8007244800
13178,8008746240
13179,8010251520
13180,8011756800
13181,8013262080
13182,8014767360
13183,8016272640
13184,8017777920
13185,8019283200
13186,8020788480
13187,8022293760
13188,8023799040
13189,8025304320
13190,8026809600
13191,8028314880
13192,8029820160
13193,8031329280
13194,8032838400
13195,8034347520
13196,8035856640
13197,8037365760
13198,8038874880
13199,8040384000
13200,8041893120
13201,8043402240
13202,8044911360
13203,8046420480
13204,8047929600
13205,8049442560
13206,8050955520
13207,8052468480
13208,8053981440
13209,8055494400
13210,8057007360
13211,8058520320
13212,8060033280
13213,8061546240
13214,8063059200
13215,8064572160
13216,8066085120
13217,8067598080
13218,8069114880
13219,8070631680
13220,8072148480
13221,8073665280
13222,8075182080
13223,8076698880
13224,8078215680
13225,8079732480
13226,8081253120
13227,8082773760
13228,8084294400
13229,8085815040
13230,8087335680
13231,8088856320
13232,8090376960
13233,8091901440
13234,8093425920
13235,8094950400
13236,8096474880
13237,8097999360
13238,8099523840
13239,8101048320
13240,8102572800
13241,8104097280
13242,8105621760
13243,8107150080
13244,8108678400
13245,8110210560
13246,8111742720
13247,8113274880
13248,8114807040
13249,8116339200
13250,8117871360
13251,8119403520
13252,8120935680
13253,8122467840
13254,8124000000
13255,8125532160
13256,8127064320
13257,8128596480
13258,8130128640
13259,8131664640
13260,8133200640
13261,8134736640
13262,8136272640
13263,8137808640
13264,8139344640
13265,8140880640
13266,8142416640
13267,8143952640
13268,8145488640
13269,8147024640
13270,8148560640
13271,8150096640
13272,8151632640
13273,8153172480
13274,8154712320
13275,8156252160
13276,8157792000
13277,8159331840
13278,8160871680
13279,8162411520
13280,8163951360
13281,8165491200
13282,8167031040
13283,8168570880
13284,8170114560
13285,8171658240
13286,8173201920
13287,8174745600
13288,8176289280
13289,8177832960
13290,8179376640
13291,8180920320
13292,8182464000
13293,8184007680
13294,8185551360
13295,8187095040
13296,8188638720
13297,8190186240
13298,8191733760
13299,8193281280
13300,8194828800
13301,8196376320
13302,8197923840
13303,8199471360
13304,8201018880
13305,8202566400
13306,8204113920
13307,8205661440
13308,8207208960
13309,8208756480
13310,8210304000
13311,8211851520
13312,8213399040
13313,8214950400
13314,8216501760
13315,8218053120
13316,8219604480
13317,8221155840
13318,8222707200
13319,8224258560
13320,8225809920
13321,8227361280
13322,8228912640
13323,8230467840
13324,8232023040
13325,8233578240
13326,8235133440
13327,8236688640
13328,8238243840
13329,8239799040
13330,8241354240
13331,8242913280
13332,8244472320
13333,8246031360
13334,8247590400
13335,8249149440
13336,8250708480
13337,8252267520
13338,8253826560
13339,8255385600
13340,8256944640
13341,8258503680
13342,8260066560
13343,8261629440
13344,8263192320
13345,8264755200
13346,8266318080
13347,8267880960
13348,8269443840
13349,8271006720
13350,8272569600
13351,8274132480
13352,8275699200
13353,8277265920
13354,8278832640
13355,8280399360
13356,8281966080
13357,8283532800
13358,8285099520
13359,8286666240
13360,8288232960
13361,8289799680
13362,8291366400
13363,8292933120
13364,8294499840
13365,8296070400
13366,8297640960
13367,8299211520
13368,8300782080
13369,8302352640
13370,8303923200
13371,8305493760
13372,8307064320
13373,8308634880
13374,8310205440
13375,8311776000
13376,8313350400
13377,8314924800
13378,8316499200
13379,8318073600
13380,8319648000
13381,8321222400
13382,8322796800
13383,8324371200
13384,8325945600
13385,8327520000
13386,8329094400
13387,8330672640
13388,8332250880
13389,8333829120
13390,8335407360
13391,8336985600
13392,8338563840
13393,8340142080
13394,8341720320
13395,8343298560
13396,8344876800
13397,8346455040
13398,8348037120
13399,8349619200
13400,8351201280
13401,8352783360
13402,8354365440
13403,8355947520
13404,8357529600
13405,8359111680
13406,8360697600
13407,8362283520
13408,8363869440
13409,8365455360
13410,8367041280
13411,8368627200
13412,8370213120
13413,8371799040
13414,8373384960
13415,8374970880
13416,8376556800
13417,8378142720
13418,8379728640
13419,8381314560
13420,8382900480
13421,8384486400
13422,8386072320
13423,8387658240
13424,8389244160
13425,8390830080
13426,8392416000
13427,8394001920
13428,8395587840
13429,8397173760
13430,8398759680
13431,8400345600
13432,8401935360
13433,8403525120
13434,8405114880
13435,8406704640
13436,8408294400
13437,8409884160
13438,8411473920
13439,8413063680
13440,8414653440
13441,8416243200
13442,8417832960
13443,8419426560
13444,8421020160
13445,8422613760
13446,8424207360
13447,8425800960
13448,8427394560
13449,8428988160
13450,8430581760
13451,8432179200
13452,8433776640
13453,8435374080
13454,8436971520
13455,8438568960
13456,8440166400
13457,8441763840
13458,8443361280
13459,8444958720
13460,8446560000
13461,8448161280
13462,8449762560
13463,8451363840
13464,8452965120
13465,8454566400
13466,8456167680
13467,8457768960
13468,8459370240
13469,8460971520
13470,8462572800
13471,8464174080
13472,8465775360
13473,8467380480
13474,8468985600
13475,8470590720
13476,8472195840
13477,8473800960
13478,8475406080
13479,8477011200
13480,8478616320
13481,8480225280
13482,8481834240
13483,8483443200
13484,8485052160
13485,8486661120
13486,8488270080
13487,8489879040
13488,8491488000
13489,8493096960
13490,8494705920
13491,8496314880
13492,8497923840
13493,8499532800
13494,8501145600
13495,8502758400
13496,8504371200
13497,8505984000
13498,8507596800
13499,8509209600
13500,8510822400
13501,8512435200
13502,8514048000
13503,8515664640
13504,8517281280
13505,8518897920
13506,8520514560
13507,8522131200
13508,8523747840
13509,8525368320
13510,8526988800
13511,8528609280
13512,8530229760
13513,8531850240
13514,8533470720
13515,8535091200
13516,8536715520
13517,8538339840
13518,8539964160
13519,8541588480
13520,8543212800
13521,8544837120
13522,8546461440
13523,8548089600
13524,8549717760
13525,8551345920
13526,8552974080
13527,8554602240
13528,8556230400
13529,8557858560
13530,8559486720
13531,8561114880
13532,8562743040
13533,8564371200
13534,8566003200
13535,8567635200
13536,8569267200
13537,8570899200
13538,8572531200
13539,8574163200
13540,8575799040
13541,8577434880
13542,8579070720
13543,8580706560
13544,8582342400
13545,8583978240
13546,8585614080
13547,8587249920
13548,8588885760
13549,8590521600
13550,8592161280
13551,8593800960
13552,8595440640
13553,8597080320
13554,8598720000
13555,8600359680
13556,8601999360
13557,8603639040
13558,8605278720
13559,8606918400
13560,8608558080
13561,8610197760
13562,8611841280
13563,8613484800
13564,8615128320
13565,8616771840
13566,8618415360
13567,8620058880
13568,8621702400
13569,8623349760
13570,8624997120
13571,8626644480
13572,8628291840
13573,8629939200
13574,8631586560
13575,8633233920
13576,8634881280
13577,8636528640
13578,8638176000
13579,8639827200
13580,8641478400
13581,8643129600
13582,8644780800
13583,8646432000
13584,8648083200
13585,8649734400
13586,8651385600
13587,8653036800
13588,8654688000
13589,8656339200
13590,8657990400
13591,8659641600
13592,8661292800
13593,8662944000
13594,8664595200
13595,8666250240
13596,8667905280
13597,8669560320
13598,8671215360
13599,8672870400
13600,8674525440
13601,8676180480
13602,8677835520
13603,8679490560
13604,8681145600
13605,8682800640
13606,8684459520
13607,8686118400
13608,8687777280
13609,8689436160
13610,8691095040
13611,8692753920
13612,8694412800
13613,8696071680
13614,8697730560
13615,8699389440
13616,8701048320
13617,8702707200
13618,8704366080
13619,8706024960
13620,8707687680
13621,8709350400
13622,8711013120
13623,8712675840
13624,8714338560
13625,8716001280
13626,8717664000
13627,8719330560
13628,8720997120
13629,8722663680
13630,8724330240
13631,8725996800
13632,8727663360
13633,8729329920
13634,8731000320
13635,8732670720
13636,8734341120
13637,8736011520
13638,8737681920
13639,8739356160
13640,8741030400
13641,8742704640
13642,8744378880
13643,8746053120
13644,8747727360
13645,8749401600
13646,8751075840
13647,8752750080
13648,8754424320
13649,8756102400
13650,8757780480
13651,8759458560
13652,8761136640
13653,8762814720
13654,8764492800
13655,8766170880
13656,8767848960
13657,8769527040
13658,8771208960
13659,8772890880
13660,8774572800
13661,8776254720
13662,8777936640
13663,8779622400
13664,8781308160
13665,8782993920
13666,8784679680
13667,8786365440
13668,8788051200
13669,8789736960
13670,8791422720
13671,8793112320
13672,8794801920
13673,8796491520
13674,8798181120
13675,8799870720
13676,8801560320
13677,8803253760
13678,8804947200
13679,8806640640
13680,8808334080
13681,8810027520
13682,8811720960
13683,8813418240
13684,8815115520
13685,8816812800
13686,8818510080
13687,8820207360
13688,8821904640
13689,8823601920
13690,8825299200
13691,8826996480
13692,8828697600
13693,8830398720
13694,8832099840
13695,8833800960
13696,8835505920
13697,8837210880
13698,8838915840
13699,8840620800
13700,8842325760
13701,8844030720
13702,8845735680
13703,8847440640
13704,8849145600
13705,8850850560
13706,8852555520
13707,8854260480
13708,8855969280
13709,8857678080
13710,8859386880
13711,8861095680
13712,8862804480
13713,8864513280
13714,8866222080
13715,8867930880
13716,8869639680
13717,8871352320
13718,8873064960
13719,8874777600
13720,8876490240
13721,8878202880
13722,8879915520
13723,8881628160
13724,8883340800
13725,8885057280
13726,8886773760
13727,8888490240
13728,8890206720
13729,8891923200
13730,8893639680
13731,8895356160
13732,8897072640
13733,8898789120
13734,8900505600
13735,8902222080
13736,8903938560
13737,8905658880
13738,8907379200
13739,8909099520
13740,8910819840
13741,8912540160
13742,8914260480
13743,8915980800
13744,8917701120
13745,8919421440
13746,8921141760
13747,8922865920
13748,8924590080
13749,8926314240
13750,8928038400
13751,8929762560
13752,8931486720
13753,8933210880
13754,8934935040
13755,8936659200
13756,8938383360
13757,8940107520
13758,8941831680
13759,8943559680
13760,8945287680
13761,8947015680
13762,8948743680
13763,8950471680
13764,8952199680
13765,8953927680
13766,8955655680
13767,8957387520
13768,8959119360
13769,8960851200
13770,8962583040
13771,8964314880
13772,8966046720
13773,8967778560
13774,8969510400
13775,8971242240
13776,8972974080
13777,8974705920
13778,8976437760
13779,8978169600
13780,8979905280
13781,8981640960
13782,8983376640
13783,8985112320
13784,8986848000
13785,8988583680
13786,8990319360
13787,8992055040
13788,8993790720
13789,8995526400
13790,8997265920
13791,8999005440
13792,9000744960
13793,9002484480
13794,9004224000
13795,9005963520
13796,9007706880
13797,9009450240
13798,9011193600
13799,9012936960
13800,9014680320
13801,9016423680
13802,9018170880
13803,9019918080
13804,9021665280
13805,9023412480
13806,9025159680
13807,9026906880
13808,9028654080
13809,9030401280
13810,9032148480
13811,9033899520
13812,9035650560
13813,9037401600
13814,9039152640
13815,9040903680
13816,9042654720
13817,9044405760
13818,9046156800
13819,9047907840
13820,9049658880
13821,9051409920
13822,9053160960
13823,9054912000
13824,9056663040
13825,9058414080
13826,9060168960
13827,9061923840
13828,9063678720
13829,9065433600
13830,9067188480
13831,9068947200
13832,9070705920
13833,9072468480
13834,9074231040
13835,9075993600
13836,9077756160
13837,9079518720
13838,9081281280
13839,9083043840
13840,9084806400
13841,9086572800
13842,9088339200
13843,9090105600
13844,9091872000
13845,9093638400
13846,9095404800
13847,9097175040
13848,9098945280
13849,9100715520
13850,9102485760
13851,9104256000
13852,9106026240
13853,9107796480
13854,9109566720
13855,9111336960
13856,9113111040
13857,9114885120
13858,9116659200
13859,9118433280
13860,9120207360
13861,9121981440
13862,9123755520
13863,9125529600
13864,9127303680
13865,9129077760
13866,9130855680
13867,9132633600
13868,9134411520
13869,9136189440
13870,9137971200
13871,9139752960
13872,9141534720
13873,9143316480
13874,9145098240
13875,9146880000
13876,9148661760
13877,9150443520
13878,9152225280
13879,9154007040
13880,9155792640
13881,9157578240
13882,9159363840
13883,9161149440
13884,9162935040
13885,9164720640
13886,9166506240
13887,9168291840
13888,9170077440
13889,9171863040
13890,9173652480
13891,9175441920
13892,9177231360
13893,9179020800
13894,9180810240
13895,9182599680
13896,9184389120
13897,9186178560
13898,9187971840
13899,9189765120
13900,9191558400
13901,9193351680
13902,9195144960
13903,9196938240
13904,9198731520
13905,9200524800
13906,9202318080
13907,9204111360
13908,9205908480
13909,9207705600
13910,9209502720
13911,9211299840
13912,9213096960
13913,9214894080
13914,9216695040
13915,9218496000
13916,9220296960
13917,9222097920
13918,9223898880
13919,9225703680
13920,9227508480
13921,9229313280
13922,9231118080
13923,9232922880
13924,9234727680
13925,9236532480
13926,9238337280
13927,9240142080
13928,9241946880
13929,9243755520
13930,9245564160
13931,9247372800
13932,9249185280
13933,9250997760
13934,9252810240
13935,9254622720
13936,9256435200
13937,9258247680
13938,9260060160
13939,9261876480
13940,9263692800
13941,9265509120
13942,9267325440
13943,9269141760
13944,9270961920
13945,9272782080
13946,9274602240
13947,9276422400
13948,9278246400
13949,9280070400
13950,9281894400
13951,9283718400
13952,9285542400
13953,9287366400
13954,9289194240
13955,9291022080
13956,9292849920
13957,9294677760
13958,9296505600
13959,9298333440
13960,9300165120
13961,9301996800
13962,9303828480
13963,9305660160
13964,9307491840
13965,9309323520
13966,9311155200
13967,9312986880
13968,9314818560
13969,9316650240
13970,9318485760
13971,9320321280
13972,9322156800
13973,9323992320
13974,9325827840
13975,9327663360
13976,9329502720
13977,9331342080
13978,9333181440
13979,9335020800
13980,9336860160
13981,9338699520
13982,9340538880
13983,9342378240
13984,9344217600
13985,9346056960
13986,9347900160
13987,9349743360
13988,9351586560
13989,9353429760
13990,9355272960
13991,9357116160
13992,9358959360
13993,9360802560
13994,9362645760
13995,9364492800
13996,9366339840
13997,9368186880
13998,9370033920
13999,9371880960
14000,9373728000
14001,9375575040
14002,9377422080
14003,9379269120
14004,9381120000
14005,9382970880
14006,9384821760
14007,9386672640
14008,9388523520
14009,9390378240
14010,9392232960
14011,9394087680
14012,9395942400
14013,9397797120
14014,9399651840
14015,9401506560
14016,9403361280
14017,9405216000
14018,9407070720
14019,9408929280
14020,9410787840
14021,9412646400
14022,9414504960
14023,9416363520
14024,9418222080
14025,9420084480
14026,9421946880
14027,9423809280
14028,9425671680
14029,9427534080
14030,9429396480
14031,9431262720
14032,9433128960
14033,9434995200
14034,9436861440
14035,9438727680
14036,9440593920
14037,9442460160
14038,9444330240
14039,9446200320
14040,9448070400
14041,9449940480
14042,9451810560
14043,9453684480
14044,9455558400
14045,9457432320
14046,9459306240
14047,9461180160
14048,9463054080
14049,9464928000
14050,9466801920
14051,9468675840
14052,9470553600
14053,9472431360
14054,9474309120
14055,9476186880
14056,9478064640
14057,9479942400
14058,9481820160
14059,9483697920
14060,9485579520
14061,9487461120
14062,9489342720
14063,9491224320
14064,9493105920
14065,9494987520
14066,9496869120
14067,9498754560
14068,9500640000
14069,9502525440
14070,9504410880
14071,9506300160
14072,9508189440
14073,9510078720
14074,9511968000
14075,9513857280
14076,9515746560
14077,9517635840
14078,9519525120
14079,9521414400
14080,9523307520
14081,9525200640
14082,9527093760
14083,9528986880
14084,9530880000
14085,9532773120
14086,9534666240
14087,9536563200
14088,9538460160
14089,9540357120
14090,9542254080
14091,9544151040
14092,9546048000
14093,9547944960
14094,9549841920
14095,9551742720
14096,9553643520
14097,9555544320
14098,9557445120
14099,9559345920
14100,9561246720
14101,9563147520
14102,9565048320
14103,9566949120
14104,9568849920
14105,9570750720
14106,9572655360
14107,9574560000
14108,9576464640
14109,9578369280
14110,9580273920
14111,9582178560
14112,9584087040
14113,9585995520
14114,9587904000
14115,9589812480
14116,9591720960
14117,9593629440
14118,9595537920
14119,9597450240
14120,9599362560
14121,9601274880
14122,9603187200
14123,9605099520
14124,9607015680
14125,9608931840
14126,9610848000
14127,9612764160
14128,9614680320
14129,9616600320
14130,9618520320
14131,9620440320
14132,9622360320
14133,9624280320
14134,9626204160
14135,9628128000
14136,9630051840
14137,9631975680
14138,9633899520
14139,9635823360
14140,9637747200
14141,9639671040
14142,9641594880
14143,9643518720
14144,9645442560
14145,9647366400
14146,9649294080
14147,9651221760
14148,9653149440
14149,9655077120
14150,9657004800
14151,9658932480
14152,9660860160
14153,9662787840
14154,9664719360
14155,9666650880
14156,9668582400
14157,9670513920
14158,9672445440
14159,9674380800
14160,9676316160
14161,9678251520
14162,9680186880
14163,9682122240
14164,9684057600
14165,9685992960
14166,9687928320
14167,9689867520
14168,9691806720
14169,9693745920
14170,9695685120
14171,9697624320
14172,9699563520
14173,9701506560
14174,9703449600
14175,9705392640
14176,9707335680
14177,9709278720
14178,9711221760
14179,9713164800
14180,9715107840
14181,9717050880
14182,9718993920
14183,9720936960
14184,9722883840
14185,9724830720
14186,9726777600
14187,9728724480
14188,9730671360
14189,9732618240
14190,9734565120
14191,9736512000
14192,9738462720
14193,9740413440
14194,9742364160
14195,9744314880
14196,9746265600
14197,9748216320
14198,9750167040
14199,9752121600
14200,9754076160
14201,9756030720
14202,9757985280
14203,9759939840
14204,9761894400
14205,9763852800
14206,9765811200
14207,9767769600
14208,9769728000
14209,9771686400
14210,9773644800
14211,9775603200
14212,9777565440
14213,9779527680
14214,9781489920
14215,9783452160
14216,9785414400
14217,9787380480
14218,9789346560
14219,9791312640
14220,9793278720
14221,9795244800
14222,9797210880
14223,9799176960
14224,9801143040
14225,9803109120
14226,9805075200
14227,9807041280
14228,9809007360
14229,9810977280
14230,9812947200
14231,9814917120
14232,9816890880
14233,9818864640
14234,9820838400
14235,9822812160
14236,9824785920
14237,9826763520
14238,9828741120
14239,9830722560
14240,9832704000
14241,9834685440
14242,9836666880
14243,9838648320
14244,9840629760
14245,9842615040
14246,9844600320
14247,9846585600
14248,9848570880
14249,9850556160
14250,9852541440
14251,9854530560
14252,9856519680
14253,9858508800
14254,9860497920
14255,9862490880
14256,9864483840
14257,9866476800
14258,9868469760
14259,9870462720
14260,9872455680
14261,9874448640
14262,9876441600
14263,9878438400
14264,9880435200
14265,9882432000
14266,9884432640
14267,9886433280
14268,9888433920
14269,9890434560
14270,9892435200
14271,9894439680
14272,9896444160
14273,9898448640
14274,9900456960
14275,9902465280
14276,9904473600
14277,9906481920
14278,9908490240
14279,9910502400
14280,9912514560
14281,9914526720
14282,9916538880
14283,9918551040
14284,9920563200
14285,9922579200
14286,9924595200
14287,9926611200
14288,9928631040
14289,9930650880
14290,9932670720
14291,9934690560
14292,9936714240
14293,9938737920
14294,9940761600
14295,9942785280
14296,9944808960
14297,9946836480
14298,9948864000
14299,9950891520
14300,9952919040
14301,9954950400
14302,9956981760
14303,9959013120
14304,9961044480
14305,9963075840
14306,9965107200
14307,9967138560
14308,9969169920
14309,9971201280
14310,9973232640
14311,9975267840
14312,9977303040
14313,9979338240
14314,9981373440
14315,9983408640
14316,9985443840
14317,9987482880
14318,9989521920
14319,9991560960
14320,9993600000
14321,9995639040
14322,9997678080
14323,9999717120
14324,10001760000
14325,10003802880
14326,10005845760
14327,10007888640
14328,10009931520
14329,10011974400
14330,10014017280
14331,10016060160
14332,10018103040
14333,10020145920
14334,10022188800
14335,10024231680
14336,10026278400
14337,10028325120
14338,10030371840
14339,10032418560
14340,10034469120
14341,10036519680
14342,10038570240
14343,10040620800
14344,10042671360
14345,10044725760
14346,10046780160
14347,10048838400
14348,10050896640
14349,10052958720
14350,10055020800
14351,10057082880
14352,10059144960
14353,10061207040
14354,10063269120
14355,10065331200
14356,10067397120
14357,10069463040
14358,10071528960
14359,10073594880
14360,10075664640
14361,10077734400
14362,10079804160
14363,10081873920
14364,10083943680
14365,10086017280
14366,10088090880
14367,10090164480
14368,10092238080
14369,10094311680
14370,10096385280
14371,10098462720
14372,10100540160
14373,10102617600
14374,10104698880
14375,10106780160
14376,10108861440
14377,10110942720
14378,10113024000
14379,10115105280
14380,10117186560
14381,10119267840
14382,10121352960
14383,10123438080
14384,10125523200
14385,10127608320
14386,10129693440
14387,10131782400
14388,10133871360
14389,10135964160
14390,10138056960
14391,10140149760
14392,10142242560
14393,10144335360
14394,10146432000
14395,10148528640
14396,10150625280
14397,10152725760
14398,10154826240
14399,10156926720
14400,10159027200
14401,10161127680
14402,10163228160
14403,10165328640
14404,10167429120
14405,10169529600
14406,10171630080
14407,10173734400
14408,10175838720
14409,10177943040
14410,10180051200
14411,10182159360
14412,10184267520
14413,10186379520
14414,10188491520
14415,10190603520
14416,10192715520
14417,10194827520
14418,10196939520
14419,10199055360
14420,10201171200
14421,10203287040
14422,10205402880
14423,10207518720
14424,10209634560
14425,10211750400
14426,10213866240
14427,10215982080
14428,10218097920
14429,10220217600
14430,10222337280
14431,10224456960
14432,10226576640
14433,10228700160
14434,10230823680
14435,10232947200
14436,10235074560
14437,10237201920
14438,10239329280
14439,10241456640
14440,10243584000
14441,10245715200
14442,10247846400
14443,10249977600
14444,10252112640
14445,10254247680
14446,10256382720
14447,10258517760
14448,10260652800
14449,10262787840
14450,10264922880
14451,10267061760
14452,10269200640
14453,10271339520
14454,10273478400
14455,10275617280
14456,10277760000
14457,10279902720
14458,10282045440
14459,10284188160
14460,10286334720
14461,10288481280
14462,10290627840
14463,10292774400
14464,10294920960
14465,10297067520
14466,10299217920
14467,10301372160
14468,10303526400
14469,10305684480
14470,10307842560
14471,10310004480
14472,10312166400
14473,10314328320
14474,10316490240
14475,10318652160
14476,10320814080
14477,10322976000
14478,10325141760
14479,10327307520
14480,10329473280
14481,10331642880
14482,10333812480
14483,10335982080
14484,10338151680
14485,10340321280
14486,10342490880
14487,10344664320
14488,10346837760
14489,10349011200
14490,10351184640
14491,10353358080
14492,10355531520
14493,10357704960
14494,10359878400
14495,10362051840
14496,10364229120
14497,10366406400
14498,10368583680
14499,10370760960
14500,10372938240
14501,10375119360
14502,10377300480
14503,10379485440
14504,10381670400
14505,10383855360
14506,10386040320
14507,10388225280
14508,10390414080
14509,10392602880
14510,10394795520
14511,10396988160
14512,10399180800
14513,10401377280
14514,10403573760
14515,10405770240
14516,10407966720
14517,10410163200
14518,10412359680
14519,10414556160
14520,10416752640
14521,10418949120
14522,10421149440
14523,10423349760
14524,10425550080
14525,10427754240
14526,10429958400
14527,10432162560
14528,10434366720
14529,10436570880
14530,10438775040
14531,10440979200
14532,10443183360
14533,10445391360
14534,10447599360
14535,10449807360
14536,10452019200
14537,10454231040
14538,10456442880
14539,10458654720
14540,10460866560
14541,10463082240
14542,10465297920
14543,10467513600
14544,10469729280
14545,10471948800
14546,10474168320
14547,10476387840
14548,10478611200
14549,10480834560
14550,10483057920
14551,10485281280
14552,10487504640
14553,10489728000
14554,10491955200
14555,10494182400
14556,10496409600
14557,10498636800
14558,10500867840
14559,10503098880
14560,10505329920
14561,10507560960
14562,10509792000
14563,10512026880
14564,10514261760
14565,10516496640
14566,10518731520
14567,10520966400
14568,10523201280
14569,10525436160
14570,10527674880
14571,10529913600
14572,10532152320
14573,10534391040
14574,10536629760
14575,10538872320
14576,10541114880
14577,10543357440
14578,10545600000
14579,10547842560
14580,10550085120
14581,10552327680
14582,10554574080
14583,10556820480
14584,10559066880
14585,10561317120
14586,10563567360
14587,10565817600
14588,10568067840
14589,10570318080
14590,10572568320
14591,10574822400
14592,10577076480
14593,10579330560
14594,10581584640
14595,10583838720
14596,10586096640
14597,10588354560
14598,10590612480
14599,10592870400
14600,10595128320
14601,10597386240
14602,10599644160
14603,10601905920
14604,10604167680
14605,10606433280
14606,10608702720
14607,10610972160
14608,10613241600
14609,10615514880
14610,10617788160
14611,10620061440
14612,10622334720
14613,10624608000
14614,10626885120
14615,10629162240
14616,10631439360
14617,10633716480
14618,10635993600
14619,10638274560
14620,10640555520
14621,10642836480
14622,10645117440
14623,10647402240
14624,10649687040
14625,10651971840
14626,10654256640
14627,10656541440
14628,10658830080
14629,10661118720
14630,10663407360
14631,10665696000
14632,10667984640
14633,10670277120
14634,10672569600
14635,10674865920
14636,10677162240
14637,10679458560
14638,10681754880
14639,10684051200
14640,10686351360
14641,10688651520
14642,10690955520
14643,10693259520
14644,10695563520
14645,10697871360
14646,10700179200
14647,10702487040
14648,10704794880
14649,10707102720
14650,10709410560
14651,10711718400
14652,10714026240
14653,10716337920
14654,10718649600
14655,10720965120
14656,10723280640
14657,10725596160
14658,10727911680
14659,10730227200
14660,10732542720
14661,10734862080
14662,10737181440
14663,10739500800
14664,10741824000
14665,10744147200
14666,10746470400
14667,10748797440
14668,10751124480
14669,10753451520
14670,10755778560
14671,10758105600
14672,10760436480
14673,10762767360
14674,10765098240
14675,10767429120
14676,10769763840
14677,10772098560
14678,10774433280
14679,10776771840
14680,10779110400
14681,10781448960
14682,10783787520
14683,10786126080
14684,10788468480
14685,10790810880
14686,10793153280
14687,10795495680
14688,10797838080
14689,10800184320
14690,10802530560
14691,10804876800
14692,10807223040
14693,10809569280
14694,10811919360
14695,10814269440
14696,10816619520
14697,10818973440
14698,10821327360
14699,10823681280
14700,10826039040
14701,10828396800
14702,10830754560
14703,10833112320
14704,10835473920
14705,10837835520
14706,10840200960
14707,10842566400
14708,10844931840
14709,10847297280
14710,10849662720
14711,10852032000
14712,10854401280
14713,10856770560
14714,10859139840
14715,10861509120
14716,10863878400
14717,10866247680
14718,10868620800
14719,10870993920
14720,10873367040
14721,10875740160
14722,10878113280
14723,10880486400
14724,10882863360
14725,10885240320
14726,10887617280
14727,10889994240
14728,10892375040
14729,10894755840
14730,10897136640
14731,10899521280
14732,10901905920
14733,10904290560
14734,10906675200
14735,10909059840
14736,10911444480
14737,10913832960
14738,10916221440
14739,10918609920
14740,10920998400
14741,10923390720
14742,10925783040
14743,10928175360
14744,10930571520
14745,10932971520
14746,10935371520
14747,10937771520
14748,10940175360
14749,10942579200
14750,10944983040
14751,10947386880
14752,10949790720
14753,10952198400
14754,10954606080
14755,10957013760
14756,10959421440
14757,10961829120
14758,10964240640
14759,10966652160
14760,10969063680
14761,10971479040
14762,10973894400
14763,10976309760
14764,10978725120
14765,10981140480
14766,10983559680
14767,10985978880
14768,10988398080
14769,10990817280
14770,10993236480
14771,10995655680
14772,10998082560
14773,11000509440
14774,11002936320
14775,11005367040
14776,11007797760
14777,11010228480
14778,11012663040
14779,11015097600
14780,11017532160
14781,11019966720
14782,11022405120
14783,11024843520
14784,11027281920
14785,11029720320
14786,11032158720
14787,11034600960
14788,11037043200
14789,11039485440
14790,11041927680
14791,11044369920
14792,11046816000
14793,11049262080
14794,11051712000
14795,11054161920
14796,11056611840
14797,11059061760
14798,11061515520
14799,11063969280
14800,11066423040
14801,11068876800
14802,11071330560
14803,11073788160
14804,11076245760
14805,11078703360
14806,11081164800
14807,11083626240
14808,11086087680
14809,11088549120
14810,11091010560
14811,11093472000
14812,11095937280
14813,11098402560
14814,11100867840
14815,11103333120
14816,11105802240
14817,11108271360
14818,11110740480
14819,11113213440
14820,11115686400
14821,11118159360
14822,11120632320
14823,11123105280
14824,11125578240
14825,11128055040
14826,11130535680
14827,11133020160
14828,11135504640
14829,11137989120
14830,11140473600
14831,11142961920
14832,11145450240
14833,11147938560
14834,11150426880
14835,11152919040
14836,11155411200
14837,11157903360
14838,11160395520
14839,11162887680
14840,11165379840
14841,11167872000
14842,11170364160
14843,11172856320
14844,11175348480
14845,11177844480
14846,11180340480
14847,11182836480
14848,11185332480
14849,11187828480
14850,11190328320
14851,11192828160
14852,11195328000
14853,11197827840
14854,11200327680
14855,11202827520
14856,11205327360
14857,11207831040
14858,11210334720
14859,11212838400
14860,11215342080
14861,11217849600
14862,11220357120
14863,11222864640
14864,11225376000
14865,11227887360
14866,11230398720
14867,11232910080
14868,11235425280
14869,11237940480
14870,11240455680
14871,11242970880
14872,11245486080
14873,11248001280
14874,11250516480
14875,11253035520
14876,11255554560
14877,11258077440
14878,11260600320
14879,11263123200
14880,11265646080
14881,11268168960
14882,11270695680
14883,11273222400
14884,11275752960
14885,11278283520
14886,11280814080
14887,11283344640
14888,11285882880
14889,11288421120
14890,11290959360
14891,11293497600
14892,11296039680
14893,11298581760
14894,11301123840
14895,11303665920
14896,11306211840
14897,11308757760
14898,11311303680
14899,11313849600
14900,11316399360
14901,11318949120
14902,11321498880
14903,11324052480
14904,11326606080
14905,11329159680
14906,11331717120
14907,11334278400
14908,11336839680
14909,11339400960
14910,11341966080
14911,11344531200
14912,11347100160
14913,11349669120
14914,11352238080
14915,11354807040
14916,11357376000
14917,11359952640
14918,11362529280
14919,11365105920
14920,11367682560
14921,11370259200
14922,11372839680
14923,11375420160
14924,11378000640
14925,11380581120
14926,11383169280
14927,11385757440
14928,11388345600
14929,11390937600
14930,11393529600
14931,11396121600
14932,11398713600
14933,11401305600
14934,11403897600
14935,11406489600
14936,11409085440
14937,11411681280
14938,11414280960
14939,11416880640
14940,11419480320
14941,11422080000
14942,11424679680
14943,11427283200
14944,11429886720
14945,11432490240
14946,11435093760
14947,11437701120
14948,11440308480
14949,11442915840
14950,11445523200
14951,11448130560
14952,11450741760
14953,11453352960
14954,11455968000
14955,11458583040
14956,11461201920
14957,11463824640
14958,11466447360
14959,11469073920
14960,11471700480
14961,11474327040
14962,11476953600
14963,11479580160
14964,11482206720
14965,11484837120
14966,11487471360
14967,11490105600
14968,11492739840
14969,11495377920
14970,11498016000
14971,11500654080
14972,11503296000
14973,11505937920
14974,11508583680
14975,11511229440
14976,11513875200
14977,11516520960
14978,11519170560
14979,11521824000
14980,11524477440
14981,11527130880
14982,11529788160
14983,11532445440
14984,11535102720
14985,11537760000
14986,11540421120
14987,11543082240
14988,11545743360
14989,11548408320
14990,11551073280
14991,11553742080
14992,11556410880
14993,11559083520
14994,11561756160
14995,11564428800
14996,11567101440
14997,11569777920
14998,11572454400
14999,11575130880
15000,11577807360
15001,11580483840
15002,11583164160
15003,11585848320
15004,11588532480
15005,11591224320
15006,11593916160
15007,11596608000
15008,11599299840
15009,11601991680
15010,11604687360
15011,11607383040
15012,11610078720
15013,11612774400
15014,11615473920
15015,11618173440
15016,11620876800
15017,11623580160
15018,11626291200
15019,11629006080
15020,11631720960
15021,11634435840
15022,11637150720
15023,11639869440
15024,11642588160
15025,11645306880
15026,11648025600
15027,11650744320
15028,11653463040
15029,11656185600
15030,11658908160
15031,11661630720
15032,11664353280
15033,11667075840
15034,11669802240
15035,11672528640
15036,11675255040
15037,11677985280
15038,11680719360
15039,11683453440
15040,11686187520
15041,11688921600
15042,11691659520
15043,11694397440
15044,11697135360
15045,11699877120
15046,11702622720
15047,11705368320
15048,11708113920
15049,11710863360
15050,11713612800
15051,11716362240
15052,11719111680
15053,11721864960
15054,11724618240
15055,11727371520
15056,11730124800
15057,11732881920
15058,11735639040
15059,11738400000
15060,11741160960
15061,11743921920
15062,11746682880
15063,11749447680
15064,11752212480
15065,11754981120
15066,11757753600
15067,11760526080
15068,11763298560
15069,11766074880
15070,11768851200
15071,11771627520
15072,11774407680
15073,11777187840
15074,11779968000
15075,11782752000
15076,11785539840
15077,11788327680
15078,11791115520
15079,11793903360
15080,11796695040
15081,11799486720
15082,11802278400
15083,11805070080
15084,11807865600
15085,11810661120
15086,11813456640
15087,11816256000
15088,11819055360
15089,11821854720
15090,11824654080
15091,11827457280
15092,11830260480
15093,11833063680
15094,11835866880
15095,11838670080
15096,11841473280
15097,11844276480
15098,11847087360
15099,11849898240
15100,11852709120
15101,11855523840
15102,11858338560
15103,11861153280
15104,11863968000
15105,11866782720
15106,11869601280
15107,11872423680
15108,11875246080
15109,11878072320
15110,11880898560
15111,11883728640
15112,11886558720
15113,11889388800
15114,11892218880
15115,11895048960
15116,11897879040
15117,11900709120
15118,11903539200
15119,11906373120
15120,11909210880
15121,11912048640
15122,11914890240
15123,11917731840
15124,11920577280
15125,11923422720
15126,11926272000
15127,11929121280
15128,11931970560
15129,11934823680
15130,11937676800
15131,11940533760
15132,11943390720
15133,11946247680
15134,11949108480
15135,11951969280
15136,11954830080
15137,11957690880
15138,11960551680
15139,11963416320
15140,11966280960
15141,11969145600
15142,11972017920
15143,11974890240
15144,11977762560
15145,11980638720
15146,11983514880
15147,11986391040
15148,11989271040
15149,11992154880
15150,11995038720
15151,11997926400
15152,12000814080
15153,12003701760
15154,12006593280
15155,12009484800
15156,12012376320
15157,12015271680
15158,12018167040
15159,12021066240
15160,12023965440
15161,12026864640
15162,12029763840
15163,12032663040
15164,12035566080
15165,12038469120
15166,12041376000
15167,12044282880
15168,12047193600
15169,12050104320
15170,12053015040
15171,12055925760
15172,12058840320
15173,12061754880
15174,12064669440
15175,12067584000
15176,12070502400
15177,12073420800
15178,12076339200
15179,12079257600
15180,12082179840
15181,12085102080
15182,12088024320
15183,12090950400
15184,12093880320
15185,12096814080
15186,12099751680
15187,12102689280
15188,12105630720
15189,12108572160
15190,12111513600
15191,12114455040
15192,12117396480
15193,12120341760
15194,12123287040
15195,12126232320
15196,12129181440
15197,12132130560
15198,12135079680
15199,12138032640
15200,12140985600
15201,12143938560
15202,12146895360
15203,12149852160
15204,12152812800
15205,12155773440
15206,12158734080
15207,12161694720
15208,12164655360
15209,12167619840
15210,12170584320
15211,12173548800
15212,12176517120
15213,12179485440
15214,12182453760
15215,12185425920
15216,12188398080
15217,12191370240
15218,12194342400
15219,12197318400
15220,12200294400
15221,12203270400
15222,12206250240
15223,12209230080
15224,12212209920
15225,12215193600
15226,12218177280
15227,12221164800
15228,12224152320
15229,12227139840
15230,12230131200
15231,12233122560
15232,12236113920
15233,12239109120
15234,12242104320
15235,12245099520
15236,12248098560
15237,12251101440
15238,12254104320
15239,12257111040
15240,12260117760
15241,12263128320
15242,12266138880
15243,12269149440
15244,12272160000
15245,12275174400
15246,12278188800
15247,12281207040
15248,12284225280
15249,12287243520
15250,12290265600
15251,12293287680
15252,12296313600
15253,12299339520
15254,12302369280
15255,12305399040
15256,12308428800
15257,12311458560
15258,12314488320
15259,12317518080
15260,12320551680
15261,12323589120
15262,12326626560
15263,12329667840
15264,12332709120
15265,12335750400
15266,12338795520
15267,12341840640
15268,12344889600
15269,12347938560
15270,12350987520
15271,12354044160
15272,12357100800
15273,12360161280
15274,12363221760
15275,12366286080
15276,12369354240
15277,12372422400
15278,12375498240
15279,12378574080
15280,12381653760
15281,12384737280
15282,12387820800
15283,12390908160
15284,12393995520
15285,12397086720
15286,12400181760
15287,12403276800
15288,12406371840
15289,12409466880
15290,12412561920
15291,12415656960
15292,12418755840
15293,12421854720
15294,12424953600
15295,12428052480
15296,12431151360
15297,12434254080
15298,12437356800
15299,12440463360
15300,12443569920
15301,12446676480
15302,12449783040
15303,12452893440
15304,12456003840
15305,12459118080
15306,12462232320
15307,12465350400
15308,12468468480
15309,12471586560
15310,12474708480
15311,12477830400
15312,12480952320
15313,12484078080
15314,12487203840
15315,12490329600
15316,12493459200
15317,12496588800
15318,12499722240
15319,12502859520
15320,12505996800
15321,12509137920
15322,12512282880
15323,12515427840
15324,12518576640
15325,12521725440
15326,12524881920
15327,12528038400
15328,12531194880
15329,12534351360
15330,12537511680
15331,12540672000
15332,12543832320
15333,12546992640
15334,12550152960
15335,12553320960
15336,12556492800
15337,12559664640
15338,12562836480
15339,12566008320
15340,12569184000
15341,12572363520
15342,12575543040
15343,12578722560
15344,12581902080
15345,12585085440
15346,12588268800
15347,12591459840
15348,12594650880
15349,12597845760
15350,12601044480
15351,12604243200
15352,12607441920
15353,12610648320
15354,12613858560
15355,12617076480
15356,12620294400
15357,12623516160
15358,12626737920
15359,12629967360
15360,12633196800
15361,12636426240
15362,12639655680
15363,12642885120
15364,12646114560
15365,12649344000
15366,12652573440
15367,12655802880
15368,12659036160
15369,12662269440
15370,12665502720
15371,12668739840
15372,12671976960
15373,12675214080
15374,12678451200
15375,12681688320
15376,12684929280
15377,12688170240
15378,12691415040
15379,12694663680
15380,12697912320
15381,12701164800
15382,12704417280
15383,12707669760
15384,12710929920
15385,12714190080
15386,12717450240
15387,12720710400
15388,12723970560
15389,12727234560
15390,12730502400
15391,12733774080
15392,12737049600
15393,12740325120
15394,12743604480
15395,12746883840
15396,12750163200
15397,12753442560
15398,12756725760
15399,12760020480
15400,12763319040
15401,12766617600
15402,12769920000
15403,12773230080
15404,12776544000
15405,12779857920
15406,12783175680
15407,12786493440
15408,12789811200
15409,12793132800
15410,12796454400
15411,12799779840
15412,12803105280
15413,12806434560
15414,12809767680
15415,12813100800
15416,12816433920
15417,12819770880
15418,12823111680
15419,12826452480
15420,12829797120
15421,12833145600
15422,12836494080
15423,12839846400
15424,12843202560
15425,12846558720
15426,12849914880
15427,12853274880
15428,12856634880
15429,12859998720
15430,12863366400
15431,12866734080
15432,12870101760
15433,12873469440
15434,12876840960
15435,12880212480
15436,12883587840
15437,12886967040
15438,12890346240
15439,12893729280
15440,12897116160
15441,12900503040
15442,12903889920
15443,12907280640
15444,12910671360
15445,12914065920
15446,12917460480
15447,12920858880
15448,12924261120
15449,12927663360
15450,12931069440
15451,12934475520
15452,12937881600
15453,12941291520
15454,12944709120
15455,12948130560
15456,12951552000
15457,12954977280
15458,12958406400
15459,12961835520
15460,12965268480
15461,12968705280
15462,12972142080
15463,12975578880
15464,12979015680
15465,12982456320
15466,12985896960
15467,12989341440
15468,12992785920
15469,12996230400
15470,12999678720
15471,13003130880
15472,13006586880
15473,13010046720
15474,13013506560
15475,13016970240
15476,13020433920
15477,13023897600
15478,13027365120
15479,13030832640
15480,13034304000
15481,13037775360
15482,13041246720
15483,13044725760
15484,13048204800
15485,13051683840
15486,13055162880
15487,13058641920
15488,13062128640
15489,13065615360
15490,13069102080
15491,13072592640
15492,13076087040
15493,13079581440
15494,13083079680
15495,13086577920
15496,13090080000
15497,13093582080
15498,13097084160
15499,13100590080
15500,13104096000
15501,13107601920
15502,13111111680
15503,13114621440
15504,13118131200
15505,13121644800
15506,13125158400
15507,13128672000
15508,13132193280
15509,13135714560
15510,13139235840
15511,13142760960
15512,13146293760
15513,13149826560
15514,13153367040
15515,13156911360
15516,13160459520
15517,13164015360
15518,13167571200
15519,13171127040
15520,13174686720
15521,13178257920
15522,13181836800
15523,13185427200
15524,13189021440
15525,13192615680
15526,13196209920
15527,13199808000
15528,13203409920
15529,13207015680
15530,13210621440
15531,13214231040
15532,13217840640
15533,13221450240
15534,13225059840
15535,13228673280
15536,13232286720
15537,13235900160
15538,13239517440
15539,13243134720
15540,13246752000
15541,13250376960
15542,13254001920
15543,13257630720
15544,13261259520
15545,13264899840
15546,13268540160
15547,13272180480
15548,13275828480
15549,13279476480
15550,13283136000
15551,13286799360
15552,13290466560
15553,13294133760
15554,13297800960
15555,13301472000
15556,13305143040
15557,13308814080
15558,13312492800
15559,13316171520
15560,13319854080
15561,13323536640
15562,13327219200
15563,13330905600
15564,13334595840
15565,13338289920
15566,13341984000
15567,13345678080
15568,13349376000
15569,13353073920
15570,13356779520
15571,13360485120
15572,13364190720
15573,13367904000
15574,13371617280
15575,13375338240
15576,13379059200
15577,13382784000
15578,13386508800
15579,13390237440
15580,13393969920
15581,13397706240
15582,13401446400
15583,13405190400
15584,13408938240
15585,13412693760
15586,13416453120
15587,13420212480
15588,13423983360
15589,13427758080
15590,13431536640
15591,13435319040
15592,13439109120
15593,13442903040
15594,13446696960
15595,13450494720
15596,13454296320
15597,13458097920
15598,13461903360
15599,13465712640
15600,13469521920
15601,13473335040
15602,13477152000
15603,13480968960
15604,13484785920
15605,13488606720
15606,13492427520
15607,13496252160
15608,13500080640
15609,13503909120
15610,13507741440
15611,13511577600
15612,13515413760
15613,13519253760
15614,13523097600
15615,13526941440
15616,13530789120
15617,13534636800
15618,13538484480
15619,13542339840
15620,13546195200
15621,13550054400
15622,13553913600
15623,13557772800
15624,13561635840
15625,13565498880
15626,13569361920
15627,13573228800
15628,13577095680
15629,13580966400
15630,13584848640
15631,13588734720
15632,13592620800
15633,13596510720
15634,13600408320
15635,13604305920
15636,13608207360
15637,13612108800
15638,13616010240
15639,13619915520
15640,13623824640
15641,13627733760
15642,13631642880
15643,13635559680
15644,13639484160
15645,13643412480
15646,13647344640
15647,13651276800
15648,13655220480
15649,13659168000
15650,13663115520
15651,13667066880
15652,13671025920
15653,13674984960
15654,13678947840
15655,13682914560
15656,13686885120
15657,13690863360
15658,13694845440
15659,13698831360
15660,13702824960
15661,13706822400
15662,13710819840
15663,13714821120
15664,13718822400
15665,13722831360
15666,13726840320
15667,13730853120
15668,13734865920
15669,13738878720
15670,13742899200
15671,13746923520
15672,13750951680
15673,13754983680
15674,13759019520
15675,13763055360
15676,13767091200
15677,13771130880
15678,13775170560
15679,13779217920
15680,13783269120
15681,13787320320
15682,13791371520
15683,13795422720
15684,13799477760
15685,13803532800
15686,13807587840
15687,13811642880
15688,13815701760
15689,13819764480
15690,13823834880
15691,13827920640
15692,13832014080
15693,13836107520
15694,13840204800
15695,13844302080
15696,13848403200
15697,13852504320
15698,13856609280
15699,13860714240
15700,13864823040
15701,13868931840
15702,13873044480
15703,13877157120
15704,13881273600
15705,13885397760
15706,13889521920
15707,13893649920
15708,13897777920
15709,13901917440
15710,13906056960
15711,13910204160
15712,13914351360
15713,13918502400
15714,13922653440
15715,13926804480
15716,13930955520
15717,13935110400
15718,13939269120
15719,13943435520
15720,13947605760
15721,13951783680
15722,13955965440
15723,13960151040
15724,13964344320
15725,13968549120
15726,13972765440
15727,13976985600
15728,13981209600
15729,13985437440
15730,13989669120
15731,13993904640
15732,13998140160
15733,14002379520
15734,14006618880
15735,14010869760
15736,14015120640
15737,14019375360
15738,14023633920
15739,14027892480
15740,14032162560
15741,14036440320
15742,14040733440
15743,14045030400
15744,14049354240
15745,14053681920
15746,14058009600
15747,14062341120
15748,14066676480
15749,14071011840
15750,14075351040
15751,14079690240
15752,14084033280
15753,14088380160
15754,14092734720
15755,14097104640
15756,14101478400
15757,14105859840
15758,14110241280
15759,14114626560
15760,14119015680
15761,14123404800
15762,14127797760
15763,14132194560
15764,14136595200
15765,14141007360
15766,14145423360
15767,14149839360
15768,14154259200
15769,14158679040
15770,14163114240
15771,14167557120
15772,14172000000
15773,14176446720
15774,14180893440
15775,14185340160
15776,14189790720
15777,14194245120
15778,14198711040
15779,14203180800
15780,14207658240
15781,14212135680
15782,14216624640
15783,14221113600
15784,14225606400
15785,14230106880
15786,14234611200
15787,14239119360
15788,14243635200
15789,14248154880
15790,14252697600
15791,14257259520
15792,14261821440
15793,14266383360
15794,14270949120
15795,14275522560
15796,14280099840
15797,14284684800
15798,14289269760
15799,14293858560
15800,14298455040
15801,14303059200
15802,14307667200
15803,14312282880
15804,14316898560
15805,14321518080
15806,14326145280
15807,14330784000
15808,14335426560
15809,14340092160
15810,14344757760
15811,14349423360
15812,14354088960
15813,14358754560
15814,14363424000
15815,14368093440
15816,14372766720
15817,14377443840
15818,14382128640
15819,14386817280
15820,14391509760
15821,14396206080
15822,14400929280
15823,14405660160
15824,14410391040
15825,14415129600
15826,14419883520
15827,14424648960
15828,14429422080
15829,14434210560
15830,14439002880
15831,14443795200
15832,14448591360
15833,14453391360
15834,14458195200
15835,14463006720
15836,14467822080
15837,14472641280
15838,14477460480
15839,14482283520
15840,14487110400
15841,14491937280
15842,14496764160
15843,14501602560
15844,14506464000
15845,14511336960
15846,14516209920
15847,14521090560
15848,14525971200
15849,14530851840
15850,14535736320
15851,14540624640
15852,14545528320
15853,14550435840
15854,14555366400
15855,14560308480
15856,14565258240
15857,14570215680
15858,14575176960
15859,14580142080
15860,14585111040
15861,14590083840
15862,14595064320
15863,14600044800
15864,14605025280
15865,14610005760
15866,14614990080
15867,14619982080
15868,14624989440
15869,14630019840
15870,14635061760
15871,14640107520
15872,14645157120
15873,14650214400
15874,14655279360
15875,14660348160
15876,14665416960
15877,14670493440
15878,14675569920
15879,14680650240
15880,14685734400
15881,14690822400
15882,14695925760
15883,14701032960
15884,14706144000
15885,14711266560
15886,14716400640
15887,14721542400
15888,14726695680
15889,14731852800
15890,14737029120
15891,14742228480
15892,14747431680
15893,14752638720
15894,14757853440
15895,14763075840
15896,14768302080
15897,14773536000
15898,14778777600
15899,14784026880
15900,14789280000
15901,14794556160
15902,14799843840
15903,14805139200
15904,14810446080
15905,14815756800
15906,14821075200
15907,14826393600
15908,14831715840
15909,14837041920
15910,14842371840
15911,14847717120
15912,14853066240
15913,14858461440
15914,14863856640
15915,14869251840
15916,14874662400
15917,14880084480
15918,14885521920
15919,14890974720
15920,14896454400
15921,14901957120
15922,14907463680
15923,14912985600
15924,14918522880
15925,14924087040
15926,14929689600
15927,14935296000
15928,14940906240
15929,14946524160
15930,14952145920
15931,14957779200
15932,14963420160
15933,14969061120
15934,14974717440
15935,14980381440
15936,14986045440
15937,14991732480
15938,14997465600
15939,15003210240
15940,15008970240
15941,15014757120
15942,15020544000
15943,15026330880
15944,15032125440
15945,15037931520
15946,15043756800
15947,15049585920
15948,15055415040
15949,15061248000
15950,15067092480
15951,15072952320
15952,15078850560
15953,15084752640
15954,15090658560
15955,15096568320
15956,15102501120
15957,15108433920
15958,15114420480
15959,15120418560
15960,15126420480
15961,15132430080
15962,15138443520
15963,15144460800
15964,15150481920
15965,15156510720
15966,15162551040
15967,15168599040
15968,15174654720
15969,15180718080
15970,15186785280
15971,15192852480
15972,15198919680
15973,15204986880
15974,15211077120
15975,15217167360
15976,15223257600
15977,15229347840
15978,15235438080
15979,15241528320
15980,15247660800
15981,15253812480
15982,15259975680
15983,15266150400
15984,15272348160
15985,15278565120
15986,15284793600
15987,15291033600
15988,15297312000
15989,15303601920
15990,15309895680
15991,15316193280
15992,15322506240
15993,15328849920
15994,15335201280
15995,15341556480
15996,15347919360
15997,15354293760
15998,15360679680
15999,15367088640
16000,15373539840
16001,15379998720
16002,15386469120
16003,15392951040
16004,15399432960
16005,15405922560
16006,15412412160
16007,15418913280
16008,15425456640
16009,15432019200
16010,15438604800
16011,15445190400
16012,15451795200
16013,15458400000
16014,15465008640
16015,15471617280
16016,15478248960
16017,15484892160
16018,15491554560
16019,15498220800
16020,15504921600
16021,15511633920
16022,15518357760
16023,15525085440
16024,15531832320
16025,15538594560
16026,15545360640
16027,15552199680
16028,15559065600
16029,15565966080
16030,15572885760
16031,15579840000
16032,15586809600
16033,15593786880
16034,15600775680
16035,15607768320
16036,15614807040
16037,15621868800
16038,15628938240
16039,15636019200
16040,15643107840
16041,15650200320
16042,15657358080
16043,15664535040
16044,15671758080
16045,15678981120
16046,15686211840
16047,15693442560
16048,15700715520
16049,15708019200
16050,15715365120
16051,15722764800
16052,15730195200
16053,15737629440
16054,15745079040
16055,15752551680
16056,15760032000
16057,15767642880
16058,15775257600
16059,15782891520
16060,15790533120
16061,15798178560
16062,15805873920
16063,15813611520
16064,15821356800
16065,15829136640
16066,15836943360
16067,15844769280
16068,15852602880
16069,15860471040
16070,15868339200
16071,15876218880
16072,15884098560
16073,15892008960
16074,15899961600
16075,15907918080
16076,15915886080
16077,15923854080
16078,15931845120
16079,15939928320
16080,15948111360
16081,15956305920
16082,15964657920
16083,15973079040
16084,15981507840
16085,15989948160
16086,15998411520
16087,16006932480
16088,16015495680
16089,16024070400
16090,16032729600
16091,16041419520
16092,16050174720
16093,16058937600
16094,16067719680
16095,16076540160
16096,16085379840
16097,16094231040
16098,16103243520
16099,16112271360
16100,16121410560
16101,16130553600
16102,16139700480
16103,16148862720
16104,16158024960
16105,16167191040
16106,16176380160
16107,16185592320
16108,16194858240
16109,16204128000
16110,16213405440
16111,16222690560
16112,16231979520
16113,16241283840
16114,16250695680
16115,16260215040
16116,16269761280
16117,16279353600
16118,16288980480
16119,16298615040
16120,16308314880
16121,16318022400
16122,16327837440
16123,16337690880
16124,16347552000
16125,16357758720
16126,16367988480
16127,16378241280
16128,16388505600
16129,16398808320
16130,16409122560
16131,16419440640
16132,16429762560
16133,16440192000
16134,16450648320
16135,16461139200
16136,16471660800
16137,16482274560
16138,16492899840
16139,16503548160
16140,16514384640
16141,16525278720
16142,16536207360
16143,16547147520
16144,16558091520
16145,16569123840
16146,16580240640
16147,16591434240
16148,16602647040
16149,16613894400
16150,16625168640
16151,16636446720
16152,16647790080
16153,16659225600
16154,16670803200
16155,16682446080
16156,16694469120
16157,16706557440
16158,16718795520
16159,16731068160
16160,16743482880
16161,16755897600
16162,16768389120
16163,16780930560
16164,16793495040
16165,16806090240
16166,16818696960
16167,16831307520
16168,16844144640
16169,16857050880
16170,16869999360
16171,16882978560
16172,16896000000
16173,16909102080
16174,16922211840
16175,16935943680
16176,16949733120
16177,16963914240
16178,16978172160
16179,16992487680
16180,17006833920
16181,17021299200
16182,17035845120
16183,17050448640
16184,17065063680
16185,17079740160
16186,17094458880
16187,17110513920
16188,17126599680
16189,17142846720
16190,17159523840
16191,17176423680
16192,17193384960
16193,17210438400
16194,17228125440
16195,17246334720
16196,17264555520
16197,17283605760
16198,17302763520
16199,17321936640
16200,17341148160
16201,17360478720
16202,17380151040
16203,17400280320
16204,17420820480
16205,17442416640
16206,17464032000
16207,17487486720
16208,17512028160
16209,17538800640
16210,17566191360
16211,17594906880
16212,17624651520
16213,17655229440
16214,17685991680
16215,17717149440
16216,17748572160
16217,17780075520
16218,17812899840
16219,17845847040
16220,17879235840
16221,17913135360
16222,17947415040
16223,17981786880
16224,18019134720
16225,18058214400
16226,18101084160
16227,18149084160
16228,18199342080
16229,18254054400
16230,18308893440
16231,18365483520
16232,18423114240
16233,18483613440
16234,18548029440
16235,18614787840
16236,18684015360
16237,18755907840
16238,18829854720
16239,18913866240
16240,19000581120
16241,19097456640
16242,19200929280
