KeywordCount,Storage(Bits)
1,2147513216
2,2147572864
3,2147632512
4,2147692160
5,2147751808
6,2147811456
7,2147871104
8,2147930752
9,2147990400
10,2148050048
11,2148109696
12,2148169344
13,2148228992
14,2148288640
15,2148348288
16,2148407936
17,2148467584
18,2148527232
19,2148586880
20,2148646528
21,2148706176
22,2148765824
23,2148825472
24,2148885120
25,2148974592
26,2149064064
27,2149153536
28,2149243008
29,2149332480
30,2149421952
31,2149511424
32,2149600896
33,2149690368
34,2149779840
35,2149869312
36,2149958784
37,2150048256
38,2150137728
39,2150227200
40,2150316672
41,2150406144
42,2150495616
43,2150585088
44,2150674560
45,2150764032
46,2150853504
47,2150942976
48,2151032448
49,2151121920
50,2151211392
51,2151300864
52,2151390336
53,2151479808
54,2151569280
55,2151658752
56,2151748224
57,2151837696
58,2151927168
59,2152016640
60,2152106112
61,2152195584
62,2152285056
63,2152374528
64,2152464000
65,2152553472
66,2152642944
67,2152732416
68,2152821888
69,2152911360
70,2153000832
71,2153090304
72,2153179776
73,2153269248
74,2153358720
75,2153448192
76,2153537664
77,2153627136
78,2153716608
79,2153806080
80,2153895552
81,2153985024
82,2154074496
83,2154163968
84,2154253440
85,2154342912
86,2154432384
87,2154521856
88,2154611328
89,2154700800
90,2154790272
91,2154879744
92,2154969216
93,2155058688
94,2155148160
95,2155237632
96,2155327104
97,2155416576
98,2155506048
99,2155595520
100,2155684992
101,2155774464
102,2155863936
103,2155953408
104,2156042880
105,2156132352
106,2156221824
107,2156311296
108,2156400768
109,2156490240
110,2156579712
111,2156669184
112,2156758656
113,2156848128
114,2156937600
115,2157027072
116,2157116544
117,2157206016
118,2157295488
119,2157384960
120,2157474432
121,2157563904
122,2157653376
123,2157742848
124,2157832320
125,2157921792
126,2158011264
127,2158100736
128,2158190208
129,2158279680
130,2158369152
131,2158458624
132,2158548096
133,2158637568
134,2158727040
135,2158816512
136,2158905984
137,2158995456
138,2159084928
139,2159174400
140,2159263872
141,2159353344
142,2159442816
143,2159532288
144,2159621760
145,2159711232
146,2159800704
147,2159890176
148,2159979648
149,2160069120
150,2160158592
151,2160248064
152,2160337536
153,2160427008
154,2160516480
155,2160605952
156,2160695424
157,2160784896
158,2160874368
159,2160963840
160,2161053312
161,2161142784
162,2161232256
163,2161321728
164,2161411200
165,2161500672
166,2161590144
167,2161679616
168,2161769088
169,2161858560
170,2161948032
171,2162037504
172,2162126976
173,2162216448
174,2162305920
175,2162395392
176,2162484864
177,2162574336
178,2162663808
179,2162753280
180,2162842752
181,2162932224
182,2163021696
183,2163111168
184,2163200640
185,2163290112
186,2163379584
187,2163469056
188,2163558528
189,2163648000
190,2163737472
191,2163826944
192,2163916416
193,2164005888
194,2164095360
195,2164184832
196,2164274304
197,2164363776
198,2164453248
199,2164542720
200,2164632192
201,2164721664
202,2164811136
203,2164900608
204,2164990080
205,2165079552
206,2165169024
207,2165258496
208,2165347968
209,2165437440
210,2165526912
211,2165616384
212,2165705856
213,2165795328
214,2165884800
215,2165974272
216,2166063744
217,2166153216
218,2166242688
219,2166332160
220,2166421632
221,2166511104
222,2166600576
223,2166690048
224,2166779520
225,2166868992
226,2166958464
227,2167047936
228,2167137408
229,2167226880
230,2167316352
231,2167405824
232,2167495296
233,2167584768
234,2167674240
235,2167763712
236,2167853184
237,2167942656
238,2168032128
239,2168121600
240,2168211072
241,2168300544
242,2168390016
243,2168479488
244,2168568960
245,2168658432
246,2168747904
247,2168837376
248,2168926848
249,2169016320
250,2169105792
251,2169195264
252,2169284736
253,2169374208
254,2169463680
255,2169553152
256,2169642624
257,2169732096
258,2169821568
259,2169911040
260,2170000512
261,2170089984
262,2170179456
263,2170268928
264,2170358400
265,2170447872
266,2170537344
267,2170626816
268,2170716288
269,2170805760
270,2170895232
271,2170984704
272,2171074176
273,2171163648
274,2171253120
275,2171342592
276,2171432064
277,2171521536
278,2171611008
279,2171700480
280,2171789952
281,2171879424
282,2171968896
283,2172058368
284,2172147840
285,2172237312
286,2172326784
287,2172416256
288,2172505728
289,2172595200
290,2172684672
291,2172774144
292,2172863616
293,2172953088
294,2173042560
295,2173132032
296,2173221504
297,2173310976
298,2173400448
299,2173489920
300,2173579392
301,2173668864
302,2173758336
303,2173847808
304,2173937280
305,2174026752
306,2174116224
307,2174205696
308,2174324992
309,2174444288
310,2174563584
311,2174682880
312,2174802176
313,2174921472
314,2175040768
315,2175160064
316,2175279360
317,2175398656
318,2175517952
319,2175637248
320,2175756544
321,2175875840
322,2175995136
323,2176114432
324,2176233728
325,2176353024
326,2176472320
327,2176591616
328,2176710912
329,2176830208
330,2176949504
331,2177068800
332,2177188096
333,2177307392
334,2177426688
335,2177545984
336,2177665280
337,2177784576
338,2177903872
339,2178023168
340,2178142464
341,2178261760
342,2178381056
343,2178500352
344,2178619648
345,2178738944
346,2178858240
347,2178977536
348,2179096832
349,2179216128
350,2179335424
351,2179454720
352,2179574016
353,2179693312
354,2179812608
355,2179931904
356,2180051200
357,2180170496
358,2180289792
359,2180409088
360,2180528384
361,2180647680
362,2180766976
363,2180886272
364,2181005568
365,2181124864
366,2181244160
367,2181363456
368,2181482752
369,2181602048
370,2181721344
371,2181840640
372,2181959936
373,2182079232
374,2182198528
375,2182317824
376,2182437120
377,2182556416
378,2182675712
379,2182795008
380,2182914304
381,2183033600
382,2183152896
383,2183272192
384,2183391488
385,2183510784
386,2183630080
387,2183749376
388,2183868672
389,2183987968
390,2184107264
391,2184226560
392,2184345856
393,2184465152
394,2184584448
395,2184703744
396,2184823040
397,2184942336
398,2185061632
399,2185180928
400,2185300224
401,2185419520
402,2185538816
403,2185658112
404,2185777408
405,2185896704
406,2186016000
407,2186135296
408,2186254592
409,2186373888
410,2186493184
411,2186612480
412,2186731776
413,2186851072
414,2186970368
415,2187089664
416,2187208960
417,2187328256
418,2187447552
419,2187566848
420,2187686144
421,2187805440
422,2187924736
423,2188044032
424,2188163328
425,2188282624
426,2188401920
427,2188521216
428,2188640512
429,2188759808
430,2188879104
431,2188998400
432,2189117696
433,2189236992
434,2189356288
435,2189475584
436,2189594880
437,2189714176
438,2189833472
439,2189952768
440,2190072064
441,2190191360
442,2190310656
443,2190429952
444,2190549248
445,2190668544
446,2190787840
447,2190907136
448,2191026432
449,2191145728
450,2191265024
451,2191384320
452,2191503616
453,2191622912
454,2191742208
455,2191861504
456,2191980800
457,2192100096
458,2192219392
459,2192338688
460,2192457984
461,2192577280
462,2192696576
463,2192815872
464,2192935168
465,2193054464
466,2193173760
467,2193293056
468,2193412352
469,2193531648
470,2193650944
471,2193770240
472,2193889536
473,2194008832
474,2194128128
475,2194247424
476,2194366720
477,2194486016
478,2194605312
479,2194724608
480,2194843904
481,2194963200
482,2195082496
483,2195201792
484,2195321088
485,2195440384
486,2195559680
487,2195678976
488,2195798272
489,2195917568
490,2196036864
491,2196156160
492,2196275456
493,2196394752
494,2196514048
495,2196633344
496,2196752640
497,2196871936
498,2196991232
499,2197110528
500,2197229824
501,2197349120
502,2197468416
503,2197587712
504,2197707008
505,2197826304
506,2197945600
507,2198064896
508,2198184192
509,2198303488
510,2198422784
511,2198542080
512,2198661376
513,2198780672
514,2198899968
515,2199019264
516,2199138560
517,2199257856
518,2199377152
519,2199496448
520,2199615744
521,2199735040
522,2199854336
523,2199973632
524,2200092928
525,2200212224
526,2200331520
527,2200450816
528,2200570112
529,2200689408
530,2200808704
531,2200928000
532,2201047296
533,2201166592
534,2201285888
535,2201405184
536,2201554304
537,2201703424
538,2201852544
539,2202001664
540,2202150784
541,2202299904
542,2202449024
543,2202598144
544,2202747264
545,2202896384
546,2203045504
547,2203194624
548,2203343744
549,2203492864
550,2203641984
551,2203791104
552,2203940224
553,2204089344
554,2204238464
555,2204387584
556,2204536704
557,2204685824
558,2204834944
559,2204984064
560,2205133184
561,2205282304
562,2205431424
563,2205580544
564,2205729664
565,2205878784
566,2206027904
567,2206177024
568,2206326144
569,2206475264
570,2206624384
571,2206773504
572,2206922624
573,2207071744
574,2207220864
575,2207369984
576,2207519104
577,2207668224
578,2207817344
579,2207966464
580,2208115584
581,2208264704
582,2208413824
583,2208562944
584,2208712064
585,2208861184
586,2209010304
587,2209159424
588,2209308544
589,2209457664
590,2209606784
591,2209755904
592,2209905024
593,2210054144
594,2210233088
595,2210412032
596,2210590976
597,2210769920
598,2210948864
599,2211127808
600,2211306752
601,2211485696
602,2211664640
603,2211843584
604,2212022528
605,2212201472
606,2212380416
607,2212559360
608,2212738304
609,2212917248
610,2213096192
611,2213275136
612,2213454080
613,2213633024
614,2213811968
615,2213990912
616,2214169856
617,2214348800
618,2214527744
619,2214706688
620,2214885632
621,2215064576
622,2215243520
623,2215422464
624,2215601408
625,2215780352
626,2215959296
627,2216138240
628,2216317184
629,2216496128
630,2216675072
631,2216854016
632,2217032960
633,2217211904
634,2217390848
635,2217569792
636,2217748736
637,2217927680
638,2218106624
639,2218285568
640,2218464512
641,2218643456
642,2218822400
643,2219001344
644,2219180288
645,2219359232
646,2219538176
647,2219717120
648,2219896064
649,2220075008
650,2220253952
651,2220432896
652,2220611840
653,2220790784
654,2220969728
655,2221148672
656,2221327616
657,2221506560
658,2221685504
659,2221864448
660,2222043392
661,2222222336
662,2222401280
663,2222580224
664,2222759168
665,2222938112
666,2223146880
667,2223355648
668,2223564416
669,2223773184
670,2223981952
671,2224190720
672,2224399488
673,2224608256
674,2224817024
675,2225025792
676,2225234560
677,2225443328
678,2225652096
679,2225860864
680,2226069632
681,2226278400
682,2226487168
683,2226695936
684,2226904704
685,2227113472
686,2227322240
687,2227531008
688,2227739776
689,2227948544
690,2228157312
691,2228366080
692,2228574848
693,2228783616
694,2228992384
695,2229201152
696,2229409920
697,2229618688
698,2229827456
699,2230036224
700,2230244992
701,2230453760
702,2230662528
703,2230871296
704,2231080064
705,2231318656
706,2231557248
707,2231795840
708,2232034432
709,2232273024
710,2232511616
711,2232750208
712,2232988800
713,2233227392
714,2233465984
715,2233704576
716,2233943168
717,2234181760
718,2234420352
719,2234658944
720,2234897536
721,2235136128
722,2235374720
723,2235613312
724,2235851904
725,2236090496
726,2236329088
727,2236567680
728,2236806272
729,2237044864
730,2237283456
731,2237522048
732,2237760640
733,2237999232
734,2238237824
735,2238476416
736,2238715008
737,2238953600
738,2239192192
739,2239430784
740,2239699200
741,2239967616
742,2240236032
743,2240504448
744,2240772864
745,2241041280
746,2241309696
747,2241578112
748,2241846528
749,2242114944
750,2242383360
751,2242651776
752,2242920192
753,2243188608
754,2243457024
755,2243725440
756,2243993856
757,2244262272
758,2244530688
759,2244799104
760,2245067520
761,2245335936
762,2245604352
763,2245872768
764,2246141184
765,2246409600
766,2246678016
767,2246946432
768,2247214848
769,2247483264
770,2247751680
771,2248049920
772,2248348160
773,2248646400
774,2248944640
775,2249242880
776,2249541120
777,2249839360
778,2250137600
779,2250435840
780,2250734080
781,2251032320
782,2251330560
783,2251628800
784,2251927040
785,2252225280
786,2252523520
787,2252821760
788,2253120000
789,2253418240
790,2253716480
791,2254014720
792,2254312960
793,2254611200
794,2254909440
795,2255207680
796,2255505920
797,2255804160
798,2256102400
799,2256400640
800,2256728704
801,2257056768
802,2257384832
803,2257712896
804,2258040960
805,2258369024
806,2258697088
807,2259025152
808,2259353216
809,2259681280
810,2260009344
811,2260337408
812,2260665472
813,2260993536
814,2261321600
815,2261649664
816,2261977728
817,2262305792
818,2262633856
819,2262961920
820,2263289984
821,2263618048
822,2263946112
823,2264274176
824,2264602240
825,2264930304
826,2265258368
827,2265586432
828,2265914496
829,2266242560
830,2266600448
831,2266958336
832,2267316224
833,2267674112
834,2268032000
835,2268389888
836,2268747776
837,2269105664
838,2269463552
839,2269821440
840,2270179328
841,2270537216
842,2270895104
843,2271252992
844,2271610880
845,2271968768
846,2272326656
847,2272684544
848,2273042432
849,2273400320
850,2273758208
851,2274145920
852,2274533632
853,2274921344
854,2275309056
855,2275696768
856,2276084480
857,2276472192
858,2276859904
859,2277247616
860,2277635328
861,2278023040
862,2278410752
863,2278798464
864,2279186176
865,2279573888
866,2279961600
867,2280349312
868,2280737024
869,2281124736
870,2281512448
871,2281900160
872,2282287872
873,2282675584
874,2283063296
875,2283451008
876,2283838720
877,2284226432
878,2284614144
879,2285001856
880,2285419392
881,2285836928
882,2286254464
883,2286672000
884,2287089536
885,2287507072
886,2287924608
887,2288342144
888,2288759680
889,2289177216
890,2289594752
891,2290012288
892,2290429824
893,2290847360
894,2291264896
895,2291682432
896,2292099968
897,2292517504
898,2292935040
899,2293352576
900,2293770112
901,2294187648
902,2294605184
903,2295022720
904,2295440256
905,2295887616
906,2296334976
907,2296782336
908,2297229696
909,2297677056
910,2298124416
911,2298571776
912,2299019136
913,2299466496
914,2299913856
915,2300361216
916,2300808576
917,2301255936
918,2301703296
919,2302150656
920,2302598016
921,2303045376
922,2303492736
923,2303940096
924,2304417280
925,2304894464
926,2305371648
927,2305848832
928,2306326016
929,2306803200
930,2307280384
931,2307757568
932,2308234752
933,2308711936
934,2309189120
935,2309666304
936,2310143488
937,2310620672
938,2311097856
939,2311604864
940,2312111872
941,2312618880
942,2313125888
943,2313632896
944,2314139904
945,2314646912
946,2315153920
947,2315660928
948,2316167936
949,2316674944
950,2317181952
951,2317688960
952,2318195968
953,2318702976
954,2319209984
955,2319716992
956,2320224000
957,2320760832
958,2321297664
959,2321834496
960,2322371328
961,2322908160
962,2323444992
963,2323981824
964,2324518656
965,2325055488
966,2325592320
967,2326129152
968,2326665984
969,2327202816
970,2327739648
971,2328276480
972,2328813312
973,2329350144
974,2329886976
975,2330423808
976,2330990464
977,2331557120
978,2332123776
979,2332690432
980,2333257088
981,2333823744
982,2334390400
983,2334957056
984,2335523712
985,2336090368
986,2336657024
987,2337223680
988,2337790336
989,2338356992
990,2338953472
991,2339549952
992,2340146432
993,2340742912
994,2341339392
995,2341935872
996,2342532352
997,2343128832
998,2343725312
999,2344321792
1000,2344918272
1001,2345514752
1002,2346111232
1003,2346707712
1004,2347304192
1005,2347900672
1006,2348497152
1007,2349093632
1008,2349719936
1009,2350346240
1010,2350972544
1011,2351598848
1012,2352225152
1013,2352851456
1014,2353477760
1015,2354104064
1016,2354730368
1017,2355356672
1018,2355982976
1019,2356609280
1020,2357265408
1021,2357921536
1022,2358577664
1023,2359233792
1024,2359889920
1025,2360546048
1026,2361202176
1027,2361858304
1028,2362514432
1029,2363170560
1030,2363826688
1031,2364482816
1032,2365138944
1033,2365795072
1034,2366481024
1035,2367166976
1036,2367852928
1037,2368538880
1038,2369224832
1039,2369910784
1040,2370596736
1041,2371282688
1042,2371968640
1043,2372654592
1044,2373340544
1045,2374026496
1046,2374712448
1047,2375398400
1048,2376084352
1049,2376770304
1050,2377456256
1051,2378172032
1052,2378887808
1053,2379603584
1054,2380319360
1055,2381035136
1056,2381750912
1057,2382466688
1058,2383182464
1059,2383898240
1060,2384614016
1061,2385329792
1062,2386045568
1063,2386791168
1064,2387536768
1065,2388282368
1066,2389027968
1067,2389773568
1068,2390519168
1069,2391264768
1070,2392010368
1071,2392755968
1072,2393501568
1073,2394247168
1074,2394992768
1075,2395738368
1076,2396483968
1077,2397229568
1078,2397975168
1079,2398720768
1080,2399466368
1081,2400241792
1082,2401017216
1083,2401792640
1084,2402568064
1085,2403343488
1086,2404118912
1087,2404894336
1088,2405669760
1089,2406445184
1090,2407220608
1091,2407996032
1092,2408771456
1093,2409546880
1094,2410352128
1095,2411157376
1096,2411962624
1097,2412767872
1098,2413573120
1099,2414378368
1100,2415183616
1101,2415988864
1102,2416794112
1103,2417599360
1104,2418404608
1105,2419209856
1106,2420015104
1107,2420820352
1108,2421625600
1109,2422430848
1110,2423236096
1111,2424071168
1112,2424906240
1113,2425741312
1114,2426576384
1115,2427411456
1116,2428246528
1117,2429081600
1118,2429916672
1119,2430751744
1120,2431586816
1121,2432421888
1122,2433256960
1123,2434092032
1124,2434927104
1125,2435762176
1126,2436597248
1127,2437432320
1128,2438267392
1129,2439102464
1130,2439967360
1131,2440832256
1132,2441697152
1133,2442562048
1134,2443426944
1135,2444291840
1136,2445156736
1137,2446021632
1138,2446886528
1139,2447751424
1140,2448616320
1141,2449481216
1142,2450346112
1143,2451211008
1144,2452105728
1145,2453000448
1146,2453895168
1147,2454789888
1148,2455684608
1149,2456579328
1150,2457474048
1151,2458368768
1152,2459263488
1153,2460158208
1154,2461052928
1155,2461947648
1156,2462842368
1157,2463737088
1158,2464631808
1159,2465526528
1160,2466421248
1161,2467315968
1162,2468240512
1163,2469165056
1164,2470089600
1165,2471014144
1166,2471938688
1167,2472863232
1168,2473787776
1169,2474712320
1170,2475636864
1171,2476561408
1172,2477485952
1173,2478410496
1174,2479335040
1175,2480259584
1176,2481184128
1177,2482108672
1178,2483063040
1179,2484017408
1180,2484971776
1181,2485926144
1182,2486880512
1183,2487834880
1184,2488789248
1185,2489743616
1186,2490697984
1187,2491652352
1188,2492606720
1189,2493561088
1190,2494515456
1191,2495469824
1192,2496424192
1193,2497378560
1194,2498362752
1195,2499346944
1196,2500331136
1197,2501315328
1198,2502299520
1199,2503283712
1200,2504267904
1201,2505252096
1202,2506236288
1203,2507220480
1204,2508204672
1205,2509188864
1206,2510173056
1207,2511157248
1208,2512141440
1209,2513125632
1210,2514109824
1211,2515094016
1212,2516078208
1213,2517062400
1214,2518076416
1215,2519090432
1216,2520104448
1217,2521118464
1218,2522132480
1219,2523146496
1220,2524160512
1221,2525174528
1222,2526188544
1223,2527202560
1224,2528216576
1225,2529230592
1226,2530274432
1227,2531318272
1228,2532362112
1229,2533405952
1230,2534449792
1231,2535493632
1232,2536537472
1233,2537581312
1234,2538625152
1235,2539668992
1236,2540712832
1237,2541756672
1238,2542800512
1239,2543844352
1240,2544888192
1241,2545932032
1242,2546975872
1243,2548019712
1244,2549063552
1245,2550107392
1246,2551151232
1247,2552195072
1248,2553268736
1249,2554342400
1250,2555416064
1251,2556489728
1252,2557563392
1253,2558637056
1254,2559710720
1255,2560784384
1256,2561858048
1257,2562931712
1258,2564005376
1259,2565079040
1260,2566152704
1261,2567256192
1262,2568359680
1263,2569463168
1264,2570566656
1265,2571670144
1266,2572773632
1267,2573877120
1268,2574980608
1269,2576084096
1270,2577187584
1271,2578291072
1272,2579394560
1273,2580498048
1274,2581601536
1275,2582705024
1276,2583808512
1277,2584941824
1278,2586075136
1279,2587208448
1280,2588341760
1281,2589475072
1282,2590608384
1283,2591741696
1284,2592875008
1285,2594008320
1286,2595141632
1287,2596274944
1288,2597408256
1289,2598541568
1290,2599704704
1291,2600867840
1292,2602030976
1293,2603194112
1294,2604357248
1295,2605520384
1296,2606683520
1297,2607846656
1298,2609009792
1299,2610172928
1300,2611336064
1301,2612499200
1302,2613662336
1303,2614825472
1304,2615988608
1305,2617151744
1306,2618344704
1307,2619537664
1308,2620730624
1309,2621923584
1310,2623116544
1311,2624309504
1312,2625502464
1313,2626695424
1314,2627888384
1315,2629081344
1316,2630274304
1317,2631467264
1318,2632660224
1319,2633853184
1320,2635046144
1321,2636239104
1322,2637432064
1323,2638654848
1324,2639877632
1325,2641100416
1326,2642323200
1327,2643545984
1328,2644768768
1329,2645991552
1330,2647214336
1331,2648437120
1332,2649659904
1333,2650882688
1334,2652135296
1335,2653387904
1336,2654640512
1337,2655893120
1338,2657145728
1339,2658398336
1340,2659650944
1341,2660903552
1342,2662156160
1343,2663408768
1344,2664661376
1345,2665913984
1346,2667196416
1347,2668478848
1348,2669761280
1349,2671043712
1350,2672326144
1351,2673608576
1352,2674891008
1353,2676173440
1354,2677455872
1355,2678738304
1356,2680020736
1357,2681303168
1358,2682585600
1359,2683868032
1360,2685150464
1361,2686432896
1362,2687715328
1363,2688997760
1364,2690280192
1365,2691562624
1366,2692874880
1367,2694187136
1368,2695499392
1369,2696811648
1370,2698123904
1371,2699436160
1372,2700748416
1373,2702060672
1374,2703372928
1375,2704685184
1376,2705997440
1377,2707309696
1378,2708621952
1379,2709934208
1380,2711246464
1381,2712558720
1382,2713900800
1383,2715242880
1384,2716584960
1385,2717927040
1386,2719269120
1387,2720611200
1388,2721953280
1389,2723295360
1390,2724637440
1391,2725979520
1392,2727321600
1393,2728663680
1394,2730005760
1395,2731347840
1396,2732689920
1397,2734061824
1398,2735433728
1399,2736805632
1400,2738177536
1401,2739549440
1402,2740921344
1403,2742293248
1404,2743665152
1405,2745037056
1406,2746408960
1407,2747780864
1408,2749152768
1409,2750524672
1410,2751896576
1411,2753268480
1412,2754670208
1413,2756071936
1414,2757473664
1415,2758875392
1416,2760277120
1417,2761678848
1418,2763080576
1419,2764482304
1420,2765884032
1421,2767285760
1422,2768687488
1423,2770089216
1424,2771490944
1425,2772892672
1426,2774324224
1427,2775755776
1428,2777187328
1429,2778618880
1430,2780050432
1431,2781481984
1432,2782913536
1433,2784345088
1434,2785776640
1435,2787208192
1436,2788639744
1437,2790071296
1438,2791502848
1439,2792934400
1440,2794365952
1441,2795797504
1442,2797229056
1443,2798660608
1444,2800092160
1445,2801553536
1446,2803014912
1447,2804476288
1448,2805937664
1449,2807399040
1450,2808860416
1451,2810321792
1452,2811783168
1453,2813244544
1454,2814705920
1455,2816167296
1456,2817628672
1457,2819090048
1458,2820551424
1459,2822012800
1460,2823474176
1461,2824935552
1462,2826396928
1463,2827858304
1464,2829319680
1465,2830781056
1466,2832242432
1467,2833703808
1468,2835195008
1469,2836686208
1470,2838177408
1471,2839668608
1472,2841159808
1473,2842651008
1474,2844142208
1475,2845633408
1476,2847124608
1477,2848615808
1478,2850107008
1479,2851598208
1480,2853089408
1481,2854580608
1482,2856071808
1483,2857563008
1484,2859054208
1485,2860545408
1486,2862036608
1487,2863527808
1488,2865019008
1489,2866540032
1490,2868061056
1491,2869582080
1492,2871103104
1493,2872624128
1494,2874174976
1495,2875725824
1496,2877276672
1497,2878827520
1498,2880378368
1499,2881929216
1500,2883480064
1501,2885030912
1502,2886581760
1503,2888132608
1504,2889683456
1505,2891234304
1506,2892785152
1507,2894336000
1508,2895886848
1509,2897437696
1510,2898988544
1511,2900569216
1512,2902149888
1513,2903730560
1514,2905311232
1515,2906891904
1516,2908472576
1517,2910053248
1518,2911633920
1519,2913214592
1520,2914795264
1521,2916375936
1522,2917956608
1523,2919537280
1524,2921117952
1525,2922698624
1526,2924279296
1527,2925859968
1528,2927440640
1529,2929021312
1530,2930601984
1531,2932182656
1532,2933763328
1533,2935344000
1534,2936924672
1535,2938505344
1536,2940086016
1537,2941666688
1538,2943247360
1539,2944828032
1540,2946408704
1541,2947989376
1542,2949599872
1543,2951210368
1544,2952820864
1545,2954431360
1546,2956041856
1547,2957652352
1548,2959262848
1549,2960873344
1550,2962483840
1551,2964094336
1552,2965704832
1553,2967315328
1554,2968925824
1555,2970536320
1556,2972146816
1557,2973757312
1558,2975397632
1559,2977037952
1560,2978678272
1561,2980318592
1562,2981958912
1563,2983599232
1564,2985239552
1565,2986879872
1566,2988520192
1567,2990160512
1568,2991800832
1569,2993441152
1570,2995081472
1571,2996721792
1572,2998362112
1573,3000002432
1574,3001642752
1575,3003312896
1576,3004983040
1577,3006653184
1578,3008323328
1579,3009993472
1580,3011663616
1581,3013333760
1582,3015003904
1583,3016674048
1584,3018344192
1585,3020014336
1586,3021684480
1587,3023354624
1588,3025024768
1589,3026694912
1590,3028365056
1591,3030065024
1592,3031764992
1593,3033464960
1594,3035164928
1595,3036864896
1596,3038564864
1597,3040264832
1598,3041964800
1599,3043664768
1600,3045364736
1601,3047064704
1602,3048764672
1603,3050464640
1604,3052164608
1605,3053864576
1606,3055564544
1607,3057264512
1608,3058964480
1609,3060664448
1610,3062364416
1611,3064064384
1612,3065764352
1613,3067494144
1614,3069223936
1615,3070953728
1616,3072683520
1617,3074413312
1618,3076143104
1619,3077872896
1620,3079602688
1621,3081332480
1622,3083062272
1623,3084792064
1624,3086521856
1625,3088251648
1626,3089981440
1627,3091711232
1628,3093441024
1629,3095170816
1630,3096900608
1631,3098630400
1632,3100360192
1633,3102089984
1634,3103819776
1635,3105579392
1636,3107339008
1637,3109098624
1638,3110858240
1639,3112617856
1640,3114377472
1641,3116137088
1642,3117896704
1643,3119656320
1644,3121415936
1645,3123175552
1646,3124935168
1647,3126694784
1648,3128454400
1649,3130214016
1650,3132003456
1651,3133792896
1652,3135582336
1653,3137371776
1654,3139161216
1655,3140950656
1656,3142740096
1657,3144529536
1658,3146318976
1659,3148108416
1660,3149897856
1661,3151717120
1662,3153536384
1663,3155355648
1664,3157174912
1665,3158994176
1666,3160813440
1667,3162632704
1668,3164451968
1669,3166271232
1670,3168090496
1671,3169909760
1672,3171729024
1673,3173548288
1674,3175367552
1675,3177186816
1676,3179006080
1677,3180825344
1678,3182644608
1679,3184463872
1680,3186283136
1681,3188102400
1682,3189921664
1683,3191740928
1684,3193560192
1685,3195409280
1686,3197258368
1687,3199107456
1688,3200956544
1689,3202805632
1690,3204654720
1691,3206503808
1692,3208352896
1693,3210201984
1694,3212051072
1695,3213900160
1696,3215749248
1697,3217598336
1698,3219447424
1699,3221296512
1700,3223175424
1701,3225054336
1702,3226933248
1703,3228812160
1704,3230691072
1705,3232569984
1706,3234448896
1707,3236327808
1708,3238206720
1709,3240085632
1710,3241964544
1711,3243843456
1712,3245722368
1713,3247601280
1714,3249480192
1715,3251359104
1716,3253238016
1717,3255116928
1718,3256995840
1719,3258874752
1720,3260753664
1721,3262662400
1722,3264571136
1723,3266479872
1724,3268388608
1725,3270297344
1726,3272206080
1727,3274114816
1728,3276023552
1729,3277932288
1730,3279841024
1731,3281749760
1732,3283658496
1733,3285567232
1734,3287475968
1735,3289384704
1736,3291323264
1737,3293261824
1738,3295200384
1739,3297138944
1740,3299077504
1741,3301016064
1742,3302954624
1743,3304893184
1744,3306831744
1745,3308770304
1746,3310708864
1747,3312647424
1748,3314585984
1749,3316554368
1750,3318522752
1751,3320491136
1752,3322459520
1753,3324427904
1754,3326396288
1755,3328364672
1756,3330333056
1757,3332301440
1758,3334269824
1759,3336238208
1760,3338206592
1761,3340174976
1762,3342143360
1763,3344111744
1764,3346109952
1765,3348108160
1766,3350106368
1767,3352104576
1768,3354102784
1769,3356100992
1770,3358099200
1771,3360097408
1772,3362095616
1773,3364123648
1774,3366151680
1775,3368179712
1776,3370207744
1777,3372235776
1778,3374263808
1779,3376291840
1780,3378319872
1781,3380347904
1782,3382375936
1783,3384403968
1784,3386432000
1785,3388460032
1786,3390488064
1787,3392516096
1788,3394544128
1789,3396572160
1790,3398600192
1791,3400628224
1792,3402656256
1793,3404684288
1794,3406712320
1795,3408740352
1796,3410768384
1797,3412796416
1798,3414854272
1799,3416912128
1800,3418969984
1801,3421027840
1802,3423085696
1803,3425143552
1804,3427201408
1805,3429259264
1806,3431317120
1807,3433374976
1808,3435432832
1809,3437490688
1810,3439548544
1811,3441606400
1812,3443664256
1813,3445722112
1814,3447779968
1815,3449837824
1816,3451895680
1817,3453953536
1818,3456011392
1819,3458069248
1820,3460127104
1821,3462184960
1822,3464242816
1823,3466300672
1824,3468358528
1825,3470416384
1826,3472504064
1827,3474591744
1828,3476679424
1829,3478767104
1830,3480854784
1831,3482942464
1832,3485030144
1833,3487117824
1834,3489205504
1835,3491293184
1836,3493380864
1837,3495468544
1838,3497556224
1839,3499643904
1840,3501731584
1841,3503819264
1842,3505906944
1843,3507994624
1844,3510112128
1845,3512229632
1846,3514347136
1847,3516464640
1848,3518582144
1849,3520699648
1850,3522817152
1851,3524934656
1852,3527052160
1853,3529169664
1854,3531287168
1855,3533404672
1856,3535522176
1857,3537639680
1858,3539757184
1859,3541874688
1860,3543992192
1861,3546109696
1862,3548227200
1863,3550344704
1864,3552462208
1865,3554579712
1866,3556697216
1867,3558814720
1868,3560932224
1869,3563049728
1870,3565167232
1871,3567314560
1872,3569461888
1873,3571609216
1874,3573756544
1875,3575903872
1876,3578051200
1877,3580198528
1878,3582345856
1879,3584493184
1880,3586640512
1881,3588787840
1882,3590935168
1883,3593082496
1884,3595229824
1885,3597377152
1886,3599524480
1887,3601671808
1888,3603819136
1889,3605966464
1890,3608143616
1891,3610320768
1892,3612497920
1893,3614675072
1894,3616852224
1895,3619029376
1896,3621206528
1897,3623383680
1898,3625560832
1899,3627737984
1900,3629915136
1901,3632092288
1902,3634269440
1903,3636446592
1904,3638623744
1905,3640800896
1906,3642978048
1907,3645155200
1908,3647332352
1909,3649509504
1910,3651686656
1911,3653863808
1912,3656040960
1913,3658218112
1914,3660395264
1915,3662602240
1916,3664809216
1917,3667016192
1918,3669223168
1919,3671430144
1920,3673637120
1921,3675844096
1922,3678051072
1923,3680258048
1924,3682465024
1925,3684672000
1926,3686878976
1927,3689085952
1928,3691292928
1929,3693499904
1930,3695706880
1931,3697943680
1932,3700180480
1933,3702417280
1934,3704654080
1935,3706890880
1936,3709127680
1937,3711364480
1938,3713601280
1939,3715838080
1940,3718074880
1941,3720311680
1942,3722548480
1943,3724785280
1944,3727022080
1945,3729258880
1946,3731495680
1947,3733732480
1948,3735969280
1949,3738206080
1950,3740442880
1951,3742679680
1952,3744916480
1953,3747183104
1954,3749449728
1955,3751716352
1956,3753982976
1957,3756249600
1958,3758516224
1959,3760782848
1960,3763049472
1961,3765316096
1962,3767582720
1963,3769849344
1964,3772115968
1965,3774382592
1966,3776649216
1967,3778915840
1968,3781182464
1969,3783449088
1970,3785715712
1971,3787982336
1972,3790278784
1973,3792575232
1974,3794871680
1975,3797168128
1976,3799464576
1977,3801761024
1978,3804057472
1979,3806353920
1980,3808650368
1981,3810946816
1982,3813243264
1983,3815539712
1984,3817836160
1985,3820132608
1986,3822429056
1987,3824725504
1988,3827021952
1989,3829318400
1990,3831644672
1991,3833970944
1992,3836297216
1993,3838623488
1994,3840949760
1995,3843276032
1996,3845602304
1997,3847928576
1998,3850254848
1999,3852581120
2000,3854907392
2001,3857233664
2002,3859559936
2003,3861886208
2004,3864212480
2005,3866538752
2006,3868865024
2007,3871191296
2008,3873517568
2009,3875843840
2010,3878170112
2011,3880496384
2012,3882822656
2013,3885148928
2014,3887475200
2015,3889831296
2016,3892187392
2017,3894543488
2018,3896899584
2019,3899255680
2020,3901611776
2021,3903967872
2022,3906323968
2023,3908680064
2024,3911036160
2025,3913392256
2026,3915748352
2027,3918104448
2028,3920460544
2029,3922816640
2030,3925172736
2031,3927528832
2032,3929914752
2033,3932300672
2034,3934686592
2035,3937072512
2036,3939458432
2037,3941844352
2038,3944230272
2039,3946616192
2040,3949002112
2041,3951388032
2042,3953773952
2043,3956159872
2044,3958545792
2045,3960931712
2046,3963317632
2047,3965703552
2048,3968089472
2049,3970475392
2050,3972861312
2051,3975247232
2052,3977633152
2053,3980019072
2054,3982404992
2055,3984790912
2056,3987206656
2057,3989622400
2058,3992038144
2059,3994453888
2060,3996869632
2061,3999285376
2062,4001701120
2063,4004116864
2064,4006532608
2065,4008948352
2066,4011364096
2067,4013779840
2068,4016195584
2069,4018611328
2070,4021027072
2071,4023442816
2072,4025858560
2073,4028274304
2074,4030690048
2075,4033135616
2076,4035581184
2077,4038026752
2078,4040472320
2079,4042917888
2080,4045363456
2081,4047809024
2082,4050254592
2083,4052700160
2084,4055145728
2085,4057591296
2086,4060036864
2087,4062482432
2088,4064928000
2089,4067373568
2090,4069819136
2091,4072264704
2092,4074710272
2093,4077185664
2094,4079661056
2095,4082136448
2096,4084611840
2097,4087087232
2098,4089562624
2099,4092038016
2100,4094513408
2101,4096988800
2102,4099464192
2103,4101939584
2104,4104414976
2105,4106890368
2106,4109365760
2107,4111841152
2108,4114316544
2109,4116791936
2110,4119267328
2111,4121742720
2112,4124218112
2113,4126693504
2114,4129168896
2115,4131644288
2116,4134119680
2117,4136595072
2118,4139100288
2119,4141605504
2120,4144110720
2121,4146615936
2122,4149121152
2123,4151626368
2124,4154131584
2125,4156636800
2126,4159142016
2127,4161647232
2128,4164152448
2129,4166657664
2130,4169162880
2131,4171668096
2132,4174173312
2133,4176678528
2134,4179183744
2135,4181688960
2136,4184194176
2137,4186699392
2138,4189204608
2139,4191709824
2140,4194215040
2141,4196720256
2142,4199225472
2143,4201730688
2144,4204265728
2145,4206800768
2146,4209335808
2147,4211870848
2148,4214405888
2149,4216940928
2150,4219475968
2151,4222011008
2152,4224546048
2153,4227081088
2154,4229616128
2155,4232151168
2156,4234686208
2157,4237221248
2158,4239756288
2159,4242291328
2160,4244826368
2161,4247361408
2162,4249896448
2163,4252431488
2164,4254966528
2165,4257501568
2166,4260036608
2167,4262601472
2168,4265166336
2169,4267731200
2170,4270296064
2171,4272860928
2172,4275425792
2173,4277990656
2174,4280555520
2175,4283120384
2176,4285685248
2177,4288250112
2178,4290814976
2179,4293379840
2180,4295944704
2181,4298539392
2182,4301134080
2183,4303728768
2184,4306323456
2185,4308918144
2186,4311512832
2187,4314107520
2188,4316702208
2189,4319296896
2190,4321891584
2191,4324486272
2192,4327080960
2193,4329675648
2194,4332270336
2195,4334865024
2196,4337459712
2197,4340054400
2198,4342649088
2199,4345243776
2200,4347868288
2201,4350492800
2202,4353117312
2203,4355741824
2204,4358366336
2205,4360990848
2206,4363615360
2207,4366239872
2208,4368864384
2209,4371488896
2210,4374113408
2211,4376737920
2212,4379362432
2213,4381986944
2214,4384611456
2215,4387235968
2216,4389860480
2217,4392484992
2218,4395109504
2219,4397734016
2220,4400358528
2221,4402983040
2222,4405607552
2223,4408261888
2224,4410916224
2225,4413570560
2226,4416224896
2227,4418879232
2228,4421533568
2229,4424187904
2230,4426842240
2231,4429496576
2232,4432150912
2233,4434805248
2234,4437459584
2235,4440143744
2236,4442827904
2237,4445512064
2238,4448196224
2239,4450880384
2240,4453564544
2241,4456248704
2242,4458932864
2243,4461617024
2244,4464301184
2245,4466985344
2246,4469669504
2247,4472353664
2248,4475037824
2249,4477721984
2250,4480406144
2251,4483090304
2252,4485774464
2253,4488458624
2254,4491142784
2255,4493856768
2256,4496570752
2257,4499284736
2258,4501998720
2259,4504712704
2260,4507426688
2261,4510140672
2262,4512854656
2263,4515568640
2264,4518282624
2265,4520996608
2266,4523710592
2267,4526424576
2268,4529138560
2269,4531852544
2270,4534566528
2271,4537280512
2272,4539994496
2273,4542708480
2274,4545452288
2275,4548196096
2276,4550939904
2277,4553683712
2278,4556427520
2279,4559171328
2280,4561915136
2281,4564658944
2282,4567402752
2283,4570146560
2284,4572890368
2285,4575634176
2286,4578377984
2287,4581121792
2288,4583865600
2289,4586639232
2290,4589412864
2291,4592186496
2292,4594960128
2293,4597733760
2294,4600507392
2295,4603281024
2296,4606054656
2297,4608828288
2298,4611601920
2299,4614375552
2300,4617149184
2301,4619922816
2302,4622696448
2303,4625470080
2304,4628243712
2305,4631017344
2306,4633790976
2307,4636564608
2308,4639338240
2309,4642111872
2310,4644885504
2311,4647659136
2312,4650432768
2313,4653206400
2314,4655980032
2315,4658753664
2316,4661557120
2317,4664360576
2318,4667164032
2319,4669967488
2320,4672770944
2321,4675574400
2322,4678377856
2323,4681181312
2324,4683984768
2325,4686788224
2326,4689591680
2327,4692395136
2328,4695198592
2329,4698002048
2330,4700805504
2331,4703608960
2332,4706412416
2333,4709215872
2334,4712049152
2335,4714882432
2336,4717715712
2337,4720548992
2338,4723382272
2339,4726215552
2340,4729048832
2341,4731882112
2342,4734715392
2343,4737548672
2344,4740381952
2345,4743215232
2346,4746048512
2347,4748881792
2348,4751715072
2349,4754548352
2350,4757411456
2351,4760274560
2352,4763137664
2353,4766000768
2354,4768863872
2355,4771726976
2356,4774590080
2357,4777453184
2358,4780316288
2359,4783179392
2360,4786042496
2361,4788905600
2362,4791768704
2363,4794631808
2364,4797494912
2365,4800358016
2366,4803221120
2367,4806084224
2368,4808947328
2369,4811810432
2370,4814673536
2371,4817566464
2372,4820459392
2373,4823352320
2374,4826245248
2375,4829138176
2376,4832031104
2377,4834924032
2378,4837816960
2379,4840709888
2380,4843602816
2381,4846495744
2382,4849388672
2383,4852281600
2384,4855174528
2385,4858067456
2386,4860960384
2387,4863853312
2388,4866746240
2389,4869639168
2390,4872532096
2391,4875425024
2392,4878317952
2393,4881210880
2394,4884103808
2395,4886996736
2396,4889889664
2397,4892782592
2398,4895705344
2399,4898628096
2400,4901550848
2401,4904473600
2402,4907396352
2403,4910319104
2404,4913241856
2405,4916164608
2406,4919087360
2407,4922010112
2408,4924932864
2409,4927855616
2410,4930778368
2411,4933701120
2412,4936623872
2413,4939546624
2414,4942469376
2415,4945392128
2416,4948314880
2417,4951237632
2418,4954160384
2419,4957083136
2420,4960005888
2421,4962958464
2422,4965911040
2423,4968863616
2424,4971816192
2425,4974768768
2426,4977721344
2427,4980673920
2428,4983626496
2429,4986579072
2430,4989531648
2431,4992484224
2432,4995436800
2433,4998389376
2434,5001341952
2435,5004294528
2436,5007247104
2437,5010199680
2438,5013152256
2439,5016104832
2440,5019057408
2441,5022009984
2442,5024962560
2443,5027915136
2444,5030897536
2445,5033879936
2446,5036862336
2447,5039844736
2448,5042827136
2449,5045809536
2450,5048791936
2451,5051774336
2452,5054756736
2453,5057739136
2454,5060721536
2455,5063703936
2456,5066686336
2457,5069668736
2458,5072651136
2459,5075633536
2460,5078615936
2461,5081598336
2462,5084580736
2463,5087563136
2464,5090575360
2465,5093587584
2466,5096599808
2467,5099612032
2468,5102624256
2469,5105636480
2470,5108648704
2471,5111660928
2472,5114673152
2473,5117685376
2474,5120697600
2475,5123709824
2476,5126722048
2477,5129734272
2478,5132746496
2479,5135758720
2480,5138770944
2481,5141783168
2482,5144795392
2483,5147807616
2484,5150819840
2485,5153832064
2486,5156874112
2487,5159916160
2488,5162958208
2489,5166000256
2490,5169042304
2491,5172084352
2492,5175126400
2493,5178168448
2494,5181210496
2495,5184252544
2496,5187294592
2497,5190336640
2498,5193378688
2499,5196420736
2500,5199462784
2501,5202504832
2502,5205546880
2503,5208588928
2504,5211630976
2505,5214673024
2506,5217715072
2507,5220786944
2508,5223858816
2509,5226930688
2510,5230002560
2511,5233074432
2512,5236146304
2513,5239218176
2514,5242290048
2515,5245361920
2516,5248433792
2517,5251505664
2518,5254577536
2519,5257649408
2520,5260721280
2521,5263793152
2522,5266865024
2523,5269936896
2524,5273008768
2525,5276080640
2526,5279152512
2527,5282224384
2528,5285296256
2529,5288368128
2530,5291440000
2531,5294511872
2532,5297583744
2533,5300655616
2534,5303727488
2535,5306799360
2536,5309871232
2537,5312943104
2538,5316044800
2539,5319146496
2540,5322248192
2541,5325349888
2542,5328451584
2543,5331553280
2544,5334654976
2545,5337756672
2546,5340858368
2547,5343960064
2548,5347061760
2549,5350163456
2550,5353265152
2551,5356366848
2552,5359468544
2553,5362570240
2554,5365671936
2555,5368773632
2556,5371875328
2557,5374977024
2558,5378078720
2559,5381180416
2560,5384311936
2561,5387443456
2562,5390574976
2563,5393706496
2564,5396838016
2565,5399969536
2566,5403101056
2567,5406232576
2568,5409364096
2569,5412495616
2570,5415627136
2571,5418758656
2572,5421890176
2573,5425021696
2574,5428153216
2575,5431284736
2576,5434416256
2577,5437547776
2578,5440679296
2579,5443810816
2580,5446942336
2581,5450103680
2582,5453265024
2583,5456426368
2584,5459587712
2585,5462749056
2586,5465910400
2587,5469071744
2588,5472233088
2589,5475394432
2590,5478555776
2591,5481717120
2592,5484878464
2593,5488039808
2594,5491201152
2595,5494362496
2596,5497553664
2597,5500744832
2598,5503936000
2599,5507127168
2600,5510318336
2601,5513509504
2602,5516700672
2603,5519891840
2604,5523083008
2605,5526274176
2606,5529465344
2607,5532656512
2608,5535847680
2609,5539038848
2610,5542230016
2611,5545421184
2612,5548612352
2613,5551803520
2614,5554994688
2615,5558215680
2616,5561436672
2617,5564657664
2618,5567878656
2619,5571099648
2620,5574320640
2621,5577541632
2622,5580762624
2623,5583983616
2624,5587204608
2625,5590425600
2626,5593646592
2627,5596867584
2628,5600088576
2629,5603309568
2630,5606530560
2631,5609751552
2632,5612972544
2633,5616193536
2634,5619414528
2635,5622635520
2636,5625856512
2637,5629077504
2638,5632328320
2639,5635579136
2640,5638829952
2641,5642080768
2642,5645331584
2643,5648582400
2644,5651833216
2645,5655084032
2646,5658334848
2647,5661585664
2648,5664836480
2649,5668087296
2650,5671338112
2651,5674588928
2652,5677839744
2653,5681090560
2654,5684341376
2655,5687592192
2656,5690843008
2657,5694093824
2658,5697344640
2659,5700595456
2660,5703846272
2661,5707126912
2662,5710407552
2663,5713688192
2664,5716968832
2665,5720249472
2666,5723530112
2667,5726810752
2668,5730091392
2669,5733372032
2670,5736652672
2671,5739933312
2672,5743213952
2673,5746494592
2674,5749775232
2675,5753055872
2676,5756336512
2677,5759617152
2678,5762897792
2679,5766178432
2680,5769459072
2681,5772739712
2682,5776020352
2683,5779300992
2684,5782581632
2685,5785862272
2686,5789142912
2687,5792423552
2688,5795704192
2689,5799014656
2690,5802325120
2691,5805635584
2692,5808946048
2693,5812256512
2694,5815566976
2695,5818877440
2696,5822187904
2697,5825498368
2698,5828808832
2699,5832119296
2700,5835429760
2701,5838740224
2702,5842050688
2703,5845361152
2704,5848671616
2705,5851982080
2706,5855292544
2707,5858603008
2708,5861913472
2709,5865223936
2710,5868564224
2711,5871904512
2712,5875244800
2713,5878585088
2714,5881925376
2715,5885265664
2716,5888605952
2717,5891946240
2718,5895286528
2719,5898626816
2720,5901967104
2721,5905307392
2722,5908647680
2723,5911987968
2724,5915328256
2725,5918668544
2726,5922008832
2727,5925349120
2728,5928689408
2729,5932029696
2730,5935369984
2731,5938710272
2732,5942050560
2733,5945420672
2734,5948790784
2735,5952160896
2736,5955531008
2737,5958901120
2738,5962271232
2739,5965641344
2740,5969011456
2741,5972381568
2742,5975751680
2743,5979121792
2744,5982491904
2745,5985862016
2746,5989232128
2747,5992602240
2748,5995972352
2749,5999342464
2750,6002712576
2751,6006082688
2752,6009452800
2753,6012822912
2754,6016193024
2755,6019563136
2756,6022933248
2757,6026333184
2758,6029733120
2759,6033133056
2760,6036532992
2761,6039932928
2762,6043332864
2763,6046732800
2764,6050132736
2765,6053532672
2766,6056932608
2767,6060332544
2768,6063732480
2769,6067132416
2770,6070532352
2771,6073932288
2772,6077332224
2773,6080732160
2774,6084132096
2775,6087532032
2776,6090931968
2777,6094331904
2778,6097731840
2779,6101131776
2780,6104531712
2781,6107931648
2782,6111331584
2783,6114761344
2784,6118191104
2785,6121620864
2786,6125050624
2787,6128480384
2788,6131910144
2789,6135339904
2790,6138769664
2791,6142199424
2792,6145629184
2793,6149058944
2794,6152488704
2795,6155918464
2796,6159348224
2797,6162777984
2798,6166207744
2799,6169637504
2800,6173067264
2801,6176497024
2802,6179926784
2803,6183356544
2804,6186786304
2805,6190245888
2806,6193705472
2807,6197165056
2808,6200624640
2809,6204084224
2810,6207543808
2811,6211003392
2812,6214462976
2813,6217922560
2814,6221382144
2815,6224841728
2816,6228301312
2817,6231760896
2818,6235220480
2819,6238680064
2820,6242139648
2821,6245599232
2822,6249058816
2823,6252518400
2824,6255977984
2825,6259437568
2826,6262897152
2827,6266356736
2828,6269846144
2829,6273335552
2830,6276824960
2831,6280314368
2832,6283803776
2833,6287293184
2834,6290782592
2835,6294272000
2836,6297761408
2837,6301250816
2838,6304740224
2839,6308229632
2840,6311719040
2841,6315208448
2842,6318697856
2843,6322217088
2844,6325736320
2845,6329255552
2846,6332774784
2847,6336294016
2848,6339813248
2849,6343332480
2850,6346851712
2851,6350370944
2852,6353890176
2853,6357409408
2854,6360928640
2855,6364447872
2856,6367967104
2857,6371486336
2858,6375005568
2859,6378524800
2860,6382044032
2861,6385563264
2862,6389082496
2863,6392631552
2864,6396180608
2865,6399729664
2866,6403278720
2867,6406827776
2868,6410376832
2869,6413925888
2870,6417474944
2871,6421024000
2872,6424573056
2873,6428122112
2874,6431671168
2875,6435220224
2876,6438769280
2877,6442318336
2878,6445867392
2879,6449416448
2880,6452965504
2881,6456514560
2882,6460063616
2883,6463612672
2884,6467161728
2885,6470710784
2886,6474259840
2887,6477808896
2888,6481357952
2889,6484907008
2890,6488456064
2891,6492005120
2892,6495554176
2893,6499133056
2894,6502711936
2895,6506290816
2896,6509869696
2897,6513448576
2898,6517027456
2899,6520606336
2900,6524185216
2901,6527764096
2902,6531342976
2903,6534921856
2904,6538500736
2905,6542079616
2906,6545658496
2907,6549237376
2908,6552816256
2909,6556395136
2910,6559974016
2911,6563552896
2912,6567161600
2913,6570770304
2914,6574379008
2915,6577987712
2916,6581596416
2917,6585205120
2918,6588813824
2919,6592422528
2920,6596031232
2921,6599639936
2922,6603248640
2923,6606857344
2924,6610466048
2925,6614074752
2926,6617683456
2927,6621292160
2928,6624900864
2929,6628509568
2930,6632118272
2931,6635756800
2932,6639395328
2933,6643033856
2934,6646672384
2935,6650310912
2936,6653949440
2937,6657587968
2938,6661226496
2939,6664865024
2940,6668503552
2941,6672142080
2942,6675780608
2943,6679419136
2944,6683057664
2945,6686696192
2946,6690334720
2947,6693973248
2948,6697611776
2949,6701250304
2950,6704888832
2951,6708527360
2952,6712165888
2953,6715804416
2954,6719442944
2955,6723081472
2956,6726720000
2957,6730388352
2958,6734056704
2959,6737725056
2960,6741393408
2961,6745061760
2962,6748730112
2963,6752398464
2964,6756066816
2965,6759735168
2966,6763403520
2967,6767071872
2968,6770740224
2969,6774408576
2970,6778076928
2971,6781745280
2972,6785413632
2973,6789081984
2974,6792750336
2975,6796448512
2976,6800146688
2977,6803844864
2978,6807543040
2979,6811241216
2980,6814939392
2981,6818637568
2982,6822335744
2983,6826033920
2984,6829732096
2985,6833430272
2986,6837128448
2987,6840826624
2988,6844524800
2989,6848222976
2990,6851921152
2991,6855619328
2992,6859317504
2993,6863015680
2994,6866713856
2995,6870412032
2996,6874110208
2997,6877808384
2998,6881506560
2999,6885234560
3000,6888962560
3001,6892690560
3002,6896418560
3003,6900146560
3004,6903874560
3005,6907602560
3006,6911330560
3007,6915058560
3008,6918786560
3009,6922514560
3010,6926242560
3011,6929970560
3012,6933698560
3013,6937426560
3014,6941154560
3015,6944882560
3016,6948640384
3017,6952398208
3018,6956156032
3019,6959913856
3020,6963671680
3021,6967429504
3022,6971187328
3023,6974945152
3024,6978702976
3025,6982460800
3026,6986218624
3027,6989976448
3028,6993734272
3029,6997492096
3030,7001249920
3031,7005007744
3032,7008765568
3033,7012523392
3034,7016281216
3035,7020039040
3036,7023826688
3037,7027614336
3038,7031401984
3039,7035189632
3040,7038977280
3041,7042764928
3042,7046552576
3043,7050340224
3044,7054127872
3045,7057915520
3046,7061703168
3047,7065490816
3048,7069278464
3049,7073066112
3050,7076853760
3051,7080641408
3052,7084429056
3053,7088216704
3054,7092004352
3055,7095792000
3056,7099609472
3057,7103426944
3058,7107244416
3059,7111061888
3060,7114879360
3061,7118696832
3062,7122514304
3063,7126331776
3064,7130149248
3065,7133966720
3066,7137784192
3067,7141601664
3068,7145419136
3069,7149236608
3070,7153054080
3071,7156871552
3072,7160689024
3073,7164506496
3074,7168323968
3075,7172141440
3076,7175958912
3077,7179776384
3078,7183593856
3079,7187411328
3080,7191228800
3081,7195046272
3082,7198893568
3083,7202740864
3084,7206588160
3085,7210435456
3086,7214282752
3087,7218130048
3088,7221977344
3089,7225824640
3090,7229671936
3091,7233519232
3092,7237366528
3093,7241213824
3094,7245061120
3095,7248908416
3096,7252755712
3097,7256603008
3098,7260450304
3099,7264297600
3100,7268144896
3101,7271992192
3102,7275839488
3103,7279686784
3104,7283534080
3105,7287381376
3106,7291228672
3107,7295105792
3108,7298982912
3109,7302860032
3110,7306737152
3111,7310614272
3112,7314491392
3113,7318368512
3114,7322245632
3115,7326122752
3116,7329999872
3117,7333876992
3118,7337754112
3119,7341631232
3120,7345508352
3121,7349385472
3122,7353262592
3123,7357139712
3124,7361016832
3125,7364923776
3126,7368830720
3127,7372737664
3128,7376644608
3129,7380551552
3130,7384458496
3131,7388365440
3132,7392272384
3133,7396179328
3134,7400086272
3135,7403993216
3136,7407900160
3137,7411807104
3138,7415714048
3139,7419620992
3140,7423527936
3141,7427464704
3142,7431401472
3143,7435338240
3144,7439275008
3145,7443211776
3146,7447148544
3147,7451085312
3148,7455022080
3149,7458958848
3150,7462895616
3151,7466832384
3152,7470769152
3153,7474705920
3154,7478642688
3155,7482579456
3156,7486516224
3157,7490452992
3158,7494389760
3159,7498356352
3160,7502322944
3161,7506289536
3162,7510256128
3163,7514222720
3164,7518189312
3165,7522155904
3166,7526122496
3167,7530089088
3168,7534055680
3169,7538022272
3170,7541988864
3171,7545955456
3172,7549922048
3173,7553888640
3174,7557855232
3175,7561821824
3176,7565788416
3177,7569755008
3178,7573751424
3179,7577747840
3180,7581744256
3181,7585740672
3182,7589737088
3183,7593733504
3184,7597729920
3185,7601726336
3186,7605722752
3187,7609719168
3188,7613715584
3189,7617712000
3190,7621708416
3191,7625704832
3192,7629701248
3193,7633697664
3194,7637694080
3195,7641720320
3196,7645746560
3197,7649772800
3198,7653799040
3199,7657825280
3200,7661851520
3201,7665877760
3202,7669904000
3203,7673930240
3204,7677956480
3205,7681982720
3206,7686008960
3207,7690035200
3208,7694061440
3209,7698087680
3210,7702113920
3211,7706140160
3212,7710166400
3213,7714192640
3214,7718218880
3215,7722274944
3216,7726331008
3217,7730387072
3218,7734443136
3219,7738499200
3220,7742555264
3221,7746611328
3222,7750667392
3223,7754723456
3224,7758779520
3225,7762835584
3226,7766891648
3227,7770947712
3228,7775003776
3229,7779059840
3230,7783115904
3231,7787171968
3232,7791228032
3233,7795313920
3234,7799399808
3235,7803485696
3236,7807571584
3237,7811657472
3238,7815743360
3239,7819829248
3240,7823915136
3241,7828001024
3242,7832086912
3243,7836172800
3244,7840258688
3245,7844344576
3246,7848430464
3247,7852516352
3248,7856602240
3249,7860717952
3250,7864833664
3251,7868949376
3252,7873065088
3253,7877180800
3254,7881296512
3255,7885412224
3256,7889557760
3257,7893703296
3258,7897848832
3259,7901994368
3260,7906139904
3261,7910285440
3262,7914430976
3263,7918576512
3264,7922722048
3265,7926867584
3266,7931013120
3267,7935158656
3268,7939304192
3269,7943449728
3270,7947595264
3271,7951740800
3272,7955886336
3273,7960031872
3274,7964177408
3275,7968352768
3276,7972528128
3277,7976703488
3278,7980878848
3279,7985054208
3280,7989229568
3281,7993404928
3282,7997580288
3283,8001755648
3284,8005931008
3285,8010106368
3286,8014281728
3287,8018457088
3288,8022632448
3289,8026807808
3290,8031012992
3291,8035218176
3292,8039423360
3293,8043628544
3294,8047833728
3295,8052038912
3296,8056244096
3297,8060449280
3298,8064654464
3299,8068859648
3300,8073064832
3301,8077270016
3302,8081475200
3303,8085680384
3304,8089885568
3305,8094090752
3306,8098295936
3307,8102501120
3308,8106706304
3309,8110941312
3310,8115176320
3311,8119411328
3312,8123646336
3313,8127881344
3314,8132116352
3315,8136351360
3316,8140586368
3317,8144821376
3318,8149056384
3319,8153291392
3320,8157526400
3321,8161761408
3322,8165996416
3323,8170231424
3324,8174496256
3325,8178761088
3326,8183025920
3327,8187290752
3328,8191555584
3329,8195820416
3330,8200085248
3331,8204350080
3332,8208614912
3333,8212879744
3334,8217144576
3335,8221409408
3336,8225674240
3337,8229939072
3338,8234203904
3339,8238468736
3340,8242733568
3341,8247028224
3342,8251322880
3343,8255617536
3344,8259912192
3345,8264206848
3346,8268501504
3347,8272796160
3348,8277090816
3349,8281385472
3350,8285680128
3351,8289974784
3352,8294269440
3353,8298564096
3354,8302858752
3355,8307153408
3356,8311448064
3357,8315772544
3358,8320097024
3359,8324421504
3360,8328745984
3361,8333070464
3362,8337394944
3363,8341719424
3364,8346043904
3365,8350368384
3366,8354692864
3367,8359017344
3368,8363341824
3369,8367666304
3370,8371990784
3371,8376345088
3372,8380699392
3373,8385053696
3374,8389408000
3375,8393762304
3376,8398116608
3377,8402470912
3378,8406825216
3379,8411179520
3380,8415533824
3381,8419888128
3382,8424242432
3383,8428596736
3384,8432951040
3385,8437305344
3386,8441659648
3387,8446013952
3388,8450368256
3389,8454722560
3390,8459076864
3391,8463460992
3392,8467845120
3393,8472229248
3394,8476613376
3395,8480997504
3396,8485381632
3397,8489765760
3398,8494149888
3399,8498534016
3400,8502918144
3401,8507302272
3402,8511686400
3403,8516070528
3404,8520454656
3405,8524838784
3406,8529222912
3407,8533607040
3408,8537991168
3409,8542405120
3410,8546819072
3411,8551233024
3412,8555646976
3413,8560060928
3414,8564474880
3415,8568888832
3416,8573302784
3417,8577716736
3418,8582130688
3419,8586544640
3420,8590958592
3421,8595372544
3422,8599786496
3423,8604200448
3424,8608614400
3425,8613028352
3426,8617442304
3427,8621856256
3428,8626270208
3429,8630713984
3430,8635157760
3431,8639601536
3432,8644045312
3433,8648489088
3434,8652932864
3435,8657376640
3436,8661820416
3437,8666264192
3438,8670707968
3439,8675151744
3440,8679595520
3441,8684039296
3442,8688483072
3443,8692926848
3444,8697370624
3445,8701814400
3446,8706258176
3447,8710731776
3448,8715205376
3449,8719678976
3450,8724152576
3451,8728626176
3452,8733099776
3453,8737573376
3454,8742046976
3455,8746520576
3456,8750994176
3457,8755467776
3458,8759941376
3459,8764414976
3460,8768888576
3461,8773362176
3462,8777835776
3463,8782309376
3464,8786782976
3465,8791256576
3466,8795730176
3467,8800203776
3468,8804707200
3469,8809210624
3470,8813714048
3471,8818217472
3472,8822720896
3473,8827224320
3474,8831727744
3475,8836231168
3476,8840734592
3477,8845238016
3478,8849741440
3479,8854244864
3480,8858748288
3481,8863251712
3482,8867755136
3483,8872258560
3484,8876761984
3485,8881295232
3486,8885828480
3487,8890361728
3488,8894894976
3489,8899428224
3490,8903961472
3491,8908494720
3492,8913027968
3493,8917561216
3494,8922094464
3495,8926627712
3496,8931160960
3497,8935694208
3498,8940227456
3499,8944760704
3500,8949293952
3501,8953827200
3502,8958360448
3503,8962893696
3504,8967426944
3505,8971960192
3506,8976493440
3507,8981056512
3508,8985619584
3509,8990182656
3510,8994745728
3511,8999308800
3512,9003871872
3513,9008434944
3514,9012998016
3515,9017561088
3516,9022124160
3517,9026687232
3518,9031250304
3519,9035813376
3520,9040376448
3521,9044939520
3522,9049502592
3523,9054065664
3524,9058628736
3525,9063221632
3526,9067814528
3527,9072407424
3528,9077000320
3529,9081593216
3530,9086186112
3531,9090779008
3532,9095371904
3533,9099964800
3534,9104557696
3535,9109150592
3536,9113743488
3537,9118336384
3538,9122929280
3539,9127522176
3540,9132115072
3541,9136707968
3542,9141300864
3543,9145893760
3544,9150486656
3545,9155079552
3546,9159672448
3547,9164265344
3548,9168858240
3549,9173480960
3550,9178103680
3551,9182726400
3552,9187349120
3553,9191971840
3554,9196594560
3555,9201217280
3556,9205840000
3557,9210462720
3558,9215085440
3559,9219708160
3560,9224330880
3561,9228953600
3562,9233606144
3563,9238258688
3564,9242911232
3565,9247563776
3566,9252216320
3567,9256868864
3568,9261521408
3569,9266173952
3570,9270826496
3571,9275479040
3572,9280131584
3573,9284784128
3574,9289436672
3575,9294089216
3576,9298741760
3577,9303394304
3578,9308046848
3579,9312699392
3580,9317351936
3581,9322004480
3582,9326657024
3583,9331309568
3584,9335962112
3585,9340614656
3586,9345267200
3587,9349919744
3588,9354602112
3589,9359284480
3590,9363966848
3591,9368649216
3592,9373331584
3593,9378013952
3594,9382696320
3595,9387378688
3596,9392061056
3597,9396743424
3598,9401425792
3599,9406108160
3600,9410790528
3601,9415472896
3602,9420155264
3603,9424867456
3604,9429579648
3605,9434291840
3606,9439004032
3607,9443716224
3608,9448428416
3609,9453140608
3610,9457852800
3611,9462564992
3612,9467277184
3613,9471989376
3614,9476701568
3615,9481413760
3616,9486125952
3617,9490838144
3618,9495550336
3619,9500292352
3620,9505034368
3621,9509776384
3622,9514518400
3623,9519260416
3624,9524002432
3625,9528744448
3626,9533486464
3627,9538228480
3628,9542970496
3629,9547712512
3630,9552454528
3631,9557196544
3632,9561938560
3633,9566680576
3634,9571422592
3635,9576164608
3636,9580906624
3637,9585648640
3638,9590390656
3639,9595132672
3640,9599904512
3641,9604676352
3642,9609448192
3643,9614220032
3644,9618991872
3645,9623763712
3646,9628535552
3647,9633307392
3648,9638079232
3649,9642851072
3650,9647622912
3651,9652394752
3652,9657166592
3653,9661938432
3654,9666710272
3655,9671482112
3656,9676253952
3657,9681025792
3658,9685797632
3659,9690569472
3660,9695341312
3661,9700113152
3662,9704884992
3663,9709656832
3664,9714458496
3665,9719260160
3666,9724061824
3667,9728863488
3668,9733665152
3669,9738466816
3670,9743268480
3671,9748070144
3672,9752871808
3673,9757673472
3674,9762475136
3675,9767276800
3676,9772078464
3677,9776880128
3678,9781681792
3679,9786483456
3680,9791285120
3681,9796086784
3682,9800918272
3683,9805749760
3684,9810581248
3685,9815412736
3686,9820244224
3687,9825075712
3688,9829907200
3689,9834738688
3690,9839570176
3691,9844401664
3692,9849233152
3693,9854064640
3694,9858896128
3695,9863727616
3696,9868559104
3697,9873390592
3698,9878222080
3699,9883083392
3700,9887944704
3701,9892806016
3702,9897667328
3703,9902528640
3704,9907389952
3705,9912251264
3706,9917112576
3707,9921973888
3708,9926835200
3709,9931696512
3710,9936557824
3711,9941419136
3712,9946280448
3713,9951141760
3714,9956003072
3715,9960864384
3716,9965725696
3717,9970587008
3718,9975448320
3719,9980309632
3720,9985170944
3721,9990032256
3722,9994923392
3723,9999814528
3724,10004705664
3725,10009596800
3726,10014487936
3727,10019379072
3728,10024270208
3729,10029161344
3730,10034052480
3731,10038943616
3732,10043864576
3733,10048785536
3734,10053706496
3735,10058627456
3736,10063548416
3737,10068469376
3738,10073390336
3739,10078311296
3740,10083232256
3741,10088153216
3742,10093074176
3743,10097995136
3744,10102916096
3745,10107837056
3746,10112787840
3747,10117738624
3748,10122689408
3749,10127640192
3750,10132590976
3751,10137541760
3752,10142492544
3753,10147443328
3754,10152394112
3755,10157344896
3756,10162295680
3757,10167246464
3758,10172227072
3759,10177207680
3760,10182188288
3761,10187168896
3762,10192149504
3763,10197130112
3764,10202110720
3765,10207091328
3766,10212071936
3767,10217052544
3768,10222033152
3769,10227013760
3770,10231994368
3771,10236974976
3772,10241955584
3773,10246936192
3774,10251916800
3775,10256897408
3776,10261907840
3777,10266918272
3778,10271928704
3779,10276939136
3780,10281949568
3781,10286960000
3782,10291970432
3783,10296980864
3784,10301991296
3785,10307001728
3786,10312012160
3787,10317022592
3788,10322033024
3789,10327043456
3790,10332053888
3791,10337064320
3792,10342074752
3793,10347085184
3794,10352095616
3795,10357106048
3796,10362116480
3797,10367156736
3798,10372196992
3799,10377237248
3800,10382277504
3801,10387317760
3802,10392358016
3803,10397398272
3804,10402438528
3805,10407478784
3806,10412519040
3807,10417559296
3808,10422599552
3809,10427639808
3810,10432680064
3811,10437720320
3812,10442760576
3813,10447800832
3814,10452841088
3815,10457881344
3816,10462951424
3817,10468021504
3818,10473091584
3819,10478161664
3820,10483231744
3821,10488301824
3822,10493371904
3823,10498441984
3824,10503512064
3825,10508582144
3826,10513652224
3827,10518722304
3828,10523792384
3829,10528862464
3830,10533932544
3831,10539002624
3832,10544072704
3833,10549142784
3834,10554212864
3835,10559312768
3836,10564412672
3837,10569512576
3838,10574612480
3839,10579712384
3840,10584812288
3841,10589912192
3842,10595012096
3843,10600112000
3844,10605211904
3845,10610311808
3846,10615411712
3847,10620511616
3848,10625611520
3849,10630711424
3850,10635811328
3851,10640911232
3852,10646040960
3853,10651170688
3854,10656300416
3855,10661430144
3856,10666559872
3857,10671689600
3858,10676819328
3859,10681949056
3860,10687078784
3861,10692208512
3862,10697338240
3863,10702467968
3864,10707597696
3865,10712757248
3866,10717916800
3867,10723076352
3868,10728235904
3869,10733395456
3870,10738555008
3871,10743714560
3872,10748874112
3873,10754033664
3874,10759193216
3875,10764352768
3876,10769512320
3877,10774671872
3878,10779861248
3879,10785050624
3880,10790240000
3881,10795429376
3882,10800618752
3883,10805808128
3884,10810997504
3885,10816186880
3886,10821376256
3887,10826565632
3888,10831755008
3889,10836944384
3890,10842133760
3891,10847323136
3892,10852512512
3893,10857731712
3894,10862950912
3895,10868170112
3896,10873389312
3897,10878608512
3898,10883827712
3899,10889046912
3900,10894266112
3901,10899485312
3902,10904704512
3903,10909923712
3904,10915142912
3905,10920362112
3906,10925581312
3907,10930800512
3908,10936019712
3909,10941268736
3910,10946517760
3911,10951766784
3912,10957015808
3913,10962264832
3914,10967513856
3915,10972762880
3916,10978011904
3917,10983260928
3918,10988509952
3919,10993758976
3920,10999008000
3921,11004257024
3922,11009506048
3923,11014755072
3924,11020004096
3925,11025253120
3926,11030502144
3927,11035780992
3928,11041059840
3929,11046338688
3930,11051617536
3931,11056896384
3932,11062175232
3933,11067454080
3934,11072732928
3935,11078011776
3936,11083290624
3937,11088569472
3938,11093848320
3939,11099127168
3940,11104406016
3941,11109684864
3942,11114963712
3943,11120242560
3944,11125521408
3945,11130800256
3946,11136079104
3947,11141357952
3948,11146666624
3949,11151975296
3950,11157283968
3951,11162592640
3952,11167901312
3953,11173209984
3954,11178518656
3955,11183827328
3956,11189136000
3957,11194444672
3958,11199753344
3959,11205062016
3960,11210370688
3961,11215679360
3962,11220988032
3963,11226296704
3964,11231635200
3965,11236973696
3966,11242312192
3967,11247650688
3968,11252989184
3969,11258327680
3970,11263666176
3971,11269004672
3972,11274343168
3973,11279681664
3974,11285020160
3975,11290358656
3976,11295697152
3977,11301035648
3978,11306374144
3979,11311742464
3980,11317110784
3981,11322479104
3982,11327847424
3983,11333215744
3984,11338584064
3985,11343952384
3986,11349320704
3987,11354689024
3988,11360057344
3989,11365455488
3990,11370853632
3991,11376251776
3992,11381649920
3993,11387048064
3994,11392446208
3995,11397844352
3996,11403242496
3997,11408640640
3998,11414038784
3999,11419436928
4000,11424835072
4001,11430233216
4002,11435631360
4003,11441029504
4004,11446427648
4005,11451855616
4006,11457283584
4007,11462711552
4008,11468139520
4009,11473567488
4010,11478995456
4011,11484423424
4012,11489851392
4013,11495279360
4014,11500707328
4015,11506135296
4016,11511563264
4017,11516991232
4018,11522419200
4019,11527847168
4020,11533275136
4021,11538732928
4022,11544190720
4023,11549648512
4024,11555106304
4025,11560564096
4026,11566021888
4027,11571479680
4028,11576937472
4029,11582395264
4030,11587853056
4031,11593310848
4032,11598768640
4033,11604226432
4034,11609684224
4035,11615142016
4036,11620599808
4037,11626057600
4038,11631545216
4039,11637032832
4040,11642520448
4041,11648008064
4042,11653495680
4043,11658983296
4044,11664470912
4045,11669958528
4046,11675446144
4047,11680933760
4048,11686421376
4049,11691908992
4050,11697396608
4051,11702884224
4052,11708401664
4053,11713919104
4054,11719436544
4055,11724953984
4056,11730471424
4057,11735988864
4058,11741506304
4059,11747023744
4060,11752541184
4061,11758058624
4062,11763576064
4063,11769093504
4064,11774610944
4065,11780128384
4066,11785645824
4067,11791163264
4068,11796680704
4069,11802198144
4070,11807745408
4071,11813292672
4072,11818839936
4073,11824387200
4074,11829934464
4075,11835481728
4076,11841028992
4077,11846576256
4078,11852123520
4079,11857700608
4080,11863277696
4081,11868854784
4082,11874431872
4083,11880008960
4084,11885586048
4085,11891163136
4086,11896740224
4087,11902317312
4088,11907894400
4089,11913471488
4090,11919078400
4091,11924685312
4092,11930292224
4093,11935899136
4094,11941506048
4095,11947112960
4096,11952719872
4097,11958326784
4098,11963933696
4099,11969540608
4100,11975147520
4101,11980754432
4102,11986361344
4103,11991968256
4104,11997575168
4105,12003182080
4106,12008788992
4107,12014425728
4108,12020062464
4109,12025699200
4110,12031335936
4111,12036972672
4112,12042609408
4113,12048246144
4114,12053882880
4115,12059519616
4116,12065156352
4117,12070793088
4118,12076429824
4119,12082066560
4120,12087703296
4121,12093340032
4122,12099006592
4123,12104673152
4124,12110339712
4125,12116006272
4126,12121672832
4127,12127339392
4128,12133005952
4129,12138672512
4130,12144339072
4131,12150005632
4132,12155672192
4133,12161368576
4134,12167064960
4135,12172761344
4136,12178457728
4137,12184154112
4138,12189850496
4139,12195546880
4140,12201243264
4141,12206939648
4142,12212636032
4143,12218332416
4144,12224028800
4145,12229725184
4146,12235421568
4147,12241117952
4148,12246814336
4149,12252510720
4150,12258207104
4151,12263903488
4152,12269629696
4153,12275355904
4154,12281082112
4155,12286808320
4156,12292534528
4157,12298260736
4158,12303986944
4159,12309713152
4160,12315439360
4161,12321165568
4162,12326891776
4163,12332617984
4164,12338374016
4165,12344130048
4166,12349886080
4167,12355642112
4168,12361398144
4169,12367154176
4170,12372910208
4171,12378666240
4172,12384422272
4173,12390178304
4174,12395934336
4175,12401690368
4176,12407446400
4177,12413202432
4178,12418958464
4179,12424714496
4180,12430470528
4181,12436226560
4182,12441982592
4183,12447738624
4184,12453524480
4185,12459310336
4186,12465096192
4187,12470882048
4188,12476667904
4189,12482453760
4190,12488239616
4191,12494025472
4192,12499811328
4193,12505597184
4194,12511383040
4195,12517168896
4196,12522954752
4197,12528740608
4198,12534526464
4199,12540312320
4200,12546128000
4201,12551943680
4202,12557759360
4203,12563575040
4204,12569390720
4205,12575206400
4206,12581022080
4207,12586837760
4208,12592653440
4209,12598469120
4210,12604284800
4211,12610100480
4212,12615916160
4213,12621731840
4214,12627547520
4215,12633363200
4216,12639178880
4217,12644994560
4218,12650810240
4219,12656625920
4220,12662441600
4221,12668257280
4222,12674102784
4223,12679948288
4224,12685793792
4225,12691639296
4226,12697484800
4227,12703330304
4228,12709175808
4229,12715021312
4230,12720866816
4231,12726712320
4232,12732557824
4233,12738403328
4234,12744248832
4235,12750094336
4236,12755939840
4237,12761785344
4238,12767630848
4239,12773476352
4240,12779321856
4241,12785167360
4242,12791012864
4243,12796858368
4244,12802703872
4245,12808549376
4246,12814424704
4247,12820300032
4248,12826175360
4249,12832050688
4250,12837926016
4251,12843801344
4252,12849676672
4253,12855552000
4254,12861427328
4255,12867302656
4256,12873177984
4257,12879053312
4258,12884928640
4259,12890803968
4260,12896679296
4261,12902554624
4262,12908429952
4263,12914305280
4264,12920210432
4265,12926115584
4266,12932020736
4267,12937925888
4268,12943831040
4269,12949736192
4270,12955641344
4271,12961546496
4272,12967451648
4273,12973356800
4274,12979261952
4275,12985196928
4276,12991131904
4277,12997066880
4278,13003001856
4279,13008936832
4280,13014871808
4281,13020806784
4282,13026741760
4283,13032676736
4284,13038611712
4285,13044546688
4286,13050481664
4287,13056416640
4288,13062351616
4289,13068286592
4290,13074251392
4291,13080216192
4292,13086180992
4293,13092145792
4294,13098110592
4295,13104075392
4296,13110040192
4297,13116004992
4298,13121969792
4299,13127934592
4300,13133899392
4301,13139864192
4302,13145828992
4303,13151793792
4304,13157758592
4305,13163723392
4306,13169718016
4307,13175712640
4308,13181707264
4309,13187701888
4310,13193696512
4311,13199691136
4312,13205685760
4313,13211680384
4314,13217675008
4315,13223669632
4316,13229664256
4317,13235658880
4318,13241653504
4319,13247648128
4320,13253672576
4321,13259697024
4322,13265721472
4323,13271745920
4324,13277770368
4325,13283794816
4326,13289819264
4327,13295843712
4328,13301868160
4329,13307892608
4330,13313917056
4331,13319941504
4332,13325965952
4333,13331990400
4334,13338014848
4335,13344039296
4336,13350093568
4337,13356147840
4338,13362202112
4339,13368256384
4340,13374310656
4341,13380364928
4342,13386419200
4343,13392473472
4344,13398527744
4345,13404582016
4346,13410636288
4347,13416690560
4348,13422744832
4349,13428799104
4350,13434853376
4351,13440907648
4352,13446961920
4353,13453046016
4354,13459130112
4355,13465214208
4356,13471298304
4357,13477382400
4358,13483466496
4359,13489550592
4360,13495634688
4361,13501718784
4362,13507802880
4363,13513886976
4364,13520000896
4365,13526114816
4366,13532228736
4367,13538342656
4368,13544456576
4369,13550570496
4370,13556684416
4371,13562798336
4372,13568912256
4373,13575026176
4374,13581140096
4375,13587254016
4376,13593367936
4377,13599481856
4378,13605595776
4379,13611709696
4380,13617853440
4381,13623997184
4382,13630140928
4383,13636284672
4384,13642428416
4385,13648572160
4386,13654715904
4387,13660859648
4388,13667003392
4389,13673147136
4390,13679320704
4391,13685494272
4392,13691667840
4393,13697841408
4394,13704014976
4395,13710188544
4396,13716362112
4397,13722535680
4398,13728709248
4399,13734882816
4400,13741056384
4401,13747229952
4402,13753403520
4403,13759577088
4404,13765780480
4405,13771983872
4406,13778187264
4407,13784390656
4408,13790594048
4409,13796797440
4410,13803000832
4411,13809204224
4412,13815407616
4413,13821611008
4414,13827814400
4415,13834017792
4416,13840221184
4417,13846424576
4418,13852627968
4419,13858831360
4420,13865064576
4421,13871297792
4422,13877531008
4423,13883764224
4424,13889997440
4425,13896230656
4426,13902463872
4427,13908726912
4428,13914989952
4429,13921252992
4430,13927516032
4431,13933779072
4432,13940042112
4433,13946305152
4434,13952568192
4435,13958831232
4436,13965094272
4437,13971357312
4438,13977620352
4439,13983883392
4440,13990146432
4441,13996409472
4442,14002672512
4443,14008935552
4444,14015228416
4445,14021521280
4446,14027814144
4447,14034107008
4448,14040399872
4449,14046692736
4450,14052985600
4451,14059278464
4452,14065571328
4453,14071864192
4454,14078157056
4455,14084449920
4456,14090742784
4457,14097065472
4458,14103388160
4459,14109710848
4460,14116033536
4461,14122356224
4462,14128678912
4463,14135001600
4464,14141324288
4465,14147646976
4466,14153969664
4467,14160292352
4468,14166615040
4469,14172937728
4470,14179260416
4471,14185583104
4472,14191905792
4473,14198228480
4474,14204551168
4475,14210903680
4476,14217256192
4477,14223608704
4478,14229961216
4479,14236313728
4480,14242666240
4481,14249018752
4482,14255371264
4483,14261723776
4484,14268076288
4485,14274428800
4486,14280781312
4487,14287133824
4488,14293516160
4489,14299898496
4490,14306280832
4491,14312663168
4492,14319045504
4493,14325427840
4494,14331810176
4495,14338192512
4496,14344574848
4497,14350957184
4498,14357339520
4499,14363721856
4500,14370104192
4501,14376486528
4502,14382868864
4503,14389251200
4504,14395663360
4505,14402075520
4506,14408487680
4507,14414899840
4508,14421312000
4509,14427724160
4510,14434136320
4511,14440548480
4512,14446960640
4513,14453372800
4514,14459784960
4515,14466197120
4516,14472609280
4517,14479021440
4518,14485433600
4519,14491845760
4520,14498257920
4521,14504699904
4522,14511141888
4523,14517583872
4524,14524025856
4525,14530467840
4526,14536909824
4527,14543351808
4528,14549793792
4529,14556235776
4530,14562677760
4531,14569119744
4532,14575591552
4533,14582063360
4534,14588535168
4535,14595006976
4536,14601478784
4537,14607950592
4538,14614422400
4539,14620894208
4540,14627366016
4541,14633837824
4542,14640309632
4543,14646781440
4544,14653253248
4545,14659725056
4546,14666196864
4547,14672668672
4548,14679140480
4549,14685612288
4550,14692113920
4551,14698615552
4552,14705117184
4553,14711618816
4554,14718120448
4555,14724622080
4556,14731123712
4557,14737625344
4558,14744126976
4559,14750628608
4560,14757130240
4561,14763631872
4562,14770133504
4563,14776664960
4564,14783196416
4565,14789727872
4566,14796259328
4567,14802790784
4568,14809322240
4569,14815853696
4570,14822385152
4571,14828916608
4572,14835448064
4573,14841979520
4574,14848510976
4575,14855072256
4576,14861633536
4577,14868194816
4578,14874756096
4579,14881317376
4580,14887878656
4581,14894439936
4582,14901001216
4583,14907562496
4584,14914123776
4585,14920685056
4586,14927246336
4587,14933807616
4588,14940398720
4589,14946989824
4590,14953580928
4591,14960172032
4592,14966763136
4593,14973354240
4594,14979945344
4595,14986536448
4596,14993127552
4597,14999718656
4598,15006309760
4599,15012900864
4600,15019491968
4601,15026083072
4602,15032704000
4603,15039324928
4604,15045945856
4605,15052566784
4606,15059187712
4607,15065808640
4608,15072429568
4609,15079050496
4610,15085671424
4611,15092292352
4612,15098913280
4613,15105534208
4614,15112155136
4615,15118776064
4616,15125396992
4617,15132017920
4618,15138638848
4619,15145259776
4620,15151880704
4621,15158531456
4622,15165182208
4623,15171832960
4624,15178483712
4625,15185134464
4626,15191785216
4627,15198435968
4628,15205086720
4629,15211737472
4630,15218388224
4631,15225068800
4632,15231749376
4633,15238429952
4634,15245110528
4635,15251791104
4636,15258471680
4637,15265152256
4638,15271832832
4639,15278513408
4640,15285193984
4641,15291874560
4642,15298555136
4643,15305235712
4644,15311916288
4645,15318626688
4646,15325337088
4647,15332047488
4648,15338757888
4649,15345468288
4650,15352178688
4651,15358889088
4652,15365629312
4653,15372369536
4654,15379109760
4655,15385849984
4656,15392590208
4657,15399330432
4658,15406070656
4659,15412810880
4660,15419551104
4661,15426291328
4662,15433031552
4663,15439771776
4664,15446512000
4665,15453252224
4666,15460022272
4667,15466792320
4668,15473562368
4669,15480332416
4670,15487102464
4671,15493872512
4672,15500642560
4673,15507412608
4674,15514182656
4675,15520952704
4676,15527722752
4677,15534492800
4678,15541262848
4679,15548032896
4680,15554802944
4681,15561602816
4682,15568402688
4683,15575202560
4684,15582002432
4685,15588802304
4686,15595602176
4687,15602402048
4688,15609201920
4689,15616001792
4690,15622801664
4691,15629631360
4692,15636461056
4693,15643290752
4694,15650120448
4695,15656950144
4696,15663779840
4697,15670609536
4698,15677439232
4699,15684268928
4700,15691098624
4701,15697928320
4702,15704758016
4703,15711617536
4704,15718477056
4705,15725336576
4706,15732196096
4707,15739055616
4708,15745915136
4709,15752774656
4710,15759634176
4711,15766493696
4712,15773353216
4713,15780212736
4714,15787072256
4715,15793931776
4716,15800791296
4717,15807650816
4718,15814540160
4719,15821429504
4720,15828318848
4721,15835208192
4722,15842097536
4723,15848986880
4724,15855876224
4725,15862765568
4726,15869654912
4727,15876544256
4728,15883433600
4729,15890322944
4730,15897212288
4731,15904101632
4732,15910990976
4733,15917880320
4734,15924769664
4735,15931659008
4736,15938578176
4737,15945497344
4738,15952416512
4739,15959335680
4740,15966254848
4741,15973174016
4742,15980093184
4743,15987012352
4744,15993931520
4745,16000850688
4746,16007769856
4747,16014689024
4748,16021608192
4749,16028527360
4750,16035476352
4751,16042425344
4752,16049374336
4753,16056323328
4754,16063272320
4755,16070221312
4756,16077170304
4757,16084119296
4758,16091068288
4759,16098017280
4760,16104966272
4761,16111915264
4762,16118864256
4763,16125813248
4764,16132792064
4765,16139770880
4766,16146749696
4767,16153728512
4768,16160707328
4769,16167686144
4770,16174664960
4771,16181643776
4772,16188622592
4773,16195601408
4774,16202580224
4775,16209559040
4776,16216537856
4777,16223516672
4778,16230495488
4779,16237474304
4780,16244453120
4781,16251461760
4782,16258470400
4783,16265479040
4784,16272487680
4785,16279496320
4786,16286504960
4787,16293513600
4788,16300522240
4789,16307530880
4790,16314539520
4791,16321548160
4792,16328586624
4793,16335625088
4794,16342663552
4795,16349702016
4796,16356740480
4797,16363778944
4798,16370817408
4799,16377855872
4800,16384894336
4801,16391932800
4802,16398971264
4803,16406009728
4804,16413048192
4805,16420086656
4806,16427125120
4807,16434193408
4808,16441261696
4809,16448329984
4810,16455398272
4811,16462466560
4812,16469534848
4813,16476603136
4814,16483671424
4815,16490739712
4816,16497808000
4817,16504876288
4818,16511944576
4819,16519012864
4820,16526081152
4821,16533149440
4822,16540217728
4823,16547286016
4824,16554384128
4825,16561482240
4826,16568580352
4827,16575678464
4828,16582776576
4829,16589874688
4830,16596972800
4831,16604070912
4832,16611169024
4833,16618267136
4834,16625365248
4835,16632463360
4836,16639561472
4837,16646659584
4838,16653757696
4839,16660855808
4840,16667953920
4841,16675052032
4842,16682150144
4843,16689278080
4844,16696406016
4845,16703533952
4846,16710661888
4847,16717789824
4848,16724917760
4849,16732045696
4850,16739173632
4851,16746301568
4852,16753429504
4853,16760557440
4854,16767715200
4855,16774872960
4856,16782030720
4857,16789188480
4858,16796346240
4859,16803504000
4860,16810661760
4861,16817819520
4862,16824977280
4863,16832135040
4864,16839292800
4865,16846480384
4866,16853667968
4867,16860855552
4868,16868043136
4869,16875230720
4870,16882418304
4871,16889605888
4872,16896793472
4873,16903981056
4874,16911168640
4875,16918356224
4876,16925543808
4877,16932731392
4878,16939918976
4879,16947106560
4880,16954294144
4881,16961511552
4882,16968728960
4883,16975946368
4884,16983163776
4885,16990381184
4886,16997598592
4887,17004816000
4888,17012033408
4889,17019250816
4890,17026468224
4891,17033685632
4892,17040903040
4893,17048120448
4894,17055367680
4895,17062614912
4896,17069862144
4897,17077109376
4898,17084356608
4899,17091603840
4900,17098851072
4901,17106098304
4902,17113345536
4903,17120622592
4904,17127899648
4905,17135176704
4906,17142453760
4907,17149730816
4908,17157007872
4909,17164284928
4910,17171561984
4911,17178839040
4912,17186116096
4913,17193393152
4914,17200670208
4915,17207947264
4916,17215224320
4917,17222501376
4918,17229778432
4919,17237085312
4920,17244392192
4921,17251699072
4922,17259005952
4923,17266312832
4924,17273619712
4925,17280926592
4926,17288233472
4927,17295540352
4928,17302847232
4929,17310154112
4930,17317460992
4931,17324767872
4932,17332104576
4933,17339441280
4934,17346777984
4935,17354114688
4936,17361451392
4937,17368788096
4938,17376124800
4939,17383461504
4940,17390798208
4941,17398134912
4942,17405471616
4943,17412808320
4944,17420174848
4945,17427541376
4946,17434907904
4947,17442274432
4948,17449640960
4949,17457007488
4950,17464374016
4951,17471740544
4952,17479107072
4953,17486473600
4954,17493840128
4955,17501206656
4956,17508573184
4957,17515969536
4958,17523365888
4959,17530762240
4960,17538158592
4961,17545554944
4962,17552951296
4963,17560347648
4964,17567744000
4965,17575140352
4966,17582536704
4967,17589933056
4968,17597329408
4969,17604725760
4970,17612122112
4971,17619518464
4972,17626914816
4973,17634311168
4974,17641707520
4975,17649103872
4976,17656500224
4977,17663896576
4978,17671322752
4979,17678748928
4980,17686175104
4981,17693601280
4982,17701027456
4983,17708453632
4984,17715879808
4985,17723305984
4986,17730732160
4987,17738158336
4988,17745584512
4989,17753010688
4990,17760436864
4991,17767863040
4992,17775319040
4993,17782775040
4994,17790231040
4995,17797687040
4996,17805143040
4997,17812599040
4998,17820055040
4999,17827511040
5000,17834967040
5001,17842452864
5002,17849938688
5003,17857424512
5004,17864910336
5005,17872396160
5006,17879881984
5007,17887367808
5008,17894853632
5009,17902339456
5010,17909825280
5011,17917311104
5012,17924796928
5013,17932282752
5014,17939768576
5015,17947254400
5016,17954740224
5017,17962226048
5018,17969711872
5019,17977197696
5020,17984683520
5021,17992169344
5022,17999655168
5023,18007140992
5024,18014656640
5025,18022172288
5026,18029687936
5027,18037203584
5028,18044719232
5029,18052234880
5030,18059750528
5031,18067266176
5032,18074781824
5033,18082297472
5034,18089813120
5035,18097328768
5036,18104844416
5037,18112360064
5038,18119905536
5039,18127451008
5040,18134996480
5041,18142541952
5042,18150087424
5043,18157632896
5044,18165178368
5045,18172723840
5046,18180269312
5047,18187814784
5048,18195360256
5049,18202905728
5050,18210451200
5051,18217996672
5052,18225542144
5053,18233087616
5054,18240633088
5055,18248178560
5056,18255753856
5057,18263329152
5058,18270904448
5059,18278479744
5060,18286055040
5061,18293630336
5062,18301205632
5063,18308780928
5064,18316356224
5065,18323931520
5066,18331506816
5067,18339082112
5068,18346657408
5069,18354232704
5070,18361808000
5071,18369383296
5072,18376958592
5073,18384533888
5074,18392139008
5075,18399744128
5076,18407349248
5077,18414954368
5078,18422559488
5079,18430164608
5080,18437769728
5081,18445374848
5082,18452979968
5083,18460614912
5084,18468249856
5085,18475884800
5086,18483519744
5087,18491154688
5088,18498789632
5089,18506424576
5090,18514059520
5091,18521694464
5092,18529329408
5093,18536994176
5094,18544658944
5095,18552323712
5096,18559988480
5097,18567653248
5098,18575318016
5099,18582982784
5100,18590647552
5101,18598312320
5102,18605977088
5103,18613641856
5104,18621306624
5105,18628971392
5106,18636665984
5107,18644360576
5108,18652055168
5109,18659749760
5110,18667444352
5111,18675138944
5112,18682833536
5113,18690528128
5114,18698222720
5115,18705917312
5116,18713611904
5117,18721306496
5118,18729001088
5119,18736695680
5120,18744390272
5121,18752084864
5122,18759809280
5123,18767533696
5124,18775258112
5125,18782982528
5126,18790706944
5127,18798431360
5128,18806155776
5129,18813880192
5130,18821604608
5131,18829329024
5132,18837053440
5133,18844807680
5134,18852561920
5135,18860316160
5136,18868070400
5137,18875824640
5138,18883578880
5139,18891333120
5140,18899087360
5141,18906841600
5142,18914595840
5143,18922350080
5144,18930104320
5145,18937888384
5146,18945672448
5147,18953456512
5148,18961240576
5149,18969024640
5150,18976808704
5151,18984592768
5152,18992376832
5153,19000160896
5154,19007944960
5155,19015729024
5156,19023542912
5157,19031356800
5158,19039170688
5159,19046984576
5160,19054798464
5161,19062612352
5162,19070426240
5163,19078240128
5164,19086054016
5165,19093867904
5166,19101681792
5167,19109495680
5168,19117309568
5169,19125123456
5170,19132967168
5171,19140810880
5172,19148654592
5173,19156498304
5174,19164342016
5175,19172185728
5176,19180029440
5177,19187902976
5178,19195776512
5179,19203650048
5180,19211523584
5181,19219397120
5182,19227270656
5183,19235144192
5184,19243017728
5185,19250891264
5186,19258794624
5187,19266697984
5188,19274601344
5189,19282504704
5190,19290408064
5191,19298311424
5192,19306214784
5193,19314118144
5194,19322021504
5195,19329924864
5196,19337828224
5197,19345731584
5198,19353634944
5199,19361538304
5200,19369441664
5201,19377374848
5202,19385308032
5203,19393241216
5204,19401174400
5205,19409107584
5206,19417040768
5207,19424973952
5208,19432907136
5209,19440840320
5210,19448773504
5211,19456706688
5212,19464639872
5213,19472573056
5214,19480506240
5215,19488469248
5216,19496432256
5217,19504395264
5218,19512358272
5219,19520321280
5220,19528284288
5221,19536247296
5222,19544210304
5223,19552173312
5224,19560136320
5225,19568099328
5226,19576062336
5227,19584025344
5228,19592018176
5229,19600011008
5230,19608003840
5231,19615996672
5232,19623989504
5233,19631982336
5234,19639975168
5235,19647997824
5236,19656020480
5237,19664043136
5238,19672065792
5239,19680088448
5240,19688111104
5241,19696133760
5242,19704156416
5243,19712179072
5244,19720201728
5245,19728224384
5246,19736247040
5247,19744299520
5248,19752352000
5249,19760404480
5250,19768456960
5251,19776509440
5252,19784561920
5253,19792614400
5254,19800666880
5255,19808719360
5256,19816771840
5257,19824854144
5258,19832936448
5259,19841018752
5260,19849101056
5261,19857183360
5262,19865265664
5263,19873347968
5264,19881430272
5265,19889512576
5266,19897594880
5267,19905677184
5268,19913759488
5269,19921841792
5270,19929924096
5271,19938006400
5272,19946088704
5273,19954171008
5274,19962253312
5275,19970365440
5276,19978477568
5277,19986589696
5278,19994701824
5279,20002813952
5280,20010926080
5281,20019038208
5282,20027150336
5283,20035262464
5284,20043374592
5285,20051486720
5286,20059598848
5287,20067740800
5288,20075882752
5289,20084024704
5290,20092166656
5291,20100308608
5292,20108450560
5293,20116592512
5294,20124734464
5295,20132876416
5296,20141018368
5297,20149190144
5298,20157361920
5299,20165533696
5300,20173705472
5301,20181877248
5302,20190049024
5303,20198220800
5304,20206392576
5305,20214564352
5306,20222736128
5307,20230907904
5308,20239079680
5309,20247251456
5310,20255423232
5311,20263624832
5312,20271826432
5313,20280028032
5314,20288229632
5315,20296431232
5316,20304632832
5317,20312834432
5318,20321036032
5319,20329237632
5320,20337439232
5321,20345640832
5322,20353842432
5323,20362044032
5324,20370245632
5325,20378477056
5326,20386708480
5327,20394939904
5328,20403171328
5329,20411402752
5330,20419634176
5331,20427865600
5332,20436097024
5333,20444328448
5334,20452559872
5335,20460791296
5336,20469022720
5337,20477254144
5338,20485485568
5339,20493716992
5340,20501948416
5341,20510179840
5342,20518411264
5343,20526642688
5344,20534874112
5345,20543105536
5346,20551366784
5347,20559628032
5348,20567889280
5349,20576150528
5350,20584411776
5351,20592673024
5352,20600934272
5353,20609195520
5354,20617456768
5355,20625718016
5356,20634009088
5357,20642300160
5358,20650591232
5359,20658882304
5360,20667173376
5361,20675464448
5362,20683755520
5363,20692046592
5364,20700367488
5365,20708688384
5366,20717009280
5367,20725330176
5368,20733651072
5369,20741971968
5370,20750292864
5371,20758613760
5372,20766934656
5373,20775255552
5374,20783606272
5375,20791956992
5376,20800307712
5377,20808658432
5378,20817009152
5379,20825359872
5380,20833710592
5381,20842061312
5382,20850412032
5383,20858762752
5384,20867113472
5385,20875464192
5386,20883814912
5387,20892195456
5388,20900576000
5389,20908956544
5390,20917337088
5391,20925717632
5392,20934098176
5393,20942478720
5394,20950859264
5395,20959239808
5396,20967620352
5397,20976000896
5398,20984381440
5399,20992761984
5400,21001142528
5401,21009523072
5402,21017903616
5403,21026284160
5404,21034694528
5405,21043104896
5406,21051515264
5407,21059925632
5408,21068336000
5409,21076746368
5410,21085156736
5411,21093567104
5412,21101977472
5413,21110387840
5414,21118798208
5415,21127238400
5416,21135678592
5417,21144118784
5418,21152558976
5419,21160999168
5420,21169439360
5421,21177879552
5422,21186319744
5423,21194789760
5424,21203259776
5425,21211729792
5426,21220199808
5427,21228669824
5428,21237139840
5429,21245609856
5430,21254079872
5431,21262549888
5432,21271019904
5433,21279489920
5434,21287959936
5435,21296429952
5436,21304899968
5437,21313369984
5438,21321869824
5439,21330369664
5440,21338869504
5441,21347369344
5442,21355869184
5443,21364369024
5444,21372868864
5445,21381398528
5446,21389928192
5447,21398457856
5448,21406987520
5449,21415517184
5450,21424046848
5451,21432576512
5452,21441106176
5453,21449635840
5454,21458165504
5455,21466695168
5456,21475224832
5457,21483754496
5458,21492284160
5459,21500843648
5460,21509403136
5461,21517962624
5462,21526522112
5463,21535081600
5464,21543641088
5465,21552200576
5466,21560760064
5467,21569319552
5468,21577879040
5469,21586438528
5470,21594998016
5471,21603587328
5472,21612176640
5473,21620765952
5474,21629355264
5475,21637944576
5476,21646533888
5477,21655153024
5478,21663772160
5479,21672391296
5480,21681010432
5481,21689629568
5482,21698248704
5483,21706867840
5484,21715486976
5485,21724106112
5486,21732755072
5487,21741404032
5488,21750052992
5489,21758701952
5490,21767350912
5491,21775999872
5492,21784648832
5493,21793297792
5494,21801946752
5495,21810595712
5496,21819244672
5497,21827893632
5498,21836542592
5499,21845191552
5500,21853840512
5501,21862519296
5502,21871198080
5503,21879876864
5504,21888555648
5505,21897234432
5506,21905913216
5507,21914592000
5508,21923270784
5509,21931949568
5510,21940628352
5511,21949307136
5512,21958015744
5513,21966724352
5514,21975432960
5515,21984141568
5516,21992850176
5517,22001558784
5518,22010267392
5519,22018976000
5520,22027684608
5521,22036423040
5522,22045161472
5523,22053899904
5524,22062638336
5525,22071376768
5526,22080115200
5527,22088853632
5528,22097592064
5529,22106330496
5530,22115068928
5531,22123837184
5532,22132605440
5533,22141373696
5534,22150141952
5535,22158910208
5536,22167678464
5537,22176446720
5538,22185214976
5539,22193983232
5540,22202751488
5541,22211549568
5542,22220347648
5543,22229145728
5544,22237943808
5545,22246741888
5546,22255539968
5547,22264338048
5548,22273136128
5549,22281934208
5550,22290732288
5551,22299530368
5552,22308328448
5553,22317156352
5554,22325984256
5555,22334812160
5556,22343640064
5557,22352467968
5558,22361295872
5559,22370123776
5560,22378951680
5561,22387809408
5562,22396667136
5563,22405524864
5564,22414382592
5565,22423240320
5566,22432098048
5567,22440955776
5568,22449813504
5569,22458671232
5570,22467528960
5571,22476386688
5572,22485244416
5573,22494102144
5574,22502989696
5575,22511877248
5576,22520764800
5577,22529652352
5578,22538539904
5579,22547427456
5580,22556315008
5581,22565202560
5582,22574090112
5583,22582977664
5584,22591865216
5585,22600752768
5586,22609640320
5587,22618557696
5588,22627475072
5589,22636392448
5590,22645309824
5591,22654227200
5592,22663144576
5593,22672061952
5594,22680979328
5595,22689896704
5596,22698814080
5597,22707761280
5598,22716708480
5599,22725655680
5600,22734602880
5601,22743550080
5602,22752497280
5603,22761444480
5604,22770391680
5605,22779338880
5606,22788286080
5607,22797263104
5608,22806240128
5609,22815217152
5610,22824194176
5611,22833171200
5612,22842148224
5613,22851125248
5614,22860102272
5615,22869079296
5616,22878056320
5617,22887033344
5618,22896040192
5619,22905047040
5620,22914053888
5621,22923060736
5622,22932067584
5623,22941074432
5624,22950081280
5625,22959088128
5626,22968094976
5627,22977101824
5628,22986108672
5629,22995115520
5630,23004122368
5631,23013129216
5632,23022136064
5633,23031172736
5634,23040209408
5635,23049246080
5636,23058282752
5637,23067319424
5638,23076356096
5639,23085392768
5640,23094429440
5641,23103466112
5642,23112502784
5643,23121539456
5644,23130576128
5645,23139642624
5646,23148709120
5647,23157775616
5648,23166842112
5649,23175908608
5650,23184975104
5651,23194041600
5652,23203108096
5653,23212174592
5654,23221241088
5655,23230337408
5656,23239433728
5657,23248530048
5658,23257626368
5659,23266722688
5660,23275819008
5661,23284945152
5662,23294071296
5663,23303197440
5664,23312323584
5665,23321449728
5666,23330575872
5667,23339702016
5668,23348828160
5669,23357954304
5670,23367110272
5671,23376266240
5672,23385422208
5673,23394578176
5674,23403763968
5675,23412949760
5676,23422135552
5677,23431321344
5678,23440507136
5679,23449692928
5680,23458878720
5681,23468064512
5682,23477250304
5683,23486436096
5684,23495621888
5685,23504807680
5686,23513993472
5687,23523179264
5688,23532365056
5689,23541580672
5690,23550796288
5691,23560011904
5692,23569227520
5693,23578443136
5694,23587658752
5695,23596874368
5696,23606089984
5697,23615305600
5698,23624521216
5699,23633736832
5700,23642982272
5701,23652227712
5702,23661473152
5703,23670718592
5704,23679964032
5705,23689209472
5706,23698454912
5707,23707700352
5708,23716945792
5709,23726191232
5710,23735466496
5711,23744741760
5712,23754017024
5713,23763292288
5714,23772567552
5715,23781842816
5716,23791118080
5717,23800393344
5718,23809668608
5719,23818973696
5720,23828278784
5721,23837583872
5722,23846888960
5723,23856194048
5724,23865499136
5725,23874804224
5726,23884139136
5727,23893474048
5728,23902808960
5729,23912143872
5730,23921478784
5731,23930813696
5732,23940148608
5733,23949483520
5734,23958818432
5735,23968183168
5736,23977547904
5737,23986912640
5738,23996277376
5739,24005642112
5740,24015006848
5741,24024371584
5742,24033736320
5743,24043101056
5744,24052465792
5745,24061830528
5746,24071225088
5747,24080619648
5748,24090014208
5749,24099408768
5750,24108803328
5751,24118227712
5752,24127652096
5753,24137076480
5754,24146500864
5755,24155925248
5756,24165349632
5757,24174774016
5758,24184198400
5759,24193622784
5760,24203047168
5761,24212471552
5762,24221895936
5763,24231320320
5764,24240744704
5765,24250169088
5766,24259623296
5767,24269077504
5768,24278531712
5769,24287985920
5770,24297440128
5771,24306894336
5772,24316378368
5773,24325862400
5774,24335346432
5775,24344830464
5776,24354314496
5777,24363798528
5778,24373282560
5779,24382766592
5780,24392250624
5781,24401734656
5782,24411218688
5783,24420702720
5784,24430186752
5785,24439700608
5786,24449214464
5787,24458728320
5788,24468242176
5789,24477756032
5790,24487269888
5791,24496783744
5792,24506297600
5793,24515811456
5794,24525355136
5795,24534898816
5796,24544442496
5797,24553986176
5798,24563529856
5799,24573073536
5800,24582647040
5801,24592220544
5802,24601794048
5803,24611367552
5804,24620941056
5805,24630514560
5806,24640088064
5807,24649661568
5808,24659235072
5809,24668808576
5810,24678382080
5811,24687955584
5812,24697529088
5813,24707132416
5814,24716735744
5815,24726339072
5816,24735942400
5817,24745545728
5818,24755149056
5819,24764752384
5820,24774355712
5821,24783959040
5822,24793562368
5823,24803165696
5824,24812798848
5825,24822432000
5826,24832065152
5827,24841698304
5828,24851331456
5829,24860964608
5830,24870597760
5831,24880230912
5832,24889893888
5833,24899556864
5834,24909219840
5835,24918882816
5836,24928545792
5837,24938208768
5838,24947871744
5839,24957534720
5840,24967197696
5841,24976860672
5842,24986523648
5843,24996186624
5844,25005849600
5845,25015512576
5846,25025175552
5847,25034838528
5848,25044501504
5849,25054164480
5850,25063827456
5851,25073490432
5852,25083183232
5853,25092876032
5854,25102568832
5855,25112261632
5856,25121954432
5857,25131647232
5858,25141340032
5859,25151062656
5860,25160785280
5861,25170507904
5862,25180230528
5863,25189953152
5864,25199675776
5865,25209398400
5866,25219121024
5867,25228843648
5868,25238566272
5869,25248288896
5870,25258011520
5871,25267734144
5872,25277486592
5873,25287239040
5874,25296991488
5875,25306743936
5876,25316526208
5877,25326308480
5878,25336090752
5879,25345873024
5880,25355655296
5881,25365437568
5882,25375219840
5883,25385002112
5884,25394784384
5885,25404566656
5886,25414348928
5887,25424131200
5888,25433913472
5889,25443725568
5890,25453537664
5891,25463349760
5892,25473161856
5893,25482973952
5894,25492786048
5895,25502598144
5896,25512410240
5897,25522252160
5898,25532094080
5899,25541936000
5900,25551777920
5901,25561619840
5902,25571461760
5903,25581303680
5904,25591145600
5905,25600987520
5906,25610829440
5907,25620671360
5908,25630513280
5909,25640355200
5910,25650197120
5911,25660068864
5912,25669940608
5913,25679812352
5914,25689684096
5915,25699555840
5916,25709427584
5917,25719299328
5918,25729171072
5919,25739042816
5920,25748914560
5921,25758786304
5922,25768687872
5923,25778589440
5924,25788491008
5925,25798392576
5926,25808323968
5927,25818255360
5928,25828186752
5929,25838118144
5930,25848049536
5931,25857980928
5932,25867912320
5933,25877843712
5934,25887804928
5935,25897766144
5936,25907727360
5937,25917688576
5938,25927649792
5939,25937611008
5940,25947572224
5941,25957563264
5942,25967554304
5943,25977545344
5944,25987536384
5945,25997527424
5946,26007518464
5947,26017539328
5948,26027560192
5949,26037581056
5950,26047601920
5951,26057622784
5952,26067643648
5953,26077664512
5954,26087685376
5955,26097706240
5956,26107727104
5957,26117747968
5958,26127798656
5959,26137849344
5960,26147900032
5961,26157950720
5962,26168001408
5963,26178052096
5964,26188102784
5965,26198153472
5966,26208233984
5967,26218314496
5968,26228395008
5969,26238475520
5970,26248556032
5971,26258636544
5972,26268746880
5973,26278857216
5974,26288967552
5975,26299077888
5976,26309188224
5977,26319298560
5978,26329408896
5979,26339519232
5980,26349659392
5981,26359799552
5982,26369939712
5983,26380079872
5984,26390249856
5985,26400419840
5986,26410589824
5987,26420759808
5988,26430929792
5989,26441099776
5990,26451269760
5991,26461439744
5992,26471609728
5993,26481779712
5994,26491949696
5995,26502119680
5996,26512319488
5997,26522519296
5998,26532719104
5999,26542918912
6000,26553118720
6001,26563318528
6002,26573518336
6003,26583747968
6004,26593977600
6005,26604207232
6006,26614436864
6007,26624666496
6008,26634896128
6009,26645125760
6010,26655355392
6011,26665585024
6012,26675814656
6013,26686044288
6014,26696303744
6015,26706563200
6016,26716822656
6017,26727082112
6018,26737371392
6019,26747660672
6020,26757949952
6021,26768239232
6022,26778528512
6023,26788817792
6024,26799107072
6025,26809426176
6026,26819745280
6027,26830064384
6028,26840383488
6029,26850702592
6030,26861021696
6031,26871340800
6032,26881659904
6033,26892008832
6034,26902357760
6035,26912706688
6036,26923055616
6037,26933404544
6038,26943753472
6039,26954102400
6040,26964481152
6041,26974859904
6042,26985238656
6043,26995617408
6044,27005996160
6045,27016374912
6046,27026753664
6047,27037132416
6048,27047540992
6049,27057949568
6050,27068358144
6051,27078766720
6052,27089175296
6053,27099583872
6054,27109992448
6055,27120401024
6056,27130809600
6057,27141218176
6058,27151656576
6059,27162094976
6060,27172533376
6061,27182971776
6062,27193410176
6063,27203848576
6064,27214286976
6065,27224725376
6066,27235163776
6067,27245602176
6068,27256040576
6069,27266508800
6070,27276977024
6071,27287445248
6072,27297913472
6073,27308381696
6074,27318879744
6075,27329377792
6076,27339875840
6077,27350373888
6078,27360871936
6079,27371369984
6080,27381868032
6081,27392366080
6082,27402864128
6083,27413362176
6084,27423890048
6085,27434417920
6086,27444945792
6087,27455473664
6088,27466001536
6089,27476529408
6090,27487087104
6091,27497644800
6092,27508202496
6093,27518760192
6094,27529317888
6095,27539875584
6096,27550433280
6097,27560990976
6098,27571548672
6099,27582106368
6100,27592693888
6101,27603281408
6102,27613898752
6103,27624516096
6104,27635133440
6105,27645750784
6106,27656368128
6107,27666985472
6108,27677602816
6109,27688220160
6110,27698837504
6111,27709454848
6112,27720072192
6113,27730689536
6114,27741306880
6115,27751924224
6116,27762541568
6117,27773158912
6118,27783806080
6119,27794453248
6120,27805100416
6121,27815747584
6122,27826394752
6123,27837041920
6124,27847689088
6125,27858336256
6126,27868983424
6127,27879630592
6128,27890307584
6129,27900984576
6130,27911661568
6131,27922338560
6132,27933015552
6133,27943692544
6134,27954369536
6135,27965046528
6136,27975723520
6137,27986400512
6138,27997077504
6139,28007754496
6140,28018461312
6141,28029168128
6142,28039874944
6143,28050581760
6144,28061288576
6145,28071995392
6146,28082702208
6147,28093409024
6148,28104115840
6149,28114822656
6150,28125529472
6151,28136266112
6152,28147002752
6153,28157739392
6154,28168476032
6155,28179212672
6156,28189949312
6157,28200715776
6158,28211482240
6159,28222248704
6160,28233015168
6161,28243781632
6162,28254548096
6163,28265314560
6164,28276081024
6165,28286847488
6166,28297613952
6167,28308380416
6168,28319176704
6169,28329972992
6170,28340769280
6171,28351565568
6172,28362361856
6173,28373158144
6174,28383954432
6175,28394750720
6176,28405547008
6177,28416343296
6178,28427139584
6179,28437965696
6180,28448791808
6181,28459617920
6182,28470444032
6183,28481270144
6184,28492096256
6185,28502922368
6186,28513778304
6187,28524634240
6188,28535490176
6189,28546346112
6190,28557202048
6191,28568057984
6192,28578913920
6193,28589799680
6194,28600685440
6195,28611571200
6196,28622456960
6197,28633342720
6198,28644228480
6199,28655114240
6200,28666000000
6201,28676885760
6202,28687771520
6203,28698687104
6204,28709602688
6205,28720518272
6206,28731433856
6207,28742349440
6208,28753265024
6209,28764180608
6210,28775096192
6211,28786011776
6212,28796927360
6213,28807842944
6214,28818758528
6215,28829703936
6216,28840649344
6217,28851594752
6218,28862540160
6219,28873485568
6220,28884430976
6221,28895376384
6222,28906321792
6223,28917267200
6224,28928212608
6225,28939158016
6226,28950103424
6227,28961048832
6228,28972024064
6229,28982999296
6230,28993974528
6231,29004949760
6232,29015924992
6233,29026900224
6234,29037875456
6235,29048850688
6236,29059825920
6237,29070830976
6238,29081836032
6239,29092841088
6240,29103846144
6241,29114851200
6242,29125856256
6243,29136861312
6244,29147866368
6245,29158871424
6246,29169876480
6247,29180911360
6248,29191946240
6249,29202981120
6250,29214016000
6251,29225050880
6252,29236085760
6253,29247120640
6254,29258155520
6255,29269190400
6256,29280225280
6257,29291260160
6258,29302324864
6259,29313389568
6260,29324454272
6261,29335518976
6262,29346583680
6263,29357648384
6264,29368713088
6265,29379777792
6266,29390842496
6267,29401937024
6268,29413031552
6269,29424126080
6270,29435220608
6271,29446315136
6272,29457409664
6273,29468504192
6274,29479598720
6275,29490693248
6276,29501787776
6277,29512912128
6278,29524036480
6279,29535160832
6280,29546285184
6281,29557409536
6282,29568533888
6283,29579658240
6284,29590782592
6285,29601906944
6286,29613061120
6287,29624215296
6288,29635369472
6289,29646523648
6290,29657677824
6291,29668832000
6292,29679986176
6293,29691140352
6294,29702294528
6295,29713478528
6296,29724662528
6297,29735846528
6298,29747030528
6299,29758214528
6300,29769398528
6301,29780582528
6302,29791766528
6303,29802950528
6304,29814134528
6305,29825318528
6306,29836502528
6307,29847716352
6308,29858930176
6309,29870144000
6310,29881357824
6311,29892571648
6312,29903785472
6313,29914999296
6314,29926213120
6315,29937426944
6316,29948640768
6317,29959854592
6318,29971098240
6319,29982341888
6320,29993585536
6321,30004829184
6322,30016072832
6323,30027316480
6324,30038560128
6325,30049803776
6326,30061077248
6327,30072350720
6328,30083624192
6329,30094897664
6330,30106171136
6331,30117444608
6332,30128718080
6333,30139991552
6334,30151265024
6335,30162538496
6336,30173841792
6337,30185145088
6338,30196448384
6339,30207751680
6340,30219054976
6341,30230358272
6342,30241661568
6343,30252964864
6344,30264297984
6345,30275631104
6346,30286964224
6347,30298297344
6348,30309630464
6349,30320963584
6350,30332296704
6351,30343659648
6352,30355022592
6353,30366385536
6354,30377748480
6355,30389111424
6356,30400474368
6357,30411837312
6358,30423200256
6359,30434563200
6360,30445955968
6361,30457348736
6362,30468741504
6363,30480134272
6364,30491527040
6365,30502919808
6366,30514312576
6367,30525705344
6368,30537127936
6369,30548550528
6370,30559973120
6371,30571425536
6372,30582877952
6373,30594330368
6374,30605782784
6375,30617235200
6376,30628687616
6377,30640140032
6378,30651592448
6379,30663044864
6380,30674497280
6381,30685979520
6382,30697461760
6383,30708944000
6384,30720426240
6385,30731908480
6386,30743390720
6387,30754872960
6388,30766385024
6389,30777897088
6390,30789409152
6391,30800921216
6392,30812433280
6393,30823945344
6394,30835457408
6395,30846969472
6396,30858481536
6397,30869993600
6398,30881535488
6399,30893077376
6400,30904619264
6401,30916161152
6402,30927703040
6403,30939244928
6404,30950786816
6405,30962328704
6406,30973870592
6407,30985412480
6408,30996954368
6409,31008496256
6410,31020067968
6411,31031639680
6412,31043211392
6413,31054783104
6414,31066354816
6415,31077926528
6416,31089528064
6417,31101129600
6418,31112731136
6419,31124332672
6420,31135934208
6421,31147535744
6422,31159137280
6423,31170738816
6424,31182370176
6425,31194001536
6426,31205632896
6427,31217264256
6428,31228895616
6429,31240526976
6430,31252158336
6431,31263819520
6432,31275480704
6433,31287141888
6434,31298832896
6435,31310523904
6436,31322214912
6437,31333905920
6438,31345596928
6439,31357287936
6440,31368978944
6441,31380669952
6442,31392360960
6443,31404081792
6444,31415802624
6445,31427523456
6446,31439244288
6447,31450965120
6448,31462685952
6449,31474406784
6450,31486127616
6451,31497848448
6452,31509599104
6453,31521349760
6454,31533100416
6455,31544851072
6456,31556601728
6457,31568352384
6458,31580103040
6459,31591853696
6460,31603604352
6461,31615355008
6462,31627105664
6463,31638886144
6464,31650666624
6465,31662447104
6466,31674227584
6467,31686008064
6468,31697788544
6469,31709569024
6470,31721349504
6471,31733159808
6472,31744970112
6473,31756780416
6474,31768590720
6475,31780401024
6476,31792211328
6477,31804021632
6478,31815861760
6479,31827701888
6480,31839542016
6481,31851382144
6482,31863222272
6483,31875092224
6484,31886962176
6485,31898832128
6486,31910702080
6487,31922601856
6488,31934501632
6489,31946401408
6490,31958301184
6491,31970200960
6492,31982100736
6493,31994000512
6494,32005900288
6495,32017800064
6496,32029729664
6497,32041659264
6498,32053588864
6499,32065518464
6500,32077448064
6501,32089377664
6502,32101307264
6503,32113236864
6504,32125196288
6505,32137155712
6506,32149115136
6507,32161074560
6508,32173033984
6509,32184993408
6510,32196952832
6511,32208912256
6512,32220871680
6513,32232860928
6514,32244850176
6515,32256839424
6516,32268828672
6517,32280817920
6518,32292807168
6519,32304796416
6520,32316785664
6521,32328804736
6522,32340823808
6523,32352842880
6524,32364891776
6525,32376940672
6526,32388989568
6527,32401038464
6528,32413117184
6529,32425195904
6530,32437274624
6531,32449353344
6532,32461432064
6533,32473510784
6534,32485589504
6535,32497668224
6536,32509746944
6537,32521825664
6538,32533904384
6539,32546012928
6540,32558121472
6541,32570230016
6542,32582338560
6543,32594447104
6544,32606585472
6545,32618723840
6546,32630862208
6547,32643000576
6548,32655138944
6549,32667277312
6550,32679415680
6551,32691583872
6552,32703752064
6553,32715920256
6554,32728088448
6555,32740256640
6556,32752454656
6557,32764652672
6558,32776850688
6559,32789048704
6560,32801246720
6561,32813444736
6562,32825642752
6563,32837840768
6564,32850068608
6565,32862296448
6566,32874524288
6567,32886752128
6568,32898979968
6569,32911207808
6570,32923435648
6571,32935693312
6572,32947950976
6573,32960208640
6574,32972466304
6575,32984723968
6576,32997011456
6577,33009298944
6578,33021586432
6579,33033873920
6580,33046161408
6581,33058478720
6582,33070796032
6583,33083113344
6584,33095430656
6585,33107747968
6586,33120065280
6587,33132412416
6588,33144759552
6589,33157106688
6590,33169453824
6591,33181800960
6592,33194148096
6593,33206495232
6594,33218842368
6595,33231219328
6596,33243596288
6597,33255973248
6598,33268350208
6599,33280727168
6600,33293104128
6601,33305481088
6602,33317858048
6603,33330235008
6604,33342641792
6605,33355048576
6606,33367455360
6607,33379862144
6608,33392268928
6609,33404675712
6610,33417082496
6611,33429519104
6612,33441955712
6613,33454392320
6614,33466828928
6615,33479265536
6616,33491702144
6617,33504138752
6618,33516575360
6619,33529041792
6620,33541508224
6621,33553974656
6622,33566441088
6623,33578907520
6624,33591373952
6625,33603840384
6626,33616306816
6627,33628803072
6628,33641299328
6629,33653795584
6630,33666291840
6631,33678788096
6632,33691284352
6633,33703780608
6634,33716306688
6635,33728832768
6636,33741358848
6637,33753914752
6638,33766470656
6639,33779026560
6640,33791582464
6641,33804168192
6642,33816753920
6643,33829339648
6644,33841955200
6645,33854570752
6646,33867186304
6647,33879801856
6648,33892417408
6649,33905032960
6650,33917648512
6651,33930264064
6652,33942879616
6653,33955495168
6654,33968140544
6655,33980785920
6656,33993431296
6657,34006076672
6658,34018722048
6659,34031367424
6660,34044012800
6661,34056658176
6662,34069303552
6663,34081978752
6664,34094653952
6665,34107329152
6666,34120004352
6667,34132679552
6668,34145354752
6669,34158029952
6670,34170734976
6671,34183440000
6672,34196145024
6673,34208850048
6674,34221555072
6675,34234260096
6676,34246994944
6677,34259729792
6678,34272464640
6679,34285199488
6680,34297934336
6681,34310669184
6682,34323404032
6683,34336138880
6684,34348873728
6685,34361608576
6686,34374373248
6687,34387137920
6688,34399902592
6689,34412667264
6690,34425431936
6691,34438196608
6692,34450961280
6693,34463725952
6694,34476490624
6695,34489255296
6696,34502049792
6697,34514844288
6698,34527638784
6699,34540433280
6700,34553227776
6701,34566022272
6702,34578846592
6703,34591670912
6704,34604495232
6705,34617319552
6706,34630143872
6707,34642968192
6708,34655792512
6709,34668616832
6710,34681441152
6711,34694265472
6712,34707089792
6713,34719914112
6714,34732738432
6715,34745562752
6716,34758387072
6717,34771241216
6718,34784095360
6719,34796949504
6720,34809803648
6721,34822657792
6722,34835511936
6723,34848366080
6724,34861220224
6725,34874074368
6726,34886958336
6727,34899842304
6728,34912726272
6729,34925610240
6730,34938494208
6731,34951378176
6732,34964291968
6733,34977205760
6734,34990119552
6735,35003063168
6736,35016006784
6737,35028980224
6738,35041953664
6739,35054927104
6740,35067900544
6741,35080873984
6742,35093847424
6743,35106820864
6744,35119824128
6745,35132827392
6746,35145830656
6747,35158833920
6748,35171837184
6749,35184840448
6750,35197873536
6751,35210906624
6752,35223939712
6753,35236972800
6754,35250005888
6755,35263068800
6756,35276131712
6757,35289194624
6758,35302257536
6759,35315320448
6760,35328383360
6761,35341446272
6762,35354509184
6763,35367572096
6764,35380635008
6765,35393697920
6766,35406760832
6767,35419853568
6768,35432946304
6769,35446039040
6770,35459131776
6771,35472224512
6772,35485317248
6773,35498409984
6774,35511502720
6775,35524595456
6776,35537688192
6777,35550810752
6778,35563933312
6779,35577055872
6780,35590178432
6781,35603300992
6782,35616423552
6783,35629546112
6784,35642668672
6785,35655791232
6786,35668943616
6787,35682096000
6788,35695248384
6789,35708400768
6790,35721553152
6791,35734705536
6792,35747857920
6793,35761010304
6794,35774192512
6795,35787374720
6796,35800556928
6797,35813739136
6798,35826921344
6799,35840133376
6800,35853345408
6801,35866557440
6802,35879799296
6803,35893041152
6804,35906283008
6805,35919554688
6806,35932826368
6807,35946098048
6808,35959369728
6809,35972671232
6810,35985972736
6811,35999274240
6812,36012575744
6813,36025877248
6814,36039178752
6815,36052510080
6816,36065841408
6817,36079172736
6818,36092504064
6819,36105835392
6820,36119166720
6821,36132498048
6822,36145859200
6823,36159220352
6824,36172581504
6825,36185942656
6826,36199303808
6827,36212664960
6828,36226026112
6829,36239387264
6830,36252748416
6831,36266109568
6832,36279500544
6833,36292891520
6834,36306282496
6835,36319673472
6836,36333064448
6837,36346455424
6838,36359846400
6839,36373267200
6840,36386688000
6841,36400108800
6842,36413529600
6843,36426950400
6844,36440371200
6845,36453792000
6846,36467212800
6847,36480633600
6848,36494084224
6849,36507534848
6850,36520985472
6851,36534436096
6852,36547886720
6853,36561337344
6854,36574817792
6855,36588298240
6856,36601778688
6857,36615259136
6858,36628739584
6859,36642220032
6860,36655700480
6861,36669210752
6862,36682721024
6863,36696231296
6864,36709741568
6865,36723281664
6866,36736821760
6867,36750361856
6868,36763901952
6869,36777442048
6870,36790982144
6871,36804522240
6872,36818062336
6873,36831602432
6874,36845142528
6875,36858712448
6876,36872282368
6877,36885852288
6878,36899422208
6879,36912992128
6880,36926562048
6881,36940161792
6882,36953761536
6883,36967361280
6884,36980961024
6885,36994560768
6886,37008160512
6887,37021760256
6888,37035360000
6889,37048959744
6890,37062559488
6891,37076159232
6892,37089788800
6893,37103418368
6894,37117047936
6895,37130677504
6896,37144307072
6897,37157936640
6898,37171566208
6899,37185195776
6900,37198855168
6901,37212514560
6902,37226173952
6903,37239833344
6904,37253492736
6905,37267152128
6906,37280841344
6907,37294530560
6908,37308219776
6909,37321908992
6910,37335598208
6911,37349287424
6912,37362976640
6913,37376695680
6914,37390414720
6915,37404133760
6916,37417882624
6917,37431631488
6918,37445380352
6919,37459129216
6920,37472878080
6921,37486626944
6922,37500405632
6923,37514184320
6924,37527963008
6925,37541741696
6926,37555550208
6927,37569358720
6928,37583167232
6929,37596975744
6930,37610784256
6931,37624592768
6932,37638401280
6933,37652209792
6934,37666018304
6935,37679856640
6936,37693694976
6937,37707533312
6938,37721371648
6939,37735209984
6940,37749048320
6941,37762886656
6942,37776724992
6943,37790563328
6944,37804401664
6945,37818269824
6946,37832137984
6947,37846006144
6948,37859874304
6949,37873742464
6950,37887610624
6951,37901478784
6952,37915376768
6953,37929274752
6954,37943172736
6955,37957100544
6956,37971028352
6957,37984956160
6958,37998883968
6959,38012811776
6960,38026769408
6961,38040727040
6962,38054684672
6963,38068642304
6964,38082599936
6965,38096557568
6966,38110545024
6967,38124532480
6968,38138519936
6969,38152507392
6970,38166494848
6971,38180482304
6972,38194469760
6973,38208457216
6974,38222474496
6975,38236491776
6976,38250509056
6977,38264526336
6978,38278543616
6979,38292560896
6980,38306578176
6981,38320595456
6982,38334642560
6983,38348689664
6984,38362736768
6985,38376783872
6986,38390860800
6987,38404937728
6988,38419014656
6989,38433091584
6990,38447168512
6991,38461245440
6992,38475352192
6993,38489458944
6994,38503565696
6995,38517672448
6996,38531779200
6997,38545885952
6998,38559992704
6999,38574129280
7000,38588265856
7001,38602402432
7002,38616539008
7003,38630675584
7004,38644812160
7005,38658948736
7006,38673085312
7007,38687251712
7008,38701418112
7009,38715584512
7010,38729750912
7011,38743917312
7012,38758083712
7013,38772250112
7014,38786416512
7015,38800582912
7016,38814749312
7017,38828945536
7018,38843141760
7019,38857337984
7020,38871534208
7021,38885730432
7022,38899926656
7023,38914122880
7024,38928348928
7025,38942574976
7026,38956801024
7027,38971027072
7028,38985282944
7029,38999538816
7030,39013794688
7031,39028050560
7032,39042306432
7033,39056562304
7034,39070818176
7035,39085074048
7036,39099329920
7037,39113585792
7038,39127871488
7039,39142157184
7040,39156442880
7041,39170728576
7042,39185014272
7043,39199299968
7044,39213585664
7045,39227871360
7046,39242186880
7047,39256502400
7048,39270817920
7049,39285133440
7050,39299448960
7051,39313764480
7052,39328109824
7053,39342455168
7054,39356800512
7055,39371145856
7056,39385491200
7057,39399866368
7058,39414241536
7059,39428616704
7060,39442991872
7061,39457396864
7062,39471801856
7063,39486206848
7064,39500611840
7065,39515016832
7066,39529451648
7067,39543886464
7068,39558321280
7069,39572756096
7070,39587190912
7071,39601625728
7072,39616060544
7073,39630525184
7074,39644989824
7075,39659454464
7076,39673919104
7077,39688383744
7078,39702848384
7079,39717342848
7080,39731837312
7081,39746331776
7082,39760826240
7083,39775320704
7084,39789815168
7085,39804339456
7086,39818863744
7087,39833388032
7088,39847912320
7089,39862436608
7090,39876990720
7091,39891544832
7092,39906098944
7093,39920653056
7094,39935207168
7095,39949761280
7096,39964315392
7097,39978869504
7098,39993453440
7099,40008037376
7100,40022621312
7101,40037205248
7102,40051819008
7103,40066432768
7104,40081046528
7105,40095660288
7106,40110274048
7107,40124887808
7108,40139531392
7109,40154174976
7110,40168818560
7111,40183462144
7112,40198135552
7113,40212808960
7114,40227482368
7115,40242155776
7116,40256859008
7117,40271562240
7118,40286265472
7119,40300968704
7120,40315671936
7121,40330404992
7122,40345138048
7123,40359871104
7124,40374604160
7125,40389337216
7126,40404070272
7127,40418803328
7128,40433536384
7129,40448269440
7130,40463032320
7131,40477795200
7132,40492558080
7133,40507320960
7134,40522113664
7135,40536906368
7136,40551699072
7137,40566491776
7138,40581284480
7139,40596077184
7140,40610869888
7141,40625662592
7142,40640485120
7143,40655307648
7144,40670130176
7145,40684952704
7146,40699775232
7147,40714597760
7148,40729420288
7149,40744272640
7150,40759124992
7151,40773977344
7152,40788829696
7153,40803682048
7154,40818534400
7155,40833386752
7156,40848268928
7157,40863151104
7158,40878033280
7159,40892915456
7160,40907797632
7161,40922679808
7162,40937561984
7163,40952473984
7164,40967385984
7165,40982297984
7166,40997209984
7167,41012121984
7168,41027033984
7169,41041945984
7170,41056857984
7171,41071769984
7172,41086711808
7173,41101653632
7174,41116595456
7175,41131537280
7176,41146508928
7177,41161480576
7178,41176452224
7179,41191453696
7180,41206455168
7181,41221456640
7182,41236458112
7183,41251459584
7184,41266461056
7185,41281492352
7186,41296523648
7187,41311554944
7188,41326616064
7189,41341677184
7190,41356738304
7191,41371799424
7192,41386860544
7193,41401921664
7194,41416982784
7195,41432073728
7196,41447164672
7197,41462255616
7198,41477346560
7199,41492437504
7200,41507558272
7201,41522679040
7202,41537799808
7203,41552920576
7204,41568041344
7205,41583162112
7206,41598282880
7207,41613433472
7208,41628584064
7209,41643734656
7210,41658885248
7211,41674035840
7212,41689186432
7213,41704337024
7214,41719487616
7215,41734668032
7216,41749848448
7217,41765028864
7218,41780209280
7219,41795419520
7220,41810629760
7221,41825840000
7222,41841050240
7223,41856260480
7224,41871470720
7225,41886710784
7226,41901950848
7227,41917190912
7228,41932430976
7229,41947671040
7230,41962911104
7231,41978151168
7232,41993391232
7233,42008631296
7234,42023871360
7235,42039141248
7236,42054411136
7237,42069681024
7238,42084950912
7239,42100220800
7240,42115490688
7241,42130760576
7242,42146030464
7243,42161330176
7244,42176629888
7245,42191929600
7246,42207229312
7247,42222529024
7248,42237828736
7249,42253158272
7250,42268487808
7251,42283817344
7252,42299146880
7253,42314476416
7254,42329835776
7255,42345195136
7256,42360554496
7257,42375913856
7258,42391273216
7259,42406632576
7260,42421991936
7261,42437351296
7262,42452740480
7263,42468129664
7264,42483518848
7265,42498908032
7266,42514327040
7267,42529746048
7268,42545165056
7269,42560613888
7270,42576062720
7271,42591511552
7272,42606960384
7273,42622409216
7274,42637858048
7275,42653306880
7276,42668755712
7277,42684204544
7278,42699653376
7279,42715132032
7280,42730610688
7281,42746089344
7282,42761568000
7283,42777046656
7284,42792525312
7285,42808003968
7286,42823482624
7287,42838991104
7288,42854499584
7289,42870008064
7290,42885516544
7291,42901025024
7292,42916533504
7293,42932041984
7294,42947550464
7295,42963088768
7296,42978627072
7297,42994165376
7298,43009703680
7299,43025241984
7300,43040780288
7301,43056318592
7302,43071856896
7303,43087395200
7304,43102963328
7305,43118531456
7306,43134099584
7307,43149667712
7308,43165235840
7309,43180803968
7310,43196372096
7311,43211970048
7312,43227568000
7313,43243165952
7314,43258763904
7315,43274391680
7316,43290019456
7317,43305647232
7318,43321275008
7319,43336902784
7320,43352530560
7321,43368188160
7322,43383845760
7323,43399503360
7324,43415160960
7325,43430848384
7326,43446535808
7327,43462223232
7328,43477940480
7329,43493657728
7330,43509374976
7331,43525092224
7332,43540809472
7333,43556526720
7334,43572243968
7335,43587961216
7336,43603678464
7337,43619425536
7338,43635172608
7339,43650919680
7340,43666666752
7341,43682413824
7342,43698160896
7343,43713907968
7344,43729655040
7345,43745402112
7346,43761149184
7347,43776896256
7348,43792643328
7349,43808420224
7350,43824197120
7351,43839974016
7352,43855750912
7353,43871557632
7354,43887364352
7355,43903171072
7356,43918977792
7357,43934784512
7358,43950591232
7359,43966427776
7360,43982264320
7361,43998100864
7362,44013937408
7363,44029803776
7364,44045670144
7365,44061536512
7366,44077432704
7367,44093328896
7368,44109225088
7369,44125121280
7370,44141017472
7371,44156913664
7372,44172809856
7373,44188735872
7374,44204661888
7375,44220587904
7376,44236513920
7377,44252439936
7378,44268365952
7379,44284321792
7380,44300277632
7381,44316233472
7382,44332189312
7383,44348145152
7384,44364100992
7385,44380056832
7386,44396012672
7387,44411998336
7388,44427984000
7389,44443969664
7390,44459985152
7391,44476000640
7392,44492016128
7393,44508031616
7394,44524047104
7395,44540062592
7396,44556107904
7397,44572153216
7398,44588198528
7399,44604243840
7400,44620289152
7401,44636334464
7402,44652379776
7403,44668425088
7404,44684470400
7405,44700515712
7406,44716561024
7407,44732606336
7408,44748681472
7409,44764756608
7410,44780831744
7411,44796906880
7412,44812982016
7413,44829057152
7414,44845132288
7415,44861207424
7416,44877312384
7417,44893417344
7418,44909522304
7419,44925627264
7420,44941732224
7421,44957867008
7422,44974001792
7423,44990136576
7424,45006271360
7425,45022406144
7426,45038540928
7427,45054675712
7428,45070810496
7429,45086945280
7430,45103109888
7431,45119274496
7432,45135439104
7433,45151603712
7434,45167768320
7435,45183932928
7436,45200097536
7437,45216262144
7438,45232426752
7439,45248621184
7440,45264815616
7441,45281010048
7442,45297204480
7443,45313428736
7444,45329652992
7445,45345877248
7446,45362101504
7447,45378355584
7448,45394609664
7449,45410863744
7450,45427117824
7451,45443371904
7452,45459625984
7453,45475880064
7454,45492134144
7455,45508388224
7456,45524642304
7457,45540896384
7458,45557150464
7459,45573404544
7460,45589688448
7461,45605972352
7462,45622256256
7463,45638540160
7464,45654824064
7465,45671137792
7466,45687451520
7467,45703765248
7468,45720078976
7469,45736422528
7470,45752766080
7471,45769109632
7472,45785483008
7473,45801856384
7474,45818229760
7475,45834603136
7476,45850976512
7477,45867349888
7478,45883723264
7479,45900126464
7480,45916529664
7481,45932932864
7482,45949336064
7483,45965769088
7484,45982202112
7485,45998635136
7486,46015068160
7487,46031501184
7488,46047934208
7489,46064367232
7490,46080800256
7491,46097233280
7492,46113666304
7493,46130099328
7494,46146562176
7495,46163025024
7496,46179487872
7497,46195980544
7498,46212473216
7499,46228965888
7500,46245458560
7501,46261951232
7502,46278473728
7503,46294996224
7504,46311518720
7505,46328041216
7506,46344593536
7507,46361145856
7508,46377698176
7509,46394250496
7510,46410802816
7511,46427355136
7512,46443907456
7513,46460459776
7514,46477012096
7515,46493564416
7516,46510116736
7517,46526669056
7518,46543221376
7519,46559803520
7520,46576385664
7521,46592967808
7522,46609549952
7523,46626132096
7524,46642714240
7525,46659326208
7526,46675938176
7527,46692550144
7528,46709162112
7529,46725803904
7530,46742445696
7531,46759087488
7532,46775729280
7533,46792371072
7534,46809012864
7535,46825654656
7536,46842326272
7537,46858997888
7538,46875669504
7539,46892341120
7540,46909012736
7541,46925684352
7542,46942385792
7543,46959087232
7544,46975788672
7545,46992490112
7546,47009191552
7547,47025922816
7548,47042654080
7549,47059415168
7550,47076176256
7551,47092937344
7552,47109698432
7553,47126459520
7554,47143250432
7555,47160041344
7556,47176832256
7557,47193623168
7558,47210443904
7559,47227264640
7560,47244085376
7561,47260906112
7562,47277726848
7563,47294547584
7564,47311398144
7565,47328248704
7566,47345099264
7567,47361949824
7568,47378830208
7569,47395710592
7570,47412590976
7571,47429471360
7572,47446381568
7573,47463291776
7574,47480201984
7575,47497142016
7576,47514082048
7577,47531022080
7578,47547991936
7579,47564961792
7580,47581931648
7581,47598931328
7582,47615931008
7583,47632930688
7584,47649960192
7585,47666989696
7586,47684019200
7587,47701048704
7588,47718078208
7589,47735107712
7590,47752167040
7591,47769226368
7592,47786285696
7593,47803345024
7594,47820404352
7595,47837493504
7596,47854582656
7597,47871671808
7598,47888790784
7599,47905909760
7600,47923028736
7601,47940147712
7602,47957266688
7603,47974385664
7604,47991534464
7605,48008683264
7606,48025832064
7607,48043010688
7608,48060189312
7609,48077367936
7610,48094546560
7611,48111725184
7612,48128903808
7613,48146112256
7614,48163320704
7615,48180529152
7616,48197737600
7617,48214946048
7618,48232184320
7619,48249422592
7620,48266660864
7621,48283899136
7622,48301137408
7623,48318375680
7624,48335613952
7625,48352882048
7626,48370150144
7627,48387418240
7628,48404686336
7629,48421954432
7630,48439222528
7631,48456490624
7632,48473788544
7633,48491086464
7634,48508384384
7635,48525712128
7636,48543039872
7637,48560397440
7638,48577755008
7639,48595112576
7640,48612470144
7641,48629857536
7642,48647244928
7643,48664632320
7644,48682019712
7645,48699407104
7646,48716794496
7647,48734181888
7648,48751599104
7649,48769016320
7650,48786463360
7651,48803910400
7652,48821357440
7653,48838834304
7654,48856311168
7655,48873788032
7656,48891294720
7657,48908801408
7658,48926337920
7659,48943874432
7660,48961410944
7661,48978947456
7662,48996483968
7663,49014050304
7664,49031616640
7665,49049182976
7666,49066749312
7667,49084315648
7668,49101881984
7669,49119478144
7670,49137074304
7671,49154700288
7672,49172326272
7673,49189952256
7674,49207578240
7675,49225204224
7676,49242830208
7677,49260486016
7678,49278141824
7679,49295797632
7680,49313453440
7681,49331139072
7682,49348824704
7683,49366510336
7684,49384195968
7685,49401881600
7686,49419567232
7687,49437252864
7688,49454968320
7689,49472683776
7690,49490399232
7691,49508114688
7692,49525830144
7693,49543545600
7694,49561261056
7695,49579006336
7696,49596751616
7697,49614496896
7698,49632272000
7699,49650047104
7700,49667822208
7701,49685597312
7702,49703402240
7703,49721207168
7704,49739012096
7705,49756846848
7706,49774681600
7707,49792516352
7708,49810351104
7709,49828185856
7710,49846050432
7711,49863944832
7712,49881839232
7713,49899733632
7714,49917628032
7715,49935522432
7716,49953446656
7717,49971370880
7718,49989324928
7719,50007278976
7720,50025233024
7721,50043187072
7722,50061141120
7723,50079095168
7724,50097049216
7725,50115033088
7726,50133046784
7727,50151060480
7728,50169074176
7729,50187087872
7730,50205131392
7731,50223174912
7732,50241218432
7733,50259261952
7734,50277305472
7735,50295348992
7736,50313392512
7737,50331465856
7738,50349539200
7739,50367612544
7740,50385685888
7741,50403759232
7742,50421832576
7743,50439905920
7744,50458009088
7745,50476112256
7746,50494245248
7747,50512378240
7748,50530511232
7749,50548644224
7750,50566777216
7751,50584940032
7752,50603102848
7753,50621265664
7754,50639428480
7755,50657591296
7756,50675783936
7757,50693976576
7758,50712169216
7759,50730391680
7760,50748614144
7761,50766836608
7762,50785059072
7763,50803281536
7764,50821533824
7765,50839786112
7766,50858038400
7767,50876290688
7768,50894572800
7769,50912854912
7770,50931137024
7771,50949419136
7772,50967701248
7773,50986013184
7774,51004325120
7775,51022637056
7776,51040948992
7777,51059260928
7778,51077572864
7779,51095884800
7780,51114196736
7781,51132508672
7782,51150820608
7783,51169162368
7784,51187504128
7785,51205845888
7786,51224187648
7787,51242559232
7788,51260930816
7789,51279302400
7790,51297673984
7791,51316045568
7792,51334446976
7793,51352848384
7794,51371249792
7795,51389651200
7796,51408082432
7797,51426543488
7798,51445004544
7799,51463465600
7800,51481926656
7801,51500417536
7802,51518908416
7803,51537399296
7804,51555890176
7805,51574381056
7806,51592901760
7807,51611422464
7808,51629943168
7809,51648463872
7810,51666984576
7811,51685505280
7812,51704055808
7813,51722606336
7814,51741156864
7815,51759707392
7816,51778287744
7817,51796868096
7818,51815448448
7819,51834058624
7820,51852668800
7821,51871278976
7822,51889889152
7823,51908499328
7824,51927139328
7825,51945779328
7826,51964419328
7827,51983059328
7828,52001729152
7829,52020398976
7830,52039098624
7831,52057798272
7832,52076497920
7833,52095227392
7834,52113956864
7835,52132686336
7836,52151415808
7837,52170175104
7838,52188934400
7839,52207693696
7840,52226452992
7841,52245242112
7842,52264031232
7843,52282820352
7844,52301609472
7845,52320398592
7846,52339187712
7847,52358006656
7848,52376825600
7849,52395644544
7850,52414493312
7851,52433342080
7852,52452190848
7853,52471039616
7854,52489918208
7855,52508796800
7856,52527675392
7857,52546583808
7858,52565492224
7859,52584400640
7860,52603309056
7861,52622247296
7862,52641215360
7863,52660183424
7864,52679151488
7865,52698119552
7866,52717087616
7867,52736055680
7868,52755023744
7869,52773991808
7870,52792959872
7871,52811957760
7872,52830955648
7873,52849983360
7874,52869011072
7875,52888068608
7876,52907126144
7877,52926183680
7878,52945241216
7879,52964298752
7880,52983386112
7881,53002473472
7882,53021560832
7883,53040678016
7884,53059795200
7885,53078912384
7886,53098029568
7887,53117176576
7888,53136323584
7889,53155470592
7890,53174617600
7891,53193794432
7892,53213001088
7893,53232207744
7894,53251414400
7895,53270621056
7896,53289827712
7897,53309034368
7898,53328270848
7899,53347507328
7900,53366743808
7901,53385980288
7902,53405216768
7903,53424453248
7904,53443689728
7905,53462926208
7906,53482192512
7907,53501458816
7908,53520725120
7909,53539991424
7910,53559257728
7911,53578524032
7912,53597820160
7913,53617116288
7914,53636412416
7915,53655708544
7916,53675004672
7917,53694300800
7918,53713596928
7919,53732893056
7920,53752189184
7921,53771515136
7922,53790841088
7923,53810167040
7924,53829522816
7925,53848878592
7926,53868234368
7927,53887590144
7928,53906975744
7929,53926361344
7930,53945746944
7931,53965132544
7932,53984547968
7933,54003963392
7934,54023408640
7935,54042853888
7936,54062299136
7937,54081744384
7938,54101219456
7939,54120694528
7940,54140169600
7941,54159644672
7942,54179119744
7943,54198594816
7944,54218069888
7945,54237544960
7946,54257049856
7947,54276554752
7948,54296059648
7949,54315564544
7950,54335069440
7951,54354604160
7952,54374138880
7953,54393703424
7954,54413267968
7955,54432832512
7956,54452397056
7957,54471961600
7958,54491526144
7959,54511090688
7960,54530655232
7961,54550249600
7962,54569843968
7963,54589438336
7964,54609062528
7965,54628686720
7966,54648310912
7967,54667935104
7968,54687559296
7969,54707213312
7970,54726867328
7971,54746551168
7972,54766235008
7973,54785918848
7974,54805602688
7975,54825286528
7976,54844970368
7977,54864654208
7978,54884338048
7979,54904051712
7980,54923765376
7981,54943479040
7982,54963192704
7983,54982906368
7984,55002620032
7985,55022363520
7986,55042107008
7987,55061850496
7988,55081593984
7989,55101337472
7990,55121110784
7991,55140884096
7992,55160657408
7993,55180460544
7994,55200263680
7995,55220066816
7996,55239869952
7997,55259673088
7998,55279476224
7999,55299279360
8000,55319112320
8001,55338945280
8002,55358778240
8003,55378611200
8004,55398444160
8005,55418306944
8006,55438169728
8007,55458032512
8008,55477895296
8009,55497758080
8010,55517650688
8011,55537573120
8012,55557495552
8013,55577417984
8014,55597370240
8015,55617322496
8016,55637274752
8017,55657227008
8018,55677209088
8019,55697191168
8020,55717173248
8021,55737185152
8022,55757197056
8023,55777238784
8024,55797280512
8025,55817352064
8026,55837423616
8027,55857495168
8028,55877596544
8029,55897697920
8030,55917799296
8031,55937900672
8032,55958002048
8033,55978103424
8034,55998234624
8035,56018365824
8036,56038526848
8037,56058687872
8038,56078848896
8039,56099009920
8040,56119170944
8041,56139361792
8042,56159552640
8043,56179743488
8044,56199934336
8045,56220125184
8046,56240316032
8047,56260506880
8048,56280697728
8049,56300918400
8050,56321139072
8051,56341359744
8052,56361580416
8053,56381801088
8054,56402021760
8055,56422242432
8056,56442492928
8057,56462743424
8058,56483023744
8059,56503304064
8060,56523584384
8061,56543864704
8062,56564174848
8063,56584484992
8064,56604795136
8065,56625105280
8066,56645445248
8067,56665785216
8068,56686155008
8069,56706524800
8070,56726894592
8071,56747264384
8072,56767634176
8073,56788033792
8074,56808433408
8075,56828862848
8076,56849292288
8077,56869721728
8078,56890151168
8079,56910580608
8080,56931010048
8081,56951469312
8082,56971928576
8083,56992417664
8084,57012906752
8085,57033425664
8086,57053944576
8087,57074463488
8088,57094982400
8089,57115501312
8090,57136050048
8091,57156598784
8092,57177147520
8093,57197696256
8094,57218274816
8095,57238853376
8096,57259431936
8097,57280010496
8098,57300589056
8099,57321197440
8100,57341835648
8101,57362473856
8102,57383112064
8103,57403750272
8104,57424418304
8105,57445086336
8106,57465784192
8107,57486482048
8108,57507179904
8109,57527907584
8110,57548635264
8111,57569362944
8112,57590090624
8113,57610848128
8114,57631605632
8115,57652363136
8116,57673120640
8117,57693878144
8118,57714635648
8119,57735393152
8120,57756150656
8121,57776937984
8122,57797755136
8123,57818572288
8124,57839389440
8125,57860206592
8126,57881023744
8127,57901900544
8128,57922777344
8129,57943654144
8130,57964530944
8131,57985437568
8132,58006344192
8133,58027250816
8134,58048157440
8135,58069064064
8136,58089970688
8137,58110907136
8138,58131843584
8139,58152780032
8140,58173746304
8141,58194712576
8142,58215678848
8143,58236645120
8144,58257611392
8145,58278607488
8146,58299603584
8147,58320599680
8148,58341625600
8149,58362651520
8150,58383677440
8151,58404703360
8152,58425759104
8153,58446814848
8154,58467870592
8155,58488956160
8156,58510041728
8157,58531127296
8158,58552242688
8159,58573358080
8160,58594473472
8161,58615618688
8162,58636763904
8163,58657938944
8164,58679113984
8165,58700318848
8166,58721523712
8167,58742758400
8168,58763993088
8169,58785227776
8170,58806462464
8171,58827726976
8172,58848991488
8173,58870256000
8174,58891550336
8175,58912844672
8176,58934139008
8177,58955433344
8178,58976757504
8179,58998081664
8180,59019435648
8181,59040789632
8182,59062143616
8183,59083497600
8184,59104851584
8185,59126235392
8186,59147649024
8187,59169062656
8188,59190476288
8189,59211889920
8190,59233303552
8191,59254747008
8192,59276190464
8193,59297633920
8194,59319077376
8195,59340520832
8196,59361994112
8197,59383467392
8198,59404940672
8199,59426413952
8200,59447917056
8201,59469449984
8202,59490982912
8203,59512515840
8204,59534048768
8205,59555611520
8206,59577174272
8207,59598766848
8208,59620359424
8209,59641952000
8210,59663544576
8211,59685166976
8212,59706819200
8213,59728471424
8214,59750123648
8215,59771775872
8216,59793428096
8217,59815110144
8218,59836792192
8219,59858474240
8220,59880186112
8221,59901897984
8222,59923639680
8223,59945381376
8224,59967123072
8225,59988864768
8226,60010636288
8227,60032407808
8228,60054179328
8229,60075980672
8230,60097782016
8231,60119583360
8232,60141384704
8233,60163215872
8234,60185076864
8235,60206937856
8236,60228798848
8237,60250689664
8238,60272580480
8239,60294501120
8240,60316421760
8241,60338342400
8242,60360292864
8243,60382243328
8244,60404193792
8245,60426144256
8246,60448094720
8247,60470045184
8248,60492025472
8249,60514005760
8250,60535986048
8251,60557966336
8252,60579976448
8253,60602016384
8254,60624056320
8255,60646096256
8256,60668166016
8257,60690235776
8258,60712305536
8259,60734405120
8260,60756504704
8261,60778604288
8262,60800733696
8263,60822863104
8264,60845022336
8265,60867181568
8266,60889340800
8267,60911500032
8268,60933659264
8269,60955818496
8270,60977977728
8271,61000166784
8272,61022355840
8273,61044544896
8274,61066763776
8275,61089012480
8276,61111261184
8277,61133509888
8278,61155758592
8279,61178037120
8280,61200375296
8281,61222713472
8282,61245081472
8283,61267449472
8284,61289817472
8285,61312185472
8286,61334583296
8287,61356981120
8288,61379378944
8289,61401806592
8290,61424234240
8291,61446691712
8292,61469149184
8293,61491606656
8294,61514064128
8295,61536551424
8296,61559038720
8297,61581526016
8298,61604043136
8299,61626560256
8300,61649077376
8301,61671594496
8302,61694141440
8303,61716718208
8304,61739294976
8305,61761871744
8306,61784448512
8307,61807025280
8308,61829602048
8309,61852178816
8310,61874785408
8311,61897421824
8312,61920088064
8313,61942784128
8314,61965480192
8315,61988206080
8316,62010931968
8317,62033687680
8318,62056443392
8319,62079258752
8320,62102074112
8321,62124889472
8322,62147704832
8323,62170550016
8324,62193425024
8325,62216300032
8326,62239175040
8327,62262050048
8328,62284954880
8329,62307859712
8330,62330764544
8331,62353699200
8332,62376663680
8333,62399628160
8334,62422622464
8335,62445616768
8336,62468611072
8337,62491635200
8338,62514659328
8339,62537683456
8340,62560707584
8341,62583761536
8342,62606815488
8343,62629869440
8344,62652923392
8345,62675977344
8346,62699061120
8347,62722144896
8348,62745228672
8349,62768312448
8350,62791426048
8351,62814539648
8352,62837653248
8353,62860796672
8354,62883940096
8355,62907113344
8356,62930286592
8357,62953489664
8358,62976692736
8359,62999925632
8360,63023158528
8361,63046391424
8362,63069654144
8363,63092916864
8364,63116179584
8365,63139472128
8366,63162764672
8367,63186057216
8368,63209379584
8369,63232701952
8370,63256024320
8371,63279346688
8372,63302698880
8373,63326080896
8374,63349462912
8375,63372844928
8376,63396226944
8377,63419668608
8378,63443110272
8379,63466551936
8380,63490023424
8381,63513524736
8382,63537055872
8383,63560587008
8384,63584147968
8385,63607708928
8386,63631299712
8387,63654890496
8388,63678481280
8389,63702101888
8390,63725722496
8391,63749343104
8392,63772963712
8393,63796614144
8394,63820264576
8395,63843915008
8396,63867565440
8397,63891245696
8398,63914925952
8399,63938636032
8400,63962346112
8401,63986056192
8402,64009796096
8403,64033536000
8404,64057275904
8405,64081045632
8406,64104815360
8407,64128614912
8408,64152414464
8409,64176214016
8410,64200043392
8411,64223872768
8412,64247702144
8413,64271561344
8414,64295420544
8415,64319279744
8416,64343168768
8417,64367057792
8418,64390946816
8419,64414865664
8420,64438784512
8421,64462703360
8422,64486652032
8423,64510600704
8424,64534549376
8425,64558498048
8426,64582476544
8427,64606455040
8428,64630433536
8429,64654471680
8430,64678539648
8431,64702607616
8432,64726705408
8433,64750803200
8434,64774930816
8435,64799058432
8436,64823186048
8437,64847313664
8438,64871471104
8439,64895628544
8440,64919815808
8441,64944003072
8442,64968220160
8443,64992437248
8444,65016654336
8445,65040871424
8446,65065148160
8447,65089424896
8448,65113731456
8449,65138038016
8450,65162344576
8451,65186651136
8452,65210957696
8453,65235264256
8454,65259570816
8455,65283877376
8456,65308213760
8457,65332579968
8458,65356976000
8459,65381372032
8460,65405797888
8461,65430223744
8462,65454649600
8463,65479105280
8464,65503560960
8465,65528016640
8466,65552472320
8467,65576957824
8468,65601443328
8469,65625958656
8470,65650533632
8471,65675108608
8472,65699713408
8473,65724318208
8474,65748923008
8475,65773527808
8476,65798132608
8477,65822767232
8478,65847401856
8479,65872036480
8480,65896700928
8481,65921365376
8482,65946029824
8483,65970724096
8484,65995418368
8485,66020112640
8486,66044836736
8487,66069560832
8488,66094314752
8489,66119128320
8490,66143971712
8491,66168815104
8492,66193658496
8493,66218531712
8494,66243404928
8495,66268278144
8496,66293151360
8497,66318024576
8498,66342927616
8499,66367860480
8500,66392793344
8501,66417756032
8502,66442718720
8503,66467681408
8504,66492644096
8505,66517636608
8506,66542629120
8507,66567621632
8508,66592643968
8509,66617666304
8510,66642688640
8511,66667710976
8512,66692733312
8513,66717755648
8514,66742807808
8515,66767889792
8516,66792971776
8517,66818083584
8518,66843225216
8519,66868366848
8520,66893538304
8521,66918709760
8522,66943881216
8523,66969052672
8524,66994224128
8525,67019395584
8526,67044567040
8527,67069768320
8528,67094969600
8529,67120170880
8530,67145372160
8531,67170573440
8532,67195804544
8533,67221065472
8534,67246356224
8535,67271646976
8536,67296937728
8537,67322228480
8538,67347519232
8539,67372839808
8540,67398160384
8541,67423480960
8542,67448801536
8543,67474151936
8544,67499502336
8545,67524852736
8546,67550203136
8547,67575553536
8548,67600903936
8549,67626284160
8550,67651694208
8551,67677104256
8552,67702514304
8553,67727924352
8554,67753334400
8555,67778774272
8556,67804243968
8557,67829713664
8558,67855213184
8559,67880712704
8560,67906242048
8561,67931771392
8562,67957360384
8563,67982949376
8564,68008538368
8565,68034127360
8566,68059746176
8567,68085364992
8568,68110983808
8569,68136602624
8570,68162221440
8571,68187870080
8572,68213518720
8573,68239197184
8574,68264875648
8575,68290554112
8576,68316262400
8577,68342000512
8578,68367738624
8579,68393476736
8580,68419244672
8581,68445042432
8582,68470870016
8583,68496697600
8584,68522555008
8585,68548412416
8586,68574269824
8587,68600127232
8588,68626014464
8589,68651961344
8590,68677938048
8591,68703914752
8592,68729921280
8593,68755957632
8594,68781993984
8595,68808030336
8596,68834096512
8597,68860162688
8598,68886258688
8599,68912384512
8600,68938659456
8601,68964934400
8602,68991239168
8603,69017573760
8604,69043938176
8605,69070302592
8606,69096696832
8607,69123091072
8608,69149485312
8609,69175879552
8610,69202273792
8611,69228697856
8612,69255151744
8613,69281635456
8614,69308119168
8615,69334632704
8616,69361146240
8617,69387689600
8618,69414232960
8619,69440806144
8620,69467379328
8621,69493982336
8622,69520585344
8623,69547188352
8624,69573791360
8625,69600424192
8626,69627057024
8627,69653689856
8628,69680352512
8629,69707015168
8630,69733707648
8631,69760400128
8632,69787092608
8633,69813814912
8634,69840537216
8635,69867259520
8636,69894011648
8637,69920793600
8638,69947575552
8639,69974357504
8640,70001169280
8641,70027981056
8642,70054792832
8643,70081604608
8644,70108416384
8645,70135287808
8646,70162159232
8647,70189030656
8648,70215902080
8649,70242803328
8650,70269704576
8651,70296605824
8652,70323536896
8653,70350497792
8654,70377458688
8655,70404419584
8656,70431410304
8657,70458401024
8658,70485391744
8659,70512382464
8660,70539403008
8661,70566423552
8662,70593444096
8663,70620464640
8664,70647515008
8665,70674565376
8666,70701615744
8667,70728695936
8668,70755776128
8669,70782856320
8670,70809936512
8671,70837016704
8672,70864126720
8673,70891236736
8674,70918376576
8675,70945516416
8676,70972686080
8677,70999855744
8678,71027025408
8679,71054224896
8680,71081424384
8681,71108623872
8682,71135853184
8683,71163082496
8684,71190341632
8685,71217600768
8686,71244859904
8687,71272148864
8688,71299437824
8689,71326726784
8690,71354015744
8691,71381304704
8692,71408593664
8693,71435882624
8694,71463201408
8695,71490520192
8696,71517838976
8697,71545157760
8698,71572476544
8699,71599825152
8700,71627173760
8701,71654522368
8702,71681900800
8703,71709309056
8704,71736717312
8705,71764125568
8706,71791563648
8707,71819031552
8708,71846499456
8709,71873997184
8710,71901494912
8711,71928992640
8712,71956520192
8713,71984077568
8714,72011634944
8715,72039192320
8716,72066779520
8717,72094366720
8718,72121953920
8719,72149541120
8720,72177158144
8721,72204804992
8722,72232451840
8723,72260098688
8724,72287745536
8725,72315392384
8726,72343039232
8727,72370686080
8728,72398332928
8729,72426009600
8730,72453686272
8731,72481392768
8732,72509129088
8733,72536895232
8734,72564661376
8735,72592427520
8736,72620283136
8737,72648138752
8738,72676024192
8739,72703909632
8740,72731854720
8741,72759799808
8742,72787774720
8743,72815749632
8744,72843724544
8745,72871699456
8746,72899704192
8747,72927708928
8748,72955743488
8749,72983778048
8750,73011872256
8751,73039966464
8752,73068060672
8753,73096184704
8754,73124308736
8755,73152432768
8756,73180586624
8757,73208770304
8758,73236953984
8759,73265137664
8760,73293321344
8761,73321505024
8762,73349718528
8763,73377961856
8764,73406205184
8765,73434478336
8766,73462751488
8767,73491024640
8768,73519297792
8769,73547600768
8770,73575903744
8771,73604236544
8772,73632569344
8773,73660902144
8774,73689264768
8775,73717627392
8776,73745990016
8777,73774382464
8778,73802774912
8779,73831197184
8780,73859619456
8781,73888041728
8782,73916493824
8783,73944945920
8784,73973427840
8785,74001909760
8786,74030391680
8787,74058903424
8788,74087444992
8789,74116016384
8790,74144587776
8791,74173188992
8792,74201790208
8793,74230451072
8794,74259111936
8795,74287772800
8796,74316463488
8797,74345184000
8798,74373934336
8799,74402714496
8800,74431524480
8801,74460334464
8802,74489174272
8803,74518043904
8804,74546943360
8805,74575842816
8806,74604742272
8807,74633671552
8808,74662630656
8809,74691619584
8810,74720608512
8811,74749597440
8812,74778616192
8813,74807634944
8814,74836653696
8815,74865702272
8816,74894810496
8817,74923918720
8818,74953026944
8819,74982164992
8820,75011303040
8821,75040441088
8822,75069638784
8823,75098836480
8824,75128034176
8825,75157261696
8826,75186519040
8827,75215776384
8828,75245033728
8829,75274291072
8830,75303578240
8831,75332865408
8832,75362152576
8833,75391499392
8834,75420846208
8835,75450193024
8836,75479539840
8837,75508916480
8838,75538293120
8839,75567669760
8840,75597046400
8841,75626423040
8842,75655799680
8843,75685176320
8844,75714582784
8845,75743989248
8846,75773395712
8847,75802832000
8848,75832268288
8849,75861764224
8850,75891289984
8851,75920815744
8852,75950341504
8853,75979867264
8854,76009393024
8855,76038918784
8856,76068474368
8857,76098029952
8858,76127585536
8859,76157170944
8860,76186786176
8861,76216401408
8862,76246016640
8863,76275661696
8864,76305306752
8865,76334951808
8866,76364596864
8867,76394271744
8868,76423946624
8869,76453621504
8870,76483326208
8871,76513060736
8872,76542795264
8873,76572559616
8874,76602323968
8875,76632118144
8876,76661912320
8877,76691736320
8878,76721560320
8879,76751414144
8880,76781267968
8881,76811151616
8882,76841065088
8883,76870978560
8884,76900892032
8885,76930835328
8886,76960778624
8887,76990751744
8888,77020754688
8889,77050757632
8890,77080760576
8891,77110793344
8892,77140826112
8893,77170888704
8894,77200981120
8895,77231073536
8896,77261165952
8897,77291288192
8898,77321440256
8899,77351592320
8900,77381774208
8901,77411985920
8902,77442197632
8903,77472409344
8904,77502650880
8905,77532892416
8906,77563133952
8907,77593405312
8908,77623676672
8909,77653977856
8910,77684279040
8911,77714580224
8912,77744881408
8913,77775212416
8914,77805543424
8915,77835874432
8916,77866235264
8917,77896596096
8918,77926956928
8919,77957347584
8920,77987768064
8921,78018188544
8922,78048638848
8923,78079089152
8924,78109539456
8925,78140019584
8926,78170499712
8927,78201039488
8928,78231609088
8929,78262178688
8930,78292778112
8931,78323437184
8932,78354096256
8933,78384755328
8934,78415444224
8935,78446162944
8936,78476881664
8937,78507630208
8938,78538378752
8939,78569127296
8940,78599875840
8941,78630624384
8942,78661402752
8943,78692181120
8944,78722959488
8945,78753767680
8946,78784605696
8947,78815473536
8948,78846341376
8949,78877239040
8950,78908166528
8951,78939123840
8952,78970081152
8953,79001038464
8954,79031995776
8955,79062982912
8956,79093970048
8957,79124987008
8958,79156003968
8959,79187020928
8960,79218067712
8961,79249114496
8962,79280191104
8963,79311297536
8964,79342403968
8965,79373540224
8966,79404706304
8967,79435932032
8968,79467187584
8969,79498472960
8970,79529758336
8971,79561043712
8972,79592388736
8973,79623733760
8974,79655108608
8975,79686483456
8976,79717888128
8977,79749292800
8978,79780727296
8979,79812191616
8980,79843685760
8981,79875179904
8982,79906703872
8983,79938317312
8984,79969930752
8985,80001544192
8986,80033187456
8987,80064830720
8988,80096503808
8989,80128176896
8990,80159909632
8991,80191672192
8992,80223434752
8993,80255197312
8994,80286989696
8995,80318782080
8996,80350604288
8997,80382545792
8998,80414517120
8999,80446488448
9000,80478459776
9001,80510431104
9002,80542432256
9003,80574433408
9004,80606434560
9005,80638465536
9006,80670526336
9007,80702616960
9008,80734767232
9009,80766917504
9010,80799067776
9011,80831247872
9012,80863427968
9013,80895608064
9014,80927788160
9015,80959998080
9016,80992237824
9017,81024477568
9018,81056747136
9019,81089016704
9020,81121316096
9021,81153645312
9022,81185974528
9023,81218303744
9024,81250662784
9025,81283021824
9026,81315380864
9027,81347769728
9028,81380158592
9029,81412577280
9030,81445025792
9031,81477474304
9032,81509952640
9033,81542460800
9034,81574968960
9035,81607536768
9036,81640104576
9037,81672672384
9038,81705240192
9039,81737808000
9040,81770375808
9041,81802973440
9042,81835571072
9043,81868168704
9044,81900796160
9045,81933423616
9046,81966051072
9047,81998678528
9048,82031335808
9049,82063993088
9050,82096680192
9051,82129397120
9052,82162114048
9053,82194860800
9054,82227667200
9055,82260503424
9056,82293339648
9057,82326175872
9058,82359012096
9059,82391878144
9060,82424774016
9061,82457699712
9062,82490625408
9063,82523551104
9064,82556476800
9065,82589432320
9066,82622387840
9067,82655373184
9068,82688388352
9069,82721403520
9070,82754448512
9071,82787493504
9072,82820627968
9073,82853762432
9074,82886896896
9075,82920061184
9076,82953225472
9077,82986419584
9078,83019613696
9079,83052837632
9080,83086091392
9081,83119404800
9082,83152718208
9083,83186121088
9084,83219583616
9085,83253046144
9086,83286598144
9087,83320150144
9088,83353731968
9089,83387343616
9090,83421014912
9091,83454686208
9092,83488417152
9093,83522177920
9094,83555968512
9095,83589788928
9096,83623609344
9097,83657459584
9098,83691309824
9099,83725189888
9100,83759099776
9101,83793009664
9102,83826919552
9103,83860829440
9104,83894739328
9105,83928679040
9106,83962648576
9107,83996647936
9108,84030706944
9109,84064795776
9110,84098884608
9111,84133003264
9112,84167151744
9113,84201300224
9114,84235448704
9115,84269597184
9116,84303775488
9117,84337983616
9118,84372221568
9119,84406519168
9120,84440816768
9121,84475144192
9122,84509531264
9123,84543948160
9124,84578394880
9125,84612841600
9126,84647318144
9127,84681794688
9128,84716301056
9129,84750807424
9130,84785343616
9131,84819879808
9132,84854416000
9133,84888982016
9134,84923607680
9135,84958263168
9136,84992918656
9137,85027603968
9138,85062289280
9139,85097004416
9140,85131749376
9141,85166494336
9142,85201239296
9143,85235984256
9144,85270729216
9145,85305504000
9146,85340338432
9147,85375172864
9148,85410066944
9149,85444961024
9150,85479855104
9151,85514749184
9152,85549673088
9153,85584626816
9154,85619610368
9155,85654593920
9156,85689607296
9157,85724620672
9158,85759693696
9159,85794796544
9160,85829899392
9161,85865032064
9162,85900194560
9163,85935386880
9164,85970579200
9165,86005801344
9166,86041053312
9167,86076305280
9168,86111557248
9169,86146809216
9170,86182150656
9171,86217521920
9172,86252893184
9173,86288294272
9174,86323725184
9175,86359185920
9176,86394646656
9177,86430107392
9178,86465597952
9179,86501118336
9180,86536668544
9181,86572218752
9182,86607828608
9183,86643498112
9184,86679197440
9185,86714896768
9186,86750625920
9187,86786355072
9188,86822084224
9189,86857843200
9190,86893602176
9191,86929390976
9192,86965179776
9193,87001058048
9194,87036966144
9195,87072904064
9196,87108871808
9197,87144869376
9198,87180866944
9199,87216894336
9200,87252951552
9201,87289008768
9202,87325095808
9203,87361182848
9204,87397269888
9205,87433356928
9206,87469443968
9207,87505560832
9208,87541796992
9209,87578033152
9210,87614299136
9211,87650594944
9212,87686950400
9213,87723335680
9214,87759780608
9215,87796225536
9216,87832700288
9217,87869175040
9218,87905679616
9219,87942184192
9220,87978748416
9221,88015312640
9222,88051966336
9223,88088620032
9224,88125303552
9225,88162016896
9226,88198730240
9227,88235443584
9228,88272156928
9229,88308900096
9230,88345673088
9231,88382505728
9232,88419338368
9233,88456171008
9234,88493063296
9235,88529955584
9236,88566967168
9237,88604038400
9238,88641139456
9239,88678270336
9240,88715431040
9241,88752621568
9242,88789841920
9243,88827092096
9244,88864342272
9245,88901622272
9246,88938902272
9247,88976182272
9248,89013462272
9249,89050742272
9250,89088052096
9251,89125361920
9252,89162731392
9253,89200220160
9254,89237828224
9255,89275495936
9256,89313193472
9257,89350950656
9258,89388737664
9259,89426524672
9260,89464341504
9261,89502158336
9262,89540004992
9263,89577851648
9264,89615728128
9265,89653604608
9266,89691540736
9267,89729476864
9268,89767442816
9269,89805408768
9270,89843464192
9271,89881549440
9272,89919634688
9273,89957749760
9274,89995954304
9275,90034188672
9276,90072452864
9277,90110776704
9278,90149130368
9279,90187484032
9280,90225867520
9281,90264370304
9282,90302873088
9283,90341375872
9284,90379878656
9285,90418381440
9286,90456943872
9287,90495506304
9288,90534158208
9289,90572839936
9290,90611551488
9291,90650263040
9292,90689004416
9293,90727745792
9294,90766606464
9295,90805467136
9296,90844357632
9297,90883248128
9298,90922168448
9299,90961088768
9300,91000068736
9301,91039108352
9302,91078147968
9303,91117187584
9304,91156286848
9305,91195445760
9306,91234634496
9307,91273882880
9308,91313161088
9309,91352469120
9310,91391836800
9311,91431204480
9312,91470631808
9313,91510118784
9314,91549665408
9315,91589212032
9316,91628788480
9317,91668394752
9318,91708001024
9319,91747607296
9320,91787332864
9321,91827147904
9322,91866962944
9323,91906837632
9324,91946742144
9325,91986765952
9326,92026789760
9327,92066843392
9328,92106986496
9329,92147159424
9330,92187421824
9331,92227684224
9332,92268006272
9333,92308358144
9334,92348769664
9335,92389211008
9336,92429741824
9337,92470332288
9338,92510922752
9339,92551513216
9340,92592193152
9341,92632902912
9342,92673612672
9343,92714352256
9344,92755091840
9345,92795950720
9346,92836839424
9347,92877847424
9348,92918855424
9349,92959952896
9350,93001259136
9351,93042595200
9352,93083990912
9353,93125446272
9354,93166931456
9355,93208476288
9356,93250050944
9357,93291655424
9358,93333319552
9359,93375073152
9360,93416826752
9361,93458610176
9362,93500453248
9363,93542296320
9364,93584199040
9365,93626101760
9366,93668034304
9367,93709966848
9368,93751899392
9369,93793831936
9370,93835824128
9371,93877846144
9372,93919868160
9373,93961920000
9374,94004031488
9375,94046262272
9376,94088522880
9377,94130783488
9378,94173073920
9379,94215394176
9380,94257774080
9381,94300153984
9382,94342563712
9383,94385003264
9384,94427442816
9385,94469882368
9386,94512411392
9387,94554940416
9388,94597499264
9389,94640058112
9390,94682646784
9391,94725235456
9392,94767824128
9393,94810412800
9394,94853031296
9395,94895679616
9396,94938357760
9397,94981095552
9398,95023922816
9399,95066779904
9400,95109696640
9401,95152613376
9402,95195559936
9403,95238536320
9404,95281632000
9405,95324757504
9406,95367912832
9407,95411127808
9408,95454402432
9409,95497706880
9410,95541070976
9411,95584524544
9412,95628007936
9413,95671580800
9414,95715213312
9415,95758875648
9416,95802567808
9417,95846289792
9418,95890011776
9419,95933733760
9420,95977485568
9421,96021386496
9422,96065317248
9423,96109277824
9424,96153268224
9425,96197377920
9426,96241547264
9427,96285835904
9428,96330124544
9429,96374443008
9430,96418791296
9431,96463169408
9432,96507577344
9433,96552104576
9434,96596631808
9435,96641218688
9436,96685865216
9437,96730541568
9438,96775247744
9439,96819953920
9440,96864749568
9441,96909575040
9442,96954460160
9443,96999345280
9444,97044290048
9445,97089294464
9446,97134358528
9447,97179452416
9448,97224546304
9449,97269729664
9450,97314942848
9451,97360156032
9452,97405399040
9453,97450671872
9454,97496064000
9455,97541485952
9456,97586907904
9457,97632419328
9458,97677930752
9459,97723472000
9460,97769043072
9461,97814643968
9462,97860304512
9463,97905994880
9464,97951715072
9465,97997465088
9466,98043244928
9467,98089084416
9468,98134953728
9469,98180912512
9470,98226930944
9471,98272949376
9472,98318967808
9473,98365016064
9474,98411123968
9475,98457231872
9476,98503369600
9477,98549507328
9478,98595674880
9479,98641872256
9480,98688129280
9481,98734445952
9482,98780762624
9483,98827138944
9484,98873664384
9485,98920249472
9486,98966834560
9487,99013449472
9488,99060124032
9489,99106828416
9490,99153532800
9491,99200237184
9492,99247001216
9493,99293795072
9494,99340618752
9495,99387472256
9496,99434385408
9497,99481388032
9498,99528390656
9499,99575393280
9500,99622425728
9501,99669577472
9502,99716788864
9503,99764089728
9504,99811450240
9505,99858959872
9506,99906588800
9507,99954277376
9508,100001965952
9509,100049684352
9510,100097492224
9511,100145329920
9512,100193257088
9513,100241184256
9514,100289111424
9515,100337068416
9516,100385025408
9517,100433071872
9518,100481148160
9519,100529284096
9520,100577449856
9521,100625675264
9522,100673900672
9523,100722126080
9524,100770411136
9525,100818726016
9526,100867070720
9527,100915445248
9528,100963968896
9529,101012552192
9530,101061165312
9531,101109778432
9532,101158421376
9533,101207243264
9534,101256124800
9535,101305006336
9536,101353977344
9537,101403097472
9538,101452277248
9539,101501457024
9540,101550666624
9541,101599876224
9542,101649085824
9543,101698355072
9544,101747624320
9545,101796893568
9546,101846192640
9547,101895491712
9548,101944910080
9549,101994328448
9550,102043866112
9551,102093612544
9552,102143418624
9553,102193224704
9554,102243060608
9555,102292896512
9556,102342792064
9557,102392717440
9558,102442672640
9559,102492687488
9560,102542791808
9561,102592925952
9562,102643298688
9563,102693701248
9564,102744163456
9565,102794655488
9566,102845147520
9567,102895729024
9568,102946370176
9569,102997041152
9570,103047741952
9571,103098472576
9572,103149292672
9573,103200112768
9574,103251022336
9575,103302051200
9576,103353288832
9577,103404586112
9578,103455883392
9579,103507270144
9580,103558656896
9581,103610043648
9582,103661430400
9583,103712817152
9584,103764203904
9585,103815650304
9586,103867126528
9587,103918662400
9588,103970198272
9589,104021793792
9590,104073448960
9591,104125193600
9592,104176938240
9593,104228772352
9594,104280785408
9595,104332798464
9596,104384960640
9597,104437242112
9598,104489553408
9599,104541864704
9600,104594205824
9601,104646606592
9602,104699067008
9603,104751527424
9604,104803987840
9605,104856478080
9606,104909087616
9607,104961697152
9608,105014396160
9609,105067154816
9610,105119943296
9611,105172791424
9612,105225639552
9613,105278517504
9614,105331395456
9615,105384333056
9616,105437360128
9617,105490417024
9618,105543503744
9619,105596650112
9620,105649915776
9621,105703241088
9622,105756775168
9623,105810339072
9624,105863992448
9625,105917735296
9626,105971507968
9627,106025399936
9628,106079321728
9629,106133332992
9630,106187463552
9631,106241623936
9632,106295873792
9633,106350123648
9634,106404492800
9635,106458891776
9636,106513290752
9637,106567809024
9638,106622327296
9639,106676875392
9640,106731453312
9641,106786061056
9642,106840728448
9643,106895634432
9644,106950570240
9645,107005535872
9646,107060531328
9647,107115825024
9648,107171178368
9649,107226680832
9650,107282183296
9651,107337715584
9652,107393456640
9653,107449346816
9654,107505296640
9655,107561276288
9656,107617285760
9657,107673444352
9658,107729632768
9659,107785970304
9660,107842367488
9661,107898794496
9662,107955430272
9663,108012066048
9664,108068821120
9665,108125695488
9666,108182629504
9667,108239593344
9668,108296557184
9669,108353789440
9670,108411230464
9671,108468731136
9672,108526351104
9673,108583971072
9674,108641620864
9675,108699300480
9676,108757009920
9677,108814749184
9678,108872667392
9679,108930585600
9680,108988593280
9681,109046630784
9682,109104668288
9683,109162795264
9684,109220952064
9685,109279138688
9686,109337384960
9687,109395750528
9688,109454145920
9689,109512779904
9690,109571413888
9691,109630167168
9692,109689009920
9693,109748061440
9694,109807232256
9695,109866432896
9696,109925901952
9697,109985371008
9698,110044899712
9699,110104458240
9700,110164076416
9701,110223694592
9702,110283432064
9703,110343259008
9704,110403324544
9705,110463867264
9706,110524439808
9707,110585072000
9708,110646002432
9709,110706962688
9710,110768042240
9711,110829151616
9712,110890380288
9713,110951638784
9714,111012927104
9715,111074304896
9716,111135772160
9717,111197269248
9718,111258975104
9719,111320770432
9720,111382595584
9721,111444450560
9722,111506424832
9723,111568607872
9724,111631029504
9725,111693451136
9726,111755902592
9727,111818413696
9728,111880984448
9729,111943585024
9730,112006215424
9731,112068965120
9732,112131983232
9733,112195060992
9734,112258287872
9735,112321663872
9736,112385039872
9737,112448475520
9738,112512030464
9739,112575704704
9740,112639468416
9741,112703291776
9742,112767234432
9743,112831236736
9744,112895298688
9745,112959390464
9746,113023512064
9747,113087723136
9748,113151964032
9749,113216264576
9750,113280594944
9751,113345044608
9752,113409553920
9753,113474093056
9754,113538662016
9755,113603439744
9756,113668217472
9757,113733054848
9758,113798250112
9759,113863445376
9760,113928700288
9761,113993985024
9762,114059389056
9763,114124882560
9764,114190674304
9765,114256495872
9766,114322466560
9767,114388467072
9768,114454467584
9769,114520468096
9770,114586587904
9771,114652797184
9772,114719066112
9773,114785394688
9774,114851753088
9775,114918379904
9776,114985096192
9777,115052021248
9778,115119184896
9779,115186378368
9780,115253691136
9781,115321182848
9782,115388734208
9783,115456375040
9784,115524075520
9785,115592044416
9786,115660192256
9787,115728399744
9788,115796666880
9789,115865172608
9790,115933857280
9791,116002541952
9792,116071286272
9793,116140120064
9794,116209043328
9795,116278354304
9796,116347695104
9797,116417214848
9798,116486883712
9799,116556761344
9800,116626817920
9801,116697321856
9802,116767945088
9803,116838657792
9804,116909549440
9805,116980769152
9806,117052287104
9807,117124073472
9808,117195889664
9809,117267914624
9810,117340029056
9811,117412292608
9812,117484556160
9813,117556879360
9814,117629381504
9815,117702002944
9816,117774684032
9817,117847842304
9818,117921179520
9819,117994546560
9820,118068062720
9821,118141638528
9822,118215393280
9823,118289505920
9824,118363678208
9825,118438059264
9826,118512529792
9827,118587388032
9828,118662604160
9829,118737850112
9830,118814617088
9831,118891533184
9832,118968628224
9833,119046110976
9834,119123683200
9835,119201315072
9836,119279096064
9837,119356936704
9838,119434956288
9839,119513035520
9840,119591204224
9841,119669522048
9842,119748197760
9843,119826933120
9844,119905907072
9845,119985059968
9846,120064391808
9847,120144528896
9848,120224815104
9849,120305190784
9850,120385715584
9851,120466300032
9852,120547361664
9853,120628691712
9854,120710230528
9855,120791769344
9856,120873546752
9857,120955413632
9858,121037399808
9859,121119475456
9860,121201580928
9861,121283835520
9862,121366328704
9863,121448881536
9864,121531494016
9865,121614225792
9866,121697047040
9867,121780166528
9868,121863494784
9869,121947330048
9870,122031284608
9871,122115686528
9872,122200327040
9873,122285295616
9874,122370383488
9875,122455501184
9876,122540708352
9877,122626183936
9878,122712077056
9879,122798208768
9880,122884698368
9881,122971396736
9882,123058602112
9883,123145926784
9884,123233400576
9885,123320904192
9886,123408527104
9887,123496507904
9888,123584548352
9889,123672618624
9890,123760867840
9891,123849176704
9892,123937664512
9893,124026211968
9894,124115176960
9895,124204171776
9896,124293405184
9897,124383921024
9898,124475182464
9899,124566652672
9900,124658510592
9901,124750666752
9902,124842852736
9903,124935277312
9904,125028596608
9905,125122512384
9906,125216636928
9907,125311656192
9908,125406675456
9909,125501843840
9910,125597370112
9911,125693224448
9912,125789347200
9913,125885469952
9914,125981801472
9915,126078192640
9916,126174613632
9917,126271541632
9918,126369006464
9919,126466799360
9920,126564979968
9921,126663578112
9922,126763220096
9923,126862891904
9924,126964025088
9925,127065724928
9926,127167454592
9927,127270466688
9928,127374194560
9929,127477982080
9930,127582395904
9931,127686929024
9932,127792744576
9933,127899126784
9934,128006045824
9935,128114873600
9936,128224089088
9937,128334139648
9938,128444518272
9939,128556030208
9940,128667750912
9941,128779590912
9942,128891520384
9943,129006969088
9944,129122954624
9945,129239596288
9946,129357520384
9947,129475533952
9948,129593577344
9949,129711799680
9950,129830439552
9951,129949556608
9952,130069091200
9953,130190087168
9954,130313290112
9955,130437119360
9956,130561843328
9957,130686895360
9958,130812722816
9959,130940578304
9960,131069239040
9961,131198943616
9962,131328976256
9963,131460321152
9964,131591755520
9965,131726023168
9966,131861990784
9967,132001239040
9968,132142515328
9969,132286147712
9970,132433746688
9971,132581882496
9972,132734670848
9973,132890083712
9974,133045764992
9975,133210214528
9976,133375260544
9977,133543110016
9978,133713076992
9979,133886056192
9980,134061838848
9981,134238754816
9982,134416267264
9983,134596583168
9984,134777227136
9985,134961360512
9986,135146746496
9987,135334220160
9988,135523602560
9989,135713163904
9990,135903351552
9991,136103888128
9992,136309524608
9993,136528522240
9994,136759717888
9995,137005288704
9996,137255959424
9997,137508002048
9998,137763713024
9999,138031890432
10000,138322316544
