updtw1,updtw2,storage
10,10,500
10,11,500
10,12,500
10,13,500
10,14,500
10,15,500
10,16,500
10,17,500
10,18,500
10,19,500
10,20,500
10,21,500
10,22,500
10,23,500
10,24,500
10,25,500
10,26,500
10,27,500
10,28,500
10,29,500
10,30,500
10,31,500
10,32,500
10,33,500
10,34,500
10,35,500
10,36,500
10,37,500
10,38,500
10,39,500
10,40,500
10,41,500
10,42,500
10,43,500
10,44,500
10,45,500
10,46,500
10,47,500
10,48,500
10,49,500
10,50,500
10,51,500
10,52,500
10,53,500
10,54,500
10,55,500
10,56,500
10,57,500
10,58,500
10,59,500
10,60,500
10,61,500
10,62,500
10,63,500
10,64,500
10,65,500
10,66,500
10,67,500
10,68,500
10,69,500
10,70,500
10,71,500
10,72,500
10,73,500
10,74,500
10,75,500
10,76,500
10,77,500
10,78,500
10,79,500
10,80,500
10,81,500
10,82,500
10,83,500
10,84,500
10,85,500
10,86,500
10,87,500
10,88,500
10,89,500
10,90,500
10,91,500
10,92,500
10,93,500
10,94,500
10,95,500
10,96,500
10,97,500
10,98,500
10,99,500
10,100,500
10,101,500
10,102,500
10,103,500
10,104,500
10,105,500
10,106,500
10,107,500
10,108,500
10,109,500
10,110,500
10,111,500
10,112,500
10,113,500
10,114,500
10,115,500
10,116,500
10,117,500
10,118,500
10,119,500
10,120,500
10,121,500
10,122,500
10,123,500
10,124,500
10,125,500
10,126,500
10,127,500
10,128,500
10,129,500
10,130,500
10,131,500
10,132,500
10,133,500
10,134,500
10,135,500
10,136,500
10,137,500
10,138,500
10,139,500
10,140,500
10,141,500
10,142,500
10,143,500
10,144,500
10,145,500
10,146,500
10,147,500
10,148,500
10,149,500
10,150,500
10,151,500
10,152,500
10,153,500
10,154,500
10,155,500
10,156,500
10,157,500
10,158,500
10,159,500
10,160,500
10,161,500
10,162,500
10,163,500
10,164,500
10,165,500
10,166,500
10,167,500
10,168,500
10,169,500
10,170,500
10,171,500
10,172,500
10,173,500
10,174,500
10,175,500
10,176,500
10,177,500
10,178,500
10,179,500
10,180,500
10,181,500
10,182,500
10,183,500
10,184,500
10,185,500
10,186,500
10,187,500
10,188,500
10,189,500
10,190,500
10,191,500
10,192,500
10,193,500
10,194,500
10,195,500
10,196,500
10,197,500
10,198,500
10,199,500
10,200,500
10,201,500
10,202,500
10,203,500
10,204,500
10,205,500
10,206,500
10,207,500
10,208,500
10,209,500
10,210,500
10,211,500
10,212,500
10,213,500
10,214,500
10,215,500
10,216,500
10,217,500
10,218,500
10,219,500
10,220,500
10,221,500
10,222,500
10,223,500
10,224,500
10,225,500
10,226,500
10,227,500
10,228,500
10,229,500
10,230,500
10,231,500
10,232,500
10,233,500
10,234,500
10,235,500
10,236,500
10,237,500
10,238,500
10,239,500
10,240,500
10,241,500
10,242,500
10,243,500
10,244,500
10,245,500
10,246,500
10,247,500
10,248,500
10,249,500
10,250,500
10,251,500
10,252,500
10,253,500
10,254,500
10,255,500
10,256,500
10,257,500
10,258,500
10,259,500
10,260,500
10,261,500
10,262,500
10,263,500
10,264,500
10,265,500
10,266,500
10,267,500
10,268,500
10,269,500
10,270,500
10,271,500
10,272,500
10,273,500
10,274,500
10,275,500
10,276,500
10,277,500
10,278,500
10,279,500
10,280,500
10,281,500
10,282,500
10,283,500
10,284,500
10,285,500
10,286,500
10,287,500
10,288,500
10,289,500
10,290,500
10,291,500
10,292,500
10,293,500
10,294,500
10,295,500
10,296,500
10,297,500
10,298,500
10,299,500
10,300,500
10,301,500
10,302,500
10,303,500
10,304,500
10,305,500
10,306,500
10,307,500
10,308,500
10,309,500
10,310,500
10,311,500
10,312,500
10,313,500
10,314,500
10,315,500
10,316,500
10,317,500
10,318,500
10,319,500
10,320,500
10,321,500
10,322,500
10,323,500
10,324,500
10,325,500
10,326,500
10,327,500
10,328,500
10,329,500
10,330,500
10,331,500
10,332,500
10,333,500
10,334,500
10,335,500
10,336,500
10,337,500
10,338,500
10,339,500
10,340,500
10,341,500
10,342,500
10,343,500
10,344,500
10,345,500
10,346,500
10,347,500
10,348,500
10,349,500
10,350,500
10,351,500
10,352,500
10,353,500
10,354,500
10,355,500
10,356,500
10,357,500
10,358,500
10,359,500
10,360,500
10,361,500
10,362,500
10,363,500
10,364,500
10,365,500
10,366,500
10,367,500
10,368,500
10,369,500
10,370,500
10,371,500
10,372,500
10,373,500
10,374,500
10,375,500
10,376,500
10,377,500
10,378,500
10,379,500
10,380,500
10,381,500
10,382,500
10,383,500
10,384,500
10,385,500
10,386,500
10,387,500
10,388,500
10,389,500
10,390,500
10,391,500
10,392,500
10,393,500
10,394,500
10,395,500
10,396,500
10,397,500
10,398,500
10,399,500
10,400,500
10,401,500
10,402,500
10,403,500
10,404,500
10,405,500
10,406,500
10,407,500
10,408,500
10,409,500
10,410,500
10,411,500
10,412,500
10,413,500
10,414,500
10,415,500
10,416,500
10,417,500
10,418,500
10,419,500
10,420,500
10,421,500
10,422,500
10,423,500
10,424,500
10,425,500
10,426,500
10,427,500
10,428,500
10,429,500
10,430,500
10,431,500
10,432,500
10,433,500
10,434,500
10,435,500
10,436,500
10,437,500
10,438,500
10,439,500
10,440,500
10,441,500
10,442,500
10,443,500
10,444,500
10,445,500
10,446,500
10,447,500
10,448,500
10,449,500
10,450,500
10,451,500
10,452,500
10,453,500
10,454,500
10,455,500
10,456,500
10,457,500
10,458,500
10,459,500
10,460,500
10,461,500
10,462,500
10,463,500
10,464,500
10,465,500
10,466,500
10,467,500
10,468,500
10,469,500
10,470,500
10,471,500
10,472,500
10,473,500
10,474,500
10,475,500
10,476,500
10,477,500
10,478,500
10,479,500
10,480,500
10,481,500
10,482,500
10,483,500
10,484,500
10,485,500
10,486,500
10,487,500
10,488,500
10,489,500
10,490,500
10,491,500
10,492,500
10,493,500
10,494,500
10,495,500
10,496,500
10,497,500
10,498,500
10,499,500
10,500,500
10,501,500
10,502,500
10,503,500
10,504,500
10,505,500
10,506,500
10,507,500
10,508,500
10,509,500
10,510,500
10,511,500
10,512,500
10,513,500
10,514,500
10,515,500
10,516,500
10,517,500
10,518,500
10,519,500
10,520,500
10,521,500
10,522,500
10,523,500
10,524,500
10,525,500
10,526,500
10,527,500
10,528,500
10,529,500
10,530,500
10,531,500
10,532,500
10,533,500
10,534,500
10,535,500
10,536,500
10,537,500
10,538,500
10,539,500
10,540,500
10,541,500
10,542,500
10,543,500
10,544,500
10,545,500
10,546,500
10,547,500
10,548,500
10,549,500
10,550,500
10,551,500
10,552,500
10,553,500
10,554,500
10,555,500
10,556,500
10,557,500
10,558,500
10,559,500
10,560,500
10,561,500
10,562,500
10,563,500
10,564,500
10,565,500
10,566,500
10,567,500
10,568,500
10,569,500
10,570,500
10,571,500
10,572,500
10,573,500
10,574,500
10,575,500
10,576,500
10,577,500
10,578,500
10,579,500
10,580,500
10,581,500
10,582,500
10,583,500
10,584,500
10,585,500
10,586,500
10,587,500
10,588,500
10,589,500
10,590,500
10,591,500
10,592,500
10,593,500
10,594,500
10,595,500
10,596,500
10,597,500
10,598,500
10,599,500
10,600,500
10,601,500
10,602,500
10,603,500
10,604,500
10,605,500
10,606,500
10,607,500
10,608,500
10,609,500
10,610,500
10,611,500
10,612,500
10,613,500
10,614,500
10,615,500
10,616,500
10,617,500
10,618,500
10,619,500
10,620,500
10,621,500
10,622,500
10,623,500
10,624,500
10,625,500
10,626,500
10,627,500
10,628,500
10,629,500
10,630,500
10,631,500
10,632,500
10,633,500
10,634,500
10,635,500
10,636,500
10,637,500
10,638,500
10,639,500
10,640,500
10,641,500
10,642,500
10,643,500
10,644,500
10,645,500
10,646,500
10,647,500
10,648,500
10,649,500
10,650,500
10,651,500
10,652,500
10,653,500
10,654,500
10,655,500
10,656,500
10,657,500
10,658,500
10,659,500
10,660,500
10,661,500
10,662,500
10,663,500
10,664,500
10,665,500
10,666,500
10,667,500
10,668,500
10,669,500
10,670,500
10,671,500
10,672,500
10,673,500
10,674,500
10,675,500
10,676,500
10,677,500
10,678,500
10,679,500
10,680,500
10,681,500
10,682,500
10,683,500
10,684,500
10,685,500
10,686,500
10,687,500
10,688,500
10,689,500
10,690,500
10,691,500
10,692,500
10,693,500
10,694,500
10,695,500
10,696,500
10,697,500
10,698,500
10,699,500
10,700,500
10,701,500
10,702,500
10,703,500
10,704,500
10,705,500
10,706,500
10,707,500
10,708,500
10,709,500
10,710,500
10,711,500
10,712,500
10,713,500
10,714,500
10,715,500
10,716,500
10,717,500
10,718,500
10,719,500
10,720,500
10,721,500
10,722,500
10,723,500
10,724,500
10,725,500
10,726,500
10,727,500
10,728,500
10,729,500
10,730,500
10,731,500
10,732,500
10,733,500
10,734,500
10,735,500
10,736,500
10,737,500
10,738,500
10,739,500
10,740,500
10,741,500
10,742,500
10,743,500
10,744,500
10,745,500
10,746,500
10,747,500
10,748,500
10,749,500
10,750,500
10,751,500
10,752,500
10,753,500
10,754,500
10,755,500
10,756,500
10,757,500
10,758,500
10,759,500
10,760,500
10,761,500
10,762,500
10,763,500
10,764,500
10,765,500
10,766,500
10,767,500
10,768,500
10,769,500
10,770,500
10,771,500
10,772,500
10,773,500
10,774,500
10,775,500
10,776,500
10,777,500
10,778,500
10,779,500
10,780,500
10,781,500
10,782,500
10,783,500
10,784,500
10,785,500
10,786,500
10,787,500
10,788,500
10,789,500
10,790,500
10,791,500
10,792,500
10,793,500
10,794,500
10,795,500
10,796,500
10,797,500
10,798,500
10,799,500
10,800,500
10,801,500
10,802,500
10,803,500
10,804,500
10,805,500
10,806,500
10,807,500
10,808,500
10,809,500
10,810,500
10,811,500
10,812,500
10,813,500
10,814,500
10,815,500
10,816,500
10,817,500
10,818,500
10,819,500
10,820,500
10,821,500
10,822,500
10,823,500
10,824,500
10,825,500
10,826,500
10,827,500
10,828,500
10,829,500
10,830,500
10,831,500
10,832,500
10,833,500
10,834,500
10,835,500
10,836,500
10,837,500
10,838,500
10,839,500
10,840,500
10,841,500
10,842,500
10,843,500
10,844,500
10,845,500
10,846,500
10,847,500
10,848,500
10,849,500
10,850,500
10,851,500
10,852,500
10,853,500
10,854,500
10,855,500
10,856,500
10,857,500
10,858,500
10,859,500
10,860,500
10,861,500
10,862,500
10,863,500
10,864,500
10,865,500
10,866,500
10,867,500
10,868,500
10,869,500
10,870,500
10,871,500
10,872,500
10,873,500
10,874,500
10,875,500
10,876,500
10,877,500
10,878,500
10,879,500
10,880,500
10,881,500
10,882,500
10,883,500
10,884,500
10,885,500
10,886,500
10,887,500
10,888,500
10,889,500
10,890,500
10,891,500
10,892,500
10,893,500
10,894,500
10,895,500
10,896,500
10,897,500
10,898,500
10,899,500
10,900,500
10,901,500
10,902,500
10,903,500
10,904,500
10,905,500
10,906,500
10,907,500
10,908,500
10,909,500
10,910,500
10,911,500
10,912,500
10,913,500
10,914,500
10,915,500
10,916,500
10,917,500
10,918,500
10,919,500
10,920,500
10,921,500
10,922,500
10,923,500
10,924,500
10,925,500
10,926,500
10,927,500
10,928,500
10,929,500
10,930,500
10,931,500
10,932,500
10,933,500
10,934,500
10,935,500
10,936,500
10,937,500
10,938,500
10,939,500
10,940,500
10,941,500
10,942,500
10,943,500
10,944,500
10,945,500
10,946,500
10,947,500
10,948,500
10,949,500
10,950,500
10,951,500
10,952,500
10,953,500
10,954,500
10,955,500
10,956,500
10,957,500
10,958,500
10,959,500
10,960,500
10,961,500
10,962,500
10,963,500
10,964,500
10,965,500
10,966,500
10,967,500
10,968,500
10,969,500
10,970,500
10,971,500
10,972,500
10,973,500
10,974,500
10,975,500
10,976,500
10,977,500
10,978,500
10,979,500
10,980,500
10,981,500
10,982,500
10,983,500
10,984,500
10,985,500
10,986,500
10,987,500
10,988,500
10,989,500
10,990,500
10,991,500
10,992,500
10,993,500
10,994,500
10,995,500
10,996,500
10,997,500
10,998,500
10,999,500
10,1000,500
10,1001,500
10,1002,500
10,1003,500
10,1004,500
10,1005,500
10,1006,500
10,1007,500
10,1008,500
10,1009,500
10,1010,500
10,1011,500
10,1012,500
10,1013,500
10,1014,500
10,1015,500
10,1016,500
10,1017,500
10,1018,500
10,1019,500
10,1020,500
10,1021,500
10,1022,500
10,1023,500
10,1024,500
10,1025,500
10,1026,500
10,1027,500
10,1028,500
10,1029,500
10,1030,500
10,1031,500
10,1032,500
10,1033,500
10,1034,500
10,1035,500
10,1036,500
10,1037,500
10,1038,500
10,1039,500
10,1040,500
10,1041,500
10,1042,500
10,1043,500
10,1044,500
10,1045,500
10,1046,500
10,1047,500
10,1048,500
10,1049,500
10,1050,500
10,1051,500
10,1052,500
10,1053,500
10,1054,500
10,1055,500
10,1056,500
10,1057,500
10,1058,500
10,1059,500
10,1060,500
10,1061,500
10,1062,500
10,1063,500
10,1064,500
10,1065,500
10,1066,500
10,1067,500
10,1068,500
10,1069,500
10,1070,500
10,1071,500
10,1072,500
10,1073,500
10,1074,500
10,1075,500
10,1076,500
10,1077,500
10,1078,500
10,1079,500
10,1080,500
10,1081,500
10,1082,500
10,1083,500
10,1084,500
10,1085,500
10,1086,500
10,1087,500
10,1088,500
10,1089,500
10,1090,500
10,1091,500
10,1092,500
10,1093,500
10,1094,500
10,1095,500
10,1096,500
10,1097,500
10,1098,500
10,1099,500
10,1100,500
10,1101,500
10,1102,500
10,1103,500
10,1104,500
10,1105,500
10,1106,500
10,1107,500
10,1108,500
10,1109,500
10,1110,500
10,1111,500
10,1112,500
10,1113,500
10,1114,500
10,1115,500
10,1116,500
10,1117,500
10,1118,500
10,1119,500
10,1120,500
10,1121,500
10,1122,500
10,1123,500
10,1124,500
10,1125,500
10,1126,500
10,1127,500
10,1128,500
10,1129,500
10,1130,500
10,1131,500
10,1132,500
10,1133,500
10,1134,500
10,1135,500
10,1136,500
10,1137,500
10,1138,500
10,1139,500
10,1140,500
10,1141,500
10,1142,500
10,1143,500
10,1144,500
10,1145,500
10,1146,500
10,1147,500
10,1148,500
10,1149,500
10,1150,500
10,1151,500
10,1152,500
10,1153,500
10,1154,500
10,1155,500
10,1156,500
10,1157,500
10,1158,500
10,1159,500
10,1160,500
10,1161,500
10,1162,500
10,1163,500
10,1164,500
10,1165,500
10,1166,500
10,1167,500
10,1168,500
10,1169,500
10,1170,500
10,1171,500
10,1172,500
10,1173,500
10,1174,500
10,1175,500
10,1176,500
10,1177,500
10,1178,500
10,1179,500
10,1180,500
10,1181,500
10,1182,500
10,1183,500
10,1184,500
10,1185,500
10,1186,500
10,1187,500
10,1188,500
10,1189,500
10,1190,500
10,1191,500
10,1192,500
10,1193,500
10,1194,500
10,1195,500
10,1196,500
10,1197,500
10,1198,500
10,1199,500
10,1200,500
10,1201,500
10,1202,500
10,1203,500
10,1204,500
10,1205,500
10,1206,500
10,1207,500
10,1208,500
10,1209,500
10,1210,500
10,1211,500
10,1212,500
10,1213,500
10,1214,500
10,1215,500
10,1216,500
10,1217,500
10,1218,500
10,1219,500
10,1220,500
10,1221,500
10,1222,500
10,1223,500
10,1224,500
10,1225,500
10,1226,500
10,1227,500
10,1228,500
10,1229,500
10,1230,500
10,1231,500
10,1232,500
10,1233,500
10,1234,500
10,1235,500
10,1236,500
10,1237,500
10,1238,500
10,1239,500
10,1240,500
10,1241,500
10,1242,500
10,1243,500
10,1244,500
10,1245,500
10,1246,500
10,1247,500
10,1248,500
10,1249,500
10,1250,500
10,1251,500
10,1252,500
10,1253,500
10,1254,500
10,1255,500
10,1256,500
10,1257,500
10,1258,500
10,1259,500
10,1260,500
10,1261,500
10,1262,500
10,1263,500
10,1264,500
10,1265,500
10,1266,500
10,1267,500
10,1268,500
10,1269,500
10,1270,500
10,1271,500
10,1272,500
10,1273,500
10,1274,500
10,1275,500
10,1276,500
10,1277,500
10,1278,500
10,1279,500
10,1280,500
10,1281,500
10,1282,500
10,1283,500
10,1284,500
10,1285,500
10,1286,500
10,1287,500
10,1288,500
10,1289,500
10,1290,500
10,1291,500
10,1292,500
10,1293,500
10,1294,500
10,1295,500
10,1296,500
10,1297,500
10,1298,500
10,1299,500
10,1300,500
10,1301,500
10,1302,500
10,1303,500
10,1304,500
10,1305,500
10,1306,500
10,1307,500
10,1308,500
10,1309,500
10,1310,500
10,1311,500
10,1312,500
10,1313,500
10,1314,500
10,1315,500
10,1316,500
10,1317,500
10,1318,500
10,1319,500
10,1320,500
10,1321,500
10,1322,500
10,1323,500
10,1324,500
10,1325,500
10,1326,500
10,1327,500
10,1328,500
10,1329,500
10,1330,500
10,1331,500
10,1332,500
10,1333,500
10,1334,500
10,1335,500
10,1336,500
10,1337,500
10,1338,500
10,1339,500
10,1340,500
10,1341,500
10,1342,500
10,1343,500
10,1344,500
10,1345,500
10,1346,500
10,1347,500
10,1348,500
10,1349,500
10,1350,500
10,1351,500
10,1352,500
10,1353,500
10,1354,500
10,1355,500
10,1356,500
10,1357,500
10,1358,500
10,1359,500
10,1360,500
10,1361,500
10,1362,500
10,1363,500
10,1364,500
10,1365,500
10,1366,500
10,1367,500
10,1368,500
10,1369,500
10,1370,500
10,1371,500
10,1372,500
10,1373,500
10,1374,500
10,1375,500
10,1376,500
10,1377,500
10,1378,500
10,1379,500
10,1380,500
10,1381,500
10,1382,500
10,1383,500
10,1384,500
10,1385,500
10,1386,500
10,1387,500
10,1388,500
10,1389,500
10,1390,500
10,1391,500
10,1392,500
10,1393,500
10,1394,500
10,1395,500
10,1396,500
10,1397,500
10,1398,500
10,1399,500
10,1400,500
10,1401,500
10,1402,500
10,1403,500
10,1404,500
10,1405,500
10,1406,500
10,1407,500
10,1408,500
10,1409,500
10,1410,500
10,1411,500
10,1412,500
10,1413,500
10,1414,500
10,1415,500
10,1416,500
10,1417,500
10,1418,500
10,1419,500
10,1420,500
10,1421,500
10,1422,500
10,1423,500
10,1424,500
10,1425,500
10,1426,500
10,1427,500
10,1428,500
10,1429,500
10,1430,500
10,1431,500
10,1432,500
10,1433,500
10,1434,500
10,1435,500
10,1436,500
10,1437,500
10,1438,500
10,1439,500
10,1440,500
10,1441,500
10,1442,500
10,1443,500
10,1444,500
10,1445,500
10,1446,500
10,1447,500
10,1448,500
10,1449,500
10,1450,500
10,1451,500
10,1452,500
10,1453,500
10,1454,500
10,1455,500
10,1456,500
10,1457,500
10,1458,500
10,1459,500
10,1460,500
10,1461,500
10,1462,500
10,1463,500
10,1464,500
10,1465,500
10,1466,500
10,1467,500
10,1468,500
10,1469,500
10,1470,500
10,1471,500
10,1472,500
10,1473,500
10,1474,500
10,1475,500
10,1476,500
10,1477,500
10,1478,500
10,1479,500
10,1480,500
10,1481,500
10,1482,500
10,1483,500
10,1484,500
10,1485,500
10,1486,500
10,1487,500
10,1488,500
10,1489,500
10,1490,500
10,1491,500
10,1492,500
10,1493,500
10,1494,500
10,1495,500
10,1496,500
10,1497,500
10,1498,500
10,1499,500
10,1500,500
10,1501,500
10,1502,500
10,1503,500
10,1504,500
10,1505,500
10,1506,500
10,1507,500
10,1508,500
10,1509,500
10,1510,500
10,1511,500
10,1512,500
10,1513,500
10,1514,500
10,1515,500
10,1516,500
10,1517,500
10,1518,500
10,1519,500
10,1520,500
10,1521,500
10,1522,500
10,1523,500
10,1524,500
10,1525,500
10,1526,500
10,1527,500
10,1528,500
10,1529,500
10,1530,500
10,1531,500
10,1532,500
10,1533,500
10,1534,500
10,1535,500
10,1536,500
10,1537,500
10,1538,500
10,1539,500
10,1540,500
10,1541,500
10,1542,500
10,1543,500
10,1544,500
10,1545,500
10,1546,500
10,1547,500
10,1548,500
10,1549,500
10,1550,500
10,1551,500
10,1552,500
10,1553,500
10,1554,500
10,1555,500
10,1556,500
10,1557,500
10,1558,500
10,1559,500
10,1560,500
10,1561,500
10,1562,500
10,1563,500
10,1564,500
10,1565,500
10,1566,500
10,1567,500
10,1568,500
10,1569,500
10,1570,500
10,1571,500
10,1572,500
10,1573,500
10,1574,500
10,1575,500
10,1576,500
10,1577,500
10,1578,500
10,1579,500
10,1580,500
10,1581,500
10,1582,500
10,1583,500
10,1584,500
10,1585,500
10,1586,500
10,1587,500
10,1588,500
10,1589,500
10,1590,500
10,1591,500
10,1592,500
10,1593,500
10,1594,500
10,1595,500
10,1596,500
10,1597,500
10,1598,500
10,1599,500
10,1600,500
10,1601,500
10,1602,500
10,1603,500
10,1604,500
10,1605,500
10,1606,500
10,1607,500
10,1608,500
10,1609,500
10,1610,500
10,1611,500
10,1612,500
10,1613,500
10,1614,500
10,1615,500
10,1616,500
10,1617,500
10,1618,500
10,1619,500
10,1620,500
10,1621,500
10,1622,500
10,1623,500
10,1624,500
10,1625,500
10,1626,500
10,1627,500
10,1628,500
10,1629,500
10,1630,500
10,1631,500
10,1632,500
10,1633,500
10,1634,500
10,1635,500
10,1636,500
10,1637,500
10,1638,500
10,1639,500
10,1640,500
10,1641,500
10,1642,500
10,1643,500
10,1644,500
10,1645,500
10,1646,500
10,1647,500
10,1648,500
10,1649,500
10,1650,500
10,1651,500
10,1652,500
10,1653,500
10,1654,500
10,1655,500
10,1656,500
10,1657,500
10,1658,500
10,1659,500
10,1660,500
10,1661,500
10,1662,500
10,1663,500
10,1664,500
10,1665,500
10,1666,500
10,1667,500
10,1668,500
10,1669,500
10,1670,500
10,1671,500
10,1672,500
10,1673,500
10,1674,500
10,1675,500
10,1676,500
10,1677,500
10,1678,500
10,1679,500
10,1680,500
10,1681,500
10,1682,500
10,1683,500
10,1684,500
10,1685,500
10,1686,500
10,1687,500
10,1688,500
10,1689,500
10,1690,500
10,1691,500
10,1692,500
10,1693,500
10,1694,500
10,1695,500
10,1696,500
10,1697,500
10,1698,500
10,1699,500
10,1700,500
10,1701,500
10,1702,500
10,1703,500
10,1704,500
10,1705,500
10,1706,500
10,1707,500
10,1708,500
10,1709,500
10,1710,500
10,1711,500
10,1712,500
10,1713,500
10,1714,500
10,1715,500
10,1716,500
10,1717,500
10,1718,500
10,1719,500
10,1720,500
10,1721,500
10,1722,500
10,1723,500
10,1724,500
10,1725,500
10,1726,500
10,1727,500
10,1728,500
10,1729,500
10,1730,500
10,1731,500
10,1732,500
10,1733,500
10,1734,500
10,1735,500
10,1736,500
10,1737,500
10,1738,500
10,1739,500
10,1740,500
10,1741,500
10,1742,500
10,1743,500
10,1744,500
10,1745,500
10,1746,500
10,1747,500
10,1748,500
10,1749,500
10,1750,500
10,1751,500
10,1752,500
10,1753,500
10,1754,500
10,1755,500
10,1756,500
10,1757,500
10,1758,500
10,1759,500
10,1760,500
10,1761,500
10,1762,500
10,1763,500
10,1764,500
10,1765,500
10,1766,500
10,1767,500
10,1768,500
10,1769,500
10,1770,500
10,1771,500
10,1772,500
10,1773,500
10,1774,500
10,1775,500
10,1776,500
10,1777,500
10,1778,500
10,1779,500
10,1780,500
10,1781,500
10,1782,500
10,1783,500
10,1784,500
10,1785,500
10,1786,500
10,1787,500
10,1788,500
10,1789,500
10,1790,500
10,1791,500
10,1792,500
10,1793,500
10,1794,500
10,1795,500
10,1796,500
10,1797,500
10,1798,500
10,1799,500
10,1800,500
10,1801,500
10,1802,500
10,1803,500
10,1804,500
10,1805,500
10,1806,500
10,1807,500
10,1808,500
10,1809,500
10,1810,500
10,1811,500
10,1812,500
10,1813,500
10,1814,500
10,1815,500
10,1816,500
10,1817,500
10,1818,500
10,1819,500
10,1820,500
10,1821,500
10,1822,500
10,1823,500
10,1824,500
10,1825,500
10,1826,500
10,1827,500
10,1828,500
10,1829,500
10,1830,500
10,1831,500
10,1832,500
10,1833,500
10,1834,500
10,1835,500
10,1836,500
10,1837,500
10,1838,500
10,1839,500
10,1840,500
10,1841,500
10,1842,500
10,1843,500
10,1844,500
10,1845,500
10,1846,500
10,1847,500
10,1848,500
10,1849,500
10,1850,500
10,1851,500
10,1852,500
10,1853,500
10,1854,500
10,1855,500
10,1856,500
10,1857,500
10,1858,500
10,1859,500
10,1860,500
10,1861,500
10,1862,500
10,1863,500
10,1864,500
10,1865,500
10,1866,500
10,1867,500
10,1868,500
10,1869,500
10,1870,500
10,1871,500
10,1872,500
10,1873,500
10,1874,500
10,1875,500
10,1876,500
10,1877,500
10,1878,500
10,1879,500
10,1880,500
10,1881,500
10,1882,500
10,1883,500
10,1884,500
10,1885,500
10,1886,500
10,1887,500
10,1888,500
10,1889,500
10,1890,500
10,1891,500
10,1892,500
10,1893,500
10,1894,500
10,1895,500
10,1896,500
10,1897,500
10,1898,500
10,1899,500
10,1900,500
10,1901,500
10,1902,500
10,1903,500
10,1904,500
10,1905,500
10,1906,500
10,1907,500
10,1908,500
10,1909,500
10,1910,500
10,1911,500
10,1912,500
10,1913,500
10,1914,500
10,1915,500
10,1916,500
10,1917,500
10,1918,500
10,1919,500
10,1920,500
10,1921,500
10,1922,500
10,1923,500
10,1924,500
10,1925,500
10,1926,500
10,1927,500
10,1928,500
10,1929,500
10,1930,500
10,1931,500
10,1932,500
10,1933,500
10,1934,500
10,1935,500
10,1936,500
10,1937,500
10,1938,500
10,1939,500
10,1940,500
10,1941,500
10,1942,500
10,1943,500
10,1944,500
10,1945,500
10,1946,500
10,1947,500
10,1948,500
10,1949,500
10,1950,500
10,1951,500
10,1952,500
10,1953,500
10,1954,500
10,1955,500
10,1956,500
10,1957,500
10,1958,500
10,1959,500
10,1960,500
10,1961,500
10,1962,500
10,1963,500
10,1964,500
10,1965,500
10,1966,500
10,1967,500
10,1968,500
10,1969,500
10,1970,500
10,1971,500
10,1972,500
10,1973,500
10,1974,500
10,1975,500
10,1976,500
10,1977,500
10,1978,500
10,1979,500
10,1980,500
10,1981,500
10,1982,500
10,1983,500
10,1984,500
10,1985,500
10,1986,500
10,1987,500
10,1988,500
10,1989,500
10,1990,500
10,1991,500
10,1992,500
10,1993,500
10,1994,500
10,1995,500
10,1996,500
10,1997,500
10,1998,500
10,1999,500
10,2000,500
10,2001,500
10,2002,500
10,2003,500
10,2004,500
10,2005,500
10,2006,500
10,2007,500
10,2008,500
10,2009,500
10,2010,500
10,2011,500
10,2012,500
10,2013,500
10,2014,500
10,2015,500
10,2016,500
10,2017,500
10,2018,500
10,2019,500
10,2020,500
10,2021,500
10,2022,500
10,2023,500
10,2024,500
10,2025,500
10,2026,500
10,2027,500
10,2028,500
10,2029,500
10,2030,500
10,2031,500
10,2032,500
10,2033,500
10,2034,500
10,2035,500
10,2036,500
10,2037,500
10,2038,500
10,2039,500
10,2040,500
10,2041,500
10,2042,500
10,2043,500
10,2044,500
10,2045,500
10,2046,500
10,2047,500
10,2048,500
10,2049,500
10,2050,500
10,2051,500
10,2052,500
10,2053,500
10,2054,500
10,2055,500
10,2056,500
10,2057,500
10,2058,500
10,2059,500
10,2060,500
10,2061,500
10,2062,500
10,2063,500
10,2064,500
10,2065,500
10,2066,500
10,2067,500
10,2068,500
10,2069,500
10,2070,500
10,2071,500
10,2072,500
10,2073,500
10,2074,500
10,2075,500
10,2076,500
10,2077,500
10,2078,500
10,2079,500
10,2080,500
10,2081,500
10,2082,500
10,2083,500
10,2084,500
10,2085,500
10,2086,500
10,2087,500
10,2088,500
10,2089,500
10,2090,500
10,2091,500
10,2092,500
10,2093,500
10,2094,500
10,2095,500
10,2096,500
10,2097,500
10,2098,500
10,2099,500
10,2100,500
10,2101,500
10,2102,500
10,2103,500
10,2104,500
10,2105,500
10,2106,500
10,2107,500
10,2108,500
10,2109,500
10,2110,500
10,2111,500
10,2112,500
10,2113,500
10,2114,500
10,2115,500
10,2116,500
10,2117,500
10,2118,500
10,2119,500
10,2120,500
10,2121,500
10,2122,500
10,2123,500
10,2124,500
10,2125,500
10,2126,500
10,2127,500
10,2128,500
10,2129,500
10,2130,500
10,2131,500
10,2132,500
10,2133,500
10,2134,500
10,2135,500
10,2136,500
10,2137,500
10,2138,500
10,2139,500
10,2140,500
10,2141,500
10,2142,500
10,2143,500
10,2144,500
10,2145,500
10,2146,500
10,2147,500
10,2148,500
10,2149,500
10,2150,500
10,2151,500
10,2152,500
10,2153,500
10,2154,500
10,2155,500
10,2156,500
10,2157,500
10,2158,500
10,2159,500
10,2160,500
10,2161,500
10,2162,500
10,2163,500
10,2164,500
10,2165,500
10,2166,500
10,2167,500
10,2168,500
10,2169,500
10,2170,500
10,2171,500
10,2172,500
10,2173,500
10,2174,500
10,2175,500
10,2176,500
10,2177,500
10,2178,500
10,2179,500
10,2180,500
10,2181,500
10,2182,500
10,2183,500
10,2184,500
10,2185,500
10,2186,500
10,2187,500
10,2188,500
10,2189,500
10,2190,500
10,2191,500
10,2192,500
10,2193,500
10,2194,500
10,2195,500
10,2196,500
10,2197,500
10,2198,500
10,2199,500
10,2200,500
10,2201,500
10,2202,500
10,2203,500
10,2204,500
10,2205,500
10,2206,500
10,2207,500
10,2208,500
10,2209,500
10,2210,500
10,2211,500
10,2212,500
10,2213,500
10,2214,500
10,2215,500
10,2216,500
10,2217,500
10,2218,500
10,2219,500
10,2220,500
10,2221,500
10,2222,500
10,2223,500
10,2224,500
10,2225,500
10,2226,500
10,2227,500
10,2228,500
10,2229,500
10,2230,500
10,2231,500
10,2232,500
10,2233,500
10,2234,500
10,2235,500
10,2236,500
10,2237,500
10,2238,500
10,2239,500
10,2240,500
10,2241,500
10,2242,500
10,2243,500
10,2244,500
10,2245,500
10,2246,500
10,2247,500
10,2248,500
10,2249,500
10,2250,500
10,2251,500
10,2252,500
10,2253,500
10,2254,500
10,2255,500
10,2256,500
10,2257,500
10,2258,500
10,2259,500
10,2260,500
10,2261,500
10,2262,500
10,2263,500
10,2264,500
10,2265,500
10,2266,500
10,2267,500
10,2268,500
10,2269,500
10,2270,500
10,2271,500
10,2272,500
10,2273,500
10,2274,500
10,2275,500
10,2276,500
10,2277,500
10,2278,500
10,2279,500
10,2280,500
10,2281,500
10,2282,500
10,2283,500
10,2284,500
10,2285,500
10,2286,500
10,2287,500
10,2288,500
10,2289,500
10,2290,500
10,2291,500
10,2292,500
10,2293,500
10,2294,500
10,2295,500
10,2296,500
10,2297,500
10,2298,500
10,2299,500
10,2300,500
10,2301,500
10,2302,500
10,2303,500
10,2304,500
10,2305,500
10,2306,500
10,2307,500
10,2308,500
10,2309,500
10,2310,500
10,2311,500
10,2312,500
10,2313,500
10,2314,500
10,2315,500
10,2316,500
10,2317,500
10,2318,500
10,2319,500
10,2320,500
10,2321,500
10,2322,500
10,2323,500
10,2324,500
10,2325,500
10,2326,500
10,2327,500
10,2328,500
10,2329,500
10,2330,500
10,2331,500
10,2332,500
10,2333,500
10,2334,500
10,2335,500
10,2336,500
10,2337,500
10,2338,500
10,2339,500
10,2340,500
10,2341,500
10,2342,500
10,2343,500
10,2344,500
10,2345,500
10,2346,500
10,2347,500
10,2348,500
10,2349,500
10,2350,500
10,2351,500
10,2352,500
10,2353,500
10,2354,500
10,2355,500
10,2356,500
10,2357,500
10,2358,500
10,2359,500
10,2360,500
10,2361,500
10,2362,500
10,2363,500
10,2364,500
10,2365,500
10,2366,500
10,2367,500
10,2368,500
10,2369,500
10,2370,500
10,2371,500
10,2372,500
10,2373,500
10,2374,500
10,2375,500
10,2376,500
10,2377,500
10,2378,500
10,2379,500
10,2380,500
10,2381,500
10,2382,500
10,2383,500
10,2384,500
10,2385,500
10,2386,500
10,2387,500
10,2388,500
10,2389,500
10,2390,500
10,2391,500
10,2392,500
10,2393,500
10,2394,500
10,2395,500
10,2396,500
10,2397,500
10,2398,500
10,2399,500
10,2400,500
10,2401,500
10,2402,500
10,2403,500
10,2404,500
10,2405,500
10,2406,500
10,2407,500
10,2408,500
10,2409,500
10,2410,500
10,2411,500
10,2412,500
10,2413,500
10,2414,500
10,2415,500
10,2416,500
10,2417,500
10,2418,500
10,2419,500
10,2420,500
10,2421,500
10,2422,500
10,2423,500
10,2424,500
10,2425,500
10,2426,500
10,2427,500
10,2428,500
10,2429,500
10,2430,500
10,2431,500
10,2432,500
10,2433,500
10,2434,500
10,2435,500
10,2436,500
10,2437,500
10,2438,500
10,2439,500
10,2440,500
10,2441,500
10,2442,500
10,2443,500
10,2444,500
10,2445,500
10,2446,500
10,2447,500
10,2448,500
10,2449,500
10,2450,500
10,2451,500
10,2452,500
10,2453,500
10,2454,500
10,2455,500
10,2456,500
10,2457,500
10,2458,500
10,2459,500
10,2460,500
10,2461,500
10,2462,500
10,2463,500
10,2464,500
10,2465,500
10,2466,500
10,2467,500
10,2468,500
10,2469,500
10,2470,500
10,2471,500
10,2472,500
10,2473,500
10,2474,500
10,2475,500
10,2476,500
10,2477,500
10,2478,500
10,2479,500
10,2480,500
10,2481,500
10,2482,500
10,2483,500
10,2484,500
10,2485,500
10,2486,500
10,2487,500
10,2488,500
10,2489,500
10,2490,500
10,2491,500
10,2492,500
10,2493,500
10,2494,500
10,2495,500
10,2496,500
10,2497,500
10,2498,500
10,2499,500
10,2500,500
10,2501,500
10,2502,500
10,2503,500
10,2504,500
10,2505,500
10,2506,500
10,2507,500
10,2508,500
10,2509,500
10,2510,500
10,2511,500
10,2512,500
10,2513,500
10,2514,500
10,2515,500
10,2516,500
10,2517,500
10,2518,500
10,2519,500
10,2520,500
10,2521,500
10,2522,500
10,2523,500
10,2524,500
10,2525,500
10,2526,500
10,2527,500
10,2528,500
10,2529,500
10,2530,500
10,2531,500
10,2532,500
10,2533,500
10,2534,500
10,2535,500
10,2536,500
10,2537,500
10,2538,500
10,2539,500
10,2540,500
10,2541,500
10,2542,500
10,2543,500
10,2544,500
10,2545,500
10,2546,500
10,2547,500
10,2548,500
10,2549,500
10,2550,500
10,2551,500
10,2552,500
10,2553,500
10,2554,500
10,2555,500
10,2556,500
10,2557,500
10,2558,500
10,2559,500
10,2560,500
10,2561,500
10,2562,500
10,2563,500
10,2564,500
10,2565,500
10,2566,500
10,2567,500
10,2568,500
10,2569,500
10,2570,500
10,2571,500
10,2572,500
10,2573,500
10,2574,500
10,2575,500
10,2576,500
10,2577,500
10,2578,500
10,2579,500
10,2580,500
10,2581,500
10,2582,500
10,2583,500
10,2584,500
10,2585,500
10,2586,500
10,2587,500
10,2588,500
10,2589,500
10,2590,500
10,2591,500
10,2592,500
10,2593,500
10,2594,500
10,2595,500
10,2596,500
10,2597,500
10,2598,500
10,2599,500
10,2600,500
10,2601,500
10,2602,500
10,2603,500
10,2604,500
10,2605,500
10,2606,500
10,2607,500
10,2608,500
10,2609,500
10,2610,500
10,2611,500
10,2612,500
10,2613,500
10,2614,500
10,2615,500
10,2616,500
10,2617,500
10,2618,500
10,2619,500
10,2620,500
10,2621,500
10,2622,500
10,2623,500
10,2624,500
10,2625,500
10,2626,500
10,2627,500
10,2628,500
10,2629,500
10,2630,500
10,2631,500
10,2632,500
10,2633,500
10,2634,500
10,2635,500
10,2636,500
10,2637,500
10,2638,500
10,2639,500
10,2640,500
10,2641,500
10,2642,500
10,2643,500
10,2644,500
10,2645,500
10,2646,500
10,2647,500
10,2648,500
10,2649,500
10,2650,500
10,2651,500
10,2652,500
10,2653,500
10,2654,500
10,2655,500
10,2656,500
10,2657,500
10,2658,500
10,2659,500
10,2660,500
10,2661,500
10,2662,500
10,2663,500
10,2664,500
10,2665,500
10,2666,500
10,2667,500
10,2668,500
10,2669,500
10,2670,500
10,2671,500
10,2672,500
10,2673,500
10,2674,500
10,2675,500
10,2676,500
10,2677,500
10,2678,500
10,2679,500
10,2680,500
10,2681,500
10,2682,500
10,2683,500
10,2684,500
10,2685,500
10,2686,500
10,2687,500
10,2688,500
10,2689,500
10,2690,500
10,2691,500
10,2692,500
10,2693,500
10,2694,500
10,2695,500
10,2696,500
10,2697,500
10,2698,500
10,2699,500
10,2700,500
10,2701,500
10,2702,500
10,2703,500
10,2704,500
10,2705,500
10,2706,500
10,2707,500
10,2708,500
10,2709,500
10,2710,500
10,2711,500
10,2712,500
10,2713,500
10,2714,500
10,2715,500
10,2716,500
10,2717,500
10,2718,500
10,2719,500
10,2720,500
10,2721,500
10,2722,500
10,2723,500
10,2724,500
10,2725,500
10,2726,500
10,2727,500
10,2728,500
10,2729,500
10,2730,500
10,2731,500
10,2732,500
10,2733,500
10,2734,500
10,2735,500
10,2736,500
10,2737,500
10,2738,500
10,2739,500
10,2740,500
10,2741,500
10,2742,500
10,2743,500
10,2744,500
10,2745,500
10,2746,500
10,2747,500
10,2748,500
10,2749,500
10,2750,500
10,2751,500
10,2752,500
10,2753,500
10,2754,500
10,2755,500
10,2756,500
10,2757,500
10,2758,500
10,2759,500
10,2760,500
10,2761,500
10,2762,500
10,2763,500
10,2764,500
10,2765,500
10,2766,500
10,2767,500
10,2768,500
10,2769,500
10,2770,500
10,2771,500
10,2772,500
10,2773,500
10,2774,500
10,2775,500
10,2776,500
10,2777,500
10,2778,500
10,2779,500
10,2780,500
10,2781,500
10,2782,500
10,2783,500
10,2784,500
10,2785,500
10,2786,500
10,2787,500
10,2788,500
10,2789,500
10,2790,500
10,2791,500
10,2792,500
10,2793,500
10,2794,500
10,2795,500
10,2796,500
10,2797,500
10,2798,500
10,2799,500
10,2800,500
10,2801,500
10,2802,500
10,2803,500
10,2804,500
10,2805,500
10,2806,500
10,2807,500
10,2808,500
10,2809,500
10,2810,500
10,2811,500
10,2812,500
10,2813,500
10,2814,500
10,2815,500
10,2816,500
10,2817,500
10,2818,500
10,2819,500
10,2820,500
10,2821,500
10,2822,500
10,2823,500
10,2824,500
10,2825,500
10,2826,500
10,2827,500
10,2828,500
10,2829,500
10,2830,500
10,2831,500
10,2832,500
10,2833,500
10,2834,500
10,2835,500
10,2836,500
10,2837,500
10,2838,500
10,2839,500
10,2840,500
10,2841,500
10,2842,500
10,2843,500
10,2844,500
10,2845,500
10,2846,500
10,2847,500
10,2848,500
10,2849,500
10,2850,500
10,2851,500
10,2852,500
10,2853,500
10,2854,500
10,2855,500
10,2856,500
10,2857,500
10,2858,500
10,2859,500
10,2860,500
10,2861,500
10,2862,500
10,2863,500
10,2864,500
10,2865,500
10,2866,500
10,2867,500
10,2868,500
10,2869,500
10,2870,500
10,2871,500
10,2872,500
10,2873,500
10,2874,500
10,2875,500
10,2876,500
10,2877,500
10,2878,500
10,2879,500
10,2880,500
10,2881,500
10,2882,500
10,2883,500
10,2884,500
10,2885,500
10,2886,500
10,2887,500
10,2888,500
10,2889,500
10,2890,500
10,2891,500
10,2892,500
10,2893,500
10,2894,500
10,2895,500
10,2896,500
10,2897,500
10,2898,500
10,2899,500
10,2900,500
10,2901,500
10,2902,500
10,2903,500
10,2904,500
10,2905,500
10,2906,500
10,2907,500
10,2908,500
10,2909,500
10,2910,500
10,2911,500
10,2912,500
10,2913,500
10,2914,500
10,2915,500
10,2916,500
10,2917,500
10,2918,500
10,2919,500
10,2920,500
10,2921,500
10,2922,500
10,2923,500
10,2924,500
10,2925,500
10,2926,500
10,2927,500
10,2928,500
10,2929,500
10,2930,500
10,2931,500
10,2932,500
10,2933,500
10,2934,500
10,2935,500
10,2936,500
10,2937,500
10,2938,500
10,2939,500
10,2940,500
10,2941,500
10,2942,500
10,2943,500
10,2944,500
10,2945,500
10,2946,500
10,2947,500
10,2948,500
10,2949,500
10,2950,500
10,2951,500
10,2952,500
10,2953,500
10,2954,500
10,2955,500
10,2956,500
10,2957,500
10,2958,500
10,2959,500
10,2960,500
10,2961,500
10,2962,500
10,2963,500
10,2964,500
10,2965,500
10,2966,500
10,2967,500
10,2968,500
10,2969,500
10,2970,500
10,2971,500
10,2972,500
10,2973,500
10,2974,500
10,2975,500
10,2976,500
10,2977,500
10,2978,500
10,2979,500
10,2980,500
10,2981,500
10,2982,500
10,2983,500
10,2984,500
10,2985,500
10,2986,500
10,2987,500
10,2988,500
10,2989,500
10,2990,500
10,2991,500
10,2992,500
10,2993,500
10,2994,500
10,2995,500
10,2996,500
10,2997,500
10,2998,500
10,2999,500
10,3000,500
10,3001,500
10,3002,500
10,3003,500
10,3004,500
10,3005,500
10,3006,500
10,3007,500
10,3008,500
10,3009,500
10,3010,500
10,3011,500
10,3012,500
10,3013,500
10,3014,500
10,3015,500
10,3016,500
10,3017,500
10,3018,500
10,3019,500
10,3020,500
10,3021,500
10,3022,500
10,3023,500
10,3024,500
10,3025,500
10,3026,500
10,3027,500
10,3028,500
10,3029,500
10,3030,500
10,3031,500
10,3032,500
10,3033,500
10,3034,500
10,3035,500
10,3036,500
10,3037,500
10,3038,500
10,3039,500
10,3040,500
10,3041,500
10,3042,500
10,3043,500
10,3044,500
10,3045,500
10,3046,500
10,3047,500
10,3048,500
10,3049,500
10,3050,500
10,3051,500
10,3052,500
10,3053,500
10,3054,500
10,3055,500
10,3056,500
10,3057,500
10,3058,500
10,3059,500
10,3060,500
10,3061,500
10,3062,500
10,3063,500
10,3064,500
10,3065,500
10,3066,500
10,3067,500
10,3068,500
10,3069,500
10,3070,500
10,3071,500
10,3072,500
10,3073,500
10,3074,500
10,3075,500
10,3076,500
10,3077,500
10,3078,500
10,3079,500
10,3080,500
10,3081,500
10,3082,500
10,3083,500
10,3084,500
10,3085,500
10,3086,500
10,3087,500
10,3088,500
10,3089,500
10,3090,500
10,3091,500
10,3092,500
10,3093,500
10,3094,500
10,3095,500
10,3096,500
10,3097,500
10,3098,500
10,3099,500
10,3100,500
10,3101,500
10,3102,500
10,3103,500
10,3104,500
10,3105,500
10,3106,500
10,3107,500
10,3108,500
10,3109,500
10,3110,500
10,3111,500
10,3112,500
10,3113,500
10,3114,500
10,3115,500
10,3116,500
10,3117,500
10,3118,500
10,3119,500
10,3120,500
10,3121,500
10,3122,500
10,3123,500
10,3124,500
10,3125,500
10,3126,500
10,3127,500
10,3128,500
10,3129,500
10,3130,500
10,3131,500
10,3132,500
10,3133,500
10,3134,500
10,3135,500
10,3136,500
10,3137,500
10,3138,500
10,3139,500
10,3140,500
10,3141,500
10,3142,500
10,3143,500
10,3144,500
10,3145,500
10,3146,500
10,3147,500
10,3148,500
10,3149,500
10,3150,500
10,3151,500
10,3152,500
10,3153,500
10,3154,500
10,3155,500
10,3156,500
10,3157,500
10,3158,500
10,3159,500
10,3160,500
10,3161,500
10,3162,500
10,3163,500
10,3164,500
10,3165,500
10,3166,500
10,3167,500
10,3168,500
10,3169,500
10,3170,500
10,3171,500
10,3172,500
10,3173,500
10,3174,500
10,3175,500
10,3176,500
10,3177,500
10,3178,500
10,3179,500
10,3180,500
10,3181,500
10,3182,500
10,3183,500
10,3184,500
10,3185,500
10,3186,500
10,3187,500
10,3188,500
10,3189,500
10,3190,500
10,3191,500
10,3192,500
10,3193,500
10,3194,500
10,3195,500
10,3196,500
10,3197,500
10,3198,500
10,3199,500
10,3200,500
10,3201,500
10,3202,500
10,3203,500
10,3204,500
10,3205,500
10,3206,500
10,3207,500
10,3208,500
10,3209,500
10,3210,500
10,3211,500
10,3212,500
10,3213,500
10,3214,500
10,3215,500
10,3216,500
10,3217,500
10,3218,500
10,3219,500
10,3220,500
10,3221,500
10,3222,500
10,3223,500
10,3224,500
10,3225,500
10,3226,500
10,3227,500
10,3228,500
10,3229,500
10,3230,500
10,3231,500
10,3232,500
10,3233,500
10,3234,500
10,3235,500
10,3236,500
10,3237,500
10,3238,500
10,3239,500
10,3240,500
10,3241,500
10,3242,500
10,3243,500
10,3244,500
10,3245,500
10,3246,500
10,3247,500
10,3248,500
10,3249,500
10,3250,500
10,3251,500
10,3252,500
10,3253,500
10,3254,500
10,3255,500
10,3256,500
10,3257,500
10,3258,500
10,3259,500
10,3260,500
10,3261,500
10,3262,500
10,3263,500
10,3264,500
10,3265,500
10,3266,500
10,3267,500
10,3268,500
10,3269,500
10,3270,500
10,3271,500
10,3272,500
10,3273,500
10,3274,500
10,3275,500
10,3276,500
10,3277,500
10,3278,500
10,3279,500
10,3280,500
10,3281,500
10,3282,500
10,3283,500
10,3284,500
10,3285,500
10,3286,500
10,3287,500
10,3288,500
10,3289,500
10,3290,500
10,3291,500
10,3292,500
10,3293,500
10,3294,500
10,3295,500
10,3296,500
10,3297,500
10,3298,500
10,3299,500
10,3300,500
10,3301,500
10,3302,500
10,3303,500
10,3304,500
10,3305,500
10,3306,500
10,3307,500
10,3308,500
10,3309,500
10,3310,500
10,3311,500
10,3312,500
10,3313,500
10,3314,500
10,3315,500
10,3316,500
10,3317,500
10,3318,500
10,3319,500
10,3320,500
10,3321,500
10,3322,500
10,3323,500
10,3324,500
10,3325,500
10,3326,500
10,3327,500
10,3328,500
10,3329,500
10,3330,500
10,3331,500
10,3332,500
10,3333,500
10,3334,500
10,3335,500
10,3336,500
10,3337,500
10,3338,500
10,3339,500
10,3340,500
10,3341,500
10,3342,500
10,3343,500
10,3344,500
10,3345,500
10,3346,500
10,3347,500
10,3348,500
10,3349,500
10,3350,500
10,3351,500
10,3352,500
10,3353,500
10,3354,500
10,3355,500
10,3356,500
10,3357,500
10,3358,500
10,3359,500
10,3360,500
10,3361,500
10,3362,500
10,3363,500
10,3364,500
10,3365,500
10,3366,500
10,3367,500
10,3368,500
10,3369,500
10,3370,500
10,3371,500
10,3372,500
10,3373,500
10,3374,500
10,3375,500
10,3376,500
10,3377,500
10,3378,500
10,3379,500
10,3380,500
10,3381,500
10,3382,500
10,3383,500
10,3384,500
10,3385,500
10,3386,500
10,3387,500
10,3388,500
10,3389,500
10,3390,500
10,3391,500
10,3392,500
10,3393,500
10,3394,500
10,3395,500
10,3396,500
10,3397,500
10,3398,500
10,3399,500
10,3400,500
10,3401,500
10,3402,500
10,3403,500
10,3404,500
10,3405,500
10,3406,500
10,3407,500
10,3408,500
10,3409,500
10,3410,500
10,3411,500
10,3412,500
10,3413,500
10,3414,500
10,3415,500
10,3416,500
10,3417,500
10,3418,500
10,3419,500
10,3420,500
10,3421,500
10,3422,500
10,3423,500
10,3424,500
10,3425,500
10,3426,500
10,3427,500
10,3428,500
10,3429,500
10,3430,500
10,3431,500
10,3432,500
10,3433,500
10,3434,500
10,3435,500
10,3436,500
10,3437,500
10,3438,500
10,3439,500
10,3440,500
10,3441,500
10,3442,500
10,3443,500
10,3444,500
10,3445,500
10,3446,500
10,3447,500
10,3448,500
10,3449,500
10,3450,500
10,3451,500
10,3452,500
10,3453,500
10,3454,500
10,3455,500
10,3456,500
10,3457,500
10,3458,500
10,3459,500
10,3460,500
10,3461,500
10,3462,500
10,3463,500
10,3464,500
10,3465,500
10,3466,500
10,3467,500
10,3468,500
10,3469,500
10,3470,500
10,3471,500
10,3472,500
10,3473,500
10,3474,500
10,3475,500
10,3476,500
10,3477,500
10,3478,500
10,3479,500
10,3480,500
10,3481,500
10,3482,500
10,3483,500
10,3484,500
10,3485,500
10,3486,500
10,3487,500
10,3488,500
10,3489,500
10,3490,500
10,3491,500
10,3492,500
10,3493,500
10,3494,500
10,3495,500
10,3496,500
10,3497,500
10,3498,500
10,3499,500
10,3500,500
10,3501,500
10,3502,500
10,3503,500
10,3504,500
10,3505,500
10,3506,500
10,3507,500
10,3508,500
10,3509,500
10,3510,500
10,3511,500
10,3512,500
10,3513,500
10,3514,500
10,3515,500
10,3516,500
10,3517,500
10,3518,500
10,3519,500
10,3520,500
10,3521,500
10,3522,500
10,3523,500
10,3524,500
10,3525,500
10,3526,500
10,3527,500
10,3528,500
10,3529,500
10,3530,500
10,3531,500
10,3532,500
10,3533,500
10,3534,500
10,3535,500
10,3536,500
10,3537,500
10,3538,500
10,3539,500
10,3540,500
10,3541,500
10,3542,500
10,3543,500
10,3544,500
10,3545,500
10,3546,500
10,3547,500
10,3548,500
10,3549,500
10,3550,500
10,3551,500
10,3552,500
10,3553,500
10,3554,500
10,3555,500
10,3556,500
10,3557,500
10,3558,500
10,3559,500
10,3560,500
10,3561,500
10,3562,500
10,3563,500
10,3564,500
10,3565,500
10,3566,500
10,3567,500
10,3568,500
10,3569,500
10,3570,500
10,3571,500
10,3572,500
10,3573,500
10,3574,500
10,3575,500
10,3576,500
10,3577,500
10,3578,500
10,3579,500
10,3580,500
10,3581,500
10,3582,500
10,3583,500
10,3584,500
10,3585,500
10,3586,500
10,3587,500
10,3588,500
10,3589,500
10,3590,500
10,3591,500
10,3592,500
10,3593,500
10,3594,500
10,3595,500
10,3596,500
10,3597,500
10,3598,500
10,3599,500
10,3600,500
10,3601,500
10,3602,500
10,3603,500
10,3604,500
10,3605,500
10,3606,500
10,3607,500
10,3608,500
10,3609,500
10,3610,500
10,3611,500
10,3612,500
10,3613,500
10,3614,500
10,3615,500
10,3616,500
10,3617,500
10,3618,500
10,3619,500
10,3620,500
10,3621,500
10,3622,500
10,3623,500
10,3624,500
10,3625,500
10,3626,500
10,3627,500
10,3628,500
10,3629,500
10,3630,500
10,3631,500
10,3632,500
10,3633,500
10,3634,500
10,3635,500
10,3636,500
10,3637,500
10,3638,500
10,3639,500
10,3640,500
10,3641,500
10,3642,500
10,3643,500
10,3644,500
10,3645,500
10,3646,500
10,3647,500
10,3648,500
10,3649,500
10,3650,500
10,3651,500
10,3652,500
10,3653,500
10,3654,500
10,3655,500
10,3656,500
10,3657,500
10,3658,500
10,3659,500
10,3660,500
10,3661,500
10,3662,500
10,3663,500
10,3664,500
10,3665,500
10,3666,500
10,3667,500
10,3668,500
10,3669,500
10,3670,500
10,3671,500
10,3672,500
10,3673,500
10,3674,500
10,3675,500
10,3676,500
10,3677,500
10,3678,500
10,3679,500
10,3680,500
10,3681,500
10,3682,500
10,3683,500
10,3684,500
10,3685,500
10,3686,500
10,3687,500
10,3688,500
10,3689,500
10,3690,500
10,3691,500
10,3692,500
10,3693,500
10,3694,500
10,3695,500
10,3696,500
10,3697,500
10,3698,500
10,3699,500
10,3700,500
10,3701,500
10,3702,500
10,3703,500
10,3704,500
10,3705,500
10,3706,500
10,3707,500
10,3708,500
10,3709,500
10,3710,500
10,3711,500
10,3712,500
10,3713,500
10,3714,500
10,3715,500
10,3716,500
10,3717,500
10,3718,500
10,3719,500
10,3720,500
10,3721,500
10,3722,500
10,3723,500
10,3724,500
10,3725,500
10,3726,500
10,3727,500
10,3728,500
10,3729,500
10,3730,500
10,3731,500
10,3732,500
10,3733,500
10,3734,500
10,3735,500
10,3736,500
10,3737,500
10,3738,500
10,3739,500
10,3740,500
10,3741,500
10,3742,500
10,3743,500
10,3744,500
10,3745,500
10,3746,500
10,3747,500
10,3748,500
10,3749,500
10,3750,500
10,3751,500
10,3752,500
10,3753,500
10,3754,500
10,3755,500
10,3756,500
10,3757,500
10,3758,500
10,3759,500
10,3760,500
10,3761,500
10,3762,500
10,3763,500
10,3764,500
10,3765,500
10,3766,500
10,3767,500
10,3768,500
10,3769,500
10,3770,500
10,3771,500
10,3772,500
10,3773,500
10,3774,500
10,3775,500
10,3776,500
10,3777,500
10,3778,500
10,3779,500
10,3780,500
10,3781,500
10,3782,500
10,3783,500
10,3784,500
10,3785,500
10,3786,500
10,3787,500
10,3788,500
10,3789,500
10,3790,500
10,3791,500
10,3792,500
10,3793,500
10,3794,500
10,3795,500
10,3796,500
10,3797,500
10,3798,500
10,3799,500
10,3800,500
10,3801,500
10,3802,500
10,3803,500
10,3804,500
10,3805,500
10,3806,500
10,3807,500
10,3808,500
10,3809,500
10,3810,500
10,3811,500
10,3812,500
10,3813,500
10,3814,500
10,3815,500
10,3816,500
10,3817,500
10,3818,500
10,3819,500
10,3820,500
10,3821,500
10,3822,500
10,3823,500
10,3824,500
10,3825,500
10,3826,500
10,3827,500
10,3828,500
10,3829,500
10,3830,500
10,3831,500
10,3832,500
10,3833,500
10,3834,500
10,3835,500
10,3836,500
10,3837,500
10,3838,500
10,3839,500
10,3840,500
10,3841,500
10,3842,500
10,3843,500
10,3844,500
10,3845,500
10,3846,500
10,3847,500
10,3848,500
10,3849,500
10,3850,500
10,3851,500
10,3852,500
10,3853,500
10,3854,500
10,3855,500
10,3856,500
10,3857,500
10,3858,500
10,3859,500
10,3860,500
10,3861,500
10,3862,500
10,3863,500
10,3864,500
10,3865,500
10,3866,500
10,3867,500
10,3868,500
10,3869,500
10,3870,500
10,3871,500
10,3872,500
10,3873,500
10,3874,500
10,3875,500
10,3876,500
10,3877,500
10,3878,500
10,3879,500
10,3880,500
10,3881,500
10,3882,500
10,3883,500
10,3884,500
10,3885,500
10,3886,500
10,3887,500
10,3888,500
10,3889,500
10,3890,500
10,3891,500
10,3892,500
10,3893,500
10,3894,500
10,3895,500
10,3896,500
10,3897,500
10,3898,500
10,3899,500
10,3900,500
10,3901,500
10,3902,500
10,3903,500
10,3904,500
10,3905,500
10,3906,500
10,3907,500
10,3908,500
10,3909,500
10,3910,500
10,3911,500
10,3912,500
10,3913,500
10,3914,500
10,3915,500
10,3916,500
10,3917,500
10,3918,500
10,3919,500
10,3920,500
10,3921,500
10,3922,500
10,3923,500
10,3924,500
10,3925,500
10,3926,500
10,3927,500
10,3928,500
10,3929,500
10,3930,500
10,3931,500
10,3932,500
10,3933,500
10,3934,500
10,3935,500
10,3936,500
10,3937,500
10,3938,500
10,3939,500
10,3940,500
10,3941,500
10,3942,500
10,3943,500
10,3944,500
10,3945,500
10,3946,500
10,3947,500
10,3948,500
10,3949,500
10,3950,500
10,3951,500
10,3952,500
10,3953,500
10,3954,500
10,3955,500
10,3956,500
10,3957,500
10,3958,500
10,3959,500
10,3960,500
10,3961,500
10,3962,500
10,3963,500
10,3964,500
10,3965,500
10,3966,500
10,3967,500
10,3968,500
10,3969,500
10,3970,500
10,3971,500
10,3972,500
10,3973,500
10,3974,500
10,3975,500
10,3976,500
10,3977,500
10,3978,500
10,3979,500
10,3980,500
10,3981,500
10,3982,500
10,3983,500
10,3984,500
10,3985,500
10,3986,500
10,3987,500
10,3988,500
10,3989,500
10,3990,500
10,3991,500
10,3992,500
10,3993,500
10,3994,500
10,3995,500
10,3996,500
10,3997,500
10,3998,500
10,3999,500
10,4000,500
10,4001,500
10,4002,500
10,4003,500
10,4004,500
10,4005,500
10,4006,500
10,4007,500
10,4008,500
10,4009,500
10,4010,500
10,4011,500
10,4012,500
10,4013,500
10,4014,500
10,4015,500
10,4016,500
10,4017,500
10,4018,500
10,4019,500
10,4020,500
10,4021,500
10,4022,500
10,4023,500
10,4024,500
10,4025,500
10,4026,500
10,4027,500
10,4028,500
10,4029,500
10,4030,500
10,4031,500
10,4032,500
10,4033,500
10,4034,500
10,4035,500
10,4036,500
10,4037,500
10,4038,500
10,4039,500
10,4040,500
10,4041,500
10,4042,500
10,4043,500
10,4044,500
10,4045,500
10,4046,500
10,4047,500
10,4048,500
10,4049,500
10,4050,500
10,4051,500
10,4052,500
10,4053,500
10,4054,500
10,4055,500
10,4056,500
10,4057,500
10,4058,500
10,4059,500
10,4060,500
10,4061,500
10,4062,500
10,4063,500
10,4064,500
10,4065,500
10,4066,500
10,4067,500
10,4068,500
10,4069,500
10,4070,500
10,4071,500
10,4072,500
10,4073,500
10,4074,500
10,4075,500
10,4076,500
10,4077,500
10,4078,500
10,4079,500
10,4080,500
10,4081,500
10,4082,500
10,4083,500
10,4084,500
10,4085,500
10,4086,500
10,4087,500
10,4088,500
10,4089,500
10,4090,500
10,4091,500
10,4092,500
10,4093,500
10,4094,500
10,4095,500
10,4096,500
10,4097,500
10,4098,500
10,4099,500
10,4100,500
10,4101,500
10,4102,500
10,4103,500
10,4104,500
10,4105,500
10,4106,500
10,4107,500
10,4108,500
10,4109,500
10,4110,500
10,4111,500
10,4112,500
10,4113,500
10,4114,500
10,4115,500
10,4116,500
10,4117,500
10,4118,500
10,4119,500
10,4120,500
10,4121,500
10,4122,500
10,4123,500
10,4124,500
10,4125,500
10,4126,500
10,4127,500
10,4128,500
10,4129,500
10,4130,500
10,4131,500
10,4132,500
10,4133,500
10,4134,500
10,4135,500
10,4136,500
10,4137,500
10,4138,500
10,4139,500
10,4140,500
10,4141,500
10,4142,500
10,4143,500
10,4144,500
10,4145,500
10,4146,500
10,4147,500
10,4148,500
10,4149,500
10,4150,500
10,4151,500
10,4152,500
10,4153,500
10,4154,500
10,4155,500
10,4156,500
10,4157,500
10,4158,500
10,4159,500
10,4160,500
10,4161,500
10,4162,500
10,4163,500
10,4164,500
10,4165,500
10,4166,500
10,4167,500
10,4168,500
10,4169,500
10,4170,500
10,4171,500
10,4172,500
10,4173,500
10,4174,500
10,4175,500
10,4176,500
10,4177,500
10,4178,500
10,4179,500
10,4180,500
10,4181,500
10,4182,500
10,4183,500
10,4184,500
10,4185,500
10,4186,500
10,4187,500
10,4188,500
10,4189,500
10,4190,500
10,4191,500
10,4192,500
10,4193,500
10,4194,500
10,4195,500
10,4196,500
10,4197,500
10,4198,500
10,4199,500
10,4200,500
10,4201,500
10,4202,500
10,4203,500
10,4204,500
10,4205,500
10,4206,500
10,4207,500
10,4208,500
10,4209,500
10,4210,500
10,4211,500
10,4212,500
10,4213,500
10,4214,500
10,4215,500
10,4216,500
10,4217,500
10,4218,500
10,4219,500
10,4220,500
10,4221,500
10,4222,500
10,4223,500
10,4224,500
10,4225,500
10,4226,500
10,4227,500
10,4228,500
10,4229,500
10,4230,500
10,4231,500
10,4232,500
10,4233,500
10,4234,500
10,4235,500
10,4236,500
10,4237,500
10,4238,500
10,4239,500
10,4240,500
10,4241,500
10,4242,500
10,4243,500
10,4244,500
10,4245,500
10,4246,500
10,4247,500
10,4248,500
10,4249,500
10,4250,500
10,4251,500
10,4252,500
10,4253,500
10,4254,500
10,4255,500
10,4256,500
10,4257,500
10,4258,500
10,4259,500
10,4260,500
10,4261,500
10,4262,500
10,4263,500
10,4264,500
10,4265,500
10,4266,500
10,4267,500
10,4268,500
10,4269,500
10,4270,500
10,4271,500
10,4272,500
10,4273,500
10,4274,500
10,4275,500
10,4276,500
10,4277,500
10,4278,500
10,4279,500
10,4280,500
10,4281,500
10,4282,500
10,4283,500
10,4284,500
10,4285,500
10,4286,500
10,4287,500
10,4288,500
10,4289,500
10,4290,500
10,4291,500
10,4292,500
10,4293,500
10,4294,500
10,4295,500
10,4296,500
10,4297,500
10,4298,500
10,4299,500
10,4300,500
10,4301,500
10,4302,500
10,4303,500
10,4304,500
10,4305,500
10,4306,500
10,4307,500
10,4308,500
10,4309,500
10,4310,500
10,4311,500
10,4312,500
10,4313,500
10,4314,500
10,4315,500
10,4316,500
10,4317,500
10,4318,500
10,4319,500
10,4320,500
10,4321,500
10,4322,500
10,4323,500
10,4324,500
10,4325,500
10,4326,500
10,4327,500
10,4328,500
10,4329,500
10,4330,500
10,4331,500
10,4332,500
10,4333,500
10,4334,500
10,4335,500
10,4336,500
10,4337,500
10,4338,500
10,4339,500
10,4340,500
10,4341,500
10,4342,500
10,4343,500
10,4344,500
10,4345,500
10,4346,500
10,4347,500
10,4348,500
10,4349,500
10,4350,500
10,4351,500
10,4352,500
10,4353,500
10,4354,500
10,4355,500
10,4356,500
10,4357,500
10,4358,500
10,4359,500
10,4360,500
10,4361,500
10,4362,500
10,4363,500
10,4364,500
10,4365,500
10,4366,500
10,4367,500
10,4368,500
10,4369,500
10,4370,500
10,4371,500
10,4372,500
10,4373,500
10,4374,500
10,4375,500
10,4376,500
10,4377,500
10,4378,500
10,4379,500
10,4380,500
10,4381,500
10,4382,500
10,4383,500
10,4384,500
10,4385,500
10,4386,500
10,4387,500
10,4388,500
10,4389,500
10,4390,500
10,4391,500
10,4392,500
10,4393,500
10,4394,500
10,4395,500
10,4396,500
10,4397,500
10,4398,500
10,4399,500
10,4400,500
10,4401,500
10,4402,500
10,4403,500
10,4404,500
10,4405,500
10,4406,500
10,4407,500
10,4408,500
10,4409,500
10,4410,500
10,4411,500
10,4412,500
10,4413,500
10,4414,500
10,4415,500
10,4416,500
10,4417,500
10,4418,500
10,4419,500
10,4420,500
10,4421,500
10,4422,500
10,4423,500
10,4424,500
10,4425,500
10,4426,500
10,4427,500
10,4428,500
10,4429,500
10,4430,500
10,4431,500
10,4432,500
10,4433,500
10,4434,500
10,4435,500
10,4436,500
10,4437,500
10,4438,500
10,4439,500
10,4440,500
10,4441,500
10,4442,500
10,4443,500
10,4444,500
10,4445,500
10,4446,500
10,4447,500
10,4448,500
10,4449,500
10,4450,500
10,4451,500
10,4452,500
10,4453,500
10,4454,500
10,4455,500
10,4456,500
10,4457,500
10,4458,500
10,4459,500
10,4460,500
10,4461,500
10,4462,500
10,4463,500
10,4464,500
10,4465,500
10,4466,500
10,4467,500
10,4468,500
10,4469,500
10,4470,500
10,4471,500
10,4472,500
10,4473,500
10,4474,500
10,4475,500
10,4476,500
10,4477,500
10,4478,500
10,4479,500
10,4480,500
10,4481,500
10,4482,500
10,4483,500
10,4484,500
10,4485,500
10,4486,500
10,4487,500
10,4488,500
10,4489,500
10,4490,500
10,4491,500
10,4492,500
10,4493,500
10,4494,500
10,4495,500
10,4496,500
10,4497,500
10,4498,500
10,4499,500
10,4500,500
10,4501,500
10,4502,500
10,4503,500
10,4504,500
10,4505,500
10,4506,500
10,4507,500
10,4508,500
10,4509,500
10,4510,500
10,4511,500
10,4512,500
10,4513,500
10,4514,500
10,4515,500
10,4516,500
10,4517,500
10,4518,500
10,4519,500
10,4520,500
10,4521,500
10,4522,500
10,4523,500
10,4524,500
10,4525,500
10,4526,500
10,4527,500
10,4528,500
10,4529,500
10,4530,500
10,4531,500
10,4532,500
10,4533,500
10,4534,500
10,4535,500
10,4536,500
10,4537,500
10,4538,500
10,4539,500
10,4540,500
10,4541,500
10,4542,500
10,4543,500
10,4544,500
10,4545,500
10,4546,500
10,4547,500
10,4548,500
10,4549,500
10,4550,500
10,4551,500
10,4552,500
10,4553,500
10,4554,500
10,4555,500
10,4556,500
10,4557,500
10,4558,500
10,4559,500
10,4560,500
10,4561,500
10,4562,500
10,4563,500
10,4564,500
10,4565,500
10,4566,500
10,4567,500
10,4568,500
10,4569,500
10,4570,500
10,4571,500
10,4572,500
10,4573,500
10,4574,500
10,4575,500
10,4576,500
10,4577,500
10,4578,500
10,4579,500
10,4580,500
10,4581,500
10,4582,500
10,4583,500
10,4584,500
10,4585,500
10,4586,500
10,4587,500
10,4588,500
10,4589,500
10,4590,500
10,4591,500
10,4592,500
10,4593,500
10,4594,500
10,4595,500
10,4596,500
10,4597,500
10,4598,500
10,4599,500
10,4600,500
10,4601,500
10,4602,500
10,4603,500
10,4604,500
10,4605,500
10,4606,500
10,4607,500
10,4608,500
10,4609,500
10,4610,500
10,4611,500
10,4612,500
10,4613,500
10,4614,500
10,4615,500
10,4616,500
10,4617,500
10,4618,500
10,4619,500
10,4620,500
10,4621,500
10,4622,500
10,4623,500
10,4624,500
10,4625,500
10,4626,500
10,4627,500
10,4628,500
10,4629,500
10,4630,500
10,4631,500
10,4632,500
10,4633,500
10,4634,500
10,4635,500
10,4636,500
10,4637,500
10,4638,500
10,4639,500
10,4640,500
10,4641,500
10,4642,500
10,4643,500
10,4644,500
10,4645,500
10,4646,500
10,4647,500
10,4648,500
10,4649,500
10,4650,500
10,4651,500
10,4652,500
10,4653,500
10,4654,500
10,4655,500
10,4656,500
10,4657,500
10,4658,500
10,4659,500
10,4660,500
10,4661,500
10,4662,500
10,4663,500
10,4664,500
10,4665,500
10,4666,500
10,4667,500
10,4668,500
10,4669,500
10,4670,500
10,4671,500
10,4672,500
10,4673,500
10,4674,500
10,4675,500
10,4676,500
10,4677,500
10,4678,500
10,4679,500
10,4680,500
10,4681,500
10,4682,500
10,4683,500
10,4684,500
10,4685,500
10,4686,500
10,4687,500
10,4688,500
10,4689,500
10,4690,500
10,4691,500
10,4692,500
10,4693,500
10,4694,500
10,4695,500
10,4696,500
10,4697,500
10,4698,500
10,4699,500
10,4700,500
10,4701,500
10,4702,500
10,4703,500
10,4704,500
10,4705,500
10,4706,500
10,4707,500
10,4708,500
10,4709,500
10,4710,500
10,4711,500
10,4712,500
10,4713,500
10,4714,500
10,4715,500
10,4716,500
10,4717,500
10,4718,500
10,4719,500
10,4720,500
10,4721,500
10,4722,500
10,4723,500
10,4724,500
10,4725,500
10,4726,500
10,4727,500
10,4728,500
10,4729,500
10,4730,500
10,4731,500
10,4732,500
10,4733,500
10,4734,500
10,4735,500
10,4736,500
10,4737,500
10,4738,500
10,4739,500
10,4740,500
10,4741,500
10,4742,500
10,4743,500
10,4744,500
10,4745,500
10,4746,500
10,4747,500
10,4748,500
10,4749,500
10,4750,500
10,4751,500
10,4752,500
10,4753,500
10,4754,500
10,4755,500
10,4756,500
10,4757,500
10,4758,500
10,4759,500
10,4760,500
10,4761,500
10,4762,500
10,4763,500
10,4764,500
10,4765,500
10,4766,500
10,4767,500
10,4768,500
10,4769,500
10,4770,500
10,4771,500
10,4772,500
10,4773,500
10,4774,500
10,4775,500
10,4776,500
10,4777,500
10,4778,500
10,4779,500
10,4780,500
10,4781,500
10,4782,500
10,4783,500
10,4784,500
10,4785,500
10,4786,500
10,4787,500
10,4788,500
10,4789,500
10,4790,500
10,4791,500
10,4792,500
10,4793,500
10,4794,500
10,4795,500
10,4796,500
10,4797,500
10,4798,500
10,4799,500
10,4800,500
10,4801,500
10,4802,500
10,4803,500
10,4804,500
10,4805,500
10,4806,500
10,4807,500
10,4808,500
10,4809,500
10,4810,500
10,4811,500
10,4812,500
10,4813,500
10,4814,500
10,4815,500
10,4816,500
10,4817,500
10,4818,500
10,4819,500
10,4820,500
10,4821,500
10,4822,500
10,4823,500
10,4824,500
10,4825,500
10,4826,500
10,4827,500
10,4828,500
10,4829,500
10,4830,500
10,4831,500
10,4832,500
10,4833,500
10,4834,500
10,4835,500
10,4836,500
10,4837,500
10,4838,500
10,4839,500
10,4840,500
10,4841,500
10,4842,500
10,4843,500
10,4844,500
10,4845,500
10,4846,500
10,4847,500
10,4848,500
10,4849,500
10,4850,500
10,4851,500
10,4852,500
10,4853,500
10,4854,500
10,4855,500
10,4856,500
10,4857,500
10,4858,500
10,4859,500
10,4860,500
10,4861,500
10,4862,500
10,4863,500
10,4864,500
10,4865,500
10,4866,500
10,4867,500
10,4868,500
10,4869,500
10,4870,500
10,4871,500
10,4872,500
10,4873,500
10,4874,500
10,4875,500
10,4876,500
10,4877,500
10,4878,500
10,4879,500
10,4880,500
10,4881,500
10,4882,500
10,4883,500
10,4884,500
10,4885,500
10,4886,500
10,4887,500
10,4888,500
10,4889,500
10,4890,500
10,4891,500
10,4892,500
10,4893,500
10,4894,500
10,4895,500
10,4896,500
10,4897,500
10,4898,500
10,4899,500
10,4900,500
10,4901,500
10,4902,500
10,4903,500
10,4904,500
10,4905,500
10,4906,500
10,4907,500
10,4908,500
10,4909,500
10,4910,500
10,4911,500
10,4912,500
10,4913,500
10,4914,500
10,4915,500
10,4916,500
10,4917,500
10,4918,500
10,4919,500
10,4920,500
10,4921,500
10,4922,500
10,4923,500
10,4924,500
10,4925,500
10,4926,500
10,4927,500
10,4928,500
10,4929,500
10,4930,500
10,4931,500
10,4932,500
10,4933,500
10,4934,500
10,4935,500
10,4936,500
10,4937,500
10,4938,500
10,4939,500
10,4940,500
10,4941,500
10,4942,500
10,4943,500
10,4944,500
10,4945,500
10,4946,500
10,4947,500
10,4948,500
10,4949,500
10,4950,500
10,4951,500
10,4952,500
10,4953,500
10,4954,500
10,4955,500
10,4956,500
10,4957,500
10,4958,500
10,4959,500
10,4960,500
10,4961,500
10,4962,500
10,4963,500
10,4964,500
10,4965,500
10,4966,500
10,4967,500
10,4968,500
10,4969,500
10,4970,500
10,4971,500
10,4972,500
10,4973,500
10,4974,500
10,4975,500
10,4976,500
10,4977,500
10,4978,500
10,4979,500
10,4980,500
10,4981,500
10,4982,500
10,4983,500
10,4984,500
10,4985,500
10,4986,500
10,4987,500
10,4988,500
10,4989,500
10,4990,500
10,4991,500
10,4992,500
10,4993,500
10,4994,500
10,4995,500
10,4996,500
10,4997,500
10,4998,500
10,4999,500
10,5000,500
10,5001,500
10,5002,500
10,5003,500
10,5004,500
10,5005,500
10,5006,500
10,5007,500
10,5008,500
10,5009,500
10,5010,500
10,5011,500
10,5012,500
10,5013,500
10,5014,500
10,5015,500
10,5016,500
10,5017,500
10,5018,500
10,5019,500
10,5020,500
10,5021,500
10,5022,500
10,5023,500
10,5024,500
10,5025,500
10,5026,500
10,5027,500
10,5028,500
10,5029,500
10,5030,500
10,5031,500
10,5032,500
10,5033,500
10,5034,500
10,5035,500
10,5036,500
10,5037,500
10,5038,500
10,5039,500
10,5040,500
10,5041,500
10,5042,500
10,5043,500
10,5044,500
10,5045,500
10,5046,500
10,5047,500
10,5048,500
10,5049,500
10,5050,500
10,5051,500
10,5052,500
10,5053,500
10,5054,500
10,5055,500
10,5056,500
10,5057,500
10,5058,500
10,5059,500
10,5060,500
10,5061,500
10,5062,500
10,5063,500
10,5064,500
10,5065,500
10,5066,500
10,5067,500
10,5068,500
10,5069,500
10,5070,500
10,5071,500
10,5072,500
10,5073,500
10,5074,500
10,5075,500
10,5076,500
10,5077,500
10,5078,500
10,5079,500
10,5080,500
10,5081,500
10,5082,500
10,5083,500
10,5084,500
10,5085,500
10,5086,500
10,5087,500
10,5088,500
10,5089,500
10,5090,500
10,5091,500
10,5092,500
10,5093,500
10,5094,500
10,5095,500
10,5096,500
10,5097,500
10,5098,500
10,5099,500
10,5100,500
10,5101,500
10,5102,500
10,5103,500
10,5104,500
10,5105,500
10,5106,500
10,5107,500
10,5108,500
10,5109,500
10,5110,500
10,5111,500
10,5112,500
10,5113,500
10,5114,500
10,5115,500
10,5116,500
10,5117,500
10,5118,500
10,5119,500
10,5120,500
10,5121,500
10,5122,500
10,5123,500
10,5124,500
10,5125,500
10,5126,500
10,5127,500
10,5128,500
10,5129,500
10,5130,500
10,5131,500
10,5132,500
10,5133,500
10,5134,500
10,5135,500
10,5136,500
10,5137,500
10,5138,500
10,5139,500
10,5140,500
10,5141,500
10,5142,500
10,5143,500
10,5144,500
10,5145,500
10,5146,500
10,5147,500
10,5148,500
10,5149,500
10,5150,500
10,5151,500
10,5152,500
10,5153,500
10,5154,500
10,5155,500
10,5156,500
10,5157,500
10,5158,500
10,5159,500
10,5160,500
10,5161,500
10,5162,500
10,5163,500
10,5164,500
10,5165,500
10,5166,500
10,5167,500
10,5168,500
10,5169,500
10,5170,500
10,5171,500
10,5172,500
10,5173,500
10,5174,500
10,5175,500
10,5176,500
10,5177,500
10,5178,500
10,5179,500
10,5180,500
10,5181,500
10,5182,500
10,5183,500
10,5184,500
10,5185,500
10,5186,500
10,5187,500
10,5188,500
10,5189,500
10,5190,500
10,5191,500
10,5192,500
10,5193,500
10,5194,500
10,5195,500
10,5196,500
10,5197,500
10,5198,500
10,5199,500
10,5200,500
10,5201,500
10,5202,500
10,5203,500
10,5204,500
10,5205,500
10,5206,500
10,5207,500
10,5208,500
10,5209,500
10,5210,500
10,5211,500
10,5212,500
10,5213,500
10,5214,500
10,5215,500
10,5216,500
10,5217,500
10,5218,500
10,5219,500
10,5220,500
10,5221,500
10,5222,500
10,5223,500
10,5224,500
10,5225,500
10,5226,500
10,5227,500
10,5228,500
10,5229,500
10,5230,500
10,5231,500
10,5232,500
10,5233,500
10,5234,500
10,5235,500
10,5236,500
10,5237,500
10,5238,500
10,5239,500
10,5240,500
10,5241,500
10,5242,500
10,5243,500
10,5244,500
10,5245,500
10,5246,500
10,5247,500
10,5248,500
10,5249,500
10,5250,500
10,5251,500
10,5252,500
10,5253,500
10,5254,500
10,5255,500
10,5256,500
10,5257,500
10,5258,500
10,5259,500
10,5260,500
10,5261,500
10,5262,500
10,5263,500
10,5264,500
10,5265,500
10,5266,500
10,5267,500
10,5268,500
10,5269,500
10,5270,500
10,5271,500
10,5272,500
10,5273,500
10,5274,500
10,5275,500
10,5276,500
10,5277,500
10,5278,500
10,5279,500
10,5280,500
10,5281,500
10,5282,500
10,5283,500
10,5284,500
10,5285,500
10,5286,500
10,5287,500
10,5288,500
10,5289,500
10,5290,500
10,5291,500
10,5292,500
10,5293,500
10,5294,500
10,5295,500
10,5296,500
10,5297,500
10,5298,500
10,5299,500
10,5300,500
10,5301,500
10,5302,500
10,5303,500
10,5304,500
10,5305,500
10,5306,500
10,5307,500
10,5308,500
10,5309,500
10,5310,500
10,5311,500
10,5312,500
10,5313,500
10,5314,500
10,5315,500
10,5316,500
10,5317,500
10,5318,500
10,5319,500
10,5320,500
10,5321,500
10,5322,500
10,5323,500
10,5324,500
10,5325,500
10,5326,500
10,5327,500
10,5328,500
10,5329,500
10,5330,500
10,5331,500
10,5332,500
10,5333,500
10,5334,500
10,5335,500
10,5336,500
10,5337,500
10,5338,500
10,5339,500
10,5340,500
10,5341,500
10,5342,500
10,5343,500
10,5344,500
10,5345,500
10,5346,500
10,5347,500
10,5348,500
10,5349,500
10,5350,500
10,5351,500
10,5352,500
10,5353,500
10,5354,500
10,5355,500
10,5356,500
10,5357,500
10,5358,500
10,5359,500
10,5360,500
10,5361,500
10,5362,500
10,5363,500
10,5364,500
10,5365,500
10,5366,500
10,5367,500
10,5368,500
10,5369,500
10,5370,500
10,5371,500
10,5372,500
10,5373,500
10,5374,500
10,5375,500
10,5376,500
10,5377,500
10,5378,500
10,5379,500
10,5380,500
10,5381,500
10,5382,500
10,5383,500
10,5384,500
10,5385,500
10,5386,500
10,5387,500
10,5388,500
10,5389,500
10,5390,500
10,5391,500
10,5392,500
10,5393,500
10,5394,500
10,5395,500
10,5396,500
10,5397,500
10,5398,500
10,5399,500
10,5400,500
10,5401,500
10,5402,500
10,5403,500
10,5404,500
10,5405,500
10,5406,500
10,5407,500
10,5408,500
10,5409,500
10,5410,500
10,5411,500
10,5412,500
10,5413,500
10,5414,500
10,5415,500
10,5416,500
10,5417,500
10,5418,500
10,5419,500
10,5420,500
10,5421,500
10,5422,500
10,5423,500
10,5424,500
10,5425,500
10,5426,500
10,5427,500
10,5428,500
10,5429,500
10,5430,500
10,5431,500
10,5432,500
10,5433,500
10,5434,500
10,5435,500
10,5436,500
10,5437,500
10,5438,500
10,5439,500
10,5440,500
10,5441,500
10,5442,500
10,5443,500
10,5444,500
10,5445,500
10,5446,500
10,5447,500
10,5448,500
10,5449,500
10,5450,500
10,5451,500
10,5452,500
10,5453,500
10,5454,500
10,5455,500
10,5456,500
10,5457,500
10,5458,500
10,5459,500
10,5460,500
10,5461,500
10,5462,500
10,5463,500
10,5464,500
10,5465,500
10,5466,500
10,5467,500
10,5468,500
10,5469,500
10,5470,500
10,5471,500
10,5472,500
10,5473,500
10,5474,500
10,5475,500
10,5476,500
10,5477,500
10,5478,500
10,5479,500
10,5480,500
10,5481,500
10,5482,500
10,5483,500
10,5484,500
10,5485,500
10,5486,500
10,5487,500
10,5488,500
10,5489,500
10,5490,500
10,5491,500
10,5492,500
10,5493,500
10,5494,500
10,5495,500
10,5496,500
10,5497,500
10,5498,500
10,5499,500
10,5500,500
10,5501,500
10,5502,500
10,5503,500
10,5504,500
10,5505,500
10,5506,500
10,5507,500
10,5508,500
10,5509,500
10,5510,500
10,5511,500
10,5512,500
10,5513,500
10,5514,500
10,5515,500
10,5516,500
10,5517,500
10,5518,500
10,5519,500
10,5520,500
10,5521,500
10,5522,500
10,5523,500
10,5524,500
10,5525,500
10,5526,500
10,5527,500
10,5528,500
10,5529,500
10,5530,500
10,5531,500
10,5532,500
10,5533,500
10,5534,500
10,5535,500
10,5536,500
10,5537,500
10,5538,500
10,5539,500
10,5540,500
10,5541,500
10,5542,500
10,5543,500
10,5544,500
10,5545,500
10,5546,500
10,5547,500
10,5548,500
10,5549,500
10,5550,500
10,5551,500
10,5552,500
10,5553,500
10,5554,500
10,5555,500
10,5556,500
10,5557,500
10,5558,500
10,5559,500
10,5560,500
10,5561,500
10,5562,500
10,5563,500
10,5564,500
10,5565,500
10,5566,500
10,5567,500
10,5568,500
10,5569,500
10,5570,500
10,5571,500
10,5572,500
10,5573,500
10,5574,500
10,5575,500
10,5576,500
10,5577,500
10,5578,500
10,5579,500
10,5580,500
10,5581,500
10,5582,500
10,5583,500
10,5584,500
10,5585,500
10,5586,500
10,5587,500
10,5588,500
10,5589,500
10,5590,500
10,5591,500
10,5592,500
10,5593,500
10,5594,500
10,5595,500
10,5596,500
10,5597,500
10,5598,500
10,5599,500
10,5600,500
10,5601,500
10,5602,500
10,5603,500
10,5604,500
10,5605,500
10,5606,500
10,5607,500
10,5608,500
10,5609,500
10,5610,500
10,5611,500
10,5612,500
10,5613,500
10,5614,500
10,5615,500
10,5616,500
10,5617,500
10,5618,500
10,5619,500
10,5620,500
10,5621,500
10,5622,500
10,5623,500
10,5624,500
10,5625,500
10,5626,500
10,5627,500
10,5628,500
10,5629,500
10,5630,500
10,5631,500
10,5632,500
10,5633,500
10,5634,500
10,5635,500
10,5636,500
10,5637,500
10,5638,500
10,5639,500
10,5640,500
10,5641,500
10,5642,500
10,5643,500
10,5644,500
10,5645,500
10,5646,500
10,5647,500
10,5648,500
10,5649,500
10,5650,500
10,5651,500
10,5652,500
10,5653,500
10,5654,500
10,5655,500
10,5656,500
10,5657,500
10,5658,500
10,5659,500
10,5660,500
10,5661,500
10,5662,500
10,5663,500
10,5664,500
10,5665,500
10,5666,500
10,5667,500
10,5668,500
10,5669,500
10,5670,500
10,5671,500
10,5672,500
10,5673,500
10,5674,500
10,5675,500
10,5676,500
10,5677,500
10,5678,500
10,5679,500
10,5680,500
10,5681,500
10,5682,500
10,5683,500
10,5684,500
10,5685,500
10,5686,500
10,5687,500
10,5688,500
10,5689,500
10,5690,500
10,5691,500
10,5692,500
10,5693,500
10,5694,500
10,5695,500
10,5696,500
10,5697,500
10,5698,500
10,5699,500
10,5700,500
10,5701,500
10,5702,500
10,5703,500
10,5704,500
10,5705,500
10,5706,500
10,5707,500
10,5708,500
10,5709,500
10,5710,500
10,5711,500
10,5712,500
10,5713,500
10,5714,500
10,5715,500
10,5716,500
10,5717,500
10,5718,500
10,5719,500
10,5720,500
10,5721,500
10,5722,500
10,5723,500
10,5724,500
10,5725,500
10,5726,500
10,5727,500
10,5728,500
10,5729,500
10,5730,500
10,5731,500
10,5732,500
10,5733,500
10,5734,500
10,5735,500
10,5736,500
10,5737,500
10,5738,500
10,5739,500
10,5740,500
10,5741,500
10,5742,500
10,5743,500
10,5744,500
10,5745,500
10,5746,500
10,5747,500
10,5748,500
10,5749,500
10,5750,500
10,5751,500
10,5752,500
10,5753,500
10,5754,500
10,5755,500
10,5756,500
10,5757,500
10,5758,500
10,5759,500
10,5760,500
10,5761,500
10,5762,500
10,5763,500
10,5764,500
10,5765,500
10,5766,500
10,5767,500
10,5768,500
10,5769,500
10,5770,500
10,5771,500
10,5772,500
10,5773,500
10,5774,500
10,5775,500
10,5776,500
10,5777,500
10,5778,500
10,5779,500
10,5780,500
10,5781,500
10,5782,500
10,5783,500
10,5784,500
10,5785,500
10,5786,500
10,5787,500
10,5788,500
10,5789,500
10,5790,500
10,5791,500
10,5792,500
10,5793,500
10,5794,500
10,5795,500
10,5796,500
10,5797,500
10,5798,500
10,5799,500
10,5800,500
10,5801,500
10,5802,500
10,5803,500
10,5804,500
10,5805,500
10,5806,500
10,5807,500
10,5808,500
10,5809,500
10,5810,500
10,5811,500
10,5812,500
10,5813,500
10,5814,500
10,5815,500
10,5816,500
10,5817,500
10,5818,500
10,5819,500
10,5820,500
10,5821,500
10,5822,500
10,5823,500
10,5824,500
10,5825,500
10,5826,500
10,5827,500
10,5828,500
10,5829,500
10,5830,500
10,5831,500
10,5832,500
10,5833,500
10,5834,500
10,5835,500
10,5836,500
10,5837,500
10,5838,500
10,5839,500
10,5840,500
10,5841,500
10,5842,500
10,5843,500
10,5844,500
10,5845,500
10,5846,500
10,5847,500
10,5848,500
10,5849,500
10,5850,500
10,5851,500
10,5852,500
10,5853,500
10,5854,500
10,5855,500
10,5856,500
10,5857,500
10,5858,500
10,5859,500
10,5860,500
10,5861,500
10,5862,500
10,5863,500
10,5864,500
10,5865,500
10,5866,500
10,5867,500
10,5868,500
10,5869,500
10,5870,500
10,5871,500
10,5872,500
10,5873,500
10,5874,500
10,5875,500
10,5876,500
10,5877,500
10,5878,500
10,5879,500
10,5880,500
10,5881,500
10,5882,500
10,5883,500
10,5884,500
10,5885,500
10,5886,500
10,5887,500
10,5888,500
10,5889,500
10,5890,500
10,5891,500
10,5892,500
10,5893,500
10,5894,500
10,5895,500
10,5896,500
10,5897,500
10,5898,500
10,5899,500
10,5900,500
10,5901,500
10,5902,500
10,5903,500
10,5904,500
10,5905,500
10,5906,500
10,5907,500
10,5908,500
10,5909,500
10,5910,500
10,5911,500
10,5912,500
10,5913,500
10,5914,500
10,5915,500
10,5916,500
10,5917,500
10,5918,500
10,5919,500
10,5920,500
10,5921,500
10,5922,500
10,5923,500
10,5924,500
10,5925,500
10,5926,500
10,5927,500
10,5928,500
10,5929,500
10,5930,500
10,5931,500
10,5932,500
10,5933,500
10,5934,500
10,5935,500
10,5936,500
10,5937,500
10,5938,500
10,5939,500
10,5940,500
10,5941,500
10,5942,500
10,5943,500
10,5944,500
10,5945,500
10,5946,500
10,5947,500
10,5948,500
10,5949,500
10,5950,500
10,5951,500
10,5952,500
10,5953,500
10,5954,500
10,5955,500
10,5956,500
10,5957,500
10,5958,500
10,5959,500
10,5960,500
10,5961,500
10,5962,500
10,5963,500
10,5964,500
10,5965,500
10,5966,500
10,5967,500
10,5968,500
10,5969,500
10,5970,500
10,5971,500
10,5972,500
10,5973,500
10,5974,500
10,5975,500
10,5976,500
10,5977,500
10,5978,500
10,5979,500
10,5980,500
10,5981,500
10,5982,500
10,5983,500
10,5984,500
10,5985,500
10,5986,500
10,5987,500
10,5988,500
10,5989,500
10,5990,500
10,5991,500
10,5992,500
10,5993,500
10,5994,500
10,5995,500
10,5996,500
10,5997,500
10,5998,500
10,5999,500
10,6000,500
10,6001,500
10,6002,500
10,6003,500
10,6004,500
10,6005,500
10,6006,500
10,6007,500
10,6008,500
10,6009,500
10,6010,500
10,6011,500
10,6012,500
10,6013,500
10,6014,500
10,6015,500
10,6016,500
10,6017,500
10,6018,500
10,6019,500
10,6020,500
10,6021,500
10,6022,500
10,6023,500
10,6024,500
10,6025,500
10,6026,500
10,6027,500
10,6028,500
10,6029,500
10,6030,500
10,6031,500
10,6032,500
10,6033,500
10,6034,500
10,6035,500
10,6036,500
10,6037,500
10,6038,500
10,6039,500
10,6040,500
10,6041,500
10,6042,500
10,6043,500
10,6044,500
10,6045,500
10,6046,500
10,6047,500
10,6048,500
10,6049,500
10,6050,500
10,6051,500
10,6052,500
10,6053,500
10,6054,500
10,6055,500
10,6056,500
10,6057,500
10,6058,500
10,6059,500
10,6060,500
10,6061,500
10,6062,500
10,6063,500
10,6064,500
10,6065,500
10,6066,500
10,6067,500
10,6068,500
10,6069,500
10,6070,500
10,6071,500
10,6072,500
10,6073,500
10,6074,500
10,6075,500
10,6076,500
10,6077,500
10,6078,500
10,6079,500
10,6080,500
10,6081,500
10,6082,500
10,6083,500
10,6084,500
10,6085,500
10,6086,500
10,6087,500
10,6088,500
10,6089,500
10,6090,500
10,6091,500
10,6092,500
10,6093,500
10,6094,500
10,6095,500
10,6096,500
10,6097,500
10,6098,500
10,6099,500
10,6100,500
10,6101,500
10,6102,500
10,6103,500
10,6104,500
10,6105,500
10,6106,500
10,6107,500
10,6108,500
10,6109,500
10,6110,500
10,6111,500
10,6112,500
10,6113,500
10,6114,500
10,6115,500
10,6116,500
10,6117,500
10,6118,500
10,6119,500
10,6120,500
10,6121,500
10,6122,500
10,6123,500
10,6124,500
10,6125,500
10,6126,500
10,6127,500
10,6128,500
10,6129,500
10,6130,500
10,6131,500
10,6132,500
10,6133,500
10,6134,500
10,6135,500
10,6136,500
10,6137,500
10,6138,500
10,6139,500
10,6140,500
10,6141,500
10,6142,500
10,6143,500
10,6144,500
10,6145,500
10,6146,500
10,6147,500
10,6148,500
10,6149,500
10,6150,500
10,6151,500
10,6152,500
10,6153,500
10,6154,500
10,6155,500
10,6156,500
10,6157,500
10,6158,500
10,6159,500
10,6160,500
10,6161,500
10,6162,500
10,6163,500
10,6164,500
10,6165,500
10,6166,500
10,6167,500
10,6168,500
10,6169,500
10,6170,500
10,6171,500
10,6172,500
10,6173,500
10,6174,500
10,6175,500
10,6176,500
10,6177,500
10,6178,500
10,6179,500
10,6180,500
10,6181,500
10,6182,500
10,6183,500
10,6184,500
10,6185,500
10,6186,500
10,6187,500
10,6188,500
10,6189,500
10,6190,500
10,6191,500
10,6192,500
10,6193,500
10,6194,500
10,6195,500
10,6196,500
10,6197,500
10,6198,500
10,6199,500
10,6200,500
10,6201,500
10,6202,500
10,6203,500
10,6204,500
10,6205,500
10,6206,500
10,6207,500
10,6208,500
10,6209,500
10,6210,500
10,6211,500
10,6212,500
10,6213,500
10,6214,500
10,6215,500
10,6216,500
10,6217,500
10,6218,500
10,6219,500
10,6220,500
10,6221,500
10,6222,500
10,6223,500
10,6224,500
10,6225,500
10,6226,500
10,6227,500
10,6228,500
10,6229,500
10,6230,500
10,6231,500
10,6232,500
10,6233,500
10,6234,500
10,6235,500
10,6236,500
10,6237,500
10,6238,500
10,6239,500
10,6240,500
10,6241,500
10,6242,500
10,6243,500
10,6244,500
10,6245,500
10,6246,500
10,6247,500
10,6248,500
10,6249,500
10,6250,500
10,6251,500
10,6252,500
10,6253,500
10,6254,500
10,6255,500
10,6256,500
10,6257,500
10,6258,500
10,6259,500
10,6260,500
10,6261,500
10,6262,500
10,6263,500
10,6264,500
10,6265,500
10,6266,500
10,6267,500
10,6268,500
10,6269,500
10,6270,500
10,6271,500
10,6272,500
10,6273,500
10,6274,500
10,6275,500
10,6276,500
10,6277,500
10,6278,500
10,6279,500
10,6280,500
10,6281,500
10,6282,500
10,6283,500
10,6284,500
10,6285,500
10,6286,500
10,6287,500
10,6288,500
10,6289,500
10,6290,500
10,6291,500
10,6292,500
10,6293,500
10,6294,500
10,6295,500
10,6296,500
10,6297,500
10,6298,500
10,6299,500
10,6300,500
10,6301,500
10,6302,500
10,6303,500
10,6304,500
10,6305,500
10,6306,500
10,6307,500
10,6308,500
10,6309,500
10,6310,500
10,6311,500
10,6312,500
10,6313,500
10,6314,500
10,6315,500
10,6316,500
10,6317,500
10,6318,500
10,6319,500
10,6320,500
10,6321,500
10,6322,500
10,6323,500
10,6324,500
10,6325,500
10,6326,500
10,6327,500
10,6328,500
10,6329,500
10,6330,500
10,6331,500
10,6332,500
10,6333,500
10,6334,500
10,6335,500
10,6336,500
10,6337,500
10,6338,500
10,6339,500
10,6340,500
10,6341,500
10,6342,500
10,6343,500
10,6344,500
10,6345,500
10,6346,500
10,6347,500
10,6348,500
10,6349,500
10,6350,500
10,6351,500
10,6352,500
10,6353,500
10,6354,500
10,6355,500
10,6356,500
10,6357,500
10,6358,500
10,6359,500
10,6360,500
10,6361,500
10,6362,500
10,6363,500
10,6364,500
10,6365,500
10,6366,500
10,6367,500
10,6368,500
10,6369,500
10,6370,500
10,6371,500
10,6372,500
10,6373,500
10,6374,500
10,6375,500
10,6376,500
10,6377,500
10,6378,500
10,6379,500
10,6380,500
10,6381,500
10,6382,500
10,6383,500
10,6384,500
10,6385,500
10,6386,500
10,6387,500
10,6388,500
10,6389,500
10,6390,500
10,6391,500
10,6392,500
10,6393,500
10,6394,500
10,6395,500
10,6396,500
10,6397,500
10,6398,500
10,6399,500
10,6400,500
10,6401,500
10,6402,500
10,6403,500
10,6404,500
10,6405,500
10,6406,500
10,6407,500
10,6408,500
10,6409,500
10,6410,500
10,6411,500
10,6412,500
10,6413,500
10,6414,500
10,6415,500
10,6416,500
10,6417,500
10,6418,500
10,6419,500
10,6420,500
10,6421,500
10,6422,500
10,6423,500
10,6424,500
10,6425,500
10,6426,500
10,6427,500
10,6428,500
10,6429,500
10,6430,500
10,6431,500
10,6432,500
10,6433,500
10,6434,500
10,6435,500
10,6436,500
10,6437,500
10,6438,500
10,6439,500
10,6440,500
10,6441,500
10,6442,500
10,6443,500
10,6444,500
10,6445,500
10,6446,500
10,6447,500
10,6448,500
10,6449,500
10,6450,500
10,6451,500
10,6452,500
10,6453,500
10,6454,500
10,6455,500
10,6456,500
10,6457,500
10,6458,500
10,6459,500
10,6460,500
10,6461,500
10,6462,500
10,6463,500
10,6464,500
10,6465,500
10,6466,500
10,6467,500
10,6468,500
10,6469,500
10,6470,500
10,6471,500
10,6472,500
10,6473,500
10,6474,500
10,6475,500
10,6476,500
10,6477,500
10,6478,500
10,6479,500
10,6480,500
10,6481,500
10,6482,500
10,6483,500
10,6484,500
10,6485,500
10,6486,500
10,6487,500
10,6488,500
10,6489,500
10,6490,500
10,6491,500
10,6492,500
10,6493,500
10,6494,500
10,6495,500
10,6496,500
10,6497,500
10,6498,500
10,6499,500
10,6500,500
10,6501,500
10,6502,500
10,6503,500
10,6504,500
10,6505,500
10,6506,500
10,6507,500
10,6508,500
10,6509,500
10,6510,500
10,6511,500
10,6512,500
10,6513,500
10,6514,500
10,6515,500
10,6516,500
10,6517,500
10,6518,500
10,6519,500
10,6520,500
10,6521,500
10,6522,500
10,6523,500
10,6524,500
10,6525,500
10,6526,500
10,6527,500
10,6528,500
10,6529,500
10,6530,500
10,6531,500
10,6532,500
10,6533,500
10,6534,500
10,6535,500
10,6536,500
10,6537,500
10,6538,500
10,6539,500
10,6540,500
10,6541,500
10,6542,500
10,6543,500
10,6544,500
10,6545,500
10,6546,500
10,6547,500
10,6548,500
10,6549,500
10,6550,500
10,6551,500
10,6552,500
10,6553,500
10,6554,500
10,6555,500
10,6556,500
10,6557,500
10,6558,500
10,6559,500
10,6560,500
10,6561,500
10,6562,500
10,6563,500
10,6564,500
10,6565,500
10,6566,500
10,6567,500
10,6568,500
10,6569,500
10,6570,500
10,6571,500
10,6572,500
10,6573,500
10,6574,500
10,6575,500
10,6576,500
10,6577,500
10,6578,500
10,6579,500
10,6580,500
10,6581,500
10,6582,500
10,6583,500
10,6584,500
10,6585,500
10,6586,500
10,6587,500
10,6588,500
10,6589,500
10,6590,500
10,6591,500
10,6592,500
10,6593,500
10,6594,500
10,6595,500
10,6596,500
10,6597,500
10,6598,500
10,6599,500
10,6600,500
10,6601,500
10,6602,500
10,6603,500
10,6604,500
10,6605,500
10,6606,500
10,6607,500
10,6608,500
10,6609,500
10,6610,500
10,6611,500
10,6612,500
10,6613,500
10,6614,500
10,6615,500
10,6616,500
10,6617,500
10,6618,500
10,6619,500
10,6620,500
10,6621,500
10,6622,500
10,6623,500
10,6624,500
10,6625,500
10,6626,500
10,6627,500
10,6628,500
10,6629,500
10,6630,500
10,6631,500
10,6632,500
10,6633,500
10,6634,500
10,6635,500
10,6636,500
10,6637,500
10,6638,500
10,6639,500
10,6640,500
10,6641,500
10,6642,500
10,6643,500
10,6644,500
10,6645,500
10,6646,500
10,6647,500
10,6648,500
10,6649,500
10,6650,500
10,6651,500
10,6652,500
10,6653,500
10,6654,500
10,6655,500
10,6656,500
10,6657,500
10,6658,500
10,6659,500
10,6660,500
10,6661,500
10,6662,500
10,6663,500
10,6664,500
10,6665,500
10,6666,500
10,6667,500
10,6668,500
10,6669,500
10,6670,500
10,6671,500
10,6672,500
10,6673,500
10,6674,500
10,6675,500
10,6676,500
10,6677,500
10,6678,500
10,6679,500
10,6680,500
10,6681,500
10,6682,500
10,6683,500
10,6684,500
10,6685,500
10,6686,500
10,6687,500
10,6688,500
10,6689,500
10,6690,500
10,6691,500
10,6692,500
10,6693,500
10,6694,500
10,6695,500
10,6696,500
10,6697,500
10,6698,500
10,6699,500
10,6700,500
10,6701,500
10,6702,500
10,6703,500
10,6704,500
10,6705,500
10,6706,500
10,6707,500
10,6708,500
10,6709,500
10,6710,500
10,6711,500
10,6712,500
10,6713,500
10,6714,500
10,6715,500
10,6716,500
10,6717,500
10,6718,500
10,6719,500
10,6720,500
10,6721,500
10,6722,500
10,6723,500
10,6724,500
10,6725,500
10,6726,500
10,6727,500
10,6728,500
10,6729,500
10,6730,500
10,6731,500
10,6732,500
10,6733,500
10,6734,500
10,6735,500
10,6736,500
10,6737,500
10,6738,500
10,6739,500
10,6740,500
10,6741,500
10,6742,500
10,6743,500
10,6744,500
10,6745,500
10,6746,500
10,6747,500
10,6748,500
10,6749,500
10,6750,500
10,6751,500
10,6752,500
10,6753,500
10,6754,500
10,6755,500
10,6756,500
10,6757,500
10,6758,500
10,6759,500
10,6760,500
10,6761,500
10,6762,500
10,6763,500
10,6764,500
10,6765,500
10,6766,500
10,6767,500
10,6768,500
10,6769,500
10,6770,500
10,6771,500
10,6772,500
10,6773,500
10,6774,500
10,6775,500
10,6776,500
10,6777,500
10,6778,500
10,6779,500
10,6780,500
10,6781,500
10,6782,500
10,6783,500
10,6784,500
10,6785,500
10,6786,500
10,6787,500
10,6788,500
10,6789,500
10,6790,500
10,6791,500
10,6792,500
10,6793,500
10,6794,500
10,6795,500
10,6796,500
10,6797,500
10,6798,500
10,6799,500
10,6800,500
10,6801,500
10,6802,500
10,6803,500
10,6804,500
10,6805,500
10,6806,500
10,6807,500
10,6808,500
10,6809,500
10,6810,500
10,6811,500
10,6812,500
10,6813,500
10,6814,500
10,6815,500
10,6816,500
10,6817,500
10,6818,500
10,6819,500
10,6820,500
10,6821,500
10,6822,500
10,6823,500
10,6824,500
10,6825,500
10,6826,500
10,6827,500
10,6828,500
10,6829,500
10,6830,500
10,6831,500
10,6832,500
10,6833,500
10,6834,500
10,6835,500
10,6836,500
10,6837,500
10,6838,500
10,6839,500
10,6840,500
10,6841,500
10,6842,500
10,6843,500
10,6844,500
10,6845,500
10,6846,500
10,6847,500
10,6848,500
10,6849,500
10,6850,500
10,6851,500
10,6852,500
10,6853,500
10,6854,500
10,6855,500
10,6856,500
10,6857,500
10,6858,500
10,6859,500
10,6860,500
10,6861,500
10,6862,500
10,6863,500
10,6864,500
10,6865,500
10,6866,500
10,6867,500
10,6868,500
10,6869,500
10,6870,500
10,6871,500
10,6872,500
10,6873,500
10,6874,500
10,6875,500
10,6876,500
10,6877,500
10,6878,500
10,6879,500
10,6880,500
10,6881,500
10,6882,500
10,6883,500
10,6884,500
10,6885,500
10,6886,500
10,6887,500
10,6888,500
10,6889,500
10,6890,500
10,6891,500
10,6892,500
10,6893,500
10,6894,500
10,6895,500
10,6896,500
10,6897,500
10,6898,500
10,6899,500
10,6900,500
10,6901,500
10,6902,500
10,6903,500
10,6904,500
10,6905,500
10,6906,500
10,6907,500
10,6908,500
10,6909,500
10,6910,500
10,6911,500
10,6912,500
10,6913,500
10,6914,500
10,6915,500
10,6916,500
10,6917,500
10,6918,500
10,6919,500
10,6920,500
10,6921,500
10,6922,500
10,6923,500
10,6924,500
10,6925,500
10,6926,500
10,6927,500
10,6928,500
10,6929,500
10,6930,500
10,6931,500
10,6932,500
10,6933,500
10,6934,500
10,6935,500
10,6936,500
10,6937,500
10,6938,500
10,6939,500
10,6940,500
10,6941,500
10,6942,500
10,6943,500
10,6944,500
10,6945,500
10,6946,500
10,6947,500
10,6948,500
10,6949,500
10,6950,500
10,6951,500
10,6952,500
10,6953,500
10,6954,500
10,6955,500
10,6956,500
10,6957,500
10,6958,500
10,6959,500
10,6960,500
10,6961,500
10,6962,500
10,6963,500
10,6964,500
10,6965,500
10,6966,500
10,6967,500
10,6968,500
10,6969,500
10,6970,500
10,6971,500
10,6972,500
10,6973,500
10,6974,500
10,6975,500
10,6976,500
10,6977,500
10,6978,500
10,6979,500
10,6980,500
10,6981,500
10,6982,500
10,6983,500
10,6984,500
10,6985,500
10,6986,500
10,6987,500
10,6988,500
10,6989,500
10,6990,500
10,6991,500
10,6992,500
10,6993,500
10,6994,500
10,6995,500
10,6996,500
10,6997,500
10,6998,500
10,6999,500
10,7000,500
10,7001,500
10,7002,500
10,7003,500
10,7004,500
10,7005,500
10,7006,500
10,7007,500
10,7008,500
10,7009,500
10,7010,500
10,7011,500
10,7012,500
10,7013,500
10,7014,500
10,7015,500
10,7016,500
10,7017,500
10,7018,500
10,7019,500
10,7020,500
10,7021,500
10,7022,500
10,7023,500
10,7024,500
10,7025,500
10,7026,500
10,7027,500
10,7028,500
10,7029,500
10,7030,500
10,7031,500
10,7032,500
10,7033,500
10,7034,500
10,7035,500
10,7036,500
10,7037,500
10,7038,500
10,7039,500
10,7040,500
10,7041,500
10,7042,500
10,7043,500
10,7044,500
10,7045,500
10,7046,500
10,7047,500
10,7048,500
10,7049,500
10,7050,500
10,7051,500
10,7052,500
10,7053,500
10,7054,500
10,7055,500
10,7056,500
10,7057,500
10,7058,500
10,7059,500
10,7060,500
10,7061,500
10,7062,500
10,7063,500
10,7064,500
10,7065,500
10,7066,500
10,7067,500
10,7068,500
10,7069,500
10,7070,500
10,7071,500
10,7072,500
10,7073,500
10,7074,500
10,7075,500
10,7076,500
10,7077,500
10,7078,500
10,7079,500
10,7080,500
10,7081,500
10,7082,500
10,7083,500
10,7084,500
10,7085,500
10,7086,500
10,7087,500
10,7088,500
10,7089,500
10,7090,500
10,7091,500
10,7092,500
10,7093,500
10,7094,500
10,7095,500
10,7096,500
10,7097,500
10,7098,500
10,7099,500
10,7100,500
10,7101,500
10,7102,500
10,7103,500
10,7104,500
10,7105,500
10,7106,500
10,7107,500
10,7108,500
10,7109,500
10,7110,500
10,7111,500
10,7112,500
10,7113,500
10,7114,500
10,7115,500
10,7116,500
10,7117,500
10,7118,500
10,7119,500
10,7120,500
10,7121,500
10,7122,500
10,7123,500
10,7124,500
10,7125,500
10,7126,500
10,7127,500
10,7128,500
10,7129,500
10,7130,500
10,7131,500
10,7132,500
10,7133,500
10,7134,500
10,7135,500
10,7136,500
10,7137,500
10,7138,500
10,7139,500
10,7140,500
10,7141,500
10,7142,500
10,7143,500
10,7144,500
10,7145,500
10,7146,500
10,7147,500
10,7148,500
10,7149,500
10,7150,500
10,7151,500
10,7152,500
10,7153,500
10,7154,500
10,7155,500
10,7156,500
10,7157,500
10,7158,500
10,7159,500
10,7160,500
10,7161,500
10,7162,500
10,7163,500
10,7164,500
10,7165,500
10,7166,500
10,7167,500
10,7168,500
10,7169,500
10,7170,500
10,7171,500
10,7172,500
10,7173,500
10,7174,500
10,7175,500
10,7176,500
10,7177,500
10,7178,500
10,7179,500
10,7180,500
10,7181,500
10,7182,500
10,7183,500
10,7184,500
10,7185,500
10,7186,500
10,7187,500
10,7188,500
10,7189,500
10,7190,500
10,7191,500
10,7192,500
10,7193,500
10,7194,500
10,7195,500
10,7196,500
10,7197,500
10,7198,500
10,7199,500
10,7200,500
10,7201,500
10,7202,500
10,7203,500
10,7204,500
10,7205,500
10,7206,500
10,7207,500
10,7208,500
10,7209,500
10,7210,500
10,7211,500
10,7212,500
10,7213,500
10,7214,500
10,7215,500
10,7216,500
10,7217,500
10,7218,500
10,7219,500
10,7220,500
10,7221,500
10,7222,500
10,7223,500
10,7224,500
10,7225,500
10,7226,500
10,7227,500
10,7228,500
10,7229,500
10,7230,500
10,7231,500
10,7232,500
10,7233,500
10,7234,500
10,7235,500
10,7236,500
10,7237,500
10,7238,500
10,7239,500
10,7240,500
10,7241,500
10,7242,500
10,7243,500
10,7244,500
10,7245,500
10,7246,500
10,7247,500
10,7248,500
10,7249,500
10,7250,500
10,7251,500
10,7252,500
10,7253,500
10,7254,500
10,7255,500
10,7256,500
10,7257,500
10,7258,500
10,7259,500
10,7260,500
10,7261,500
10,7262,500
10,7263,500
10,7264,500
10,7265,500
10,7266,500
10,7267,500
10,7268,500
10,7269,500
10,7270,500
10,7271,500
10,7272,500
10,7273,500
10,7274,500
10,7275,500
10,7276,500
10,7277,500
10,7278,500
10,7279,500
10,7280,500
10,7281,500
10,7282,500
10,7283,500
10,7284,500
10,7285,500
10,7286,500
10,7287,500
10,7288,500
10,7289,500
10,7290,500
10,7291,500
10,7292,500
10,7293,500
10,7294,500
10,7295,500
10,7296,500
10,7297,500
10,7298,500
10,7299,500
10,7300,500
10,7301,500
10,7302,500
10,7303,500
10,7304,500
10,7305,500
10,7306,500
10,7307,500
10,7308,500
10,7309,500
10,7310,500
10,7311,500
10,7312,500
10,7313,500
10,7314,500
10,7315,500
10,7316,500
10,7317,500
10,7318,500
10,7319,500
10,7320,500
10,7321,500
10,7322,500
10,7323,500
10,7324,500
10,7325,500
10,7326,500
10,7327,500
10,7328,500
10,7329,500
10,7330,500
10,7331,500
10,7332,500
10,7333,500
10,7334,500
10,7335,500
10,7336,500
10,7337,500
10,7338,500
10,7339,500
10,7340,500
10,7341,500
10,7342,500
10,7343,500
10,7344,500
10,7345,500
10,7346,500
10,7347,500
10,7348,500
10,7349,500
10,7350,500
10,7351,500
10,7352,500
10,7353,500
10,7354,500
10,7355,500
10,7356,500
10,7357,500
10,7358,500
10,7359,500
10,7360,500
10,7361,500
10,7362,500
10,7363,500
10,7364,500
10,7365,500
10,7366,500
10,7367,500
10,7368,500
10,7369,500
10,7370,500
10,7371,500
10,7372,500
10,7373,500
10,7374,500
10,7375,500
10,7376,500
10,7377,500
10,7378,500
10,7379,500
10,7380,500
10,7381,500
10,7382,500
10,7383,500
10,7384,500
10,7385,500
10,7386,500
10,7387,500
10,7388,500
10,7389,500
10,7390,500
10,7391,500
10,7392,500
10,7393,500
10,7394,500
10,7395,500
10,7396,500
10,7397,500
10,7398,500
10,7399,500
10,7400,500
10,7401,500
10,7402,500
10,7403,500
10,7404,500
10,7405,500
10,7406,500
10,7407,500
10,7408,500
10,7409,500
10,7410,500
10,7411,500
10,7412,500
10,7413,500
10,7414,500
10,7415,500
10,7416,500
10,7417,500
10,7418,500
10,7419,500
10,7420,500
10,7421,500
10,7422,500
10,7423,500
10,7424,500
10,7425,500
10,7426,500
10,7427,500
10,7428,500
10,7429,500
10,7430,500
10,7431,500
10,7432,500
10,7433,500
10,7434,500
10,7435,500
10,7436,500
10,7437,500
10,7438,500
10,7439,500
10,7440,500
10,7441,500
10,7442,500
10,7443,500
10,7444,500
10,7445,500
10,7446,500
10,7447,500
10,7448,500
10,7449,500
10,7450,500
10,7451,500
10,7452,500
10,7453,500
10,7454,500
10,7455,500
10,7456,500
10,7457,500
10,7458,500
10,7459,500
10,7460,500
10,7461,500
10,7462,500
10,7463,500
10,7464,500
10,7465,500
10,7466,500
10,7467,500
10,7468,500
10,7469,500
10,7470,500
10,7471,500
10,7472,500
10,7473,500
10,7474,500
10,7475,500
10,7476,500
10,7477,500
10,7478,500
10,7479,500
10,7480,500
10,7481,500
10,7482,500
10,7483,500
10,7484,500
10,7485,500
10,7486,500
10,7487,500
10,7488,500
10,7489,500
10,7490,500
10,7491,500
10,7492,500
10,7493,500
10,7494,500
10,7495,500
10,7496,500
10,7497,500
10,7498,500
10,7499,500
10,7500,500
10,7501,500
10,7502,500
10,7503,500
10,7504,500
10,7505,500
10,7506,500
10,7507,500
10,7508,500
10,7509,500
10,7510,500
10,7511,500
10,7512,500
10,7513,500
10,7514,500
10,7515,500
10,7516,500
10,7517,500
10,7518,500
10,7519,500
10,7520,500
10,7521,500
10,7522,500
10,7523,500
10,7524,500
10,7525,500
10,7526,500
10,7527,500
10,7528,500
10,7529,500
10,7530,500
10,7531,500
10,7532,500
10,7533,500
10,7534,500
10,7535,500
10,7536,500
10,7537,500
10,7538,500
10,7539,500
10,7540,500
10,7541,500
10,7542,500
10,7543,500
10,7544,500
10,7545,500
10,7546,500
10,7547,500
10,7548,500
10,7549,500
10,7550,500
10,7551,500
10,7552,500
10,7553,500
10,7554,500
10,7555,500
10,7556,500
10,7557,500
10,7558,500
10,7559,500
10,7560,500
10,7561,500
10,7562,500
10,7563,500
10,7564,500
10,7565,500
10,7566,500
10,7567,500
10,7568,500
10,7569,500
10,7570,500
10,7571,500
10,7572,500
10,7573,500
10,7574,500
10,7575,500
10,7576,500
10,7577,500
10,7578,500
10,7579,500
10,7580,500
10,7581,500
10,7582,500
10,7583,500
10,7584,500
10,7585,500
10,7586,500
10,7587,500
10,7588,500
10,7589,500
10,7590,500
10,7591,500
10,7592,500
10,7593,500
10,7594,500
10,7595,500
10,7596,500
10,7597,500
10,7598,500
10,7599,500
10,7600,500
10,7601,500
10,7602,500
10,7603,500
10,7604,500
10,7605,500
10,7606,500
10,7607,500
10,7608,500
10,7609,500
10,7610,500
10,7611,500
10,7612,500
10,7613,500
10,7614,500
10,7615,500
10,7616,500
10,7617,500
10,7618,500
10,7619,500
10,7620,500
10,7621,500
10,7622,500
10,7623,500
10,7624,500
10,7625,500
10,7626,500
10,7627,500
10,7628,500
10,7629,500
10,7630,500
10,7631,500
10,7632,500
10,7633,500
10,7634,500
10,7635,500
10,7636,500
10,7637,500
10,7638,500
10,7639,500
10,7640,500
10,7641,500
10,7642,500
10,7643,500
10,7644,500
10,7645,500
10,7646,500
10,7647,500
10,7648,500
10,7649,500
10,7650,500
10,7651,500
10,7652,500
10,7653,500
10,7654,500
10,7655,500
10,7656,500
10,7657,500
10,7658,500
10,7659,500
10,7660,500
10,7661,500
10,7662,500
10,7663,500
10,7664,500
10,7665,500
10,7666,500
10,7667,500
10,7668,500
10,7669,500
10,7670,500
10,7671,500
10,7672,500
10,7673,500
10,7674,500
10,7675,500
10,7676,500
10,7677,500
10,7678,500
10,7679,500
10,7680,500
10,7681,500
10,7682,500
10,7683,500
10,7684,500
10,7685,500
10,7686,500
10,7687,500
10,7688,500
10,7689,500
10,7690,500
10,7691,500
10,7692,500
10,7693,500
10,7694,500
10,7695,500
10,7696,500
10,7697,500
10,7698,500
10,7699,500
10,7700,500
10,7701,500
10,7702,500
10,7703,500
10,7704,500
10,7705,500
10,7706,500
10,7707,500
10,7708,500
10,7709,500
10,7710,500
10,7711,500
10,7712,500
10,7713,500
10,7714,500
10,7715,500
10,7716,500
10,7717,500
10,7718,500
10,7719,500
10,7720,500
10,7721,500
10,7722,500
10,7723,500
10,7724,500
10,7725,500
10,7726,500
10,7727,500
10,7728,500
10,7729,500
10,7730,500
10,7731,500
10,7732,500
10,7733,500
10,7734,500
10,7735,500
10,7736,500
10,7737,500
10,7738,500
10,7739,500
10,7740,500
10,7741,500
10,7742,500
10,7743,500
10,7744,500
10,7745,500
10,7746,500
10,7747,500
10,7748,500
10,7749,500
10,7750,500
10,7751,500
10,7752,500
10,7753,500
10,7754,500
10,7755,500
10,7756,500
10,7757,500
10,7758,500
10,7759,500
10,7760,500
10,7761,500
10,7762,500
10,7763,500
10,7764,500
10,7765,500
10,7766,500
10,7767,500
10,7768,500
10,7769,500
10,7770,500
10,7771,500
10,7772,500
10,7773,500
10,7774,500
10,7775,500
10,7776,500
10,7777,500
10,7778,500
10,7779,500
10,7780,500
10,7781,500
10,7782,500
10,7783,500
10,7784,500
10,7785,500
10,7786,500
10,7787,500
10,7788,500
10,7789,500
10,7790,500
10,7791,500
10,7792,500
10,7793,500
10,7794,500
10,7795,500
10,7796,500
10,7797,500
10,7798,500
10,7799,500
10,7800,500
10,7801,500
10,7802,500
10,7803,500
10,7804,500
10,7805,500
10,7806,500
10,7807,500
10,7808,500
10,7809,500
10,7810,500
10,7811,500
10,7812,500
10,7813,500
10,7814,500
10,7815,500
10,7816,500
10,7817,500
10,7818,500
10,7819,500
10,7820,500
10,7821,500
10,7822,500
10,7823,500
10,7824,500
10,7825,500
10,7826,500
10,7827,500
10,7828,500
10,7829,500
10,7830,500
10,7831,500
10,7832,500
10,7833,500
10,7834,500
10,7835,500
10,7836,500
10,7837,500
10,7838,500
10,7839,500
10,7840,500
10,7841,500
10,7842,500
10,7843,500
10,7844,500
10,7845,500
10,7846,500
10,7847,500
10,7848,500
10,7849,500
10,7850,500
10,7851,500
10,7852,500
10,7853,500
10,7854,500
10,7855,500
10,7856,500
10,7857,500
10,7858,500
10,7859,500
10,7860,500
10,7861,500
10,7862,500
10,7863,500
10,7864,500
10,7865,500
10,7866,500
10,7867,500
10,7868,500
10,7869,500
10,7870,500
10,7871,500
10,7872,500
10,7873,500
10,7874,500
10,7875,500
10,7876,500
10,7877,500
10,7878,500
10,7879,500
10,7880,500
10,7881,500
10,7882,500
10,7883,500
10,7884,500
10,7885,500
10,7886,500
10,7887,500
10,7888,500
10,7889,500
10,7890,500
10,7891,500
10,7892,500
10,7893,500
10,7894,500
10,7895,500
10,7896,500
10,7897,500
10,7898,500
10,7899,500
10,7900,500
10,7901,500
10,7902,500
10,7903,500
10,7904,500
10,7905,500
10,7906,500
10,7907,500
10,7908,500
10,7909,500
10,7910,500
10,7911,500
10,7912,500
10,7913,500
10,7914,500
10,7915,500
10,7916,500
10,7917,500
10,7918,500
10,7919,500
10,7920,500
10,7921,500
10,7922,500
10,7923,500
10,7924,500
10,7925,500
10,7926,500
10,7927,500
10,7928,500
10,7929,500
10,7930,500
10,7931,500
10,7932,500
10,7933,500
10,7934,500
10,7935,500
10,7936,500
10,7937,500
10,7938,500
10,7939,500
10,7940,500
10,7941,500
10,7942,500
10,7943,500
10,7944,500
10,7945,500
10,7946,500
10,7947,500
10,7948,500
10,7949,500
10,7950,500
10,7951,500
10,7952,500
10,7953,500
10,7954,500
10,7955,500
10,7956,500
10,7957,500
10,7958,500
10,7959,500
10,7960,500
10,7961,500
10,7962,500
10,7963,500
10,7964,500
10,7965,500
10,7966,500
10,7967,500
10,7968,500
10,7969,500
10,7970,500
10,7971,500
10,7972,500
10,7973,500
10,7974,500
10,7975,500
10,7976,500
10,7977,500
10,7978,500
10,7979,500
10,7980,500
10,7981,500
10,7982,500
10,7983,500
10,7984,500
10,7985,500
10,7986,500
10,7987,500
10,7988,500
10,7989,500
10,7990,500
10,7991,500
10,7992,500
10,7993,500
10,7994,500
10,7995,500
10,7996,500
10,7997,500
10,7998,500
10,7999,500
10,8000,500
10,8001,500
10,8002,500
10,8003,500
10,8004,500
10,8005,500
10,8006,500
10,8007,500
10,8008,500
10,8009,500
10,8010,500
10,8011,500
10,8012,500
10,8013,500
10,8014,500
10,8015,500
10,8016,500
10,8017,500
10,8018,500
10,8019,500
10,8020,500
10,8021,500
10,8022,500
10,8023,500
10,8024,500
10,8025,500
10,8026,500
10,8027,500
10,8028,500
10,8029,500
10,8030,500
10,8031,500
10,8032,500
10,8033,500
10,8034,500
10,8035,500
10,8036,500
10,8037,500
10,8038,500
10,8039,500
10,8040,500
10,8041,500
10,8042,500
10,8043,500
10,8044,500
10,8045,500
10,8046,500
10,8047,500
10,8048,500
10,8049,500
10,8050,500
10,8051,500
10,8052,500
10,8053,500
10,8054,500
10,8055,500
10,8056,500
10,8057,500
10,8058,500
10,8059,500
10,8060,500
10,8061,500
10,8062,500
10,8063,500
10,8064,500
10,8065,500
10,8066,500
10,8067,500
10,8068,500
10,8069,500
10,8070,500
10,8071,500
10,8072,500
10,8073,500
10,8074,500
10,8075,500
10,8076,500
10,8077,500
10,8078,500
10,8079,500
10,8080,500
10,8081,500
10,8082,500
10,8083,500
10,8084,500
10,8085,500
10,8086,500
10,8087,500
10,8088,500
10,8089,500
10,8090,500
10,8091,500
10,8092,500
10,8093,500
10,8094,500
10,8095,500
10,8096,500
10,8097,500
10,8098,500
10,8099,500
10,8100,500
10,8101,500
10,8102,500
10,8103,500
10,8104,500
10,8105,500
10,8106,500
10,8107,500
10,8108,500
10,8109,500
10,8110,500
10,8111,500
10,8112,500
10,8113,500
10,8114,500
10,8115,500
10,8116,500
10,8117,500
10,8118,500
10,8119,500
10,8120,500
10,8121,500
10,8122,500
10,8123,500
10,8124,500
10,8125,500
10,8126,500
10,8127,500
10,8128,500
10,8129,500
10,8130,500
10,8131,500
10,8132,500
10,8133,500
10,8134,500
10,8135,500
10,8136,500
10,8137,500
10,8138,500
10,8139,500
10,8140,500
10,8141,500
10,8142,500
10,8143,500
10,8144,500
10,8145,500
10,8146,500
10,8147,500
10,8148,500
10,8149,500
10,8150,500
10,8151,500
10,8152,500
10,8153,500
10,8154,500
10,8155,500
10,8156,500
10,8157,500
10,8158,500
10,8159,500
10,8160,500
10,8161,500
10,8162,500
10,8163,500
10,8164,500
10,8165,500
10,8166,500
10,8167,500
10,8168,500
10,8169,500
10,8170,500
10,8171,500
10,8172,500
10,8173,500
10,8174,500
10,8175,500
10,8176,500
10,8177,500
10,8178,500
10,8179,500
10,8180,500
10,8181,500
10,8182,500
10,8183,500
10,8184,500
10,8185,500
10,8186,500
10,8187,500
10,8188,500
10,8189,500
10,8190,500
10,8191,500
10,8192,500
10,8193,500
10,8194,500
10,8195,500
10,8196,500
10,8197,500
10,8198,500
10,8199,500
10,8200,500
10,8201,500
10,8202,500
10,8203,500
10,8204,500
10,8205,500
10,8206,500
10,8207,500
10,8208,500
10,8209,500
10,8210,500
10,8211,500
10,8212,500
10,8213,500
10,8214,500
10,8215,500
10,8216,500
10,8217,500
10,8218,500
10,8219,500
10,8220,500
10,8221,500
10,8222,500
10,8223,500
10,8224,500
10,8225,500
10,8226,500
10,8227,500
10,8228,500
10,8229,500
10,8230,500
10,8231,500
10,8232,500
10,8233,500
10,8234,500
10,8235,500
10,8236,500
10,8237,500
10,8238,500
10,8239,500
10,8240,500
10,8241,500
10,8242,500
10,8243,500
10,8244,500
10,8245,500
10,8246,500
10,8247,500
10,8248,500
10,8249,500
10,8250,500
10,8251,500
10,8252,500
10,8253,500
10,8254,500
10,8255,500
10,8256,500
10,8257,500
10,8258,500
10,8259,500
10,8260,500
10,8261,500
10,8262,500
10,8263,500
10,8264,500
10,8265,500
10,8266,500
10,8267,500
10,8268,500
10,8269,500
10,8270,500
10,8271,500
10,8272,500
10,8273,500
10,8274,500
10,8275,500
10,8276,500
10,8277,500
10,8278,500
10,8279,500
10,8280,500
10,8281,500
10,8282,500
10,8283,500
10,8284,500
10,8285,500
10,8286,500
10,8287,500
10,8288,500
10,8289,500
10,8290,500
10,8291,500
10,8292,500
10,8293,500
10,8294,500
10,8295,500
10,8296,500
10,8297,500
10,8298,500
10,8299,500
10,8300,500
10,8301,500
10,8302,500
10,8303,500
10,8304,500
10,8305,500
10,8306,500
10,8307,500
10,8308,500
10,8309,500
10,8310,500
10,8311,500
10,8312,500
10,8313,500
10,8314,500
10,8315,500
10,8316,500
10,8317,500
10,8318,500
10,8319,500
10,8320,500
10,8321,500
10,8322,500
10,8323,500
10,8324,500
10,8325,500
10,8326,500
10,8327,500
10,8328,500
10,8329,500
10,8330,500
10,8331,500
10,8332,500
10,8333,500
10,8334,500
10,8335,500
10,8336,500
10,8337,500
10,8338,500
10,8339,500
10,8340,500
10,8341,500
10,8342,500
10,8343,500
10,8344,500
10,8345,500
10,8346,500
10,8347,500
10,8348,500
10,8349,500
10,8350,500
10,8351,500
10,8352,500
10,8353,500
10,8354,500
10,8355,500
10,8356,500
10,8357,500
10,8358,500
10,8359,500
10,8360,500
10,8361,500
10,8362,500
10,8363,500
10,8364,500
10,8365,500
10,8366,500
10,8367,500
10,8368,500
10,8369,500
10,8370,500
10,8371,500
10,8372,500
10,8373,500
10,8374,500
10,8375,500
10,8376,500
10,8377,500
10,8378,500
10,8379,500
10,8380,500
10,8381,500
10,8382,500
10,8383,500
10,8384,500
10,8385,500
10,8386,500
10,8387,500
10,8388,500
10,8389,500
10,8390,500
10,8391,500
10,8392,500
10,8393,500
10,8394,500
10,8395,500
10,8396,500
10,8397,500
10,8398,500
10,8399,500
10,8400,500
10,8401,500
10,8402,500
10,8403,500
10,8404,500
10,8405,500
10,8406,500
10,8407,500
10,8408,500
10,8409,500
10,8410,500
10,8411,500
10,8412,500
10,8413,500
10,8414,500
10,8415,500
10,8416,500
10,8417,500
10,8418,500
10,8419,500
10,8420,500
10,8421,500
10,8422,500
10,8423,500
10,8424,500
10,8425,500
10,8426,500
10,8427,500
10,8428,500
10,8429,500
10,8430,500
10,8431,500
10,8432,500
10,8433,500
10,8434,500
10,8435,500
10,8436,500
10,8437,500
10,8438,500
10,8439,500
10,8440,500
10,8441,500
10,8442,500
10,8443,500
10,8444,500
10,8445,500
10,8446,500
10,8447,500
10,8448,500
10,8449,500
10,8450,500
10,8451,500
10,8452,500
10,8453,500
10,8454,500
10,8455,500
10,8456,500
10,8457,500
10,8458,500
10,8459,500
10,8460,500
10,8461,500
10,8462,500
10,8463,500
10,8464,500
10,8465,500
10,8466,500
10,8467,500
10,8468,500
10,8469,500
10,8470,500
10,8471,500
10,8472,500
10,8473,500
10,8474,500
10,8475,500
10,8476,500
10,8477,500
10,8478,500
10,8479,500
10,8480,500
10,8481,500
10,8482,500
10,8483,500
10,8484,500
10,8485,500
10,8486,500
10,8487,500
10,8488,500
10,8489,500
10,8490,500
10,8491,500
10,8492,500
10,8493,500
10,8494,500
10,8495,500
10,8496,500
10,8497,500
10,8498,500
10,8499,500
10,8500,500
10,8501,500
10,8502,500
10,8503,500
10,8504,500
10,8505,500
10,8506,500
10,8507,500
10,8508,500
10,8509,500
10,8510,500
10,8511,500
10,8512,500
10,8513,500
10,8514,500
10,8515,500
10,8516,500
10,8517,500
10,8518,500
10,8519,500
10,8520,500
10,8521,500
10,8522,500
10,8523,500
10,8524,500
10,8525,500
10,8526,500
10,8527,500
10,8528,500
10,8529,500
10,8530,500
10,8531,500
10,8532,500
10,8533,500
10,8534,500
10,8535,500
10,8536,500
10,8537,500
10,8538,500
10,8539,500
10,8540,500
10,8541,500
10,8542,500
10,8543,500
10,8544,500
10,8545,500
10,8546,500
10,8547,500
10,8548,500
10,8549,500
10,8550,500
10,8551,500
10,8552,500
10,8553,500
10,8554,500
10,8555,500
10,8556,500
10,8557,500
10,8558,500
10,8559,500
10,8560,500
10,8561,500
10,8562,500
10,8563,500
10,8564,500
10,8565,500
10,8566,500
10,8567,500
10,8568,500
10,8569,500
10,8570,500
10,8571,500
10,8572,500
10,8573,500
10,8574,500
10,8575,500
10,8576,500
10,8577,500
10,8578,500
10,8579,500
10,8580,500
10,8581,500
10,8582,500
10,8583,500
10,8584,500
10,8585,500
10,8586,500
10,8587,500
10,8588,500
10,8589,500
10,8590,500
10,8591,500
10,8592,500
10,8593,500
10,8594,500
10,8595,500
10,8596,500
10,8597,500
10,8598,500
10,8599,500
10,8600,500
10,8601,500
10,8602,500
10,8603,500
10,8604,500
10,8605,500
10,8606,500
10,8607,500
10,8608,500
10,8609,500
10,8610,500
10,8611,500
10,8612,500
10,8613,500
10,8614,500
10,8615,500
10,8616,500
10,8617,500
10,8618,500
10,8619,500
10,8620,500
10,8621,500
10,8622,500
10,8623,500
10,8624,500
10,8625,500
10,8626,500
10,8627,500
10,8628,500
10,8629,500
10,8630,500
10,8631,500
10,8632,500
10,8633,500
10,8634,500
10,8635,500
10,8636,500
10,8637,500
10,8638,500
10,8639,500
10,8640,500
10,8641,500
10,8642,500
10,8643,500
10,8644,500
10,8645,500
10,8646,500
10,8647,500
10,8648,500
10,8649,500
10,8650,500
10,8651,500
10,8652,500
10,8653,500
10,8654,500
10,8655,500
10,8656,500
10,8657,500
10,8658,500
10,8659,500
10,8660,500
10,8661,500
10,8662,500
10,8663,500
10,8664,500
10,8665,500
10,8666,500
10,8667,500
10,8668,500
10,8669,500
10,8670,500
10,8671,500
10,8672,500
10,8673,500
10,8674,500
10,8675,500
10,8676,500
10,8677,500
10,8678,500
10,8679,500
10,8680,500
10,8681,500
10,8682,500
10,8683,500
10,8684,500
10,8685,500
10,8686,500
10,8687,500
10,8688,500
10,8689,500
10,8690,500
10,8691,500
10,8692,500
10,8693,500
10,8694,500
10,8695,500
10,8696,500
10,8697,500
10,8698,500
10,8699,500
10,8700,500
10,8701,500
10,8702,500
10,8703,500
10,8704,500
10,8705,500
10,8706,500
10,8707,500
10,8708,500
10,8709,500
10,8710,500
10,8711,500
10,8712,500
10,8713,500
10,8714,500
10,8715,500
10,8716,500
10,8717,500
10,8718,500
10,8719,500
10,8720,500
10,8721,500
10,8722,500
10,8723,500
10,8724,500
10,8725,500
10,8726,500
10,8727,500
10,8728,500
10,8729,500
10,8730,500
10,8731,500
10,8732,500
10,8733,500
10,8734,500
10,8735,500
10,8736,500
10,8737,500
10,8738,500
10,8739,500
10,8740,500
10,8741,500
10,8742,500
10,8743,500
10,8744,500
10,8745,500
10,8746,500
10,8747,500
10,8748,500
10,8749,500
10,8750,500
10,8751,500
10,8752,500
10,8753,500
10,8754,500
10,8755,500
10,8756,500
10,8757,500
10,8758,500
10,8759,500
10,8760,500
10,8761,500
10,8762,500
10,8763,500
10,8764,500
10,8765,500
10,8766,500
10,8767,500
10,8768,500
10,8769,500
10,8770,500
10,8771,500
10,8772,500
10,8773,500
10,8774,500
10,8775,500
10,8776,500
10,8777,500
10,8778,500
10,8779,500
10,8780,500
10,8781,500
10,8782,500
10,8783,500
10,8784,500
10,8785,500
10,8786,500
10,8787,500
10,8788,500
10,8789,500
10,8790,500
10,8791,500
10,8792,500
10,8793,500
10,8794,500
10,8795,500
10,8796,500
10,8797,500
10,8798,500
10,8799,500
10,8800,500
10,8801,500
10,8802,500
10,8803,500
10,8804,500
10,8805,500
10,8806,500
10,8807,500
10,8808,500
10,8809,500
10,8810,500
10,8811,500
10,8812,500
10,8813,500
10,8814,500
10,8815,500
10,8816,500
10,8817,500
10,8818,500
10,8819,500
10,8820,500
10,8821,500
10,8822,500
10,8823,500
10,8824,500
10,8825,500
10,8826,500
10,8827,500
10,8828,500
10,8829,500
10,8830,500
10,8831,500
10,8832,500
10,8833,500
10,8834,500
10,8835,500
10,8836,500
10,8837,500
10,8838,500
10,8839,500
10,8840,500
10,8841,500
10,8842,500
10,8843,500
10,8844,500
10,8845,500
10,8846,500
10,8847,500
10,8848,500
10,8849,500
10,8850,500
10,8851,500
10,8852,500
10,8853,500
10,8854,500
10,8855,500
10,8856,500
10,8857,500
10,8858,500
10,8859,500
10,8860,500
10,8861,500
10,8862,500
10,8863,500
10,8864,500
10,8865,500
10,8866,500
10,8867,500
10,8868,500
10,8869,500
10,8870,500
10,8871,500
10,8872,500
10,8873,500
10,8874,500
10,8875,500
10,8876,500
10,8877,500
10,8878,500
10,8879,500
10,8880,500
10,8881,500
10,8882,500
10,8883,500
10,8884,500
10,8885,500
10,8886,500
10,8887,500
10,8888,500
10,8889,500
10,8890,500
10,8891,500
10,8892,500
10,8893,500
10,8894,500
10,8895,500
10,8896,500
10,8897,500
10,8898,500
10,8899,500
10,8900,500
10,8901,500
10,8902,500
10,8903,500
10,8904,500
10,8905,500
10,8906,500
10,8907,500
10,8908,500
10,8909,500
10,8910,500
10,8911,500
10,8912,500
10,8913,500
10,8914,500
10,8915,500
10,8916,500
10,8917,500
10,8918,500
10,8919,500
10,8920,500
10,8921,500
10,8922,500
10,8923,500
10,8924,500
10,8925,500
10,8926,500
10,8927,500
10,8928,500
10,8929,500
10,8930,500
10,8931,500
10,8932,500
10,8933,500
10,8934,500
10,8935,500
10,8936,500
10,8937,500
10,8938,500
10,8939,500
10,8940,500
10,8941,500
10,8942,500
10,8943,500
10,8944,500
10,8945,500
10,8946,500
10,8947,500
10,8948,500
10,8949,500
10,8950,500
10,8951,500
10,8952,500
10,8953,500
10,8954,500
10,8955,500
10,8956,500
10,8957,500
10,8958,500
10,8959,500
10,8960,500
10,8961,500
10,8962,500
10,8963,500
10,8964,500
10,8965,500
10,8966,500
10,8967,500
10,8968,500
10,8969,500
10,8970,500
10,8971,500
10,8972,500
10,8973,500
10,8974,500
10,8975,500
10,8976,500
10,8977,500
10,8978,500
10,8979,500
10,8980,500
10,8981,500
10,8982,500
10,8983,500
10,8984,500
10,8985,500
10,8986,500
10,8987,500
10,8988,500
10,8989,500
10,8990,500
10,8991,500
10,8992,500
10,8993,500
10,8994,500
10,8995,500
10,8996,500
10,8997,500
10,8998,500
10,8999,500
10,9000,500
10,9001,500
10,9002,500
10,9003,500
10,9004,500
10,9005,500
10,9006,500
10,9007,500
10,9008,500
10,9009,500
10,9010,500
10,9011,500
10,9012,500
10,9013,500
10,9014,500
10,9015,500
10,9016,500
10,9017,500
10,9018,500
10,9019,500
10,9020,500
10,9021,500
10,9022,500
10,9023,500
10,9024,500
10,9025,500
10,9026,500
10,9027,500
10,9028,500
10,9029,500
10,9030,500
10,9031,500
10,9032,500
10,9033,500
10,9034,500
10,9035,500
10,9036,500
10,9037,500
10,9038,500
10,9039,500
10,9040,500
10,9041,500
10,9042,500
10,9043,500
10,9044,500
10,9045,500
10,9046,500
10,9047,500
10,9048,500
10,9049,500
10,9050,500
10,9051,500
10,9052,500
10,9053,500
10,9054,500
10,9055,500
10,9056,500
10,9057,500
10,9058,500
10,9059,500
10,9060,500
10,9061,500
10,9062,500
10,9063,500
10,9064,500
10,9065,500
10,9066,500
10,9067,500
10,9068,500
10,9069,500
10,9070,500
10,9071,500
10,9072,500
10,9073,500
10,9074,500
10,9075,500
10,9076,500
10,9077,500
10,9078,500
10,9079,500
10,9080,500
10,9081,500
10,9082,500
10,9083,500
10,9084,500
10,9085,500
10,9086,500
10,9087,500
10,9088,500
10,9089,500
10,9090,500
10,9091,500
10,9092,500
10,9093,500
10,9094,500
10,9095,500
10,9096,500
10,9097,500
10,9098,500
10,9099,500
10,9100,500
10,9101,500
10,9102,500
10,9103,500
10,9104,500
10,9105,500
10,9106,500
10,9107,500
10,9108,500
10,9109,500
10,9110,500
10,9111,500
10,9112,500
10,9113,500
10,9114,500
10,9115,500
10,9116,500
10,9117,500
10,9118,500
10,9119,500
10,9120,500
10,9121,500
10,9122,500
10,9123,500
10,9124,500
10,9125,500
10,9126,500
10,9127,500
10,9128,500
10,9129,500
10,9130,500
10,9131,500
10,9132,500
10,9133,500
10,9134,500
10,9135,500
10,9136,500
10,9137,500
10,9138,500
10,9139,500
10,9140,500
10,9141,500
10,9142,500
10,9143,500
10,9144,500
10,9145,500
10,9146,500
10,9147,500
10,9148,500
10,9149,500
10,9150,500
10,9151,500
10,9152,500
10,9153,500
10,9154,500
10,9155,500
10,9156,500
10,9157,500
10,9158,500
10,9159,500
10,9160,500
10,9161,500
10,9162,500
10,9163,500
10,9164,500
10,9165,500
10,9166,500
10,9167,500
10,9168,500
10,9169,500
10,9170,500
10,9171,500
10,9172,500
10,9173,500
10,9174,500
10,9175,500
10,9176,500
10,9177,500
10,9178,500
10,9179,500
10,9180,500
10,9181,500
10,9182,500
10,9183,500
10,9184,500
10,9185,500
10,9186,500
10,9187,500
10,9188,500
10,9189,500
10,9190,500
10,9191,500
10,9192,500
10,9193,500
10,9194,500
10,9195,500
10,9196,500
10,9197,500
10,9198,500
10,9199,500
10,9200,500
10,9201,500
10,9202,500
10,9203,500
10,9204,500
10,9205,500
10,9206,500
10,9207,500
10,9208,500
10,9209,500
10,9210,500
10,9211,500
10,9212,500
10,9213,500
10,9214,500
10,9215,500
10,9216,500
10,9217,500
10,9218,500
10,9219,500
10,9220,500
10,9221,500
10,9222,500
10,9223,500
10,9224,500
10,9225,500
10,9226,500
10,9227,500
10,9228,500
10,9229,500
10,9230,500
10,9231,500
10,9232,500
10,9233,500
10,9234,500
10,9235,500
10,9236,500
10,9237,500
10,9238,500
10,9239,500
10,9240,500
10,9241,500
10,9242,500
10,9243,500
10,9244,500
10,9245,500
10,9246,500
10,9247,500
10,9248,500
10,9249,500
10,9250,500
10,9251,500
10,9252,500
10,9253,500
10,9254,500
10,9255,500
10,9256,500
10,9257,500
10,9258,500
10,9259,500
10,9260,500
10,9261,500
10,9262,500
10,9263,500
10,9264,500
10,9265,500
10,9266,500
10,9267,500
10,9268,500
10,9269,500
10,9270,500
10,9271,500
10,9272,500
10,9273,500
10,9274,500
10,9275,500
10,9276,500
10,9277,500
10,9278,500
10,9279,500
10,9280,500
10,9281,500
10,9282,500
10,9283,500
10,9284,500
10,9285,500
10,9286,500
10,9287,500
10,9288,500
10,9289,500
10,9290,500
10,9291,500
10,9292,500
10,9293,500
10,9294,500
10,9295,500
10,9296,500
10,9297,500
10,9298,500
10,9299,500
10,9300,500
10,9301,500
10,9302,500
10,9303,500
10,9304,500
10,9305,500
10,9306,500
10,9307,500
10,9308,500
10,9309,500
10,9310,500
10,9311,500
10,9312,500
10,9313,500
10,9314,500
10,9315,500
10,9316,500
10,9317,500
10,9318,500
10,9319,500
10,9320,500
10,9321,500
10,9322,500
10,9323,500
10,9324,500
10,9325,500
10,9326,500
10,9327,500
10,9328,500
10,9329,500
10,9330,500
10,9331,500
10,9332,500
10,9333,500
10,9334,500
10,9335,500
10,9336,500
10,9337,500
10,9338,500
10,9339,500
10,9340,500
10,9341,500
10,9342,500
10,9343,500
10,9344,500
10,9345,500
10,9346,500
10,9347,500
10,9348,500
10,9349,500
10,9350,500
10,9351,500
10,9352,500
10,9353,500
10,9354,500
10,9355,500
10,9356,500
10,9357,500
10,9358,500
10,9359,500
10,9360,500
10,9361,500
10,9362,500
10,9363,500
10,9364,500
10,9365,500
10,9366,500
10,9367,500
10,9368,500
10,9369,500
10,9370,500
10,9371,500
10,9372,500
10,9373,500
10,9374,500
10,9375,500
10,9376,500
10,9377,500
10,9378,500
10,9379,500
10,9380,500
10,9381,500
10,9382,500
10,9383,500
10,9384,500
10,9385,500
10,9386,500
10,9387,500
10,9388,500
10,9389,500
10,9390,500
10,9391,500
10,9392,500
10,9393,500
10,9394,500
10,9395,500
10,9396,500
10,9397,500
10,9398,500
10,9399,500
10,9400,500
10,9401,500
10,9402,500
10,9403,500
10,9404,500
10,9405,500
10,9406,500
10,9407,500
10,9408,500
10,9409,500
10,9410,500
10,9411,500
10,9412,500
10,9413,500
10,9414,500
10,9415,500
10,9416,500
10,9417,500
10,9418,500
10,9419,500
10,9420,500
10,9421,500
10,9422,500
10,9423,500
10,9424,500
10,9425,500
10,9426,500
10,9427,500
10,9428,500
10,9429,500
10,9430,500
10,9431,500
10,9432,500
10,9433,500
10,9434,500
10,9435,500
10,9436,500
10,9437,500
10,9438,500
10,9439,500
10,9440,500
10,9441,500
10,9442,500
10,9443,500
10,9444,500
10,9445,500
10,9446,500
10,9447,500
10,9448,500
10,9449,500
10,9450,500
10,9451,500
10,9452,500
10,9453,500
10,9454,500
10,9455,500
10,9456,500
10,9457,500
10,9458,500
10,9459,500
10,9460,500
10,9461,500
10,9462,500
10,9463,500
10,9464,500
10,9465,500
10,9466,500
10,9467,500
10,9468,500
10,9469,500
10,9470,500
10,9471,500
10,9472,500
10,9473,500
10,9474,500
10,9475,500
10,9476,500
10,9477,500
10,9478,500
10,9479,500
10,9480,500
10,9481,500
10,9482,500
10,9483,500
10,9484,500
10,9485,500
10,9486,500
10,9487,500
10,9488,500
10,9489,500
10,9490,500
10,9491,500
10,9492,500
10,9493,500
10,9494,500
10,9495,500
10,9496,500
10,9497,500
10,9498,500
10,9499,500
10,9500,500
10,9501,500
10,9502,500
10,9503,500
10,9504,500
10,9505,500
10,9506,500
10,9507,500
10,9508,500
10,9509,500
10,9510,500
10,9511,500
10,9512,500
10,9513,500
10,9514,500
10,9515,500
10,9516,500
10,9517,500
10,9518,500
10,9519,500
10,9520,500
10,9521,500
10,9522,500
10,9523,500
10,9524,500
10,9525,500
10,9526,500
10,9527,500
10,9528,500
10,9529,500
10,9530,500
10,9531,500
10,9532,500
10,9533,500
10,9534,500
10,9535,500
10,9536,500
10,9537,500
10,9538,500
10,9539,500
10,9540,500
10,9541,500
10,9542,500
10,9543,500
10,9544,500
10,9545,500
10,9546,500
10,9547,500
10,9548,500
10,9549,500
10,9550,500
10,9551,500
10,9552,500
10,9553,500
10,9554,500
10,9555,500
10,9556,500
10,9557,500
10,9558,500
10,9559,500
10,9560,500
10,9561,500
10,9562,500
10,9563,500
10,9564,500
10,9565,500
10,9566,500
10,9567,500
10,9568,500
10,9569,500
10,9570,500
10,9571,500
10,9572,500
10,9573,500
10,9574,500
10,9575,500
10,9576,500
10,9577,500
10,9578,500
10,9579,500
10,9580,500
10,9581,500
10,9582,500
10,9583,500
10,9584,500
10,9585,500
10,9586,500
10,9587,500
10,9588,500
10,9589,500
10,9590,500
10,9591,500
10,9592,500
10,9593,500
10,9594,500
10,9595,500
10,9596,500
10,9597,500
10,9598,500
10,9599,500
10,9600,500
10,9601,500
10,9602,500
10,9603,500
10,9604,500
10,9605,500
10,9606,500
10,9607,500
10,9608,500
10,9609,500
10,9610,500
10,9611,500
10,9612,500
10,9613,500
10,9614,500
10,9615,500
10,9616,500
10,9617,500
10,9618,500
10,9619,500
10,9620,500
10,9621,500
10,9622,500
10,9623,500
10,9624,500
10,9625,500
10,9626,500
10,9627,500
10,9628,500
10,9629,500
10,9630,500
10,9631,500
10,9632,500
10,9633,500
10,9634,500
10,9635,500
10,9636,500
10,9637,500
10,9638,500
10,9639,500
10,9640,500
10,9641,500
10,9642,500
10,9643,500
10,9644,500
10,9645,500
10,9646,500
10,9647,500
10,9648,500
10,9649,500
10,9650,500
10,9651,500
10,9652,500
10,9653,500
10,9654,500
10,9655,500
10,9656,500
10,9657,500
10,9658,500
10,9659,500
10,9660,500
10,9661,500
10,9662,500
10,9663,500
10,9664,500
10,9665,500
10,9666,500
10,9667,500
10,9668,500
10,9669,500
10,9670,500
10,9671,500
10,9672,500
10,9673,500
10,9674,500
10,9675,500
10,9676,500
10,9677,500
10,9678,500
10,9679,500
10,9680,500
10,9681,500
10,9682,500
10,9683,500
10,9684,500
10,9685,500
10,9686,500
10,9687,500
10,9688,500
10,9689,500
10,9690,500
10,9691,500
10,9692,500
10,9693,500
10,9694,500
10,9695,500
10,9696,500
10,9697,500
10,9698,500
10,9699,500
10,9700,500
10,9701,500
10,9702,500
10,9703,500
10,9704,500
10,9705,500
10,9706,500
10,9707,500
10,9708,500
10,9709,500
10,9710,500
10,9711,500
10,9712,500
10,9713,500
10,9714,500
10,9715,500
10,9716,500
10,9717,500
10,9718,500
10,9719,500
10,9720,500
10,9721,500
10,9722,500
10,9723,500
10,9724,500
10,9725,500
10,9726,500
10,9727,500
10,9728,500
10,9729,500
10,9730,500
10,9731,500
10,9732,500
10,9733,500
10,9734,500
10,9735,500
10,9736,500
10,9737,500
10,9738,500
