updtw1,updtw2,storage
1,9738,50
2,9738,100
3,9738,150
4,9738,200
5,9738,250
6,9738,300
7,9738,350
8,9738,400
9,9738,450
10,9738,500
11,9738,550
12,9738,600
13,9738,650
14,9738,700
15,9738,750
16,9738,800
17,9738,850
18,9738,900
19,9738,950
20,9738,1000
21,9738,1050
22,9738,1100
23,9738,1150
24,9738,1200
25,9738,1250
26,9738,1300
27,9738,1350
28,9738,1400
29,9738,1450
30,9738,1500
31,9738,1550
32,9738,1600
33,9738,1650
34,9738,1700
35,9738,1750
36,9738,1800
37,9738,1850
38,9738,1900
39,9738,1950
40,9738,2000
41,9738,2050
42,9738,2100
43,9738,2150
44,9738,2200
45,9738,2250
46,9738,2300
47,9738,2350
48,9738,2400
49,9738,2450
50,9738,2500
51,9738,2550
52,9738,2600
53,9738,2650
54,9738,2700
55,9738,2750
56,9738,2800
57,9738,2850
58,9738,2900
59,9738,2950
60,9738,3000
61,9738,3050
62,9738,3100
63,9738,3150
64,9738,3200
65,9738,3250
66,9738,3300
67,9738,3350
68,9738,3400
69,9738,3450
70,9738,3500
71,9738,3550
72,9738,3600
73,9738,3650
74,9738,3700
75,9738,3750
76,9738,3800
77,9738,3850
78,9738,3900
79,9738,3950
80,9738,4000
81,9738,4050
82,9738,4100
83,9738,4150
84,9738,4200
85,9738,4250
86,9738,4300
87,9738,4350
88,9738,4400
89,9738,4450
90,9738,4500
91,9738,4550
92,9738,4600
93,9738,4650
94,9738,4700
95,9738,4750
96,9738,4800
97,9738,4850
98,9738,4900
99,9738,4950
100,9738,5000
101,9738,5050
102,9738,5100
103,9738,5150
104,9738,5200
105,9738,5250
106,9738,5300
107,9738,5350
108,9738,5400
109,9738,5450
110,9738,5500
111,9738,5550
112,9738,5600
113,9738,5650
114,9738,5700
115,9738,5750
116,9738,5800
117,9738,5850
118,9738,5900
119,9738,5950
120,9738,6000
121,9738,6050
122,9738,6100
123,9738,6150
124,9738,6200
125,9738,6250
126,9738,6300
127,9738,6350
128,9738,6400
129,9738,6450
130,9738,6500
131,9738,6550
132,9738,6600
133,9738,6650
134,9738,6700
135,9738,6750
136,9738,6800
137,9738,6850
138,9738,6900
139,9738,6950
140,9738,7000
141,9738,7050
142,9738,7100
143,9738,7150
144,9738,7200
145,9738,7250
146,9738,7300
147,9738,7350
148,9738,7400
149,9738,7450
150,9738,7500
151,9738,7550
152,9738,7600
153,9738,7650
154,9738,7700
155,9738,7750
156,9738,7800
157,9738,7850
158,9738,7900
159,9738,7950
160,9738,8000
161,9738,8050
162,9738,8100
163,9738,8150
164,9738,8200
165,9738,8250
166,9738,8300
167,9738,8350
168,9738,8400
169,9738,8450
170,9738,8500
171,9738,8550
172,9738,8600
173,9738,8650
174,9738,8700
175,9738,8750
176,9738,8800
177,9738,8850
178,9738,8900
179,9738,8950
180,9738,9000
181,9738,9050
182,9738,9100
183,9738,9150
184,9738,9200
185,9738,9250
186,9738,9300
187,9738,9350
188,9738,9400
189,9738,9450
190,9738,9500
191,9738,9550
192,9738,9600
193,9738,9650
194,9738,9700
195,9738,9750
196,9738,9800
197,9738,9850
198,9738,9900
199,9738,9950
200,9738,10000
201,9738,10050
202,9738,10100
203,9738,10150
204,9738,10200
205,9738,10250
206,9738,10300
207,9738,10350
208,9738,10400
209,9738,10450
210,9738,10500
211,9738,10550
212,9738,10600
213,9738,10650
214,9738,10700
215,9738,10750
216,9738,10800
217,9738,10850
218,9738,10900
219,9738,10950
220,9738,11000
221,9738,11050
222,9738,11100
223,9738,11150
224,9738,11200
225,9738,11250
226,9738,11300
227,9738,11350
228,9738,11400
229,9738,11450
230,9738,11500
231,9738,11550
232,9738,11600
233,9738,11650
234,9738,11700
235,9738,11750
236,9738,11800
237,9738,11850
238,9738,11900
239,9738,11950
240,9738,12000
241,9738,12050
242,9738,12100
243,9738,12150
244,9738,12200
245,9738,12250
246,9738,12300
247,9738,12350
248,9738,12400
249,9738,12450
250,9738,12500
251,9738,12550
252,9738,12600
253,9738,12650
254,9738,12700
255,9738,12750
256,9738,12800
257,9738,12850
258,9738,12900
259,9738,12950
260,9738,13000
261,9738,13050
262,9738,13100
263,9738,13150
264,9738,13200
265,9738,13250
266,9738,13300
267,9738,13350
268,9738,13400
269,9738,13450
270,9738,13500
271,9738,13550
272,9738,13600
273,9738,13650
274,9738,13700
275,9738,13750
276,9738,13800
277,9738,13850
278,9738,13900
279,9738,13950
280,9738,14000
281,9738,14050
282,9738,14100
283,9738,14150
284,9738,14200
285,9738,14250
286,9738,14300
287,9738,14350
288,9738,14400
289,9738,14450
290,9738,14500
291,9738,14550
292,9738,14600
293,9738,14650
294,9738,14700
295,9738,14750
296,9738,14800
297,9738,14850
298,9738,14900
299,9738,14950
300,9738,15000
301,9738,15050
302,9738,15100
303,9738,15150
304,9738,15200
305,9738,15250
306,9738,15300
307,9738,15350
308,9738,15400
309,9738,15450
310,9738,15500
311,9738,15550
312,9738,15600
313,9738,15650
314,9738,15700
315,9738,15750
316,9738,15800
317,9738,15850
318,9738,15900
319,9738,15950
320,9738,16000
321,9738,16050
322,9738,16100
323,9738,16150
324,9738,16200
325,9738,16250
326,9738,16300
327,9738,16350
328,9738,16400
329,9738,16450
330,9738,16500
331,9738,16550
332,9738,16600
333,9738,16650
334,9738,16700
335,9738,16750
336,9738,16800
337,9738,16850
338,9738,16900
339,9738,16950
340,9738,17000
341,9738,17050
342,9738,17100
343,9738,17150
344,9738,17200
345,9738,17250
346,9738,17300
347,9738,17350
348,9738,17400
349,9738,17450
350,9738,17500
351,9738,17550
352,9738,17600
353,9738,17650
354,9738,17700
355,9738,17750
356,9738,17800
357,9738,17850
358,9738,17900
359,9738,17950
360,9738,18000
361,9738,18050
362,9738,18100
363,9738,18150
364,9738,18200
365,9738,18250
366,9738,18300
367,9738,18350
368,9738,18400
369,9738,18450
370,9738,18500
371,9738,18550
372,9738,18600
373,9738,18650
374,9738,18700
375,9738,18750
376,9738,18800
377,9738,18850
378,9738,18900
379,9738,18950
380,9738,19000
381,9738,19050
382,9738,19100
383,9738,19150
384,9738,19200
385,9738,19250
386,9738,19300
387,9738,19350
388,9738,19400
389,9738,19450
390,9738,19500
391,9738,19550
392,9738,19600
393,9738,19650
394,9738,19700
395,9738,19750
396,9738,19800
397,9738,19850
398,9738,19900
399,9738,19950
400,9738,20000
401,9738,20050
402,9738,20100
403,9738,20150
404,9738,20200
405,9738,20250
406,9738,20300
407,9738,20350
408,9738,20400
409,9738,20450
410,9738,20500
411,9738,20550
412,9738,20600
413,9738,20650
414,9738,20700
415,9738,20750
416,9738,20800
417,9738,20850
418,9738,20900
419,9738,20950
420,9738,21000
421,9738,21050
422,9738,21100
423,9738,21150
424,9738,21200
425,9738,21250
426,9738,21300
427,9738,21350
428,9738,21400
429,9738,21450
430,9738,21500
431,9738,21550
432,9738,21600
433,9738,21650
434,9738,21700
435,9738,21750
436,9738,21800
437,9738,21850
438,9738,21900
439,9738,21950
440,9738,22000
441,9738,22050
442,9738,22100
443,9738,22150
444,9738,22200
445,9738,22250
446,9738,22300
447,9738,22350
448,9738,22400
449,9738,22450
450,9738,22500
451,9738,22550
452,9738,22600
453,9738,22650
454,9738,22700
455,9738,22750
456,9738,22800
457,9738,22850
458,9738,22900
459,9738,22950
460,9738,23000
461,9738,23050
462,9738,23100
463,9738,23150
464,9738,23200
465,9738,23250
466,9738,23300
467,9738,23350
468,9738,23400
469,9738,23450
470,9738,23500
471,9738,23550
472,9738,23600
473,9738,23650
474,9738,23700
475,9738,23750
476,9738,23800
477,9738,23850
478,9738,23900
479,9738,23950
480,9738,24000
481,9738,24050
482,9738,24100
483,9738,24150
484,9738,24200
485,9738,24250
486,9738,24300
487,9738,24350
488,9738,24400
489,9738,24450
490,9738,24500
491,9738,24550
492,9738,24600
493,9738,24650
494,9738,24700
495,9738,24750
496,9738,24800
497,9738,24850
498,9738,24900
499,9738,24950
500,9738,25000
501,9738,25050
502,9738,25100
503,9738,25150
504,9738,25200
505,9738,25250
506,9738,25300
507,9738,25350
508,9738,25400
509,9738,25450
510,9738,25500
511,9738,25550
512,9738,25600
513,9738,25650
514,9738,25700
515,9738,25750
516,9738,25800
517,9738,25850
518,9738,25900
519,9738,25950
520,9738,26000
521,9738,26050
522,9738,26100
523,9738,26150
524,9738,26200
525,9738,26250
526,9738,26300
527,9738,26350
528,9738,26400
529,9738,26450
530,9738,26500
531,9738,26550
532,9738,26600
533,9738,26650
534,9738,26700
535,9738,26750
536,9738,26800
537,9738,26850
538,9738,26900
539,9738,26950
540,9738,27000
541,9738,27050
542,9738,27100
543,9738,27150
544,9738,27200
545,9738,27250
546,9738,27300
547,9738,27350
548,9738,27400
549,9738,27450
550,9738,27500
551,9738,27550
552,9738,27600
553,9738,27650
554,9738,27700
555,9738,27750
556,9738,27800
557,9738,27850
558,9738,27900
559,9738,27950
560,9738,28000
561,9738,28050
562,9738,28100
563,9738,28150
564,9738,28200
565,9738,28250
566,9738,28300
567,9738,28350
568,9738,28400
569,9738,28450
570,9738,28500
571,9738,28550
572,9738,28600
573,9738,28650
574,9738,28700
575,9738,28750
576,9738,28800
577,9738,28850
578,9738,28900
579,9738,28950
580,9738,29000
581,9738,29050
582,9738,29100
583,9738,29150
584,9738,29200
585,9738,29250
586,9738,29300
587,9738,29350
588,9738,29400
589,9738,29450
590,9738,29500
591,9738,29550
592,9738,29600
593,9738,29650
594,9738,29700
595,9738,29750
596,9738,29800
597,9738,29850
598,9738,29900
599,9738,29950
600,9738,30000
601,9738,30050
602,9738,30100
603,9738,30150
604,9738,30200
605,9738,30250
606,9738,30300
607,9738,30350
608,9738,30400
609,9738,30450
610,9738,30500
611,9738,30550
612,9738,30600
613,9738,30650
614,9738,30700
615,9738,30750
616,9738,30800
617,9738,30850
618,9738,30900
619,9738,30950
620,9738,31000
621,9738,31050
622,9738,31100
623,9738,31150
624,9738,31200
625,9738,31250
626,9738,31300
627,9738,31350
628,9738,31400
629,9738,31450
630,9738,31500
631,9738,31550
632,9738,31600
633,9738,31650
634,9738,31700
635,9738,31750
636,9738,31800
637,9738,31850
638,9738,31900
639,9738,31950
640,9738,32000
641,9738,32050
642,9738,32100
643,9738,32150
644,9738,32200
645,9738,32250
646,9738,32300
647,9738,32350
648,9738,32400
649,9738,32450
650,9738,32500
651,9738,32550
652,9738,32600
653,9738,32650
654,9738,32700
655,9738,32750
656,9738,32800
657,9738,32850
658,9738,32900
659,9738,32950
660,9738,33000
661,9738,33050
662,9738,33100
663,9738,33150
664,9738,33200
665,9738,33250
666,9738,33300
667,9738,33350
668,9738,33400
669,9738,33450
670,9738,33500
671,9738,33550
672,9738,33600
673,9738,33650
674,9738,33700
675,9738,33750
676,9738,33800
677,9738,33850
678,9738,33900
679,9738,33950
680,9738,34000
681,9738,34050
682,9738,34100
683,9738,34150
684,9738,34200
685,9738,34250
686,9738,34300
687,9738,34350
688,9738,34400
689,9738,34450
690,9738,34500
691,9738,34550
692,9738,34600
693,9738,34650
694,9738,34700
695,9738,34750
696,9738,34800
697,9738,34850
698,9738,34900
699,9738,34950
700,9738,35000
701,9738,35050
702,9738,35100
703,9738,35150
704,9738,35200
705,9738,35250
706,9738,35300
707,9738,35350
708,9738,35400
709,9738,35450
710,9738,35500
711,9738,35550
712,9738,35600
713,9738,35650
714,9738,35700
715,9738,35750
716,9738,35800
717,9738,35850
718,9738,35900
719,9738,35950
720,9738,36000
721,9738,36050
722,9738,36100
723,9738,36150
724,9738,36200
725,9738,36250
726,9738,36300
727,9738,36350
728,9738,36400
729,9738,36450
730,9738,36500
731,9738,36550
732,9738,36600
733,9738,36650
734,9738,36700
735,9738,36750
736,9738,36800
737,9738,36850
738,9738,36900
739,9738,36950
740,9738,37000
741,9738,37050
742,9738,37100
743,9738,37150
744,9738,37200
745,9738,37250
746,9738,37300
747,9738,37350
748,9738,37400
749,9738,37450
750,9738,37500
751,9738,37550
752,9738,37600
753,9738,37650
754,9738,37700
755,9738,37750
756,9738,37800
757,9738,37850
758,9738,37900
759,9738,37950
760,9738,38000
761,9738,38050
762,9738,38100
763,9738,38150
764,9738,38200
765,9738,38250
766,9738,38300
767,9738,38350
768,9738,38400
769,9738,38450
770,9738,38500
771,9738,38550
772,9738,38600
773,9738,38650
774,9738,38700
775,9738,38750
776,9738,38800
777,9738,38850
778,9738,38900
779,9738,38950
780,9738,39000
781,9738,39050
782,9738,39100
783,9738,39150
784,9738,39200
785,9738,39250
786,9738,39300
787,9738,39350
788,9738,39400
789,9738,39450
790,9738,39500
791,9738,39550
792,9738,39600
793,9738,39650
794,9738,39700
795,9738,39750
796,9738,39800
797,9738,39850
798,9738,39900
799,9738,39950
800,9738,40000
801,9738,40050
802,9738,40100
803,9738,40150
804,9738,40200
805,9738,40250
806,9738,40300
807,9738,40350
808,9738,40400
809,9738,40450
810,9738,40500
811,9738,40550
812,9738,40600
813,9738,40650
814,9738,40700
815,9738,40750
816,9738,40800
817,9738,40850
818,9738,40900
819,9738,40950
820,9738,41000
821,9738,41050
822,9738,41100
823,9738,41150
824,9738,41200
825,9738,41250
826,9738,41300
827,9738,41350
828,9738,41400
829,9738,41450
830,9738,41500
831,9738,41550
832,9738,41600
833,9738,41650
834,9738,41700
835,9738,41750
836,9738,41800
837,9738,41850
838,9738,41900
839,9738,41950
840,9738,42000
841,9738,42050
842,9738,42100
843,9738,42150
844,9738,42200
845,9738,42250
846,9738,42300
847,9738,42350
848,9738,42400
849,9738,42450
850,9738,42500
851,9738,42550
852,9738,42600
853,9738,42650
854,9738,42700
855,9738,42750
856,9738,42800
857,9738,42850
858,9738,42900
859,9738,42950
860,9738,43000
861,9738,43050
862,9738,43100
863,9738,43150
864,9738,43200
865,9738,43250
866,9738,43300
867,9738,43350
868,9738,43400
869,9738,43450
870,9738,43500
871,9738,43550
872,9738,43600
873,9738,43650
874,9738,43700
875,9738,43750
876,9738,43800
877,9738,43850
878,9738,43900
879,9738,43950
880,9738,44000
881,9738,44050
882,9738,44100
883,9738,44150
884,9738,44200
885,9738,44250
886,9738,44300
887,9738,44350
888,9738,44400
889,9738,44450
890,9738,44500
891,9738,44550
892,9738,44600
893,9738,44650
894,9738,44700
895,9738,44750
896,9738,44800
897,9738,44850
898,9738,44900
899,9738,44950
900,9738,45000
901,9738,45050
902,9738,45100
903,9738,45150
904,9738,45200
905,9738,45250
906,9738,45300
907,9738,45350
908,9738,45400
909,9738,45450
910,9738,45500
911,9738,45550
912,9738,45600
913,9738,45650
914,9738,45700
915,9738,45750
916,9738,45800
917,9738,45850
918,9738,45900
919,9738,45950
920,9738,46000
921,9738,46050
922,9738,46100
923,9738,46150
924,9738,46200
925,9738,46250
926,9738,46300
927,9738,46350
928,9738,46400
929,9738,46450
930,9738,46500
931,9738,46550
932,9738,46600
933,9738,46650
934,9738,46700
935,9738,46750
936,9738,46800
937,9738,46850
938,9738,46900
939,9738,46950
940,9738,47000
941,9738,47050
942,9738,47100
943,9738,47150
944,9738,47200
945,9738,47250
946,9738,47300
947,9738,47350
948,9738,47400
949,9738,47450
950,9738,47500
951,9738,47550
952,9738,47600
953,9738,47650
954,9738,47700
955,9738,47750
956,9738,47800
957,9738,47850
958,9738,47900
959,9738,47950
960,9738,48000
961,9738,48050
962,9738,48100
963,9738,48150
964,9738,48200
965,9738,48250
966,9738,48300
967,9738,48350
968,9738,48400
969,9738,48450
970,9738,48500
971,9738,48550
972,9738,48600
973,9738,48650
974,9738,48700
975,9738,48750
976,9738,48800
977,9738,48850
978,9738,48900
979,9738,48950
980,9738,49000
981,9738,49050
982,9738,49100
983,9738,49150
984,9738,49200
985,9738,49250
986,9738,49300
987,9738,49350
988,9738,49400
989,9738,49450
990,9738,49500
991,9738,49550
992,9738,49600
993,9738,49650
994,9738,49700
995,9738,49750
996,9738,49800
997,9738,49850
998,9738,49900
999,9738,49950
1000,9738,50000
1001,9738,50050
1002,9738,50100
1003,9738,50150
1004,9738,50200
1005,9738,50250
1006,9738,50300
1007,9738,50350
1008,9738,50400
1009,9738,50450
1010,9738,50500
1011,9738,50550
1012,9738,50600
1013,9738,50650
1014,9738,50700
1015,9738,50750
1016,9738,50800
1017,9738,50850
1018,9738,50900
1019,9738,50950
1020,9738,51000
1021,9738,51050
1022,9738,51100
1023,9738,51150
1024,9738,51200
1025,9738,51250
1026,9738,51300
1027,9738,51350
1028,9738,51400
1029,9738,51450
1030,9738,51500
1031,9738,51550
1032,9738,51600
1033,9738,51650
1034,9738,51700
1035,9738,51750
1036,9738,51800
1037,9738,51850
1038,9738,51900
1039,9738,51950
1040,9738,52000
1041,9738,52050
1042,9738,52100
1043,9738,52150
1044,9738,52200
1045,9738,52250
1046,9738,52300
1047,9738,52350
1048,9738,52400
1049,9738,52450
1050,9738,52500
1051,9738,52550
1052,9738,52600
1053,9738,52650
1054,9738,52700
1055,9738,52750
1056,9738,52800
1057,9738,52850
1058,9738,52900
1059,9738,52950
1060,9738,53000
1061,9738,53050
1062,9738,53100
1063,9738,53150
1064,9738,53200
1065,9738,53250
1066,9738,53300
1067,9738,53350
1068,9738,53400
1069,9738,53450
1070,9738,53500
1071,9738,53550
1072,9738,53600
1073,9738,53650
1074,9738,53700
1075,9738,53750
1076,9738,53800
1077,9738,53850
1078,9738,53900
1079,9738,53950
1080,9738,54000
1081,9738,54050
1082,9738,54100
1083,9738,54150
1084,9738,54200
1085,9738,54250
1086,9738,54300
1087,9738,54350
1088,9738,54400
1089,9738,54450
1090,9738,54500
1091,9738,54550
1092,9738,54600
1093,9738,54650
1094,9738,54700
1095,9738,54750
1096,9738,54800
1097,9738,54850
1098,9738,54900
1099,9738,54950
1100,9738,55000
1101,9738,55050
1102,9738,55100
1103,9738,55150
1104,9738,55200
1105,9738,55250
1106,9738,55300
1107,9738,55350
1108,9738,55400
1109,9738,55450
1110,9738,55500
1111,9738,55550
1112,9738,55600
1113,9738,55650
1114,9738,55700
1115,9738,55750
1116,9738,55800
1117,9738,55850
1118,9738,55900
1119,9738,55950
1120,9738,56000
1121,9738,56050
1122,9738,56100
1123,9738,56150
1124,9738,56200
1125,9738,56250
1126,9738,56300
1127,9738,56350
1128,9738,56400
1129,9738,56450
1130,9738,56500
1131,9738,56550
1132,9738,56600
1133,9738,56650
1134,9738,56700
1135,9738,56750
1136,9738,56800
1137,9738,56850
1138,9738,56900
1139,9738,56950
1140,9738,57000
1141,9738,57050
1142,9738,57100
1143,9738,57150
1144,9738,57200
1145,9738,57250
1146,9738,57300
1147,9738,57350
1148,9738,57400
1149,9738,57450
1150,9738,57500
1151,9738,57550
1152,9738,57600
1153,9738,57650
1154,9738,57700
1155,9738,57750
1156,9738,57800
1157,9738,57850
1158,9738,57900
1159,9738,57950
1160,9738,58000
1161,9738,58050
1162,9738,58100
1163,9738,58150
1164,9738,58200
1165,9738,58250
1166,9738,58300
1167,9738,58350
1168,9738,58400
1169,9738,58450
1170,9738,58500
1171,9738,58550
1172,9738,58600
1173,9738,58650
1174,9738,58700
1175,9738,58750
1176,9738,58800
1177,9738,58850
1178,9738,58900
1179,9738,58950
1180,9738,59000
1181,9738,59050
1182,9738,59100
1183,9738,59150
1184,9738,59200
1185,9738,59250
1186,9738,59300
1187,9738,59350
1188,9738,59400
1189,9738,59450
1190,9738,59500
1191,9738,59550
1192,9738,59600
1193,9738,59650
1194,9738,59700
1195,9738,59750
1196,9738,59800
1197,9738,59850
1198,9738,59900
1199,9738,59950
1200,9738,60000
1201,9738,60050
1202,9738,60100
1203,9738,60150
1204,9738,60200
1205,9738,60250
1206,9738,60300
1207,9738,60350
1208,9738,60400
1209,9738,60450
1210,9738,60500
1211,9738,60550
1212,9738,60600
1213,9738,60650
1214,9738,60700
1215,9738,60750
1216,9738,60800
1217,9738,60850
1218,9738,60900
1219,9738,60950
1220,9738,61000
1221,9738,61050
1222,9738,61100
1223,9738,61150
1224,9738,61200
1225,9738,61250
1226,9738,61300
1227,9738,61350
1228,9738,61400
1229,9738,61450
1230,9738,61500
1231,9738,61550
1232,9738,61600
1233,9738,61650
1234,9738,61700
1235,9738,61750
1236,9738,61800
1237,9738,61850
1238,9738,61900
1239,9738,61950
1240,9738,62000
1241,9738,62050
1242,9738,62100
1243,9738,62150
1244,9738,62200
1245,9738,62250
1246,9738,62300
1247,9738,62350
1248,9738,62400
1249,9738,62450
1250,9738,62500
1251,9738,62550
1252,9738,62600
1253,9738,62650
1254,9738,62700
1255,9738,62750
1256,9738,62800
1257,9738,62850
1258,9738,62900
1259,9738,62950
1260,9738,63000
1261,9738,63050
1262,9738,63100
1263,9738,63150
1264,9738,63200
1265,9738,63250
1266,9738,63300
1267,9738,63350
1268,9738,63400
1269,9738,63450
1270,9738,63500
1271,9738,63550
1272,9738,63600
1273,9738,63650
1274,9738,63700
1275,9738,63750
1276,9738,63800
1277,9738,63850
1278,9738,63900
1279,9738,63950
1280,9738,64000
1281,9738,64050
1282,9738,64100
1283,9738,64150
1284,9738,64200
1285,9738,64250
1286,9738,64300
1287,9738,64350
1288,9738,64400
1289,9738,64450
1290,9738,64500
1291,9738,64550
1292,9738,64600
1293,9738,64650
1294,9738,64700
1295,9738,64750
1296,9738,64800
1297,9738,64850
1298,9738,64900
1299,9738,64950
1300,9738,65000
1301,9738,65050
1302,9738,65100
1303,9738,65150
1304,9738,65200
1305,9738,65250
1306,9738,65300
1307,9738,65350
1308,9738,65400
1309,9738,65450
1310,9738,65500
1311,9738,65550
1312,9738,65600
1313,9738,65650
1314,9738,65700
1315,9738,65750
1316,9738,65800
1317,9738,65850
1318,9738,65900
1319,9738,65950
1320,9738,66000
1321,9738,66050
1322,9738,66100
1323,9738,66150
1324,9738,66200
1325,9738,66250
1326,9738,66300
1327,9738,66350
1328,9738,66400
1329,9738,66450
1330,9738,66500
1331,9738,66550
1332,9738,66600
1333,9738,66650
1334,9738,66700
1335,9738,66750
1336,9738,66800
1337,9738,66850
1338,9738,66900
1339,9738,66950
1340,9738,67000
1341,9738,67050
1342,9738,67100
1343,9738,67150
1344,9738,67200
1345,9738,67250
1346,9738,67300
1347,9738,67350
1348,9738,67400
1349,9738,67450
1350,9738,67500
1351,9738,67550
1352,9738,67600
1353,9738,67650
1354,9738,67700
1355,9738,67750
1356,9738,67800
1357,9738,67850
1358,9738,67900
1359,9738,67950
1360,9738,68000
1361,9738,68050
1362,9738,68100
1363,9738,68150
1364,9738,68200
1365,9738,68250
1366,9738,68300
1367,9738,68350
1368,9738,68400
1369,9738,68450
1370,9738,68500
1371,9738,68550
1372,9738,68600
1373,9738,68650
1374,9738,68700
1375,9738,68750
1376,9738,68800
1377,9738,68850
1378,9738,68900
1379,9738,68950
1380,9738,69000
1381,9738,69050
1382,9738,69100
1383,9738,69150
1384,9738,69200
1385,9738,69250
1386,9738,69300
1387,9738,69350
1388,9738,69400
1389,9738,69450
1390,9738,69500
1391,9738,69550
1392,9738,69600
1393,9738,69650
1394,9738,69700
1395,9738,69750
1396,9738,69800
1397,9738,69850
1398,9738,69900
1399,9738,69950
1400,9738,70000
1401,9738,70050
1402,9738,70100
1403,9738,70150
1404,9738,70200
1405,9738,70250
1406,9738,70300
1407,9738,70350
1408,9738,70400
1409,9738,70450
1410,9738,70500
1411,9738,70550
1412,9738,70600
1413,9738,70650
1414,9738,70700
1415,9738,70750
1416,9738,70800
1417,9738,70850
1418,9738,70900
1419,9738,70950
1420,9738,71000
1421,9738,71050
1422,9738,71100
1423,9738,71150
1424,9738,71200
1425,9738,71250
1426,9738,71300
1427,9738,71350
1428,9738,71400
1429,9738,71450
1430,9738,71500
1431,9738,71550
1432,9738,71600
1433,9738,71650
1434,9738,71700
1435,9738,71750
1436,9738,71800
1437,9738,71850
1438,9738,71900
1439,9738,71950
1440,9738,72000
1441,9738,72050
1442,9738,72100
1443,9738,72150
1444,9738,72200
1445,9738,72250
1446,9738,72300
1447,9738,72350
1448,9738,72400
1449,9738,72450
1450,9738,72500
1451,9738,72550
1452,9738,72600
1453,9738,72650
1454,9738,72700
1455,9738,72750
1456,9738,72800
1457,9738,72850
1458,9738,72900
1459,9738,72950
1460,9738,73000
1461,9738,73050
1462,9738,73100
1463,9738,73150
1464,9738,73200
1465,9738,73250
1466,9738,73300
1467,9738,73350
1468,9738,73400
1469,9738,73450
1470,9738,73500
1471,9738,73550
1472,9738,73600
1473,9738,73650
1474,9738,73700
1475,9738,73750
1476,9738,73800
1477,9738,73850
1478,9738,73900
1479,9738,73950
1480,9738,74000
1481,9738,74050
1482,9738,74100
1483,9738,74150
1484,9738,74200
1485,9738,74250
1486,9738,74300
1487,9738,74350
1488,9738,74400
1489,9738,74450
1490,9738,74500
1491,9738,74550
1492,9738,74600
1493,9738,74650
1494,9738,74700
1495,9738,74750
1496,9738,74800
1497,9738,74850
1498,9738,74900
1499,9738,74950
1500,9738,75000
1501,9738,75050
1502,9738,75100
1503,9738,75150
1504,9738,75200
1505,9738,75250
1506,9738,75300
1507,9738,75350
1508,9738,75400
1509,9738,75450
1510,9738,75500
1511,9738,75550
1512,9738,75600
1513,9738,75650
1514,9738,75700
1515,9738,75750
1516,9738,75800
1517,9738,75850
1518,9738,75900
1519,9738,75950
1520,9738,76000
1521,9738,76050
1522,9738,76100
1523,9738,76150
1524,9738,76200
1525,9738,76250
1526,9738,76300
1527,9738,76350
1528,9738,76400
1529,9738,76450
1530,9738,76500
1531,9738,76550
1532,9738,76600
1533,9738,76650
1534,9738,76700
1535,9738,76750
1536,9738,76800
1537,9738,76850
1538,9738,76900
1539,9738,76950
1540,9738,77000
1541,9738,77050
1542,9738,77100
1543,9738,77150
1544,9738,77200
1545,9738,77250
1546,9738,77300
1547,9738,77350
1548,9738,77400
1549,9738,77450
1550,9738,77500
1551,9738,77550
1552,9738,77600
1553,9738,77650
1554,9738,77700
1555,9738,77750
1556,9738,77800
1557,9738,77850
1558,9738,77900
1559,9738,77950
1560,9738,78000
1561,9738,78050
1562,9738,78100
1563,9738,78150
1564,9738,78200
1565,9738,78250
1566,9738,78300
1567,9738,78350
1568,9738,78400
1569,9738,78450
1570,9738,78500
1571,9738,78550
1572,9738,78600
1573,9738,78650
1574,9738,78700
1575,9738,78750
1576,9738,78800
1577,9738,78850
1578,9738,78900
1579,9738,78950
1580,9738,79000
1581,9738,79050
1582,9738,79100
1583,9738,79150
1584,9738,79200
1585,9738,79250
1586,9738,79300
1587,9738,79350
1588,9738,79400
1589,9738,79450
1590,9738,79500
1591,9738,79550
1592,9738,79600
1593,9738,79650
1594,9738,79700
1595,9738,79750
1596,9738,79800
1597,9738,79850
1598,9738,79900
1599,9738,79950
1600,9738,80000
1601,9738,80050
1602,9738,80100
1603,9738,80150
1604,9738,80200
1605,9738,80250
1606,9738,80300
1607,9738,80350
1608,9738,80400
1609,9738,80450
1610,9738,80500
1611,9738,80550
1612,9738,80600
1613,9738,80650
1614,9738,80700
1615,9738,80750
1616,9738,80800
1617,9738,80850
1618,9738,80900
1619,9738,80950
1620,9738,81000
1621,9738,81050
1622,9738,81100
1623,9738,81150
1624,9738,81200
1625,9738,81250
1626,9738,81300
1627,9738,81350
1628,9738,81400
1629,9738,81450
1630,9738,81500
1631,9738,81550
1632,9738,81600
1633,9738,81650
1634,9738,81700
1635,9738,81750
1636,9738,81800
1637,9738,81850
1638,9738,81900
1639,9738,81950
1640,9738,82000
1641,9738,82050
1642,9738,82100
1643,9738,82150
1644,9738,82200
1645,9738,82250
1646,9738,82300
1647,9738,82350
1648,9738,82400
1649,9738,82450
1650,9738,82500
1651,9738,82550
1652,9738,82600
1653,9738,82650
1654,9738,82700
1655,9738,82750
1656,9738,82800
1657,9738,82850
1658,9738,82900
1659,9738,82950
1660,9738,83000
1661,9738,83050
1662,9738,83100
1663,9738,83150
1664,9738,83200
1665,9738,83250
1666,9738,83300
1667,9738,83350
1668,9738,83400
1669,9738,83450
1670,9738,83500
1671,9738,83550
1672,9738,83600
1673,9738,83650
1674,9738,83700
1675,9738,83750
1676,9738,83800
1677,9738,83850
1678,9738,83900
1679,9738,83950
1680,9738,84000
1681,9738,84050
1682,9738,84100
1683,9738,84150
1684,9738,84200
1685,9738,84250
1686,9738,84300
1687,9738,84350
1688,9738,84400
1689,9738,84450
1690,9738,84500
1691,9738,84550
1692,9738,84600
1693,9738,84650
1694,9738,84700
1695,9738,84750
1696,9738,84800
1697,9738,84850
1698,9738,84900
1699,9738,84950
1700,9738,85000
1701,9738,85050
1702,9738,85100
1703,9738,85150
1704,9738,85200
1705,9738,85250
1706,9738,85300
1707,9738,85350
1708,9738,85400
1709,9738,85450
1710,9738,85500
1711,9738,85550
1712,9738,85600
1713,9738,85650
1714,9738,85700
1715,9738,85750
1716,9738,85800
1717,9738,85850
1718,9738,85900
1719,9738,85950
1720,9738,86000
1721,9738,86050
1722,9738,86100
1723,9738,86150
1724,9738,86200
1725,9738,86250
1726,9738,86300
1727,9738,86350
1728,9738,86400
1729,9738,86450
1730,9738,86500
1731,9738,86550
1732,9738,86600
1733,9738,86650
1734,9738,86700
1735,9738,86750
1736,9738,86800
1737,9738,86850
1738,9738,86900
1739,9738,86950
1740,9738,87000
1741,9738,87050
1742,9738,87100
1743,9738,87150
1744,9738,87200
1745,9738,87250
1746,9738,87300
1747,9738,87350
1748,9738,87400
1749,9738,87450
1750,9738,87500
1751,9738,87550
1752,9738,87600
1753,9738,87650
1754,9738,87700
1755,9738,87750
1756,9738,87800
1757,9738,87850
1758,9738,87900
1759,9738,87950
1760,9738,88000
1761,9738,88050
1762,9738,88100
1763,9738,88150
1764,9738,88200
1765,9738,88250
1766,9738,88300
1767,9738,88350
1768,9738,88400
1769,9738,88450
1770,9738,88500
1771,9738,88550
1772,9738,88600
1773,9738,88650
1774,9738,88700
1775,9738,88750
1776,9738,88800
1777,9738,88850
1778,9738,88900
1779,9738,88950
1780,9738,89000
1781,9738,89050
1782,9738,89100
1783,9738,89150
1784,9738,89200
1785,9738,89250
1786,9738,89300
1787,9738,89350
1788,9738,89400
1789,9738,89450
1790,9738,89500
1791,9738,89550
1792,9738,89600
1793,9738,89650
1794,9738,89700
1795,9738,89750
1796,9738,89800
1797,9738,89850
1798,9738,89900
1799,9738,89950
1800,9738,90000
1801,9738,90050
1802,9738,90100
1803,9738,90150
1804,9738,90200
1805,9738,90250
1806,9738,90300
1807,9738,90350
1808,9738,90400
1809,9738,90450
1810,9738,90500
1811,9738,90550
1812,9738,90600
1813,9738,90650
1814,9738,90700
1815,9738,90750
1816,9738,90800
1817,9738,90850
1818,9738,90900
1819,9738,90950
1820,9738,91000
1821,9738,91050
1822,9738,91100
1823,9738,91150
1824,9738,91200
1825,9738,91250
1826,9738,91300
1827,9738,91350
1828,9738,91400
1829,9738,91450
1830,9738,91500
1831,9738,91550
1832,9738,91600
1833,9738,91650
1834,9738,91700
1835,9738,91750
1836,9738,91800
1837,9738,91850
1838,9738,91900
1839,9738,91950
1840,9738,92000
1841,9738,92050
1842,9738,92100
1843,9738,92150
1844,9738,92200
1845,9738,92250
1846,9738,92300
1847,9738,92350
1848,9738,92400
1849,9738,92450
1850,9738,92500
1851,9738,92550
1852,9738,92600
1853,9738,92650
1854,9738,92700
1855,9738,92750
1856,9738,92800
1857,9738,92850
1858,9738,92900
1859,9738,92950
1860,9738,93000
1861,9738,93050
1862,9738,93100
1863,9738,93150
1864,9738,93200
1865,9738,93250
1866,9738,93300
1867,9738,93350
1868,9738,93400
1869,9738,93450
1870,9738,93500
1871,9738,93550
1872,9738,93600
1873,9738,93650
1874,9738,93700
1875,9738,93750
1876,9738,93800
1877,9738,93850
1878,9738,93900
1879,9738,93950
1880,9738,94000
1881,9738,94050
1882,9738,94100
1883,9738,94150
1884,9738,94200
1885,9738,94250
1886,9738,94300
1887,9738,94350
1888,9738,94400
1889,9738,94450
1890,9738,94500
1891,9738,94550
1892,9738,94600
1893,9738,94650
1894,9738,94700
1895,9738,94750
1896,9738,94800
1897,9738,94850
1898,9738,94900
1899,9738,94950
1900,9738,95000
1901,9738,95050
1902,9738,95100
1903,9738,95150
1904,9738,95200
1905,9738,95250
1906,9738,95300
1907,9738,95350
1908,9738,95400
1909,9738,95450
1910,9738,95500
1911,9738,95550
1912,9738,95600
1913,9738,95650
1914,9738,95700
1915,9738,95750
1916,9738,95800
1917,9738,95850
1918,9738,95900
1919,9738,95950
1920,9738,96000
1921,9738,96050
1922,9738,96100
1923,9738,96150
1924,9738,96200
1925,9738,96250
1926,9738,96300
1927,9738,96350
1928,9738,96400
1929,9738,96450
1930,9738,96500
1931,9738,96550
1932,9738,96600
1933,9738,96650
1934,9738,96700
1935,9738,96750
1936,9738,96800
1937,9738,96850
1938,9738,96900
1939,9738,96950
1940,9738,97000
1941,9738,97050
1942,9738,97100
1943,9738,97150
1944,9738,97200
1945,9738,97250
1946,9738,97300
1947,9738,97350
1948,9738,97400
1949,9738,97450
1950,9738,97500
1951,9738,97550
1952,9738,97600
1953,9738,97650
1954,9738,97700
1955,9738,97750
1956,9738,97800
1957,9738,97850
1958,9738,97900
1959,9738,97950
1960,9738,98000
1961,9738,98050
1962,9738,98100
1963,9738,98150
1964,9738,98200
1965,9738,98250
1966,9738,98300
1967,9738,98350
1968,9738,98400
1969,9738,98450
1970,9738,98500
1971,9738,98550
1972,9738,98600
1973,9738,98650
1974,9738,98700
1975,9738,98750
1976,9738,98800
1977,9738,98850
1978,9738,98900
1979,9738,98950
1980,9738,99000
1981,9738,99050
1982,9738,99100
1983,9738,99150
1984,9738,99200
1985,9738,99250
1986,9738,99300
1987,9738,99350
1988,9738,99400
1989,9738,99450
1990,9738,99500
1991,9738,99550
1992,9738,99600
1993,9738,99650
1994,9738,99700
1995,9738,99750
1996,9738,99800
1997,9738,99850
1998,9738,99900
1999,9738,99950
2000,9738,100000
2001,9738,100050
2002,9738,100100
2003,9738,100150
2004,9738,100200
2005,9738,100250
2006,9738,100300
2007,9738,100350
2008,9738,100400
2009,9738,100450
2010,9738,100500
2011,9738,100550
2012,9738,100600
2013,9738,100650
2014,9738,100700
2015,9738,100750
2016,9738,100800
2017,9738,100850
2018,9738,100900
2019,9738,100950
2020,9738,101000
2021,9738,101050
2022,9738,101100
2023,9738,101150
2024,9738,101200
2025,9738,101250
2026,9738,101300
2027,9738,101350
2028,9738,101400
2029,9738,101450
2030,9738,101500
2031,9738,101550
2032,9738,101600
2033,9738,101650
2034,9738,101700
2035,9738,101750
2036,9738,101800
2037,9738,101850
2038,9738,101900
2039,9738,101950
2040,9738,102000
2041,9738,102050
2042,9738,102100
2043,9738,102150
2044,9738,102200
2045,9738,102250
2046,9738,102300
2047,9738,102350
2048,9738,102400
2049,9738,102450
2050,9738,102500
2051,9738,102550
2052,9738,102600
2053,9738,102650
2054,9738,102700
2055,9738,102750
2056,9738,102800
2057,9738,102850
2058,9738,102900
2059,9738,102950
2060,9738,103000
2061,9738,103050
2062,9738,103100
2063,9738,103150
2064,9738,103200
2065,9738,103250
2066,9738,103300
2067,9738,103350
2068,9738,103400
2069,9738,103450
2070,9738,103500
2071,9738,103550
2072,9738,103600
2073,9738,103650
2074,9738,103700
2075,9738,103750
2076,9738,103800
2077,9738,103850
2078,9738,103900
2079,9738,103950
2080,9738,104000
2081,9738,104050
2082,9738,104100
2083,9738,104150
2084,9738,104200
2085,9738,104250
2086,9738,104300
2087,9738,104350
2088,9738,104400
2089,9738,104450
2090,9738,104500
2091,9738,104550
2092,9738,104600
2093,9738,104650
2094,9738,104700
2095,9738,104750
2096,9738,104800
2097,9738,104850
2098,9738,104900
2099,9738,104950
2100,9738,105000
2101,9738,105050
2102,9738,105100
2103,9738,105150
2104,9738,105200
2105,9738,105250
2106,9738,105300
2107,9738,105350
2108,9738,105400
2109,9738,105450
2110,9738,105500
2111,9738,105550
2112,9738,105600
2113,9738,105650
2114,9738,105700
2115,9738,105750
2116,9738,105800
2117,9738,105850
2118,9738,105900
2119,9738,105950
2120,9738,106000
2121,9738,106050
2122,9738,106100
2123,9738,106150
2124,9738,106200
2125,9738,106250
2126,9738,106300
2127,9738,106350
2128,9738,106400
2129,9738,106450
2130,9738,106500
2131,9738,106550
2132,9738,106600
2133,9738,106650
2134,9738,106700
2135,9738,106750
2136,9738,106800
2137,9738,106850
2138,9738,106900
2139,9738,106950
2140,9738,107000
2141,9738,107050
2142,9738,107100
2143,9738,107150
2144,9738,107200
2145,9738,107250
2146,9738,107300
2147,9738,107350
2148,9738,107400
2149,9738,107450
2150,9738,107500
2151,9738,107550
2152,9738,107600
2153,9738,107650
2154,9738,107700
2155,9738,107750
2156,9738,107800
2157,9738,107850
2158,9738,107900
2159,9738,107950
2160,9738,108000
2161,9738,108050
2162,9738,108100
2163,9738,108150
2164,9738,108200
2165,9738,108250
2166,9738,108300
2167,9738,108350
2168,9738,108400
2169,9738,108450
2170,9738,108500
2171,9738,108550
2172,9738,108600
2173,9738,108650
2174,9738,108700
2175,9738,108750
2176,9738,108800
2177,9738,108850
2178,9738,108900
2179,9738,108950
2180,9738,109000
2181,9738,109050
2182,9738,109100
2183,9738,109150
2184,9738,109200
2185,9738,109250
2186,9738,109300
2187,9738,109350
2188,9738,109400
2189,9738,109450
2190,9738,109500
2191,9738,109550
2192,9738,109600
2193,9738,109650
2194,9738,109700
2195,9738,109750
2196,9738,109800
2197,9738,109850
2198,9738,109900
2199,9738,109950
2200,9738,110000
2201,9738,110050
2202,9738,110100
2203,9738,110150
2204,9738,110200
2205,9738,110250
2206,9738,110300
2207,9738,110350
2208,9738,110400
2209,9738,110450
2210,9738,110500
2211,9738,110550
2212,9738,110600
2213,9738,110650
2214,9738,110700
2215,9738,110750
2216,9738,110800
2217,9738,110850
2218,9738,110900
2219,9738,110950
2220,9738,111000
2221,9738,111050
2222,9738,111100
2223,9738,111150
2224,9738,111200
2225,9738,111250
2226,9738,111300
2227,9738,111350
2228,9738,111400
2229,9738,111450
2230,9738,111500
2231,9738,111550
2232,9738,111600
2233,9738,111650
2234,9738,111700
2235,9738,111750
2236,9738,111800
2237,9738,111850
2238,9738,111900
2239,9738,111950
2240,9738,112000
2241,9738,112050
2242,9738,112100
2243,9738,112150
2244,9738,112200
2245,9738,112250
2246,9738,112300
2247,9738,112350
2248,9738,112400
2249,9738,112450
2250,9738,112500
2251,9738,112550
2252,9738,112600
2253,9738,112650
2254,9738,112700
2255,9738,112750
2256,9738,112800
2257,9738,112850
2258,9738,112900
2259,9738,112950
2260,9738,113000
2261,9738,113050
2262,9738,113100
2263,9738,113150
2264,9738,113200
2265,9738,113250
2266,9738,113300
2267,9738,113350
2268,9738,113400
2269,9738,113450
2270,9738,113500
2271,9738,113550
2272,9738,113600
2273,9738,113650
2274,9738,113700
2275,9738,113750
2276,9738,113800
2277,9738,113850
2278,9738,113900
2279,9738,113950
2280,9738,114000
2281,9738,114050
2282,9738,114100
2283,9738,114150
2284,9738,114200
2285,9738,114250
2286,9738,114300
2287,9738,114350
2288,9738,114400
2289,9738,114450
2290,9738,114500
2291,9738,114550
2292,9738,114600
2293,9738,114650
2294,9738,114700
2295,9738,114750
2296,9738,114800
2297,9738,114850
2298,9738,114900
2299,9738,114950
2300,9738,115000
2301,9738,115050
2302,9738,115100
2303,9738,115150
2304,9738,115200
2305,9738,115250
2306,9738,115300
2307,9738,115350
2308,9738,115400
2309,9738,115450
2310,9738,115500
2311,9738,115550
2312,9738,115600
2313,9738,115650
2314,9738,115700
2315,9738,115750
2316,9738,115800
2317,9738,115850
2318,9738,115900
2319,9738,115950
2320,9738,116000
2321,9738,116050
2322,9738,116100
2323,9738,116150
2324,9738,116200
2325,9738,116250
2326,9738,116300
2327,9738,116350
2328,9738,116400
2329,9738,116450
2330,9738,116500
2331,9738,116550
2332,9738,116600
2333,9738,116650
2334,9738,116700
2335,9738,116750
2336,9738,116800
2337,9738,116850
2338,9738,116900
2339,9738,116950
2340,9738,117000
2341,9738,117050
2342,9738,117100
2343,9738,117150
2344,9738,117200
2345,9738,117250
2346,9738,117300
2347,9738,117350
2348,9738,117400
2349,9738,117450
2350,9738,117500
2351,9738,117550
2352,9738,117600
2353,9738,117650
2354,9738,117700
2355,9738,117750
2356,9738,117800
2357,9738,117850
2358,9738,117900
2359,9738,117950
2360,9738,118000
2361,9738,118050
2362,9738,118100
2363,9738,118150
2364,9738,118200
2365,9738,118250
2366,9738,118300
2367,9738,118350
2368,9738,118400
2369,9738,118450
2370,9738,118500
2371,9738,118550
2372,9738,118600
2373,9738,118650
2374,9738,118700
2375,9738,118750
2376,9738,118800
2377,9738,118850
2378,9738,118900
2379,9738,118950
2380,9738,119000
2381,9738,119050
2382,9738,119100
2383,9738,119150
2384,9738,119200
2385,9738,119250
2386,9738,119300
2387,9738,119350
2388,9738,119400
2389,9738,119450
2390,9738,119500
2391,9738,119550
2392,9738,119600
2393,9738,119650
2394,9738,119700
2395,9738,119750
2396,9738,119800
2397,9738,119850
2398,9738,119900
2399,9738,119950
2400,9738,120000
2401,9738,120050
2402,9738,120100
2403,9738,120150
2404,9738,120200
2405,9738,120250
2406,9738,120300
2407,9738,120350
2408,9738,120400
2409,9738,120450
2410,9738,120500
2411,9738,120550
2412,9738,120600
2413,9738,120650
2414,9738,120700
2415,9738,120750
2416,9738,120800
2417,9738,120850
2418,9738,120900
2419,9738,120950
2420,9738,121000
2421,9738,121050
2422,9738,121100
2423,9738,121150
2424,9738,121200
2425,9738,121250
2426,9738,121300
2427,9738,121350
2428,9738,121400
2429,9738,121450
2430,9738,121500
2431,9738,121550
2432,9738,121600
2433,9738,121650
2434,9738,121700
2435,9738,121750
2436,9738,121800
2437,9738,121850
2438,9738,121900
2439,9738,121950
2440,9738,122000
2441,9738,122050
2442,9738,122100
2443,9738,122150
2444,9738,122200
2445,9738,122250
2446,9738,122300
2447,9738,122350
2448,9738,122400
2449,9738,122450
2450,9738,122500
2451,9738,122550
2452,9738,122600
2453,9738,122650
2454,9738,122700
2455,9738,122750
2456,9738,122800
2457,9738,122850
2458,9738,122900
2459,9738,122950
2460,9738,123000
2461,9738,123050
2462,9738,123100
2463,9738,123150
2464,9738,123200
2465,9738,123250
2466,9738,123300
2467,9738,123350
2468,9738,123400
2469,9738,123450
2470,9738,123500
2471,9738,123550
2472,9738,123600
2473,9738,123650
2474,9738,123700
2475,9738,123750
2476,9738,123800
2477,9738,123850
2478,9738,123900
2479,9738,123950
2480,9738,124000
2481,9738,124050
2482,9738,124100
2483,9738,124150
2484,9738,124200
2485,9738,124250
2486,9738,124300
2487,9738,124350
2488,9738,124400
2489,9738,124450
2490,9738,124500
2491,9738,124550
2492,9738,124600
2493,9738,124650
2494,9738,124700
2495,9738,124750
2496,9738,124800
2497,9738,124850
2498,9738,124900
2499,9738,124950
2500,9738,125000
2501,9738,125050
2502,9738,125100
2503,9738,125150
2504,9738,125200
2505,9738,125250
2506,9738,125300
2507,9738,125350
2508,9738,125400
2509,9738,125450
2510,9738,125500
2511,9738,125550
2512,9738,125600
2513,9738,125650
2514,9738,125700
2515,9738,125750
2516,9738,125800
2517,9738,125850
2518,9738,125900
2519,9738,125950
2520,9738,126000
2521,9738,126050
2522,9738,126100
2523,9738,126150
2524,9738,126200
2525,9738,126250
2526,9738,126300
2527,9738,126350
2528,9738,126400
2529,9738,126450
2530,9738,126500
2531,9738,126550
2532,9738,126600
2533,9738,126650
2534,9738,126700
2535,9738,126750
2536,9738,126800
2537,9738,126850
2538,9738,126900
2539,9738,126950
2540,9738,127000
2541,9738,127050
2542,9738,127100
2543,9738,127150
2544,9738,127200
2545,9738,127250
2546,9738,127300
2547,9738,127350
2548,9738,127400
2549,9738,127450
2550,9738,127500
2551,9738,127550
2552,9738,127600
2553,9738,127650
2554,9738,127700
2555,9738,127750
2556,9738,127800
2557,9738,127850
2558,9738,127900
2559,9738,127950
2560,9738,128000
2561,9738,128050
2562,9738,128100
2563,9738,128150
2564,9738,128200
2565,9738,128250
2566,9738,128300
2567,9738,128350
2568,9738,128400
2569,9738,128450
2570,9738,128500
2571,9738,128550
2572,9738,128600
2573,9738,128650
2574,9738,128700
2575,9738,128750
2576,9738,128800
2577,9738,128850
2578,9738,128900
2579,9738,128950
2580,9738,129000
2581,9738,129050
2582,9738,129100
2583,9738,129150
2584,9738,129200
2585,9738,129250
2586,9738,129300
2587,9738,129350
2588,9738,129400
2589,9738,129450
2590,9738,129500
2591,9738,129550
2592,9738,129600
2593,9738,129650
2594,9738,129700
2595,9738,129750
2596,9738,129800
2597,9738,129850
2598,9738,129900
2599,9738,129950
2600,9738,130000
2601,9738,130050
2602,9738,130100
2603,9738,130150
2604,9738,130200
2605,9738,130250
2606,9738,130300
2607,9738,130350
2608,9738,130400
2609,9738,130450
2610,9738,130500
2611,9738,130550
2612,9738,130600
2613,9738,130650
2614,9738,130700
2615,9738,130750
2616,9738,130800
2617,9738,130850
2618,9738,130900
2619,9738,130950
2620,9738,131000
2621,9738,131050
2622,9738,131100
2623,9738,131150
2624,9738,131200
2625,9738,131250
2626,9738,131300
2627,9738,131350
2628,9738,131400
2629,9738,131450
2630,9738,131500
2631,9738,131550
2632,9738,131600
2633,9738,131650
2634,9738,131700
2635,9738,131750
2636,9738,131800
2637,9738,131850
2638,9738,131900
2639,9738,131950
2640,9738,132000
2641,9738,132050
2642,9738,132100
2643,9738,132150
2644,9738,132200
2645,9738,132250
2646,9738,132300
2647,9738,132350
2648,9738,132400
2649,9738,132450
2650,9738,132500
2651,9738,132550
2652,9738,132600
2653,9738,132650
2654,9738,132700
2655,9738,132750
2656,9738,132800
2657,9738,132850
2658,9738,132900
2659,9738,132950
2660,9738,133000
2661,9738,133050
2662,9738,133100
2663,9738,133150
2664,9738,133200
2665,9738,133250
2666,9738,133300
2667,9738,133350
2668,9738,133400
2669,9738,133450
2670,9738,133500
2671,9738,133550
2672,9738,133600
2673,9738,133650
2674,9738,133700
2675,9738,133750
2676,9738,133800
2677,9738,133850
2678,9738,133900
2679,9738,133950
2680,9738,134000
2681,9738,134050
2682,9738,134100
2683,9738,134150
2684,9738,134200
2685,9738,134250
2686,9738,134300
2687,9738,134350
2688,9738,134400
2689,9738,134450
2690,9738,134500
2691,9738,134550
2692,9738,134600
2693,9738,134650
2694,9738,134700
2695,9738,134750
2696,9738,134800
2697,9738,134850
2698,9738,134900
2699,9738,134950
2700,9738,135000
2701,9738,135050
2702,9738,135100
2703,9738,135150
2704,9738,135200
2705,9738,135250
2706,9738,135300
2707,9738,135350
2708,9738,135400
2709,9738,135450
2710,9738,135500
2711,9738,135550
2712,9738,135600
2713,9738,135650
2714,9738,135700
2715,9738,135750
2716,9738,135800
2717,9738,135850
2718,9738,135900
2719,9738,135950
2720,9738,136000
2721,9738,136050
2722,9738,136100
2723,9738,136150
2724,9738,136200
2725,9738,136250
2726,9738,136300
2727,9738,136350
2728,9738,136400
2729,9738,136450
2730,9738,136500
2731,9738,136550
2732,9738,136600
2733,9738,136650
2734,9738,136700
2735,9738,136750
2736,9738,136800
2737,9738,136850
2738,9738,136900
2739,9738,136950
2740,9738,137000
2741,9738,137050
2742,9738,137100
2743,9738,137150
2744,9738,137200
2745,9738,137250
2746,9738,137300
2747,9738,137350
2748,9738,137400
2749,9738,137450
2750,9738,137500
2751,9738,137550
2752,9738,137600
2753,9738,137650
2754,9738,137700
2755,9738,137750
2756,9738,137800
2757,9738,137850
2758,9738,137900
2759,9738,137950
2760,9738,138000
2761,9738,138050
2762,9738,138100
2763,9738,138150
2764,9738,138200
2765,9738,138250
2766,9738,138300
2767,9738,138350
2768,9738,138400
2769,9738,138450
2770,9738,138500
2771,9738,138550
2772,9738,138600
2773,9738,138650
2774,9738,138700
2775,9738,138750
2776,9738,138800
2777,9738,138850
2778,9738,138900
2779,9738,138950
2780,9738,139000
2781,9738,139050
2782,9738,139100
2783,9738,139150
2784,9738,139200
2785,9738,139250
2786,9738,139300
2787,9738,139350
2788,9738,139400
2789,9738,139450
2790,9738,139500
2791,9738,139550
2792,9738,139600
2793,9738,139650
2794,9738,139700
2795,9738,139750
2796,9738,139800
2797,9738,139850
2798,9738,139900
2799,9738,139950
2800,9738,140000
2801,9738,140050
2802,9738,140100
2803,9738,140150
2804,9738,140200
2805,9738,140250
2806,9738,140300
2807,9738,140350
2808,9738,140400
2809,9738,140450
2810,9738,140500
2811,9738,140550
2812,9738,140600
2813,9738,140650
2814,9738,140700
2815,9738,140750
2816,9738,140800
2817,9738,140850
2818,9738,140900
2819,9738,140950
2820,9738,141000
2821,9738,141050
2822,9738,141100
2823,9738,141150
2824,9738,141200
2825,9738,141250
2826,9738,141300
2827,9738,141350
2828,9738,141400
2829,9738,141450
2830,9738,141500
2831,9738,141550
2832,9738,141600
2833,9738,141650
2834,9738,141700
2835,9738,141750
2836,9738,141800
2837,9738,141850
2838,9738,141900
2839,9738,141950
2840,9738,142000
2841,9738,142050
2842,9738,142100
2843,9738,142150
2844,9738,142200
2845,9738,142250
2846,9738,142300
2847,9738,142350
2848,9738,142400
2849,9738,142450
2850,9738,142500
2851,9738,142550
2852,9738,142600
2853,9738,142650
2854,9738,142700
2855,9738,142750
2856,9738,142800
2857,9738,142850
2858,9738,142900
2859,9738,142950
2860,9738,143000
2861,9738,143050
2862,9738,143100
2863,9738,143150
2864,9738,143200
2865,9738,143250
2866,9738,143300
2867,9738,143350
2868,9738,143400
2869,9738,143450
2870,9738,143500
2871,9738,143550
2872,9738,143600
2873,9738,143650
2874,9738,143700
2875,9738,143750
2876,9738,143800
2877,9738,143850
2878,9738,143900
2879,9738,143950
2880,9738,144000
2881,9738,144050
2882,9738,144100
2883,9738,144150
2884,9738,144200
2885,9738,144250
2886,9738,144300
2887,9738,144350
2888,9738,144400
2889,9738,144450
2890,9738,144500
2891,9738,144550
2892,9738,144600
2893,9738,144650
2894,9738,144700
2895,9738,144750
2896,9738,144800
2897,9738,144850
2898,9738,144900
2899,9738,144950
2900,9738,145000
2901,9738,145050
2902,9738,145100
2903,9738,145150
2904,9738,145200
2905,9738,145250
2906,9738,145300
2907,9738,145350
2908,9738,145400
2909,9738,145450
2910,9738,145500
2911,9738,145550
2912,9738,145600
2913,9738,145650
2914,9738,145700
2915,9738,145750
2916,9738,145800
2917,9738,145850
2918,9738,145900
2919,9738,145950
2920,9738,146000
2921,9738,146050
2922,9738,146100
2923,9738,146150
2924,9738,146200
2925,9738,146250
2926,9738,146300
2927,9738,146350
2928,9738,146400
2929,9738,146450
2930,9738,146500
2931,9738,146550
2932,9738,146600
2933,9738,146650
2934,9738,146700
2935,9738,146750
2936,9738,146800
2937,9738,146850
2938,9738,146900
2939,9738,146950
2940,9738,147000
2941,9738,147050
2942,9738,147100
2943,9738,147150
2944,9738,147200
2945,9738,147250
2946,9738,147300
2947,9738,147350
2948,9738,147400
2949,9738,147450
2950,9738,147500
2951,9738,147550
2952,9738,147600
2953,9738,147650
2954,9738,147700
2955,9738,147750
2956,9738,147800
2957,9738,147850
2958,9738,147900
2959,9738,147950
2960,9738,148000
2961,9738,148050
2962,9738,148100
2963,9738,148150
2964,9738,148200
2965,9738,148250
2966,9738,148300
2967,9738,148350
2968,9738,148400
2969,9738,148450
2970,9738,148500
2971,9738,148550
2972,9738,148600
2973,9738,148650
2974,9738,148700
2975,9738,148750
2976,9738,148800
2977,9738,148850
2978,9738,148900
2979,9738,148950
2980,9738,149000
2981,9738,149050
2982,9738,149100
2983,9738,149150
2984,9738,149200
2985,9738,149250
2986,9738,149300
2987,9738,149350
2988,9738,149400
2989,9738,149450
2990,9738,149500
2991,9738,149550
2992,9738,149600
2993,9738,149650
2994,9738,149700
2995,9738,149750
2996,9738,149800
2997,9738,149850
2998,9738,149900
2999,9738,149950
3000,9738,150000
3001,9738,150050
3002,9738,150100
3003,9738,150150
3004,9738,150200
3005,9738,150250
3006,9738,150300
3007,9738,150350
3008,9738,150400
3009,9738,150450
3010,9738,150500
3011,9738,150550
3012,9738,150600
3013,9738,150650
3014,9738,150700
3015,9738,150750
3016,9738,150800
3017,9738,150850
3018,9738,150900
3019,9738,150950
3020,9738,151000
3021,9738,151050
3022,9738,151100
3023,9738,151150
3024,9738,151200
3025,9738,151250
3026,9738,151300
3027,9738,151350
3028,9738,151400
3029,9738,151450
3030,9738,151500
3031,9738,151550
3032,9738,151600
3033,9738,151650
3034,9738,151700
3035,9738,151750
3036,9738,151800
3037,9738,151850
3038,9738,151900
3039,9738,151950
3040,9738,152000
3041,9738,152050
3042,9738,152100
3043,9738,152150
3044,9738,152200
3045,9738,152250
3046,9738,152300
3047,9738,152350
3048,9738,152400
3049,9738,152450
3050,9738,152500
3051,9738,152550
3052,9738,152600
3053,9738,152650
3054,9738,152700
3055,9738,152750
3056,9738,152800
3057,9738,152850
3058,9738,152900
3059,9738,152950
3060,9738,153000
3061,9738,153050
3062,9738,153100
3063,9738,153150
3064,9738,153200
3065,9738,153250
3066,9738,153300
3067,9738,153350
3068,9738,153400
3069,9738,153450
3070,9738,153500
3071,9738,153550
3072,9738,153600
3073,9738,153650
3074,9738,153700
3075,9738,153750
3076,9738,153800
3077,9738,153850
3078,9738,153900
3079,9738,153950
3080,9738,154000
3081,9738,154050
3082,9738,154100
3083,9738,154150
3084,9738,154200
3085,9738,154250
3086,9738,154300
3087,9738,154350
3088,9738,154400
3089,9738,154450
3090,9738,154500
3091,9738,154550
3092,9738,154600
3093,9738,154650
3094,9738,154700
3095,9738,154750
3096,9738,154800
3097,9738,154850
3098,9738,154900
3099,9738,154950
3100,9738,155000
3101,9738,155050
3102,9738,155100
3103,9738,155150
3104,9738,155200
3105,9738,155250
3106,9738,155300
3107,9738,155350
3108,9738,155400
3109,9738,155450
3110,9738,155500
3111,9738,155550
3112,9738,155600
3113,9738,155650
3114,9738,155700
3115,9738,155750
3116,9738,155800
3117,9738,155850
3118,9738,155900
3119,9738,155950
3120,9738,156000
3121,9738,156050
3122,9738,156100
3123,9738,156150
3124,9738,156200
3125,9738,156250
3126,9738,156300
3127,9738,156350
3128,9738,156400
3129,9738,156450
3130,9738,156500
3131,9738,156550
3132,9738,156600
3133,9738,156650
3134,9738,156700
3135,9738,156750
3136,9738,156800
3137,9738,156850
3138,9738,156900
3139,9738,156950
3140,9738,157000
3141,9738,157050
3142,9738,157100
3143,9738,157150
3144,9738,157200
3145,9738,157250
3146,9738,157300
3147,9738,157350
3148,9738,157400
3149,9738,157450
3150,9738,157500
3151,9738,157550
3152,9738,157600
3153,9738,157650
3154,9738,157700
3155,9738,157750
3156,9738,157800
3157,9738,157850
3158,9738,157900
3159,9738,157950
3160,9738,158000
3161,9738,158050
3162,9738,158100
3163,9738,158150
3164,9738,158200
3165,9738,158250
3166,9738,158300
3167,9738,158350
3168,9738,158400
3169,9738,158450
3170,9738,158500
3171,9738,158550
3172,9738,158600
3173,9738,158650
3174,9738,158700
3175,9738,158750
3176,9738,158800
3177,9738,158850
3178,9738,158900
3179,9738,158950
3180,9738,159000
3181,9738,159050
3182,9738,159100
3183,9738,159150
3184,9738,159200
3185,9738,159250
3186,9738,159300
3187,9738,159350
3188,9738,159400
3189,9738,159450
3190,9738,159500
3191,9738,159550
3192,9738,159600
3193,9738,159650
3194,9738,159700
3195,9738,159750
3196,9738,159800
3197,9738,159850
3198,9738,159900
3199,9738,159950
3200,9738,160000
3201,9738,160050
3202,9738,160100
3203,9738,160150
3204,9738,160200
3205,9738,160250
3206,9738,160300
3207,9738,160350
3208,9738,160400
3209,9738,160450
3210,9738,160500
3211,9738,160550
3212,9738,160600
3213,9738,160650
3214,9738,160700
3215,9738,160750
3216,9738,160800
3217,9738,160850
3218,9738,160900
3219,9738,160950
3220,9738,161000
3221,9738,161050
3222,9738,161100
3223,9738,161150
3224,9738,161200
3225,9738,161250
3226,9738,161300
3227,9738,161350
3228,9738,161400
3229,9738,161450
3230,9738,161500
3231,9738,161550
3232,9738,161600
3233,9738,161650
3234,9738,161700
3235,9738,161750
3236,9738,161800
3237,9738,161850
3238,9738,161900
3239,9738,161950
3240,9738,162000
3241,9738,162050
3242,9738,162100
3243,9738,162150
3244,9738,162200
3245,9738,162250
3246,9738,162300
3247,9738,162350
3248,9738,162400
3249,9738,162450
3250,9738,162500
3251,9738,162550
3252,9738,162600
3253,9738,162650
3254,9738,162700
3255,9738,162750
3256,9738,162800
3257,9738,162850
3258,9738,162900
3259,9738,162950
3260,9738,163000
3261,9738,163050
3262,9738,163100
3263,9738,163150
3264,9738,163200
3265,9738,163250
3266,9738,163300
3267,9738,163350
3268,9738,163400
3269,9738,163450
3270,9738,163500
3271,9738,163550
3272,9738,163600
3273,9738,163650
3274,9738,163700
3275,9738,163750
3276,9738,163800
3277,9738,163850
3278,9738,163900
3279,9738,163950
3280,9738,164000
3281,9738,164050
3282,9738,164100
3283,9738,164150
3284,9738,164200
3285,9738,164250
3286,9738,164300
3287,9738,164350
3288,9738,164400
3289,9738,164450
3290,9738,164500
3291,9738,164550
3292,9738,164600
3293,9738,164650
3294,9738,164700
3295,9738,164750
3296,9738,164800
3297,9738,164850
3298,9738,164900
3299,9738,164950
3300,9738,165000
3301,9738,165050
3302,9738,165100
3303,9738,165150
3304,9738,165200
3305,9738,165250
3306,9738,165300
3307,9738,165350
3308,9738,165400
3309,9738,165450
3310,9738,165500
3311,9738,165550
3312,9738,165600
3313,9738,165650
3314,9738,165700
3315,9738,165750
3316,9738,165800
3317,9738,165850
3318,9738,165900
3319,9738,165950
3320,9738,166000
3321,9738,166050
3322,9738,166100
3323,9738,166150
3324,9738,166200
3325,9738,166250
3326,9738,166300
3327,9738,166350
3328,9738,166400
3329,9738,166450
3330,9738,166500
3331,9738,166550
3332,9738,166600
3333,9738,166650
3334,9738,166700
3335,9738,166750
3336,9738,166800
3337,9738,166850
3338,9738,166900
3339,9738,166950
3340,9738,167000
3341,9738,167050
3342,9738,167100
3343,9738,167150
3344,9738,167200
3345,9738,167250
3346,9738,167300
3347,9738,167350
3348,9738,167400
3349,9738,167450
3350,9738,167500
3351,9738,167550
3352,9738,167600
3353,9738,167650
3354,9738,167700
3355,9738,167750
3356,9738,167800
3357,9738,167850
3358,9738,167900
3359,9738,167950
3360,9738,168000
3361,9738,168050
3362,9738,168100
3363,9738,168150
3364,9738,168200
3365,9738,168250
3366,9738,168300
3367,9738,168350
3368,9738,168400
3369,9738,168450
3370,9738,168500
3371,9738,168550
3372,9738,168600
3373,9738,168650
3374,9738,168700
3375,9738,168750
3376,9738,168800
3377,9738,168850
3378,9738,168900
3379,9738,168950
3380,9738,169000
3381,9738,169050
3382,9738,169100
3383,9738,169150
3384,9738,169200
3385,9738,169250
3386,9738,169300
3387,9738,169350
3388,9738,169400
3389,9738,169450
3390,9738,169500
3391,9738,169550
3392,9738,169600
3393,9738,169650
3394,9738,169700
3395,9738,169750
3396,9738,169800
3397,9738,169850
3398,9738,169900
3399,9738,169950
3400,9738,170000
3401,9738,170050
3402,9738,170100
3403,9738,170150
3404,9738,170200
3405,9738,170250
3406,9738,170300
3407,9738,170350
3408,9738,170400
3409,9738,170450
3410,9738,170500
3411,9738,170550
3412,9738,170600
3413,9738,170650
3414,9738,170700
3415,9738,170750
3416,9738,170800
3417,9738,170850
3418,9738,170900
3419,9738,170950
3420,9738,171000
3421,9738,171050
3422,9738,171100
3423,9738,171150
3424,9738,171200
3425,9738,171250
3426,9738,171300
3427,9738,171350
3428,9738,171400
3429,9738,171450
3430,9738,171500
3431,9738,171550
3432,9738,171600
3433,9738,171650
3434,9738,171700
3435,9738,171750
3436,9738,171800
3437,9738,171850
3438,9738,171900
3439,9738,171950
3440,9738,172000
3441,9738,172050
3442,9738,172100
3443,9738,172150
3444,9738,172200
3445,9738,172250
3446,9738,172300
3447,9738,172350
3448,9738,172400
3449,9738,172450
3450,9738,172500
3451,9738,172550
3452,9738,172600
3453,9738,172650
3454,9738,172700
3455,9738,172750
3456,9738,172800
3457,9738,172850
3458,9738,172900
3459,9738,172950
3460,9738,173000
3461,9738,173050
3462,9738,173100
3463,9738,173150
3464,9738,173200
3465,9738,173250
3466,9738,173300
3467,9738,173350
3468,9738,173400
3469,9738,173450
3470,9738,173500
3471,9738,173550
3472,9738,173600
3473,9738,173650
3474,9738,173700
3475,9738,173750
3476,9738,173800
3477,9738,173850
3478,9738,173900
3479,9738,173950
3480,9738,174000
3481,9738,174050
3482,9738,174100
3483,9738,174150
3484,9738,174200
3485,9738,174250
3486,9738,174300
3487,9738,174350
3488,9738,174400
3489,9738,174450
3490,9738,174500
3491,9738,174550
3492,9738,174600
3493,9738,174650
3494,9738,174700
3495,9738,174750
3496,9738,174800
3497,9738,174850
3498,9738,174900
3499,9738,174950
3500,9738,175000
3501,9738,175050
3502,9738,175100
3503,9738,175150
3504,9738,175200
3505,9738,175250
3506,9738,175300
3507,9738,175350
3508,9738,175400
3509,9738,175450
3510,9738,175500
3511,9738,175550
3512,9738,175600
3513,9738,175650
3514,9738,175700
3515,9738,175750
3516,9738,175800
3517,9738,175850
3518,9738,175900
3519,9738,175950
3520,9738,176000
3521,9738,176050
3522,9738,176100
3523,9738,176150
3524,9738,176200
3525,9738,176250
3526,9738,176300
3527,9738,176350
3528,9738,176400
3529,9738,176450
3530,9738,176500
3531,9738,176550
3532,9738,176600
3533,9738,176650
3534,9738,176700
3535,9738,176750
3536,9738,176800
3537,9738,176850
3538,9738,176900
3539,9738,176950
3540,9738,177000
3541,9738,177050
3542,9738,177100
3543,9738,177150
3544,9738,177200
3545,9738,177250
3546,9738,177300
3547,9738,177350
3548,9738,177400
3549,9738,177450
3550,9738,177500
3551,9738,177550
3552,9738,177600
3553,9738,177650
3554,9738,177700
3555,9738,177750
3556,9738,177800
3557,9738,177850
3558,9738,177900
3559,9738,177950
3560,9738,178000
3561,9738,178050
3562,9738,178100
3563,9738,178150
3564,9738,178200
3565,9738,178250
3566,9738,178300
3567,9738,178350
3568,9738,178400
3569,9738,178450
3570,9738,178500
3571,9738,178550
3572,9738,178600
3573,9738,178650
3574,9738,178700
3575,9738,178750
3576,9738,178800
3577,9738,178850
3578,9738,178900
3579,9738,178950
3580,9738,179000
3581,9738,179050
3582,9738,179100
3583,9738,179150
3584,9738,179200
3585,9738,179250
3586,9738,179300
3587,9738,179350
3588,9738,179400
3589,9738,179450
3590,9738,179500
3591,9738,179550
3592,9738,179600
3593,9738,179650
3594,9738,179700
3595,9738,179750
3596,9738,179800
3597,9738,179850
3598,9738,179900
3599,9738,179950
3600,9738,180000
3601,9738,180050
3602,9738,180100
3603,9738,180150
3604,9738,180200
3605,9738,180250
3606,9738,180300
3607,9738,180350
3608,9738,180400
3609,9738,180450
3610,9738,180500
3611,9738,180550
3612,9738,180600
3613,9738,180650
3614,9738,180700
3615,9738,180750
3616,9738,180800
3617,9738,180850
3618,9738,180900
3619,9738,180950
3620,9738,181000
3621,9738,181050
3622,9738,181100
3623,9738,181150
3624,9738,181200
3625,9738,181250
3626,9738,181300
3627,9738,181350
3628,9738,181400
3629,9738,181450
3630,9738,181500
3631,9738,181550
3632,9738,181600
3633,9738,181650
3634,9738,181700
3635,9738,181750
3636,9738,181800
3637,9738,181850
3638,9738,181900
3639,9738,181950
3640,9738,182000
3641,9738,182050
3642,9738,182100
3643,9738,182150
3644,9738,182200
3645,9738,182250
3646,9738,182300
3647,9738,182350
3648,9738,182400
3649,9738,182450
3650,9738,182500
3651,9738,182550
3652,9738,182600
3653,9738,182650
3654,9738,182700
3655,9738,182750
3656,9738,182800
3657,9738,182850
3658,9738,182900
3659,9738,182950
3660,9738,183000
3661,9738,183050
3662,9738,183100
3663,9738,183150
3664,9738,183200
3665,9738,183250
3666,9738,183300
3667,9738,183350
3668,9738,183400
3669,9738,183450
3670,9738,183500
3671,9738,183550
3672,9738,183600
3673,9738,183650
3674,9738,183700
3675,9738,183750
3676,9738,183800
3677,9738,183850
3678,9738,183900
3679,9738,183950
3680,9738,184000
3681,9738,184050
3682,9738,184100
3683,9738,184150
3684,9738,184200
3685,9738,184250
3686,9738,184300
3687,9738,184350
3688,9738,184400
3689,9738,184450
3690,9738,184500
3691,9738,184550
3692,9738,184600
3693,9738,184650
3694,9738,184700
3695,9738,184750
3696,9738,184800
3697,9738,184850
3698,9738,184900
3699,9738,184950
3700,9738,185000
3701,9738,185050
3702,9738,185100
3703,9738,185150
3704,9738,185200
3705,9738,185250
3706,9738,185300
3707,9738,185350
3708,9738,185400
3709,9738,185450
3710,9738,185500
3711,9738,185550
3712,9738,185600
3713,9738,185650
3714,9738,185700
3715,9738,185750
3716,9738,185800
3717,9738,185850
3718,9738,185900
3719,9738,185950
3720,9738,186000
3721,9738,186050
3722,9738,186100
3723,9738,186150
3724,9738,186200
3725,9738,186250
3726,9738,186300
3727,9738,186350
3728,9738,186400
3729,9738,186450
3730,9738,186500
3731,9738,186550
3732,9738,186600
3733,9738,186650
3734,9738,186700
3735,9738,186750
3736,9738,186800
3737,9738,186850
3738,9738,186900
3739,9738,186950
3740,9738,187000
3741,9738,187050
3742,9738,187100
3743,9738,187150
3744,9738,187200
3745,9738,187250
3746,9738,187300
3747,9738,187350
3748,9738,187400
3749,9738,187450
3750,9738,187500
3751,9738,187550
3752,9738,187600
3753,9738,187650
3754,9738,187700
3755,9738,187750
3756,9738,187800
3757,9738,187850
3758,9738,187900
3759,9738,187950
3760,9738,188000
3761,9738,188050
3762,9738,188100
3763,9738,188150
3764,9738,188200
3765,9738,188250
3766,9738,188300
3767,9738,188350
3768,9738,188400
3769,9738,188450
3770,9738,188500
3771,9738,188550
3772,9738,188600
3773,9738,188650
3774,9738,188700
3775,9738,188750
3776,9738,188800
3777,9738,188850
3778,9738,188900
3779,9738,188950
3780,9738,189000
3781,9738,189050
3782,9738,189100
3783,9738,189150
3784,9738,189200
3785,9738,189250
3786,9738,189300
3787,9738,189350
3788,9738,189400
3789,9738,189450
3790,9738,189500
3791,9738,189550
3792,9738,189600
3793,9738,189650
3794,9738,189700
3795,9738,189750
3796,9738,189800
3797,9738,189850
3798,9738,189900
3799,9738,189950
3800,9738,190000
3801,9738,190050
3802,9738,190100
3803,9738,190150
3804,9738,190200
3805,9738,190250
3806,9738,190300
3807,9738,190350
3808,9738,190400
3809,9738,190450
3810,9738,190500
3811,9738,190550
3812,9738,190600
3813,9738,190650
3814,9738,190700
3815,9738,190750
3816,9738,190800
3817,9738,190850
3818,9738,190900
3819,9738,190950
3820,9738,191000
3821,9738,191050
3822,9738,191100
3823,9738,191150
3824,9738,191200
3825,9738,191250
3826,9738,191300
3827,9738,191350
3828,9738,191400
3829,9738,191450
3830,9738,191500
3831,9738,191550
3832,9738,191600
3833,9738,191650
3834,9738,191700
3835,9738,191750
3836,9738,191800
3837,9738,191850
3838,9738,191900
3839,9738,191950
3840,9738,192000
3841,9738,192050
3842,9738,192100
3843,9738,192150
3844,9738,192200
3845,9738,192250
3846,9738,192300
3847,9738,192350
3848,9738,192400
3849,9738,192450
3850,9738,192500
3851,9738,192550
3852,9738,192600
3853,9738,192650
3854,9738,192700
3855,9738,192750
3856,9738,192800
3857,9738,192850
3858,9738,192900
3859,9738,192950
3860,9738,193000
3861,9738,193050
3862,9738,193100
3863,9738,193150
3864,9738,193200
3865,9738,193250
3866,9738,193300
3867,9738,193350
3868,9738,193400
3869,9738,193450
3870,9738,193500
3871,9738,193550
3872,9738,193600
3873,9738,193650
3874,9738,193700
3875,9738,193750
3876,9738,193800
3877,9738,193850
3878,9738,193900
3879,9738,193950
3880,9738,194000
3881,9738,194050
3882,9738,194100
3883,9738,194150
3884,9738,194200
3885,9738,194250
3886,9738,194300
3887,9738,194350
3888,9738,194400
3889,9738,194450
3890,9738,194500
3891,9738,194550
3892,9738,194600
3893,9738,194650
3894,9738,194700
3895,9738,194750
3896,9738,194800
3897,9738,194850
3898,9738,194900
3899,9738,194950
3900,9738,195000
3901,9738,195050
3902,9738,195100
3903,9738,195150
3904,9738,195200
3905,9738,195250
3906,9738,195300
3907,9738,195350
3908,9738,195400
3909,9738,195450
3910,9738,195500
3911,9738,195550
3912,9738,195600
3913,9738,195650
3914,9738,195700
3915,9738,195750
3916,9738,195800
3917,9738,195850
3918,9738,195900
3919,9738,195950
3920,9738,196000
3921,9738,196050
3922,9738,196100
3923,9738,196150
3924,9738,196200
3925,9738,196250
3926,9738,196300
3927,9738,196350
3928,9738,196400
3929,9738,196450
3930,9738,196500
3931,9738,196550
3932,9738,196600
3933,9738,196650
3934,9738,196700
3935,9738,196750
3936,9738,196800
3937,9738,196850
3938,9738,196900
3939,9738,196950
3940,9738,197000
3941,9738,197050
3942,9738,197100
3943,9738,197150
3944,9738,197200
3945,9738,197250
3946,9738,197300
3947,9738,197350
3948,9738,197400
3949,9738,197450
3950,9738,197500
3951,9738,197550
3952,9738,197600
3953,9738,197650
3954,9738,197700
3955,9738,197750
3956,9738,197800
3957,9738,197850
3958,9738,197900
3959,9738,197950
3960,9738,198000
3961,9738,198050
3962,9738,198100
3963,9738,198150
3964,9738,198200
3965,9738,198250
3966,9738,198300
3967,9738,198350
3968,9738,198400
3969,9738,198450
3970,9738,198500
3971,9738,198550
3972,9738,198600
3973,9738,198650
3974,9738,198700
3975,9738,198750
3976,9738,198800
3977,9738,198850
3978,9738,198900
3979,9738,198950
3980,9738,199000
3981,9738,199050
3982,9738,199100
3983,9738,199150
3984,9738,199200
3985,9738,199250
3986,9738,199300
3987,9738,199350
3988,9738,199400
3989,9738,199450
3990,9738,199500
3991,9738,199550
3992,9738,199600
3993,9738,199650
3994,9738,199700
3995,9738,199750
3996,9738,199800
3997,9738,199850
3998,9738,199900
3999,9738,199950
4000,9738,200000
4001,9738,200050
4002,9738,200100
4003,9738,200150
4004,9738,200200
4005,9738,200250
4006,9738,200300
4007,9738,200350
4008,9738,200400
4009,9738,200450
4010,9738,200500
4011,9738,200550
4012,9738,200600
4013,9738,200650
4014,9738,200700
4015,9738,200750
4016,9738,200800
4017,9738,200850
4018,9738,200900
4019,9738,200950
4020,9738,201000
4021,9738,201050
4022,9738,201100
4023,9738,201150
4024,9738,201200
4025,9738,201250
4026,9738,201300
4027,9738,201350
4028,9738,201400
4029,9738,201450
4030,9738,201500
4031,9738,201550
4032,9738,201600
4033,9738,201650
4034,9738,201700
4035,9738,201750
4036,9738,201800
4037,9738,201850
4038,9738,201900
4039,9738,201950
4040,9738,202000
4041,9738,202050
4042,9738,202100
4043,9738,202150
4044,9738,202200
4045,9738,202250
4046,9738,202300
4047,9738,202350
4048,9738,202400
4049,9738,202450
4050,9738,202500
4051,9738,202550
4052,9738,202600
4053,9738,202650
4054,9738,202700
4055,9738,202750
4056,9738,202800
4057,9738,202850
4058,9738,202900
4059,9738,202950
4060,9738,203000
4061,9738,203050
4062,9738,203100
4063,9738,203150
4064,9738,203200
4065,9738,203250
4066,9738,203300
4067,9738,203350
4068,9738,203400
4069,9738,203450
4070,9738,203500
4071,9738,203550
4072,9738,203600
4073,9738,203650
4074,9738,203700
4075,9738,203750
4076,9738,203800
4077,9738,203850
4078,9738,203900
4079,9738,203950
4080,9738,204000
4081,9738,204050
4082,9738,204100
4083,9738,204150
4084,9738,204200
4085,9738,204250
4086,9738,204300
4087,9738,204350
4088,9738,204400
4089,9738,204450
4090,9738,204500
4091,9738,204550
4092,9738,204600
4093,9738,204650
4094,9738,204700
4095,9738,204750
4096,9738,204800
4097,9738,204850
4098,9738,204900
4099,9738,204950
4100,9738,205000
4101,9738,205050
4102,9738,205100
4103,9738,205150
4104,9738,205200
4105,9738,205250
4106,9738,205300
4107,9738,205350
4108,9738,205400
4109,9738,205450
4110,9738,205500
4111,9738,205550
4112,9738,205600
4113,9738,205650
4114,9738,205700
4115,9738,205750
4116,9738,205800
4117,9738,205850
4118,9738,205900
4119,9738,205950
4120,9738,206000
4121,9738,206050
4122,9738,206100
4123,9738,206150
4124,9738,206200
4125,9738,206250
4126,9738,206300
4127,9738,206350
4128,9738,206400
4129,9738,206450
4130,9738,206500
4131,9738,206550
4132,9738,206600
4133,9738,206650
4134,9738,206700
4135,9738,206750
4136,9738,206800
4137,9738,206850
4138,9738,206900
4139,9738,206950
4140,9738,207000
4141,9738,207050
4142,9738,207100
4143,9738,207150
4144,9738,207200
4145,9738,207250
4146,9738,207300
4147,9738,207350
4148,9738,207400
4149,9738,207450
4150,9738,207500
4151,9738,207550
4152,9738,207600
4153,9738,207650
4154,9738,207700
4155,9738,207750
4156,9738,207800
4157,9738,207850
4158,9738,207900
4159,9738,207950
4160,9738,208000
4161,9738,208050
4162,9738,208100
4163,9738,208150
4164,9738,208200
4165,9738,208250
4166,9738,208300
4167,9738,208350
4168,9738,208400
4169,9738,208450
4170,9738,208500
4171,9738,208550
4172,9738,208600
4173,9738,208650
4174,9738,208700
4175,9738,208750
4176,9738,208800
4177,9738,208850
4178,9738,208900
4179,9738,208950
4180,9738,209000
4181,9738,209050
4182,9738,209100
4183,9738,209150
4184,9738,209200
4185,9738,209250
4186,9738,209300
4187,9738,209350
4188,9738,209400
4189,9738,209450
4190,9738,209500
4191,9738,209550
4192,9738,209600
4193,9738,209650
4194,9738,209700
4195,9738,209750
4196,9738,209800
4197,9738,209850
4198,9738,209900
4199,9738,209950
4200,9738,210000
4201,9738,210050
4202,9738,210100
4203,9738,210150
4204,9738,210200
4205,9738,210250
4206,9738,210300
4207,9738,210350
4208,9738,210400
4209,9738,210450
4210,9738,210500
4211,9738,210550
4212,9738,210600
4213,9738,210650
4214,9738,210700
4215,9738,210750
4216,9738,210800
4217,9738,210850
4218,9738,210900
4219,9738,210950
4220,9738,211000
4221,9738,211050
4222,9738,211100
4223,9738,211150
4224,9738,211200
4225,9738,211250
4226,9738,211300
4227,9738,211350
4228,9738,211400
4229,9738,211450
4230,9738,211500
4231,9738,211550
4232,9738,211600
4233,9738,211650
4234,9738,211700
4235,9738,211750
4236,9738,211800
4237,9738,211850
4238,9738,211900
4239,9738,211950
4240,9738,212000
4241,9738,212050
4242,9738,212100
4243,9738,212150
4244,9738,212200
4245,9738,212250
4246,9738,212300
4247,9738,212350
4248,9738,212400
4249,9738,212450
4250,9738,212500
4251,9738,212550
4252,9738,212600
4253,9738,212650
4254,9738,212700
4255,9738,212750
4256,9738,212800
4257,9738,212850
4258,9738,212900
4259,9738,212950
4260,9738,213000
4261,9738,213050
4262,9738,213100
4263,9738,213150
4264,9738,213200
4265,9738,213250
4266,9738,213300
4267,9738,213350
4268,9738,213400
4269,9738,213450
4270,9738,213500
4271,9738,213550
4272,9738,213600
4273,9738,213650
4274,9738,213700
4275,9738,213750
4276,9738,213800
4277,9738,213850
4278,9738,213900
4279,9738,213950
4280,9738,214000
4281,9738,214050
4282,9738,214100
4283,9738,214150
4284,9738,214200
4285,9738,214250
4286,9738,214300
4287,9738,214350
4288,9738,214400
4289,9738,214450
4290,9738,214500
4291,9738,214550
4292,9738,214600
4293,9738,214650
4294,9738,214700
4295,9738,214750
4296,9738,214800
4297,9738,214850
4298,9738,214900
4299,9738,214950
4300,9738,215000
4301,9738,215050
4302,9738,215100
4303,9738,215150
4304,9738,215200
4305,9738,215250
4306,9738,215300
4307,9738,215350
4308,9738,215400
4309,9738,215450
4310,9738,215500
4311,9738,215550
4312,9738,215600
4313,9738,215650
4314,9738,215700
4315,9738,215750
4316,9738,215800
4317,9738,215850
4318,9738,215900
4319,9738,215950
4320,9738,216000
4321,9738,216050
4322,9738,216100
4323,9738,216150
4324,9738,216200
4325,9738,216250
4326,9738,216300
4327,9738,216350
4328,9738,216400
4329,9738,216450
4330,9738,216500
4331,9738,216550
4332,9738,216600
4333,9738,216650
4334,9738,216700
4335,9738,216750
4336,9738,216800
4337,9738,216850
4338,9738,216900
4339,9738,216950
4340,9738,217000
4341,9738,217050
4342,9738,217100
4343,9738,217150
4344,9738,217200
4345,9738,217250
4346,9738,217300
4347,9738,217350
4348,9738,217400
4349,9738,217450
4350,9738,217500
4351,9738,217550
4352,9738,217600
4353,9738,217650
4354,9738,217700
4355,9738,217750
4356,9738,217800
4357,9738,217850
4358,9738,217900
4359,9738,217950
4360,9738,218000
4361,9738,218050
4362,9738,218100
4363,9738,218150
4364,9738,218200
4365,9738,218250
4366,9738,218300
4367,9738,218350
4368,9738,218400
4369,9738,218450
4370,9738,218500
4371,9738,218550
4372,9738,218600
4373,9738,218650
4374,9738,218700
4375,9738,218750
4376,9738,218800
4377,9738,218850
4378,9738,218900
4379,9738,218950
4380,9738,219000
4381,9738,219050
4382,9738,219100
4383,9738,219150
4384,9738,219200
4385,9738,219250
4386,9738,219300
4387,9738,219350
4388,9738,219400
4389,9738,219450
4390,9738,219500
4391,9738,219550
4392,9738,219600
4393,9738,219650
4394,9738,219700
4395,9738,219750
4396,9738,219800
4397,9738,219850
4398,9738,219900
4399,9738,219950
4400,9738,220000
4401,9738,220050
4402,9738,220100
4403,9738,220150
4404,9738,220200
4405,9738,220250
4406,9738,220300
4407,9738,220350
4408,9738,220400
4409,9738,220450
4410,9738,220500
4411,9738,220550
4412,9738,220600
4413,9738,220650
4414,9738,220700
4415,9738,220750
4416,9738,220800
4417,9738,220850
4418,9738,220900
4419,9738,220950
4420,9738,221000
4421,9738,221050
4422,9738,221100
4423,9738,221150
4424,9738,221200
4425,9738,221250
4426,9738,221300
4427,9738,221350
4428,9738,221400
4429,9738,221450
4430,9738,221500
4431,9738,221550
4432,9738,221600
4433,9738,221650
4434,9738,221700
4435,9738,221750
4436,9738,221800
4437,9738,221850
4438,9738,221900
4439,9738,221950
4440,9738,222000
4441,9738,222050
4442,9738,222100
4443,9738,222150
4444,9738,222200
4445,9738,222250
4446,9738,222300
4447,9738,222350
4448,9738,222400
4449,9738,222450
4450,9738,222500
4451,9738,222550
4452,9738,222600
4453,9738,222650
4454,9738,222700
4455,9738,222750
4456,9738,222800
4457,9738,222850
4458,9738,222900
4459,9738,222950
4460,9738,223000
4461,9738,223050
4462,9738,223100
4463,9738,223150
4464,9738,223200
4465,9738,223250
4466,9738,223300
4467,9738,223350
4468,9738,223400
4469,9738,223450
4470,9738,223500
4471,9738,223550
4472,9738,223600
4473,9738,223650
4474,9738,223700
4475,9738,223750
4476,9738,223800
4477,9738,223850
4478,9738,223900
4479,9738,223950
4480,9738,224000
4481,9738,224050
4482,9738,224100
4483,9738,224150
4484,9738,224200
4485,9738,224250
4486,9738,224300
4487,9738,224350
4488,9738,224400
4489,9738,224450
4490,9738,224500
4491,9738,224550
4492,9738,224600
4493,9738,224650
4494,9738,224700
4495,9738,224750
4496,9738,224800
4497,9738,224850
4498,9738,224900
4499,9738,224950
4500,9738,225000
4501,9738,225050
4502,9738,225100
4503,9738,225150
4504,9738,225200
4505,9738,225250
4506,9738,225300
4507,9738,225350
4508,9738,225400
4509,9738,225450
4510,9738,225500
4511,9738,225550
4512,9738,225600
4513,9738,225650
4514,9738,225700
4515,9738,225750
4516,9738,225800
4517,9738,225850
4518,9738,225900
4519,9738,225950
4520,9738,226000
4521,9738,226050
4522,9738,226100
4523,9738,226150
4524,9738,226200
4525,9738,226250
4526,9738,226300
4527,9738,226350
4528,9738,226400
4529,9738,226450
4530,9738,226500
4531,9738,226550
4532,9738,226600
4533,9738,226650
4534,9738,226700
4535,9738,226750
4536,9738,226800
4537,9738,226850
4538,9738,226900
4539,9738,226950
4540,9738,227000
4541,9738,227050
4542,9738,227100
4543,9738,227150
4544,9738,227200
4545,9738,227250
4546,9738,227300
4547,9738,227350
4548,9738,227400
4549,9738,227450
4550,9738,227500
4551,9738,227550
4552,9738,227600
4553,9738,227650
4554,9738,227700
4555,9738,227750
4556,9738,227800
4557,9738,227850
4558,9738,227900
4559,9738,227950
4560,9738,228000
4561,9738,228050
4562,9738,228100
4563,9738,228150
4564,9738,228200
4565,9738,228250
4566,9738,228300
4567,9738,228350
4568,9738,228400
4569,9738,228450
4570,9738,228500
4571,9738,228550
4572,9738,228600
4573,9738,228650
4574,9738,228700
4575,9738,228750
4576,9738,228800
4577,9738,228850
4578,9738,228900
4579,9738,228950
4580,9738,229000
4581,9738,229050
4582,9738,229100
4583,9738,229150
4584,9738,229200
4585,9738,229250
4586,9738,229300
4587,9738,229350
4588,9738,229400
4589,9738,229450
4590,9738,229500
4591,9738,229550
4592,9738,229600
4593,9738,229650
4594,9738,229700
4595,9738,229750
4596,9738,229800
4597,9738,229850
4598,9738,229900
4599,9738,229950
4600,9738,230000
4601,9738,230050
4602,9738,230100
4603,9738,230150
4604,9738,230200
4605,9738,230250
4606,9738,230300
4607,9738,230350
4608,9738,230400
4609,9738,230450
4610,9738,230500
4611,9738,230550
4612,9738,230600
4613,9738,230650
4614,9738,230700
4615,9738,230750
4616,9738,230800
4617,9738,230850
4618,9738,230900
4619,9738,230950
4620,9738,231000
4621,9738,231050
4622,9738,231100
4623,9738,231150
4624,9738,231200
4625,9738,231250
4626,9738,231300
4627,9738,231350
4628,9738,231400
4629,9738,231450
4630,9738,231500
4631,9738,231550
4632,9738,231600
4633,9738,231650
4634,9738,231700
4635,9738,231750
4636,9738,231800
4637,9738,231850
4638,9738,231900
4639,9738,231950
4640,9738,232000
4641,9738,232050
4642,9738,232100
4643,9738,232150
4644,9738,232200
4645,9738,232250
4646,9738,232300
4647,9738,232350
4648,9738,232400
4649,9738,232450
4650,9738,232500
4651,9738,232550
4652,9738,232600
4653,9738,232650
4654,9738,232700
4655,9738,232750
4656,9738,232800
4657,9738,232850
4658,9738,232900
4659,9738,232950
4660,9738,233000
4661,9738,233050
4662,9738,233100
4663,9738,233150
4664,9738,233200
4665,9738,233250
4666,9738,233300
4667,9738,233350
4668,9738,233400
4669,9738,233450
4670,9738,233500
4671,9738,233550
4672,9738,233600
4673,9738,233650
4674,9738,233700
4675,9738,233750
4676,9738,233800
4677,9738,233850
4678,9738,233900
4679,9738,233950
4680,9738,234000
4681,9738,234050
4682,9738,234100
4683,9738,234150
4684,9738,234200
4685,9738,234250
4686,9738,234300
4687,9738,234350
4688,9738,234400
4689,9738,234450
4690,9738,234500
4691,9738,234550
4692,9738,234600
4693,9738,234650
4694,9738,234700
4695,9738,234750
4696,9738,234800
4697,9738,234850
4698,9738,234900
4699,9738,234950
4700,9738,235000
4701,9738,235050
4702,9738,235100
4703,9738,235150
4704,9738,235200
4705,9738,235250
4706,9738,235300
4707,9738,235350
4708,9738,235400
4709,9738,235450
4710,9738,235500
4711,9738,235550
4712,9738,235600
4713,9738,235650
4714,9738,235700
4715,9738,235750
4716,9738,235800
4717,9738,235850
4718,9738,235900
4719,9738,235950
4720,9738,236000
4721,9738,236050
4722,9738,236100
4723,9738,236150
4724,9738,236200
4725,9738,236250
4726,9738,236300
4727,9738,236350
4728,9738,236400
4729,9738,236450
4730,9738,236500
4731,9738,236550
4732,9738,236600
4733,9738,236650
4734,9738,236700
4735,9738,236750
4736,9738,236800
4737,9738,236850
4738,9738,236900
4739,9738,236950
4740,9738,237000
4741,9738,237050
4742,9738,237100
4743,9738,237150
4744,9738,237200
4745,9738,237250
4746,9738,237300
4747,9738,237350
4748,9738,237400
4749,9738,237450
4750,9738,237500
4751,9738,237550
4752,9738,237600
4753,9738,237650
4754,9738,237700
4755,9738,237750
4756,9738,237800
4757,9738,237850
4758,9738,237900
4759,9738,237950
4760,9738,238000
4761,9738,238050
4762,9738,238100
4763,9738,238150
4764,9738,238200
4765,9738,238250
4766,9738,238300
4767,9738,238350
4768,9738,238400
4769,9738,238450
4770,9738,238500
4771,9738,238550
4772,9738,238600
4773,9738,238650
4774,9738,238700
4775,9738,238750
4776,9738,238800
4777,9738,238850
4778,9738,238900
4779,9738,238950
4780,9738,239000
4781,9738,239050
4782,9738,239100
4783,9738,239150
4784,9738,239200
4785,9738,239250
4786,9738,239300
4787,9738,239350
4788,9738,239400
4789,9738,239450
4790,9738,239500
4791,9738,239550
4792,9738,239600
4793,9738,239650
4794,9738,239700
4795,9738,239750
4796,9738,239800
4797,9738,239850
4798,9738,239900
4799,9738,239950
4800,9738,240000
4801,9738,240050
4802,9738,240100
4803,9738,240150
4804,9738,240200
4805,9738,240250
4806,9738,240300
4807,9738,240350
4808,9738,240400
4809,9738,240450
4810,9738,240500
4811,9738,240550
4812,9738,240600
4813,9738,240650
4814,9738,240700
4815,9738,240750
4816,9738,240800
4817,9738,240850
4818,9738,240900
4819,9738,240950
4820,9738,241000
4821,9738,241050
4822,9738,241100
4823,9738,241150
4824,9738,241200
4825,9738,241250
4826,9738,241300
4827,9738,241350
4828,9738,241400
4829,9738,241450
4830,9738,241500
4831,9738,241550
4832,9738,241600
4833,9738,241650
4834,9738,241700
4835,9738,241750
4836,9738,241800
4837,9738,241850
4838,9738,241900
4839,9738,241950
4840,9738,242000
4841,9738,242050
4842,9738,242100
4843,9738,242150
4844,9738,242200
4845,9738,242250
4846,9738,242300
4847,9738,242350
4848,9738,242400
4849,9738,242450
4850,9738,242500
4851,9738,242550
4852,9738,242600
4853,9738,242650
4854,9738,242700
4855,9738,242750
4856,9738,242800
4857,9738,242850
4858,9738,242900
4859,9738,242950
4860,9738,243000
4861,9738,243050
4862,9738,243100
4863,9738,243150
4864,9738,243200
4865,9738,243250
4866,9738,243300
4867,9738,243350
4868,9738,243400
4869,9738,243450
4870,9738,243500
4871,9738,243550
4872,9738,243600
4873,9738,243650
4874,9738,243700
4875,9738,243750
4876,9738,243800
4877,9738,243850
4878,9738,243900
4879,9738,243950
4880,9738,244000
4881,9738,244050
4882,9738,244100
4883,9738,244150
4884,9738,244200
4885,9738,244250
4886,9738,244300
4887,9738,244350
4888,9738,244400
4889,9738,244450
4890,9738,244500
4891,9738,244550
4892,9738,244600
4893,9738,244650
4894,9738,244700
4895,9738,244750
4896,9738,244800
4897,9738,244850
4898,9738,244900
4899,9738,244950
4900,9738,245000
4901,9738,245050
4902,9738,245100
4903,9738,245150
4904,9738,245200
4905,9738,245250
4906,9738,245300
4907,9738,245350
4908,9738,245400
4909,9738,245450
4910,9738,245500
4911,9738,245550
4912,9738,245600
4913,9738,245650
4914,9738,245700
4915,9738,245750
4916,9738,245800
4917,9738,245850
4918,9738,245900
4919,9738,245950
4920,9738,246000
4921,9738,246050
4922,9738,246100
4923,9738,246150
4924,9738,246200
4925,9738,246250
4926,9738,246300
4927,9738,246350
4928,9738,246400
4929,9738,246450
4930,9738,246500
4931,9738,246550
4932,9738,246600
4933,9738,246650
4934,9738,246700
4935,9738,246750
4936,9738,246800
4937,9738,246850
4938,9738,246900
4939,9738,246950
4940,9738,247000
4941,9738,247050
4942,9738,247100
4943,9738,247150
4944,9738,247200
4945,9738,247250
4946,9738,247300
4947,9738,247350
4948,9738,247400
4949,9738,247450
4950,9738,247500
4951,9738,247550
4952,9738,247600
4953,9738,247650
4954,9738,247700
4955,9738,247750
4956,9738,247800
4957,9738,247850
4958,9738,247900
4959,9738,247950
4960,9738,248000
4961,9738,248050
4962,9738,248100
4963,9738,248150
4964,9738,248200
4965,9738,248250
4966,9738,248300
4967,9738,248350
4968,9738,248400
4969,9738,248450
4970,9738,248500
4971,9738,248550
4972,9738,248600
4973,9738,248650
4974,9738,248700
4975,9738,248750
4976,9738,248800
4977,9738,248850
4978,9738,248900
4979,9738,248950
4980,9738,249000
4981,9738,249050
4982,9738,249100
4983,9738,249150
4984,9738,249200
4985,9738,249250
4986,9738,249300
4987,9738,249350
4988,9738,249400
4989,9738,249450
4990,9738,249500
4991,9738,249550
4992,9738,249600
4993,9738,249650
4994,9738,249700
4995,9738,249750
4996,9738,249800
4997,9738,249850
4998,9738,249900
4999,9738,249950
5000,9738,250000
5001,9738,250050
5002,9738,250100
5003,9738,250150
5004,9738,250200
5005,9738,250250
5006,9738,250300
5007,9738,250350
5008,9738,250400
5009,9738,250450
5010,9738,250500
5011,9738,250550
5012,9738,250600
5013,9738,250650
5014,9738,250700
5015,9738,250750
5016,9738,250800
5017,9738,250850
5018,9738,250900
5019,9738,250950
5020,9738,251000
5021,9738,251050
5022,9738,251100
5023,9738,251150
5024,9738,251200
5025,9738,251250
5026,9738,251300
5027,9738,251350
5028,9738,251400
5029,9738,251450
5030,9738,251500
5031,9738,251550
5032,9738,251600
5033,9738,251650
5034,9738,251700
5035,9738,251750
5036,9738,251800
5037,9738,251850
5038,9738,251900
5039,9738,251950
5040,9738,252000
5041,9738,252050
5042,9738,252100
5043,9738,252150
5044,9738,252200
5045,9738,252250
5046,9738,252300
5047,9738,252350
5048,9738,252400
5049,9738,252450
5050,9738,252500
5051,9738,252550
5052,9738,252600
5053,9738,252650
5054,9738,252700
5055,9738,252750
5056,9738,252800
5057,9738,252850
5058,9738,252900
5059,9738,252950
5060,9738,253000
5061,9738,253050
5062,9738,253100
5063,9738,253150
5064,9738,253200
5065,9738,253250
5066,9738,253300
5067,9738,253350
5068,9738,253400
5069,9738,253450
5070,9738,253500
5071,9738,253550
5072,9738,253600
5073,9738,253650
5074,9738,253700
5075,9738,253750
5076,9738,253800
5077,9738,253850
5078,9738,253900
5079,9738,253950
5080,9738,254000
5081,9738,254050
5082,9738,254100
5083,9738,254150
5084,9738,254200
5085,9738,254250
5086,9738,254300
5087,9738,254350
5088,9738,254400
5089,9738,254450
5090,9738,254500
5091,9738,254550
5092,9738,254600
5093,9738,254650
5094,9738,254700
5095,9738,254750
5096,9738,254800
5097,9738,254850
5098,9738,254900
5099,9738,254950
5100,9738,255000
5101,9738,255050
5102,9738,255100
5103,9738,255150
5104,9738,255200
5105,9738,255250
5106,9738,255300
5107,9738,255350
5108,9738,255400
5109,9738,255450
5110,9738,255500
5111,9738,255550
5112,9738,255600
5113,9738,255650
5114,9738,255700
5115,9738,255750
5116,9738,255800
5117,9738,255850
5118,9738,255900
5119,9738,255950
5120,9738,256000
5121,9738,256050
5122,9738,256100
5123,9738,256150
5124,9738,256200
5125,9738,256250
5126,9738,256300
5127,9738,256350
5128,9738,256400
5129,9738,256450
5130,9738,256500
5131,9738,256550
5132,9738,256600
5133,9738,256650
5134,9738,256700
5135,9738,256750
5136,9738,256800
5137,9738,256850
5138,9738,256900
5139,9738,256950
5140,9738,257000
5141,9738,257050
5142,9738,257100
5143,9738,257150
5144,9738,257200
5145,9738,257250
5146,9738,257300
5147,9738,257350
5148,9738,257400
5149,9738,257450
5150,9738,257500
5151,9738,257550
5152,9738,257600
5153,9738,257650
5154,9738,257700
5155,9738,257750
5156,9738,257800
5157,9738,257850
5158,9738,257900
5159,9738,257950
5160,9738,258000
5161,9738,258050
5162,9738,258100
5163,9738,258150
5164,9738,258200
5165,9738,258250
5166,9738,258300
5167,9738,258350
5168,9738,258400
5169,9738,258450
5170,9738,258500
5171,9738,258550
5172,9738,258600
5173,9738,258650
5174,9738,258700
5175,9738,258750
5176,9738,258800
5177,9738,258850
5178,9738,258900
5179,9738,258950
5180,9738,259000
5181,9738,259050
5182,9738,259100
5183,9738,259150
5184,9738,259200
5185,9738,259250
5186,9738,259300
5187,9738,259350
5188,9738,259400
5189,9738,259450
5190,9738,259500
5191,9738,259550
5192,9738,259600
5193,9738,259650
5194,9738,259700
5195,9738,259750
5196,9738,259800
5197,9738,259850
5198,9738,259900
5199,9738,259950
5200,9738,260000
5201,9738,260050
5202,9738,260100
5203,9738,260150
5204,9738,260200
5205,9738,260250
5206,9738,260300
5207,9738,260350
5208,9738,260400
5209,9738,260450
5210,9738,260500
5211,9738,260550
5212,9738,260600
5213,9738,260650
5214,9738,260700
5215,9738,260750
5216,9738,260800
5217,9738,260850
5218,9738,260900
5219,9738,260950
5220,9738,261000
5221,9738,261050
5222,9738,261100
5223,9738,261150
5224,9738,261200
5225,9738,261250
5226,9738,261300
5227,9738,261350
5228,9738,261400
5229,9738,261450
5230,9738,261500
5231,9738,261550
5232,9738,261600
5233,9738,261650
5234,9738,261700
5235,9738,261750
5236,9738,261800
5237,9738,261850
5238,9738,261900
5239,9738,261950
5240,9738,262000
5241,9738,262050
5242,9738,262100
5243,9738,262150
5244,9738,262200
5245,9738,262250
5246,9738,262300
5247,9738,262350
5248,9738,262400
5249,9738,262450
5250,9738,262500
5251,9738,262550
5252,9738,262600
5253,9738,262650
5254,9738,262700
5255,9738,262750
5256,9738,262800
5257,9738,262850
5258,9738,262900
5259,9738,262950
5260,9738,263000
5261,9738,263050
5262,9738,263100
5263,9738,263150
5264,9738,263200
5265,9738,263250
5266,9738,263300
5267,9738,263350
5268,9738,263400
5269,9738,263450
5270,9738,263500
5271,9738,263550
5272,9738,263600
5273,9738,263650
5274,9738,263700
5275,9738,263750
5276,9738,263800
5277,9738,263850
5278,9738,263900
5279,9738,263950
5280,9738,264000
5281,9738,264050
5282,9738,264100
5283,9738,264150
5284,9738,264200
5285,9738,264250
5286,9738,264300
5287,9738,264350
5288,9738,264400
5289,9738,264450
5290,9738,264500
5291,9738,264550
5292,9738,264600
5293,9738,264650
5294,9738,264700
5295,9738,264750
5296,9738,264800
5297,9738,264850
5298,9738,264900
5299,9738,264950
5300,9738,265000
5301,9738,265050
5302,9738,265100
5303,9738,265150
5304,9738,265200
5305,9738,265250
5306,9738,265300
5307,9738,265350
5308,9738,265400
5309,9738,265450
5310,9738,265500
5311,9738,265550
5312,9738,265600
5313,9738,265650
5314,9738,265700
5315,9738,265750
5316,9738,265800
5317,9738,265850
5318,9738,265900
5319,9738,265950
5320,9738,266000
5321,9738,266050
5322,9738,266100
5323,9738,266150
5324,9738,266200
5325,9738,266250
5326,9738,266300
5327,9738,266350
5328,9738,266400
5329,9738,266450
5330,9738,266500
5331,9738,266550
5332,9738,266600
5333,9738,266650
5334,9738,266700
5335,9738,266750
5336,9738,266800
5337,9738,266850
5338,9738,266900
5339,9738,266950
5340,9738,267000
5341,9738,267050
5342,9738,267100
5343,9738,267150
5344,9738,267200
5345,9738,267250
5346,9738,267300
5347,9738,267350
5348,9738,267400
5349,9738,267450
5350,9738,267500
5351,9738,267550
5352,9738,267600
5353,9738,267650
5354,9738,267700
5355,9738,267750
5356,9738,267800
5357,9738,267850
5358,9738,267900
5359,9738,267950
5360,9738,268000
5361,9738,268050
5362,9738,268100
5363,9738,268150
5364,9738,268200
5365,9738,268250
5366,9738,268300
5367,9738,268350
5368,9738,268400
5369,9738,268450
5370,9738,268500
5371,9738,268550
5372,9738,268600
5373,9738,268650
5374,9738,268700
5375,9738,268750
5376,9738,268800
5377,9738,268850
5378,9738,268900
5379,9738,268950
5380,9738,269000
5381,9738,269050
5382,9738,269100
5383,9738,269150
5384,9738,269200
5385,9738,269250
5386,9738,269300
5387,9738,269350
5388,9738,269400
5389,9738,269450
5390,9738,269500
5391,9738,269550
5392,9738,269600
5393,9738,269650
5394,9738,269700
5395,9738,269750
5396,9738,269800
5397,9738,269850
5398,9738,269900
5399,9738,269950
5400,9738,270000
5401,9738,270050
5402,9738,270100
5403,9738,270150
5404,9738,270200
5405,9738,270250
5406,9738,270300
5407,9738,270350
5408,9738,270400
5409,9738,270450
5410,9738,270500
5411,9738,270550
5412,9738,270600
5413,9738,270650
5414,9738,270700
5415,9738,270750
5416,9738,270800
5417,9738,270850
5418,9738,270900
5419,9738,270950
5420,9738,271000
5421,9738,271050
5422,9738,271100
5423,9738,271150
5424,9738,271200
5425,9738,271250
5426,9738,271300
5427,9738,271350
5428,9738,271400
5429,9738,271450
5430,9738,271500
5431,9738,271550
5432,9738,271600
5433,9738,271650
5434,9738,271700
5435,9738,271750
5436,9738,271800
5437,9738,271850
5438,9738,271900
5439,9738,271950
5440,9738,272000
5441,9738,272050
5442,9738,272100
5443,9738,272150
5444,9738,272200
5445,9738,272250
5446,9738,272300
5447,9738,272350
5448,9738,272400
5449,9738,272450
5450,9738,272500
5451,9738,272550
5452,9738,272600
5453,9738,272650
5454,9738,272700
5455,9738,272750
5456,9738,272800
5457,9738,272850
5458,9738,272900
5459,9738,272950
5460,9738,273000
5461,9738,273050
5462,9738,273100
5463,9738,273150
5464,9738,273200
5465,9738,273250
5466,9738,273300
5467,9738,273350
5468,9738,273400
5469,9738,273450
5470,9738,273500
5471,9738,273550
5472,9738,273600
5473,9738,273650
5474,9738,273700
5475,9738,273750
5476,9738,273800
5477,9738,273850
5478,9738,273900
5479,9738,273950
5480,9738,274000
5481,9738,274050
5482,9738,274100
5483,9738,274150
5484,9738,274200
5485,9738,274250
5486,9738,274300
5487,9738,274350
5488,9738,274400
5489,9738,274450
5490,9738,274500
5491,9738,274550
5492,9738,274600
5493,9738,274650
5494,9738,274700
5495,9738,274750
5496,9738,274800
5497,9738,274850
5498,9738,274900
5499,9738,274950
5500,9738,275000
5501,9738,275050
5502,9738,275100
5503,9738,275150
5504,9738,275200
5505,9738,275250
5506,9738,275300
5507,9738,275350
5508,9738,275400
5509,9738,275450
5510,9738,275500
5511,9738,275550
5512,9738,275600
5513,9738,275650
5514,9738,275700
5515,9738,275750
5516,9738,275800
5517,9738,275850
5518,9738,275900
5519,9738,275950
5520,9738,276000
5521,9738,276050
5522,9738,276100
5523,9738,276150
5524,9738,276200
5525,9738,276250
5526,9738,276300
5527,9738,276350
5528,9738,276400
5529,9738,276450
5530,9738,276500
5531,9738,276550
5532,9738,276600
5533,9738,276650
5534,9738,276700
5535,9738,276750
5536,9738,276800
5537,9738,276850
5538,9738,276900
5539,9738,276950
5540,9738,277000
5541,9738,277050
5542,9738,277100
5543,9738,277150
5544,9738,277200
5545,9738,277250
5546,9738,277300
5547,9738,277350
5548,9738,277400
5549,9738,277450
5550,9738,277500
5551,9738,277550
5552,9738,277600
5553,9738,277650
5554,9738,277700
5555,9738,277750
5556,9738,277800
5557,9738,277850
5558,9738,277900
5559,9738,277950
5560,9738,278000
5561,9738,278050
5562,9738,278100
5563,9738,278150
5564,9738,278200
5565,9738,278250
5566,9738,278300
5567,9738,278350
5568,9738,278400
5569,9738,278450
5570,9738,278500
5571,9738,278550
5572,9738,278600
5573,9738,278650
5574,9738,278700
5575,9738,278750
5576,9738,278800
5577,9738,278850
5578,9738,278900
5579,9738,278950
5580,9738,279000
5581,9738,279050
5582,9738,279100
5583,9738,279150
5584,9738,279200
5585,9738,279250
5586,9738,279300
5587,9738,279350
5588,9738,279400
5589,9738,279450
5590,9738,279500
5591,9738,279550
5592,9738,279600
5593,9738,279650
5594,9738,279700
5595,9738,279750
5596,9738,279800
5597,9738,279850
5598,9738,279900
5599,9738,279950
5600,9738,280000
5601,9738,280050
5602,9738,280100
5603,9738,280150
5604,9738,280200
5605,9738,280250
5606,9738,280300
5607,9738,280350
5608,9738,280400
5609,9738,280450
5610,9738,280500
5611,9738,280550
5612,9738,280600
5613,9738,280650
5614,9738,280700
5615,9738,280750
5616,9738,280800
5617,9738,280850
5618,9738,280900
5619,9738,280950
5620,9738,281000
5621,9738,281050
5622,9738,281100
5623,9738,281150
5624,9738,281200
5625,9738,281250
5626,9738,281300
5627,9738,281350
5628,9738,281400
5629,9738,281450
5630,9738,281500
5631,9738,281550
5632,9738,281600
5633,9738,281650
5634,9738,281700
5635,9738,281750
5636,9738,281800
5637,9738,281850
5638,9738,281900
5639,9738,281950
5640,9738,282000
5641,9738,282050
5642,9738,282100
5643,9738,282150
5644,9738,282200
5645,9738,282250
5646,9738,282300
5647,9738,282350
5648,9738,282400
5649,9738,282450
5650,9738,282500
5651,9738,282550
5652,9738,282600
5653,9738,282650
5654,9738,282700
5655,9738,282750
5656,9738,282800
5657,9738,282850
5658,9738,282900
5659,9738,282950
5660,9738,283000
5661,9738,283050
5662,9738,283100
5663,9738,283150
5664,9738,283200
5665,9738,283250
5666,9738,283300
5667,9738,283350
5668,9738,283400
5669,9738,283450
5670,9738,283500
5671,9738,283550
5672,9738,283600
5673,9738,283650
5674,9738,283700
5675,9738,283750
5676,9738,283800
5677,9738,283850
5678,9738,283900
5679,9738,283950
5680,9738,284000
5681,9738,284050
5682,9738,284100
5683,9738,284150
5684,9738,284200
5685,9738,284250
5686,9738,284300
5687,9738,284350
5688,9738,284400
5689,9738,284450
5690,9738,284500
5691,9738,284550
5692,9738,284600
5693,9738,284650
5694,9738,284700
5695,9738,284750
5696,9738,284800
5697,9738,284850
5698,9738,284900
5699,9738,284950
5700,9738,285000
5701,9738,285050
5702,9738,285100
5703,9738,285150
5704,9738,285200
5705,9738,285250
5706,9738,285300
5707,9738,285350
5708,9738,285400
5709,9738,285450
5710,9738,285500
5711,9738,285550
5712,9738,285600
5713,9738,285650
5714,9738,285700
5715,9738,285750
5716,9738,285800
5717,9738,285850
5718,9738,285900
5719,9738,285950
5720,9738,286000
5721,9738,286050
5722,9738,286100
5723,9738,286150
5724,9738,286200
5725,9738,286250
5726,9738,286300
5727,9738,286350
5728,9738,286400
5729,9738,286450
5730,9738,286500
5731,9738,286550
5732,9738,286600
5733,9738,286650
5734,9738,286700
5735,9738,286750
5736,9738,286800
5737,9738,286850
5738,9738,286900
5739,9738,286950
5740,9738,287000
5741,9738,287050
5742,9738,287100
5743,9738,287150
5744,9738,287200
5745,9738,287250
5746,9738,287300
5747,9738,287350
5748,9738,287400
5749,9738,287450
5750,9738,287500
5751,9738,287550
5752,9738,287600
5753,9738,287650
5754,9738,287700
5755,9738,287750
5756,9738,287800
5757,9738,287850
5758,9738,287900
5759,9738,287950
5760,9738,288000
5761,9738,288050
5762,9738,288100
5763,9738,288150
5764,9738,288200
5765,9738,288250
5766,9738,288300
5767,9738,288350
5768,9738,288400
5769,9738,288450
5770,9738,288500
5771,9738,288550
5772,9738,288600
5773,9738,288650
5774,9738,288700
5775,9738,288750
5776,9738,288800
5777,9738,288850
5778,9738,288900
5779,9738,288950
5780,9738,289000
5781,9738,289050
5782,9738,289100
5783,9738,289150
5784,9738,289200
5785,9738,289250
5786,9738,289300
5787,9738,289350
5788,9738,289400
5789,9738,289450
5790,9738,289500
5791,9738,289550
5792,9738,289600
5793,9738,289650
5794,9738,289700
5795,9738,289750
5796,9738,289800
5797,9738,289850
5798,9738,289900
5799,9738,289950
5800,9738,290000
5801,9738,290050
5802,9738,290100
5803,9738,290150
5804,9738,290200
5805,9738,290250
5806,9738,290300
5807,9738,290350
5808,9738,290400
5809,9738,290450
5810,9738,290500
5811,9738,290550
5812,9738,290600
5813,9738,290650
5814,9738,290700
5815,9738,290750
5816,9738,290800
5817,9738,290850
5818,9738,290900
5819,9738,290950
5820,9738,291000
5821,9738,291050
5822,9738,291100
5823,9738,291150
5824,9738,291200
5825,9738,291250
5826,9738,291300
5827,9738,291350
5828,9738,291400
5829,9738,291450
5830,9738,291500
5831,9738,291550
5832,9738,291600
5833,9738,291650
5834,9738,291700
5835,9738,291750
5836,9738,291800
5837,9738,291850
5838,9738,291900
5839,9738,291950
5840,9738,292000
5841,9738,292050
5842,9738,292100
5843,9738,292150
5844,9738,292200
5845,9738,292250
5846,9738,292300
5847,9738,292350
5848,9738,292400
5849,9738,292450
5850,9738,292500
5851,9738,292550
5852,9738,292600
5853,9738,292650
5854,9738,292700
5855,9738,292750
5856,9738,292800
5857,9738,292850
5858,9738,292900
5859,9738,292950
5860,9738,293000
5861,9738,293050
5862,9738,293100
5863,9738,293150
5864,9738,293200
5865,9738,293250
5866,9738,293300
5867,9738,293350
5868,9738,293400
5869,9738,293450
5870,9738,293500
5871,9738,293550
5872,9738,293600
5873,9738,293650
5874,9738,293700
5875,9738,293750
5876,9738,293800
5877,9738,293850
5878,9738,293900
5879,9738,293950
5880,9738,294000
5881,9738,294050
5882,9738,294100
5883,9738,294150
5884,9738,294200
5885,9738,294250
5886,9738,294300
5887,9738,294350
5888,9738,294400
5889,9738,294450
5890,9738,294500
5891,9738,294550
5892,9738,294600
5893,9738,294650
5894,9738,294700
5895,9738,294750
5896,9738,294800
5897,9738,294850
5898,9738,294900
5899,9738,294950
5900,9738,295000
5901,9738,295050
5902,9738,295100
5903,9738,295150
5904,9738,295200
5905,9738,295250
5906,9738,295300
5907,9738,295350
5908,9738,295400
5909,9738,295450
5910,9738,295500
5911,9738,295550
5912,9738,295600
5913,9738,295650
5914,9738,295700
5915,9738,295750
5916,9738,295800
5917,9738,295850
5918,9738,295900
5919,9738,295950
5920,9738,296000
5921,9738,296050
5922,9738,296100
5923,9738,296150
5924,9738,296200
5925,9738,296250
5926,9738,296300
5927,9738,296350
5928,9738,296400
5929,9738,296450
5930,9738,296500
5931,9738,296550
5932,9738,296600
5933,9738,296650
5934,9738,296700
5935,9738,296750
5936,9738,296800
5937,9738,296850
5938,9738,296900
5939,9738,296950
5940,9738,297000
5941,9738,297050
5942,9738,297100
5943,9738,297150
5944,9738,297200
5945,9738,297250
5946,9738,297300
5947,9738,297350
5948,9738,297400
5949,9738,297450
5950,9738,297500
5951,9738,297550
5952,9738,297600
5953,9738,297650
5954,9738,297700
5955,9738,297750
5956,9738,297800
5957,9738,297850
5958,9738,297900
5959,9738,297950
5960,9738,298000
5961,9738,298050
5962,9738,298100
5963,9738,298150
5964,9738,298200
5965,9738,298250
5966,9738,298300
5967,9738,298350
5968,9738,298400
5969,9738,298450
5970,9738,298500
5971,9738,298550
5972,9738,298600
5973,9738,298650
5974,9738,298700
5975,9738,298750
5976,9738,298800
5977,9738,298850
5978,9738,298900
5979,9738,298950
5980,9738,299000
5981,9738,299050
5982,9738,299100
5983,9738,299150
5984,9738,299200
5985,9738,299250
5986,9738,299300
5987,9738,299350
5988,9738,299400
5989,9738,299450
5990,9738,299500
5991,9738,299550
5992,9738,299600
5993,9738,299650
5994,9738,299700
5995,9738,299750
5996,9738,299800
5997,9738,299850
5998,9738,299900
5999,9738,299950
6000,9738,300000
6001,9738,300050
6002,9738,300100
6003,9738,300150
6004,9738,300200
6005,9738,300250
6006,9738,300300
6007,9738,300350
6008,9738,300400
6009,9738,300450
6010,9738,300500
6011,9738,300550
6012,9738,300600
6013,9738,300650
6014,9738,300700
6015,9738,300750
6016,9738,300800
6017,9738,300850
6018,9738,300900
6019,9738,300950
6020,9738,301000
6021,9738,301050
6022,9738,301100
6023,9738,301150
6024,9738,301200
6025,9738,301250
6026,9738,301300
6027,9738,301350
6028,9738,301400
6029,9738,301450
6030,9738,301500
6031,9738,301550
6032,9738,301600
6033,9738,301650
6034,9738,301700
6035,9738,301750
6036,9738,301800
6037,9738,301850
6038,9738,301900
6039,9738,301950
6040,9738,302000
6041,9738,302050
6042,9738,302100
6043,9738,302150
6044,9738,302200
6045,9738,302250
6046,9738,302300
6047,9738,302350
6048,9738,302400
6049,9738,302450
6050,9738,302500
6051,9738,302550
6052,9738,302600
6053,9738,302650
6054,9738,302700
6055,9738,302750
6056,9738,302800
6057,9738,302850
6058,9738,302900
6059,9738,302950
6060,9738,303000
6061,9738,303050
6062,9738,303100
6063,9738,303150
6064,9738,303200
6065,9738,303250
6066,9738,303300
6067,9738,303350
6068,9738,303400
6069,9738,303450
6070,9738,303500
6071,9738,303550
6072,9738,303600
6073,9738,303650
6074,9738,303700
6075,9738,303750
6076,9738,303800
6077,9738,303850
6078,9738,303900
6079,9738,303950
6080,9738,304000
6081,9738,304050
6082,9738,304100
6083,9738,304150
6084,9738,304200
6085,9738,304250
6086,9738,304300
6087,9738,304350
6088,9738,304400
6089,9738,304450
6090,9738,304500
6091,9738,304550
6092,9738,304600
6093,9738,304650
6094,9738,304700
6095,9738,304750
6096,9738,304800
6097,9738,304850
6098,9738,304900
6099,9738,304950
6100,9738,305000
6101,9738,305050
6102,9738,305100
6103,9738,305150
6104,9738,305200
6105,9738,305250
6106,9738,305300
6107,9738,305350
6108,9738,305400
6109,9738,305450
6110,9738,305500
6111,9738,305550
6112,9738,305600
6113,9738,305650
6114,9738,305700
6115,9738,305750
6116,9738,305800
6117,9738,305850
6118,9738,305900
6119,9738,305950
6120,9738,306000
6121,9738,306050
6122,9738,306100
6123,9738,306150
6124,9738,306200
6125,9738,306250
6126,9738,306300
6127,9738,306350
6128,9738,306400
6129,9738,306450
6130,9738,306500
6131,9738,306550
6132,9738,306600
6133,9738,306650
6134,9738,306700
6135,9738,306750
6136,9738,306800
6137,9738,306850
6138,9738,306900
6139,9738,306950
6140,9738,307000
6141,9738,307050
6142,9738,307100
6143,9738,307150
6144,9738,307200
6145,9738,307250
6146,9738,307300
6147,9738,307350
6148,9738,307400
6149,9738,307450
6150,9738,307500
6151,9738,307550
6152,9738,307600
6153,9738,307650
6154,9738,307700
6155,9738,307750
6156,9738,307800
6157,9738,307850
6158,9738,307900
6159,9738,307950
6160,9738,308000
6161,9738,308050
6162,9738,308100
6163,9738,308150
6164,9738,308200
6165,9738,308250
6166,9738,308300
6167,9738,308350
6168,9738,308400
6169,9738,308450
6170,9738,308500
6171,9738,308550
6172,9738,308600
6173,9738,308650
6174,9738,308700
6175,9738,308750
6176,9738,308800
6177,9738,308850
6178,9738,308900
6179,9738,308950
6180,9738,309000
6181,9738,309050
6182,9738,309100
6183,9738,309150
6184,9738,309200
6185,9738,309250
6186,9738,309300
6187,9738,309350
6188,9738,309400
6189,9738,309450
6190,9738,309500
6191,9738,309550
6192,9738,309600
6193,9738,309650
6194,9738,309700
6195,9738,309750
6196,9738,309800
6197,9738,309850
6198,9738,309900
6199,9738,309950
6200,9738,310000
6201,9738,310050
6202,9738,310100
6203,9738,310150
6204,9738,310200
6205,9738,310250
6206,9738,310300
6207,9738,310350
6208,9738,310400
6209,9738,310450
6210,9738,310500
6211,9738,310550
6212,9738,310600
6213,9738,310650
6214,9738,310700
6215,9738,310750
6216,9738,310800
6217,9738,310850
6218,9738,310900
6219,9738,310950
6220,9738,311000
6221,9738,311050
6222,9738,311100
6223,9738,311150
6224,9738,311200
6225,9738,311250
6226,9738,311300
6227,9738,311350
6228,9738,311400
6229,9738,311450
6230,9738,311500
6231,9738,311550
6232,9738,311600
6233,9738,311650
6234,9738,311700
6235,9738,311750
6236,9738,311800
6237,9738,311850
6238,9738,311900
6239,9738,311950
6240,9738,312000
6241,9738,312050
6242,9738,312100
6243,9738,312150
6244,9738,312200
6245,9738,312250
6246,9738,312300
6247,9738,312350
6248,9738,312400
6249,9738,312450
6250,9738,312500
6251,9738,312550
6252,9738,312600
6253,9738,312650
6254,9738,312700
6255,9738,312750
6256,9738,312800
6257,9738,312850
6258,9738,312900
6259,9738,312950
6260,9738,313000
6261,9738,313050
6262,9738,313100
6263,9738,313150
6264,9738,313200
6265,9738,313250
6266,9738,313300
6267,9738,313350
6268,9738,313400
6269,9738,313450
6270,9738,313500
6271,9738,313550
6272,9738,313600
6273,9738,313650
6274,9738,313700
6275,9738,313750
6276,9738,313800
6277,9738,313850
6278,9738,313900
6279,9738,313950
6280,9738,314000
6281,9738,314050
6282,9738,314100
6283,9738,314150
6284,9738,314200
6285,9738,314250
6286,9738,314300
6287,9738,314350
6288,9738,314400
6289,9738,314450
6290,9738,314500
6291,9738,314550
6292,9738,314600
6293,9738,314650
6294,9738,314700
6295,9738,314750
6296,9738,314800
6297,9738,314850
6298,9738,314900
6299,9738,314950
6300,9738,315000
6301,9738,315050
6302,9738,315100
6303,9738,315150
6304,9738,315200
6305,9738,315250
6306,9738,315300
6307,9738,315350
6308,9738,315400
6309,9738,315450
6310,9738,315500
6311,9738,315550
6312,9738,315600
6313,9738,315650
6314,9738,315700
6315,9738,315750
6316,9738,315800
6317,9738,315850
6318,9738,315900
6319,9738,315950
6320,9738,316000
6321,9738,316050
6322,9738,316100
6323,9738,316150
6324,9738,316200
6325,9738,316250
6326,9738,316300
6327,9738,316350
6328,9738,316400
6329,9738,316450
6330,9738,316500
6331,9738,316550
6332,9738,316600
6333,9738,316650
6334,9738,316700
6335,9738,316750
6336,9738,316800
6337,9738,316850
6338,9738,316900
6339,9738,316950
6340,9738,317000
6341,9738,317050
6342,9738,317100
6343,9738,317150
6344,9738,317200
6345,9738,317250
6346,9738,317300
6347,9738,317350
6348,9738,317400
6349,9738,317450
6350,9738,317500
6351,9738,317550
6352,9738,317600
6353,9738,317650
6354,9738,317700
6355,9738,317750
6356,9738,317800
6357,9738,317850
6358,9738,317900
6359,9738,317950
6360,9738,318000
6361,9738,318050
6362,9738,318100
6363,9738,318150
6364,9738,318200
6365,9738,318250
6366,9738,318300
6367,9738,318350
6368,9738,318400
6369,9738,318450
6370,9738,318500
6371,9738,318550
6372,9738,318600
6373,9738,318650
6374,9738,318700
6375,9738,318750
6376,9738,318800
6377,9738,318850
6378,9738,318900
6379,9738,318950
6380,9738,319000
6381,9738,319050
6382,9738,319100
6383,9738,319150
6384,9738,319200
6385,9738,319250
6386,9738,319300
6387,9738,319350
6388,9738,319400
6389,9738,319450
6390,9738,319500
6391,9738,319550
6392,9738,319600
6393,9738,319650
6394,9738,319700
6395,9738,319750
6396,9738,319800
6397,9738,319850
6398,9738,319900
6399,9738,319950
6400,9738,320000
6401,9738,320050
6402,9738,320100
6403,9738,320150
6404,9738,320200
6405,9738,320250
6406,9738,320300
6407,9738,320350
6408,9738,320400
6409,9738,320450
6410,9738,320500
6411,9738,320550
6412,9738,320600
6413,9738,320650
6414,9738,320700
6415,9738,320750
6416,9738,320800
6417,9738,320850
6418,9738,320900
6419,9738,320950
6420,9738,321000
6421,9738,321050
6422,9738,321100
6423,9738,321150
6424,9738,321200
6425,9738,321250
6426,9738,321300
6427,9738,321350
6428,9738,321400
6429,9738,321450
6430,9738,321500
6431,9738,321550
6432,9738,321600
6433,9738,321650
6434,9738,321700
6435,9738,321750
6436,9738,321800
6437,9738,321850
6438,9738,321900
6439,9738,321950
6440,9738,322000
6441,9738,322050
6442,9738,322100
6443,9738,322150
6444,9738,322200
6445,9738,322250
6446,9738,322300
6447,9738,322350
6448,9738,322400
6449,9738,322450
6450,9738,322500
6451,9738,322550
6452,9738,322600
6453,9738,322650
6454,9738,322700
6455,9738,322750
6456,9738,322800
6457,9738,322850
6458,9738,322900
6459,9738,322950
6460,9738,323000
6461,9738,323050
6462,9738,323100
6463,9738,323150
6464,9738,323200
6465,9738,323250
6466,9738,323300
6467,9738,323350
6468,9738,323400
6469,9738,323450
6470,9738,323500
6471,9738,323550
6472,9738,323600
6473,9738,323650
6474,9738,323700
6475,9738,323750
6476,9738,323800
6477,9738,323850
6478,9738,323900
6479,9738,323950
6480,9738,324000
6481,9738,324050
6482,9738,324100
6483,9738,324150
6484,9738,324200
6485,9738,324250
6486,9738,324300
6487,9738,324350
6488,9738,324400
6489,9738,324450
6490,9738,324500
6491,9738,324550
6492,9738,324600
6493,9738,324650
6494,9738,324700
6495,9738,324750
6496,9738,324800
6497,9738,324850
6498,9738,324900
6499,9738,324950
6500,9738,325000
6501,9738,325050
6502,9738,325100
6503,9738,325150
6504,9738,325200
6505,9738,325250
6506,9738,325300
6507,9738,325350
6508,9738,325400
6509,9738,325450
6510,9738,325500
6511,9738,325550
6512,9738,325600
6513,9738,325650
6514,9738,325700
6515,9738,325750
6516,9738,325800
6517,9738,325850
6518,9738,325900
6519,9738,325950
6520,9738,326000
6521,9738,326050
6522,9738,326100
6523,9738,326150
6524,9738,326200
6525,9738,326250
6526,9738,326300
6527,9738,326350
6528,9738,326400
6529,9738,326450
6530,9738,326500
6531,9738,326550
6532,9738,326600
6533,9738,326650
6534,9738,326700
6535,9738,326750
6536,9738,326800
6537,9738,326850
6538,9738,326900
6539,9738,326950
6540,9738,327000
6541,9738,327050
6542,9738,327100
6543,9738,327150
6544,9738,327200
6545,9738,327250
6546,9738,327300
6547,9738,327350
6548,9738,327400
6549,9738,327450
6550,9738,327500
6551,9738,327550
6552,9738,327600
6553,9738,327650
6554,9738,327700
6555,9738,327750
6556,9738,327800
6557,9738,327850
6558,9738,327900
6559,9738,327950
6560,9738,328000
6561,9738,328050
6562,9738,328100
6563,9738,328150
6564,9738,328200
6565,9738,328250
6566,9738,328300
6567,9738,328350
6568,9738,328400
6569,9738,328450
6570,9738,328500
6571,9738,328550
6572,9738,328600
6573,9738,328650
6574,9738,328700
6575,9738,328750
6576,9738,328800
6577,9738,328850
6578,9738,328900
6579,9738,328950
6580,9738,329000
6581,9738,329050
6582,9738,329100
6583,9738,329150
6584,9738,329200
6585,9738,329250
6586,9738,329300
6587,9738,329350
6588,9738,329400
6589,9738,329450
6590,9738,329500
6591,9738,329550
6592,9738,329600
6593,9738,329650
6594,9738,329700
6595,9738,329750
6596,9738,329800
6597,9738,329850
6598,9738,329900
6599,9738,329950
6600,9738,330000
6601,9738,330050
6602,9738,330100
6603,9738,330150
6604,9738,330200
6605,9738,330250
6606,9738,330300
6607,9738,330350
6608,9738,330400
6609,9738,330450
6610,9738,330500
6611,9738,330550
6612,9738,330600
6613,9738,330650
6614,9738,330700
6615,9738,330750
6616,9738,330800
6617,9738,330850
6618,9738,330900
6619,9738,330950
6620,9738,331000
6621,9738,331050
6622,9738,331100
6623,9738,331150
6624,9738,331200
6625,9738,331250
6626,9738,331300
6627,9738,331350
6628,9738,331400
6629,9738,331450
6630,9738,331500
6631,9738,331550
6632,9738,331600
6633,9738,331650
6634,9738,331700
6635,9738,331750
6636,9738,331800
6637,9738,331850
6638,9738,331900
6639,9738,331950
6640,9738,332000
6641,9738,332050
6642,9738,332100
6643,9738,332150
6644,9738,332200
6645,9738,332250
6646,9738,332300
6647,9738,332350
6648,9738,332400
6649,9738,332450
6650,9738,332500
6651,9738,332550
6652,9738,332600
6653,9738,332650
6654,9738,332700
6655,9738,332750
6656,9738,332800
6657,9738,332850
6658,9738,332900
6659,9738,332950
6660,9738,333000
6661,9738,333050
6662,9738,333100
6663,9738,333150
6664,9738,333200
6665,9738,333250
6666,9738,333300
6667,9738,333350
6668,9738,333400
6669,9738,333450
6670,9738,333500
6671,9738,333550
6672,9738,333600
6673,9738,333650
6674,9738,333700
6675,9738,333750
6676,9738,333800
6677,9738,333850
6678,9738,333900
6679,9738,333950
6680,9738,334000
6681,9738,334050
6682,9738,334100
6683,9738,334150
6684,9738,334200
6685,9738,334250
6686,9738,334300
6687,9738,334350
6688,9738,334400
6689,9738,334450
6690,9738,334500
6691,9738,334550
6692,9738,334600
6693,9738,334650
6694,9738,334700
6695,9738,334750
6696,9738,334800
6697,9738,334850
6698,9738,334900
6699,9738,334950
6700,9738,335000
6701,9738,335050
6702,9738,335100
6703,9738,335150
6704,9738,335200
6705,9738,335250
6706,9738,335300
6707,9738,335350
6708,9738,335400
6709,9738,335450
6710,9738,335500
6711,9738,335550
6712,9738,335600
6713,9738,335650
6714,9738,335700
6715,9738,335750
6716,9738,335800
6717,9738,335850
6718,9738,335900
6719,9738,335950
6720,9738,336000
6721,9738,336050
6722,9738,336100
6723,9738,336150
6724,9738,336200
6725,9738,336250
6726,9738,336300
6727,9738,336350
6728,9738,336400
6729,9738,336450
6730,9738,336500
6731,9738,336550
6732,9738,336600
6733,9738,336650
6734,9738,336700
6735,9738,336750
6736,9738,336800
6737,9738,336850
6738,9738,336900
6739,9738,336950
6740,9738,337000
6741,9738,337050
6742,9738,337100
6743,9738,337150
6744,9738,337200
6745,9738,337250
6746,9738,337300
6747,9738,337350
6748,9738,337400
6749,9738,337450
6750,9738,337500
6751,9738,337550
6752,9738,337600
6753,9738,337650
6754,9738,337700
6755,9738,337750
6756,9738,337800
6757,9738,337850
6758,9738,337900
6759,9738,337950
6760,9738,338000
6761,9738,338050
6762,9738,338100
6763,9738,338150
6764,9738,338200
6765,9738,338250
6766,9738,338300
6767,9738,338350
6768,9738,338400
6769,9738,338450
6770,9738,338500
6771,9738,338550
6772,9738,338600
6773,9738,338650
6774,9738,338700
6775,9738,338750
6776,9738,338800
6777,9738,338850
6778,9738,338900
6779,9738,338950
6780,9738,339000
6781,9738,339050
6782,9738,339100
6783,9738,339150
6784,9738,339200
6785,9738,339250
6786,9738,339300
6787,9738,339350
6788,9738,339400
6789,9738,339450
6790,9738,339500
6791,9738,339550
6792,9738,339600
6793,9738,339650
6794,9738,339700
6795,9738,339750
6796,9738,339800
6797,9738,339850
6798,9738,339900
6799,9738,339950
6800,9738,340000
6801,9738,340050
6802,9738,340100
6803,9738,340150
6804,9738,340200
6805,9738,340250
6806,9738,340300
6807,9738,340350
6808,9738,340400
6809,9738,340450
6810,9738,340500
6811,9738,340550
6812,9738,340600
6813,9738,340650
6814,9738,340700
6815,9738,340750
6816,9738,340800
6817,9738,340850
6818,9738,340900
6819,9738,340950
6820,9738,341000
6821,9738,341050
6822,9738,341100
6823,9738,341150
6824,9738,341200
6825,9738,341250
6826,9738,341300
6827,9738,341350
6828,9738,341400
6829,9738,341450
6830,9738,341500
6831,9738,341550
6832,9738,341600
6833,9738,341650
6834,9738,341700
6835,9738,341750
6836,9738,341800
6837,9738,341850
6838,9738,341900
6839,9738,341950
6840,9738,342000
6841,9738,342050
6842,9738,342100
6843,9738,342150
6844,9738,342200
6845,9738,342250
6846,9738,342300
6847,9738,342350
6848,9738,342400
6849,9738,342450
6850,9738,342500
6851,9738,342550
6852,9738,342600
6853,9738,342650
6854,9738,342700
6855,9738,342750
6856,9738,342800
6857,9738,342850
6858,9738,342900
6859,9738,342950
6860,9738,343000
6861,9738,343050
6862,9738,343100
6863,9738,343150
6864,9738,343200
6865,9738,343250
6866,9738,343300
6867,9738,343350
6868,9738,343400
6869,9738,343450
6870,9738,343500
6871,9738,343550
6872,9738,343600
6873,9738,343650
6874,9738,343700
6875,9738,343750
6876,9738,343800
6877,9738,343850
6878,9738,343900
6879,9738,343950
6880,9738,344000
6881,9738,344050
6882,9738,344100
6883,9738,344150
6884,9738,344200
6885,9738,344250
6886,9738,344300
6887,9738,344350
6888,9738,344400
6889,9738,344450
6890,9738,344500
6891,9738,344550
6892,9738,344600
6893,9738,344650
6894,9738,344700
6895,9738,344750
6896,9738,344800
6897,9738,344850
6898,9738,344900
6899,9738,344950
6900,9738,345000
6901,9738,345050
6902,9738,345100
6903,9738,345150
6904,9738,345200
6905,9738,345250
6906,9738,345300
6907,9738,345350
6908,9738,345400
6909,9738,345450
6910,9738,345500
6911,9738,345550
6912,9738,345600
6913,9738,345650
6914,9738,345700
6915,9738,345750
6916,9738,345800
6917,9738,345850
6918,9738,345900
6919,9738,345950
6920,9738,346000
6921,9738,346050
6922,9738,346100
6923,9738,346150
6924,9738,346200
6925,9738,346250
6926,9738,346300
6927,9738,346350
6928,9738,346400
6929,9738,346450
6930,9738,346500
6931,9738,346550
6932,9738,346600
6933,9738,346650
6934,9738,346700
6935,9738,346750
6936,9738,346800
6937,9738,346850
6938,9738,346900
6939,9738,346950
6940,9738,347000
6941,9738,347050
6942,9738,347100
6943,9738,347150
6944,9738,347200
6945,9738,347250
6946,9738,347300
6947,9738,347350
6948,9738,347400
6949,9738,347450
6950,9738,347500
6951,9738,347550
6952,9738,347600
6953,9738,347650
6954,9738,347700
6955,9738,347750
6956,9738,347800
6957,9738,347850
6958,9738,347900
6959,9738,347950
6960,9738,348000
6961,9738,348050
6962,9738,348100
6963,9738,348150
6964,9738,348200
6965,9738,348250
6966,9738,348300
6967,9738,348350
6968,9738,348400
6969,9738,348450
6970,9738,348500
6971,9738,348550
6972,9738,348600
6973,9738,348650
6974,9738,348700
6975,9738,348750
6976,9738,348800
6977,9738,348850
6978,9738,348900
6979,9738,348950
6980,9738,349000
6981,9738,349050
6982,9738,349100
6983,9738,349150
6984,9738,349200
6985,9738,349250
6986,9738,349300
6987,9738,349350
6988,9738,349400
6989,9738,349450
6990,9738,349500
6991,9738,349550
6992,9738,349600
6993,9738,349650
6994,9738,349700
6995,9738,349750
6996,9738,349800
6997,9738,349850
6998,9738,349900
6999,9738,349950
7000,9738,350000
7001,9738,350050
7002,9738,350100
7003,9738,350150
7004,9738,350200
7005,9738,350250
7006,9738,350300
7007,9738,350350
7008,9738,350400
7009,9738,350450
7010,9738,350500
7011,9738,350550
7012,9738,350600
7013,9738,350650
7014,9738,350700
7015,9738,350750
7016,9738,350800
7017,9738,350850
7018,9738,350900
7019,9738,350950
7020,9738,351000
7021,9738,351050
7022,9738,351100
7023,9738,351150
7024,9738,351200
7025,9738,351250
7026,9738,351300
7027,9738,351350
7028,9738,351400
7029,9738,351450
7030,9738,351500
7031,9738,351550
7032,9738,351600
7033,9738,351650
7034,9738,351700
7035,9738,351750
7036,9738,351800
7037,9738,351850
7038,9738,351900
7039,9738,351950
7040,9738,352000
7041,9738,352050
7042,9738,352100
7043,9738,352150
7044,9738,352200
7045,9738,352250
7046,9738,352300
7047,9738,352350
7048,9738,352400
7049,9738,352450
7050,9738,352500
7051,9738,352550
7052,9738,352600
7053,9738,352650
7054,9738,352700
7055,9738,352750
7056,9738,352800
7057,9738,352850
7058,9738,352900
7059,9738,352950
7060,9738,353000
7061,9738,353050
7062,9738,353100
7063,9738,353150
7064,9738,353200
7065,9738,353250
7066,9738,353300
7067,9738,353350
7068,9738,353400
7069,9738,353450
7070,9738,353500
7071,9738,353550
7072,9738,353600
7073,9738,353650
7074,9738,353700
7075,9738,353750
7076,9738,353800
7077,9738,353850
7078,9738,353900
7079,9738,353950
7080,9738,354000
7081,9738,354050
7082,9738,354100
7083,9738,354150
7084,9738,354200
7085,9738,354250
7086,9738,354300
7087,9738,354350
7088,9738,354400
7089,9738,354450
7090,9738,354500
7091,9738,354550
7092,9738,354600
7093,9738,354650
7094,9738,354700
7095,9738,354750
7096,9738,354800
7097,9738,354850
7098,9738,354900
7099,9738,354950
7100,9738,355000
7101,9738,355050
7102,9738,355100
7103,9738,355150
7104,9738,355200
7105,9738,355250
7106,9738,355300
7107,9738,355350
7108,9738,355400
7109,9738,355450
7110,9738,355500
7111,9738,355550
7112,9738,355600
7113,9738,355650
7114,9738,355700
7115,9738,355750
7116,9738,355800
7117,9738,355850
7118,9738,355900
7119,9738,355950
7120,9738,356000
7121,9738,356050
7122,9738,356100
7123,9738,356150
7124,9738,356200
7125,9738,356250
7126,9738,356300
7127,9738,356350
7128,9738,356400
7129,9738,356450
7130,9738,356500
7131,9738,356550
7132,9738,356600
7133,9738,356650
7134,9738,356700
7135,9738,356750
7136,9738,356800
7137,9738,356850
7138,9738,356900
7139,9738,356950
7140,9738,357000
7141,9738,357050
7142,9738,357100
7143,9738,357150
7144,9738,357200
7145,9738,357250
7146,9738,357300
7147,9738,357350
7148,9738,357400
7149,9738,357450
7150,9738,357500
7151,9738,357550
7152,9738,357600
7153,9738,357650
7154,9738,357700
7155,9738,357750
7156,9738,357800
7157,9738,357850
7158,9738,357900
7159,9738,357950
7160,9738,358000
7161,9738,358050
7162,9738,358100
7163,9738,358150
7164,9738,358200
7165,9738,358250
7166,9738,358300
7167,9738,358350
7168,9738,358400
7169,9738,358450
7170,9738,358500
7171,9738,358550
7172,9738,358600
7173,9738,358650
7174,9738,358700
7175,9738,358750
7176,9738,358800
7177,9738,358850
7178,9738,358900
7179,9738,358950
7180,9738,359000
7181,9738,359050
7182,9738,359100
7183,9738,359150
7184,9738,359200
7185,9738,359250
7186,9738,359300
7187,9738,359350
7188,9738,359400
7189,9738,359450
7190,9738,359500
7191,9738,359550
7192,9738,359600
7193,9738,359650
7194,9738,359700
7195,9738,359750
7196,9738,359800
7197,9738,359850
7198,9738,359900
7199,9738,359950
7200,9738,360000
7201,9738,360050
7202,9738,360100
7203,9738,360150
7204,9738,360200
7205,9738,360250
7206,9738,360300
7207,9738,360350
7208,9738,360400
7209,9738,360450
7210,9738,360500
7211,9738,360550
7212,9738,360600
7213,9738,360650
7214,9738,360700
7215,9738,360750
7216,9738,360800
7217,9738,360850
7218,9738,360900
7219,9738,360950
7220,9738,361000
7221,9738,361050
7222,9738,361100
7223,9738,361150
7224,9738,361200
7225,9738,361250
7226,9738,361300
7227,9738,361350
7228,9738,361400
7229,9738,361450
7230,9738,361500
7231,9738,361550
7232,9738,361600
7233,9738,361650
7234,9738,361700
7235,9738,361750
7236,9738,361800
7237,9738,361850
7238,9738,361900
7239,9738,361950
7240,9738,362000
7241,9738,362050
7242,9738,362100
7243,9738,362150
7244,9738,362200
7245,9738,362250
7246,9738,362300
7247,9738,362350
7248,9738,362400
7249,9738,362450
7250,9738,362500
7251,9738,362550
7252,9738,362600
7253,9738,362650
7254,9738,362700
7255,9738,362750
7256,9738,362800
7257,9738,362850
7258,9738,362900
7259,9738,362950
7260,9738,363000
7261,9738,363050
7262,9738,363100
7263,9738,363150
7264,9738,363200
7265,9738,363250
7266,9738,363300
7267,9738,363350
7268,9738,363400
7269,9738,363450
7270,9738,363500
7271,9738,363550
7272,9738,363600
7273,9738,363650
7274,9738,363700
7275,9738,363750
7276,9738,363800
7277,9738,363850
7278,9738,363900
7279,9738,363950
7280,9738,364000
7281,9738,364050
7282,9738,364100
7283,9738,364150
7284,9738,364200
7285,9738,364250
7286,9738,364300
7287,9738,364350
7288,9738,364400
7289,9738,364450
7290,9738,364500
7291,9738,364550
7292,9738,364600
7293,9738,364650
7294,9738,364700
7295,9738,364750
7296,9738,364800
7297,9738,364850
7298,9738,364900
7299,9738,364950
7300,9738,365000
7301,9738,365050
7302,9738,365100
7303,9738,365150
7304,9738,365200
7305,9738,365250
7306,9738,365300
7307,9738,365350
7308,9738,365400
7309,9738,365450
7310,9738,365500
7311,9738,365550
7312,9738,365600
7313,9738,365650
7314,9738,365700
7315,9738,365750
7316,9738,365800
7317,9738,365850
7318,9738,365900
7319,9738,365950
7320,9738,366000
7321,9738,366050
7322,9738,366100
7323,9738,366150
7324,9738,366200
7325,9738,366250
7326,9738,366300
7327,9738,366350
7328,9738,366400
7329,9738,366450
7330,9738,366500
7331,9738,366550
7332,9738,366600
7333,9738,366650
7334,9738,366700
7335,9738,366750
7336,9738,366800
7337,9738,366850
7338,9738,366900
7339,9738,366950
7340,9738,367000
7341,9738,367050
7342,9738,367100
7343,9738,367150
7344,9738,367200
7345,9738,367250
7346,9738,367300
7347,9738,367350
7348,9738,367400
7349,9738,367450
7350,9738,367500
7351,9738,367550
7352,9738,367600
7353,9738,367650
7354,9738,367700
7355,9738,367750
7356,9738,367800
7357,9738,367850
7358,9738,367900
7359,9738,367950
7360,9738,368000
7361,9738,368050
7362,9738,368100
7363,9738,368150
7364,9738,368200
7365,9738,368250
7366,9738,368300
7367,9738,368350
7368,9738,368400
7369,9738,368450
7370,9738,368500
7371,9738,368550
7372,9738,368600
7373,9738,368650
7374,9738,368700
7375,9738,368750
7376,9738,368800
7377,9738,368850
7378,9738,368900
7379,9738,368950
7380,9738,369000
7381,9738,369050
7382,9738,369100
7383,9738,369150
7384,9738,369200
7385,9738,369250
7386,9738,369300
7387,9738,369350
7388,9738,369400
7389,9738,369450
7390,9738,369500
7391,9738,369550
7392,9738,369600
7393,9738,369650
7394,9738,369700
7395,9738,369750
7396,9738,369800
7397,9738,369850
7398,9738,369900
7399,9738,369950
7400,9738,370000
7401,9738,370050
7402,9738,370100
7403,9738,370150
7404,9738,370200
7405,9738,370250
7406,9738,370300
7407,9738,370350
7408,9738,370400
7409,9738,370450
7410,9738,370500
7411,9738,370550
7412,9738,370600
7413,9738,370650
7414,9738,370700
7415,9738,370750
7416,9738,370800
7417,9738,370850
7418,9738,370900
7419,9738,370950
7420,9738,371000
7421,9738,371050
7422,9738,371100
7423,9738,371150
7424,9738,371200
7425,9738,371250
7426,9738,371300
7427,9738,371350
7428,9738,371400
7429,9738,371450
7430,9738,371500
7431,9738,371550
7432,9738,371600
7433,9738,371650
7434,9738,371700
7435,9738,371750
7436,9738,371800
7437,9738,371850
7438,9738,371900
7439,9738,371950
7440,9738,372000
7441,9738,372050
7442,9738,372100
7443,9738,372150
7444,9738,372200
7445,9738,372250
7446,9738,372300
7447,9738,372350
7448,9738,372400
7449,9738,372450
7450,9738,372500
7451,9738,372550
7452,9738,372600
7453,9738,372650
7454,9738,372700
7455,9738,372750
7456,9738,372800
7457,9738,372850
7458,9738,372900
7459,9738,372950
7460,9738,373000
7461,9738,373050
7462,9738,373100
7463,9738,373150
7464,9738,373200
7465,9738,373250
7466,9738,373300
7467,9738,373350
7468,9738,373400
7469,9738,373450
7470,9738,373500
7471,9738,373550
7472,9738,373600
7473,9738,373650
7474,9738,373700
7475,9738,373750
7476,9738,373800
7477,9738,373850
7478,9738,373900
7479,9738,373950
7480,9738,374000
7481,9738,374050
7482,9738,374100
7483,9738,374150
7484,9738,374200
7485,9738,374250
7486,9738,374300
7487,9738,374350
7488,9738,374400
7489,9738,374450
7490,9738,374500
7491,9738,374550
7492,9738,374600
7493,9738,374650
7494,9738,374700
7495,9738,374750
7496,9738,374800
7497,9738,374850
7498,9738,374900
7499,9738,374950
7500,9738,375000
7501,9738,375050
7502,9738,375100
7503,9738,375150
7504,9738,375200
7505,9738,375250
7506,9738,375300
7507,9738,375350
7508,9738,375400
7509,9738,375450
7510,9738,375500
7511,9738,375550
7512,9738,375600
7513,9738,375650
7514,9738,375700
7515,9738,375750
7516,9738,375800
7517,9738,375850
7518,9738,375900
7519,9738,375950
7520,9738,376000
7521,9738,376050
7522,9738,376100
7523,9738,376150
7524,9738,376200
7525,9738,376250
7526,9738,376300
7527,9738,376350
7528,9738,376400
7529,9738,376450
7530,9738,376500
7531,9738,376550
7532,9738,376600
7533,9738,376650
7534,9738,376700
7535,9738,376750
7536,9738,376800
7537,9738,376850
7538,9738,376900
7539,9738,376950
7540,9738,377000
7541,9738,377050
7542,9738,377100
7543,9738,377150
7544,9738,377200
7545,9738,377250
7546,9738,377300
7547,9738,377350
7548,9738,377400
7549,9738,377450
7550,9738,377500
7551,9738,377550
7552,9738,377600
7553,9738,377650
7554,9738,377700
7555,9738,377750
7556,9738,377800
7557,9738,377850
7558,9738,377900
7559,9738,377950
7560,9738,378000
7561,9738,378050
7562,9738,378100
7563,9738,378150
7564,9738,378200
7565,9738,378250
7566,9738,378300
7567,9738,378350
7568,9738,378400
7569,9738,378450
7570,9738,378500
7571,9738,378550
7572,9738,378600
7573,9738,378650
7574,9738,378700
7575,9738,378750
7576,9738,378800
7577,9738,378850
7578,9738,378900
7579,9738,378950
7580,9738,379000
7581,9738,379050
7582,9738,379100
7583,9738,379150
7584,9738,379200
7585,9738,379250
7586,9738,379300
7587,9738,379350
7588,9738,379400
7589,9738,379450
7590,9738,379500
7591,9738,379550
7592,9738,379600
7593,9738,379650
7594,9738,379700
7595,9738,379750
7596,9738,379800
7597,9738,379850
7598,9738,379900
7599,9738,379950
7600,9738,380000
7601,9738,380050
7602,9738,380100
7603,9738,380150
7604,9738,380200
7605,9738,380250
7606,9738,380300
7607,9738,380350
7608,9738,380400
7609,9738,380450
7610,9738,380500
7611,9738,380550
7612,9738,380600
7613,9738,380650
7614,9738,380700
7615,9738,380750
7616,9738,380800
7617,9738,380850
7618,9738,380900
7619,9738,380950
7620,9738,381000
7621,9738,381050
7622,9738,381100
7623,9738,381150
7624,9738,381200
7625,9738,381250
7626,9738,381300
7627,9738,381350
7628,9738,381400
7629,9738,381450
7630,9738,381500
7631,9738,381550
7632,9738,381600
7633,9738,381650
7634,9738,381700
7635,9738,381750
7636,9738,381800
7637,9738,381850
7638,9738,381900
7639,9738,381950
7640,9738,382000
7641,9738,382050
7642,9738,382100
7643,9738,382150
7644,9738,382200
7645,9738,382250
7646,9738,382300
7647,9738,382350
7648,9738,382400
7649,9738,382450
7650,9738,382500
7651,9738,382550
7652,9738,382600
7653,9738,382650
7654,9738,382700
7655,9738,382750
7656,9738,382800
7657,9738,382850
7658,9738,382900
7659,9738,382950
7660,9738,383000
7661,9738,383050
7662,9738,383100
7663,9738,383150
7664,9738,383200
7665,9738,383250
7666,9738,383300
7667,9738,383350
7668,9738,383400
7669,9738,383450
7670,9738,383500
7671,9738,383550
7672,9738,383600
7673,9738,383650
7674,9738,383700
7675,9738,383750
7676,9738,383800
7677,9738,383850
7678,9738,383900
7679,9738,383950
7680,9738,384000
7681,9738,384050
7682,9738,384100
7683,9738,384150
7684,9738,384200
7685,9738,384250
7686,9738,384300
7687,9738,384350
7688,9738,384400
7689,9738,384450
7690,9738,384500
7691,9738,384550
7692,9738,384600
7693,9738,384650
7694,9738,384700
7695,9738,384750
7696,9738,384800
7697,9738,384850
7698,9738,384900
7699,9738,384950
7700,9738,385000
7701,9738,385050
7702,9738,385100
7703,9738,385150
7704,9738,385200
7705,9738,385250
7706,9738,385300
7707,9738,385350
7708,9738,385400
7709,9738,385450
7710,9738,385500
7711,9738,385550
7712,9738,385600
7713,9738,385650
7714,9738,385700
7715,9738,385750
7716,9738,385800
7717,9738,385850
7718,9738,385900
7719,9738,385950
7720,9738,386000
7721,9738,386050
7722,9738,386100
7723,9738,386150
7724,9738,386200
7725,9738,386250
7726,9738,386300
7727,9738,386350
7728,9738,386400
7729,9738,386450
7730,9738,386500
7731,9738,386550
7732,9738,386600
7733,9738,386650
7734,9738,386700
7735,9738,386750
7736,9738,386800
7737,9738,386850
7738,9738,386900
7739,9738,386950
7740,9738,387000
7741,9738,387050
7742,9738,387100
7743,9738,387150
7744,9738,387200
7745,9738,387250
7746,9738,387300
7747,9738,387350
7748,9738,387400
7749,9738,387450
7750,9738,387500
7751,9738,387550
7752,9738,387600
7753,9738,387650
7754,9738,387700
7755,9738,387750
7756,9738,387800
7757,9738,387850
7758,9738,387900
7759,9738,387950
7760,9738,388000
7761,9738,388050
7762,9738,388100
7763,9738,388150
7764,9738,388200
7765,9738,388250
7766,9738,388300
7767,9738,388350
7768,9738,388400
7769,9738,388450
7770,9738,388500
7771,9738,388550
7772,9738,388600
7773,9738,388650
7774,9738,388700
7775,9738,388750
7776,9738,388800
7777,9738,388850
7778,9738,388900
7779,9738,388950
7780,9738,389000
7781,9738,389050
7782,9738,389100
7783,9738,389150
7784,9738,389200
7785,9738,389250
7786,9738,389300
7787,9738,389350
7788,9738,389400
7789,9738,389450
7790,9738,389500
7791,9738,389550
7792,9738,389600
7793,9738,389650
7794,9738,389700
7795,9738,389750
7796,9738,389800
7797,9738,389850
7798,9738,389900
7799,9738,389950
7800,9738,390000
7801,9738,390050
7802,9738,390100
7803,9738,390150
7804,9738,390200
7805,9738,390250
7806,9738,390300
7807,9738,390350
7808,9738,390400
7809,9738,390450
7810,9738,390500
7811,9738,390550
7812,9738,390600
7813,9738,390650
7814,9738,390700
7815,9738,390750
7816,9738,390800
7817,9738,390850
7818,9738,390900
7819,9738,390950
7820,9738,391000
7821,9738,391050
7822,9738,391100
7823,9738,391150
7824,9738,391200
7825,9738,391250
7826,9738,391300
7827,9738,391350
7828,9738,391400
7829,9738,391450
7830,9738,391500
7831,9738,391550
7832,9738,391600
7833,9738,391650
7834,9738,391700
7835,9738,391750
7836,9738,391800
7837,9738,391850
7838,9738,391900
7839,9738,391950
7840,9738,392000
7841,9738,392050
7842,9738,392100
7843,9738,392150
7844,9738,392200
7845,9738,392250
7846,9738,392300
7847,9738,392350
7848,9738,392400
7849,9738,392450
7850,9738,392500
7851,9738,392550
7852,9738,392600
7853,9738,392650
7854,9738,392700
7855,9738,392750
7856,9738,392800
7857,9738,392850
7858,9738,392900
7859,9738,392950
7860,9738,393000
7861,9738,393050
7862,9738,393100
7863,9738,393150
7864,9738,393200
7865,9738,393250
7866,9738,393300
7867,9738,393350
7868,9738,393400
7869,9738,393450
7870,9738,393500
7871,9738,393550
7872,9738,393600
7873,9738,393650
7874,9738,393700
7875,9738,393750
7876,9738,393800
7877,9738,393850
7878,9738,393900
7879,9738,393950
7880,9738,394000
7881,9738,394050
7882,9738,394100
7883,9738,394150
7884,9738,394200
7885,9738,394250
7886,9738,394300
7887,9738,394350
7888,9738,394400
7889,9738,394450
7890,9738,394500
7891,9738,394550
7892,9738,394600
7893,9738,394650
7894,9738,394700
7895,9738,394750
7896,9738,394800
7897,9738,394850
7898,9738,394900
7899,9738,394950
7900,9738,395000
7901,9738,395050
7902,9738,395100
7903,9738,395150
7904,9738,395200
7905,9738,395250
7906,9738,395300
7907,9738,395350
7908,9738,395400
7909,9738,395450
7910,9738,395500
7911,9738,395550
7912,9738,395600
7913,9738,395650
7914,9738,395700
7915,9738,395750
7916,9738,395800
7917,9738,395850
7918,9738,395900
7919,9738,395950
7920,9738,396000
7921,9738,396050
7922,9738,396100
7923,9738,396150
7924,9738,396200
7925,9738,396250
7926,9738,396300
7927,9738,396350
7928,9738,396400
7929,9738,396450
7930,9738,396500
7931,9738,396550
7932,9738,396600
7933,9738,396650
7934,9738,396700
7935,9738,396750
7936,9738,396800
7937,9738,396850
7938,9738,396900
7939,9738,396950
7940,9738,397000
7941,9738,397050
7942,9738,397100
7943,9738,397150
7944,9738,397200
7945,9738,397250
7946,9738,397300
7947,9738,397350
7948,9738,397400
7949,9738,397450
7950,9738,397500
7951,9738,397550
7952,9738,397600
7953,9738,397650
7954,9738,397700
7955,9738,397750
7956,9738,397800
7957,9738,397850
7958,9738,397900
7959,9738,397950
7960,9738,398000
7961,9738,398050
7962,9738,398100
7963,9738,398150
7964,9738,398200
7965,9738,398250
7966,9738,398300
7967,9738,398350
7968,9738,398400
7969,9738,398450
7970,9738,398500
7971,9738,398550
7972,9738,398600
7973,9738,398650
7974,9738,398700
7975,9738,398750
7976,9738,398800
7977,9738,398850
7978,9738,398900
7979,9738,398950
7980,9738,399000
7981,9738,399050
7982,9738,399100
7983,9738,399150
7984,9738,399200
7985,9738,399250
7986,9738,399300
7987,9738,399350
7988,9738,399400
7989,9738,399450
7990,9738,399500
7991,9738,399550
7992,9738,399600
7993,9738,399650
7994,9738,399700
7995,9738,399750
7996,9738,399800
7997,9738,399850
7998,9738,399900
7999,9738,399950
8000,9738,400000
8001,9738,400050
8002,9738,400100
8003,9738,400150
8004,9738,400200
8005,9738,400250
8006,9738,400300
8007,9738,400350
8008,9738,400400
8009,9738,400450
8010,9738,400500
8011,9738,400550
8012,9738,400600
8013,9738,400650
8014,9738,400700
8015,9738,400750
8016,9738,400800
8017,9738,400850
8018,9738,400900
8019,9738,400950
8020,9738,401000
8021,9738,401050
8022,9738,401100
8023,9738,401150
8024,9738,401200
8025,9738,401250
8026,9738,401300
8027,9738,401350
8028,9738,401400
8029,9738,401450
8030,9738,401500
8031,9738,401550
8032,9738,401600
8033,9738,401650
8034,9738,401700
8035,9738,401750
8036,9738,401800
8037,9738,401850
8038,9738,401900
8039,9738,401950
8040,9738,402000
8041,9738,402050
8042,9738,402100
8043,9738,402150
8044,9738,402200
8045,9738,402250
8046,9738,402300
8047,9738,402350
8048,9738,402400
8049,9738,402450
8050,9738,402500
8051,9738,402550
8052,9738,402600
8053,9738,402650
8054,9738,402700
8055,9738,402750
8056,9738,402800
8057,9738,402850
8058,9738,402900
8059,9738,402950
8060,9738,403000
8061,9738,403050
8062,9738,403100
8063,9738,403150
8064,9738,403200
8065,9738,403250
8066,9738,403300
8067,9738,403350
8068,9738,403400
8069,9738,403450
8070,9738,403500
8071,9738,403550
8072,9738,403600
8073,9738,403650
8074,9738,403700
8075,9738,403750
8076,9738,403800
8077,9738,403850
8078,9738,403900
8079,9738,403950
8080,9738,404000
8081,9738,404050
8082,9738,404100
8083,9738,404150
8084,9738,404200
8085,9738,404250
8086,9738,404300
8087,9738,404350
8088,9738,404400
8089,9738,404450
8090,9738,404500
8091,9738,404550
8092,9738,404600
8093,9738,404650
8094,9738,404700
8095,9738,404750
8096,9738,404800
8097,9738,404850
8098,9738,404900
8099,9738,404950
8100,9738,405000
8101,9738,405050
8102,9738,405100
8103,9738,405150
8104,9738,405200
8105,9738,405250
8106,9738,405300
8107,9738,405350
8108,9738,405400
8109,9738,405450
8110,9738,405500
8111,9738,405550
8112,9738,405600
8113,9738,405650
8114,9738,405700
8115,9738,405750
8116,9738,405800
8117,9738,405850
8118,9738,405900
8119,9738,405950
8120,9738,406000
8121,9738,406050
8122,9738,406100
8123,9738,406150
8124,9738,406200
8125,9738,406250
8126,9738,406300
8127,9738,406350
8128,9738,406400
8129,9738,406450
8130,9738,406500
8131,9738,406550
8132,9738,406600
8133,9738,406650
8134,9738,406700
8135,9738,406750
8136,9738,406800
8137,9738,406850
8138,9738,406900
8139,9738,406950
8140,9738,407000
8141,9738,407050
8142,9738,407100
8143,9738,407150
8144,9738,407200
8145,9738,407250
8146,9738,407300
8147,9738,407350
8148,9738,407400
8149,9738,407450
8150,9738,407500
8151,9738,407550
8152,9738,407600
8153,9738,407650
8154,9738,407700
8155,9738,407750
8156,9738,407800
8157,9738,407850
8158,9738,407900
8159,9738,407950
8160,9738,408000
8161,9738,408050
8162,9738,408100
8163,9738,408150
8164,9738,408200
8165,9738,408250
8166,9738,408300
8167,9738,408350
8168,9738,408400
8169,9738,408450
8170,9738,408500
8171,9738,408550
8172,9738,408600
8173,9738,408650
8174,9738,408700
8175,9738,408750
8176,9738,408800
8177,9738,408850
8178,9738,408900
8179,9738,408950
8180,9738,409000
8181,9738,409050
8182,9738,409100
8183,9738,409150
8184,9738,409200
8185,9738,409250
8186,9738,409300
8187,9738,409350
8188,9738,409400
8189,9738,409450
8190,9738,409500
8191,9738,409550
8192,9738,409600
8193,9738,409650
8194,9738,409700
8195,9738,409750
8196,9738,409800
8197,9738,409850
8198,9738,409900
8199,9738,409950
8200,9738,410000
8201,9738,410050
8202,9738,410100
8203,9738,410150
8204,9738,410200
8205,9738,410250
8206,9738,410300
8207,9738,410350
8208,9738,410400
8209,9738,410450
8210,9738,410500
8211,9738,410550
8212,9738,410600
8213,9738,410650
8214,9738,410700
8215,9738,410750
8216,9738,410800
8217,9738,410850
8218,9738,410900
8219,9738,410950
8220,9738,411000
8221,9738,411050
8222,9738,411100
8223,9738,411150
8224,9738,411200
8225,9738,411250
8226,9738,411300
8227,9738,411350
8228,9738,411400
8229,9738,411450
8230,9738,411500
8231,9738,411550
8232,9738,411600
8233,9738,411650
8234,9738,411700
8235,9738,411750
8236,9738,411800
8237,9738,411850
8238,9738,411900
8239,9738,411950
8240,9738,412000
8241,9738,412050
8242,9738,412100
8243,9738,412150
8244,9738,412200
8245,9738,412250
8246,9738,412300
8247,9738,412350
8248,9738,412400
8249,9738,412450
8250,9738,412500
8251,9738,412550
8252,9738,412600
8253,9738,412650
8254,9738,412700
8255,9738,412750
8256,9738,412800
8257,9738,412850
8258,9738,412900
8259,9738,412950
8260,9738,413000
8261,9738,413050
8262,9738,413100
8263,9738,413150
8264,9738,413200
8265,9738,413250
8266,9738,413300
8267,9738,413350
8268,9738,413400
8269,9738,413450
8270,9738,413500
8271,9738,413550
8272,9738,413600
8273,9738,413650
8274,9738,413700
8275,9738,413750
8276,9738,413800
8277,9738,413850
8278,9738,413900
8279,9738,413950
8280,9738,414000
8281,9738,414050
8282,9738,414100
8283,9738,414150
8284,9738,414200
8285,9738,414250
8286,9738,414300
8287,9738,414350
8288,9738,414400
8289,9738,414450
8290,9738,414500
8291,9738,414550
8292,9738,414600
8293,9738,414650
8294,9738,414700
8295,9738,414750
8296,9738,414800
8297,9738,414850
8298,9738,414900
8299,9738,414950
8300,9738,415000
8301,9738,415050
8302,9738,415100
8303,9738,415150
8304,9738,415200
8305,9738,415250
8306,9738,415300
8307,9738,415350
8308,9738,415400
8309,9738,415450
8310,9738,415500
8311,9738,415550
8312,9738,415600
8313,9738,415650
8314,9738,415700
8315,9738,415750
8316,9738,415800
8317,9738,415850
8318,9738,415900
8319,9738,415950
8320,9738,416000
8321,9738,416050
8322,9738,416100
8323,9738,416150
8324,9738,416200
8325,9738,416250
8326,9738,416300
8327,9738,416350
8328,9738,416400
8329,9738,416450
8330,9738,416500
8331,9738,416550
8332,9738,416600
8333,9738,416650
8334,9738,416700
8335,9738,416750
8336,9738,416800
8337,9738,416850
8338,9738,416900
8339,9738,416950
8340,9738,417000
8341,9738,417050
8342,9738,417100
8343,9738,417150
8344,9738,417200
8345,9738,417250
8346,9738,417300
8347,9738,417350
8348,9738,417400
8349,9738,417450
8350,9738,417500
8351,9738,417550
8352,9738,417600
8353,9738,417650
8354,9738,417700
8355,9738,417750
8356,9738,417800
8357,9738,417850
8358,9738,417900
8359,9738,417950
8360,9738,418000
8361,9738,418050
8362,9738,418100
8363,9738,418150
8364,9738,418200
8365,9738,418250
8366,9738,418300
8367,9738,418350
8368,9738,418400
8369,9738,418450
8370,9738,418500
8371,9738,418550
8372,9738,418600
8373,9738,418650
8374,9738,418700
8375,9738,418750
8376,9738,418800
8377,9738,418850
8378,9738,418900
8379,9738,418950
8380,9738,419000
8381,9738,419050
8382,9738,419100
8383,9738,419150
8384,9738,419200
8385,9738,419250
8386,9738,419300
8387,9738,419350
8388,9738,419400
8389,9738,419450
8390,9738,419500
8391,9738,419550
8392,9738,419600
8393,9738,419650
8394,9738,419700
8395,9738,419750
8396,9738,419800
8397,9738,419850
8398,9738,419900
8399,9738,419950
8400,9738,420000
8401,9738,420050
8402,9738,420100
8403,9738,420150
8404,9738,420200
8405,9738,420250
8406,9738,420300
8407,9738,420350
8408,9738,420400
8409,9738,420450
8410,9738,420500
8411,9738,420550
8412,9738,420600
8413,9738,420650
8414,9738,420700
8415,9738,420750
8416,9738,420800
8417,9738,420850
8418,9738,420900
8419,9738,420950
8420,9738,421000
8421,9738,421050
8422,9738,421100
8423,9738,421150
8424,9738,421200
8425,9738,421250
8426,9738,421300
8427,9738,421350
8428,9738,421400
8429,9738,421450
8430,9738,421500
8431,9738,421550
8432,9738,421600
8433,9738,421650
8434,9738,421700
8435,9738,421750
8436,9738,421800
8437,9738,421850
8438,9738,421900
8439,9738,421950
8440,9738,422000
8441,9738,422050
8442,9738,422100
8443,9738,422150
8444,9738,422200
8445,9738,422250
8446,9738,422300
8447,9738,422350
8448,9738,422400
8449,9738,422450
8450,9738,422500
8451,9738,422550
8452,9738,422600
8453,9738,422650
8454,9738,422700
8455,9738,422750
8456,9738,422800
8457,9738,422850
8458,9738,422900
8459,9738,422950
8460,9738,423000
8461,9738,423050
8462,9738,423100
8463,9738,423150
8464,9738,423200
8465,9738,423250
8466,9738,423300
8467,9738,423350
8468,9738,423400
8469,9738,423450
8470,9738,423500
8471,9738,423550
8472,9738,423600
8473,9738,423650
8474,9738,423700
8475,9738,423750
8476,9738,423800
8477,9738,423850
8478,9738,423900
8479,9738,423950
8480,9738,424000
8481,9738,424050
8482,9738,424100
8483,9738,424150
8484,9738,424200
8485,9738,424250
8486,9738,424300
8487,9738,424350
8488,9738,424400
8489,9738,424450
8490,9738,424500
8491,9738,424550
8492,9738,424600
8493,9738,424650
8494,9738,424700
8495,9738,424750
8496,9738,424800
8497,9738,424850
8498,9738,424900
8499,9738,424950
8500,9738,425000
8501,9738,425050
8502,9738,425100
8503,9738,425150
8504,9738,425200
8505,9738,425250
8506,9738,425300
8507,9738,425350
8508,9738,425400
8509,9738,425450
8510,9738,425500
8511,9738,425550
8512,9738,425600
8513,9738,425650
8514,9738,425700
8515,9738,425750
8516,9738,425800
8517,9738,425850
8518,9738,425900
8519,9738,425950
8520,9738,426000
8521,9738,426050
8522,9738,426100
8523,9738,426150
8524,9738,426200
8525,9738,426250
8526,9738,426300
8527,9738,426350
8528,9738,426400
8529,9738,426450
8530,9738,426500
8531,9738,426550
8532,9738,426600
8533,9738,426650
8534,9738,426700
8535,9738,426750
8536,9738,426800
8537,9738,426850
8538,9738,426900
8539,9738,426950
8540,9738,427000
8541,9738,427050
8542,9738,427100
8543,9738,427150
8544,9738,427200
8545,9738,427250
8546,9738,427300
8547,9738,427350
8548,9738,427400
8549,9738,427450
8550,9738,427500
8551,9738,427550
8552,9738,427600
8553,9738,427650
8554,9738,427700
8555,9738,427750
8556,9738,427800
8557,9738,427850
8558,9738,427900
8559,9738,427950
8560,9738,428000
8561,9738,428050
8562,9738,428100
8563,9738,428150
8564,9738,428200
8565,9738,428250
8566,9738,428300
8567,9738,428350
8568,9738,428400
8569,9738,428450
8570,9738,428500
8571,9738,428550
8572,9738,428600
8573,9738,428650
8574,9738,428700
8575,9738,428750
8576,9738,428800
8577,9738,428850
8578,9738,428900
8579,9738,428950
8580,9738,429000
8581,9738,429050
8582,9738,429100
8583,9738,429150
8584,9738,429200
8585,9738,429250
8586,9738,429300
8587,9738,429350
8588,9738,429400
8589,9738,429450
8590,9738,429500
8591,9738,429550
8592,9738,429600
8593,9738,429650
8594,9738,429700
8595,9738,429750
8596,9738,429800
8597,9738,429850
8598,9738,429900
8599,9738,429950
8600,9738,430000
8601,9738,430050
8602,9738,430100
8603,9738,430150
8604,9738,430200
8605,9738,430250
8606,9738,430300
8607,9738,430350
8608,9738,430400
8609,9738,430450
8610,9738,430500
8611,9738,430550
8612,9738,430600
8613,9738,430650
8614,9738,430700
8615,9738,430750
8616,9738,430800
8617,9738,430850
8618,9738,430900
8619,9738,430950
8620,9738,431000
8621,9738,431050
8622,9738,431100
8623,9738,431150
8624,9738,431200
8625,9738,431250
8626,9738,431300
8627,9738,431350
8628,9738,431400
8629,9738,431450
8630,9738,431500
8631,9738,431550
8632,9738,431600
8633,9738,431650
8634,9738,431700
8635,9738,431750
8636,9738,431800
8637,9738,431850
8638,9738,431900
8639,9738,431950
8640,9738,432000
8641,9738,432050
8642,9738,432100
8643,9738,432150
8644,9738,432200
8645,9738,432250
8646,9738,432300
8647,9738,432350
8648,9738,432400
8649,9738,432450
8650,9738,432500
8651,9738,432550
8652,9738,432600
8653,9738,432650
8654,9738,432700
8655,9738,432750
8656,9738,432800
8657,9738,432850
8658,9738,432900
8659,9738,432950
8660,9738,433000
8661,9738,433050
8662,9738,433100
8663,9738,433150
8664,9738,433200
8665,9738,433250
8666,9738,433300
8667,9738,433350
8668,9738,433400
8669,9738,433450
8670,9738,433500
8671,9738,433550
8672,9738,433600
8673,9738,433650
8674,9738,433700
8675,9738,433750
8676,9738,433800
8677,9738,433850
8678,9738,433900
8679,9738,433950
8680,9738,434000
8681,9738,434050
8682,9738,434100
8683,9738,434150
8684,9738,434200
8685,9738,434250
8686,9738,434300
8687,9738,434350
8688,9738,434400
8689,9738,434450
8690,9738,434500
8691,9738,434550
8692,9738,434600
8693,9738,434650
8694,9738,434700
8695,9738,434750
8696,9738,434800
8697,9738,434850
8698,9738,434900
8699,9738,434950
8700,9738,435000
8701,9738,435050
8702,9738,435100
8703,9738,435150
8704,9738,435200
8705,9738,435250
8706,9738,435300
8707,9738,435350
8708,9738,435400
8709,9738,435450
8710,9738,435500
8711,9738,435550
8712,9738,435600
8713,9738,435650
8714,9738,435700
8715,9738,435750
8716,9738,435800
8717,9738,435850
8718,9738,435900
8719,9738,435950
8720,9738,436000
8721,9738,436050
8722,9738,436100
8723,9738,436150
8724,9738,436200
8725,9738,436250
8726,9738,436300
8727,9738,436350
8728,9738,436400
8729,9738,436450
8730,9738,436500
8731,9738,436550
8732,9738,436600
8733,9738,436650
8734,9738,436700
8735,9738,436750
8736,9738,436800
8737,9738,436850
8738,9738,436900
8739,9738,436950
8740,9738,437000
8741,9738,437050
8742,9738,437100
8743,9738,437150
8744,9738,437200
8745,9738,437250
8746,9738,437300
8747,9738,437350
8748,9738,437400
8749,9738,437450
8750,9738,437500
8751,9738,437550
8752,9738,437600
8753,9738,437650
8754,9738,437700
8755,9738,437750
8756,9738,437800
8757,9738,437850
8758,9738,437900
8759,9738,437950
8760,9738,438000
8761,9738,438050
8762,9738,438100
8763,9738,438150
8764,9738,438200
8765,9738,438250
8766,9738,438300
8767,9738,438350
8768,9738,438400
8769,9738,438450
8770,9738,438500
8771,9738,438550
8772,9738,438600
8773,9738,438650
8774,9738,438700
8775,9738,438750
8776,9738,438800
8777,9738,438850
8778,9738,438900
8779,9738,438950
8780,9738,439000
8781,9738,439050
8782,9738,439100
8783,9738,439150
8784,9738,439200
8785,9738,439250
8786,9738,439300
8787,9738,439350
8788,9738,439400
8789,9738,439450
8790,9738,439500
8791,9738,439550
8792,9738,439600
8793,9738,439650
8794,9738,439700
8795,9738,439750
8796,9738,439800
8797,9738,439850
8798,9738,439900
8799,9738,439950
8800,9738,440000
8801,9738,440050
8802,9738,440100
8803,9738,440150
8804,9738,440200
8805,9738,440250
8806,9738,440300
8807,9738,440350
8808,9738,440400
8809,9738,440450
8810,9738,440500
8811,9738,440550
8812,9738,440600
8813,9738,440650
8814,9738,440700
8815,9738,440750
8816,9738,440800
8817,9738,440850
8818,9738,440900
8819,9738,440950
8820,9738,441000
8821,9738,441050
8822,9738,441100
8823,9738,441150
8824,9738,441200
8825,9738,441250
8826,9738,441300
8827,9738,441350
8828,9738,441400
8829,9738,441450
8830,9738,441500
8831,9738,441550
8832,9738,441600
8833,9738,441650
8834,9738,441700
8835,9738,441750
8836,9738,441800
8837,9738,441850
8838,9738,441900
8839,9738,441950
8840,9738,442000
8841,9738,442050
8842,9738,442100
8843,9738,442150
8844,9738,442200
8845,9738,442250
8846,9738,442300
8847,9738,442350
8848,9738,442400
8849,9738,442450
8850,9738,442500
8851,9738,442550
8852,9738,442600
8853,9738,442650
8854,9738,442700
8855,9738,442750
8856,9738,442800
8857,9738,442850
8858,9738,442900
8859,9738,442950
8860,9738,443000
8861,9738,443050
8862,9738,443100
8863,9738,443150
8864,9738,443200
8865,9738,443250
8866,9738,443300
8867,9738,443350
8868,9738,443400
8869,9738,443450
8870,9738,443500
8871,9738,443550
8872,9738,443600
8873,9738,443650
8874,9738,443700
8875,9738,443750
8876,9738,443800
8877,9738,443850
8878,9738,443900
8879,9738,443950
8880,9738,444000
8881,9738,444050
8882,9738,444100
8883,9738,444150
8884,9738,444200
8885,9738,444250
8886,9738,444300
8887,9738,444350
8888,9738,444400
8889,9738,444450
8890,9738,444500
8891,9738,444550
8892,9738,444600
8893,9738,444650
8894,9738,444700
8895,9738,444750
8896,9738,444800
8897,9738,444850
8898,9738,444900
8899,9738,444950
8900,9738,445000
8901,9738,445050
8902,9738,445100
8903,9738,445150
8904,9738,445200
8905,9738,445250
8906,9738,445300
8907,9738,445350
8908,9738,445400
8909,9738,445450
8910,9738,445500
8911,9738,445550
8912,9738,445600
8913,9738,445650
8914,9738,445700
8915,9738,445750
8916,9738,445800
8917,9738,445850
8918,9738,445900
8919,9738,445950
8920,9738,446000
8921,9738,446050
8922,9738,446100
8923,9738,446150
8924,9738,446200
8925,9738,446250
8926,9738,446300
8927,9738,446350
8928,9738,446400
8929,9738,446450
8930,9738,446500
8931,9738,446550
8932,9738,446600
8933,9738,446650
8934,9738,446700
8935,9738,446750
8936,9738,446800
8937,9738,446850
8938,9738,446900
8939,9738,446950
8940,9738,447000
8941,9738,447050
8942,9738,447100
8943,9738,447150
8944,9738,447200
8945,9738,447250
8946,9738,447300
8947,9738,447350
8948,9738,447400
8949,9738,447450
8950,9738,447500
8951,9738,447550
8952,9738,447600
8953,9738,447650
8954,9738,447700
8955,9738,447750
8956,9738,447800
8957,9738,447850
8958,9738,447900
8959,9738,447950
8960,9738,448000
8961,9738,448050
8962,9738,448100
8963,9738,448150
8964,9738,448200
8965,9738,448250
8966,9738,448300
8967,9738,448350
8968,9738,448400
8969,9738,448450
8970,9738,448500
8971,9738,448550
8972,9738,448600
8973,9738,448650
8974,9738,448700
8975,9738,448750
8976,9738,448800
8977,9738,448850
8978,9738,448900
8979,9738,448950
8980,9738,449000
8981,9738,449050
8982,9738,449100
8983,9738,449150
8984,9738,449200
8985,9738,449250
8986,9738,449300
8987,9738,449350
8988,9738,449400
8989,9738,449450
8990,9738,449500
8991,9738,449550
8992,9738,449600
8993,9738,449650
8994,9738,449700
8995,9738,449750
8996,9738,449800
8997,9738,449850
8998,9738,449900
8999,9738,449950
9000,9738,450000
9001,9738,450050
9002,9738,450100
9003,9738,450150
9004,9738,450200
9005,9738,450250
9006,9738,450300
9007,9738,450350
9008,9738,450400
9009,9738,450450
9010,9738,450500
9011,9738,450550
9012,9738,450600
9013,9738,450650
9014,9738,450700
9015,9738,450750
9016,9738,450800
9017,9738,450850
9018,9738,450900
9019,9738,450950
9020,9738,451000
9021,9738,451050
9022,9738,451100
9023,9738,451150
9024,9738,451200
9025,9738,451250
9026,9738,451300
9027,9738,451350
9028,9738,451400
9029,9738,451450
9030,9738,451500
9031,9738,451550
9032,9738,451600
9033,9738,451650
9034,9738,451700
9035,9738,451750
9036,9738,451800
9037,9738,451850
9038,9738,451900
9039,9738,451950
9040,9738,452000
9041,9738,452050
9042,9738,452100
9043,9738,452150
9044,9738,452200
9045,9738,452250
9046,9738,452300
9047,9738,452350
9048,9738,452400
9049,9738,452450
9050,9738,452500
9051,9738,452550
9052,9738,452600
9053,9738,452650
9054,9738,452700
9055,9738,452750
9056,9738,452800
9057,9738,452850
9058,9738,452900
9059,9738,452950
9060,9738,453000
9061,9738,453050
9062,9738,453100
9063,9738,453150
9064,9738,453200
9065,9738,453250
9066,9738,453300
9067,9738,453350
9068,9738,453400
9069,9738,453450
9070,9738,453500
9071,9738,453550
9072,9738,453600
9073,9738,453650
9074,9738,453700
9075,9738,453750
9076,9738,453800
9077,9738,453850
9078,9738,453900
9079,9738,453950
9080,9738,454000
9081,9738,454050
9082,9738,454100
9083,9738,454150
9084,9738,454200
9085,9738,454250
9086,9738,454300
9087,9738,454350
9088,9738,454400
9089,9738,454450
9090,9738,454500
9091,9738,454550
9092,9738,454600
9093,9738,454650
9094,9738,454700
9095,9738,454750
9096,9738,454800
9097,9738,454850
9098,9738,454900
9099,9738,454950
9100,9738,455000
9101,9738,455050
9102,9738,455100
9103,9738,455150
9104,9738,455200
9105,9738,455250
9106,9738,455300
9107,9738,455350
9108,9738,455400
9109,9738,455450
9110,9738,455500
9111,9738,455550
9112,9738,455600
9113,9738,455650
9114,9738,455700
9115,9738,455750
9116,9738,455800
9117,9738,455850
9118,9738,455900
9119,9738,455950
9120,9738,456000
9121,9738,456050
9122,9738,456100
9123,9738,456150
9124,9738,456200
9125,9738,456250
9126,9738,456300
9127,9738,456350
9128,9738,456400
9129,9738,456450
9130,9738,456500
9131,9738,456550
9132,9738,456600
9133,9738,456650
9134,9738,456700
9135,9738,456750
9136,9738,456800
9137,9738,456850
9138,9738,456900
9139,9738,456950
9140,9738,457000
9141,9738,457050
9142,9738,457100
9143,9738,457150
9144,9738,457200
9145,9738,457250
9146,9738,457300
9147,9738,457350
9148,9738,457400
9149,9738,457450
9150,9738,457500
9151,9738,457550
9152,9738,457600
9153,9738,457650
9154,9738,457700
9155,9738,457750
9156,9738,457800
9157,9738,457850
9158,9738,457900
9159,9738,457950
9160,9738,458000
9161,9738,458050
9162,9738,458100
9163,9738,458150
9164,9738,458200
9165,9738,458250
9166,9738,458300
9167,9738,458350
9168,9738,458400
9169,9738,458450
9170,9738,458500
9171,9738,458550
9172,9738,458600
9173,9738,458650
9174,9738,458700
9175,9738,458750
9176,9738,458800
9177,9738,458850
9178,9738,458900
9179,9738,458950
9180,9738,459000
9181,9738,459050
9182,9738,459100
9183,9738,459150
9184,9738,459200
9185,9738,459250
9186,9738,459300
9187,9738,459350
9188,9738,459400
9189,9738,459450
9190,9738,459500
9191,9738,459550
9192,9738,459600
9193,9738,459650
9194,9738,459700
9195,9738,459750
9196,9738,459800
9197,9738,459850
9198,9738,459900
9199,9738,459950
9200,9738,460000
9201,9738,460050
9202,9738,460100
9203,9738,460150
9204,9738,460200
9205,9738,460250
9206,9738,460300
9207,9738,460350
9208,9738,460400
9209,9738,460450
9210,9738,460500
9211,9738,460550
9212,9738,460600
9213,9738,460650
9214,9738,460700
9215,9738,460750
9216,9738,460800
9217,9738,460850
9218,9738,460900
9219,9738,460950
9220,9738,461000
9221,9738,461050
9222,9738,461100
9223,9738,461150
9224,9738,461200
9225,9738,461250
9226,9738,461300
9227,9738,461350
9228,9738,461400
9229,9738,461450
9230,9738,461500
9231,9738,461550
9232,9738,461600
9233,9738,461650
9234,9738,461700
9235,9738,461750
9236,9738,461800
9237,9738,461850
9238,9738,461900
9239,9738,461950
9240,9738,462000
9241,9738,462050
9242,9738,462100
9243,9738,462150
9244,9738,462200
9245,9738,462250
9246,9738,462300
9247,9738,462350
9248,9738,462400
9249,9738,462450
9250,9738,462500
9251,9738,462550
9252,9738,462600
9253,9738,462650
9254,9738,462700
9255,9738,462750
9256,9738,462800
9257,9738,462850
9258,9738,462900
9259,9738,462950
9260,9738,463000
9261,9738,463050
9262,9738,463100
9263,9738,463150
9264,9738,463200
9265,9738,463250
9266,9738,463300
9267,9738,463350
9268,9738,463400
9269,9738,463450
9270,9738,463500
9271,9738,463550
9272,9738,463600
9273,9738,463650
9274,9738,463700
9275,9738,463750
9276,9738,463800
9277,9738,463850
9278,9738,463900
9279,9738,463950
9280,9738,464000
9281,9738,464050
9282,9738,464100
9283,9738,464150
9284,9738,464200
9285,9738,464250
9286,9738,464300
9287,9738,464350
9288,9738,464400
9289,9738,464450
9290,9738,464500
9291,9738,464550
9292,9738,464600
9293,9738,464650
9294,9738,464700
9295,9738,464750
9296,9738,464800
9297,9738,464850
9298,9738,464900
9299,9738,464950
9300,9738,465000
9301,9738,465050
9302,9738,465100
9303,9738,465150
9304,9738,465200
9305,9738,465250
9306,9738,465300
9307,9738,465350
9308,9738,465400
9309,9738,465450
9310,9738,465500
9311,9738,465550
9312,9738,465600
9313,9738,465650
9314,9738,465700
9315,9738,465750
9316,9738,465800
9317,9738,465850
9318,9738,465900
9319,9738,465950
9320,9738,466000
9321,9738,466050
9322,9738,466100
9323,9738,466150
9324,9738,466200
9325,9738,466250
9326,9738,466300
9327,9738,466350
9328,9738,466400
9329,9738,466450
9330,9738,466500
9331,9738,466550
9332,9738,466600
9333,9738,466650
9334,9738,466700
9335,9738,466750
9336,9738,466800
9337,9738,466850
9338,9738,466900
9339,9738,466950
9340,9738,467000
9341,9738,467050
9342,9738,467100
9343,9738,467150
9344,9738,467200
9345,9738,467250
9346,9738,467300
9347,9738,467350
9348,9738,467400
9349,9738,467450
9350,9738,467500
9351,9738,467550
9352,9738,467600
9353,9738,467650
9354,9738,467700
9355,9738,467750
9356,9738,467800
9357,9738,467850
9358,9738,467900
9359,9738,467950
9360,9738,468000
9361,9738,468050
9362,9738,468100
9363,9738,468150
9364,9738,468200
9365,9738,468250
9366,9738,468300
9367,9738,468350
9368,9738,468400
9369,9738,468450
9370,9738,468500
9371,9738,468550
9372,9738,468600
9373,9738,468650
9374,9738,468700
9375,9738,468750
9376,9738,468800
9377,9738,468850
9378,9738,468900
9379,9738,468950
9380,9738,469000
9381,9738,469050
9382,9738,469100
9383,9738,469150
9384,9738,469200
9385,9738,469250
9386,9738,469300
9387,9738,469350
9388,9738,469400
9389,9738,469450
9390,9738,469500
9391,9738,469550
9392,9738,469600
9393,9738,469650
9394,9738,469700
9395,9738,469750
9396,9738,469800
9397,9738,469850
9398,9738,469900
9399,9738,469950
9400,9738,470000
9401,9738,470050
9402,9738,470100
9403,9738,470150
9404,9738,470200
9405,9738,470250
9406,9738,470300
9407,9738,470350
9408,9738,470400
9409,9738,470450
9410,9738,470500
9411,9738,470550
9412,9738,470600
9413,9738,470650
9414,9738,470700
9415,9738,470750
9416,9738,470800
9417,9738,470850
9418,9738,470900
9419,9738,470950
9420,9738,471000
9421,9738,471050
9422,9738,471100
9423,9738,471150
9424,9738,471200
9425,9738,471250
9426,9738,471300
9427,9738,471350
9428,9738,471400
9429,9738,471450
9430,9738,471500
9431,9738,471550
9432,9738,471600
9433,9738,471650
9434,9738,471700
9435,9738,471750
9436,9738,471800
9437,9738,471850
9438,9738,471900
9439,9738,471950
9440,9738,472000
9441,9738,472050
9442,9738,472100
9443,9738,472150
9444,9738,472200
9445,9738,472250
9446,9738,472300
9447,9738,472350
9448,9738,472400
9449,9738,472450
9450,9738,472500
9451,9738,472550
9452,9738,472600
9453,9738,472650
9454,9738,472700
9455,9738,472750
9456,9738,472800
9457,9738,472850
9458,9738,472900
9459,9738,472950
9460,9738,473000
9461,9738,473050
9462,9738,473100
9463,9738,473150
9464,9738,473200
9465,9738,473250
9466,9738,473300
9467,9738,473350
9468,9738,473400
9469,9738,473450
9470,9738,473500
9471,9738,473550
9472,9738,473600
9473,9738,473650
9474,9738,473700
9475,9738,473750
9476,9738,473800
9477,9738,473850
9478,9738,473900
9479,9738,473950
9480,9738,474000
9481,9738,474050
9482,9738,474100
9483,9738,474150
9484,9738,474200
9485,9738,474250
9486,9738,474300
9487,9738,474350
9488,9738,474400
9489,9738,474450
9490,9738,474500
9491,9738,474550
9492,9738,474600
9493,9738,474650
9494,9738,474700
9495,9738,474750
9496,9738,474800
9497,9738,474850
9498,9738,474900
9499,9738,474950
9500,9738,475000
9501,9738,475050
9502,9738,475100
9503,9738,475150
9504,9738,475200
9505,9738,475250
9506,9738,475300
9507,9738,475350
9508,9738,475400
9509,9738,475450
9510,9738,475500
9511,9738,475550
9512,9738,475600
9513,9738,475650
9514,9738,475700
9515,9738,475750
9516,9738,475800
9517,9738,475850
9518,9738,475900
9519,9738,475950
9520,9738,476000
9521,9738,476050
9522,9738,476100
9523,9738,476150
9524,9738,476200
9525,9738,476250
9526,9738,476300
9527,9738,476350
9528,9738,476400
9529,9738,476450
9530,9738,476500
9531,9738,476550
9532,9738,476600
9533,9738,476650
9534,9738,476700
9535,9738,476750
9536,9738,476800
9537,9738,476850
9538,9738,476900
9539,9738,476950
9540,9738,477000
9541,9738,477050
9542,9738,477100
9543,9738,477150
9544,9738,477200
9545,9738,477250
9546,9738,477300
9547,9738,477350
9548,9738,477400
9549,9738,477450
9550,9738,477500
9551,9738,477550
9552,9738,477600
9553,9738,477650
9554,9738,477700
9555,9738,477750
9556,9738,477800
9557,9738,477850
9558,9738,477900
9559,9738,477950
9560,9738,478000
9561,9738,478050
9562,9738,478100
9563,9738,478150
9564,9738,478200
9565,9738,478250
9566,9738,478300
9567,9738,478350
9568,9738,478400
9569,9738,478450
9570,9738,478500
9571,9738,478550
9572,9738,478600
9573,9738,478650
9574,9738,478700
9575,9738,478750
9576,9738,478800
9577,9738,478850
9578,9738,478900
9579,9738,478950
9580,9738,479000
9581,9738,479050
9582,9738,479100
9583,9738,479150
9584,9738,479200
9585,9738,479250
9586,9738,479300
9587,9738,479350
9588,9738,479400
9589,9738,479450
9590,9738,479500
9591,9738,479550
9592,9738,479600
9593,9738,479650
9594,9738,479700
9595,9738,479750
9596,9738,479800
9597,9738,479850
9598,9738,479900
9599,9738,479950
9600,9738,480000
9601,9738,480050
9602,9738,480100
9603,9738,480150
9604,9738,480200
9605,9738,480250
9606,9738,480300
9607,9738,480350
9608,9738,480400
9609,9738,480450
9610,9738,480500
9611,9738,480550
9612,9738,480600
9613,9738,480650
9614,9738,480700
9615,9738,480750
9616,9738,480800
9617,9738,480850
9618,9738,480900
9619,9738,480950
9620,9738,481000
9621,9738,481050
9622,9738,481100
9623,9738,481150
9624,9738,481200
9625,9738,481250
9626,9738,481300
9627,9738,481350
9628,9738,481400
9629,9738,481450
9630,9738,481500
9631,9738,481550
9632,9738,481600
9633,9738,481650
9634,9738,481700
9635,9738,481750
9636,9738,481800
9637,9738,481850
9638,9738,481900
9639,9738,481950
9640,9738,482000
9641,9738,482050
9642,9738,482100
9643,9738,482150
9644,9738,482200
9645,9738,482250
9646,9738,482300
9647,9738,482350
9648,9738,482400
9649,9738,482450
9650,9738,482500
9651,9738,482550
9652,9738,482600
9653,9738,482650
9654,9738,482700
9655,9738,482750
9656,9738,482800
9657,9738,482850
9658,9738,482900
9659,9738,482950
9660,9738,483000
9661,9738,483050
9662,9738,483100
9663,9738,483150
9664,9738,483200
9665,9738,483250
9666,9738,483300
9667,9738,483350
9668,9738,483400
9669,9738,483450
9670,9738,483500
9671,9738,483550
9672,9738,483600
9673,9738,483650
9674,9738,483700
9675,9738,483750
9676,9738,483800
9677,9738,483850
9678,9738,483900
9679,9738,483950
9680,9738,484000
9681,9738,484050
9682,9738,484100
9683,9738,484150
9684,9738,484200
9685,9738,484250
9686,9738,484300
9687,9738,484350
9688,9738,484400
9689,9738,484450
9690,9738,484500
9691,9738,484550
9692,9738,484600
9693,9738,484650
9694,9738,484700
9695,9738,484750
9696,9738,484800
9697,9738,484850
9698,9738,484900
9699,9738,484950
9700,9738,485000
9701,9738,485050
9702,9738,485100
9703,9738,485150
9704,9738,485200
9705,9738,485250
9706,9738,485300
9707,9738,485350
9708,9738,485400
9709,9738,485450
9710,9738,485500
9711,9738,485550
9712,9738,485600
9713,9738,485650
9714,9738,485700
9715,9738,485750
9716,9738,485800
9717,9738,485850
9718,9738,485900
9719,9738,485950
9720,9738,486000
9721,9738,486050
9722,9738,486100
9723,9738,486150
9724,9738,486200
9725,9738,486250
9726,9738,486300
9727,9738,486350
9728,9738,486400
9729,9738,486450
9730,9738,486500
9731,9738,486550
9732,9738,486600
9733,9738,486650
9734,9738,486700
9735,9738,486750
9736,9738,486800
9737,9738,486850
9738,9738,486900
