updtw1,updtw2,storage
1,26946,50
2,26946,100
3,26946,150
4,26946,200
5,26946,250
6,26946,300
7,26946,350
8,26946,400
9,26946,450
10,26946,500
11,26946,550
12,26946,600
13,26946,650
14,26946,700
15,26946,750
16,26946,800
17,26946,850
18,26946,900
19,26946,950
20,26946,1000
21,26946,1050
22,26946,1100
23,26946,1150
24,26946,1200
25,26946,1250
26,26946,1300
27,26946,1350
28,26946,1400
29,26946,1450
30,26946,1500
31,26946,1550
32,26946,1600
33,26946,1650
34,26946,1700
35,26946,1750
36,26946,1800
37,26946,1850
38,26946,1900
39,26946,1950
40,26946,2000
41,26946,2050
42,26946,2100
43,26946,2150
44,26946,2200
45,26946,2250
46,26946,2300
47,26946,2350
48,26946,2400
49,26946,2450
50,26946,2500
51,26946,2550
52,26946,2600
53,26946,2650
54,26946,2700
55,26946,2750
56,26946,2800
57,26946,2850
58,26946,2900
59,26946,2950
60,26946,3000
61,26946,3050
62,26946,3100
63,26946,3150
64,26946,3200
65,26946,3250
66,26946,3300
67,26946,3350
68,26946,3400
69,26946,3450
70,26946,3500
71,26946,3550
72,26946,3600
73,26946,3650
74,26946,3700
75,26946,3750
76,26946,3800
77,26946,3850
78,26946,3900
79,26946,3950
80,26946,4000
81,26946,4050
82,26946,4100
83,26946,4150
84,26946,4200
85,26946,4250
86,26946,4300
87,26946,4350
88,26946,4400
89,26946,4450
90,26946,4500
91,26946,4550
92,26946,4600
93,26946,4650
94,26946,4700
95,26946,4750
96,26946,4800
97,26946,4850
98,26946,4900
99,26946,4950
100,26946,5000
101,26946,5050
102,26946,5100
103,26946,5150
104,26946,5200
105,26946,5250
106,26946,5300
107,26946,5350
108,26946,5400
109,26946,5450
110,26946,5500
111,26946,5550
112,26946,5600
113,26946,5650
114,26946,5700
115,26946,5750
116,26946,5800
117,26946,5850
118,26946,5900
119,26946,5950
120,26946,6000
121,26946,6050
122,26946,6100
123,26946,6150
124,26946,6200
125,26946,6250
126,26946,6300
127,26946,6350
128,26946,6400
129,26946,6450
130,26946,6500
131,26946,6550
132,26946,6600
133,26946,6650
134,26946,6700
135,26946,6750
136,26946,6800
137,26946,6850
138,26946,6900
139,26946,6950
140,26946,7000
141,26946,7050
142,26946,7100
143,26946,7150
144,26946,7200
145,26946,7250
146,26946,7300
147,26946,7350
148,26946,7400
149,26946,7450
150,26946,7500
151,26946,7550
152,26946,7600
153,26946,7650
154,26946,7700
155,26946,7750
156,26946,7800
157,26946,7850
158,26946,7900
159,26946,7950
160,26946,8000
161,26946,8050
162,26946,8100
163,26946,8150
164,26946,8200
165,26946,8250
166,26946,8300
167,26946,8350
168,26946,8400
169,26946,8450
170,26946,8500
171,26946,8550
172,26946,8600
173,26946,8650
174,26946,8700
175,26946,8750
176,26946,8800
177,26946,8850
178,26946,8900
179,26946,8950
180,26946,9000
181,26946,9050
182,26946,9100
183,26946,9150
184,26946,9200
185,26946,9250
186,26946,9300
187,26946,9350
188,26946,9400
189,26946,9450
190,26946,9500
191,26946,9550
192,26946,9600
193,26946,9650
194,26946,9700
195,26946,9750
196,26946,9800
197,26946,9850
198,26946,9900
199,26946,9950
200,26946,10000
201,26946,10050
202,26946,10100
203,26946,10150
204,26946,10200
205,26946,10250
206,26946,10300
207,26946,10350
208,26946,10400
209,26946,10450
210,26946,10500
211,26946,10550
212,26946,10600
213,26946,10650
214,26946,10700
215,26946,10750
216,26946,10800
217,26946,10850
218,26946,10900
219,26946,10950
220,26946,11000
221,26946,11050
222,26946,11100
223,26946,11150
224,26946,11200
225,26946,11250
226,26946,11300
227,26946,11350
228,26946,11400
229,26946,11450
230,26946,11500
231,26946,11550
232,26946,11600
233,26946,11650
234,26946,11700
235,26946,11750
236,26946,11800
237,26946,11850
238,26946,11900
239,26946,11950
240,26946,12000
241,26946,12050
242,26946,12100
243,26946,12150
244,26946,12200
245,26946,12250
246,26946,12300
247,26946,12350
248,26946,12400
249,26946,12450
250,26946,12500
251,26946,12550
252,26946,12600
253,26946,12650
254,26946,12700
255,26946,12750
256,26946,12800
257,26946,12850
258,26946,12900
259,26946,12950
260,26946,13000
261,26946,13050
262,26946,13100
263,26946,13150
264,26946,13200
265,26946,13250
266,26946,13300
267,26946,13350
268,26946,13400
269,26946,13450
270,26946,13500
271,26946,13550
272,26946,13600
273,26946,13650
274,26946,13700
275,26946,13750
276,26946,13800
277,26946,13850
278,26946,13900
279,26946,13950
280,26946,14000
281,26946,14050
282,26946,14100
283,26946,14150
284,26946,14200
285,26946,14250
286,26946,14300
287,26946,14350
288,26946,14400
289,26946,14450
290,26946,14500
291,26946,14550
292,26946,14600
293,26946,14650
294,26946,14700
295,26946,14750
296,26946,14800
297,26946,14850
298,26946,14900
299,26946,14950
300,26946,15000
301,26946,15050
302,26946,15100
303,26946,15150
304,26946,15200
305,26946,15250
306,26946,15300
307,26946,15350
308,26946,15400
309,26946,15450
310,26946,15500
311,26946,15550
312,26946,15600
313,26946,15650
314,26946,15700
315,26946,15750
316,26946,15800
317,26946,15850
318,26946,15900
319,26946,15950
320,26946,16000
321,26946,16050
322,26946,16100
323,26946,16150
324,26946,16200
325,26946,16250
326,26946,16300
327,26946,16350
328,26946,16400
329,26946,16450
330,26946,16500
331,26946,16550
332,26946,16600
333,26946,16650
334,26946,16700
335,26946,16750
336,26946,16800
337,26946,16850
338,26946,16900
339,26946,16950
340,26946,17000
341,26946,17050
342,26946,17100
343,26946,17150
344,26946,17200
345,26946,17250
346,26946,17300
347,26946,17350
348,26946,17400
349,26946,17450
350,26946,17500
351,26946,17550
352,26946,17600
353,26946,17650
354,26946,17700
355,26946,17750
356,26946,17800
357,26946,17850
358,26946,17900
359,26946,17950
360,26946,18000
361,26946,18050
362,26946,18100
363,26946,18150
364,26946,18200
365,26946,18250
366,26946,18300
367,26946,18350
368,26946,18400
369,26946,18450
370,26946,18500
371,26946,18550
372,26946,18600
373,26946,18650
374,26946,18700
375,26946,18750
376,26946,18800
377,26946,18850
378,26946,18900
379,26946,18950
380,26946,19000
381,26946,19050
382,26946,19100
383,26946,19150
384,26946,19200
385,26946,19250
386,26946,19300
387,26946,19350
388,26946,19400
389,26946,19450
390,26946,19500
391,26946,19550
392,26946,19600
393,26946,19650
394,26946,19700
395,26946,19750
396,26946,19800
397,26946,19850
398,26946,19900
399,26946,19950
400,26946,20000
401,26946,20050
402,26946,20100
403,26946,20150
404,26946,20200
405,26946,20250
406,26946,20300
407,26946,20350
408,26946,20400
409,26946,20450
410,26946,20500
411,26946,20550
412,26946,20600
413,26946,20650
414,26946,20700
415,26946,20750
416,26946,20800
417,26946,20850
418,26946,20900
419,26946,20950
420,26946,21000
421,26946,21050
422,26946,21100
423,26946,21150
424,26946,21200
425,26946,21250
426,26946,21300
427,26946,21350
428,26946,21400
429,26946,21450
430,26946,21500
431,26946,21550
432,26946,21600
433,26946,21650
434,26946,21700
435,26946,21750
436,26946,21800
437,26946,21850
438,26946,21900
439,26946,21950
440,26946,22000
441,26946,22050
442,26946,22100
443,26946,22150
444,26946,22200
445,26946,22250
446,26946,22300
447,26946,22350
448,26946,22400
449,26946,22450
450,26946,22500
451,26946,22550
452,26946,22600
453,26946,22650
454,26946,22700
455,26946,22750
456,26946,22800
457,26946,22850
458,26946,22900
459,26946,22950
460,26946,23000
461,26946,23050
462,26946,23100
463,26946,23150
464,26946,23200
465,26946,23250
466,26946,23300
467,26946,23350
468,26946,23400
469,26946,23450
470,26946,23500
471,26946,23550
472,26946,23600
473,26946,23650
474,26946,23700
475,26946,23750
476,26946,23800
477,26946,23850
478,26946,23900
479,26946,23950
480,26946,24000
481,26946,24050
482,26946,24100
483,26946,24150
484,26946,24200
485,26946,24250
486,26946,24300
487,26946,24350
488,26946,24400
489,26946,24450
490,26946,24500
491,26946,24550
492,26946,24600
493,26946,24650
494,26946,24700
495,26946,24750
496,26946,24800
497,26946,24850
498,26946,24900
499,26946,24950
500,26946,25000
501,26946,25050
502,26946,25100
503,26946,25150
504,26946,25200
505,26946,25250
506,26946,25300
507,26946,25350
508,26946,25400
509,26946,25450
510,26946,25500
511,26946,25550
512,26946,25600
513,26946,25650
514,26946,25700
515,26946,25750
516,26946,25800
517,26946,25850
518,26946,25900
519,26946,25950
520,26946,26000
521,26946,26050
522,26946,26100
523,26946,26150
524,26946,26200
525,26946,26250
526,26946,26300
527,26946,26350
528,26946,26400
529,26946,26450
530,26946,26500
531,26946,26550
532,26946,26600
533,26946,26650
534,26946,26700
535,26946,26750
536,26946,26800
537,26946,26850
538,26946,26900
539,26946,26950
540,26946,27000
541,26946,27050
542,26946,27100
543,26946,27150
544,26946,27200
545,26946,27250
546,26946,27300
547,26946,27350
548,26946,27400
549,26946,27450
550,26946,27500
551,26946,27550
552,26946,27600
553,26946,27650
554,26946,27700
555,26946,27750
556,26946,27800
557,26946,27850
558,26946,27900
559,26946,27950
560,26946,28000
561,26946,28050
562,26946,28100
563,26946,28150
564,26946,28200
565,26946,28250
566,26946,28300
567,26946,28350
568,26946,28400
569,26946,28450
570,26946,28500
571,26946,28550
572,26946,28600
573,26946,28650
574,26946,28700
575,26946,28750
576,26946,28800
577,26946,28850
578,26946,28900
579,26946,28950
580,26946,29000
581,26946,29050
582,26946,29100
583,26946,29150
584,26946,29200
585,26946,29250
586,26946,29300
587,26946,29350
588,26946,29400
589,26946,29450
590,26946,29500
591,26946,29550
592,26946,29600
593,26946,29650
594,26946,29700
595,26946,29750
596,26946,29800
597,26946,29850
598,26946,29900
599,26946,29950
600,26946,30000
601,26946,30050
602,26946,30100
603,26946,30150
604,26946,30200
605,26946,30250
606,26946,30300
607,26946,30350
608,26946,30400
609,26946,30450
610,26946,30500
611,26946,30550
612,26946,30600
613,26946,30650
614,26946,30700
615,26946,30750
616,26946,30800
617,26946,30850
618,26946,30900
619,26946,30950
620,26946,31000
621,26946,31050
622,26946,31100
623,26946,31150
624,26946,31200
625,26946,31250
626,26946,31300
627,26946,31350
628,26946,31400
629,26946,31450
630,26946,31500
631,26946,31550
632,26946,31600
633,26946,31650
634,26946,31700
635,26946,31750
636,26946,31800
637,26946,31850
638,26946,31900
639,26946,31950
640,26946,32000
641,26946,32050
642,26946,32100
643,26946,32150
644,26946,32200
645,26946,32250
646,26946,32300
647,26946,32350
648,26946,32400
649,26946,32450
650,26946,32500
651,26946,32550
652,26946,32600
653,26946,32650
654,26946,32700
655,26946,32750
656,26946,32800
657,26946,32850
658,26946,32900
659,26946,32950
660,26946,33000
661,26946,33050
662,26946,33100
663,26946,33150
664,26946,33200
665,26946,33250
666,26946,33300
667,26946,33350
668,26946,33400
669,26946,33450
670,26946,33500
671,26946,33550
672,26946,33600
673,26946,33650
674,26946,33700
675,26946,33750
676,26946,33800
677,26946,33850
678,26946,33900
679,26946,33950
680,26946,34000
681,26946,34050
682,26946,34100
683,26946,34150
684,26946,34200
685,26946,34250
686,26946,34300
687,26946,34350
688,26946,34400
689,26946,34450
690,26946,34500
691,26946,34550
692,26946,34600
693,26946,34650
694,26946,34700
695,26946,34750
696,26946,34800
697,26946,34850
698,26946,34900
699,26946,34950
700,26946,35000
701,26946,35050
702,26946,35100
703,26946,35150
704,26946,35200
705,26946,35250
706,26946,35300
707,26946,35350
708,26946,35400
709,26946,35450
710,26946,35500
711,26946,35550
712,26946,35600
713,26946,35650
714,26946,35700
715,26946,35750
716,26946,35800
717,26946,35850
718,26946,35900
719,26946,35950
720,26946,36000
721,26946,36050
722,26946,36100
723,26946,36150
724,26946,36200
725,26946,36250
726,26946,36300
727,26946,36350
728,26946,36400
729,26946,36450
730,26946,36500
731,26946,36550
732,26946,36600
733,26946,36650
734,26946,36700
735,26946,36750
736,26946,36800
737,26946,36850
738,26946,36900
739,26946,36950
740,26946,37000
741,26946,37050
742,26946,37100
743,26946,37150
744,26946,37200
745,26946,37250
746,26946,37300
747,26946,37350
748,26946,37400
749,26946,37450
750,26946,37500
751,26946,37550
752,26946,37600
753,26946,37650
754,26946,37700
755,26946,37750
756,26946,37800
757,26946,37850
758,26946,37900
759,26946,37950
760,26946,38000
761,26946,38050
762,26946,38100
763,26946,38150
764,26946,38200
765,26946,38250
766,26946,38300
767,26946,38350
768,26946,38400
769,26946,38450
770,26946,38500
771,26946,38550
772,26946,38600
773,26946,38650
774,26946,38700
775,26946,38750
776,26946,38800
777,26946,38850
778,26946,38900
779,26946,38950
780,26946,39000
781,26946,39050
782,26946,39100
783,26946,39150
784,26946,39200
785,26946,39250
786,26946,39300
787,26946,39350
788,26946,39400
789,26946,39450
790,26946,39500
791,26946,39550
792,26946,39600
793,26946,39650
794,26946,39700
795,26946,39750
796,26946,39800
797,26946,39850
798,26946,39900
799,26946,39950
800,26946,40000
801,26946,40050
802,26946,40100
803,26946,40150
804,26946,40200
805,26946,40250
806,26946,40300
807,26946,40350
808,26946,40400
809,26946,40450
810,26946,40500
811,26946,40550
812,26946,40600
813,26946,40650
814,26946,40700
815,26946,40750
816,26946,40800
817,26946,40850
818,26946,40900
819,26946,40950
820,26946,41000
821,26946,41050
822,26946,41100
823,26946,41150
824,26946,41200
825,26946,41250
826,26946,41300
827,26946,41350
828,26946,41400
829,26946,41450
830,26946,41500
831,26946,41550
832,26946,41600
833,26946,41650
834,26946,41700
835,26946,41750
836,26946,41800
837,26946,41850
838,26946,41900
839,26946,41950
840,26946,42000
841,26946,42050
842,26946,42100
843,26946,42150
844,26946,42200
845,26946,42250
846,26946,42300
847,26946,42350
848,26946,42400
849,26946,42450
850,26946,42500
851,26946,42550
852,26946,42600
853,26946,42650
854,26946,42700
855,26946,42750
856,26946,42800
857,26946,42850
858,26946,42900
859,26946,42950
860,26946,43000
861,26946,43050
862,26946,43100
863,26946,43150
864,26946,43200
865,26946,43250
866,26946,43300
867,26946,43350
868,26946,43400
869,26946,43450
870,26946,43500
871,26946,43550
872,26946,43600
873,26946,43650
874,26946,43700
875,26946,43750
876,26946,43800
877,26946,43850
878,26946,43900
879,26946,43950
880,26946,44000
881,26946,44050
882,26946,44100
883,26946,44150
884,26946,44200
885,26946,44250
886,26946,44300
887,26946,44350
888,26946,44400
889,26946,44450
890,26946,44500
891,26946,44550
892,26946,44600
893,26946,44650
894,26946,44700
895,26946,44750
896,26946,44800
897,26946,44850
898,26946,44900
899,26946,44950
900,26946,45000
901,26946,45050
902,26946,45100
903,26946,45150
904,26946,45200
905,26946,45250
906,26946,45300
907,26946,45350
908,26946,45400
909,26946,45450
910,26946,45500
911,26946,45550
912,26946,45600
913,26946,45650
914,26946,45700
915,26946,45750
916,26946,45800
917,26946,45850
918,26946,45900
919,26946,45950
920,26946,46000
921,26946,46050
922,26946,46100
923,26946,46150
924,26946,46200
925,26946,46250
926,26946,46300
927,26946,46350
928,26946,46400
929,26946,46450
930,26946,46500
931,26946,46550
932,26946,46600
933,26946,46650
934,26946,46700
935,26946,46750
936,26946,46800
937,26946,46850
938,26946,46900
939,26946,46950
940,26946,47000
941,26946,47050
942,26946,47100
943,26946,47150
944,26946,47200
945,26946,47250
946,26946,47300
947,26946,47350
948,26946,47400
949,26946,47450
950,26946,47500
951,26946,47550
952,26946,47600
953,26946,47650
954,26946,47700
955,26946,47750
956,26946,47800
957,26946,47850
958,26946,47900
959,26946,47950
960,26946,48000
961,26946,48050
962,26946,48100
963,26946,48150
964,26946,48200
965,26946,48250
966,26946,48300
967,26946,48350
968,26946,48400
969,26946,48450
970,26946,48500
971,26946,48550
972,26946,48600
973,26946,48650
974,26946,48700
975,26946,48750
976,26946,48800
977,26946,48850
978,26946,48900
979,26946,48950
980,26946,49000
981,26946,49050
982,26946,49100
983,26946,49150
984,26946,49200
985,26946,49250
986,26946,49300
987,26946,49350
988,26946,49400
989,26946,49450
990,26946,49500
991,26946,49550
992,26946,49600
993,26946,49650
994,26946,49700
995,26946,49750
996,26946,49800
997,26946,49850
998,26946,49900
999,26946,49950
1000,26946,50000
1001,26946,50050
1002,26946,50100
1003,26946,50150
1004,26946,50200
1005,26946,50250
1006,26946,50300
1007,26946,50350
1008,26946,50400
1009,26946,50450
1010,26946,50500
1011,26946,50550
1012,26946,50600
1013,26946,50650
1014,26946,50700
1015,26946,50750
1016,26946,50800
1017,26946,50850
1018,26946,50900
1019,26946,50950
1020,26946,51000
1021,26946,51050
1022,26946,51100
1023,26946,51150
1024,26946,51200
1025,26946,51250
1026,26946,51300
1027,26946,51350
1028,26946,51400
1029,26946,51450
1030,26946,51500
1031,26946,51550
1032,26946,51600
1033,26946,51650
1034,26946,51700
1035,26946,51750
1036,26946,51800
1037,26946,51850
1038,26946,51900
1039,26946,51950
1040,26946,52000
1041,26946,52050
1042,26946,52100
1043,26946,52150
1044,26946,52200
1045,26946,52250
1046,26946,52300
1047,26946,52350
1048,26946,52400
1049,26946,52450
1050,26946,52500
1051,26946,52550
1052,26946,52600
1053,26946,52650
1054,26946,52700
1055,26946,52750
1056,26946,52800
1057,26946,52850
1058,26946,52900
1059,26946,52950
1060,26946,53000
1061,26946,53050
1062,26946,53100
1063,26946,53150
1064,26946,53200
1065,26946,53250
1066,26946,53300
1067,26946,53350
1068,26946,53400
1069,26946,53450
1070,26946,53500
1071,26946,53550
1072,26946,53600
1073,26946,53650
1074,26946,53700
1075,26946,53750
1076,26946,53800
1077,26946,53850
1078,26946,53900
1079,26946,53950
1080,26946,54000
1081,26946,54050
1082,26946,54100
1083,26946,54150
1084,26946,54200
1085,26946,54250
1086,26946,54300
1087,26946,54350
1088,26946,54400
1089,26946,54450
1090,26946,54500
1091,26946,54550
1092,26946,54600
1093,26946,54650
1094,26946,54700
1095,26946,54750
1096,26946,54800
1097,26946,54850
1098,26946,54900
1099,26946,54950
1100,26946,55000
1101,26946,55050
1102,26946,55100
1103,26946,55150
1104,26946,55200
1105,26946,55250
1106,26946,55300
1107,26946,55350
1108,26946,55400
1109,26946,55450
1110,26946,55500
1111,26946,55550
1112,26946,55600
1113,26946,55650
1114,26946,55700
1115,26946,55750
1116,26946,55800
1117,26946,55850
1118,26946,55900
1119,26946,55950
1120,26946,56000
1121,26946,56050
1122,26946,56100
1123,26946,56150
1124,26946,56200
1125,26946,56250
1126,26946,56300
1127,26946,56350
1128,26946,56400
1129,26946,56450
1130,26946,56500
1131,26946,56550
1132,26946,56600
1133,26946,56650
1134,26946,56700
1135,26946,56750
1136,26946,56800
1137,26946,56850
1138,26946,56900
1139,26946,56950
1140,26946,57000
1141,26946,57050
1142,26946,57100
1143,26946,57150
1144,26946,57200
1145,26946,57250
1146,26946,57300
1147,26946,57350
1148,26946,57400
1149,26946,57450
1150,26946,57500
1151,26946,57550
1152,26946,57600
1153,26946,57650
1154,26946,57700
1155,26946,57750
1156,26946,57800
1157,26946,57850
1158,26946,57900
1159,26946,57950
1160,26946,58000
1161,26946,58050
1162,26946,58100
1163,26946,58150
1164,26946,58200
1165,26946,58250
1166,26946,58300
1167,26946,58350
1168,26946,58400
1169,26946,58450
1170,26946,58500
1171,26946,58550
1172,26946,58600
1173,26946,58650
1174,26946,58700
1175,26946,58750
1176,26946,58800
1177,26946,58850
1178,26946,58900
1179,26946,58950
1180,26946,59000
1181,26946,59050
1182,26946,59100
1183,26946,59150
1184,26946,59200
1185,26946,59250
1186,26946,59300
1187,26946,59350
1188,26946,59400
1189,26946,59450
1190,26946,59500
1191,26946,59550
1192,26946,59600
1193,26946,59650
1194,26946,59700
1195,26946,59750
1196,26946,59800
1197,26946,59850
1198,26946,59900
1199,26946,59950
1200,26946,60000
1201,26946,60050
1202,26946,60100
1203,26946,60150
1204,26946,60200
1205,26946,60250
1206,26946,60300
1207,26946,60350
1208,26946,60400
1209,26946,60450
1210,26946,60500
1211,26946,60550
1212,26946,60600
1213,26946,60650
1214,26946,60700
1215,26946,60750
1216,26946,60800
1217,26946,60850
1218,26946,60900
1219,26946,60950
1220,26946,61000
1221,26946,61050
1222,26946,61100
1223,26946,61150
1224,26946,61200
1225,26946,61250
1226,26946,61300
1227,26946,61350
1228,26946,61400
1229,26946,61450
1230,26946,61500
1231,26946,61550
1232,26946,61600
1233,26946,61650
1234,26946,61700
1235,26946,61750
1236,26946,61800
1237,26946,61850
1238,26946,61900
1239,26946,61950
1240,26946,62000
1241,26946,62050
1242,26946,62100
1243,26946,62150
1244,26946,62200
1245,26946,62250
1246,26946,62300
1247,26946,62350
1248,26946,62400
1249,26946,62450
1250,26946,62500
1251,26946,62550
1252,26946,62600
1253,26946,62650
1254,26946,62700
1255,26946,62750
1256,26946,62800
1257,26946,62850
1258,26946,62900
1259,26946,62950
1260,26946,63000
1261,26946,63050
1262,26946,63100
1263,26946,63150
1264,26946,63200
1265,26946,63250
1266,26946,63300
1267,26946,63350
1268,26946,63400
1269,26946,63450
1270,26946,63500
1271,26946,63550
1272,26946,63600
1273,26946,63650
1274,26946,63700
1275,26946,63750
1276,26946,63800
1277,26946,63850
1278,26946,63900
1279,26946,63950
1280,26946,64000
1281,26946,64050
1282,26946,64100
1283,26946,64150
1284,26946,64200
1285,26946,64250
1286,26946,64300
1287,26946,64350
1288,26946,64400
1289,26946,64450
1290,26946,64500
1291,26946,64550
1292,26946,64600
1293,26946,64650
1294,26946,64700
1295,26946,64750
1296,26946,64800
1297,26946,64850
1298,26946,64900
1299,26946,64950
1300,26946,65000
1301,26946,65050
1302,26946,65100
1303,26946,65150
1304,26946,65200
1305,26946,65250
1306,26946,65300
1307,26946,65350
1308,26946,65400
1309,26946,65450
1310,26946,65500
1311,26946,65550
1312,26946,65600
1313,26946,65650
1314,26946,65700
1315,26946,65750
1316,26946,65800
1317,26946,65850
1318,26946,65900
1319,26946,65950
1320,26946,66000
1321,26946,66050
1322,26946,66100
1323,26946,66150
1324,26946,66200
1325,26946,66250
1326,26946,66300
1327,26946,66350
1328,26946,66400
1329,26946,66450
1330,26946,66500
1331,26946,66550
1332,26946,66600
1333,26946,66650
1334,26946,66700
1335,26946,66750
1336,26946,66800
1337,26946,66850
1338,26946,66900
1339,26946,66950
1340,26946,67000
1341,26946,67050
1342,26946,67100
1343,26946,67150
1344,26946,67200
1345,26946,67250
1346,26946,67300
1347,26946,67350
1348,26946,67400
1349,26946,67450
1350,26946,67500
1351,26946,67550
1352,26946,67600
1353,26946,67650
1354,26946,67700
1355,26946,67750
1356,26946,67800
1357,26946,67850
1358,26946,67900
1359,26946,67950
1360,26946,68000
1361,26946,68050
1362,26946,68100
1363,26946,68150
1364,26946,68200
1365,26946,68250
1366,26946,68300
1367,26946,68350
1368,26946,68400
1369,26946,68450
1370,26946,68500
1371,26946,68550
1372,26946,68600
1373,26946,68650
1374,26946,68700
1375,26946,68750
1376,26946,68800
1377,26946,68850
1378,26946,68900
1379,26946,68950
1380,26946,69000
1381,26946,69050
1382,26946,69100
1383,26946,69150
1384,26946,69200
1385,26946,69250
1386,26946,69300
1387,26946,69350
1388,26946,69400
1389,26946,69450
1390,26946,69500
1391,26946,69550
1392,26946,69600
1393,26946,69650
1394,26946,69700
1395,26946,69750
1396,26946,69800
1397,26946,69850
1398,26946,69900
1399,26946,69950
1400,26946,70000
1401,26946,70050
1402,26946,70100
1403,26946,70150
1404,26946,70200
1405,26946,70250
1406,26946,70300
1407,26946,70350
1408,26946,70400
1409,26946,70450
1410,26946,70500
1411,26946,70550
1412,26946,70600
1413,26946,70650
1414,26946,70700
1415,26946,70750
1416,26946,70800
1417,26946,70850
1418,26946,70900
1419,26946,70950
1420,26946,71000
1421,26946,71050
1422,26946,71100
1423,26946,71150
1424,26946,71200
1425,26946,71250
1426,26946,71300
1427,26946,71350
1428,26946,71400
1429,26946,71450
1430,26946,71500
1431,26946,71550
1432,26946,71600
1433,26946,71650
1434,26946,71700
1435,26946,71750
1436,26946,71800
1437,26946,71850
1438,26946,71900
1439,26946,71950
1440,26946,72000
1441,26946,72050
1442,26946,72100
1443,26946,72150
1444,26946,72200
1445,26946,72250
1446,26946,72300
1447,26946,72350
1448,26946,72400
1449,26946,72450
1450,26946,72500
1451,26946,72550
1452,26946,72600
1453,26946,72650
1454,26946,72700
1455,26946,72750
1456,26946,72800
1457,26946,72850
1458,26946,72900
1459,26946,72950
1460,26946,73000
1461,26946,73050
1462,26946,73100
1463,26946,73150
1464,26946,73200
1465,26946,73250
1466,26946,73300
1467,26946,73350
1468,26946,73400
1469,26946,73450
1470,26946,73500
1471,26946,73550
1472,26946,73600
1473,26946,73650
1474,26946,73700
1475,26946,73750
1476,26946,73800
1477,26946,73850
1478,26946,73900
1479,26946,73950
1480,26946,74000
1481,26946,74050
1482,26946,74100
1483,26946,74150
1484,26946,74200
1485,26946,74250
1486,26946,74300
1487,26946,74350
1488,26946,74400
1489,26946,74450
1490,26946,74500
1491,26946,74550
1492,26946,74600
1493,26946,74650
1494,26946,74700
1495,26946,74750
1496,26946,74800
1497,26946,74850
1498,26946,74900
1499,26946,74950
1500,26946,75000
1501,26946,75050
1502,26946,75100
1503,26946,75150
1504,26946,75200
1505,26946,75250
1506,26946,75300
1507,26946,75350
1508,26946,75400
1509,26946,75450
1510,26946,75500
1511,26946,75550
1512,26946,75600
1513,26946,75650
1514,26946,75700
1515,26946,75750
1516,26946,75800
1517,26946,75850
1518,26946,75900
1519,26946,75950
1520,26946,76000
1521,26946,76050
1522,26946,76100
1523,26946,76150
1524,26946,76200
1525,26946,76250
1526,26946,76300
1527,26946,76350
1528,26946,76400
1529,26946,76450
1530,26946,76500
1531,26946,76550
1532,26946,76600
1533,26946,76650
1534,26946,76700
1535,26946,76750
1536,26946,76800
1537,26946,76850
1538,26946,76900
1539,26946,76950
1540,26946,77000
1541,26946,77050
1542,26946,77100
1543,26946,77150
1544,26946,77200
1545,26946,77250
1546,26946,77300
1547,26946,77350
1548,26946,77400
1549,26946,77450
1550,26946,77500
1551,26946,77550
1552,26946,77600
1553,26946,77650
1554,26946,77700
1555,26946,77750
1556,26946,77800
1557,26946,77850
1558,26946,77900
1559,26946,77950
1560,26946,78000
1561,26946,78050
1562,26946,78100
1563,26946,78150
1564,26946,78200
1565,26946,78250
1566,26946,78300
1567,26946,78350
1568,26946,78400
1569,26946,78450
1570,26946,78500
1571,26946,78550
1572,26946,78600
1573,26946,78650
1574,26946,78700
1575,26946,78750
1576,26946,78800
1577,26946,78850
1578,26946,78900
1579,26946,78950
1580,26946,79000
1581,26946,79050
1582,26946,79100
1583,26946,79150
1584,26946,79200
1585,26946,79250
1586,26946,79300
1587,26946,79350
1588,26946,79400
1589,26946,79450
1590,26946,79500
1591,26946,79550
1592,26946,79600
1593,26946,79650
1594,26946,79700
1595,26946,79750
1596,26946,79800
1597,26946,79850
1598,26946,79900
1599,26946,79950
1600,26946,80000
1601,26946,80050
1602,26946,80100
1603,26946,80150
1604,26946,80200
1605,26946,80250
1606,26946,80300
1607,26946,80350
1608,26946,80400
1609,26946,80450
1610,26946,80500
1611,26946,80550
1612,26946,80600
1613,26946,80650
1614,26946,80700
1615,26946,80750
1616,26946,80800
1617,26946,80850
1618,26946,80900
1619,26946,80950
1620,26946,81000
1621,26946,81050
1622,26946,81100
1623,26946,81150
1624,26946,81200
1625,26946,81250
1626,26946,81300
1627,26946,81350
1628,26946,81400
1629,26946,81450
1630,26946,81500
1631,26946,81550
1632,26946,81600
1633,26946,81650
1634,26946,81700
1635,26946,81750
1636,26946,81800
1637,26946,81850
1638,26946,81900
1639,26946,81950
1640,26946,82000
1641,26946,82050
1642,26946,82100
1643,26946,82150
1644,26946,82200
1645,26946,82250
1646,26946,82300
1647,26946,82350
1648,26946,82400
1649,26946,82450
1650,26946,82500
1651,26946,82550
1652,26946,82600
1653,26946,82650
1654,26946,82700
1655,26946,82750
1656,26946,82800
1657,26946,82850
1658,26946,82900
1659,26946,82950
1660,26946,83000
1661,26946,83050
1662,26946,83100
1663,26946,83150
1664,26946,83200
1665,26946,83250
1666,26946,83300
1667,26946,83350
1668,26946,83400
1669,26946,83450
1670,26946,83500
1671,26946,83550
1672,26946,83600
1673,26946,83650
1674,26946,83700
1675,26946,83750
1676,26946,83800
1677,26946,83850
1678,26946,83900
1679,26946,83950
1680,26946,84000
1681,26946,84050
1682,26946,84100
1683,26946,84150
1684,26946,84200
1685,26946,84250
1686,26946,84300
1687,26946,84350
1688,26946,84400
1689,26946,84450
1690,26946,84500
1691,26946,84550
1692,26946,84600
1693,26946,84650
1694,26946,84700
1695,26946,84750
1696,26946,84800
1697,26946,84850
1698,26946,84900
1699,26946,84950
1700,26946,85000
1701,26946,85050
1702,26946,85100
1703,26946,85150
1704,26946,85200
1705,26946,85250
1706,26946,85300
1707,26946,85350
1708,26946,85400
1709,26946,85450
1710,26946,85500
1711,26946,85550
1712,26946,85600
1713,26946,85650
1714,26946,85700
1715,26946,85750
1716,26946,85800
1717,26946,85850
1718,26946,85900
1719,26946,85950
1720,26946,86000
1721,26946,86050
1722,26946,86100
1723,26946,86150
1724,26946,86200
1725,26946,86250
1726,26946,86300
1727,26946,86350
1728,26946,86400
1729,26946,86450
1730,26946,86500
1731,26946,86550
1732,26946,86600
1733,26946,86650
1734,26946,86700
1735,26946,86750
1736,26946,86800
1737,26946,86850
1738,26946,86900
1739,26946,86950
1740,26946,87000
1741,26946,87050
1742,26946,87100
1743,26946,87150
1744,26946,87200
1745,26946,87250
1746,26946,87300
1747,26946,87350
1748,26946,87400
1749,26946,87450
1750,26946,87500
1751,26946,87550
1752,26946,87600
1753,26946,87650
1754,26946,87700
1755,26946,87750
1756,26946,87800
1757,26946,87850
1758,26946,87900
1759,26946,87950
1760,26946,88000
1761,26946,88050
1762,26946,88100
1763,26946,88150
1764,26946,88200
1765,26946,88250
1766,26946,88300
1767,26946,88350
1768,26946,88400
1769,26946,88450
1770,26946,88500
1771,26946,88550
1772,26946,88600
1773,26946,88650
1774,26946,88700
1775,26946,88750
1776,26946,88800
1777,26946,88850
1778,26946,88900
1779,26946,88950
1780,26946,89000
1781,26946,89050
1782,26946,89100
1783,26946,89150
1784,26946,89200
1785,26946,89250
1786,26946,89300
1787,26946,89350
1788,26946,89400
1789,26946,89450
1790,26946,89500
1791,26946,89550
1792,26946,89600
1793,26946,89650
1794,26946,89700
1795,26946,89750
1796,26946,89800
1797,26946,89850
1798,26946,89900
1799,26946,89950
1800,26946,90000
1801,26946,90050
1802,26946,90100
1803,26946,90150
1804,26946,90200
1805,26946,90250
1806,26946,90300
1807,26946,90350
1808,26946,90400
1809,26946,90450
1810,26946,90500
1811,26946,90550
1812,26946,90600
1813,26946,90650
1814,26946,90700
1815,26946,90750
1816,26946,90800
1817,26946,90850
1818,26946,90900
1819,26946,90950
1820,26946,91000
1821,26946,91050
1822,26946,91100
1823,26946,91150
1824,26946,91200
1825,26946,91250
1826,26946,91300
1827,26946,91350
1828,26946,91400
1829,26946,91450
1830,26946,91500
1831,26946,91550
1832,26946,91600
1833,26946,91650
1834,26946,91700
1835,26946,91750
1836,26946,91800
1837,26946,91850
1838,26946,91900
1839,26946,91950
1840,26946,92000
1841,26946,92050
1842,26946,92100
1843,26946,92150
1844,26946,92200
1845,26946,92250
1846,26946,92300
1847,26946,92350
1848,26946,92400
1849,26946,92450
1850,26946,92500
1851,26946,92550
1852,26946,92600
1853,26946,92650
1854,26946,92700
1855,26946,92750
1856,26946,92800
1857,26946,92850
1858,26946,92900
1859,26946,92950
1860,26946,93000
1861,26946,93050
1862,26946,93100
1863,26946,93150
1864,26946,93200
1865,26946,93250
1866,26946,93300
1867,26946,93350
1868,26946,93400
1869,26946,93450
1870,26946,93500
1871,26946,93550
1872,26946,93600
1873,26946,93650
1874,26946,93700
1875,26946,93750
1876,26946,93800
1877,26946,93850
1878,26946,93900
1879,26946,93950
1880,26946,94000
1881,26946,94050
1882,26946,94100
1883,26946,94150
1884,26946,94200
1885,26946,94250
1886,26946,94300
1887,26946,94350
1888,26946,94400
1889,26946,94450
1890,26946,94500
1891,26946,94550
1892,26946,94600
1893,26946,94650
1894,26946,94700
1895,26946,94750
1896,26946,94800
1897,26946,94850
1898,26946,94900
1899,26946,94950
1900,26946,95000
1901,26946,95050
1902,26946,95100
1903,26946,95150
1904,26946,95200
1905,26946,95250
1906,26946,95300
1907,26946,95350
1908,26946,95400
1909,26946,95450
1910,26946,95500
1911,26946,95550
1912,26946,95600
1913,26946,95650
1914,26946,95700
1915,26946,95750
1916,26946,95800
1917,26946,95850
1918,26946,95900
1919,26946,95950
1920,26946,96000
1921,26946,96050
1922,26946,96100
1923,26946,96150
1924,26946,96200
1925,26946,96250
1926,26946,96300
1927,26946,96350
1928,26946,96400
1929,26946,96450
1930,26946,96500
1931,26946,96550
1932,26946,96600
1933,26946,96650
1934,26946,96700
1935,26946,96750
1936,26946,96800
1937,26946,96850
1938,26946,96900
1939,26946,96950
1940,26946,97000
1941,26946,97050
1942,26946,97100
1943,26946,97150
1944,26946,97200
1945,26946,97250
1946,26946,97300
1947,26946,97350
1948,26946,97400
1949,26946,97450
1950,26946,97500
1951,26946,97550
1952,26946,97600
1953,26946,97650
1954,26946,97700
1955,26946,97750
1956,26946,97800
1957,26946,97850
1958,26946,97900
1959,26946,97950
1960,26946,98000
1961,26946,98050
1962,26946,98100
1963,26946,98150
1964,26946,98200
1965,26946,98250
1966,26946,98300
1967,26946,98350
1968,26946,98400
1969,26946,98450
1970,26946,98500
1971,26946,98550
1972,26946,98600
1973,26946,98650
1974,26946,98700
1975,26946,98750
1976,26946,98800
1977,26946,98850
1978,26946,98900
1979,26946,98950
1980,26946,99000
1981,26946,99050
1982,26946,99100
1983,26946,99150
1984,26946,99200
1985,26946,99250
1986,26946,99300
1987,26946,99350
1988,26946,99400
1989,26946,99450
1990,26946,99500
1991,26946,99550
1992,26946,99600
1993,26946,99650
1994,26946,99700
1995,26946,99750
1996,26946,99800
1997,26946,99850
1998,26946,99900
1999,26946,99950
2000,26946,100000
2001,26946,100050
2002,26946,100100
2003,26946,100150
2004,26946,100200
2005,26946,100250
2006,26946,100300
2007,26946,100350
2008,26946,100400
2009,26946,100450
2010,26946,100500
2011,26946,100550
2012,26946,100600
2013,26946,100650
2014,26946,100700
2015,26946,100750
2016,26946,100800
2017,26946,100850
2018,26946,100900
2019,26946,100950
2020,26946,101000
2021,26946,101050
2022,26946,101100
2023,26946,101150
2024,26946,101200
2025,26946,101250
2026,26946,101300
2027,26946,101350
2028,26946,101400
2029,26946,101450
2030,26946,101500
2031,26946,101550
2032,26946,101600
2033,26946,101650
2034,26946,101700
2035,26946,101750
2036,26946,101800
2037,26946,101850
2038,26946,101900
2039,26946,101950
2040,26946,102000
2041,26946,102050
2042,26946,102100
2043,26946,102150
2044,26946,102200
2045,26946,102250
2046,26946,102300
2047,26946,102350
2048,26946,102400
2049,26946,102450
2050,26946,102500
2051,26946,102550
2052,26946,102600
2053,26946,102650
2054,26946,102700
2055,26946,102750
2056,26946,102800
2057,26946,102850
2058,26946,102900
2059,26946,102950
2060,26946,103000
2061,26946,103050
2062,26946,103100
2063,26946,103150
2064,26946,103200
2065,26946,103250
2066,26946,103300
2067,26946,103350
2068,26946,103400
2069,26946,103450
2070,26946,103500
2071,26946,103550
2072,26946,103600
2073,26946,103650
2074,26946,103700
2075,26946,103750
2076,26946,103800
2077,26946,103850
2078,26946,103900
2079,26946,103950
2080,26946,104000
2081,26946,104050
2082,26946,104100
2083,26946,104150
2084,26946,104200
2085,26946,104250
2086,26946,104300
2087,26946,104350
2088,26946,104400
2089,26946,104450
2090,26946,104500
2091,26946,104550
2092,26946,104600
2093,26946,104650
2094,26946,104700
2095,26946,104750
2096,26946,104800
2097,26946,104850
2098,26946,104900
2099,26946,104950
2100,26946,105000
2101,26946,105050
2102,26946,105100
2103,26946,105150
2104,26946,105200
2105,26946,105250
2106,26946,105300
2107,26946,105350
2108,26946,105400
2109,26946,105450
2110,26946,105500
2111,26946,105550
2112,26946,105600
2113,26946,105650
2114,26946,105700
2115,26946,105750
2116,26946,105800
2117,26946,105850
2118,26946,105900
2119,26946,105950
2120,26946,106000
2121,26946,106050
2122,26946,106100
2123,26946,106150
2124,26946,106200
2125,26946,106250
2126,26946,106300
2127,26946,106350
2128,26946,106400
2129,26946,106450
2130,26946,106500
2131,26946,106550
2132,26946,106600
2133,26946,106650
2134,26946,106700
2135,26946,106750
2136,26946,106800
2137,26946,106850
2138,26946,106900
2139,26946,106950
2140,26946,107000
2141,26946,107050
2142,26946,107100
2143,26946,107150
2144,26946,107200
2145,26946,107250
2146,26946,107300
2147,26946,107350
2148,26946,107400
2149,26946,107450
2150,26946,107500
2151,26946,107550
2152,26946,107600
2153,26946,107650
2154,26946,107700
2155,26946,107750
2156,26946,107800
2157,26946,107850
2158,26946,107900
2159,26946,107950
2160,26946,108000
2161,26946,108050
2162,26946,108100
2163,26946,108150
2164,26946,108200
2165,26946,108250
2166,26946,108300
2167,26946,108350
2168,26946,108400
2169,26946,108450
2170,26946,108500
2171,26946,108550
2172,26946,108600
2173,26946,108650
2174,26946,108700
2175,26946,108750
2176,26946,108800
2177,26946,108850
2178,26946,108900
2179,26946,108950
2180,26946,109000
2181,26946,109050
2182,26946,109100
2183,26946,109150
2184,26946,109200
2185,26946,109250
2186,26946,109300
2187,26946,109350
2188,26946,109400
2189,26946,109450
2190,26946,109500
2191,26946,109550
2192,26946,109600
2193,26946,109650
2194,26946,109700
2195,26946,109750
2196,26946,109800
2197,26946,109850
2198,26946,109900
2199,26946,109950
2200,26946,110000
2201,26946,110050
2202,26946,110100
2203,26946,110150
2204,26946,110200
2205,26946,110250
2206,26946,110300
2207,26946,110350
2208,26946,110400
2209,26946,110450
2210,26946,110500
2211,26946,110550
2212,26946,110600
2213,26946,110650
2214,26946,110700
2215,26946,110750
2216,26946,110800
2217,26946,110850
2218,26946,110900
2219,26946,110950
2220,26946,111000
2221,26946,111050
2222,26946,111100
2223,26946,111150
2224,26946,111200
2225,26946,111250
2226,26946,111300
2227,26946,111350
2228,26946,111400
2229,26946,111450
2230,26946,111500
2231,26946,111550
2232,26946,111600
2233,26946,111650
2234,26946,111700
2235,26946,111750
2236,26946,111800
2237,26946,111850
2238,26946,111900
2239,26946,111950
2240,26946,112000
2241,26946,112050
2242,26946,112100
2243,26946,112150
2244,26946,112200
2245,26946,112250
2246,26946,112300
2247,26946,112350
2248,26946,112400
2249,26946,112450
2250,26946,112500
2251,26946,112550
2252,26946,112600
2253,26946,112650
2254,26946,112700
2255,26946,112750
2256,26946,112800
2257,26946,112850
2258,26946,112900
2259,26946,112950
2260,26946,113000
2261,26946,113050
2262,26946,113100
2263,26946,113150
2264,26946,113200
2265,26946,113250
2266,26946,113300
2267,26946,113350
2268,26946,113400
2269,26946,113450
2270,26946,113500
2271,26946,113550
2272,26946,113600
2273,26946,113650
2274,26946,113700
2275,26946,113750
2276,26946,113800
2277,26946,113850
2278,26946,113900
2279,26946,113950
2280,26946,114000
2281,26946,114050
2282,26946,114100
2283,26946,114150
2284,26946,114200
2285,26946,114250
2286,26946,114300
2287,26946,114350
2288,26946,114400
2289,26946,114450
2290,26946,114500
2291,26946,114550
2292,26946,114600
2293,26946,114650
2294,26946,114700
2295,26946,114750
2296,26946,114800
2297,26946,114850
2298,26946,114900
2299,26946,114950
2300,26946,115000
2301,26946,115050
2302,26946,115100
2303,26946,115150
2304,26946,115200
2305,26946,115250
2306,26946,115300
2307,26946,115350
2308,26946,115400
2309,26946,115450
2310,26946,115500
2311,26946,115550
2312,26946,115600
2313,26946,115650
2314,26946,115700
2315,26946,115750
2316,26946,115800
2317,26946,115850
2318,26946,115900
2319,26946,115950
2320,26946,116000
2321,26946,116050
2322,26946,116100
2323,26946,116150
2324,26946,116200
2325,26946,116250
2326,26946,116300
2327,26946,116350
2328,26946,116400
2329,26946,116450
2330,26946,116500
2331,26946,116550
2332,26946,116600
2333,26946,116650
2334,26946,116700
2335,26946,116750
2336,26946,116800
2337,26946,116850
2338,26946,116900
2339,26946,116950
2340,26946,117000
2341,26946,117050
2342,26946,117100
2343,26946,117150
2344,26946,117200
2345,26946,117250
2346,26946,117300
2347,26946,117350
2348,26946,117400
2349,26946,117450
2350,26946,117500
2351,26946,117550
2352,26946,117600
2353,26946,117650
2354,26946,117700
2355,26946,117750
2356,26946,117800
2357,26946,117850
2358,26946,117900
2359,26946,117950
2360,26946,118000
2361,26946,118050
2362,26946,118100
2363,26946,118150
2364,26946,118200
2365,26946,118250
2366,26946,118300
2367,26946,118350
2368,26946,118400
2369,26946,118450
2370,26946,118500
2371,26946,118550
2372,26946,118600
2373,26946,118650
2374,26946,118700
2375,26946,118750
2376,26946,118800
2377,26946,118850
2378,26946,118900
2379,26946,118950
2380,26946,119000
2381,26946,119050
2382,26946,119100
2383,26946,119150
2384,26946,119200
2385,26946,119250
2386,26946,119300
2387,26946,119350
2388,26946,119400
2389,26946,119450
2390,26946,119500
2391,26946,119550
2392,26946,119600
2393,26946,119650
2394,26946,119700
2395,26946,119750
2396,26946,119800
2397,26946,119850
2398,26946,119900
2399,26946,119950
2400,26946,120000
2401,26946,120050
2402,26946,120100
2403,26946,120150
2404,26946,120200
2405,26946,120250
2406,26946,120300
2407,26946,120350
2408,26946,120400
2409,26946,120450
2410,26946,120500
2411,26946,120550
2412,26946,120600
2413,26946,120650
2414,26946,120700
2415,26946,120750
2416,26946,120800
2417,26946,120850
2418,26946,120900
2419,26946,120950
2420,26946,121000
2421,26946,121050
2422,26946,121100
2423,26946,121150
2424,26946,121200
2425,26946,121250
2426,26946,121300
2427,26946,121350
2428,26946,121400
2429,26946,121450
2430,26946,121500
2431,26946,121550
2432,26946,121600
2433,26946,121650
2434,26946,121700
2435,26946,121750
2436,26946,121800
2437,26946,121850
2438,26946,121900
2439,26946,121950
2440,26946,122000
2441,26946,122050
2442,26946,122100
2443,26946,122150
2444,26946,122200
2445,26946,122250
2446,26946,122300
2447,26946,122350
2448,26946,122400
2449,26946,122450
2450,26946,122500
2451,26946,122550
2452,26946,122600
2453,26946,122650
2454,26946,122700
2455,26946,122750
2456,26946,122800
2457,26946,122850
2458,26946,122900
2459,26946,122950
2460,26946,123000
2461,26946,123050
2462,26946,123100
2463,26946,123150
2464,26946,123200
2465,26946,123250
2466,26946,123300
2467,26946,123350
2468,26946,123400
2469,26946,123450
2470,26946,123500
2471,26946,123550
2472,26946,123600
2473,26946,123650
2474,26946,123700
2475,26946,123750
2476,26946,123800
2477,26946,123850
2478,26946,123900
2479,26946,123950
2480,26946,124000
2481,26946,124050
2482,26946,124100
2483,26946,124150
2484,26946,124200
2485,26946,124250
2486,26946,124300
2487,26946,124350
2488,26946,124400
2489,26946,124450
2490,26946,124500
2491,26946,124550
2492,26946,124600
2493,26946,124650
2494,26946,124700
2495,26946,124750
2496,26946,124800
2497,26946,124850
2498,26946,124900
2499,26946,124950
2500,26946,125000
2501,26946,125050
2502,26946,125100
2503,26946,125150
2504,26946,125200
2505,26946,125250
2506,26946,125300
2507,26946,125350
2508,26946,125400
2509,26946,125450
2510,26946,125500
2511,26946,125550
2512,26946,125600
2513,26946,125650
2514,26946,125700
2515,26946,125750
2516,26946,125800
2517,26946,125850
2518,26946,125900
2519,26946,125950
2520,26946,126000
2521,26946,126050
2522,26946,126100
2523,26946,126150
2524,26946,126200
2525,26946,126250
2526,26946,126300
2527,26946,126350
2528,26946,126400
2529,26946,126450
2530,26946,126500
2531,26946,126550
2532,26946,126600
2533,26946,126650
2534,26946,126700
2535,26946,126750
2536,26946,126800
2537,26946,126850
2538,26946,126900
2539,26946,126950
2540,26946,127000
2541,26946,127050
2542,26946,127100
2543,26946,127150
2544,26946,127200
2545,26946,127250
2546,26946,127300
2547,26946,127350
2548,26946,127400
2549,26946,127450
2550,26946,127500
2551,26946,127550
2552,26946,127600
2553,26946,127650
2554,26946,127700
2555,26946,127750
2556,26946,127800
2557,26946,127850
2558,26946,127900
2559,26946,127950
2560,26946,128000
2561,26946,128050
2562,26946,128100
2563,26946,128150
2564,26946,128200
2565,26946,128250
2566,26946,128300
2567,26946,128350
2568,26946,128400
2569,26946,128450
2570,26946,128500
2571,26946,128550
2572,26946,128600
2573,26946,128650
2574,26946,128700
2575,26946,128750
2576,26946,128800
2577,26946,128850
2578,26946,128900
2579,26946,128950
2580,26946,129000
2581,26946,129050
2582,26946,129100
2583,26946,129150
2584,26946,129200
2585,26946,129250
2586,26946,129300
2587,26946,129350
2588,26946,129400
2589,26946,129450
2590,26946,129500
2591,26946,129550
2592,26946,129600
2593,26946,129650
2594,26946,129700
2595,26946,129750
2596,26946,129800
2597,26946,129850
2598,26946,129900
2599,26946,129950
2600,26946,130000
2601,26946,130050
2602,26946,130100
2603,26946,130150
2604,26946,130200
2605,26946,130250
2606,26946,130300
2607,26946,130350
2608,26946,130400
2609,26946,130450
2610,26946,130500
2611,26946,130550
2612,26946,130600
2613,26946,130650
2614,26946,130700
2615,26946,130750
2616,26946,130800
2617,26946,130850
2618,26946,130900
2619,26946,130950
2620,26946,131000
2621,26946,131050
2622,26946,131100
2623,26946,131150
2624,26946,131200
2625,26946,131250
2626,26946,131300
2627,26946,131350
2628,26946,131400
2629,26946,131450
2630,26946,131500
2631,26946,131550
2632,26946,131600
2633,26946,131650
2634,26946,131700
2635,26946,131750
2636,26946,131800
2637,26946,131850
2638,26946,131900
2639,26946,131950
2640,26946,132000
2641,26946,132050
2642,26946,132100
2643,26946,132150
2644,26946,132200
2645,26946,132250
2646,26946,132300
2647,26946,132350
2648,26946,132400
2649,26946,132450
2650,26946,132500
2651,26946,132550
2652,26946,132600
2653,26946,132650
2654,26946,132700
2655,26946,132750
2656,26946,132800
2657,26946,132850
2658,26946,132900
2659,26946,132950
2660,26946,133000
2661,26946,133050
2662,26946,133100
2663,26946,133150
2664,26946,133200
2665,26946,133250
2666,26946,133300
2667,26946,133350
2668,26946,133400
2669,26946,133450
2670,26946,133500
2671,26946,133550
2672,26946,133600
2673,26946,133650
2674,26946,133700
2675,26946,133750
2676,26946,133800
2677,26946,133850
2678,26946,133900
2679,26946,133950
2680,26946,134000
2681,26946,134050
2682,26946,134100
2683,26946,134150
2684,26946,134200
2685,26946,134250
2686,26946,134300
2687,26946,134350
2688,26946,134400
2689,26946,134450
2690,26946,134500
2691,26946,134550
2692,26946,134600
2693,26946,134650
2694,26946,134700
2695,26946,134750
2696,26946,134800
2697,26946,134850
2698,26946,134900
2699,26946,134950
2700,26946,135000
2701,26946,135050
2702,26946,135100
2703,26946,135150
2704,26946,135200
2705,26946,135250
2706,26946,135300
2707,26946,135350
2708,26946,135400
2709,26946,135450
2710,26946,135500
2711,26946,135550
2712,26946,135600
2713,26946,135650
2714,26946,135700
2715,26946,135750
2716,26946,135800
2717,26946,135850
2718,26946,135900
2719,26946,135950
2720,26946,136000
2721,26946,136050
2722,26946,136100
2723,26946,136150
2724,26946,136200
2725,26946,136250
2726,26946,136300
2727,26946,136350
2728,26946,136400
2729,26946,136450
2730,26946,136500
2731,26946,136550
2732,26946,136600
2733,26946,136650
2734,26946,136700
2735,26946,136750
2736,26946,136800
2737,26946,136850
2738,26946,136900
2739,26946,136950
2740,26946,137000
2741,26946,137050
2742,26946,137100
2743,26946,137150
2744,26946,137200
2745,26946,137250
2746,26946,137300
2747,26946,137350
2748,26946,137400
2749,26946,137450
2750,26946,137500
2751,26946,137550
2752,26946,137600
2753,26946,137650
2754,26946,137700
2755,26946,137750
2756,26946,137800
2757,26946,137850
2758,26946,137900
2759,26946,137950
2760,26946,138000
2761,26946,138050
2762,26946,138100
2763,26946,138150
2764,26946,138200
2765,26946,138250
2766,26946,138300
2767,26946,138350
2768,26946,138400
2769,26946,138450
2770,26946,138500
2771,26946,138550
2772,26946,138600
2773,26946,138650
2774,26946,138700
2775,26946,138750
2776,26946,138800
2777,26946,138850
2778,26946,138900
2779,26946,138950
2780,26946,139000
2781,26946,139050
2782,26946,139100
2783,26946,139150
2784,26946,139200
2785,26946,139250
2786,26946,139300
2787,26946,139350
2788,26946,139400
2789,26946,139450
2790,26946,139500
2791,26946,139550
2792,26946,139600
2793,26946,139650
2794,26946,139700
2795,26946,139750
2796,26946,139800
2797,26946,139850
2798,26946,139900
2799,26946,139950
2800,26946,140000
2801,26946,140050
2802,26946,140100
2803,26946,140150
2804,26946,140200
2805,26946,140250
2806,26946,140300
2807,26946,140350
2808,26946,140400
2809,26946,140450
2810,26946,140500
2811,26946,140550
2812,26946,140600
2813,26946,140650
2814,26946,140700
2815,26946,140750
2816,26946,140800
2817,26946,140850
2818,26946,140900
2819,26946,140950
2820,26946,141000
2821,26946,141050
2822,26946,141100
2823,26946,141150
2824,26946,141200
2825,26946,141250
2826,26946,141300
2827,26946,141350
2828,26946,141400
2829,26946,141450
2830,26946,141500
2831,26946,141550
2832,26946,141600
2833,26946,141650
2834,26946,141700
2835,26946,141750
2836,26946,141800
2837,26946,141850
2838,26946,141900
2839,26946,141950
2840,26946,142000
2841,26946,142050
2842,26946,142100
2843,26946,142150
2844,26946,142200
2845,26946,142250
2846,26946,142300
2847,26946,142350
2848,26946,142400
2849,26946,142450
2850,26946,142500
2851,26946,142550
2852,26946,142600
2853,26946,142650
2854,26946,142700
2855,26946,142750
2856,26946,142800
2857,26946,142850
2858,26946,142900
2859,26946,142950
2860,26946,143000
2861,26946,143050
2862,26946,143100
2863,26946,143150
2864,26946,143200
2865,26946,143250
2866,26946,143300
2867,26946,143350
2868,26946,143400
2869,26946,143450
2870,26946,143500
2871,26946,143550
2872,26946,143600
2873,26946,143650
2874,26946,143700
2875,26946,143750
2876,26946,143800
2877,26946,143850
2878,26946,143900
2879,26946,143950
2880,26946,144000
2881,26946,144050
2882,26946,144100
2883,26946,144150
2884,26946,144200
2885,26946,144250
2886,26946,144300
2887,26946,144350
2888,26946,144400
2889,26946,144450
2890,26946,144500
2891,26946,144550
2892,26946,144600
2893,26946,144650
2894,26946,144700
2895,26946,144750
2896,26946,144800
2897,26946,144850
2898,26946,144900
2899,26946,144950
2900,26946,145000
2901,26946,145050
2902,26946,145100
2903,26946,145150
2904,26946,145200
2905,26946,145250
2906,26946,145300
2907,26946,145350
2908,26946,145400
2909,26946,145450
2910,26946,145500
2911,26946,145550
2912,26946,145600
2913,26946,145650
2914,26946,145700
2915,26946,145750
2916,26946,145800
2917,26946,145850
2918,26946,145900
2919,26946,145950
2920,26946,146000
2921,26946,146050
2922,26946,146100
2923,26946,146150
2924,26946,146200
2925,26946,146250
2926,26946,146300
2927,26946,146350
2928,26946,146400
2929,26946,146450
2930,26946,146500
2931,26946,146550
2932,26946,146600
2933,26946,146650
2934,26946,146700
2935,26946,146750
2936,26946,146800
2937,26946,146850
2938,26946,146900
2939,26946,146950
2940,26946,147000
2941,26946,147050
2942,26946,147100
2943,26946,147150
2944,26946,147200
2945,26946,147250
2946,26946,147300
2947,26946,147350
2948,26946,147400
2949,26946,147450
2950,26946,147500
2951,26946,147550
2952,26946,147600
2953,26946,147650
2954,26946,147700
2955,26946,147750
2956,26946,147800
2957,26946,147850
2958,26946,147900
2959,26946,147950
2960,26946,148000
2961,26946,148050
2962,26946,148100
2963,26946,148150
2964,26946,148200
2965,26946,148250
2966,26946,148300
2967,26946,148350
2968,26946,148400
2969,26946,148450
2970,26946,148500
2971,26946,148550
2972,26946,148600
2973,26946,148650
2974,26946,148700
2975,26946,148750
2976,26946,148800
2977,26946,148850
2978,26946,148900
2979,26946,148950
2980,26946,149000
2981,26946,149050
2982,26946,149100
2983,26946,149150
2984,26946,149200
2985,26946,149250
2986,26946,149300
2987,26946,149350
2988,26946,149400
2989,26946,149450
2990,26946,149500
2991,26946,149550
2992,26946,149600
2993,26946,149650
2994,26946,149700
2995,26946,149750
2996,26946,149800
2997,26946,149850
2998,26946,149900
2999,26946,149950
3000,26946,150000
3001,26946,150050
3002,26946,150100
3003,26946,150150
3004,26946,150200
3005,26946,150250
3006,26946,150300
3007,26946,150350
3008,26946,150400
3009,26946,150450
3010,26946,150500
3011,26946,150550
3012,26946,150600
3013,26946,150650
3014,26946,150700
3015,26946,150750
3016,26946,150800
3017,26946,150850
3018,26946,150900
3019,26946,150950
3020,26946,151000
3021,26946,151050
3022,26946,151100
3023,26946,151150
3024,26946,151200
3025,26946,151250
3026,26946,151300
3027,26946,151350
3028,26946,151400
3029,26946,151450
3030,26946,151500
3031,26946,151550
3032,26946,151600
3033,26946,151650
3034,26946,151700
3035,26946,151750
3036,26946,151800
3037,26946,151850
3038,26946,151900
3039,26946,151950
3040,26946,152000
3041,26946,152050
3042,26946,152100
3043,26946,152150
3044,26946,152200
3045,26946,152250
3046,26946,152300
3047,26946,152350
3048,26946,152400
3049,26946,152450
3050,26946,152500
3051,26946,152550
3052,26946,152600
3053,26946,152650
3054,26946,152700
3055,26946,152750
3056,26946,152800
3057,26946,152850
3058,26946,152900
3059,26946,152950
3060,26946,153000
3061,26946,153050
3062,26946,153100
3063,26946,153150
3064,26946,153200
3065,26946,153250
3066,26946,153300
3067,26946,153350
3068,26946,153400
3069,26946,153450
3070,26946,153500
3071,26946,153550
3072,26946,153600
3073,26946,153650
3074,26946,153700
3075,26946,153750
3076,26946,153800
3077,26946,153850
3078,26946,153900
3079,26946,153950
3080,26946,154000
3081,26946,154050
3082,26946,154100
3083,26946,154150
3084,26946,154200
3085,26946,154250
3086,26946,154300
3087,26946,154350
3088,26946,154400
3089,26946,154450
3090,26946,154500
3091,26946,154550
3092,26946,154600
3093,26946,154650
3094,26946,154700
3095,26946,154750
3096,26946,154800
3097,26946,154850
3098,26946,154900
3099,26946,154950
3100,26946,155000
3101,26946,155050
3102,26946,155100
3103,26946,155150
3104,26946,155200
3105,26946,155250
3106,26946,155300
3107,26946,155350
3108,26946,155400
3109,26946,155450
3110,26946,155500
3111,26946,155550
3112,26946,155600
3113,26946,155650
3114,26946,155700
3115,26946,155750
3116,26946,155800
3117,26946,155850
3118,26946,155900
3119,26946,155950
3120,26946,156000
3121,26946,156050
3122,26946,156100
3123,26946,156150
3124,26946,156200
3125,26946,156250
3126,26946,156300
3127,26946,156350
3128,26946,156400
3129,26946,156450
3130,26946,156500
3131,26946,156550
3132,26946,156600
3133,26946,156650
3134,26946,156700
3135,26946,156750
3136,26946,156800
3137,26946,156850
3138,26946,156900
3139,26946,156950
3140,26946,157000
3141,26946,157050
3142,26946,157100
3143,26946,157150
3144,26946,157200
3145,26946,157250
3146,26946,157300
3147,26946,157350
3148,26946,157400
3149,26946,157450
3150,26946,157500
3151,26946,157550
3152,26946,157600
3153,26946,157650
3154,26946,157700
3155,26946,157750
3156,26946,157800
3157,26946,157850
3158,26946,157900
3159,26946,157950
3160,26946,158000
3161,26946,158050
3162,26946,158100
3163,26946,158150
3164,26946,158200
3165,26946,158250
3166,26946,158300
3167,26946,158350
3168,26946,158400
3169,26946,158450
3170,26946,158500
3171,26946,158550
3172,26946,158600
3173,26946,158650
3174,26946,158700
3175,26946,158750
3176,26946,158800
3177,26946,158850
3178,26946,158900
3179,26946,158950
3180,26946,159000
3181,26946,159050
3182,26946,159100
3183,26946,159150
3184,26946,159200
3185,26946,159250
3186,26946,159300
3187,26946,159350
3188,26946,159400
3189,26946,159450
3190,26946,159500
3191,26946,159550
3192,26946,159600
3193,26946,159650
3194,26946,159700
3195,26946,159750
3196,26946,159800
3197,26946,159850
3198,26946,159900
3199,26946,159950
3200,26946,160000
3201,26946,160050
3202,26946,160100
3203,26946,160150
3204,26946,160200
3205,26946,160250
3206,26946,160300
3207,26946,160350
3208,26946,160400
3209,26946,160450
3210,26946,160500
3211,26946,160550
3212,26946,160600
3213,26946,160650
3214,26946,160700
3215,26946,160750
3216,26946,160800
3217,26946,160850
3218,26946,160900
3219,26946,160950
3220,26946,161000
3221,26946,161050
3222,26946,161100
3223,26946,161150
3224,26946,161200
3225,26946,161250
3226,26946,161300
3227,26946,161350
3228,26946,161400
3229,26946,161450
3230,26946,161500
3231,26946,161550
3232,26946,161600
3233,26946,161650
3234,26946,161700
3235,26946,161750
3236,26946,161800
3237,26946,161850
3238,26946,161900
3239,26946,161950
3240,26946,162000
3241,26946,162050
3242,26946,162100
3243,26946,162150
3244,26946,162200
3245,26946,162250
3246,26946,162300
3247,26946,162350
3248,26946,162400
3249,26946,162450
3250,26946,162500
3251,26946,162550
3252,26946,162600
3253,26946,162650
3254,26946,162700
3255,26946,162750
3256,26946,162800
3257,26946,162850
3258,26946,162900
3259,26946,162950
3260,26946,163000
3261,26946,163050
3262,26946,163100
3263,26946,163150
3264,26946,163200
3265,26946,163250
3266,26946,163300
3267,26946,163350
3268,26946,163400
3269,26946,163450
3270,26946,163500
3271,26946,163550
3272,26946,163600
3273,26946,163650
3274,26946,163700
3275,26946,163750
3276,26946,163800
3277,26946,163850
3278,26946,163900
3279,26946,163950
3280,26946,164000
3281,26946,164050
3282,26946,164100
3283,26946,164150
3284,26946,164200
3285,26946,164250
3286,26946,164300
3287,26946,164350
3288,26946,164400
3289,26946,164450
3290,26946,164500
3291,26946,164550
3292,26946,164600
3293,26946,164650
3294,26946,164700
3295,26946,164750
3296,26946,164800
3297,26946,164850
3298,26946,164900
3299,26946,164950
3300,26946,165000
3301,26946,165050
3302,26946,165100
3303,26946,165150
3304,26946,165200
3305,26946,165250
3306,26946,165300
3307,26946,165350
3308,26946,165400
3309,26946,165450
3310,26946,165500
3311,26946,165550
3312,26946,165600
3313,26946,165650
3314,26946,165700
3315,26946,165750
3316,26946,165800
3317,26946,165850
3318,26946,165900
3319,26946,165950
3320,26946,166000
3321,26946,166050
3322,26946,166100
3323,26946,166150
3324,26946,166200
3325,26946,166250
3326,26946,166300
3327,26946,166350
3328,26946,166400
3329,26946,166450
3330,26946,166500
3331,26946,166550
3332,26946,166600
3333,26946,166650
3334,26946,166700
3335,26946,166750
3336,26946,166800
3337,26946,166850
3338,26946,166900
3339,26946,166950
3340,26946,167000
3341,26946,167050
3342,26946,167100
3343,26946,167150
3344,26946,167200
3345,26946,167250
3346,26946,167300
3347,26946,167350
3348,26946,167400
3349,26946,167450
3350,26946,167500
3351,26946,167550
3352,26946,167600
3353,26946,167650
3354,26946,167700
3355,26946,167750
3356,26946,167800
3357,26946,167850
3358,26946,167900
3359,26946,167950
3360,26946,168000
3361,26946,168050
3362,26946,168100
3363,26946,168150
3364,26946,168200
3365,26946,168250
3366,26946,168300
3367,26946,168350
3368,26946,168400
3369,26946,168450
3370,26946,168500
3371,26946,168550
3372,26946,168600
3373,26946,168650
3374,26946,168700
3375,26946,168750
3376,26946,168800
3377,26946,168850
3378,26946,168900
3379,26946,168950
3380,26946,169000
3381,26946,169050
3382,26946,169100
3383,26946,169150
3384,26946,169200
3385,26946,169250
3386,26946,169300
3387,26946,169350
3388,26946,169400
3389,26946,169450
3390,26946,169500
3391,26946,169550
3392,26946,169600
3393,26946,169650
3394,26946,169700
3395,26946,169750
3396,26946,169800
3397,26946,169850
3398,26946,169900
3399,26946,169950
3400,26946,170000
3401,26946,170050
3402,26946,170100
3403,26946,170150
3404,26946,170200
3405,26946,170250
3406,26946,170300
3407,26946,170350
3408,26946,170400
3409,26946,170450
3410,26946,170500
3411,26946,170550
3412,26946,170600
3413,26946,170650
3414,26946,170700
3415,26946,170750
3416,26946,170800
3417,26946,170850
3418,26946,170900
3419,26946,170950
3420,26946,171000
3421,26946,171050
3422,26946,171100
3423,26946,171150
3424,26946,171200
3425,26946,171250
3426,26946,171300
3427,26946,171350
3428,26946,171400
3429,26946,171450
3430,26946,171500
3431,26946,171550
3432,26946,171600
3433,26946,171650
3434,26946,171700
3435,26946,171750
3436,26946,171800
3437,26946,171850
3438,26946,171900
3439,26946,171950
3440,26946,172000
3441,26946,172050
3442,26946,172100
3443,26946,172150
3444,26946,172200
3445,26946,172250
3446,26946,172300
3447,26946,172350
3448,26946,172400
3449,26946,172450
3450,26946,172500
3451,26946,172550
3452,26946,172600
3453,26946,172650
3454,26946,172700
3455,26946,172750
3456,26946,172800
3457,26946,172850
3458,26946,172900
3459,26946,172950
3460,26946,173000
3461,26946,173050
3462,26946,173100
3463,26946,173150
3464,26946,173200
3465,26946,173250
3466,26946,173300
3467,26946,173350
3468,26946,173400
3469,26946,173450
3470,26946,173500
3471,26946,173550
3472,26946,173600
3473,26946,173650
3474,26946,173700
3475,26946,173750
3476,26946,173800
3477,26946,173850
3478,26946,173900
3479,26946,173950
3480,26946,174000
3481,26946,174050
3482,26946,174100
3483,26946,174150
3484,26946,174200
3485,26946,174250
3486,26946,174300
3487,26946,174350
3488,26946,174400
3489,26946,174450
3490,26946,174500
3491,26946,174550
3492,26946,174600
3493,26946,174650
3494,26946,174700
3495,26946,174750
3496,26946,174800
3497,26946,174850
3498,26946,174900
3499,26946,174950
3500,26946,175000
3501,26946,175050
3502,26946,175100
3503,26946,175150
3504,26946,175200
3505,26946,175250
3506,26946,175300
3507,26946,175350
3508,26946,175400
3509,26946,175450
3510,26946,175500
3511,26946,175550
3512,26946,175600
3513,26946,175650
3514,26946,175700
3515,26946,175750
3516,26946,175800
3517,26946,175850
3518,26946,175900
3519,26946,175950
3520,26946,176000
3521,26946,176050
3522,26946,176100
3523,26946,176150
3524,26946,176200
3525,26946,176250
3526,26946,176300
3527,26946,176350
3528,26946,176400
3529,26946,176450
3530,26946,176500
3531,26946,176550
3532,26946,176600
3533,26946,176650
3534,26946,176700
3535,26946,176750
3536,26946,176800
3537,26946,176850
3538,26946,176900
3539,26946,176950
3540,26946,177000
3541,26946,177050
3542,26946,177100
3543,26946,177150
3544,26946,177200
3545,26946,177250
3546,26946,177300
3547,26946,177350
3548,26946,177400
3549,26946,177450
3550,26946,177500
3551,26946,177550
3552,26946,177600
3553,26946,177650
3554,26946,177700
3555,26946,177750
3556,26946,177800
3557,26946,177850
3558,26946,177900
3559,26946,177950
3560,26946,178000
3561,26946,178050
3562,26946,178100
3563,26946,178150
3564,26946,178200
3565,26946,178250
3566,26946,178300
3567,26946,178350
3568,26946,178400
3569,26946,178450
3570,26946,178500
3571,26946,178550
3572,26946,178600
3573,26946,178650
3574,26946,178700
3575,26946,178750
3576,26946,178800
3577,26946,178850
3578,26946,178900
3579,26946,178950
3580,26946,179000
3581,26946,179050
3582,26946,179100
3583,26946,179150
3584,26946,179200
3585,26946,179250
3586,26946,179300
3587,26946,179350
3588,26946,179400
3589,26946,179450
3590,26946,179500
3591,26946,179550
3592,26946,179600
3593,26946,179650
3594,26946,179700
3595,26946,179750
3596,26946,179800
3597,26946,179850
3598,26946,179900
3599,26946,179950
3600,26946,180000
3601,26946,180050
3602,26946,180100
3603,26946,180150
3604,26946,180200
3605,26946,180250
3606,26946,180300
3607,26946,180350
3608,26946,180400
3609,26946,180450
3610,26946,180500
3611,26946,180550
3612,26946,180600
3613,26946,180650
3614,26946,180700
3615,26946,180750
3616,26946,180800
3617,26946,180850
3618,26946,180900
3619,26946,180950
3620,26946,181000
3621,26946,181050
3622,26946,181100
3623,26946,181150
3624,26946,181200
3625,26946,181250
3626,26946,181300
3627,26946,181350
3628,26946,181400
3629,26946,181450
3630,26946,181500
3631,26946,181550
3632,26946,181600
3633,26946,181650
3634,26946,181700
3635,26946,181750
3636,26946,181800
3637,26946,181850
3638,26946,181900
3639,26946,181950
3640,26946,182000
3641,26946,182050
3642,26946,182100
3643,26946,182150
3644,26946,182200
3645,26946,182250
3646,26946,182300
3647,26946,182350
3648,26946,182400
3649,26946,182450
3650,26946,182500
3651,26946,182550
3652,26946,182600
3653,26946,182650
3654,26946,182700
3655,26946,182750
3656,26946,182800
3657,26946,182850
3658,26946,182900
3659,26946,182950
3660,26946,183000
3661,26946,183050
3662,26946,183100
3663,26946,183150
3664,26946,183200
3665,26946,183250
3666,26946,183300
3667,26946,183350
3668,26946,183400
3669,26946,183450
3670,26946,183500
3671,26946,183550
3672,26946,183600
3673,26946,183650
3674,26946,183700
3675,26946,183750
3676,26946,183800
3677,26946,183850
3678,26946,183900
3679,26946,183950
3680,26946,184000
3681,26946,184050
3682,26946,184100
3683,26946,184150
3684,26946,184200
3685,26946,184250
3686,26946,184300
3687,26946,184350
3688,26946,184400
3689,26946,184450
3690,26946,184500
3691,26946,184550
3692,26946,184600
3693,26946,184650
3694,26946,184700
3695,26946,184750
3696,26946,184800
3697,26946,184850
3698,26946,184900
3699,26946,184950
3700,26946,185000
3701,26946,185050
3702,26946,185100
3703,26946,185150
3704,26946,185200
3705,26946,185250
3706,26946,185300
3707,26946,185350
3708,26946,185400
3709,26946,185450
3710,26946,185500
3711,26946,185550
3712,26946,185600
3713,26946,185650
3714,26946,185700
3715,26946,185750
3716,26946,185800
3717,26946,185850
3718,26946,185900
3719,26946,185950
3720,26946,186000
3721,26946,186050
3722,26946,186100
3723,26946,186150
3724,26946,186200
3725,26946,186250
3726,26946,186300
3727,26946,186350
3728,26946,186400
3729,26946,186450
3730,26946,186500
3731,26946,186550
3732,26946,186600
3733,26946,186650
3734,26946,186700
3735,26946,186750
3736,26946,186800
3737,26946,186850
3738,26946,186900
3739,26946,186950
3740,26946,187000
3741,26946,187050
3742,26946,187100
3743,26946,187150
3744,26946,187200
3745,26946,187250
3746,26946,187300
3747,26946,187350
3748,26946,187400
3749,26946,187450
3750,26946,187500
3751,26946,187550
3752,26946,187600
3753,26946,187650
3754,26946,187700
3755,26946,187750
3756,26946,187800
3757,26946,187850
3758,26946,187900
3759,26946,187950
3760,26946,188000
3761,26946,188050
3762,26946,188100
3763,26946,188150
3764,26946,188200
3765,26946,188250
3766,26946,188300
3767,26946,188350
3768,26946,188400
3769,26946,188450
3770,26946,188500
3771,26946,188550
3772,26946,188600
3773,26946,188650
3774,26946,188700
3775,26946,188750
3776,26946,188800
3777,26946,188850
3778,26946,188900
3779,26946,188950
3780,26946,189000
3781,26946,189050
3782,26946,189100
3783,26946,189150
3784,26946,189200
3785,26946,189250
3786,26946,189300
3787,26946,189350
3788,26946,189400
3789,26946,189450
3790,26946,189500
3791,26946,189550
3792,26946,189600
3793,26946,189650
3794,26946,189700
3795,26946,189750
3796,26946,189800
3797,26946,189850
3798,26946,189900
3799,26946,189950
3800,26946,190000
3801,26946,190050
3802,26946,190100
3803,26946,190150
3804,26946,190200
3805,26946,190250
3806,26946,190300
3807,26946,190350
3808,26946,190400
3809,26946,190450
3810,26946,190500
3811,26946,190550
3812,26946,190600
3813,26946,190650
3814,26946,190700
3815,26946,190750
3816,26946,190800
3817,26946,190850
3818,26946,190900
3819,26946,190950
3820,26946,191000
3821,26946,191050
3822,26946,191100
3823,26946,191150
3824,26946,191200
3825,26946,191250
3826,26946,191300
3827,26946,191350
3828,26946,191400
3829,26946,191450
3830,26946,191500
3831,26946,191550
3832,26946,191600
3833,26946,191650
3834,26946,191700
3835,26946,191750
3836,26946,191800
3837,26946,191850
3838,26946,191900
3839,26946,191950
3840,26946,192000
3841,26946,192050
3842,26946,192100
3843,26946,192150
3844,26946,192200
3845,26946,192250
3846,26946,192300
3847,26946,192350
3848,26946,192400
3849,26946,192450
3850,26946,192500
3851,26946,192550
3852,26946,192600
3853,26946,192650
3854,26946,192700
3855,26946,192750
3856,26946,192800
3857,26946,192850
3858,26946,192900
3859,26946,192950
3860,26946,193000
3861,26946,193050
3862,26946,193100
3863,26946,193150
3864,26946,193200
3865,26946,193250
3866,26946,193300
3867,26946,193350
3868,26946,193400
3869,26946,193450
3870,26946,193500
3871,26946,193550
3872,26946,193600
3873,26946,193650
3874,26946,193700
3875,26946,193750
3876,26946,193800
3877,26946,193850
3878,26946,193900
3879,26946,193950
3880,26946,194000
3881,26946,194050
3882,26946,194100
3883,26946,194150
3884,26946,194200
3885,26946,194250
3886,26946,194300
3887,26946,194350
3888,26946,194400
3889,26946,194450
3890,26946,194500
3891,26946,194550
3892,26946,194600
3893,26946,194650
3894,26946,194700
3895,26946,194750
3896,26946,194800
3897,26946,194850
3898,26946,194900
3899,26946,194950
3900,26946,195000
3901,26946,195050
3902,26946,195100
3903,26946,195150
3904,26946,195200
3905,26946,195250
3906,26946,195300
3907,26946,195350
3908,26946,195400
3909,26946,195450
3910,26946,195500
3911,26946,195550
3912,26946,195600
3913,26946,195650
3914,26946,195700
3915,26946,195750
3916,26946,195800
3917,26946,195850
3918,26946,195900
3919,26946,195950
3920,26946,196000
3921,26946,196050
3922,26946,196100
3923,26946,196150
3924,26946,196200
3925,26946,196250
3926,26946,196300
3927,26946,196350
3928,26946,196400
3929,26946,196450
3930,26946,196500
3931,26946,196550
3932,26946,196600
3933,26946,196650
3934,26946,196700
3935,26946,196750
3936,26946,196800
3937,26946,196850
3938,26946,196900
3939,26946,196950
3940,26946,197000
3941,26946,197050
3942,26946,197100
3943,26946,197150
3944,26946,197200
3945,26946,197250
3946,26946,197300
3947,26946,197350
3948,26946,197400
3949,26946,197450
3950,26946,197500
3951,26946,197550
3952,26946,197600
3953,26946,197650
3954,26946,197700
3955,26946,197750
3956,26946,197800
3957,26946,197850
3958,26946,197900
3959,26946,197950
3960,26946,198000
3961,26946,198050
3962,26946,198100
3963,26946,198150
3964,26946,198200
3965,26946,198250
3966,26946,198300
3967,26946,198350
3968,26946,198400
3969,26946,198450
3970,26946,198500
3971,26946,198550
3972,26946,198600
3973,26946,198650
3974,26946,198700
3975,26946,198750
3976,26946,198800
3977,26946,198850
3978,26946,198900
3979,26946,198950
3980,26946,199000
3981,26946,199050
3982,26946,199100
3983,26946,199150
3984,26946,199200
3985,26946,199250
3986,26946,199300
3987,26946,199350
3988,26946,199400
3989,26946,199450
3990,26946,199500
3991,26946,199550
3992,26946,199600
3993,26946,199650
3994,26946,199700
3995,26946,199750
3996,26946,199800
3997,26946,199850
3998,26946,199900
3999,26946,199950
4000,26946,200000
4001,26946,200050
4002,26946,200100
4003,26946,200150
4004,26946,200200
4005,26946,200250
4006,26946,200300
4007,26946,200350
4008,26946,200400
4009,26946,200450
4010,26946,200500
4011,26946,200550
4012,26946,200600
4013,26946,200650
4014,26946,200700
4015,26946,200750
4016,26946,200800
4017,26946,200850
4018,26946,200900
4019,26946,200950
4020,26946,201000
4021,26946,201050
4022,26946,201100
4023,26946,201150
4024,26946,201200
4025,26946,201250
4026,26946,201300
4027,26946,201350
4028,26946,201400
4029,26946,201450
4030,26946,201500
4031,26946,201550
4032,26946,201600
4033,26946,201650
4034,26946,201700
4035,26946,201750
4036,26946,201800
4037,26946,201850
4038,26946,201900
4039,26946,201950
4040,26946,202000
4041,26946,202050
4042,26946,202100
4043,26946,202150
4044,26946,202200
4045,26946,202250
4046,26946,202300
4047,26946,202350
4048,26946,202400
4049,26946,202450
4050,26946,202500
4051,26946,202550
4052,26946,202600
4053,26946,202650
4054,26946,202700
4055,26946,202750
4056,26946,202800
4057,26946,202850
4058,26946,202900
4059,26946,202950
4060,26946,203000
4061,26946,203050
4062,26946,203100
4063,26946,203150
4064,26946,203200
4065,26946,203250
4066,26946,203300
4067,26946,203350
4068,26946,203400
4069,26946,203450
4070,26946,203500
4071,26946,203550
4072,26946,203600
4073,26946,203650
4074,26946,203700
4075,26946,203750
4076,26946,203800
4077,26946,203850
4078,26946,203900
4079,26946,203950
4080,26946,204000
4081,26946,204050
4082,26946,204100
4083,26946,204150
4084,26946,204200
4085,26946,204250
4086,26946,204300
4087,26946,204350
4088,26946,204400
4089,26946,204450
4090,26946,204500
4091,26946,204550
4092,26946,204600
4093,26946,204650
4094,26946,204700
4095,26946,204750
4096,26946,204800
4097,26946,204850
4098,26946,204900
4099,26946,204950
4100,26946,205000
4101,26946,205050
4102,26946,205100
4103,26946,205150
4104,26946,205200
4105,26946,205250
4106,26946,205300
4107,26946,205350
4108,26946,205400
4109,26946,205450
4110,26946,205500
4111,26946,205550
4112,26946,205600
4113,26946,205650
4114,26946,205700
4115,26946,205750
4116,26946,205800
4117,26946,205850
4118,26946,205900
4119,26946,205950
4120,26946,206000
4121,26946,206050
4122,26946,206100
4123,26946,206150
4124,26946,206200
4125,26946,206250
4126,26946,206300
4127,26946,206350
4128,26946,206400
4129,26946,206450
4130,26946,206500
4131,26946,206550
4132,26946,206600
4133,26946,206650
4134,26946,206700
4135,26946,206750
4136,26946,206800
4137,26946,206850
4138,26946,206900
4139,26946,206950
4140,26946,207000
4141,26946,207050
4142,26946,207100
4143,26946,207150
4144,26946,207200
4145,26946,207250
4146,26946,207300
4147,26946,207350
4148,26946,207400
4149,26946,207450
4150,26946,207500
4151,26946,207550
4152,26946,207600
4153,26946,207650
4154,26946,207700
4155,26946,207750
4156,26946,207800
4157,26946,207850
4158,26946,207900
4159,26946,207950
4160,26946,208000
4161,26946,208050
4162,26946,208100
4163,26946,208150
4164,26946,208200
4165,26946,208250
4166,26946,208300
4167,26946,208350
4168,26946,208400
4169,26946,208450
4170,26946,208500
4171,26946,208550
4172,26946,208600
4173,26946,208650
4174,26946,208700
4175,26946,208750
4176,26946,208800
4177,26946,208850
4178,26946,208900
4179,26946,208950
4180,26946,209000
4181,26946,209050
4182,26946,209100
4183,26946,209150
4184,26946,209200
4185,26946,209250
4186,26946,209300
4187,26946,209350
4188,26946,209400
4189,26946,209450
4190,26946,209500
4191,26946,209550
4192,26946,209600
4193,26946,209650
4194,26946,209700
4195,26946,209750
4196,26946,209800
4197,26946,209850
4198,26946,209900
4199,26946,209950
4200,26946,210000
4201,26946,210050
4202,26946,210100
4203,26946,210150
4204,26946,210200
4205,26946,210250
4206,26946,210300
4207,26946,210350
4208,26946,210400
4209,26946,210450
4210,26946,210500
4211,26946,210550
4212,26946,210600
4213,26946,210650
4214,26946,210700
4215,26946,210750
4216,26946,210800
4217,26946,210850
4218,26946,210900
4219,26946,210950
4220,26946,211000
4221,26946,211050
4222,26946,211100
4223,26946,211150
4224,26946,211200
4225,26946,211250
4226,26946,211300
4227,26946,211350
4228,26946,211400
4229,26946,211450
4230,26946,211500
4231,26946,211550
4232,26946,211600
4233,26946,211650
4234,26946,211700
4235,26946,211750
4236,26946,211800
4237,26946,211850
4238,26946,211900
4239,26946,211950
4240,26946,212000
4241,26946,212050
4242,26946,212100
4243,26946,212150
4244,26946,212200
4245,26946,212250
4246,26946,212300
4247,26946,212350
4248,26946,212400
4249,26946,212450
4250,26946,212500
4251,26946,212550
4252,26946,212600
4253,26946,212650
4254,26946,212700
4255,26946,212750
4256,26946,212800
4257,26946,212850
4258,26946,212900
4259,26946,212950
4260,26946,213000
4261,26946,213050
4262,26946,213100
4263,26946,213150
4264,26946,213200
4265,26946,213250
4266,26946,213300
4267,26946,213350
4268,26946,213400
4269,26946,213450
4270,26946,213500
4271,26946,213550
4272,26946,213600
4273,26946,213650
4274,26946,213700
4275,26946,213750
4276,26946,213800
4277,26946,213850
4278,26946,213900
4279,26946,213950
4280,26946,214000
4281,26946,214050
4282,26946,214100
4283,26946,214150
4284,26946,214200
4285,26946,214250
4286,26946,214300
4287,26946,214350
4288,26946,214400
4289,26946,214450
4290,26946,214500
4291,26946,214550
4292,26946,214600
4293,26946,214650
4294,26946,214700
4295,26946,214750
4296,26946,214800
4297,26946,214850
4298,26946,214900
4299,26946,214950
4300,26946,215000
4301,26946,215050
4302,26946,215100
4303,26946,215150
4304,26946,215200
4305,26946,215250
4306,26946,215300
4307,26946,215350
4308,26946,215400
4309,26946,215450
4310,26946,215500
4311,26946,215550
4312,26946,215600
4313,26946,215650
4314,26946,215700
4315,26946,215750
4316,26946,215800
4317,26946,215850
4318,26946,215900
4319,26946,215950
4320,26946,216000
4321,26946,216050
4322,26946,216100
4323,26946,216150
4324,26946,216200
4325,26946,216250
4326,26946,216300
4327,26946,216350
4328,26946,216400
4329,26946,216450
4330,26946,216500
4331,26946,216550
4332,26946,216600
4333,26946,216650
4334,26946,216700
4335,26946,216750
4336,26946,216800
4337,26946,216850
4338,26946,216900
4339,26946,216950
4340,26946,217000
4341,26946,217050
4342,26946,217100
4343,26946,217150
4344,26946,217200
4345,26946,217250
4346,26946,217300
4347,26946,217350
4348,26946,217400
4349,26946,217450
4350,26946,217500
4351,26946,217550
4352,26946,217600
4353,26946,217650
4354,26946,217700
4355,26946,217750
4356,26946,217800
4357,26946,217850
4358,26946,217900
4359,26946,217950
4360,26946,218000
4361,26946,218050
4362,26946,218100
4363,26946,218150
4364,26946,218200
4365,26946,218250
4366,26946,218300
4367,26946,218350
4368,26946,218400
4369,26946,218450
4370,26946,218500
4371,26946,218550
4372,26946,218600
4373,26946,218650
4374,26946,218700
4375,26946,218750
4376,26946,218800
4377,26946,218850
4378,26946,218900
4379,26946,218950
4380,26946,219000
4381,26946,219050
4382,26946,219100
4383,26946,219150
4384,26946,219200
4385,26946,219250
4386,26946,219300
4387,26946,219350
4388,26946,219400
4389,26946,219450
4390,26946,219500
4391,26946,219550
4392,26946,219600
4393,26946,219650
4394,26946,219700
4395,26946,219750
4396,26946,219800
4397,26946,219850
4398,26946,219900
4399,26946,219950
4400,26946,220000
4401,26946,220050
4402,26946,220100
4403,26946,220150
4404,26946,220200
4405,26946,220250
4406,26946,220300
4407,26946,220350
4408,26946,220400
4409,26946,220450
4410,26946,220500
4411,26946,220550
4412,26946,220600
4413,26946,220650
4414,26946,220700
4415,26946,220750
4416,26946,220800
4417,26946,220850
4418,26946,220900
4419,26946,220950
4420,26946,221000
4421,26946,221050
4422,26946,221100
4423,26946,221150
4424,26946,221200
4425,26946,221250
4426,26946,221300
4427,26946,221350
4428,26946,221400
4429,26946,221450
4430,26946,221500
4431,26946,221550
4432,26946,221600
4433,26946,221650
4434,26946,221700
4435,26946,221750
4436,26946,221800
4437,26946,221850
4438,26946,221900
4439,26946,221950
4440,26946,222000
4441,26946,222050
4442,26946,222100
4443,26946,222150
4444,26946,222200
4445,26946,222250
4446,26946,222300
4447,26946,222350
4448,26946,222400
4449,26946,222450
4450,26946,222500
4451,26946,222550
4452,26946,222600
4453,26946,222650
4454,26946,222700
4455,26946,222750
4456,26946,222800
4457,26946,222850
4458,26946,222900
4459,26946,222950
4460,26946,223000
4461,26946,223050
4462,26946,223100
4463,26946,223150
4464,26946,223200
4465,26946,223250
4466,26946,223300
4467,26946,223350
4468,26946,223400
4469,26946,223450
4470,26946,223500
4471,26946,223550
4472,26946,223600
4473,26946,223650
4474,26946,223700
4475,26946,223750
4476,26946,223800
4477,26946,223850
4478,26946,223900
4479,26946,223950
4480,26946,224000
4481,26946,224050
4482,26946,224100
4483,26946,224150
4484,26946,224200
4485,26946,224250
4486,26946,224300
4487,26946,224350
4488,26946,224400
4489,26946,224450
4490,26946,224500
4491,26946,224550
4492,26946,224600
4493,26946,224650
4494,26946,224700
4495,26946,224750
4496,26946,224800
4497,26946,224850
4498,26946,224900
4499,26946,224950
4500,26946,225000
4501,26946,225050
4502,26946,225100
4503,26946,225150
4504,26946,225200
4505,26946,225250
4506,26946,225300
4507,26946,225350
4508,26946,225400
4509,26946,225450
4510,26946,225500
4511,26946,225550
4512,26946,225600
4513,26946,225650
4514,26946,225700
4515,26946,225750
4516,26946,225800
4517,26946,225850
4518,26946,225900
4519,26946,225950
4520,26946,226000
4521,26946,226050
4522,26946,226100
4523,26946,226150
4524,26946,226200
4525,26946,226250
4526,26946,226300
4527,26946,226350
4528,26946,226400
4529,26946,226450
4530,26946,226500
4531,26946,226550
4532,26946,226600
4533,26946,226650
4534,26946,226700
4535,26946,226750
4536,26946,226800
4537,26946,226850
4538,26946,226900
4539,26946,226950
4540,26946,227000
4541,26946,227050
4542,26946,227100
4543,26946,227150
4544,26946,227200
4545,26946,227250
4546,26946,227300
4547,26946,227350
4548,26946,227400
4549,26946,227450
4550,26946,227500
4551,26946,227550
4552,26946,227600
4553,26946,227650
4554,26946,227700
4555,26946,227750
4556,26946,227800
4557,26946,227850
4558,26946,227900
4559,26946,227950
4560,26946,228000
4561,26946,228050
4562,26946,228100
4563,26946,228150
4564,26946,228200
4565,26946,228250
4566,26946,228300
4567,26946,228350
4568,26946,228400
4569,26946,228450
4570,26946,228500
4571,26946,228550
4572,26946,228600
4573,26946,228650
4574,26946,228700
4575,26946,228750
4576,26946,228800
4577,26946,228850
4578,26946,228900
4579,26946,228950
4580,26946,229000
4581,26946,229050
4582,26946,229100
4583,26946,229150
4584,26946,229200
4585,26946,229250
4586,26946,229300
4587,26946,229350
4588,26946,229400
4589,26946,229450
4590,26946,229500
4591,26946,229550
4592,26946,229600
4593,26946,229650
4594,26946,229700
4595,26946,229750
4596,26946,229800
4597,26946,229850
4598,26946,229900
4599,26946,229950
4600,26946,230000
4601,26946,230050
4602,26946,230100
4603,26946,230150
4604,26946,230200
4605,26946,230250
4606,26946,230300
4607,26946,230350
4608,26946,230400
4609,26946,230450
4610,26946,230500
4611,26946,230550
4612,26946,230600
4613,26946,230650
4614,26946,230700
4615,26946,230750
4616,26946,230800
4617,26946,230850
4618,26946,230900
4619,26946,230950
4620,26946,231000
4621,26946,231050
4622,26946,231100
4623,26946,231150
4624,26946,231200
4625,26946,231250
4626,26946,231300
4627,26946,231350
4628,26946,231400
4629,26946,231450
4630,26946,231500
4631,26946,231550
4632,26946,231600
4633,26946,231650
4634,26946,231700
4635,26946,231750
4636,26946,231800
4637,26946,231850
4638,26946,231900
4639,26946,231950
4640,26946,232000
4641,26946,232050
4642,26946,232100
4643,26946,232150
4644,26946,232200
4645,26946,232250
4646,26946,232300
4647,26946,232350
4648,26946,232400
4649,26946,232450
4650,26946,232500
4651,26946,232550
4652,26946,232600
4653,26946,232650
4654,26946,232700
4655,26946,232750
4656,26946,232800
4657,26946,232850
4658,26946,232900
4659,26946,232950
4660,26946,233000
4661,26946,233050
4662,26946,233100
4663,26946,233150
4664,26946,233200
4665,26946,233250
4666,26946,233300
4667,26946,233350
4668,26946,233400
4669,26946,233450
4670,26946,233500
4671,26946,233550
4672,26946,233600
4673,26946,233650
4674,26946,233700
4675,26946,233750
4676,26946,233800
4677,26946,233850
4678,26946,233900
4679,26946,233950
4680,26946,234000
4681,26946,234050
4682,26946,234100
4683,26946,234150
4684,26946,234200
4685,26946,234250
4686,26946,234300
4687,26946,234350
4688,26946,234400
4689,26946,234450
4690,26946,234500
4691,26946,234550
4692,26946,234600
4693,26946,234650
4694,26946,234700
4695,26946,234750
4696,26946,234800
4697,26946,234850
4698,26946,234900
4699,26946,234950
4700,26946,235000
4701,26946,235050
4702,26946,235100
4703,26946,235150
4704,26946,235200
4705,26946,235250
4706,26946,235300
4707,26946,235350
4708,26946,235400
4709,26946,235450
4710,26946,235500
4711,26946,235550
4712,26946,235600
4713,26946,235650
4714,26946,235700
4715,26946,235750
4716,26946,235800
4717,26946,235850
4718,26946,235900
4719,26946,235950
4720,26946,236000
4721,26946,236050
4722,26946,236100
4723,26946,236150
4724,26946,236200
4725,26946,236250
4726,26946,236300
4727,26946,236350
4728,26946,236400
4729,26946,236450
4730,26946,236500
4731,26946,236550
4732,26946,236600
4733,26946,236650
4734,26946,236700
4735,26946,236750
4736,26946,236800
4737,26946,236850
4738,26946,236900
4739,26946,236950
4740,26946,237000
4741,26946,237050
4742,26946,237100
4743,26946,237150
4744,26946,237200
4745,26946,237250
4746,26946,237300
4747,26946,237350
4748,26946,237400
4749,26946,237450
4750,26946,237500
4751,26946,237550
4752,26946,237600
4753,26946,237650
4754,26946,237700
4755,26946,237750
4756,26946,237800
4757,26946,237850
4758,26946,237900
4759,26946,237950
4760,26946,238000
4761,26946,238050
4762,26946,238100
4763,26946,238150
4764,26946,238200
4765,26946,238250
4766,26946,238300
4767,26946,238350
4768,26946,238400
4769,26946,238450
4770,26946,238500
4771,26946,238550
4772,26946,238600
4773,26946,238650
4774,26946,238700
4775,26946,238750
4776,26946,238800
4777,26946,238850
4778,26946,238900
4779,26946,238950
4780,26946,239000
4781,26946,239050
4782,26946,239100
4783,26946,239150
4784,26946,239200
4785,26946,239250
4786,26946,239300
4787,26946,239350
4788,26946,239400
4789,26946,239450
4790,26946,239500
4791,26946,239550
4792,26946,239600
4793,26946,239650
4794,26946,239700
4795,26946,239750
4796,26946,239800
4797,26946,239850
4798,26946,239900
4799,26946,239950
4800,26946,240000
4801,26946,240050
4802,26946,240100
4803,26946,240150
4804,26946,240200
4805,26946,240250
4806,26946,240300
4807,26946,240350
4808,26946,240400
4809,26946,240450
4810,26946,240500
4811,26946,240550
4812,26946,240600
4813,26946,240650
4814,26946,240700
4815,26946,240750
4816,26946,240800
4817,26946,240850
4818,26946,240900
4819,26946,240950
4820,26946,241000
4821,26946,241050
4822,26946,241100
4823,26946,241150
4824,26946,241200
4825,26946,241250
4826,26946,241300
4827,26946,241350
4828,26946,241400
4829,26946,241450
4830,26946,241500
4831,26946,241550
4832,26946,241600
4833,26946,241650
4834,26946,241700
4835,26946,241750
4836,26946,241800
4837,26946,241850
4838,26946,241900
4839,26946,241950
4840,26946,242000
4841,26946,242050
4842,26946,242100
4843,26946,242150
4844,26946,242200
4845,26946,242250
4846,26946,242300
4847,26946,242350
4848,26946,242400
4849,26946,242450
4850,26946,242500
4851,26946,242550
4852,26946,242600
4853,26946,242650
4854,26946,242700
4855,26946,242750
4856,26946,242800
4857,26946,242850
4858,26946,242900
4859,26946,242950
4860,26946,243000
4861,26946,243050
4862,26946,243100
4863,26946,243150
4864,26946,243200
4865,26946,243250
4866,26946,243300
4867,26946,243350
4868,26946,243400
4869,26946,243450
4870,26946,243500
4871,26946,243550
4872,26946,243600
4873,26946,243650
4874,26946,243700
4875,26946,243750
4876,26946,243800
4877,26946,243850
4878,26946,243900
4879,26946,243950
4880,26946,244000
4881,26946,244050
4882,26946,244100
4883,26946,244150
4884,26946,244200
4885,26946,244250
4886,26946,244300
4887,26946,244350
4888,26946,244400
4889,26946,244450
4890,26946,244500
4891,26946,244550
4892,26946,244600
4893,26946,244650
4894,26946,244700
4895,26946,244750
4896,26946,244800
4897,26946,244850
4898,26946,244900
4899,26946,244950
4900,26946,245000
4901,26946,245050
4902,26946,245100
4903,26946,245150
4904,26946,245200
4905,26946,245250
4906,26946,245300
4907,26946,245350
4908,26946,245400
4909,26946,245450
4910,26946,245500
4911,26946,245550
4912,26946,245600
4913,26946,245650
4914,26946,245700
4915,26946,245750
4916,26946,245800
4917,26946,245850
4918,26946,245900
4919,26946,245950
4920,26946,246000
4921,26946,246050
4922,26946,246100
4923,26946,246150
4924,26946,246200
4925,26946,246250
4926,26946,246300
4927,26946,246350
4928,26946,246400
4929,26946,246450
4930,26946,246500
4931,26946,246550
4932,26946,246600
4933,26946,246650
4934,26946,246700
4935,26946,246750
4936,26946,246800
4937,26946,246850
4938,26946,246900
4939,26946,246950
4940,26946,247000
4941,26946,247050
4942,26946,247100
4943,26946,247150
4944,26946,247200
4945,26946,247250
4946,26946,247300
4947,26946,247350
4948,26946,247400
4949,26946,247450
4950,26946,247500
4951,26946,247550
4952,26946,247600
4953,26946,247650
4954,26946,247700
4955,26946,247750
4956,26946,247800
4957,26946,247850
4958,26946,247900
4959,26946,247950
4960,26946,248000
4961,26946,248050
4962,26946,248100
4963,26946,248150
4964,26946,248200
4965,26946,248250
4966,26946,248300
4967,26946,248350
4968,26946,248400
4969,26946,248450
4970,26946,248500
4971,26946,248550
4972,26946,248600
4973,26946,248650
4974,26946,248700
4975,26946,248750
4976,26946,248800
4977,26946,248850
4978,26946,248900
4979,26946,248950
4980,26946,249000
4981,26946,249050
4982,26946,249100
4983,26946,249150
4984,26946,249200
4985,26946,249250
4986,26946,249300
4987,26946,249350
4988,26946,249400
4989,26946,249450
4990,26946,249500
4991,26946,249550
4992,26946,249600
4993,26946,249650
4994,26946,249700
4995,26946,249750
4996,26946,249800
4997,26946,249850
4998,26946,249900
4999,26946,249950
5000,26946,250000
5001,26946,250050
5002,26946,250100
5003,26946,250150
5004,26946,250200
5005,26946,250250
5006,26946,250300
5007,26946,250350
5008,26946,250400
5009,26946,250450
5010,26946,250500
5011,26946,250550
5012,26946,250600
5013,26946,250650
5014,26946,250700
5015,26946,250750
5016,26946,250800
5017,26946,250850
5018,26946,250900
5019,26946,250950
5020,26946,251000
5021,26946,251050
5022,26946,251100
5023,26946,251150
5024,26946,251200
5025,26946,251250
5026,26946,251300
5027,26946,251350
5028,26946,251400
5029,26946,251450
5030,26946,251500
5031,26946,251550
5032,26946,251600
5033,26946,251650
5034,26946,251700
5035,26946,251750
5036,26946,251800
5037,26946,251850
5038,26946,251900
5039,26946,251950
5040,26946,252000
5041,26946,252050
5042,26946,252100
5043,26946,252150
5044,26946,252200
5045,26946,252250
5046,26946,252300
5047,26946,252350
5048,26946,252400
5049,26946,252450
5050,26946,252500
5051,26946,252550
5052,26946,252600
5053,26946,252650
5054,26946,252700
5055,26946,252750
5056,26946,252800
5057,26946,252850
5058,26946,252900
5059,26946,252950
5060,26946,253000
5061,26946,253050
5062,26946,253100
5063,26946,253150
5064,26946,253200
5065,26946,253250
5066,26946,253300
5067,26946,253350
5068,26946,253400
5069,26946,253450
5070,26946,253500
5071,26946,253550
5072,26946,253600
5073,26946,253650
5074,26946,253700
5075,26946,253750
5076,26946,253800
5077,26946,253850
5078,26946,253900
5079,26946,253950
5080,26946,254000
5081,26946,254050
5082,26946,254100
5083,26946,254150
5084,26946,254200
5085,26946,254250
5086,26946,254300
5087,26946,254350
5088,26946,254400
5089,26946,254450
5090,26946,254500
5091,26946,254550
5092,26946,254600
5093,26946,254650
5094,26946,254700
5095,26946,254750
5096,26946,254800
5097,26946,254850
5098,26946,254900
5099,26946,254950
5100,26946,255000
5101,26946,255050
5102,26946,255100
5103,26946,255150
5104,26946,255200
5105,26946,255250
5106,26946,255300
5107,26946,255350
5108,26946,255400
5109,26946,255450
5110,26946,255500
5111,26946,255550
5112,26946,255600
5113,26946,255650
5114,26946,255700
5115,26946,255750
5116,26946,255800
5117,26946,255850
5118,26946,255900
5119,26946,255950
5120,26946,256000
5121,26946,256050
5122,26946,256100
5123,26946,256150
5124,26946,256200
5125,26946,256250
5126,26946,256300
5127,26946,256350
5128,26946,256400
5129,26946,256450
5130,26946,256500
5131,26946,256550
5132,26946,256600
5133,26946,256650
5134,26946,256700
5135,26946,256750
5136,26946,256800
5137,26946,256850
5138,26946,256900
5139,26946,256950
5140,26946,257000
5141,26946,257050
5142,26946,257100
5143,26946,257150
5144,26946,257200
5145,26946,257250
5146,26946,257300
5147,26946,257350
5148,26946,257400
5149,26946,257450
5150,26946,257500
5151,26946,257550
5152,26946,257600
5153,26946,257650
5154,26946,257700
5155,26946,257750
5156,26946,257800
5157,26946,257850
5158,26946,257900
5159,26946,257950
5160,26946,258000
5161,26946,258050
5162,26946,258100
5163,26946,258150
5164,26946,258200
5165,26946,258250
5166,26946,258300
5167,26946,258350
5168,26946,258400
5169,26946,258450
5170,26946,258500
5171,26946,258550
5172,26946,258600
5173,26946,258650
5174,26946,258700
5175,26946,258750
5176,26946,258800
5177,26946,258850
5178,26946,258900
5179,26946,258950
5180,26946,259000
5181,26946,259050
5182,26946,259100
5183,26946,259150
5184,26946,259200
5185,26946,259250
5186,26946,259300
5187,26946,259350
5188,26946,259400
5189,26946,259450
5190,26946,259500
5191,26946,259550
5192,26946,259600
5193,26946,259650
5194,26946,259700
5195,26946,259750
5196,26946,259800
5197,26946,259850
5198,26946,259900
5199,26946,259950
5200,26946,260000
5201,26946,260050
5202,26946,260100
5203,26946,260150
5204,26946,260200
5205,26946,260250
5206,26946,260300
5207,26946,260350
5208,26946,260400
5209,26946,260450
5210,26946,260500
5211,26946,260550
5212,26946,260600
5213,26946,260650
5214,26946,260700
5215,26946,260750
5216,26946,260800
5217,26946,260850
5218,26946,260900
5219,26946,260950
5220,26946,261000
5221,26946,261050
5222,26946,261100
5223,26946,261150
5224,26946,261200
5225,26946,261250
5226,26946,261300
5227,26946,261350
5228,26946,261400
5229,26946,261450
5230,26946,261500
5231,26946,261550
5232,26946,261600
5233,26946,261650
5234,26946,261700
5235,26946,261750
5236,26946,261800
5237,26946,261850
5238,26946,261900
5239,26946,261950
5240,26946,262000
5241,26946,262050
5242,26946,262100
5243,26946,262150
5244,26946,262200
5245,26946,262250
5246,26946,262300
5247,26946,262350
5248,26946,262400
5249,26946,262450
5250,26946,262500
5251,26946,262550
5252,26946,262600
5253,26946,262650
5254,26946,262700
5255,26946,262750
5256,26946,262800
5257,26946,262850
5258,26946,262900
5259,26946,262950
5260,26946,263000
5261,26946,263050
5262,26946,263100
5263,26946,263150
5264,26946,263200
5265,26946,263250
5266,26946,263300
5267,26946,263350
5268,26946,263400
5269,26946,263450
5270,26946,263500
5271,26946,263550
5272,26946,263600
5273,26946,263650
5274,26946,263700
5275,26946,263750
5276,26946,263800
5277,26946,263850
5278,26946,263900
5279,26946,263950
5280,26946,264000
5281,26946,264050
5282,26946,264100
5283,26946,264150
5284,26946,264200
5285,26946,264250
5286,26946,264300
5287,26946,264350
5288,26946,264400
5289,26946,264450
5290,26946,264500
5291,26946,264550
5292,26946,264600
5293,26946,264650
5294,26946,264700
5295,26946,264750
5296,26946,264800
5297,26946,264850
5298,26946,264900
5299,26946,264950
5300,26946,265000
5301,26946,265050
5302,26946,265100
5303,26946,265150
5304,26946,265200
5305,26946,265250
5306,26946,265300
5307,26946,265350
5308,26946,265400
5309,26946,265450
5310,26946,265500
5311,26946,265550
5312,26946,265600
5313,26946,265650
5314,26946,265700
5315,26946,265750
5316,26946,265800
5317,26946,265850
5318,26946,265900
5319,26946,265950
5320,26946,266000
5321,26946,266050
5322,26946,266100
5323,26946,266150
5324,26946,266200
5325,26946,266250
5326,26946,266300
5327,26946,266350
5328,26946,266400
5329,26946,266450
5330,26946,266500
5331,26946,266550
5332,26946,266600
5333,26946,266650
5334,26946,266700
5335,26946,266750
5336,26946,266800
5337,26946,266850
5338,26946,266900
5339,26946,266950
5340,26946,267000
5341,26946,267050
5342,26946,267100
5343,26946,267150
5344,26946,267200
5345,26946,267250
5346,26946,267300
5347,26946,267350
5348,26946,267400
5349,26946,267450
5350,26946,267500
5351,26946,267550
5352,26946,267600
5353,26946,267650
5354,26946,267700
5355,26946,267750
5356,26946,267800
5357,26946,267850
5358,26946,267900
5359,26946,267950
5360,26946,268000
5361,26946,268050
5362,26946,268100
5363,26946,268150
5364,26946,268200
5365,26946,268250
5366,26946,268300
5367,26946,268350
5368,26946,268400
5369,26946,268450
5370,26946,268500
5371,26946,268550
5372,26946,268600
5373,26946,268650
5374,26946,268700
5375,26946,268750
5376,26946,268800
5377,26946,268850
5378,26946,268900
5379,26946,268950
5380,26946,269000
5381,26946,269050
5382,26946,269100
5383,26946,269150
5384,26946,269200
5385,26946,269250
5386,26946,269300
5387,26946,269350
5388,26946,269400
5389,26946,269450
5390,26946,269500
5391,26946,269550
5392,26946,269600
5393,26946,269650
5394,26946,269700
5395,26946,269750
5396,26946,269800
5397,26946,269850
5398,26946,269900
5399,26946,269950
5400,26946,270000
5401,26946,270050
5402,26946,270100
5403,26946,270150
5404,26946,270200
5405,26946,270250
5406,26946,270300
5407,26946,270350
5408,26946,270400
5409,26946,270450
5410,26946,270500
5411,26946,270550
5412,26946,270600
5413,26946,270650
5414,26946,270700
5415,26946,270750
5416,26946,270800
5417,26946,270850
5418,26946,270900
5419,26946,270950
5420,26946,271000
5421,26946,271050
5422,26946,271100
5423,26946,271150
5424,26946,271200
5425,26946,271250
5426,26946,271300
5427,26946,271350
5428,26946,271400
5429,26946,271450
5430,26946,271500
5431,26946,271550
5432,26946,271600
5433,26946,271650
5434,26946,271700
5435,26946,271750
5436,26946,271800
5437,26946,271850
5438,26946,271900
5439,26946,271950
5440,26946,272000
5441,26946,272050
5442,26946,272100
5443,26946,272150
5444,26946,272200
5445,26946,272250
5446,26946,272300
5447,26946,272350
5448,26946,272400
5449,26946,272450
5450,26946,272500
5451,26946,272550
5452,26946,272600
5453,26946,272650
5454,26946,272700
5455,26946,272750
5456,26946,272800
5457,26946,272850
5458,26946,272900
5459,26946,272950
5460,26946,273000
5461,26946,273050
5462,26946,273100
5463,26946,273150
5464,26946,273200
5465,26946,273250
5466,26946,273300
5467,26946,273350
5468,26946,273400
5469,26946,273450
5470,26946,273500
5471,26946,273550
5472,26946,273600
5473,26946,273650
5474,26946,273700
5475,26946,273750
5476,26946,273800
5477,26946,273850
5478,26946,273900
5479,26946,273950
5480,26946,274000
5481,26946,274050
5482,26946,274100
5483,26946,274150
5484,26946,274200
5485,26946,274250
5486,26946,274300
5487,26946,274350
5488,26946,274400
5489,26946,274450
5490,26946,274500
5491,26946,274550
5492,26946,274600
5493,26946,274650
5494,26946,274700
5495,26946,274750
5496,26946,274800
5497,26946,274850
5498,26946,274900
5499,26946,274950
5500,26946,275000
5501,26946,275050
5502,26946,275100
5503,26946,275150
5504,26946,275200
5505,26946,275250
5506,26946,275300
5507,26946,275350
5508,26946,275400
5509,26946,275450
5510,26946,275500
5511,26946,275550
5512,26946,275600
5513,26946,275650
5514,26946,275700
5515,26946,275750
5516,26946,275800
5517,26946,275850
5518,26946,275900
5519,26946,275950
5520,26946,276000
5521,26946,276050
5522,26946,276100
5523,26946,276150
5524,26946,276200
5525,26946,276250
5526,26946,276300
5527,26946,276350
5528,26946,276400
5529,26946,276450
5530,26946,276500
5531,26946,276550
5532,26946,276600
5533,26946,276650
5534,26946,276700
5535,26946,276750
5536,26946,276800
5537,26946,276850
5538,26946,276900
5539,26946,276950
5540,26946,277000
5541,26946,277050
5542,26946,277100
5543,26946,277150
5544,26946,277200
5545,26946,277250
5546,26946,277300
5547,26946,277350
5548,26946,277400
5549,26946,277450
5550,26946,277500
5551,26946,277550
5552,26946,277600
5553,26946,277650
5554,26946,277700
5555,26946,277750
5556,26946,277800
5557,26946,277850
5558,26946,277900
5559,26946,277950
5560,26946,278000
5561,26946,278050
5562,26946,278100
5563,26946,278150
5564,26946,278200
5565,26946,278250
5566,26946,278300
5567,26946,278350
5568,26946,278400
5569,26946,278450
5570,26946,278500
5571,26946,278550
5572,26946,278600
5573,26946,278650
5574,26946,278700
5575,26946,278750
5576,26946,278800
5577,26946,278850
5578,26946,278900
5579,26946,278950
5580,26946,279000
5581,26946,279050
5582,26946,279100
5583,26946,279150
5584,26946,279200
5585,26946,279250
5586,26946,279300
5587,26946,279350
5588,26946,279400
5589,26946,279450
5590,26946,279500
5591,26946,279550
5592,26946,279600
5593,26946,279650
5594,26946,279700
5595,26946,279750
5596,26946,279800
5597,26946,279850
5598,26946,279900
5599,26946,279950
5600,26946,280000
5601,26946,280050
5602,26946,280100
5603,26946,280150
5604,26946,280200
5605,26946,280250
5606,26946,280300
5607,26946,280350
5608,26946,280400
5609,26946,280450
5610,26946,280500
5611,26946,280550
5612,26946,280600
5613,26946,280650
5614,26946,280700
5615,26946,280750
5616,26946,280800
5617,26946,280850
5618,26946,280900
5619,26946,280950
5620,26946,281000
5621,26946,281050
5622,26946,281100
5623,26946,281150
5624,26946,281200
5625,26946,281250
5626,26946,281300
5627,26946,281350
5628,26946,281400
5629,26946,281450
5630,26946,281500
5631,26946,281550
5632,26946,281600
5633,26946,281650
5634,26946,281700
5635,26946,281750
5636,26946,281800
5637,26946,281850
5638,26946,281900
5639,26946,281950
5640,26946,282000
5641,26946,282050
5642,26946,282100
5643,26946,282150
5644,26946,282200
5645,26946,282250
5646,26946,282300
5647,26946,282350
5648,26946,282400
5649,26946,282450
5650,26946,282500
5651,26946,282550
5652,26946,282600
5653,26946,282650
5654,26946,282700
5655,26946,282750
5656,26946,282800
5657,26946,282850
5658,26946,282900
5659,26946,282950
5660,26946,283000
5661,26946,283050
5662,26946,283100
5663,26946,283150
5664,26946,283200
5665,26946,283250
5666,26946,283300
5667,26946,283350
5668,26946,283400
5669,26946,283450
5670,26946,283500
5671,26946,283550
5672,26946,283600
5673,26946,283650
5674,26946,283700
5675,26946,283750
5676,26946,283800
5677,26946,283850
5678,26946,283900
5679,26946,283950
5680,26946,284000
5681,26946,284050
5682,26946,284100
5683,26946,284150
5684,26946,284200
5685,26946,284250
5686,26946,284300
5687,26946,284350
5688,26946,284400
5689,26946,284450
5690,26946,284500
5691,26946,284550
5692,26946,284600
5693,26946,284650
5694,26946,284700
5695,26946,284750
5696,26946,284800
5697,26946,284850
5698,26946,284900
5699,26946,284950
5700,26946,285000
5701,26946,285050
5702,26946,285100
5703,26946,285150
5704,26946,285200
5705,26946,285250
5706,26946,285300
5707,26946,285350
5708,26946,285400
5709,26946,285450
5710,26946,285500
5711,26946,285550
5712,26946,285600
5713,26946,285650
5714,26946,285700
5715,26946,285750
5716,26946,285800
5717,26946,285850
5718,26946,285900
5719,26946,285950
5720,26946,286000
5721,26946,286050
5722,26946,286100
5723,26946,286150
5724,26946,286200
5725,26946,286250
5726,26946,286300
5727,26946,286350
5728,26946,286400
5729,26946,286450
5730,26946,286500
5731,26946,286550
5732,26946,286600
5733,26946,286650
5734,26946,286700
5735,26946,286750
5736,26946,286800
5737,26946,286850
5738,26946,286900
5739,26946,286950
5740,26946,287000
5741,26946,287050
5742,26946,287100
5743,26946,287150
5744,26946,287200
5745,26946,287250
5746,26946,287300
5747,26946,287350
5748,26946,287400
5749,26946,287450
5750,26946,287500
5751,26946,287550
5752,26946,287600
5753,26946,287650
5754,26946,287700
5755,26946,287750
5756,26946,287800
5757,26946,287850
5758,26946,287900
5759,26946,287950
5760,26946,288000
5761,26946,288050
5762,26946,288100
5763,26946,288150
5764,26946,288200
5765,26946,288250
5766,26946,288300
5767,26946,288350
5768,26946,288400
5769,26946,288450
5770,26946,288500
5771,26946,288550
5772,26946,288600
5773,26946,288650
5774,26946,288700
5775,26946,288750
5776,26946,288800
5777,26946,288850
5778,26946,288900
5779,26946,288950
5780,26946,289000
5781,26946,289050
5782,26946,289100
5783,26946,289150
5784,26946,289200
5785,26946,289250
5786,26946,289300
5787,26946,289350
5788,26946,289400
5789,26946,289450
5790,26946,289500
5791,26946,289550
5792,26946,289600
5793,26946,289650
5794,26946,289700
5795,26946,289750
5796,26946,289800
5797,26946,289850
5798,26946,289900
5799,26946,289950
5800,26946,290000
5801,26946,290050
5802,26946,290100
5803,26946,290150
5804,26946,290200
5805,26946,290250
5806,26946,290300
5807,26946,290350
5808,26946,290400
5809,26946,290450
5810,26946,290500
5811,26946,290550
5812,26946,290600
5813,26946,290650
5814,26946,290700
5815,26946,290750
5816,26946,290800
5817,26946,290850
5818,26946,290900
5819,26946,290950
5820,26946,291000
5821,26946,291050
5822,26946,291100
5823,26946,291150
5824,26946,291200
5825,26946,291250
5826,26946,291300
5827,26946,291350
5828,26946,291400
5829,26946,291450
5830,26946,291500
5831,26946,291550
5832,26946,291600
5833,26946,291650
5834,26946,291700
5835,26946,291750
5836,26946,291800
5837,26946,291850
5838,26946,291900
5839,26946,291950
5840,26946,292000
5841,26946,292050
5842,26946,292100
5843,26946,292150
5844,26946,292200
5845,26946,292250
5846,26946,292300
5847,26946,292350
5848,26946,292400
5849,26946,292450
5850,26946,292500
5851,26946,292550
5852,26946,292600
5853,26946,292650
5854,26946,292700
5855,26946,292750
5856,26946,292800
5857,26946,292850
5858,26946,292900
5859,26946,292950
5860,26946,293000
5861,26946,293050
5862,26946,293100
5863,26946,293150
5864,26946,293200
5865,26946,293250
5866,26946,293300
5867,26946,293350
5868,26946,293400
5869,26946,293450
5870,26946,293500
5871,26946,293550
5872,26946,293600
5873,26946,293650
5874,26946,293700
5875,26946,293750
5876,26946,293800
5877,26946,293850
5878,26946,293900
5879,26946,293950
5880,26946,294000
5881,26946,294050
5882,26946,294100
5883,26946,294150
5884,26946,294200
5885,26946,294250
5886,26946,294300
5887,26946,294350
5888,26946,294400
5889,26946,294450
5890,26946,294500
5891,26946,294550
5892,26946,294600
5893,26946,294650
5894,26946,294700
5895,26946,294750
5896,26946,294800
5897,26946,294850
5898,26946,294900
5899,26946,294950
5900,26946,295000
5901,26946,295050
5902,26946,295100
5903,26946,295150
5904,26946,295200
5905,26946,295250
5906,26946,295300
5907,26946,295350
5908,26946,295400
5909,26946,295450
5910,26946,295500
5911,26946,295550
5912,26946,295600
5913,26946,295650
5914,26946,295700
5915,26946,295750
5916,26946,295800
5917,26946,295850
5918,26946,295900
5919,26946,295950
5920,26946,296000
5921,26946,296050
5922,26946,296100
5923,26946,296150
5924,26946,296200
5925,26946,296250
5926,26946,296300
5927,26946,296350
5928,26946,296400
5929,26946,296450
5930,26946,296500
5931,26946,296550
5932,26946,296600
5933,26946,296650
5934,26946,296700
5935,26946,296750
5936,26946,296800
5937,26946,296850
5938,26946,296900
5939,26946,296950
5940,26946,297000
5941,26946,297050
5942,26946,297100
5943,26946,297150
5944,26946,297200
5945,26946,297250
5946,26946,297300
5947,26946,297350
5948,26946,297400
5949,26946,297450
5950,26946,297500
5951,26946,297550
5952,26946,297600
5953,26946,297650
5954,26946,297700
5955,26946,297750
5956,26946,297800
5957,26946,297850
5958,26946,297900
5959,26946,297950
5960,26946,298000
5961,26946,298050
5962,26946,298100
5963,26946,298150
5964,26946,298200
5965,26946,298250
5966,26946,298300
5967,26946,298350
5968,26946,298400
5969,26946,298450
5970,26946,298500
5971,26946,298550
5972,26946,298600
5973,26946,298650
5974,26946,298700
5975,26946,298750
5976,26946,298800
5977,26946,298850
5978,26946,298900
5979,26946,298950
5980,26946,299000
5981,26946,299050
5982,26946,299100
5983,26946,299150
5984,26946,299200
5985,26946,299250
5986,26946,299300
5987,26946,299350
5988,26946,299400
5989,26946,299450
5990,26946,299500
5991,26946,299550
5992,26946,299600
5993,26946,299650
5994,26946,299700
5995,26946,299750
5996,26946,299800
5997,26946,299850
5998,26946,299900
5999,26946,299950
6000,26946,300000
6001,26946,300050
6002,26946,300100
6003,26946,300150
6004,26946,300200
6005,26946,300250
6006,26946,300300
6007,26946,300350
6008,26946,300400
6009,26946,300450
6010,26946,300500
6011,26946,300550
6012,26946,300600
6013,26946,300650
6014,26946,300700
6015,26946,300750
6016,26946,300800
6017,26946,300850
6018,26946,300900
6019,26946,300950
6020,26946,301000
6021,26946,301050
6022,26946,301100
6023,26946,301150
6024,26946,301200
6025,26946,301250
6026,26946,301300
6027,26946,301350
6028,26946,301400
6029,26946,301450
6030,26946,301500
6031,26946,301550
6032,26946,301600
6033,26946,301650
6034,26946,301700
6035,26946,301750
6036,26946,301800
6037,26946,301850
6038,26946,301900
6039,26946,301950
6040,26946,302000
6041,26946,302050
6042,26946,302100
6043,26946,302150
6044,26946,302200
6045,26946,302250
6046,26946,302300
6047,26946,302350
6048,26946,302400
6049,26946,302450
6050,26946,302500
6051,26946,302550
6052,26946,302600
6053,26946,302650
6054,26946,302700
6055,26946,302750
6056,26946,302800
6057,26946,302850
6058,26946,302900
6059,26946,302950
6060,26946,303000
6061,26946,303050
6062,26946,303100
6063,26946,303150
6064,26946,303200
6065,26946,303250
6066,26946,303300
6067,26946,303350
6068,26946,303400
6069,26946,303450
6070,26946,303500
6071,26946,303550
6072,26946,303600
6073,26946,303650
6074,26946,303700
6075,26946,303750
6076,26946,303800
6077,26946,303850
6078,26946,303900
6079,26946,303950
6080,26946,304000
6081,26946,304050
6082,26946,304100
6083,26946,304150
6084,26946,304200
6085,26946,304250
6086,26946,304300
6087,26946,304350
6088,26946,304400
6089,26946,304450
6090,26946,304500
6091,26946,304550
6092,26946,304600
6093,26946,304650
6094,26946,304700
6095,26946,304750
6096,26946,304800
6097,26946,304850
6098,26946,304900
6099,26946,304950
6100,26946,305000
6101,26946,305050
6102,26946,305100
6103,26946,305150
6104,26946,305200
6105,26946,305250
6106,26946,305300
6107,26946,305350
6108,26946,305400
6109,26946,305450
6110,26946,305500
6111,26946,305550
6112,26946,305600
6113,26946,305650
6114,26946,305700
6115,26946,305750
6116,26946,305800
6117,26946,305850
6118,26946,305900
6119,26946,305950
6120,26946,306000
6121,26946,306050
6122,26946,306100
6123,26946,306150
6124,26946,306200
6125,26946,306250
6126,26946,306300
6127,26946,306350
6128,26946,306400
6129,26946,306450
6130,26946,306500
6131,26946,306550
6132,26946,306600
6133,26946,306650
6134,26946,306700
6135,26946,306750
6136,26946,306800
6137,26946,306850
6138,26946,306900
6139,26946,306950
6140,26946,307000
6141,26946,307050
6142,26946,307100
6143,26946,307150
6144,26946,307200
6145,26946,307250
6146,26946,307300
6147,26946,307350
6148,26946,307400
6149,26946,307450
6150,26946,307500
6151,26946,307550
6152,26946,307600
6153,26946,307650
6154,26946,307700
6155,26946,307750
6156,26946,307800
6157,26946,307850
6158,26946,307900
6159,26946,307950
6160,26946,308000
6161,26946,308050
6162,26946,308100
6163,26946,308150
6164,26946,308200
6165,26946,308250
6166,26946,308300
6167,26946,308350
6168,26946,308400
6169,26946,308450
6170,26946,308500
6171,26946,308550
6172,26946,308600
6173,26946,308650
6174,26946,308700
6175,26946,308750
6176,26946,308800
6177,26946,308850
6178,26946,308900
6179,26946,308950
6180,26946,309000
6181,26946,309050
6182,26946,309100
6183,26946,309150
6184,26946,309200
6185,26946,309250
6186,26946,309300
6187,26946,309350
6188,26946,309400
6189,26946,309450
6190,26946,309500
6191,26946,309550
6192,26946,309600
6193,26946,309650
6194,26946,309700
6195,26946,309750
6196,26946,309800
6197,26946,309850
6198,26946,309900
6199,26946,309950
6200,26946,310000
6201,26946,310050
6202,26946,310100
6203,26946,310150
6204,26946,310200
6205,26946,310250
6206,26946,310300
6207,26946,310350
6208,26946,310400
6209,26946,310450
6210,26946,310500
6211,26946,310550
6212,26946,310600
6213,26946,310650
6214,26946,310700
6215,26946,310750
6216,26946,310800
6217,26946,310850
6218,26946,310900
6219,26946,310950
6220,26946,311000
6221,26946,311050
6222,26946,311100
6223,26946,311150
6224,26946,311200
6225,26946,311250
6226,26946,311300
6227,26946,311350
6228,26946,311400
6229,26946,311450
6230,26946,311500
6231,26946,311550
6232,26946,311600
6233,26946,311650
6234,26946,311700
6235,26946,311750
6236,26946,311800
6237,26946,311850
6238,26946,311900
6239,26946,311950
6240,26946,312000
6241,26946,312050
6242,26946,312100
6243,26946,312150
6244,26946,312200
6245,26946,312250
6246,26946,312300
6247,26946,312350
6248,26946,312400
6249,26946,312450
6250,26946,312500
6251,26946,312550
6252,26946,312600
6253,26946,312650
6254,26946,312700
6255,26946,312750
6256,26946,312800
6257,26946,312850
6258,26946,312900
6259,26946,312950
6260,26946,313000
6261,26946,313050
6262,26946,313100
6263,26946,313150
6264,26946,313200
6265,26946,313250
6266,26946,313300
6267,26946,313350
6268,26946,313400
6269,26946,313450
6270,26946,313500
6271,26946,313550
6272,26946,313600
6273,26946,313650
6274,26946,313700
6275,26946,313750
6276,26946,313800
6277,26946,313850
6278,26946,313900
6279,26946,313950
6280,26946,314000
6281,26946,314050
6282,26946,314100
6283,26946,314150
6284,26946,314200
6285,26946,314250
6286,26946,314300
6287,26946,314350
6288,26946,314400
6289,26946,314450
6290,26946,314500
6291,26946,314550
6292,26946,314600
6293,26946,314650
6294,26946,314700
6295,26946,314750
6296,26946,314800
6297,26946,314850
6298,26946,314900
6299,26946,314950
6300,26946,315000
6301,26946,315050
6302,26946,315100
6303,26946,315150
6304,26946,315200
6305,26946,315250
6306,26946,315300
6307,26946,315350
6308,26946,315400
6309,26946,315450
6310,26946,315500
6311,26946,315550
6312,26946,315600
6313,26946,315650
6314,26946,315700
6315,26946,315750
6316,26946,315800
6317,26946,315850
6318,26946,315900
6319,26946,315950
6320,26946,316000
6321,26946,316050
6322,26946,316100
6323,26946,316150
6324,26946,316200
6325,26946,316250
6326,26946,316300
6327,26946,316350
6328,26946,316400
6329,26946,316450
6330,26946,316500
6331,26946,316550
6332,26946,316600
6333,26946,316650
6334,26946,316700
6335,26946,316750
6336,26946,316800
6337,26946,316850
6338,26946,316900
6339,26946,316950
6340,26946,317000
6341,26946,317050
6342,26946,317100
6343,26946,317150
6344,26946,317200
6345,26946,317250
6346,26946,317300
6347,26946,317350
6348,26946,317400
6349,26946,317450
6350,26946,317500
6351,26946,317550
6352,26946,317600
6353,26946,317650
6354,26946,317700
6355,26946,317750
6356,26946,317800
6357,26946,317850
6358,26946,317900
6359,26946,317950
6360,26946,318000
6361,26946,318050
6362,26946,318100
6363,26946,318150
6364,26946,318200
6365,26946,318250
6366,26946,318300
6367,26946,318350
6368,26946,318400
6369,26946,318450
6370,26946,318500
6371,26946,318550
6372,26946,318600
6373,26946,318650
6374,26946,318700
6375,26946,318750
6376,26946,318800
6377,26946,318850
6378,26946,318900
6379,26946,318950
6380,26946,319000
6381,26946,319050
6382,26946,319100
6383,26946,319150
6384,26946,319200
6385,26946,319250
6386,26946,319300
6387,26946,319350
6388,26946,319400
6389,26946,319450
6390,26946,319500
6391,26946,319550
6392,26946,319600
6393,26946,319650
6394,26946,319700
6395,26946,319750
6396,26946,319800
6397,26946,319850
6398,26946,319900
6399,26946,319950
6400,26946,320000
6401,26946,320050
6402,26946,320100
6403,26946,320150
6404,26946,320200
6405,26946,320250
6406,26946,320300
6407,26946,320350
6408,26946,320400
6409,26946,320450
6410,26946,320500
6411,26946,320550
6412,26946,320600
6413,26946,320650
6414,26946,320700
6415,26946,320750
6416,26946,320800
6417,26946,320850
6418,26946,320900
6419,26946,320950
6420,26946,321000
6421,26946,321050
6422,26946,321100
6423,26946,321150
6424,26946,321200
6425,26946,321250
6426,26946,321300
6427,26946,321350
6428,26946,321400
6429,26946,321450
6430,26946,321500
6431,26946,321550
6432,26946,321600
6433,26946,321650
6434,26946,321700
6435,26946,321750
6436,26946,321800
6437,26946,321850
6438,26946,321900
6439,26946,321950
6440,26946,322000
6441,26946,322050
6442,26946,322100
6443,26946,322150
6444,26946,322200
6445,26946,322250
6446,26946,322300
6447,26946,322350
6448,26946,322400
6449,26946,322450
6450,26946,322500
6451,26946,322550
6452,26946,322600
6453,26946,322650
6454,26946,322700
6455,26946,322750
6456,26946,322800
6457,26946,322850
6458,26946,322900
6459,26946,322950
6460,26946,323000
6461,26946,323050
6462,26946,323100
6463,26946,323150
6464,26946,323200
6465,26946,323250
6466,26946,323300
6467,26946,323350
6468,26946,323400
6469,26946,323450
6470,26946,323500
6471,26946,323550
6472,26946,323600
6473,26946,323650
6474,26946,323700
6475,26946,323750
6476,26946,323800
6477,26946,323850
6478,26946,323900
6479,26946,323950
6480,26946,324000
6481,26946,324050
6482,26946,324100
6483,26946,324150
6484,26946,324200
6485,26946,324250
6486,26946,324300
6487,26946,324350
6488,26946,324400
6489,26946,324450
6490,26946,324500
6491,26946,324550
6492,26946,324600
6493,26946,324650
6494,26946,324700
6495,26946,324750
6496,26946,324800
6497,26946,324850
6498,26946,324900
6499,26946,324950
6500,26946,325000
6501,26946,325050
6502,26946,325100
6503,26946,325150
6504,26946,325200
6505,26946,325250
6506,26946,325300
6507,26946,325350
6508,26946,325400
6509,26946,325450
6510,26946,325500
6511,26946,325550
6512,26946,325600
6513,26946,325650
6514,26946,325700
6515,26946,325750
6516,26946,325800
6517,26946,325850
6518,26946,325900
6519,26946,325950
6520,26946,326000
6521,26946,326050
6522,26946,326100
6523,26946,326150
6524,26946,326200
6525,26946,326250
6526,26946,326300
6527,26946,326350
6528,26946,326400
6529,26946,326450
6530,26946,326500
6531,26946,326550
6532,26946,326600
6533,26946,326650
6534,26946,326700
6535,26946,326750
6536,26946,326800
6537,26946,326850
6538,26946,326900
6539,26946,326950
6540,26946,327000
6541,26946,327050
6542,26946,327100
6543,26946,327150
6544,26946,327200
6545,26946,327250
6546,26946,327300
6547,26946,327350
6548,26946,327400
6549,26946,327450
6550,26946,327500
6551,26946,327550
6552,26946,327600
6553,26946,327650
6554,26946,327700
6555,26946,327750
6556,26946,327800
6557,26946,327850
6558,26946,327900
6559,26946,327950
6560,26946,328000
6561,26946,328050
6562,26946,328100
6563,26946,328150
6564,26946,328200
6565,26946,328250
6566,26946,328300
6567,26946,328350
6568,26946,328400
6569,26946,328450
6570,26946,328500
6571,26946,328550
6572,26946,328600
6573,26946,328650
6574,26946,328700
6575,26946,328750
6576,26946,328800
6577,26946,328850
6578,26946,328900
6579,26946,328950
6580,26946,329000
6581,26946,329050
6582,26946,329100
6583,26946,329150
6584,26946,329200
6585,26946,329250
6586,26946,329300
6587,26946,329350
6588,26946,329400
6589,26946,329450
6590,26946,329500
6591,26946,329550
6592,26946,329600
6593,26946,329650
6594,26946,329700
6595,26946,329750
6596,26946,329800
6597,26946,329850
6598,26946,329900
6599,26946,329950
6600,26946,330000
6601,26946,330050
6602,26946,330100
6603,26946,330150
6604,26946,330200
6605,26946,330250
6606,26946,330300
6607,26946,330350
6608,26946,330400
6609,26946,330450
6610,26946,330500
6611,26946,330550
6612,26946,330600
6613,26946,330650
6614,26946,330700
6615,26946,330750
6616,26946,330800
6617,26946,330850
6618,26946,330900
6619,26946,330950
6620,26946,331000
6621,26946,331050
6622,26946,331100
6623,26946,331150
6624,26946,331200
6625,26946,331250
6626,26946,331300
6627,26946,331350
6628,26946,331400
6629,26946,331450
6630,26946,331500
6631,26946,331550
6632,26946,331600
6633,26946,331650
6634,26946,331700
6635,26946,331750
6636,26946,331800
6637,26946,331850
6638,26946,331900
6639,26946,331950
6640,26946,332000
6641,26946,332050
6642,26946,332100
6643,26946,332150
6644,26946,332200
6645,26946,332250
6646,26946,332300
6647,26946,332350
6648,26946,332400
6649,26946,332450
6650,26946,332500
6651,26946,332550
6652,26946,332600
6653,26946,332650
6654,26946,332700
6655,26946,332750
6656,26946,332800
6657,26946,332850
6658,26946,332900
6659,26946,332950
6660,26946,333000
6661,26946,333050
6662,26946,333100
6663,26946,333150
6664,26946,333200
6665,26946,333250
6666,26946,333300
6667,26946,333350
6668,26946,333400
6669,26946,333450
6670,26946,333500
6671,26946,333550
6672,26946,333600
6673,26946,333650
6674,26946,333700
6675,26946,333750
6676,26946,333800
6677,26946,333850
6678,26946,333900
6679,26946,333950
6680,26946,334000
6681,26946,334050
6682,26946,334100
6683,26946,334150
6684,26946,334200
6685,26946,334250
6686,26946,334300
6687,26946,334350
6688,26946,334400
6689,26946,334450
6690,26946,334500
6691,26946,334550
6692,26946,334600
6693,26946,334650
6694,26946,334700
6695,26946,334750
6696,26946,334800
6697,26946,334850
6698,26946,334900
6699,26946,334950
6700,26946,335000
6701,26946,335050
6702,26946,335100
6703,26946,335150
6704,26946,335200
6705,26946,335250
6706,26946,335300
6707,26946,335350
6708,26946,335400
6709,26946,335450
6710,26946,335500
6711,26946,335550
6712,26946,335600
6713,26946,335650
6714,26946,335700
6715,26946,335750
6716,26946,335800
6717,26946,335850
6718,26946,335900
6719,26946,335950
6720,26946,336000
6721,26946,336050
6722,26946,336100
6723,26946,336150
6724,26946,336200
6725,26946,336250
6726,26946,336300
6727,26946,336350
6728,26946,336400
6729,26946,336450
6730,26946,336500
6731,26946,336550
6732,26946,336600
6733,26946,336650
6734,26946,336700
6735,26946,336750
6736,26946,336800
6737,26946,336850
6738,26946,336900
6739,26946,336950
6740,26946,337000
6741,26946,337050
6742,26946,337100
6743,26946,337150
6744,26946,337200
6745,26946,337250
6746,26946,337300
6747,26946,337350
6748,26946,337400
6749,26946,337450
6750,26946,337500
6751,26946,337550
6752,26946,337600
6753,26946,337650
6754,26946,337700
6755,26946,337750
6756,26946,337800
6757,26946,337850
6758,26946,337900
6759,26946,337950
6760,26946,338000
6761,26946,338050
6762,26946,338100
6763,26946,338150
6764,26946,338200
6765,26946,338250
6766,26946,338300
6767,26946,338350
6768,26946,338400
6769,26946,338450
6770,26946,338500
6771,26946,338550
6772,26946,338600
6773,26946,338650
6774,26946,338700
6775,26946,338750
6776,26946,338800
6777,26946,338850
6778,26946,338900
6779,26946,338950
6780,26946,339000
6781,26946,339050
6782,26946,339100
6783,26946,339150
6784,26946,339200
6785,26946,339250
6786,26946,339300
6787,26946,339350
6788,26946,339400
6789,26946,339450
6790,26946,339500
6791,26946,339550
6792,26946,339600
6793,26946,339650
6794,26946,339700
6795,26946,339750
6796,26946,339800
6797,26946,339850
6798,26946,339900
6799,26946,339950
6800,26946,340000
6801,26946,340050
6802,26946,340100
6803,26946,340150
6804,26946,340200
6805,26946,340250
6806,26946,340300
6807,26946,340350
6808,26946,340400
6809,26946,340450
6810,26946,340500
6811,26946,340550
6812,26946,340600
6813,26946,340650
6814,26946,340700
6815,26946,340750
6816,26946,340800
6817,26946,340850
6818,26946,340900
6819,26946,340950
6820,26946,341000
6821,26946,341050
6822,26946,341100
6823,26946,341150
6824,26946,341200
6825,26946,341250
6826,26946,341300
6827,26946,341350
6828,26946,341400
6829,26946,341450
6830,26946,341500
6831,26946,341550
6832,26946,341600
6833,26946,341650
6834,26946,341700
6835,26946,341750
6836,26946,341800
6837,26946,341850
6838,26946,341900
6839,26946,341950
6840,26946,342000
6841,26946,342050
6842,26946,342100
6843,26946,342150
6844,26946,342200
6845,26946,342250
6846,26946,342300
6847,26946,342350
6848,26946,342400
6849,26946,342450
6850,26946,342500
6851,26946,342550
6852,26946,342600
6853,26946,342650
6854,26946,342700
6855,26946,342750
6856,26946,342800
6857,26946,342850
6858,26946,342900
6859,26946,342950
6860,26946,343000
6861,26946,343050
6862,26946,343100
6863,26946,343150
6864,26946,343200
6865,26946,343250
6866,26946,343300
6867,26946,343350
6868,26946,343400
6869,26946,343450
6870,26946,343500
6871,26946,343550
6872,26946,343600
6873,26946,343650
6874,26946,343700
6875,26946,343750
6876,26946,343800
6877,26946,343850
6878,26946,343900
6879,26946,343950
6880,26946,344000
6881,26946,344050
6882,26946,344100
6883,26946,344150
6884,26946,344200
6885,26946,344250
6886,26946,344300
6887,26946,344350
6888,26946,344400
6889,26946,344450
6890,26946,344500
6891,26946,344550
6892,26946,344600
6893,26946,344650
6894,26946,344700
6895,26946,344750
6896,26946,344800
6897,26946,344850
6898,26946,344900
6899,26946,344950
6900,26946,345000
6901,26946,345050
6902,26946,345100
6903,26946,345150
6904,26946,345200
6905,26946,345250
6906,26946,345300
6907,26946,345350
6908,26946,345400
6909,26946,345450
6910,26946,345500
6911,26946,345550
6912,26946,345600
6913,26946,345650
6914,26946,345700
6915,26946,345750
6916,26946,345800
6917,26946,345850
6918,26946,345900
6919,26946,345950
6920,26946,346000
6921,26946,346050
6922,26946,346100
6923,26946,346150
6924,26946,346200
6925,26946,346250
6926,26946,346300
6927,26946,346350
6928,26946,346400
6929,26946,346450
6930,26946,346500
6931,26946,346550
6932,26946,346600
6933,26946,346650
6934,26946,346700
6935,26946,346750
6936,26946,346800
6937,26946,346850
6938,26946,346900
6939,26946,346950
6940,26946,347000
6941,26946,347050
6942,26946,347100
6943,26946,347150
6944,26946,347200
6945,26946,347250
6946,26946,347300
6947,26946,347350
6948,26946,347400
6949,26946,347450
6950,26946,347500
6951,26946,347550
6952,26946,347600
6953,26946,347650
6954,26946,347700
6955,26946,347750
6956,26946,347800
6957,26946,347850
6958,26946,347900
6959,26946,347950
6960,26946,348000
6961,26946,348050
6962,26946,348100
6963,26946,348150
6964,26946,348200
6965,26946,348250
6966,26946,348300
6967,26946,348350
6968,26946,348400
6969,26946,348450
6970,26946,348500
6971,26946,348550
6972,26946,348600
6973,26946,348650
6974,26946,348700
6975,26946,348750
6976,26946,348800
6977,26946,348850
6978,26946,348900
6979,26946,348950
6980,26946,349000
6981,26946,349050
6982,26946,349100
6983,26946,349150
6984,26946,349200
6985,26946,349250
6986,26946,349300
6987,26946,349350
6988,26946,349400
6989,26946,349450
6990,26946,349500
6991,26946,349550
6992,26946,349600
6993,26946,349650
6994,26946,349700
6995,26946,349750
6996,26946,349800
6997,26946,349850
6998,26946,349900
6999,26946,349950
7000,26946,350000
7001,26946,350050
7002,26946,350100
7003,26946,350150
7004,26946,350200
7005,26946,350250
7006,26946,350300
7007,26946,350350
7008,26946,350400
7009,26946,350450
7010,26946,350500
7011,26946,350550
7012,26946,350600
7013,26946,350650
7014,26946,350700
7015,26946,350750
7016,26946,350800
7017,26946,350850
7018,26946,350900
7019,26946,350950
7020,26946,351000
7021,26946,351050
7022,26946,351100
7023,26946,351150
7024,26946,351200
7025,26946,351250
7026,26946,351300
7027,26946,351350
7028,26946,351400
7029,26946,351450
7030,26946,351500
7031,26946,351550
7032,26946,351600
7033,26946,351650
7034,26946,351700
7035,26946,351750
7036,26946,351800
7037,26946,351850
7038,26946,351900
7039,26946,351950
7040,26946,352000
7041,26946,352050
7042,26946,352100
7043,26946,352150
7044,26946,352200
7045,26946,352250
7046,26946,352300
7047,26946,352350
7048,26946,352400
7049,26946,352450
7050,26946,352500
7051,26946,352550
7052,26946,352600
7053,26946,352650
7054,26946,352700
7055,26946,352750
7056,26946,352800
7057,26946,352850
7058,26946,352900
7059,26946,352950
7060,26946,353000
7061,26946,353050
7062,26946,353100
7063,26946,353150
7064,26946,353200
7065,26946,353250
7066,26946,353300
7067,26946,353350
7068,26946,353400
7069,26946,353450
7070,26946,353500
7071,26946,353550
7072,26946,353600
7073,26946,353650
7074,26946,353700
7075,26946,353750
7076,26946,353800
7077,26946,353850
7078,26946,353900
7079,26946,353950
7080,26946,354000
7081,26946,354050
7082,26946,354100
7083,26946,354150
7084,26946,354200
7085,26946,354250
7086,26946,354300
7087,26946,354350
7088,26946,354400
7089,26946,354450
7090,26946,354500
7091,26946,354550
7092,26946,354600
7093,26946,354650
7094,26946,354700
7095,26946,354750
7096,26946,354800
7097,26946,354850
7098,26946,354900
7099,26946,354950
7100,26946,355000
7101,26946,355050
7102,26946,355100
7103,26946,355150
7104,26946,355200
7105,26946,355250
7106,26946,355300
7107,26946,355350
7108,26946,355400
7109,26946,355450
7110,26946,355500
7111,26946,355550
7112,26946,355600
7113,26946,355650
7114,26946,355700
7115,26946,355750
7116,26946,355800
7117,26946,355850
7118,26946,355900
7119,26946,355950
7120,26946,356000
7121,26946,356050
7122,26946,356100
7123,26946,356150
7124,26946,356200
7125,26946,356250
7126,26946,356300
7127,26946,356350
7128,26946,356400
7129,26946,356450
7130,26946,356500
7131,26946,356550
7132,26946,356600
7133,26946,356650
7134,26946,356700
7135,26946,356750
7136,26946,356800
7137,26946,356850
7138,26946,356900
7139,26946,356950
7140,26946,357000
7141,26946,357050
7142,26946,357100
7143,26946,357150
7144,26946,357200
7145,26946,357250
7146,26946,357300
7147,26946,357350
7148,26946,357400
7149,26946,357450
7150,26946,357500
7151,26946,357550
7152,26946,357600
7153,26946,357650
7154,26946,357700
7155,26946,357750
7156,26946,357800
7157,26946,357850
7158,26946,357900
7159,26946,357950
7160,26946,358000
7161,26946,358050
7162,26946,358100
7163,26946,358150
7164,26946,358200
7165,26946,358250
7166,26946,358300
7167,26946,358350
7168,26946,358400
7169,26946,358450
7170,26946,358500
7171,26946,358550
7172,26946,358600
7173,26946,358650
7174,26946,358700
7175,26946,358750
7176,26946,358800
7177,26946,358850
7178,26946,358900
7179,26946,358950
7180,26946,359000
7181,26946,359050
7182,26946,359100
7183,26946,359150
7184,26946,359200
7185,26946,359250
7186,26946,359300
7187,26946,359350
7188,26946,359400
7189,26946,359450
7190,26946,359500
7191,26946,359550
7192,26946,359600
7193,26946,359650
7194,26946,359700
7195,26946,359750
7196,26946,359800
7197,26946,359850
7198,26946,359900
7199,26946,359950
7200,26946,360000
7201,26946,360050
7202,26946,360100
7203,26946,360150
7204,26946,360200
7205,26946,360250
7206,26946,360300
7207,26946,360350
7208,26946,360400
7209,26946,360450
7210,26946,360500
7211,26946,360550
7212,26946,360600
7213,26946,360650
7214,26946,360700
7215,26946,360750
7216,26946,360800
7217,26946,360850
7218,26946,360900
7219,26946,360950
7220,26946,361000
7221,26946,361050
7222,26946,361100
7223,26946,361150
7224,26946,361200
7225,26946,361250
7226,26946,361300
7227,26946,361350
7228,26946,361400
7229,26946,361450
7230,26946,361500
7231,26946,361550
7232,26946,361600
7233,26946,361650
7234,26946,361700
7235,26946,361750
7236,26946,361800
7237,26946,361850
7238,26946,361900
7239,26946,361950
7240,26946,362000
7241,26946,362050
7242,26946,362100
7243,26946,362150
7244,26946,362200
7245,26946,362250
7246,26946,362300
7247,26946,362350
7248,26946,362400
7249,26946,362450
7250,26946,362500
7251,26946,362550
7252,26946,362600
7253,26946,362650
7254,26946,362700
7255,26946,362750
7256,26946,362800
7257,26946,362850
7258,26946,362900
7259,26946,362950
7260,26946,363000
7261,26946,363050
7262,26946,363100
7263,26946,363150
7264,26946,363200
7265,26946,363250
7266,26946,363300
7267,26946,363350
7268,26946,363400
7269,26946,363450
7270,26946,363500
7271,26946,363550
7272,26946,363600
7273,26946,363650
7274,26946,363700
7275,26946,363750
7276,26946,363800
7277,26946,363850
7278,26946,363900
7279,26946,363950
7280,26946,364000
7281,26946,364050
7282,26946,364100
7283,26946,364150
7284,26946,364200
7285,26946,364250
7286,26946,364300
7287,26946,364350
7288,26946,364400
7289,26946,364450
7290,26946,364500
7291,26946,364550
7292,26946,364600
7293,26946,364650
7294,26946,364700
7295,26946,364750
7296,26946,364800
7297,26946,364850
7298,26946,364900
7299,26946,364950
7300,26946,365000
7301,26946,365050
7302,26946,365100
7303,26946,365150
7304,26946,365200
7305,26946,365250
7306,26946,365300
7307,26946,365350
7308,26946,365400
7309,26946,365450
7310,26946,365500
7311,26946,365550
7312,26946,365600
7313,26946,365650
7314,26946,365700
7315,26946,365750
7316,26946,365800
7317,26946,365850
7318,26946,365900
7319,26946,365950
7320,26946,366000
7321,26946,366050
7322,26946,366100
7323,26946,366150
7324,26946,366200
7325,26946,366250
7326,26946,366300
7327,26946,366350
7328,26946,366400
7329,26946,366450
7330,26946,366500
7331,26946,366550
7332,26946,366600
7333,26946,366650
7334,26946,366700
7335,26946,366750
7336,26946,366800
7337,26946,366850
7338,26946,366900
7339,26946,366950
7340,26946,367000
7341,26946,367050
7342,26946,367100
7343,26946,367150
7344,26946,367200
7345,26946,367250
7346,26946,367300
7347,26946,367350
7348,26946,367400
7349,26946,367450
7350,26946,367500
7351,26946,367550
7352,26946,367600
7353,26946,367650
7354,26946,367700
7355,26946,367750
7356,26946,367800
7357,26946,367850
7358,26946,367900
7359,26946,367950
7360,26946,368000
7361,26946,368050
7362,26946,368100
7363,26946,368150
7364,26946,368200
7365,26946,368250
7366,26946,368300
7367,26946,368350
7368,26946,368400
7369,26946,368450
7370,26946,368500
7371,26946,368550
7372,26946,368600
7373,26946,368650
7374,26946,368700
7375,26946,368750
7376,26946,368800
7377,26946,368850
7378,26946,368900
7379,26946,368950
7380,26946,369000
7381,26946,369050
7382,26946,369100
7383,26946,369150
7384,26946,369200
7385,26946,369250
7386,26946,369300
7387,26946,369350
7388,26946,369400
7389,26946,369450
7390,26946,369500
7391,26946,369550
7392,26946,369600
7393,26946,369650
7394,26946,369700
7395,26946,369750
7396,26946,369800
7397,26946,369850
7398,26946,369900
7399,26946,369950
7400,26946,370000
7401,26946,370050
7402,26946,370100
7403,26946,370150
7404,26946,370200
7405,26946,370250
7406,26946,370300
7407,26946,370350
7408,26946,370400
7409,26946,370450
7410,26946,370500
7411,26946,370550
7412,26946,370600
7413,26946,370650
7414,26946,370700
7415,26946,370750
7416,26946,370800
7417,26946,370850
7418,26946,370900
7419,26946,370950
7420,26946,371000
7421,26946,371050
7422,26946,371100
7423,26946,371150
7424,26946,371200
7425,26946,371250
7426,26946,371300
7427,26946,371350
7428,26946,371400
7429,26946,371450
7430,26946,371500
7431,26946,371550
7432,26946,371600
7433,26946,371650
7434,26946,371700
7435,26946,371750
7436,26946,371800
7437,26946,371850
7438,26946,371900
7439,26946,371950
7440,26946,372000
7441,26946,372050
7442,26946,372100
7443,26946,372150
7444,26946,372200
7445,26946,372250
7446,26946,372300
7447,26946,372350
7448,26946,372400
7449,26946,372450
7450,26946,372500
7451,26946,372550
7452,26946,372600
7453,26946,372650
7454,26946,372700
7455,26946,372750
7456,26946,372800
7457,26946,372850
7458,26946,372900
7459,26946,372950
7460,26946,373000
7461,26946,373050
7462,26946,373100
7463,26946,373150
7464,26946,373200
7465,26946,373250
7466,26946,373300
7467,26946,373350
7468,26946,373400
7469,26946,373450
7470,26946,373500
7471,26946,373550
7472,26946,373600
7473,26946,373650
7474,26946,373700
7475,26946,373750
7476,26946,373800
7477,26946,373850
7478,26946,373900
7479,26946,373950
7480,26946,374000
7481,26946,374050
7482,26946,374100
7483,26946,374150
7484,26946,374200
7485,26946,374250
7486,26946,374300
7487,26946,374350
7488,26946,374400
7489,26946,374450
7490,26946,374500
7491,26946,374550
7492,26946,374600
7493,26946,374650
7494,26946,374700
7495,26946,374750
7496,26946,374800
7497,26946,374850
7498,26946,374900
7499,26946,374950
7500,26946,375000
7501,26946,375050
7502,26946,375100
7503,26946,375150
7504,26946,375200
7505,26946,375250
7506,26946,375300
7507,26946,375350
7508,26946,375400
7509,26946,375450
7510,26946,375500
7511,26946,375550
7512,26946,375600
7513,26946,375650
7514,26946,375700
7515,26946,375750
7516,26946,375800
7517,26946,375850
7518,26946,375900
7519,26946,375950
7520,26946,376000
7521,26946,376050
7522,26946,376100
7523,26946,376150
7524,26946,376200
7525,26946,376250
7526,26946,376300
7527,26946,376350
7528,26946,376400
7529,26946,376450
7530,26946,376500
7531,26946,376550
7532,26946,376600
7533,26946,376650
7534,26946,376700
7535,26946,376750
7536,26946,376800
7537,26946,376850
7538,26946,376900
7539,26946,376950
7540,26946,377000
7541,26946,377050
7542,26946,377100
7543,26946,377150
7544,26946,377200
7545,26946,377250
7546,26946,377300
7547,26946,377350
7548,26946,377400
7549,26946,377450
7550,26946,377500
7551,26946,377550
7552,26946,377600
7553,26946,377650
7554,26946,377700
7555,26946,377750
7556,26946,377800
7557,26946,377850
7558,26946,377900
7559,26946,377950
7560,26946,378000
7561,26946,378050
7562,26946,378100
7563,26946,378150
7564,26946,378200
7565,26946,378250
7566,26946,378300
7567,26946,378350
7568,26946,378400
7569,26946,378450
7570,26946,378500
7571,26946,378550
7572,26946,378600
7573,26946,378650
7574,26946,378700
7575,26946,378750
7576,26946,378800
7577,26946,378850
7578,26946,378900
7579,26946,378950
7580,26946,379000
7581,26946,379050
7582,26946,379100
7583,26946,379150
7584,26946,379200
7585,26946,379250
7586,26946,379300
7587,26946,379350
7588,26946,379400
7589,26946,379450
7590,26946,379500
7591,26946,379550
7592,26946,379600
7593,26946,379650
7594,26946,379700
7595,26946,379750
7596,26946,379800
7597,26946,379850
7598,26946,379900
7599,26946,379950
7600,26946,380000
7601,26946,380050
7602,26946,380100
7603,26946,380150
7604,26946,380200
7605,26946,380250
7606,26946,380300
7607,26946,380350
7608,26946,380400
7609,26946,380450
7610,26946,380500
7611,26946,380550
7612,26946,380600
7613,26946,380650
7614,26946,380700
7615,26946,380750
7616,26946,380800
7617,26946,380850
7618,26946,380900
7619,26946,380950
7620,26946,381000
7621,26946,381050
7622,26946,381100
7623,26946,381150
7624,26946,381200
7625,26946,381250
7626,26946,381300
7627,26946,381350
7628,26946,381400
7629,26946,381450
7630,26946,381500
7631,26946,381550
7632,26946,381600
7633,26946,381650
7634,26946,381700
7635,26946,381750
7636,26946,381800
7637,26946,381850
7638,26946,381900
7639,26946,381950
7640,26946,382000
7641,26946,382050
7642,26946,382100
7643,26946,382150
7644,26946,382200
7645,26946,382250
7646,26946,382300
7647,26946,382350
7648,26946,382400
7649,26946,382450
7650,26946,382500
7651,26946,382550
7652,26946,382600
7653,26946,382650
7654,26946,382700
7655,26946,382750
7656,26946,382800
7657,26946,382850
7658,26946,382900
7659,26946,382950
7660,26946,383000
7661,26946,383050
7662,26946,383100
7663,26946,383150
7664,26946,383200
7665,26946,383250
7666,26946,383300
7667,26946,383350
7668,26946,383400
7669,26946,383450
7670,26946,383500
7671,26946,383550
7672,26946,383600
7673,26946,383650
7674,26946,383700
7675,26946,383750
7676,26946,383800
7677,26946,383850
7678,26946,383900
7679,26946,383950
7680,26946,384000
7681,26946,384050
7682,26946,384100
7683,26946,384150
7684,26946,384200
7685,26946,384250
7686,26946,384300
7687,26946,384350
7688,26946,384400
7689,26946,384450
7690,26946,384500
7691,26946,384550
7692,26946,384600
7693,26946,384650
7694,26946,384700
7695,26946,384750
7696,26946,384800
7697,26946,384850
7698,26946,384900
7699,26946,384950
7700,26946,385000
7701,26946,385050
7702,26946,385100
7703,26946,385150
7704,26946,385200
7705,26946,385250
7706,26946,385300
7707,26946,385350
7708,26946,385400
7709,26946,385450
7710,26946,385500
7711,26946,385550
7712,26946,385600
7713,26946,385650
7714,26946,385700
7715,26946,385750
7716,26946,385800
7717,26946,385850
7718,26946,385900
7719,26946,385950
7720,26946,386000
7721,26946,386050
7722,26946,386100
7723,26946,386150
7724,26946,386200
7725,26946,386250
7726,26946,386300
7727,26946,386350
7728,26946,386400
7729,26946,386450
7730,26946,386500
7731,26946,386550
7732,26946,386600
7733,26946,386650
7734,26946,386700
7735,26946,386750
7736,26946,386800
7737,26946,386850
7738,26946,386900
7739,26946,386950
7740,26946,387000
7741,26946,387050
7742,26946,387100
7743,26946,387150
7744,26946,387200
7745,26946,387250
7746,26946,387300
7747,26946,387350
7748,26946,387400
7749,26946,387450
7750,26946,387500
7751,26946,387550
7752,26946,387600
7753,26946,387650
7754,26946,387700
7755,26946,387750
7756,26946,387800
7757,26946,387850
7758,26946,387900
7759,26946,387950
7760,26946,388000
7761,26946,388050
7762,26946,388100
7763,26946,388150
7764,26946,388200
7765,26946,388250
7766,26946,388300
7767,26946,388350
7768,26946,388400
7769,26946,388450
7770,26946,388500
7771,26946,388550
7772,26946,388600
7773,26946,388650
7774,26946,388700
7775,26946,388750
7776,26946,388800
7777,26946,388850
7778,26946,388900
7779,26946,388950
7780,26946,389000
7781,26946,389050
7782,26946,389100
7783,26946,389150
7784,26946,389200
7785,26946,389250
7786,26946,389300
7787,26946,389350
7788,26946,389400
7789,26946,389450
7790,26946,389500
7791,26946,389550
7792,26946,389600
7793,26946,389650
7794,26946,389700
7795,26946,389750
7796,26946,389800
7797,26946,389850
7798,26946,389900
7799,26946,389950
7800,26946,390000
7801,26946,390050
7802,26946,390100
7803,26946,390150
7804,26946,390200
7805,26946,390250
7806,26946,390300
7807,26946,390350
7808,26946,390400
7809,26946,390450
7810,26946,390500
7811,26946,390550
7812,26946,390600
7813,26946,390650
7814,26946,390700
7815,26946,390750
7816,26946,390800
7817,26946,390850
7818,26946,390900
7819,26946,390950
7820,26946,391000
7821,26946,391050
7822,26946,391100
7823,26946,391150
7824,26946,391200
7825,26946,391250
7826,26946,391300
7827,26946,391350
7828,26946,391400
7829,26946,391450
7830,26946,391500
7831,26946,391550
7832,26946,391600
7833,26946,391650
7834,26946,391700
7835,26946,391750
7836,26946,391800
7837,26946,391850
7838,26946,391900
7839,26946,391950
7840,26946,392000
7841,26946,392050
7842,26946,392100
7843,26946,392150
7844,26946,392200
7845,26946,392250
7846,26946,392300
7847,26946,392350
7848,26946,392400
7849,26946,392450
7850,26946,392500
7851,26946,392550
7852,26946,392600
7853,26946,392650
7854,26946,392700
7855,26946,392750
7856,26946,392800
7857,26946,392850
7858,26946,392900
7859,26946,392950
7860,26946,393000
7861,26946,393050
7862,26946,393100
7863,26946,393150
7864,26946,393200
7865,26946,393250
7866,26946,393300
7867,26946,393350
7868,26946,393400
7869,26946,393450
7870,26946,393500
7871,26946,393550
7872,26946,393600
7873,26946,393650
7874,26946,393700
7875,26946,393750
7876,26946,393800
7877,26946,393850
7878,26946,393900
7879,26946,393950
7880,26946,394000
7881,26946,394050
7882,26946,394100
7883,26946,394150
7884,26946,394200
7885,26946,394250
7886,26946,394300
7887,26946,394350
7888,26946,394400
7889,26946,394450
7890,26946,394500
7891,26946,394550
7892,26946,394600
7893,26946,394650
7894,26946,394700
7895,26946,394750
7896,26946,394800
7897,26946,394850
7898,26946,394900
7899,26946,394950
7900,26946,395000
7901,26946,395050
7902,26946,395100
7903,26946,395150
7904,26946,395200
7905,26946,395250
7906,26946,395300
7907,26946,395350
7908,26946,395400
7909,26946,395450
7910,26946,395500
7911,26946,395550
7912,26946,395600
7913,26946,395650
7914,26946,395700
7915,26946,395750
7916,26946,395800
7917,26946,395850
7918,26946,395900
7919,26946,395950
7920,26946,396000
7921,26946,396050
7922,26946,396100
7923,26946,396150
7924,26946,396200
7925,26946,396250
7926,26946,396300
7927,26946,396350
7928,26946,396400
7929,26946,396450
7930,26946,396500
7931,26946,396550
7932,26946,396600
7933,26946,396650
7934,26946,396700
7935,26946,396750
7936,26946,396800
7937,26946,396850
7938,26946,396900
7939,26946,396950
7940,26946,397000
7941,26946,397050
7942,26946,397100
7943,26946,397150
7944,26946,397200
7945,26946,397250
7946,26946,397300
7947,26946,397350
7948,26946,397400
7949,26946,397450
7950,26946,397500
7951,26946,397550
7952,26946,397600
7953,26946,397650
7954,26946,397700
7955,26946,397750
7956,26946,397800
7957,26946,397850
7958,26946,397900
7959,26946,397950
7960,26946,398000
7961,26946,398050
7962,26946,398100
7963,26946,398150
7964,26946,398200
7965,26946,398250
7966,26946,398300
7967,26946,398350
7968,26946,398400
7969,26946,398450
7970,26946,398500
7971,26946,398550
7972,26946,398600
7973,26946,398650
7974,26946,398700
7975,26946,398750
7976,26946,398800
7977,26946,398850
7978,26946,398900
7979,26946,398950
7980,26946,399000
7981,26946,399050
7982,26946,399100
7983,26946,399150
7984,26946,399200
7985,26946,399250
7986,26946,399300
7987,26946,399350
7988,26946,399400
7989,26946,399450
7990,26946,399500
7991,26946,399550
7992,26946,399600
7993,26946,399650
7994,26946,399700
7995,26946,399750
7996,26946,399800
7997,26946,399850
7998,26946,399900
7999,26946,399950
8000,26946,400000
8001,26946,400050
8002,26946,400100
8003,26946,400150
8004,26946,400200
8005,26946,400250
8006,26946,400300
8007,26946,400350
8008,26946,400400
8009,26946,400450
8010,26946,400500
8011,26946,400550
8012,26946,400600
8013,26946,400650
8014,26946,400700
8015,26946,400750
8016,26946,400800
8017,26946,400850
8018,26946,400900
8019,26946,400950
8020,26946,401000
8021,26946,401050
8022,26946,401100
8023,26946,401150
8024,26946,401200
8025,26946,401250
8026,26946,401300
8027,26946,401350
8028,26946,401400
8029,26946,401450
8030,26946,401500
8031,26946,401550
8032,26946,401600
8033,26946,401650
8034,26946,401700
8035,26946,401750
8036,26946,401800
8037,26946,401850
8038,26946,401900
8039,26946,401950
8040,26946,402000
8041,26946,402050
8042,26946,402100
8043,26946,402150
8044,26946,402200
8045,26946,402250
8046,26946,402300
8047,26946,402350
8048,26946,402400
8049,26946,402450
8050,26946,402500
8051,26946,402550
8052,26946,402600
8053,26946,402650
8054,26946,402700
8055,26946,402750
8056,26946,402800
8057,26946,402850
8058,26946,402900
8059,26946,402950
8060,26946,403000
8061,26946,403050
8062,26946,403100
8063,26946,403150
8064,26946,403200
8065,26946,403250
8066,26946,403300
8067,26946,403350
8068,26946,403400
8069,26946,403450
8070,26946,403500
8071,26946,403550
8072,26946,403600
8073,26946,403650
8074,26946,403700
8075,26946,403750
8076,26946,403800
8077,26946,403850
8078,26946,403900
8079,26946,403950
8080,26946,404000
8081,26946,404050
8082,26946,404100
8083,26946,404150
8084,26946,404200
8085,26946,404250
8086,26946,404300
8087,26946,404350
8088,26946,404400
8089,26946,404450
8090,26946,404500
8091,26946,404550
8092,26946,404600
8093,26946,404650
8094,26946,404700
8095,26946,404750
8096,26946,404800
8097,26946,404850
8098,26946,404900
8099,26946,404950
8100,26946,405000
8101,26946,405050
8102,26946,405100
8103,26946,405150
8104,26946,405200
8105,26946,405250
8106,26946,405300
8107,26946,405350
8108,26946,405400
8109,26946,405450
8110,26946,405500
8111,26946,405550
8112,26946,405600
8113,26946,405650
8114,26946,405700
8115,26946,405750
8116,26946,405800
8117,26946,405850
8118,26946,405900
8119,26946,405950
8120,26946,406000
8121,26946,406050
8122,26946,406100
8123,26946,406150
8124,26946,406200
8125,26946,406250
8126,26946,406300
8127,26946,406350
8128,26946,406400
8129,26946,406450
8130,26946,406500
8131,26946,406550
8132,26946,406600
8133,26946,406650
8134,26946,406700
8135,26946,406750
8136,26946,406800
8137,26946,406850
8138,26946,406900
8139,26946,406950
8140,26946,407000
8141,26946,407050
8142,26946,407100
8143,26946,407150
8144,26946,407200
8145,26946,407250
8146,26946,407300
8147,26946,407350
8148,26946,407400
8149,26946,407450
8150,26946,407500
8151,26946,407550
8152,26946,407600
8153,26946,407650
8154,26946,407700
8155,26946,407750
8156,26946,407800
8157,26946,407850
8158,26946,407900
8159,26946,407950
8160,26946,408000
8161,26946,408050
8162,26946,408100
8163,26946,408150
8164,26946,408200
8165,26946,408250
8166,26946,408300
8167,26946,408350
8168,26946,408400
8169,26946,408450
8170,26946,408500
8171,26946,408550
8172,26946,408600
8173,26946,408650
8174,26946,408700
8175,26946,408750
8176,26946,408800
8177,26946,408850
8178,26946,408900
8179,26946,408950
8180,26946,409000
8181,26946,409050
8182,26946,409100
8183,26946,409150
8184,26946,409200
8185,26946,409250
8186,26946,409300
8187,26946,409350
8188,26946,409400
8189,26946,409450
8190,26946,409500
8191,26946,409550
8192,26946,409600
8193,26946,409650
8194,26946,409700
8195,26946,409750
8196,26946,409800
8197,26946,409850
8198,26946,409900
8199,26946,409950
8200,26946,410000
8201,26946,410050
8202,26946,410100
8203,26946,410150
8204,26946,410200
8205,26946,410250
8206,26946,410300
8207,26946,410350
8208,26946,410400
8209,26946,410450
8210,26946,410500
8211,26946,410550
8212,26946,410600
8213,26946,410650
8214,26946,410700
8215,26946,410750
8216,26946,410800
8217,26946,410850
8218,26946,410900
8219,26946,410950
8220,26946,411000
8221,26946,411050
8222,26946,411100
8223,26946,411150
8224,26946,411200
8225,26946,411250
8226,26946,411300
8227,26946,411350
8228,26946,411400
8229,26946,411450
8230,26946,411500
8231,26946,411550
8232,26946,411600
8233,26946,411650
8234,26946,411700
8235,26946,411750
8236,26946,411800
8237,26946,411850
8238,26946,411900
8239,26946,411950
8240,26946,412000
8241,26946,412050
8242,26946,412100
8243,26946,412150
8244,26946,412200
8245,26946,412250
8246,26946,412300
8247,26946,412350
8248,26946,412400
8249,26946,412450
8250,26946,412500
8251,26946,412550
8252,26946,412600
8253,26946,412650
8254,26946,412700
8255,26946,412750
8256,26946,412800
8257,26946,412850
8258,26946,412900
8259,26946,412950
8260,26946,413000
8261,26946,413050
8262,26946,413100
8263,26946,413150
8264,26946,413200
8265,26946,413250
8266,26946,413300
8267,26946,413350
8268,26946,413400
8269,26946,413450
8270,26946,413500
8271,26946,413550
8272,26946,413600
8273,26946,413650
8274,26946,413700
8275,26946,413750
8276,26946,413800
8277,26946,413850
8278,26946,413900
8279,26946,413950
8280,26946,414000
8281,26946,414050
8282,26946,414100
8283,26946,414150
8284,26946,414200
8285,26946,414250
8286,26946,414300
8287,26946,414350
8288,26946,414400
8289,26946,414450
8290,26946,414500
8291,26946,414550
8292,26946,414600
8293,26946,414650
8294,26946,414700
8295,26946,414750
8296,26946,414800
8297,26946,414850
8298,26946,414900
8299,26946,414950
8300,26946,415000
8301,26946,415050
8302,26946,415100
8303,26946,415150
8304,26946,415200
8305,26946,415250
8306,26946,415300
8307,26946,415350
8308,26946,415400
8309,26946,415450
8310,26946,415500
8311,26946,415550
8312,26946,415600
8313,26946,415650
8314,26946,415700
8315,26946,415750
8316,26946,415800
8317,26946,415850
8318,26946,415900
8319,26946,415950
8320,26946,416000
8321,26946,416050
8322,26946,416100
8323,26946,416150
8324,26946,416200
8325,26946,416250
8326,26946,416300
8327,26946,416350
8328,26946,416400
8329,26946,416450
8330,26946,416500
8331,26946,416550
8332,26946,416600
8333,26946,416650
8334,26946,416700
8335,26946,416750
8336,26946,416800
8337,26946,416850
8338,26946,416900
8339,26946,416950
8340,26946,417000
8341,26946,417050
8342,26946,417100
8343,26946,417150
8344,26946,417200
8345,26946,417250
8346,26946,417300
8347,26946,417350
8348,26946,417400
8349,26946,417450
8350,26946,417500
8351,26946,417550
8352,26946,417600
8353,26946,417650
8354,26946,417700
8355,26946,417750
8356,26946,417800
8357,26946,417850
8358,26946,417900
8359,26946,417950
8360,26946,418000
8361,26946,418050
8362,26946,418100
8363,26946,418150
8364,26946,418200
8365,26946,418250
8366,26946,418300
8367,26946,418350
8368,26946,418400
8369,26946,418450
8370,26946,418500
8371,26946,418550
8372,26946,418600
8373,26946,418650
8374,26946,418700
8375,26946,418750
8376,26946,418800
8377,26946,418850
8378,26946,418900
8379,26946,418950
8380,26946,419000
8381,26946,419050
8382,26946,419100
8383,26946,419150
8384,26946,419200
8385,26946,419250
8386,26946,419300
8387,26946,419350
8388,26946,419400
8389,26946,419450
8390,26946,419500
8391,26946,419550
8392,26946,419600
8393,26946,419650
8394,26946,419700
8395,26946,419750
8396,26946,419800
8397,26946,419850
8398,26946,419900
8399,26946,419950
8400,26946,420000
8401,26946,420050
8402,26946,420100
8403,26946,420150
8404,26946,420200
8405,26946,420250
8406,26946,420300
8407,26946,420350
8408,26946,420400
8409,26946,420450
8410,26946,420500
8411,26946,420550
8412,26946,420600
8413,26946,420650
8414,26946,420700
8415,26946,420750
8416,26946,420800
8417,26946,420850
8418,26946,420900
8419,26946,420950
8420,26946,421000
8421,26946,421050
8422,26946,421100
8423,26946,421150
8424,26946,421200
8425,26946,421250
8426,26946,421300
8427,26946,421350
8428,26946,421400
8429,26946,421450
8430,26946,421500
8431,26946,421550
8432,26946,421600
8433,26946,421650
8434,26946,421700
8435,26946,421750
8436,26946,421800
8437,26946,421850
8438,26946,421900
8439,26946,421950
8440,26946,422000
8441,26946,422050
8442,26946,422100
8443,26946,422150
8444,26946,422200
8445,26946,422250
8446,26946,422300
8447,26946,422350
8448,26946,422400
8449,26946,422450
8450,26946,422500
8451,26946,422550
8452,26946,422600
8453,26946,422650
8454,26946,422700
8455,26946,422750
8456,26946,422800
8457,26946,422850
8458,26946,422900
8459,26946,422950
8460,26946,423000
8461,26946,423050
8462,26946,423100
8463,26946,423150
8464,26946,423200
8465,26946,423250
8466,26946,423300
8467,26946,423350
8468,26946,423400
8469,26946,423450
8470,26946,423500
8471,26946,423550
8472,26946,423600
8473,26946,423650
8474,26946,423700
8475,26946,423750
8476,26946,423800
8477,26946,423850
8478,26946,423900
8479,26946,423950
8480,26946,424000
8481,26946,424050
8482,26946,424100
8483,26946,424150
8484,26946,424200
8485,26946,424250
8486,26946,424300
8487,26946,424350
8488,26946,424400
8489,26946,424450
8490,26946,424500
8491,26946,424550
8492,26946,424600
8493,26946,424650
8494,26946,424700
8495,26946,424750
8496,26946,424800
8497,26946,424850
8498,26946,424900
8499,26946,424950
8500,26946,425000
8501,26946,425050
8502,26946,425100
8503,26946,425150
8504,26946,425200
8505,26946,425250
8506,26946,425300
8507,26946,425350
8508,26946,425400
8509,26946,425450
8510,26946,425500
8511,26946,425550
8512,26946,425600
8513,26946,425650
8514,26946,425700
8515,26946,425750
8516,26946,425800
8517,26946,425850
8518,26946,425900
8519,26946,425950
8520,26946,426000
8521,26946,426050
8522,26946,426100
8523,26946,426150
8524,26946,426200
8525,26946,426250
8526,26946,426300
8527,26946,426350
8528,26946,426400
8529,26946,426450
8530,26946,426500
8531,26946,426550
8532,26946,426600
8533,26946,426650
8534,26946,426700
8535,26946,426750
8536,26946,426800
8537,26946,426850
8538,26946,426900
8539,26946,426950
8540,26946,427000
8541,26946,427050
8542,26946,427100
8543,26946,427150
8544,26946,427200
8545,26946,427250
8546,26946,427300
8547,26946,427350
8548,26946,427400
8549,26946,427450
8550,26946,427500
8551,26946,427550
8552,26946,427600
8553,26946,427650
8554,26946,427700
8555,26946,427750
8556,26946,427800
8557,26946,427850
8558,26946,427900
8559,26946,427950
8560,26946,428000
8561,26946,428050
8562,26946,428100
8563,26946,428150
8564,26946,428200
8565,26946,428250
8566,26946,428300
8567,26946,428350
8568,26946,428400
8569,26946,428450
8570,26946,428500
8571,26946,428550
8572,26946,428600
8573,26946,428650
8574,26946,428700
8575,26946,428750
8576,26946,428800
8577,26946,428850
8578,26946,428900
8579,26946,428950
8580,26946,429000
8581,26946,429050
8582,26946,429100
8583,26946,429150
8584,26946,429200
8585,26946,429250
8586,26946,429300
8587,26946,429350
8588,26946,429400
8589,26946,429450
8590,26946,429500
8591,26946,429550
8592,26946,429600
8593,26946,429650
8594,26946,429700
8595,26946,429750
8596,26946,429800
8597,26946,429850
8598,26946,429900
8599,26946,429950
8600,26946,430000
8601,26946,430050
8602,26946,430100
8603,26946,430150
8604,26946,430200
8605,26946,430250
8606,26946,430300
8607,26946,430350
8608,26946,430400
8609,26946,430450
8610,26946,430500
8611,26946,430550
8612,26946,430600
8613,26946,430650
8614,26946,430700
8615,26946,430750
8616,26946,430800
8617,26946,430850
8618,26946,430900
8619,26946,430950
8620,26946,431000
8621,26946,431050
8622,26946,431100
8623,26946,431150
8624,26946,431200
8625,26946,431250
8626,26946,431300
8627,26946,431350
8628,26946,431400
8629,26946,431450
8630,26946,431500
8631,26946,431550
8632,26946,431600
8633,26946,431650
8634,26946,431700
8635,26946,431750
8636,26946,431800
8637,26946,431850
8638,26946,431900
8639,26946,431950
8640,26946,432000
8641,26946,432050
8642,26946,432100
8643,26946,432150
8644,26946,432200
8645,26946,432250
8646,26946,432300
8647,26946,432350
8648,26946,432400
8649,26946,432450
8650,26946,432500
8651,26946,432550
8652,26946,432600
8653,26946,432650
8654,26946,432700
8655,26946,432750
8656,26946,432800
8657,26946,432850
8658,26946,432900
8659,26946,432950
8660,26946,433000
8661,26946,433050
8662,26946,433100
8663,26946,433150
8664,26946,433200
8665,26946,433250
8666,26946,433300
8667,26946,433350
8668,26946,433400
8669,26946,433450
8670,26946,433500
8671,26946,433550
8672,26946,433600
8673,26946,433650
8674,26946,433700
8675,26946,433750
8676,26946,433800
8677,26946,433850
8678,26946,433900
8679,26946,433950
8680,26946,434000
8681,26946,434050
8682,26946,434100
8683,26946,434150
8684,26946,434200
8685,26946,434250
8686,26946,434300
8687,26946,434350
8688,26946,434400
8689,26946,434450
8690,26946,434500
8691,26946,434550
8692,26946,434600
8693,26946,434650
8694,26946,434700
8695,26946,434750
8696,26946,434800
8697,26946,434850
8698,26946,434900
8699,26946,434950
8700,26946,435000
8701,26946,435050
8702,26946,435100
8703,26946,435150
8704,26946,435200
8705,26946,435250
8706,26946,435300
8707,26946,435350
8708,26946,435400
8709,26946,435450
8710,26946,435500
8711,26946,435550
8712,26946,435600
8713,26946,435650
8714,26946,435700
8715,26946,435750
8716,26946,435800
8717,26946,435850
8718,26946,435900
8719,26946,435950
8720,26946,436000
8721,26946,436050
8722,26946,436100
8723,26946,436150
8724,26946,436200
8725,26946,436250
8726,26946,436300
8727,26946,436350
8728,26946,436400
8729,26946,436450
8730,26946,436500
8731,26946,436550
8732,26946,436600
8733,26946,436650
8734,26946,436700
8735,26946,436750
8736,26946,436800
8737,26946,436850
8738,26946,436900
8739,26946,436950
8740,26946,437000
8741,26946,437050
8742,26946,437100
8743,26946,437150
8744,26946,437200
8745,26946,437250
8746,26946,437300
8747,26946,437350
8748,26946,437400
8749,26946,437450
8750,26946,437500
8751,26946,437550
8752,26946,437600
8753,26946,437650
8754,26946,437700
8755,26946,437750
8756,26946,437800
8757,26946,437850
8758,26946,437900
8759,26946,437950
8760,26946,438000
8761,26946,438050
8762,26946,438100
8763,26946,438150
8764,26946,438200
8765,26946,438250
8766,26946,438300
8767,26946,438350
8768,26946,438400
8769,26946,438450
8770,26946,438500
8771,26946,438550
8772,26946,438600
8773,26946,438650
8774,26946,438700
8775,26946,438750
8776,26946,438800
8777,26946,438850
8778,26946,438900
8779,26946,438950
8780,26946,439000
8781,26946,439050
8782,26946,439100
8783,26946,439150
8784,26946,439200
8785,26946,439250
8786,26946,439300
8787,26946,439350
8788,26946,439400
8789,26946,439450
8790,26946,439500
8791,26946,439550
8792,26946,439600
8793,26946,439650
8794,26946,439700
8795,26946,439750
8796,26946,439800
8797,26946,439850
8798,26946,439900
8799,26946,439950
8800,26946,440000
8801,26946,440050
8802,26946,440100
8803,26946,440150
8804,26946,440200
8805,26946,440250
8806,26946,440300
8807,26946,440350
8808,26946,440400
8809,26946,440450
8810,26946,440500
8811,26946,440550
8812,26946,440600
8813,26946,440650
8814,26946,440700
8815,26946,440750
8816,26946,440800
8817,26946,440850
8818,26946,440900
8819,26946,440950
8820,26946,441000
8821,26946,441050
8822,26946,441100
8823,26946,441150
8824,26946,441200
8825,26946,441250
8826,26946,441300
8827,26946,441350
8828,26946,441400
8829,26946,441450
8830,26946,441500
8831,26946,441550
8832,26946,441600
8833,26946,441650
8834,26946,441700
8835,26946,441750
8836,26946,441800
8837,26946,441850
8838,26946,441900
8839,26946,441950
8840,26946,442000
8841,26946,442050
8842,26946,442100
8843,26946,442150
8844,26946,442200
8845,26946,442250
8846,26946,442300
8847,26946,442350
8848,26946,442400
8849,26946,442450
8850,26946,442500
8851,26946,442550
8852,26946,442600
8853,26946,442650
8854,26946,442700
8855,26946,442750
8856,26946,442800
8857,26946,442850
8858,26946,442900
8859,26946,442950
8860,26946,443000
8861,26946,443050
8862,26946,443100
8863,26946,443150
8864,26946,443200
8865,26946,443250
8866,26946,443300
8867,26946,443350
8868,26946,443400
8869,26946,443450
8870,26946,443500
8871,26946,443550
8872,26946,443600
8873,26946,443650
8874,26946,443700
8875,26946,443750
8876,26946,443800
8877,26946,443850
8878,26946,443900
8879,26946,443950
8880,26946,444000
8881,26946,444050
8882,26946,444100
8883,26946,444150
8884,26946,444200
8885,26946,444250
8886,26946,444300
8887,26946,444350
8888,26946,444400
8889,26946,444450
8890,26946,444500
8891,26946,444550
8892,26946,444600
8893,26946,444650
8894,26946,444700
8895,26946,444750
8896,26946,444800
8897,26946,444850
8898,26946,444900
8899,26946,444950
8900,26946,445000
8901,26946,445050
8902,26946,445100
8903,26946,445150
8904,26946,445200
8905,26946,445250
8906,26946,445300
8907,26946,445350
8908,26946,445400
8909,26946,445450
8910,26946,445500
8911,26946,445550
8912,26946,445600
8913,26946,445650
8914,26946,445700
8915,26946,445750
8916,26946,445800
8917,26946,445850
8918,26946,445900
8919,26946,445950
8920,26946,446000
8921,26946,446050
8922,26946,446100
8923,26946,446150
8924,26946,446200
8925,26946,446250
8926,26946,446300
8927,26946,446350
8928,26946,446400
8929,26946,446450
8930,26946,446500
8931,26946,446550
8932,26946,446600
8933,26946,446650
8934,26946,446700
8935,26946,446750
8936,26946,446800
8937,26946,446850
8938,26946,446900
8939,26946,446950
8940,26946,447000
8941,26946,447050
8942,26946,447100
8943,26946,447150
8944,26946,447200
8945,26946,447250
8946,26946,447300
8947,26946,447350
8948,26946,447400
8949,26946,447450
8950,26946,447500
8951,26946,447550
8952,26946,447600
8953,26946,447650
8954,26946,447700
8955,26946,447750
8956,26946,447800
8957,26946,447850
8958,26946,447900
8959,26946,447950
8960,26946,448000
8961,26946,448050
8962,26946,448100
8963,26946,448150
8964,26946,448200
8965,26946,448250
8966,26946,448300
8967,26946,448350
8968,26946,448400
8969,26946,448450
8970,26946,448500
8971,26946,448550
8972,26946,448600
8973,26946,448650
8974,26946,448700
8975,26946,448750
8976,26946,448800
8977,26946,448850
8978,26946,448900
8979,26946,448950
8980,26946,449000
8981,26946,449050
8982,26946,449100
8983,26946,449150
8984,26946,449200
8985,26946,449250
8986,26946,449300
8987,26946,449350
8988,26946,449400
8989,26946,449450
8990,26946,449500
8991,26946,449550
8992,26946,449600
8993,26946,449650
8994,26946,449700
8995,26946,449750
8996,26946,449800
8997,26946,449850
8998,26946,449900
8999,26946,449950
9000,26946,450000
9001,26946,450050
9002,26946,450100
9003,26946,450150
9004,26946,450200
9005,26946,450250
9006,26946,450300
9007,26946,450350
9008,26946,450400
9009,26946,450450
9010,26946,450500
9011,26946,450550
9012,26946,450600
9013,26946,450650
9014,26946,450700
9015,26946,450750
9016,26946,450800
9017,26946,450850
9018,26946,450900
9019,26946,450950
9020,26946,451000
9021,26946,451050
9022,26946,451100
9023,26946,451150
9024,26946,451200
9025,26946,451250
9026,26946,451300
9027,26946,451350
9028,26946,451400
9029,26946,451450
9030,26946,451500
9031,26946,451550
9032,26946,451600
9033,26946,451650
9034,26946,451700
9035,26946,451750
9036,26946,451800
9037,26946,451850
9038,26946,451900
9039,26946,451950
9040,26946,452000
9041,26946,452050
9042,26946,452100
9043,26946,452150
9044,26946,452200
9045,26946,452250
9046,26946,452300
9047,26946,452350
9048,26946,452400
9049,26946,452450
9050,26946,452500
9051,26946,452550
9052,26946,452600
9053,26946,452650
9054,26946,452700
9055,26946,452750
9056,26946,452800
9057,26946,452850
9058,26946,452900
9059,26946,452950
9060,26946,453000
9061,26946,453050
9062,26946,453100
9063,26946,453150
9064,26946,453200
9065,26946,453250
9066,26946,453300
9067,26946,453350
9068,26946,453400
9069,26946,453450
9070,26946,453500
9071,26946,453550
9072,26946,453600
9073,26946,453650
9074,26946,453700
9075,26946,453750
9076,26946,453800
9077,26946,453850
9078,26946,453900
9079,26946,453950
9080,26946,454000
9081,26946,454050
9082,26946,454100
9083,26946,454150
9084,26946,454200
9085,26946,454250
9086,26946,454300
9087,26946,454350
9088,26946,454400
9089,26946,454450
9090,26946,454500
9091,26946,454550
9092,26946,454600
9093,26946,454650
9094,26946,454700
9095,26946,454750
9096,26946,454800
9097,26946,454850
9098,26946,454900
9099,26946,454950
9100,26946,455000
9101,26946,455050
9102,26946,455100
9103,26946,455150
9104,26946,455200
9105,26946,455250
9106,26946,455300
9107,26946,455350
9108,26946,455400
9109,26946,455450
9110,26946,455500
9111,26946,455550
9112,26946,455600
9113,26946,455650
9114,26946,455700
9115,26946,455750
9116,26946,455800
9117,26946,455850
9118,26946,455900
9119,26946,455950
9120,26946,456000
9121,26946,456050
9122,26946,456100
9123,26946,456150
9124,26946,456200
9125,26946,456250
9126,26946,456300
9127,26946,456350
9128,26946,456400
9129,26946,456450
9130,26946,456500
9131,26946,456550
9132,26946,456600
9133,26946,456650
9134,26946,456700
9135,26946,456750
9136,26946,456800
9137,26946,456850
9138,26946,456900
9139,26946,456950
9140,26946,457000
9141,26946,457050
9142,26946,457100
9143,26946,457150
9144,26946,457200
9145,26946,457250
9146,26946,457300
9147,26946,457350
9148,26946,457400
9149,26946,457450
9150,26946,457500
9151,26946,457550
9152,26946,457600
9153,26946,457650
9154,26946,457700
9155,26946,457750
9156,26946,457800
9157,26946,457850
9158,26946,457900
9159,26946,457950
9160,26946,458000
9161,26946,458050
9162,26946,458100
9163,26946,458150
9164,26946,458200
9165,26946,458250
9166,26946,458300
9167,26946,458350
9168,26946,458400
9169,26946,458450
9170,26946,458500
9171,26946,458550
9172,26946,458600
9173,26946,458650
9174,26946,458700
9175,26946,458750
9176,26946,458800
9177,26946,458850
9178,26946,458900
9179,26946,458950
9180,26946,459000
9181,26946,459050
9182,26946,459100
9183,26946,459150
9184,26946,459200
9185,26946,459250
9186,26946,459300
9187,26946,459350
9188,26946,459400
9189,26946,459450
9190,26946,459500
9191,26946,459550
9192,26946,459600
9193,26946,459650
9194,26946,459700
9195,26946,459750
9196,26946,459800
9197,26946,459850
9198,26946,459900
9199,26946,459950
9200,26946,460000
9201,26946,460050
9202,26946,460100
9203,26946,460150
9204,26946,460200
9205,26946,460250
9206,26946,460300
9207,26946,460350
9208,26946,460400
9209,26946,460450
9210,26946,460500
9211,26946,460550
9212,26946,460600
9213,26946,460650
9214,26946,460700
9215,26946,460750
9216,26946,460800
9217,26946,460850
9218,26946,460900
9219,26946,460950
9220,26946,461000
9221,26946,461050
9222,26946,461100
9223,26946,461150
9224,26946,461200
9225,26946,461250
9226,26946,461300
9227,26946,461350
9228,26946,461400
9229,26946,461450
9230,26946,461500
9231,26946,461550
9232,26946,461600
9233,26946,461650
9234,26946,461700
9235,26946,461750
9236,26946,461800
9237,26946,461850
9238,26946,461900
9239,26946,461950
9240,26946,462000
9241,26946,462050
9242,26946,462100
9243,26946,462150
9244,26946,462200
9245,26946,462250
9246,26946,462300
9247,26946,462350
9248,26946,462400
9249,26946,462450
9250,26946,462500
9251,26946,462550
9252,26946,462600
9253,26946,462650
9254,26946,462700
9255,26946,462750
9256,26946,462800
9257,26946,462850
9258,26946,462900
9259,26946,462950
9260,26946,463000
9261,26946,463050
9262,26946,463100
9263,26946,463150
9264,26946,463200
9265,26946,463250
9266,26946,463300
9267,26946,463350
9268,26946,463400
9269,26946,463450
9270,26946,463500
9271,26946,463550
9272,26946,463600
9273,26946,463650
9274,26946,463700
9275,26946,463750
9276,26946,463800
9277,26946,463850
9278,26946,463900
9279,26946,463950
9280,26946,464000
9281,26946,464050
9282,26946,464100
9283,26946,464150
9284,26946,464200
9285,26946,464250
9286,26946,464300
9287,26946,464350
9288,26946,464400
9289,26946,464450
9290,26946,464500
9291,26946,464550
9292,26946,464600
9293,26946,464650
9294,26946,464700
9295,26946,464750
9296,26946,464800
9297,26946,464850
9298,26946,464900
9299,26946,464950
9300,26946,465000
9301,26946,465050
9302,26946,465100
9303,26946,465150
9304,26946,465200
9305,26946,465250
9306,26946,465300
9307,26946,465350
9308,26946,465400
9309,26946,465450
9310,26946,465500
9311,26946,465550
9312,26946,465600
9313,26946,465650
9314,26946,465700
9315,26946,465750
9316,26946,465800
9317,26946,465850
9318,26946,465900
9319,26946,465950
9320,26946,466000
9321,26946,466050
9322,26946,466100
9323,26946,466150
9324,26946,466200
9325,26946,466250
9326,26946,466300
9327,26946,466350
9328,26946,466400
9329,26946,466450
9330,26946,466500
9331,26946,466550
9332,26946,466600
9333,26946,466650
9334,26946,466700
9335,26946,466750
9336,26946,466800
9337,26946,466850
9338,26946,466900
9339,26946,466950
9340,26946,467000
9341,26946,467050
9342,26946,467100
9343,26946,467150
9344,26946,467200
9345,26946,467250
9346,26946,467300
9347,26946,467350
9348,26946,467400
9349,26946,467450
9350,26946,467500
9351,26946,467550
9352,26946,467600
9353,26946,467650
9354,26946,467700
9355,26946,467750
9356,26946,467800
9357,26946,467850
9358,26946,467900
9359,26946,467950
9360,26946,468000
9361,26946,468050
9362,26946,468100
9363,26946,468150
9364,26946,468200
9365,26946,468250
9366,26946,468300
9367,26946,468350
9368,26946,468400
9369,26946,468450
9370,26946,468500
9371,26946,468550
9372,26946,468600
9373,26946,468650
9374,26946,468700
9375,26946,468750
9376,26946,468800
9377,26946,468850
9378,26946,468900
9379,26946,468950
9380,26946,469000
9381,26946,469050
9382,26946,469100
9383,26946,469150
9384,26946,469200
9385,26946,469250
9386,26946,469300
9387,26946,469350
9388,26946,469400
9389,26946,469450
9390,26946,469500
9391,26946,469550
9392,26946,469600
9393,26946,469650
9394,26946,469700
9395,26946,469750
9396,26946,469800
9397,26946,469850
9398,26946,469900
9399,26946,469950
9400,26946,470000
9401,26946,470050
9402,26946,470100
9403,26946,470150
9404,26946,470200
9405,26946,470250
9406,26946,470300
9407,26946,470350
9408,26946,470400
9409,26946,470450
9410,26946,470500
9411,26946,470550
9412,26946,470600
9413,26946,470650
9414,26946,470700
9415,26946,470750
9416,26946,470800
9417,26946,470850
9418,26946,470900
9419,26946,470950
9420,26946,471000
9421,26946,471050
9422,26946,471100
9423,26946,471150
9424,26946,471200
9425,26946,471250
9426,26946,471300
9427,26946,471350
9428,26946,471400
9429,26946,471450
9430,26946,471500
9431,26946,471550
9432,26946,471600
9433,26946,471650
9434,26946,471700
9435,26946,471750
9436,26946,471800
9437,26946,471850
9438,26946,471900
9439,26946,471950
9440,26946,472000
9441,26946,472050
9442,26946,472100
9443,26946,472150
9444,26946,472200
9445,26946,472250
9446,26946,472300
9447,26946,472350
9448,26946,472400
9449,26946,472450
9450,26946,472500
9451,26946,472550
9452,26946,472600
9453,26946,472650
9454,26946,472700
9455,26946,472750
9456,26946,472800
9457,26946,472850
9458,26946,472900
9459,26946,472950
9460,26946,473000
9461,26946,473050
9462,26946,473100
9463,26946,473150
9464,26946,473200
9465,26946,473250
9466,26946,473300
9467,26946,473350
9468,26946,473400
9469,26946,473450
9470,26946,473500
9471,26946,473550
9472,26946,473600
9473,26946,473650
9474,26946,473700
9475,26946,473750
9476,26946,473800
9477,26946,473850
9478,26946,473900
9479,26946,473950
9480,26946,474000
9481,26946,474050
9482,26946,474100
9483,26946,474150
9484,26946,474200
9485,26946,474250
9486,26946,474300
9487,26946,474350
9488,26946,474400
9489,26946,474450
9490,26946,474500
9491,26946,474550
9492,26946,474600
9493,26946,474650
9494,26946,474700
9495,26946,474750
9496,26946,474800
9497,26946,474850
9498,26946,474900
9499,26946,474950
9500,26946,475000
9501,26946,475050
9502,26946,475100
9503,26946,475150
9504,26946,475200
9505,26946,475250
9506,26946,475300
9507,26946,475350
9508,26946,475400
9509,26946,475450
9510,26946,475500
9511,26946,475550
9512,26946,475600
9513,26946,475650
9514,26946,475700
9515,26946,475750
9516,26946,475800
9517,26946,475850
9518,26946,475900
9519,26946,475950
9520,26946,476000
9521,26946,476050
9522,26946,476100
9523,26946,476150
9524,26946,476200
9525,26946,476250
9526,26946,476300
9527,26946,476350
9528,26946,476400
9529,26946,476450
9530,26946,476500
9531,26946,476550
9532,26946,476600
9533,26946,476650
9534,26946,476700
9535,26946,476750
9536,26946,476800
9537,26946,476850
9538,26946,476900
9539,26946,476950
9540,26946,477000
9541,26946,477050
9542,26946,477100
9543,26946,477150
9544,26946,477200
9545,26946,477250
9546,26946,477300
9547,26946,477350
9548,26946,477400
9549,26946,477450
9550,26946,477500
9551,26946,477550
9552,26946,477600
9553,26946,477650
9554,26946,477700
9555,26946,477750
9556,26946,477800
9557,26946,477850
9558,26946,477900
9559,26946,477950
9560,26946,478000
9561,26946,478050
9562,26946,478100
9563,26946,478150
9564,26946,478200
9565,26946,478250
9566,26946,478300
9567,26946,478350
9568,26946,478400
9569,26946,478450
9570,26946,478500
9571,26946,478550
9572,26946,478600
9573,26946,478650
9574,26946,478700
9575,26946,478750
9576,26946,478800
9577,26946,478850
9578,26946,478900
9579,26946,478950
9580,26946,479000
9581,26946,479050
9582,26946,479100
9583,26946,479150
9584,26946,479200
9585,26946,479250
9586,26946,479300
9587,26946,479350
9588,26946,479400
9589,26946,479450
9590,26946,479500
9591,26946,479550
9592,26946,479600
9593,26946,479650
9594,26946,479700
9595,26946,479750
9596,26946,479800
9597,26946,479850
9598,26946,479900
9599,26946,479950
9600,26946,480000
9601,26946,480050
9602,26946,480100
9603,26946,480150
9604,26946,480200
9605,26946,480250
9606,26946,480300
9607,26946,480350
9608,26946,480400
9609,26946,480450
9610,26946,480500
9611,26946,480550
9612,26946,480600
9613,26946,480650
9614,26946,480700
9615,26946,480750
9616,26946,480800
9617,26946,480850
9618,26946,480900
9619,26946,480950
9620,26946,481000
9621,26946,481050
9622,26946,481100
9623,26946,481150
9624,26946,481200
9625,26946,481250
9626,26946,481300
9627,26946,481350
9628,26946,481400
9629,26946,481450
9630,26946,481500
9631,26946,481550
9632,26946,481600
9633,26946,481650
9634,26946,481700
9635,26946,481750
9636,26946,481800
9637,26946,481850
9638,26946,481900
9639,26946,481950
9640,26946,482000
9641,26946,482050
9642,26946,482100
9643,26946,482150
9644,26946,482200
9645,26946,482250
9646,26946,482300
9647,26946,482350
9648,26946,482400
9649,26946,482450
9650,26946,482500
9651,26946,482550
9652,26946,482600
9653,26946,482650
9654,26946,482700
9655,26946,482750
9656,26946,482800
9657,26946,482850
9658,26946,482900
9659,26946,482950
9660,26946,483000
9661,26946,483050
9662,26946,483100
9663,26946,483150
9664,26946,483200
9665,26946,483250
9666,26946,483300
9667,26946,483350
9668,26946,483400
9669,26946,483450
9670,26946,483500
9671,26946,483550
9672,26946,483600
9673,26946,483650
9674,26946,483700
9675,26946,483750
9676,26946,483800
9677,26946,483850
9678,26946,483900
9679,26946,483950
9680,26946,484000
9681,26946,484050
9682,26946,484100
9683,26946,484150
9684,26946,484200
9685,26946,484250
9686,26946,484300
9687,26946,484350
9688,26946,484400
9689,26946,484450
9690,26946,484500
9691,26946,484550
9692,26946,484600
9693,26946,484650
9694,26946,484700
9695,26946,484750
9696,26946,484800
9697,26946,484850
9698,26946,484900
9699,26946,484950
9700,26946,485000
9701,26946,485050
9702,26946,485100
9703,26946,485150
9704,26946,485200
9705,26946,485250
9706,26946,485300
9707,26946,485350
9708,26946,485400
9709,26946,485450
9710,26946,485500
9711,26946,485550
9712,26946,485600
9713,26946,485650
9714,26946,485700
9715,26946,485750
9716,26946,485800
9717,26946,485850
9718,26946,485900
9719,26946,485950
9720,26946,486000
9721,26946,486050
9722,26946,486100
9723,26946,486150
9724,26946,486200
9725,26946,486250
9726,26946,486300
9727,26946,486350
9728,26946,486400
9729,26946,486450
9730,26946,486500
9731,26946,486550
9732,26946,486600
9733,26946,486650
9734,26946,486700
9735,26946,486750
9736,26946,486800
9737,26946,486850
9738,26946,486900
9739,26946,486950
9740,26946,487000
9741,26946,487050
9742,26946,487100
9743,26946,487150
9744,26946,487200
9745,26946,487250
9746,26946,487300
9747,26946,487350
9748,26946,487400
9749,26946,487450
9750,26946,487500
9751,26946,487550
9752,26946,487600
9753,26946,487650
9754,26946,487700
9755,26946,487750
9756,26946,487800
9757,26946,487850
9758,26946,487900
9759,26946,487950
9760,26946,488000
9761,26946,488050
9762,26946,488100
9763,26946,488150
9764,26946,488200
9765,26946,488250
9766,26946,488300
9767,26946,488350
9768,26946,488400
9769,26946,488450
9770,26946,488500
9771,26946,488550
9772,26946,488600
9773,26946,488650
9774,26946,488700
9775,26946,488750
9776,26946,488800
9777,26946,488850
9778,26946,488900
9779,26946,488950
9780,26946,489000
9781,26946,489050
9782,26946,489100
9783,26946,489150
9784,26946,489200
9785,26946,489250
9786,26946,489300
9787,26946,489350
9788,26946,489400
9789,26946,489450
9790,26946,489500
9791,26946,489550
9792,26946,489600
9793,26946,489650
9794,26946,489700
9795,26946,489750
9796,26946,489800
9797,26946,489850
9798,26946,489900
9799,26946,489950
9800,26946,490000
9801,26946,490050
9802,26946,490100
9803,26946,490150
9804,26946,490200
9805,26946,490250
9806,26946,490300
9807,26946,490350
9808,26946,490400
9809,26946,490450
9810,26946,490500
9811,26946,490550
9812,26946,490600
9813,26946,490650
9814,26946,490700
9815,26946,490750
9816,26946,490800
9817,26946,490850
9818,26946,490900
9819,26946,490950
9820,26946,491000
9821,26946,491050
9822,26946,491100
9823,26946,491150
9824,26946,491200
9825,26946,491250
9826,26946,491300
9827,26946,491350
9828,26946,491400
9829,26946,491450
9830,26946,491500
9831,26946,491550
9832,26946,491600
9833,26946,491650
9834,26946,491700
9835,26946,491750
9836,26946,491800
9837,26946,491850
9838,26946,491900
9839,26946,491950
9840,26946,492000
9841,26946,492050
9842,26946,492100
9843,26946,492150
9844,26946,492200
9845,26946,492250
9846,26946,492300
9847,26946,492350
9848,26946,492400
9849,26946,492450
9850,26946,492500
9851,26946,492550
9852,26946,492600
9853,26946,492650
9854,26946,492700
9855,26946,492750
9856,26946,492800
9857,26946,492850
9858,26946,492900
9859,26946,492950
9860,26946,493000
9861,26946,493050
9862,26946,493100
9863,26946,493150
9864,26946,493200
9865,26946,493250
9866,26946,493300
9867,26946,493350
9868,26946,493400
9869,26946,493450
9870,26946,493500
9871,26946,493550
9872,26946,493600
9873,26946,493650
9874,26946,493700
9875,26946,493750
9876,26946,493800
9877,26946,493850
9878,26946,493900
9879,26946,493950
9880,26946,494000
9881,26946,494050
9882,26946,494100
9883,26946,494150
9884,26946,494200
9885,26946,494250
9886,26946,494300
9887,26946,494350
9888,26946,494400
9889,26946,494450
9890,26946,494500
9891,26946,494550
9892,26946,494600
9893,26946,494650
9894,26946,494700
9895,26946,494750
9896,26946,494800
9897,26946,494850
9898,26946,494900
9899,26946,494950
9900,26946,495000
9901,26946,495050
9902,26946,495100
9903,26946,495150
9904,26946,495200
9905,26946,495250
9906,26946,495300
9907,26946,495350
9908,26946,495400
9909,26946,495450
9910,26946,495500
9911,26946,495550
9912,26946,495600
9913,26946,495650
9914,26946,495700
9915,26946,495750
9916,26946,495800
9917,26946,495850
9918,26946,495900
9919,26946,495950
9920,26946,496000
9921,26946,496050
9922,26946,496100
9923,26946,496150
9924,26946,496200
9925,26946,496250
9926,26946,496300
9927,26946,496350
9928,26946,496400
9929,26946,496450
9930,26946,496500
9931,26946,496550
9932,26946,496600
9933,26946,496650
9934,26946,496700
9935,26946,496750
9936,26946,496800
9937,26946,496850
9938,26946,496900
9939,26946,496950
9940,26946,497000
9941,26946,497050
9942,26946,497100
9943,26946,497150
9944,26946,497200
9945,26946,497250
9946,26946,497300
9947,26946,497350
9948,26946,497400
9949,26946,497450
9950,26946,497500
9951,26946,497550
9952,26946,497600
9953,26946,497650
9954,26946,497700
9955,26946,497750
9956,26946,497800
9957,26946,497850
9958,26946,497900
9959,26946,497950
9960,26946,498000
9961,26946,498050
9962,26946,498100
9963,26946,498150
9964,26946,498200
9965,26946,498250
9966,26946,498300
9967,26946,498350
9968,26946,498400
9969,26946,498450
9970,26946,498500
9971,26946,498550
9972,26946,498600
9973,26946,498650
9974,26946,498700
9975,26946,498750
9976,26946,498800
9977,26946,498850
9978,26946,498900
9979,26946,498950
9980,26946,499000
9981,26946,499050
9982,26946,499100
9983,26946,499150
9984,26946,499200
9985,26946,499250
9986,26946,499300
9987,26946,499350
9988,26946,499400
9989,26946,499450
9990,26946,499500
9991,26946,499550
9992,26946,499600
9993,26946,499650
9994,26946,499700
9995,26946,499750
9996,26946,499800
9997,26946,499850
9998,26946,499900
9999,26946,499950
10000,26946,500000
10001,26946,500050
10002,26946,500100
10003,26946,500150
10004,26946,500200
10005,26946,500250
10006,26946,500300
10007,26946,500350
10008,26946,500400
10009,26946,500450
10010,26946,500500
10011,26946,500550
10012,26946,500600
10013,26946,500650
10014,26946,500700
10015,26946,500750
10016,26946,500800
10017,26946,500850
10018,26946,500900
10019,26946,500950
10020,26946,501000
10021,26946,501050
10022,26946,501100
10023,26946,501150
10024,26946,501200
10025,26946,501250
10026,26946,501300
10027,26946,501350
10028,26946,501400
10029,26946,501450
10030,26946,501500
10031,26946,501550
10032,26946,501600
10033,26946,501650
10034,26946,501700
10035,26946,501750
10036,26946,501800
10037,26946,501850
10038,26946,501900
10039,26946,501950
10040,26946,502000
10041,26946,502050
10042,26946,502100
10043,26946,502150
10044,26946,502200
10045,26946,502250
10046,26946,502300
10047,26946,502350
10048,26946,502400
10049,26946,502450
10050,26946,502500
10051,26946,502550
10052,26946,502600
10053,26946,502650
10054,26946,502700
10055,26946,502750
10056,26946,502800
10057,26946,502850
10058,26946,502900
10059,26946,502950
10060,26946,503000
10061,26946,503050
10062,26946,503100
10063,26946,503150
10064,26946,503200
10065,26946,503250
10066,26946,503300
10067,26946,503350
10068,26946,503400
10069,26946,503450
10070,26946,503500
10071,26946,503550
10072,26946,503600
10073,26946,503650
10074,26946,503700
10075,26946,503750
10076,26946,503800
10077,26946,503850
10078,26946,503900
10079,26946,503950
10080,26946,504000
10081,26946,504050
10082,26946,504100
10083,26946,504150
10084,26946,504200
10085,26946,504250
10086,26946,504300
10087,26946,504350
10088,26946,504400
10089,26946,504450
10090,26946,504500
10091,26946,504550
10092,26946,504600
10093,26946,504650
10094,26946,504700
10095,26946,504750
10096,26946,504800
10097,26946,504850
10098,26946,504900
10099,26946,504950
10100,26946,505000
10101,26946,505050
10102,26946,505100
10103,26946,505150
10104,26946,505200
10105,26946,505250
10106,26946,505300
10107,26946,505350
10108,26946,505400
10109,26946,505450
10110,26946,505500
10111,26946,505550
10112,26946,505600
10113,26946,505650
10114,26946,505700
10115,26946,505750
10116,26946,505800
10117,26946,505850
10118,26946,505900
10119,26946,505950
10120,26946,506000
10121,26946,506050
10122,26946,506100
10123,26946,506150
10124,26946,506200
10125,26946,506250
10126,26946,506300
10127,26946,506350
10128,26946,506400
10129,26946,506450
10130,26946,506500
10131,26946,506550
10132,26946,506600
10133,26946,506650
10134,26946,506700
10135,26946,506750
10136,26946,506800
10137,26946,506850
10138,26946,506900
10139,26946,506950
10140,26946,507000
10141,26946,507050
10142,26946,507100
10143,26946,507150
10144,26946,507200
10145,26946,507250
10146,26946,507300
10147,26946,507350
10148,26946,507400
10149,26946,507450
10150,26946,507500
10151,26946,507550
10152,26946,507600
10153,26946,507650
10154,26946,507700
10155,26946,507750
10156,26946,507800
10157,26946,507850
10158,26946,507900
10159,26946,507950
10160,26946,508000
10161,26946,508050
10162,26946,508100
10163,26946,508150
10164,26946,508200
10165,26946,508250
10166,26946,508300
10167,26946,508350
10168,26946,508400
10169,26946,508450
10170,26946,508500
10171,26946,508550
10172,26946,508600
10173,26946,508650
10174,26946,508700
10175,26946,508750
10176,26946,508800
10177,26946,508850
10178,26946,508900
10179,26946,508950
10180,26946,509000
10181,26946,509050
10182,26946,509100
10183,26946,509150
10184,26946,509200
10185,26946,509250
10186,26946,509300
10187,26946,509350
10188,26946,509400
10189,26946,509450
10190,26946,509500
10191,26946,509550
10192,26946,509600
10193,26946,509650
10194,26946,509700
10195,26946,509750
10196,26946,509800
10197,26946,509850
10198,26946,509900
10199,26946,509950
10200,26946,510000
10201,26946,510050
10202,26946,510100
10203,26946,510150
10204,26946,510200
10205,26946,510250
10206,26946,510300
10207,26946,510350
10208,26946,510400
10209,26946,510450
10210,26946,510500
10211,26946,510550
10212,26946,510600
10213,26946,510650
10214,26946,510700
10215,26946,510750
10216,26946,510800
10217,26946,510850
10218,26946,510900
10219,26946,510950
10220,26946,511000
10221,26946,511050
10222,26946,511100
10223,26946,511150
10224,26946,511200
10225,26946,511250
10226,26946,511300
10227,26946,511350
10228,26946,511400
10229,26946,511450
10230,26946,511500
10231,26946,511550
10232,26946,511600
10233,26946,511650
10234,26946,511700
10235,26946,511750
10236,26946,511800
10237,26946,511850
10238,26946,511900
10239,26946,511950
10240,26946,512000
10241,26946,512050
10242,26946,512100
10243,26946,512150
10244,26946,512200
10245,26946,512250
10246,26946,512300
10247,26946,512350
10248,26946,512400
10249,26946,512450
10250,26946,512500
10251,26946,512550
10252,26946,512600
10253,26946,512650
10254,26946,512700
10255,26946,512750
10256,26946,512800
10257,26946,512850
10258,26946,512900
10259,26946,512950
10260,26946,513000
10261,26946,513050
10262,26946,513100
10263,26946,513150
10264,26946,513200
10265,26946,513250
10266,26946,513300
10267,26946,513350
10268,26946,513400
10269,26946,513450
10270,26946,513500
10271,26946,513550
10272,26946,513600
10273,26946,513650
10274,26946,513700
10275,26946,513750
10276,26946,513800
10277,26946,513850
10278,26946,513900
10279,26946,513950
10280,26946,514000
10281,26946,514050
10282,26946,514100
10283,26946,514150
10284,26946,514200
10285,26946,514250
10286,26946,514300
10287,26946,514350
10288,26946,514400
10289,26946,514450
10290,26946,514500
10291,26946,514550
10292,26946,514600
10293,26946,514650
10294,26946,514700
10295,26946,514750
10296,26946,514800
10297,26946,514850
10298,26946,514900
10299,26946,514950
10300,26946,515000
10301,26946,515050
10302,26946,515100
10303,26946,515150
10304,26946,515200
10305,26946,515250
10306,26946,515300
10307,26946,515350
10308,26946,515400
10309,26946,515450
10310,26946,515500
10311,26946,515550
10312,26946,515600
10313,26946,515650
10314,26946,515700
10315,26946,515750
10316,26946,515800
10317,26946,515850
10318,26946,515900
10319,26946,515950
10320,26946,516000
10321,26946,516050
10322,26946,516100
10323,26946,516150
10324,26946,516200
10325,26946,516250
10326,26946,516300
10327,26946,516350
10328,26946,516400
10329,26946,516450
10330,26946,516500
10331,26946,516550
10332,26946,516600
10333,26946,516650
10334,26946,516700
10335,26946,516750
10336,26946,516800
10337,26946,516850
10338,26946,516900
10339,26946,516950
10340,26946,517000
10341,26946,517050
10342,26946,517100
10343,26946,517150
10344,26946,517200
10345,26946,517250
10346,26946,517300
10347,26946,517350
10348,26946,517400
10349,26946,517450
10350,26946,517500
10351,26946,517550
10352,26946,517600
10353,26946,517650
10354,26946,517700
10355,26946,517750
10356,26946,517800
10357,26946,517850
10358,26946,517900
10359,26946,517950
10360,26946,518000
10361,26946,518050
10362,26946,518100
10363,26946,518150
10364,26946,518200
10365,26946,518250
10366,26946,518300
10367,26946,518350
10368,26946,518400
10369,26946,518450
10370,26946,518500
10371,26946,518550
10372,26946,518600
10373,26946,518650
10374,26946,518700
10375,26946,518750
10376,26946,518800
10377,26946,518850
10378,26946,518900
10379,26946,518950
10380,26946,519000
10381,26946,519050
10382,26946,519100
10383,26946,519150
10384,26946,519200
10385,26946,519250
10386,26946,519300
10387,26946,519350
10388,26946,519400
10389,26946,519450
10390,26946,519500
10391,26946,519550
10392,26946,519600
10393,26946,519650
10394,26946,519700
10395,26946,519750
10396,26946,519800
10397,26946,519850
10398,26946,519900
10399,26946,519950
10400,26946,520000
10401,26946,520050
10402,26946,520100
10403,26946,520150
10404,26946,520200
10405,26946,520250
10406,26946,520300
10407,26946,520350
10408,26946,520400
10409,26946,520450
10410,26946,520500
10411,26946,520550
10412,26946,520600
10413,26946,520650
10414,26946,520700
10415,26946,520750
10416,26946,520800
10417,26946,520850
10418,26946,520900
10419,26946,520950
10420,26946,521000
10421,26946,521050
10422,26946,521100
10423,26946,521150
10424,26946,521200
10425,26946,521250
10426,26946,521300
10427,26946,521350
10428,26946,521400
10429,26946,521450
10430,26946,521500
10431,26946,521550
10432,26946,521600
10433,26946,521650
10434,26946,521700
10435,26946,521750
10436,26946,521800
10437,26946,521850
10438,26946,521900
10439,26946,521950
10440,26946,522000
10441,26946,522050
10442,26946,522100
10443,26946,522150
10444,26946,522200
10445,26946,522250
10446,26946,522300
10447,26946,522350
10448,26946,522400
10449,26946,522450
10450,26946,522500
10451,26946,522550
10452,26946,522600
10453,26946,522650
10454,26946,522700
10455,26946,522750
10456,26946,522800
10457,26946,522850
10458,26946,522900
10459,26946,522950
10460,26946,523000
10461,26946,523050
10462,26946,523100
10463,26946,523150
10464,26946,523200
10465,26946,523250
10466,26946,523300
10467,26946,523350
10468,26946,523400
10469,26946,523450
10470,26946,523500
10471,26946,523550
10472,26946,523600
10473,26946,523650
10474,26946,523700
10475,26946,523750
10476,26946,523800
10477,26946,523850
10478,26946,523900
10479,26946,523950
10480,26946,524000
10481,26946,524050
10482,26946,524100
10483,26946,524150
10484,26946,524200
10485,26946,524250
10486,26946,524300
10487,26946,524350
10488,26946,524400
10489,26946,524450
10490,26946,524500
10491,26946,524550
10492,26946,524600
10493,26946,524650
10494,26946,524700
10495,26946,524750
10496,26946,524800
10497,26946,524850
10498,26946,524900
10499,26946,524950
10500,26946,525000
10501,26946,525050
10502,26946,525100
10503,26946,525150
10504,26946,525200
10505,26946,525250
10506,26946,525300
10507,26946,525350
10508,26946,525400
10509,26946,525450
10510,26946,525500
10511,26946,525550
10512,26946,525600
10513,26946,525650
10514,26946,525700
10515,26946,525750
10516,26946,525800
10517,26946,525850
10518,26946,525900
10519,26946,525950
10520,26946,526000
10521,26946,526050
10522,26946,526100
10523,26946,526150
10524,26946,526200
10525,26946,526250
10526,26946,526300
10527,26946,526350
10528,26946,526400
10529,26946,526450
10530,26946,526500
10531,26946,526550
10532,26946,526600
10533,26946,526650
10534,26946,526700
10535,26946,526750
10536,26946,526800
10537,26946,526850
10538,26946,526900
10539,26946,526950
10540,26946,527000
10541,26946,527050
10542,26946,527100
10543,26946,527150
10544,26946,527200
10545,26946,527250
10546,26946,527300
10547,26946,527350
10548,26946,527400
10549,26946,527450
10550,26946,527500
10551,26946,527550
10552,26946,527600
10553,26946,527650
10554,26946,527700
10555,26946,527750
10556,26946,527800
10557,26946,527850
10558,26946,527900
10559,26946,527950
10560,26946,528000
10561,26946,528050
10562,26946,528100
10563,26946,528150
10564,26946,528200
10565,26946,528250
10566,26946,528300
10567,26946,528350
10568,26946,528400
10569,26946,528450
10570,26946,528500
10571,26946,528550
10572,26946,528600
10573,26946,528650
10574,26946,528700
10575,26946,528750
10576,26946,528800
10577,26946,528850
10578,26946,528900
10579,26946,528950
10580,26946,529000
10581,26946,529050
10582,26946,529100
10583,26946,529150
10584,26946,529200
10585,26946,529250
10586,26946,529300
10587,26946,529350
10588,26946,529400
10589,26946,529450
10590,26946,529500
10591,26946,529550
10592,26946,529600
10593,26946,529650
10594,26946,529700
10595,26946,529750
10596,26946,529800
10597,26946,529850
10598,26946,529900
10599,26946,529950
10600,26946,530000
10601,26946,530050
10602,26946,530100
10603,26946,530150
10604,26946,530200
10605,26946,530250
10606,26946,530300
10607,26946,530350
10608,26946,530400
10609,26946,530450
10610,26946,530500
10611,26946,530550
10612,26946,530600
10613,26946,530650
10614,26946,530700
10615,26946,530750
10616,26946,530800
10617,26946,530850
10618,26946,530900
10619,26946,530950
10620,26946,531000
10621,26946,531050
10622,26946,531100
10623,26946,531150
10624,26946,531200
10625,26946,531250
10626,26946,531300
10627,26946,531350
10628,26946,531400
10629,26946,531450
10630,26946,531500
10631,26946,531550
10632,26946,531600
10633,26946,531650
10634,26946,531700
10635,26946,531750
10636,26946,531800
10637,26946,531850
10638,26946,531900
10639,26946,531950
10640,26946,532000
10641,26946,532050
10642,26946,532100
10643,26946,532150
10644,26946,532200
10645,26946,532250
10646,26946,532300
10647,26946,532350
10648,26946,532400
10649,26946,532450
10650,26946,532500
10651,26946,532550
10652,26946,532600
10653,26946,532650
10654,26946,532700
10655,26946,532750
10656,26946,532800
10657,26946,532850
10658,26946,532900
10659,26946,532950
10660,26946,533000
10661,26946,533050
10662,26946,533100
10663,26946,533150
10664,26946,533200
10665,26946,533250
10666,26946,533300
10667,26946,533350
10668,26946,533400
10669,26946,533450
10670,26946,533500
10671,26946,533550
10672,26946,533600
10673,26946,533650
10674,26946,533700
10675,26946,533750
10676,26946,533800
10677,26946,533850
10678,26946,533900
10679,26946,533950
10680,26946,534000
10681,26946,534050
10682,26946,534100
10683,26946,534150
10684,26946,534200
10685,26946,534250
10686,26946,534300
10687,26946,534350
10688,26946,534400
10689,26946,534450
10690,26946,534500
10691,26946,534550
10692,26946,534600
10693,26946,534650
10694,26946,534700
10695,26946,534750
10696,26946,534800
10697,26946,534850
10698,26946,534900
10699,26946,534950
10700,26946,535000
10701,26946,535050
10702,26946,535100
10703,26946,535150
10704,26946,535200
10705,26946,535250
10706,26946,535300
10707,26946,535350
10708,26946,535400
10709,26946,535450
10710,26946,535500
10711,26946,535550
10712,26946,535600
10713,26946,535650
10714,26946,535700
10715,26946,535750
10716,26946,535800
10717,26946,535850
10718,26946,535900
10719,26946,535950
10720,26946,536000
10721,26946,536050
10722,26946,536100
10723,26946,536150
10724,26946,536200
10725,26946,536250
10726,26946,536300
10727,26946,536350
10728,26946,536400
10729,26946,536450
10730,26946,536500
10731,26946,536550
10732,26946,536600
10733,26946,536650
10734,26946,536700
10735,26946,536750
10736,26946,536800
10737,26946,536850
10738,26946,536900
10739,26946,536950
10740,26946,537000
10741,26946,537050
10742,26946,537100
10743,26946,537150
10744,26946,537200
10745,26946,537250
10746,26946,537300
10747,26946,537350
10748,26946,537400
10749,26946,537450
10750,26946,537500
10751,26946,537550
10752,26946,537600
10753,26946,537650
10754,26946,537700
10755,26946,537750
10756,26946,537800
10757,26946,537850
10758,26946,537900
10759,26946,537950
10760,26946,538000
10761,26946,538050
10762,26946,538100
10763,26946,538150
10764,26946,538200
10765,26946,538250
10766,26946,538300
10767,26946,538350
10768,26946,538400
10769,26946,538450
10770,26946,538500
10771,26946,538550
10772,26946,538600
10773,26946,538650
10774,26946,538700
10775,26946,538750
10776,26946,538800
10777,26946,538850
10778,26946,538900
10779,26946,538950
10780,26946,539000
10781,26946,539050
10782,26946,539100
10783,26946,539150
10784,26946,539200
10785,26946,539250
10786,26946,539300
10787,26946,539350
10788,26946,539400
10789,26946,539450
10790,26946,539500
10791,26946,539550
10792,26946,539600
10793,26946,539650
10794,26946,539700
10795,26946,539750
10796,26946,539800
10797,26946,539850
10798,26946,539900
10799,26946,539950
10800,26946,540000
10801,26946,540050
10802,26946,540100
10803,26946,540150
10804,26946,540200
10805,26946,540250
10806,26946,540300
10807,26946,540350
10808,26946,540400
10809,26946,540450
10810,26946,540500
10811,26946,540550
10812,26946,540600
10813,26946,540650
10814,26946,540700
10815,26946,540750
10816,26946,540800
10817,26946,540850
10818,26946,540900
10819,26946,540950
10820,26946,541000
10821,26946,541050
10822,26946,541100
10823,26946,541150
10824,26946,541200
10825,26946,541250
10826,26946,541300
10827,26946,541350
10828,26946,541400
10829,26946,541450
10830,26946,541500
10831,26946,541550
10832,26946,541600
10833,26946,541650
10834,26946,541700
10835,26946,541750
10836,26946,541800
10837,26946,541850
10838,26946,541900
10839,26946,541950
10840,26946,542000
10841,26946,542050
10842,26946,542100
10843,26946,542150
10844,26946,542200
10845,26946,542250
10846,26946,542300
10847,26946,542350
10848,26946,542400
10849,26946,542450
10850,26946,542500
10851,26946,542550
10852,26946,542600
10853,26946,542650
10854,26946,542700
10855,26946,542750
10856,26946,542800
10857,26946,542850
10858,26946,542900
10859,26946,542950
10860,26946,543000
10861,26946,543050
10862,26946,543100
10863,26946,543150
10864,26946,543200
10865,26946,543250
10866,26946,543300
10867,26946,543350
10868,26946,543400
10869,26946,543450
10870,26946,543500
10871,26946,543550
10872,26946,543600
10873,26946,543650
10874,26946,543700
10875,26946,543750
10876,26946,543800
10877,26946,543850
10878,26946,543900
10879,26946,543950
10880,26946,544000
10881,26946,544050
10882,26946,544100
10883,26946,544150
10884,26946,544200
10885,26946,544250
10886,26946,544300
10887,26946,544350
10888,26946,544400
10889,26946,544450
10890,26946,544500
10891,26946,544550
10892,26946,544600
10893,26946,544650
10894,26946,544700
10895,26946,544750
10896,26946,544800
10897,26946,544850
10898,26946,544900
10899,26946,544950
10900,26946,545000
10901,26946,545050
10902,26946,545100
10903,26946,545150
10904,26946,545200
10905,26946,545250
10906,26946,545300
10907,26946,545350
10908,26946,545400
10909,26946,545450
10910,26946,545500
10911,26946,545550
10912,26946,545600
10913,26946,545650
10914,26946,545700
10915,26946,545750
10916,26946,545800
10917,26946,545850
10918,26946,545900
10919,26946,545950
10920,26946,546000
10921,26946,546050
10922,26946,546100
10923,26946,546150
10924,26946,546200
10925,26946,546250
10926,26946,546300
10927,26946,546350
10928,26946,546400
10929,26946,546450
10930,26946,546500
10931,26946,546550
10932,26946,546600
10933,26946,546650
10934,26946,546700
10935,26946,546750
10936,26946,546800
10937,26946,546850
10938,26946,546900
10939,26946,546950
10940,26946,547000
10941,26946,547050
10942,26946,547100
10943,26946,547150
10944,26946,547200
10945,26946,547250
10946,26946,547300
10947,26946,547350
10948,26946,547400
10949,26946,547450
10950,26946,547500
10951,26946,547550
10952,26946,547600
10953,26946,547650
10954,26946,547700
10955,26946,547750
10956,26946,547800
10957,26946,547850
10958,26946,547900
10959,26946,547950
10960,26946,548000
10961,26946,548050
10962,26946,548100
10963,26946,548150
10964,26946,548200
10965,26946,548250
10966,26946,548300
10967,26946,548350
10968,26946,548400
10969,26946,548450
10970,26946,548500
10971,26946,548550
10972,26946,548600
10973,26946,548650
10974,26946,548700
10975,26946,548750
10976,26946,548800
10977,26946,548850
10978,26946,548900
10979,26946,548950
10980,26946,549000
10981,26946,549050
10982,26946,549100
10983,26946,549150
10984,26946,549200
10985,26946,549250
10986,26946,549300
10987,26946,549350
10988,26946,549400
10989,26946,549450
10990,26946,549500
10991,26946,549550
10992,26946,549600
10993,26946,549650
10994,26946,549700
10995,26946,549750
10996,26946,549800
10997,26946,549850
10998,26946,549900
10999,26946,549950
11000,26946,550000
11001,26946,550050
11002,26946,550100
11003,26946,550150
11004,26946,550200
11005,26946,550250
11006,26946,550300
11007,26946,550350
11008,26946,550400
11009,26946,550450
11010,26946,550500
11011,26946,550550
11012,26946,550600
11013,26946,550650
11014,26946,550700
11015,26946,550750
11016,26946,550800
11017,26946,550850
11018,26946,550900
11019,26946,550950
11020,26946,551000
11021,26946,551050
11022,26946,551100
11023,26946,551150
11024,26946,551200
11025,26946,551250
11026,26946,551300
11027,26946,551350
11028,26946,551400
11029,26946,551450
11030,26946,551500
11031,26946,551550
11032,26946,551600
11033,26946,551650
11034,26946,551700
11035,26946,551750
11036,26946,551800
11037,26946,551850
11038,26946,551900
11039,26946,551950
11040,26946,552000
11041,26946,552050
11042,26946,552100
11043,26946,552150
11044,26946,552200
11045,26946,552250
11046,26946,552300
11047,26946,552350
11048,26946,552400
11049,26946,552450
11050,26946,552500
11051,26946,552550
11052,26946,552600
11053,26946,552650
11054,26946,552700
11055,26946,552750
11056,26946,552800
11057,26946,552850
11058,26946,552900
11059,26946,552950
11060,26946,553000
11061,26946,553050
11062,26946,553100
11063,26946,553150
11064,26946,553200
11065,26946,553250
11066,26946,553300
11067,26946,553350
11068,26946,553400
11069,26946,553450
11070,26946,553500
11071,26946,553550
11072,26946,553600
11073,26946,553650
11074,26946,553700
11075,26946,553750
11076,26946,553800
11077,26946,553850
11078,26946,553900
11079,26946,553950
11080,26946,554000
11081,26946,554050
11082,26946,554100
11083,26946,554150
11084,26946,554200
11085,26946,554250
11086,26946,554300
11087,26946,554350
11088,26946,554400
11089,26946,554450
11090,26946,554500
11091,26946,554550
11092,26946,554600
11093,26946,554650
11094,26946,554700
11095,26946,554750
11096,26946,554800
11097,26946,554850
11098,26946,554900
11099,26946,554950
11100,26946,555000
11101,26946,555050
11102,26946,555100
11103,26946,555150
11104,26946,555200
11105,26946,555250
11106,26946,555300
11107,26946,555350
11108,26946,555400
11109,26946,555450
11110,26946,555500
11111,26946,555550
11112,26946,555600
11113,26946,555650
11114,26946,555700
11115,26946,555750
11116,26946,555800
11117,26946,555850
11118,26946,555900
11119,26946,555950
11120,26946,556000
11121,26946,556050
11122,26946,556100
11123,26946,556150
11124,26946,556200
11125,26946,556250
11126,26946,556300
11127,26946,556350
11128,26946,556400
11129,26946,556450
11130,26946,556500
11131,26946,556550
11132,26946,556600
11133,26946,556650
11134,26946,556700
11135,26946,556750
11136,26946,556800
11137,26946,556850
11138,26946,556900
11139,26946,556950
11140,26946,557000
11141,26946,557050
11142,26946,557100
11143,26946,557150
11144,26946,557200
11145,26946,557250
11146,26946,557300
11147,26946,557350
11148,26946,557400
11149,26946,557450
11150,26946,557500
11151,26946,557550
11152,26946,557600
11153,26946,557650
11154,26946,557700
11155,26946,557750
11156,26946,557800
11157,26946,557850
11158,26946,557900
11159,26946,557950
11160,26946,558000
11161,26946,558050
11162,26946,558100
11163,26946,558150
11164,26946,558200
11165,26946,558250
11166,26946,558300
11167,26946,558350
11168,26946,558400
11169,26946,558450
11170,26946,558500
11171,26946,558550
11172,26946,558600
11173,26946,558650
11174,26946,558700
11175,26946,558750
11176,26946,558800
11177,26946,558850
11178,26946,558900
11179,26946,558950
11180,26946,559000
11181,26946,559050
11182,26946,559100
11183,26946,559150
11184,26946,559200
11185,26946,559250
11186,26946,559300
11187,26946,559350
11188,26946,559400
11189,26946,559450
11190,26946,559500
11191,26946,559550
11192,26946,559600
11193,26946,559650
11194,26946,559700
11195,26946,559750
11196,26946,559800
11197,26946,559850
11198,26946,559900
11199,26946,559950
11200,26946,560000
11201,26946,560050
11202,26946,560100
11203,26946,560150
11204,26946,560200
11205,26946,560250
11206,26946,560300
11207,26946,560350
11208,26946,560400
11209,26946,560450
11210,26946,560500
11211,26946,560550
11212,26946,560600
11213,26946,560650
11214,26946,560700
11215,26946,560750
11216,26946,560800
11217,26946,560850
11218,26946,560900
11219,26946,560950
11220,26946,561000
11221,26946,561050
11222,26946,561100
11223,26946,561150
11224,26946,561200
11225,26946,561250
11226,26946,561300
11227,26946,561350
11228,26946,561400
11229,26946,561450
11230,26946,561500
11231,26946,561550
11232,26946,561600
11233,26946,561650
11234,26946,561700
11235,26946,561750
11236,26946,561800
11237,26946,561850
11238,26946,561900
11239,26946,561950
11240,26946,562000
11241,26946,562050
11242,26946,562100
11243,26946,562150
11244,26946,562200
11245,26946,562250
11246,26946,562300
11247,26946,562350
11248,26946,562400
11249,26946,562450
11250,26946,562500
11251,26946,562550
11252,26946,562600
11253,26946,562650
11254,26946,562700
11255,26946,562750
11256,26946,562800
11257,26946,562850
11258,26946,562900
11259,26946,562950
11260,26946,563000
11261,26946,563050
11262,26946,563100
11263,26946,563150
11264,26946,563200
11265,26946,563250
11266,26946,563300
11267,26946,563350
11268,26946,563400
11269,26946,563450
11270,26946,563500
11271,26946,563550
11272,26946,563600
11273,26946,563650
11274,26946,563700
11275,26946,563750
11276,26946,563800
11277,26946,563850
11278,26946,563900
11279,26946,563950
11280,26946,564000
11281,26946,564050
11282,26946,564100
11283,26946,564150
11284,26946,564200
11285,26946,564250
11286,26946,564300
11287,26946,564350
11288,26946,564400
11289,26946,564450
11290,26946,564500
11291,26946,564550
11292,26946,564600
11293,26946,564650
11294,26946,564700
11295,26946,564750
11296,26946,564800
11297,26946,564850
11298,26946,564900
11299,26946,564950
11300,26946,565000
11301,26946,565050
11302,26946,565100
11303,26946,565150
11304,26946,565200
11305,26946,565250
11306,26946,565300
11307,26946,565350
11308,26946,565400
11309,26946,565450
11310,26946,565500
11311,26946,565550
11312,26946,565600
11313,26946,565650
11314,26946,565700
11315,26946,565750
11316,26946,565800
11317,26946,565850
11318,26946,565900
11319,26946,565950
11320,26946,566000
11321,26946,566050
11322,26946,566100
11323,26946,566150
11324,26946,566200
11325,26946,566250
11326,26946,566300
11327,26946,566350
11328,26946,566400
11329,26946,566450
11330,26946,566500
11331,26946,566550
11332,26946,566600
11333,26946,566650
11334,26946,566700
11335,26946,566750
11336,26946,566800
11337,26946,566850
11338,26946,566900
11339,26946,566950
11340,26946,567000
11341,26946,567050
11342,26946,567100
11343,26946,567150
11344,26946,567200
11345,26946,567250
11346,26946,567300
11347,26946,567350
11348,26946,567400
11349,26946,567450
11350,26946,567500
11351,26946,567550
11352,26946,567600
11353,26946,567650
11354,26946,567700
11355,26946,567750
11356,26946,567800
11357,26946,567850
11358,26946,567900
11359,26946,567950
11360,26946,568000
11361,26946,568050
11362,26946,568100
11363,26946,568150
11364,26946,568200
11365,26946,568250
11366,26946,568300
11367,26946,568350
11368,26946,568400
11369,26946,568450
11370,26946,568500
11371,26946,568550
11372,26946,568600
11373,26946,568650
11374,26946,568700
11375,26946,568750
11376,26946,568800
11377,26946,568850
11378,26946,568900
11379,26946,568950
11380,26946,569000
11381,26946,569050
11382,26946,569100
11383,26946,569150
11384,26946,569200
11385,26946,569250
11386,26946,569300
11387,26946,569350
11388,26946,569400
11389,26946,569450
11390,26946,569500
11391,26946,569550
11392,26946,569600
11393,26946,569650
11394,26946,569700
11395,26946,569750
11396,26946,569800
11397,26946,569850
11398,26946,569900
11399,26946,569950
11400,26946,570000
11401,26946,570050
11402,26946,570100
11403,26946,570150
11404,26946,570200
11405,26946,570250
11406,26946,570300
11407,26946,570350
11408,26946,570400
11409,26946,570450
11410,26946,570500
11411,26946,570550
11412,26946,570600
11413,26946,570650
11414,26946,570700
11415,26946,570750
11416,26946,570800
11417,26946,570850
11418,26946,570900
11419,26946,570950
11420,26946,571000
11421,26946,571050
11422,26946,571100
11423,26946,571150
11424,26946,571200
11425,26946,571250
11426,26946,571300
11427,26946,571350
11428,26946,571400
11429,26946,571450
11430,26946,571500
11431,26946,571550
11432,26946,571600
11433,26946,571650
11434,26946,571700
11435,26946,571750
11436,26946,571800
11437,26946,571850
11438,26946,571900
11439,26946,571950
11440,26946,572000
11441,26946,572050
11442,26946,572100
11443,26946,572150
11444,26946,572200
11445,26946,572250
11446,26946,572300
11447,26946,572350
11448,26946,572400
11449,26946,572450
11450,26946,572500
11451,26946,572550
11452,26946,572600
11453,26946,572650
11454,26946,572700
11455,26946,572750
11456,26946,572800
11457,26946,572850
11458,26946,572900
11459,26946,572950
11460,26946,573000
11461,26946,573050
11462,26946,573100
11463,26946,573150
11464,26946,573200
11465,26946,573250
11466,26946,573300
11467,26946,573350
11468,26946,573400
11469,26946,573450
11470,26946,573500
11471,26946,573550
11472,26946,573600
11473,26946,573650
11474,26946,573700
11475,26946,573750
11476,26946,573800
11477,26946,573850
11478,26946,573900
11479,26946,573950
11480,26946,574000
11481,26946,574050
11482,26946,574100
11483,26946,574150
11484,26946,574200
11485,26946,574250
11486,26946,574300
11487,26946,574350
11488,26946,574400
11489,26946,574450
11490,26946,574500
11491,26946,574550
11492,26946,574600
11493,26946,574650
11494,26946,574700
11495,26946,574750
11496,26946,574800
11497,26946,574850
11498,26946,574900
11499,26946,574950
11500,26946,575000
11501,26946,575050
11502,26946,575100
11503,26946,575150
11504,26946,575200
11505,26946,575250
11506,26946,575300
11507,26946,575350
11508,26946,575400
11509,26946,575450
11510,26946,575500
11511,26946,575550
11512,26946,575600
11513,26946,575650
11514,26946,575700
11515,26946,575750
11516,26946,575800
11517,26946,575850
11518,26946,575900
11519,26946,575950
11520,26946,576000
11521,26946,576050
11522,26946,576100
11523,26946,576150
11524,26946,576200
11525,26946,576250
11526,26946,576300
11527,26946,576350
11528,26946,576400
11529,26946,576450
11530,26946,576500
11531,26946,576550
11532,26946,576600
11533,26946,576650
11534,26946,576700
11535,26946,576750
11536,26946,576800
11537,26946,576850
11538,26946,576900
11539,26946,576950
11540,26946,577000
11541,26946,577050
11542,26946,577100
11543,26946,577150
11544,26946,577200
11545,26946,577250
11546,26946,577300
11547,26946,577350
11548,26946,577400
11549,26946,577450
11550,26946,577500
11551,26946,577550
11552,26946,577600
11553,26946,577650
11554,26946,577700
11555,26946,577750
11556,26946,577800
11557,26946,577850
11558,26946,577900
11559,26946,577950
11560,26946,578000
11561,26946,578050
11562,26946,578100
11563,26946,578150
11564,26946,578200
11565,26946,578250
11566,26946,578300
11567,26946,578350
11568,26946,578400
11569,26946,578450
11570,26946,578500
11571,26946,578550
11572,26946,578600
11573,26946,578650
11574,26946,578700
11575,26946,578750
11576,26946,578800
11577,26946,578850
11578,26946,578900
11579,26946,578950
11580,26946,579000
11581,26946,579050
11582,26946,579100
11583,26946,579150
11584,26946,579200
11585,26946,579250
11586,26946,579300
11587,26946,579350
11588,26946,579400
11589,26946,579450
11590,26946,579500
11591,26946,579550
11592,26946,579600
11593,26946,579650
11594,26946,579700
11595,26946,579750
11596,26946,579800
11597,26946,579850
11598,26946,579900
11599,26946,579950
11600,26946,580000
11601,26946,580050
11602,26946,580100
11603,26946,580150
11604,26946,580200
11605,26946,580250
11606,26946,580300
11607,26946,580350
11608,26946,580400
11609,26946,580450
11610,26946,580500
11611,26946,580550
11612,26946,580600
11613,26946,580650
11614,26946,580700
11615,26946,580750
11616,26946,580800
11617,26946,580850
11618,26946,580900
11619,26946,580950
11620,26946,581000
11621,26946,581050
11622,26946,581100
11623,26946,581150
11624,26946,581200
11625,26946,581250
11626,26946,581300
11627,26946,581350
11628,26946,581400
11629,26946,581450
11630,26946,581500
11631,26946,581550
11632,26946,581600
11633,26946,581650
11634,26946,581700
11635,26946,581750
11636,26946,581800
11637,26946,581850
11638,26946,581900
11639,26946,581950
11640,26946,582000
11641,26946,582050
11642,26946,582100
11643,26946,582150
11644,26946,582200
11645,26946,582250
11646,26946,582300
11647,26946,582350
11648,26946,582400
11649,26946,582450
11650,26946,582500
11651,26946,582550
11652,26946,582600
11653,26946,582650
11654,26946,582700
11655,26946,582750
11656,26946,582800
11657,26946,582850
11658,26946,582900
11659,26946,582950
11660,26946,583000
11661,26946,583050
11662,26946,583100
11663,26946,583150
11664,26946,583200
11665,26946,583250
11666,26946,583300
11667,26946,583350
11668,26946,583400
11669,26946,583450
11670,26946,583500
11671,26946,583550
11672,26946,583600
11673,26946,583650
11674,26946,583700
11675,26946,583750
11676,26946,583800
11677,26946,583850
11678,26946,583900
11679,26946,583950
11680,26946,584000
11681,26946,584050
11682,26946,584100
11683,26946,584150
11684,26946,584200
11685,26946,584250
11686,26946,584300
11687,26946,584350
11688,26946,584400
11689,26946,584450
11690,26946,584500
11691,26946,584550
11692,26946,584600
11693,26946,584650
11694,26946,584700
11695,26946,584750
11696,26946,584800
11697,26946,584850
11698,26946,584900
11699,26946,584950
11700,26946,585000
11701,26946,585050
11702,26946,585100
11703,26946,585150
11704,26946,585200
11705,26946,585250
11706,26946,585300
11707,26946,585350
11708,26946,585400
11709,26946,585450
11710,26946,585500
11711,26946,585550
11712,26946,585600
11713,26946,585650
11714,26946,585700
11715,26946,585750
11716,26946,585800
11717,26946,585850
11718,26946,585900
11719,26946,585950
11720,26946,586000
11721,26946,586050
11722,26946,586100
11723,26946,586150
11724,26946,586200
11725,26946,586250
11726,26946,586300
11727,26946,586350
11728,26946,586400
11729,26946,586450
11730,26946,586500
11731,26946,586550
11732,26946,586600
11733,26946,586650
11734,26946,586700
11735,26946,586750
11736,26946,586800
11737,26946,586850
11738,26946,586900
11739,26946,586950
11740,26946,587000
11741,26946,587050
11742,26946,587100
11743,26946,587150
11744,26946,587200
11745,26946,587250
11746,26946,587300
11747,26946,587350
11748,26946,587400
11749,26946,587450
11750,26946,587500
11751,26946,587550
11752,26946,587600
11753,26946,587650
11754,26946,587700
11755,26946,587750
11756,26946,587800
11757,26946,587850
11758,26946,587900
11759,26946,587950
11760,26946,588000
11761,26946,588050
11762,26946,588100
11763,26946,588150
11764,26946,588200
11765,26946,588250
11766,26946,588300
11767,26946,588350
11768,26946,588400
11769,26946,588450
11770,26946,588500
11771,26946,588550
11772,26946,588600
11773,26946,588650
11774,26946,588700
11775,26946,588750
11776,26946,588800
11777,26946,588850
11778,26946,588900
11779,26946,588950
11780,26946,589000
11781,26946,589050
11782,26946,589100
11783,26946,589150
11784,26946,589200
11785,26946,589250
11786,26946,589300
11787,26946,589350
11788,26946,589400
11789,26946,589450
11790,26946,589500
11791,26946,589550
11792,26946,589600
11793,26946,589650
11794,26946,589700
11795,26946,589750
11796,26946,589800
11797,26946,589850
11798,26946,589900
11799,26946,589950
11800,26946,590000
11801,26946,590050
11802,26946,590100
11803,26946,590150
11804,26946,590200
11805,26946,590250
11806,26946,590300
11807,26946,590350
11808,26946,590400
11809,26946,590450
11810,26946,590500
11811,26946,590550
11812,26946,590600
11813,26946,590650
11814,26946,590700
11815,26946,590750
11816,26946,590800
11817,26946,590850
11818,26946,590900
11819,26946,590950
11820,26946,591000
11821,26946,591050
11822,26946,591100
11823,26946,591150
11824,26946,591200
11825,26946,591250
11826,26946,591300
11827,26946,591350
11828,26946,591400
11829,26946,591450
11830,26946,591500
11831,26946,591550
11832,26946,591600
11833,26946,591650
11834,26946,591700
11835,26946,591750
11836,26946,591800
11837,26946,591850
11838,26946,591900
11839,26946,591950
11840,26946,592000
11841,26946,592050
11842,26946,592100
11843,26946,592150
11844,26946,592200
11845,26946,592250
11846,26946,592300
11847,26946,592350
11848,26946,592400
11849,26946,592450
11850,26946,592500
11851,26946,592550
11852,26946,592600
11853,26946,592650
11854,26946,592700
11855,26946,592750
11856,26946,592800
11857,26946,592850
11858,26946,592900
11859,26946,592950
11860,26946,593000
11861,26946,593050
11862,26946,593100
11863,26946,593150
11864,26946,593200
11865,26946,593250
11866,26946,593300
11867,26946,593350
11868,26946,593400
11869,26946,593450
11870,26946,593500
11871,26946,593550
11872,26946,593600
11873,26946,593650
11874,26946,593700
11875,26946,593750
11876,26946,593800
11877,26946,593850
11878,26946,593900
11879,26946,593950
11880,26946,594000
11881,26946,594050
11882,26946,594100
11883,26946,594150
11884,26946,594200
11885,26946,594250
11886,26946,594300
11887,26946,594350
11888,26946,594400
11889,26946,594450
11890,26946,594500
11891,26946,594550
11892,26946,594600
11893,26946,594650
11894,26946,594700
11895,26946,594750
11896,26946,594800
11897,26946,594850
11898,26946,594900
11899,26946,594950
11900,26946,595000
11901,26946,595050
11902,26946,595100
11903,26946,595150
11904,26946,595200
11905,26946,595250
11906,26946,595300
11907,26946,595350
11908,26946,595400
11909,26946,595450
11910,26946,595500
11911,26946,595550
11912,26946,595600
11913,26946,595650
11914,26946,595700
11915,26946,595750
11916,26946,595800
11917,26946,595850
11918,26946,595900
11919,26946,595950
11920,26946,596000
11921,26946,596050
11922,26946,596100
11923,26946,596150
11924,26946,596200
11925,26946,596250
11926,26946,596300
11927,26946,596350
11928,26946,596400
11929,26946,596450
11930,26946,596500
11931,26946,596550
11932,26946,596600
11933,26946,596650
11934,26946,596700
11935,26946,596750
11936,26946,596800
11937,26946,596850
11938,26946,596900
11939,26946,596950
11940,26946,597000
11941,26946,597050
11942,26946,597100
11943,26946,597150
11944,26946,597200
11945,26946,597250
11946,26946,597300
11947,26946,597350
11948,26946,597400
11949,26946,597450
11950,26946,597500
11951,26946,597550
11952,26946,597600
11953,26946,597650
11954,26946,597700
11955,26946,597750
11956,26946,597800
11957,26946,597850
11958,26946,597900
11959,26946,597950
11960,26946,598000
11961,26946,598050
11962,26946,598100
11963,26946,598150
11964,26946,598200
11965,26946,598250
11966,26946,598300
11967,26946,598350
11968,26946,598400
11969,26946,598450
11970,26946,598500
11971,26946,598550
11972,26946,598600
11973,26946,598650
11974,26946,598700
11975,26946,598750
11976,26946,598800
11977,26946,598850
11978,26946,598900
11979,26946,598950
11980,26946,599000
11981,26946,599050
11982,26946,599100
11983,26946,599150
11984,26946,599200
11985,26946,599250
11986,26946,599300
11987,26946,599350
11988,26946,599400
11989,26946,599450
11990,26946,599500
11991,26946,599550
11992,26946,599600
11993,26946,599650
11994,26946,599700
11995,26946,599750
11996,26946,599800
11997,26946,599850
11998,26946,599900
11999,26946,599950
12000,26946,600000
12001,26946,600050
12002,26946,600100
12003,26946,600150
12004,26946,600200
12005,26946,600250
12006,26946,600300
12007,26946,600350
12008,26946,600400
12009,26946,600450
12010,26946,600500
12011,26946,600550
12012,26946,600600
12013,26946,600650
12014,26946,600700
12015,26946,600750
12016,26946,600800
12017,26946,600850
12018,26946,600900
12019,26946,600950
12020,26946,601000
12021,26946,601050
12022,26946,601100
12023,26946,601150
12024,26946,601200
12025,26946,601250
12026,26946,601300
12027,26946,601350
12028,26946,601400
12029,26946,601450
12030,26946,601500
12031,26946,601550
12032,26946,601600
12033,26946,601650
12034,26946,601700
12035,26946,601750
12036,26946,601800
12037,26946,601850
12038,26946,601900
12039,26946,601950
12040,26946,602000
12041,26946,602050
12042,26946,602100
12043,26946,602150
12044,26946,602200
12045,26946,602250
12046,26946,602300
12047,26946,602350
12048,26946,602400
12049,26946,602450
12050,26946,602500
12051,26946,602550
12052,26946,602600
12053,26946,602650
12054,26946,602700
12055,26946,602750
12056,26946,602800
12057,26946,602850
12058,26946,602900
12059,26946,602950
12060,26946,603000
12061,26946,603050
12062,26946,603100
12063,26946,603150
12064,26946,603200
12065,26946,603250
12066,26946,603300
12067,26946,603350
12068,26946,603400
12069,26946,603450
12070,26946,603500
12071,26946,603550
12072,26946,603600
12073,26946,603650
12074,26946,603700
12075,26946,603750
12076,26946,603800
12077,26946,603850
12078,26946,603900
12079,26946,603950
12080,26946,604000
12081,26946,604050
12082,26946,604100
12083,26946,604150
12084,26946,604200
12085,26946,604250
12086,26946,604300
12087,26946,604350
12088,26946,604400
12089,26946,604450
12090,26946,604500
12091,26946,604550
12092,26946,604600
12093,26946,604650
12094,26946,604700
12095,26946,604750
12096,26946,604800
12097,26946,604850
12098,26946,604900
12099,26946,604950
12100,26946,605000
12101,26946,605050
12102,26946,605100
12103,26946,605150
12104,26946,605200
12105,26946,605250
12106,26946,605300
12107,26946,605350
12108,26946,605400
12109,26946,605450
12110,26946,605500
12111,26946,605550
12112,26946,605600
12113,26946,605650
12114,26946,605700
12115,26946,605750
12116,26946,605800
12117,26946,605850
12118,26946,605900
12119,26946,605950
12120,26946,606000
12121,26946,606050
12122,26946,606100
12123,26946,606150
12124,26946,606200
12125,26946,606250
12126,26946,606300
12127,26946,606350
12128,26946,606400
12129,26946,606450
12130,26946,606500
12131,26946,606550
12132,26946,606600
12133,26946,606650
12134,26946,606700
12135,26946,606750
12136,26946,606800
12137,26946,606850
12138,26946,606900
12139,26946,606950
12140,26946,607000
12141,26946,607050
12142,26946,607100
12143,26946,607150
12144,26946,607200
12145,26946,607250
12146,26946,607300
12147,26946,607350
12148,26946,607400
12149,26946,607450
12150,26946,607500
12151,26946,607550
12152,26946,607600
12153,26946,607650
12154,26946,607700
12155,26946,607750
12156,26946,607800
12157,26946,607850
12158,26946,607900
12159,26946,607950
12160,26946,608000
12161,26946,608050
12162,26946,608100
12163,26946,608150
12164,26946,608200
12165,26946,608250
12166,26946,608300
12167,26946,608350
12168,26946,608400
12169,26946,608450
12170,26946,608500
12171,26946,608550
12172,26946,608600
12173,26946,608650
12174,26946,608700
12175,26946,608750
12176,26946,608800
12177,26946,608850
12178,26946,608900
12179,26946,608950
12180,26946,609000
12181,26946,609050
12182,26946,609100
12183,26946,609150
12184,26946,609200
12185,26946,609250
12186,26946,609300
12187,26946,609350
12188,26946,609400
12189,26946,609450
12190,26946,609500
12191,26946,609550
12192,26946,609600
12193,26946,609650
12194,26946,609700
12195,26946,609750
12196,26946,609800
12197,26946,609850
12198,26946,609900
12199,26946,609950
12200,26946,610000
12201,26946,610050
12202,26946,610100
12203,26946,610150
12204,26946,610200
12205,26946,610250
12206,26946,610300
12207,26946,610350
12208,26946,610400
12209,26946,610450
12210,26946,610500
12211,26946,610550
12212,26946,610600
12213,26946,610650
12214,26946,610700
12215,26946,610750
12216,26946,610800
12217,26946,610850
12218,26946,610900
12219,26946,610950
12220,26946,611000
12221,26946,611050
12222,26946,611100
12223,26946,611150
12224,26946,611200
12225,26946,611250
12226,26946,611300
12227,26946,611350
12228,26946,611400
12229,26946,611450
12230,26946,611500
12231,26946,611550
12232,26946,611600
12233,26946,611650
12234,26946,611700
12235,26946,611750
12236,26946,611800
12237,26946,611850
12238,26946,611900
12239,26946,611950
12240,26946,612000
12241,26946,612050
12242,26946,612100
12243,26946,612150
12244,26946,612200
12245,26946,612250
12246,26946,612300
12247,26946,612350
12248,26946,612400
12249,26946,612450
12250,26946,612500
12251,26946,612550
12252,26946,612600
12253,26946,612650
12254,26946,612700
12255,26946,612750
12256,26946,612800
12257,26946,612850
12258,26946,612900
12259,26946,612950
12260,26946,613000
12261,26946,613050
12262,26946,613100
12263,26946,613150
12264,26946,613200
12265,26946,613250
12266,26946,613300
12267,26946,613350
12268,26946,613400
12269,26946,613450
12270,26946,613500
12271,26946,613550
12272,26946,613600
12273,26946,613650
12274,26946,613700
12275,26946,613750
12276,26946,613800
12277,26946,613850
12278,26946,613900
12279,26946,613950
12280,26946,614000
12281,26946,614050
12282,26946,614100
12283,26946,614150
12284,26946,614200
12285,26946,614250
12286,26946,614300
12287,26946,614350
12288,26946,614400
12289,26946,614450
12290,26946,614500
12291,26946,614550
12292,26946,614600
12293,26946,614650
12294,26946,614700
12295,26946,614750
12296,26946,614800
12297,26946,614850
12298,26946,614900
12299,26946,614950
12300,26946,615000
12301,26946,615050
12302,26946,615100
12303,26946,615150
12304,26946,615200
12305,26946,615250
12306,26946,615300
12307,26946,615350
12308,26946,615400
12309,26946,615450
12310,26946,615500
12311,26946,615550
12312,26946,615600
12313,26946,615650
12314,26946,615700
12315,26946,615750
12316,26946,615800
12317,26946,615850
12318,26946,615900
12319,26946,615950
12320,26946,616000
12321,26946,616050
12322,26946,616100
12323,26946,616150
12324,26946,616200
12325,26946,616250
12326,26946,616300
12327,26946,616350
12328,26946,616400
12329,26946,616450
12330,26946,616500
12331,26946,616550
12332,26946,616600
12333,26946,616650
12334,26946,616700
12335,26946,616750
12336,26946,616800
12337,26946,616850
12338,26946,616900
12339,26946,616950
12340,26946,617000
12341,26946,617050
12342,26946,617100
12343,26946,617150
12344,26946,617200
12345,26946,617250
12346,26946,617300
12347,26946,617350
12348,26946,617400
12349,26946,617450
12350,26946,617500
12351,26946,617550
12352,26946,617600
12353,26946,617650
12354,26946,617700
12355,26946,617750
12356,26946,617800
12357,26946,617850
12358,26946,617900
12359,26946,617950
12360,26946,618000
12361,26946,618050
12362,26946,618100
12363,26946,618150
12364,26946,618200
12365,26946,618250
12366,26946,618300
12367,26946,618350
12368,26946,618400
12369,26946,618450
12370,26946,618500
12371,26946,618550
12372,26946,618600
12373,26946,618650
12374,26946,618700
12375,26946,618750
12376,26946,618800
12377,26946,618850
12378,26946,618900
12379,26946,618950
12380,26946,619000
12381,26946,619050
12382,26946,619100
12383,26946,619150
12384,26946,619200
12385,26946,619250
12386,26946,619300
12387,26946,619350
12388,26946,619400
12389,26946,619450
12390,26946,619500
12391,26946,619550
12392,26946,619600
12393,26946,619650
12394,26946,619700
12395,26946,619750
12396,26946,619800
12397,26946,619850
12398,26946,619900
12399,26946,619950
12400,26946,620000
12401,26946,620050
12402,26946,620100
12403,26946,620150
12404,26946,620200
12405,26946,620250
12406,26946,620300
12407,26946,620350
12408,26946,620400
12409,26946,620450
12410,26946,620500
12411,26946,620550
12412,26946,620600
12413,26946,620650
12414,26946,620700
12415,26946,620750
12416,26946,620800
12417,26946,620850
12418,26946,620900
12419,26946,620950
12420,26946,621000
12421,26946,621050
12422,26946,621100
12423,26946,621150
12424,26946,621200
12425,26946,621250
12426,26946,621300
12427,26946,621350
12428,26946,621400
12429,26946,621450
12430,26946,621500
12431,26946,621550
12432,26946,621600
12433,26946,621650
12434,26946,621700
12435,26946,621750
12436,26946,621800
12437,26946,621850
12438,26946,621900
12439,26946,621950
12440,26946,622000
12441,26946,622050
12442,26946,622100
12443,26946,622150
12444,26946,622200
12445,26946,622250
12446,26946,622300
12447,26946,622350
12448,26946,622400
12449,26946,622450
12450,26946,622500
12451,26946,622550
12452,26946,622600
12453,26946,622650
12454,26946,622700
12455,26946,622750
12456,26946,622800
12457,26946,622850
12458,26946,622900
12459,26946,622950
12460,26946,623000
12461,26946,623050
12462,26946,623100
12463,26946,623150
12464,26946,623200
12465,26946,623250
12466,26946,623300
12467,26946,623350
12468,26946,623400
12469,26946,623450
12470,26946,623500
12471,26946,623550
12472,26946,623600
12473,26946,623650
12474,26946,623700
12475,26946,623750
12476,26946,623800
12477,26946,623850
12478,26946,623900
12479,26946,623950
12480,26946,624000
12481,26946,624050
12482,26946,624100
12483,26946,624150
12484,26946,624200
12485,26946,624250
12486,26946,624300
12487,26946,624350
12488,26946,624400
12489,26946,624450
12490,26946,624500
12491,26946,624550
12492,26946,624600
12493,26946,624650
12494,26946,624700
12495,26946,624750
12496,26946,624800
12497,26946,624850
12498,26946,624900
12499,26946,624950
12500,26946,625000
12501,26946,625050
12502,26946,625100
12503,26946,625150
12504,26946,625200
12505,26946,625250
12506,26946,625300
12507,26946,625350
12508,26946,625400
12509,26946,625450
12510,26946,625500
12511,26946,625550
12512,26946,625600
12513,26946,625650
12514,26946,625700
12515,26946,625750
12516,26946,625800
12517,26946,625850
12518,26946,625900
12519,26946,625950
12520,26946,626000
12521,26946,626050
12522,26946,626100
12523,26946,626150
12524,26946,626200
12525,26946,626250
12526,26946,626300
12527,26946,626350
12528,26946,626400
12529,26946,626450
12530,26946,626500
12531,26946,626550
12532,26946,626600
12533,26946,626650
12534,26946,626700
12535,26946,626750
12536,26946,626800
12537,26946,626850
12538,26946,626900
12539,26946,626950
12540,26946,627000
12541,26946,627050
12542,26946,627100
12543,26946,627150
12544,26946,627200
12545,26946,627250
12546,26946,627300
12547,26946,627350
12548,26946,627400
12549,26946,627450
12550,26946,627500
12551,26946,627550
12552,26946,627600
12553,26946,627650
12554,26946,627700
12555,26946,627750
12556,26946,627800
12557,26946,627850
12558,26946,627900
12559,26946,627950
12560,26946,628000
12561,26946,628050
12562,26946,628100
12563,26946,628150
12564,26946,628200
12565,26946,628250
12566,26946,628300
12567,26946,628350
12568,26946,628400
12569,26946,628450
12570,26946,628500
12571,26946,628550
12572,26946,628600
12573,26946,628650
12574,26946,628700
12575,26946,628750
12576,26946,628800
12577,26946,628850
12578,26946,628900
12579,26946,628950
12580,26946,629000
12581,26946,629050
12582,26946,629100
12583,26946,629150
12584,26946,629200
12585,26946,629250
12586,26946,629300
12587,26946,629350
12588,26946,629400
12589,26946,629450
12590,26946,629500
12591,26946,629550
12592,26946,629600
12593,26946,629650
12594,26946,629700
12595,26946,629750
12596,26946,629800
12597,26946,629850
12598,26946,629900
12599,26946,629950
12600,26946,630000
12601,26946,630050
12602,26946,630100
12603,26946,630150
12604,26946,630200
12605,26946,630250
12606,26946,630300
12607,26946,630350
12608,26946,630400
12609,26946,630450
12610,26946,630500
12611,26946,630550
12612,26946,630600
12613,26946,630650
12614,26946,630700
12615,26946,630750
12616,26946,630800
12617,26946,630850
12618,26946,630900
12619,26946,630950
12620,26946,631000
12621,26946,631050
12622,26946,631100
12623,26946,631150
12624,26946,631200
12625,26946,631250
12626,26946,631300
12627,26946,631350
12628,26946,631400
12629,26946,631450
12630,26946,631500
12631,26946,631550
12632,26946,631600
12633,26946,631650
12634,26946,631700
12635,26946,631750
12636,26946,631800
12637,26946,631850
12638,26946,631900
12639,26946,631950
12640,26946,632000
12641,26946,632050
12642,26946,632100
12643,26946,632150
12644,26946,632200
12645,26946,632250
12646,26946,632300
12647,26946,632350
12648,26946,632400
12649,26946,632450
12650,26946,632500
12651,26946,632550
12652,26946,632600
12653,26946,632650
12654,26946,632700
12655,26946,632750
12656,26946,632800
12657,26946,632850
12658,26946,632900
12659,26946,632950
12660,26946,633000
12661,26946,633050
12662,26946,633100
12663,26946,633150
12664,26946,633200
12665,26946,633250
12666,26946,633300
12667,26946,633350
12668,26946,633400
12669,26946,633450
12670,26946,633500
12671,26946,633550
12672,26946,633600
12673,26946,633650
12674,26946,633700
12675,26946,633750
12676,26946,633800
12677,26946,633850
12678,26946,633900
12679,26946,633950
12680,26946,634000
12681,26946,634050
12682,26946,634100
12683,26946,634150
12684,26946,634200
12685,26946,634250
12686,26946,634300
12687,26946,634350
12688,26946,634400
12689,26946,634450
12690,26946,634500
12691,26946,634550
12692,26946,634600
12693,26946,634650
12694,26946,634700
12695,26946,634750
12696,26946,634800
12697,26946,634850
12698,26946,634900
12699,26946,634950
12700,26946,635000
12701,26946,635050
12702,26946,635100
12703,26946,635150
12704,26946,635200
12705,26946,635250
12706,26946,635300
12707,26946,635350
12708,26946,635400
12709,26946,635450
12710,26946,635500
12711,26946,635550
12712,26946,635600
12713,26946,635650
12714,26946,635700
12715,26946,635750
12716,26946,635800
12717,26946,635850
12718,26946,635900
12719,26946,635950
12720,26946,636000
12721,26946,636050
12722,26946,636100
12723,26946,636150
12724,26946,636200
12725,26946,636250
12726,26946,636300
12727,26946,636350
12728,26946,636400
12729,26946,636450
12730,26946,636500
12731,26946,636550
12732,26946,636600
12733,26946,636650
12734,26946,636700
12735,26946,636750
12736,26946,636800
12737,26946,636850
12738,26946,636900
12739,26946,636950
12740,26946,637000
12741,26946,637050
12742,26946,637100
12743,26946,637150
12744,26946,637200
12745,26946,637250
12746,26946,637300
12747,26946,637350
12748,26946,637400
12749,26946,637450
12750,26946,637500
12751,26946,637550
12752,26946,637600
12753,26946,637650
12754,26946,637700
12755,26946,637750
12756,26946,637800
12757,26946,637850
12758,26946,637900
12759,26946,637950
12760,26946,638000
12761,26946,638050
12762,26946,638100
12763,26946,638150
12764,26946,638200
12765,26946,638250
12766,26946,638300
12767,26946,638350
12768,26946,638400
12769,26946,638450
12770,26946,638500
12771,26946,638550
12772,26946,638600
12773,26946,638650
12774,26946,638700
12775,26946,638750
12776,26946,638800
12777,26946,638850
12778,26946,638900
12779,26946,638950
12780,26946,639000
12781,26946,639050
12782,26946,639100
12783,26946,639150
12784,26946,639200
12785,26946,639250
12786,26946,639300
12787,26946,639350
12788,26946,639400
12789,26946,639450
12790,26946,639500
12791,26946,639550
12792,26946,639600
12793,26946,639650
12794,26946,639700
12795,26946,639750
12796,26946,639800
12797,26946,639850
12798,26946,639900
12799,26946,639950
12800,26946,640000
12801,26946,640050
12802,26946,640100
12803,26946,640150
12804,26946,640200
12805,26946,640250
12806,26946,640300
12807,26946,640350
12808,26946,640400
12809,26946,640450
12810,26946,640500
12811,26946,640550
12812,26946,640600
12813,26946,640650
12814,26946,640700
12815,26946,640750
12816,26946,640800
12817,26946,640850
12818,26946,640900
12819,26946,640950
12820,26946,641000
12821,26946,641050
12822,26946,641100
12823,26946,641150
12824,26946,641200
12825,26946,641250
12826,26946,641300
12827,26946,641350
12828,26946,641400
12829,26946,641450
12830,26946,641500
12831,26946,641550
12832,26946,641600
12833,26946,641650
12834,26946,641700
12835,26946,641750
12836,26946,641800
12837,26946,641850
12838,26946,641900
12839,26946,641950
12840,26946,642000
12841,26946,642050
12842,26946,642100
12843,26946,642150
12844,26946,642200
12845,26946,642250
12846,26946,642300
12847,26946,642350
12848,26946,642400
12849,26946,642450
12850,26946,642500
12851,26946,642550
12852,26946,642600
12853,26946,642650
12854,26946,642700
12855,26946,642750
12856,26946,642800
12857,26946,642850
12858,26946,642900
12859,26946,642950
12860,26946,643000
12861,26946,643050
12862,26946,643100
12863,26946,643150
12864,26946,643200
12865,26946,643250
12866,26946,643300
12867,26946,643350
12868,26946,643400
12869,26946,643450
12870,26946,643500
12871,26946,643550
12872,26946,643600
12873,26946,643650
12874,26946,643700
12875,26946,643750
12876,26946,643800
12877,26946,643850
12878,26946,643900
12879,26946,643950
12880,26946,644000
12881,26946,644050
12882,26946,644100
12883,26946,644150
12884,26946,644200
12885,26946,644250
12886,26946,644300
12887,26946,644350
12888,26946,644400
12889,26946,644450
12890,26946,644500
12891,26946,644550
12892,26946,644600
12893,26946,644650
12894,26946,644700
12895,26946,644750
12896,26946,644800
12897,26946,644850
12898,26946,644900
12899,26946,644950
12900,26946,645000
12901,26946,645050
12902,26946,645100
12903,26946,645150
12904,26946,645200
12905,26946,645250
12906,26946,645300
12907,26946,645350
12908,26946,645400
12909,26946,645450
12910,26946,645500
12911,26946,645550
12912,26946,645600
12913,26946,645650
12914,26946,645700
12915,26946,645750
12916,26946,645800
12917,26946,645850
12918,26946,645900
12919,26946,645950
12920,26946,646000
12921,26946,646050
12922,26946,646100
12923,26946,646150
12924,26946,646200
12925,26946,646250
12926,26946,646300
12927,26946,646350
12928,26946,646400
12929,26946,646450
12930,26946,646500
12931,26946,646550
12932,26946,646600
12933,26946,646650
12934,26946,646700
12935,26946,646750
12936,26946,646800
12937,26946,646850
12938,26946,646900
12939,26946,646950
12940,26946,647000
12941,26946,647050
12942,26946,647100
12943,26946,647150
12944,26946,647200
12945,26946,647250
12946,26946,647300
12947,26946,647350
12948,26946,647400
12949,26946,647450
12950,26946,647500
12951,26946,647550
12952,26946,647600
12953,26946,647650
12954,26946,647700
12955,26946,647750
12956,26946,647800
12957,26946,647850
12958,26946,647900
12959,26946,647950
12960,26946,648000
12961,26946,648050
12962,26946,648100
12963,26946,648150
12964,26946,648200
12965,26946,648250
12966,26946,648300
12967,26946,648350
12968,26946,648400
12969,26946,648450
12970,26946,648500
12971,26946,648550
12972,26946,648600
12973,26946,648650
12974,26946,648700
12975,26946,648750
12976,26946,648800
12977,26946,648850
12978,26946,648900
12979,26946,648950
12980,26946,649000
12981,26946,649050
12982,26946,649100
12983,26946,649150
12984,26946,649200
12985,26946,649250
12986,26946,649300
12987,26946,649350
12988,26946,649400
12989,26946,649450
12990,26946,649500
12991,26946,649550
12992,26946,649600
12993,26946,649650
12994,26946,649700
12995,26946,649750
12996,26946,649800
12997,26946,649850
12998,26946,649900
12999,26946,649950
13000,26946,650000
13001,26946,650050
13002,26946,650100
13003,26946,650150
13004,26946,650200
13005,26946,650250
13006,26946,650300
13007,26946,650350
13008,26946,650400
13009,26946,650450
13010,26946,650500
13011,26946,650550
13012,26946,650600
13013,26946,650650
13014,26946,650700
13015,26946,650750
13016,26946,650800
13017,26946,650850
13018,26946,650900
13019,26946,650950
13020,26946,651000
13021,26946,651050
13022,26946,651100
13023,26946,651150
13024,26946,651200
13025,26946,651250
13026,26946,651300
13027,26946,651350
13028,26946,651400
13029,26946,651450
13030,26946,651500
13031,26946,651550
13032,26946,651600
13033,26946,651650
13034,26946,651700
13035,26946,651750
13036,26946,651800
13037,26946,651850
13038,26946,651900
13039,26946,651950
13040,26946,652000
13041,26946,652050
13042,26946,652100
13043,26946,652150
13044,26946,652200
13045,26946,652250
13046,26946,652300
13047,26946,652350
13048,26946,652400
13049,26946,652450
13050,26946,652500
13051,26946,652550
13052,26946,652600
13053,26946,652650
13054,26946,652700
13055,26946,652750
13056,26946,652800
13057,26946,652850
13058,26946,652900
13059,26946,652950
13060,26946,653000
13061,26946,653050
13062,26946,653100
13063,26946,653150
13064,26946,653200
13065,26946,653250
13066,26946,653300
13067,26946,653350
13068,26946,653400
13069,26946,653450
13070,26946,653500
13071,26946,653550
13072,26946,653600
13073,26946,653650
13074,26946,653700
13075,26946,653750
13076,26946,653800
13077,26946,653850
13078,26946,653900
13079,26946,653950
13080,26946,654000
13081,26946,654050
13082,26946,654100
13083,26946,654150
13084,26946,654200
13085,26946,654250
13086,26946,654300
13087,26946,654350
13088,26946,654400
13089,26946,654450
13090,26946,654500
13091,26946,654550
13092,26946,654600
13093,26946,654650
13094,26946,654700
13095,26946,654750
13096,26946,654800
13097,26946,654850
13098,26946,654900
13099,26946,654950
13100,26946,655000
13101,26946,655050
13102,26946,655100
13103,26946,655150
13104,26946,655200
13105,26946,655250
13106,26946,655300
13107,26946,655350
13108,26946,655400
13109,26946,655450
13110,26946,655500
13111,26946,655550
13112,26946,655600
13113,26946,655650
13114,26946,655700
13115,26946,655750
13116,26946,655800
13117,26946,655850
13118,26946,655900
13119,26946,655950
13120,26946,656000
13121,26946,656050
13122,26946,656100
13123,26946,656150
13124,26946,656200
13125,26946,656250
13126,26946,656300
13127,26946,656350
13128,26946,656400
13129,26946,656450
13130,26946,656500
13131,26946,656550
13132,26946,656600
13133,26946,656650
13134,26946,656700
13135,26946,656750
13136,26946,656800
13137,26946,656850
13138,26946,656900
13139,26946,656950
13140,26946,657000
13141,26946,657050
13142,26946,657100
13143,26946,657150
13144,26946,657200
13145,26946,657250
13146,26946,657300
13147,26946,657350
13148,26946,657400
13149,26946,657450
13150,26946,657500
13151,26946,657550
13152,26946,657600
13153,26946,657650
13154,26946,657700
13155,26946,657750
13156,26946,657800
13157,26946,657850
13158,26946,657900
13159,26946,657950
13160,26946,658000
13161,26946,658050
13162,26946,658100
13163,26946,658150
13164,26946,658200
13165,26946,658250
13166,26946,658300
13167,26946,658350
13168,26946,658400
13169,26946,658450
13170,26946,658500
13171,26946,658550
13172,26946,658600
13173,26946,658650
13174,26946,658700
13175,26946,658750
13176,26946,658800
13177,26946,658850
13178,26946,658900
13179,26946,658950
13180,26946,659000
13181,26946,659050
13182,26946,659100
13183,26946,659150
13184,26946,659200
13185,26946,659250
13186,26946,659300
13187,26946,659350
13188,26946,659400
13189,26946,659450
13190,26946,659500
13191,26946,659550
13192,26946,659600
13193,26946,659650
13194,26946,659700
13195,26946,659750
13196,26946,659800
13197,26946,659850
13198,26946,659900
13199,26946,659950
13200,26946,660000
13201,26946,660050
13202,26946,660100
13203,26946,660150
13204,26946,660200
13205,26946,660250
13206,26946,660300
13207,26946,660350
13208,26946,660400
13209,26946,660450
13210,26946,660500
13211,26946,660550
13212,26946,660600
13213,26946,660650
13214,26946,660700
13215,26946,660750
13216,26946,660800
13217,26946,660850
13218,26946,660900
13219,26946,660950
13220,26946,661000
13221,26946,661050
13222,26946,661100
13223,26946,661150
13224,26946,661200
13225,26946,661250
13226,26946,661300
13227,26946,661350
13228,26946,661400
13229,26946,661450
13230,26946,661500
13231,26946,661550
13232,26946,661600
13233,26946,661650
13234,26946,661700
13235,26946,661750
13236,26946,661800
13237,26946,661850
13238,26946,661900
13239,26946,661950
13240,26946,662000
13241,26946,662050
13242,26946,662100
13243,26946,662150
13244,26946,662200
13245,26946,662250
13246,26946,662300
13247,26946,662350
13248,26946,662400
13249,26946,662450
13250,26946,662500
13251,26946,662550
13252,26946,662600
13253,26946,662650
13254,26946,662700
13255,26946,662750
13256,26946,662800
13257,26946,662850
13258,26946,662900
13259,26946,662950
13260,26946,663000
13261,26946,663050
13262,26946,663100
13263,26946,663150
13264,26946,663200
13265,26946,663250
13266,26946,663300
13267,26946,663350
13268,26946,663400
13269,26946,663450
13270,26946,663500
13271,26946,663550
13272,26946,663600
13273,26946,663650
13274,26946,663700
13275,26946,663750
13276,26946,663800
13277,26946,663850
13278,26946,663900
13279,26946,663950
13280,26946,664000
13281,26946,664050
13282,26946,664100
13283,26946,664150
13284,26946,664200
13285,26946,664250
13286,26946,664300
13287,26946,664350
13288,26946,664400
13289,26946,664450
13290,26946,664500
13291,26946,664550
13292,26946,664600
13293,26946,664650
13294,26946,664700
13295,26946,664750
13296,26946,664800
13297,26946,664850
13298,26946,664900
13299,26946,664950
13300,26946,665000
13301,26946,665050
13302,26946,665100
13303,26946,665150
13304,26946,665200
13305,26946,665250
13306,26946,665300
13307,26946,665350
13308,26946,665400
13309,26946,665450
13310,26946,665500
13311,26946,665550
13312,26946,665600
13313,26946,665650
13314,26946,665700
13315,26946,665750
13316,26946,665800
13317,26946,665850
13318,26946,665900
13319,26946,665950
13320,26946,666000
13321,26946,666050
13322,26946,666100
13323,26946,666150
13324,26946,666200
13325,26946,666250
13326,26946,666300
13327,26946,666350
13328,26946,666400
13329,26946,666450
13330,26946,666500
13331,26946,666550
13332,26946,666600
13333,26946,666650
13334,26946,666700
13335,26946,666750
13336,26946,666800
13337,26946,666850
13338,26946,666900
13339,26946,666950
13340,26946,667000
13341,26946,667050
13342,26946,667100
13343,26946,667150
13344,26946,667200
13345,26946,667250
13346,26946,667300
13347,26946,667350
13348,26946,667400
13349,26946,667450
13350,26946,667500
13351,26946,667550
13352,26946,667600
13353,26946,667650
13354,26946,667700
13355,26946,667750
13356,26946,667800
13357,26946,667850
13358,26946,667900
13359,26946,667950
13360,26946,668000
13361,26946,668050
13362,26946,668100
13363,26946,668150
13364,26946,668200
13365,26946,668250
13366,26946,668300
13367,26946,668350
13368,26946,668400
13369,26946,668450
13370,26946,668500
13371,26946,668550
13372,26946,668600
13373,26946,668650
13374,26946,668700
13375,26946,668750
13376,26946,668800
13377,26946,668850
13378,26946,668900
13379,26946,668950
13380,26946,669000
13381,26946,669050
13382,26946,669100
13383,26946,669150
13384,26946,669200
13385,26946,669250
13386,26946,669300
13387,26946,669350
13388,26946,669400
13389,26946,669450
13390,26946,669500
13391,26946,669550
13392,26946,669600
13393,26946,669650
13394,26946,669700
13395,26946,669750
13396,26946,669800
13397,26946,669850
13398,26946,669900
13399,26946,669950
13400,26946,670000
13401,26946,670050
13402,26946,670100
13403,26946,670150
13404,26946,670200
13405,26946,670250
13406,26946,670300
13407,26946,670350
13408,26946,670400
13409,26946,670450
13410,26946,670500
13411,26946,670550
13412,26946,670600
13413,26946,670650
13414,26946,670700
13415,26946,670750
13416,26946,670800
13417,26946,670850
13418,26946,670900
13419,26946,670950
13420,26946,671000
13421,26946,671050
13422,26946,671100
13423,26946,671150
13424,26946,671200
13425,26946,671250
13426,26946,671300
13427,26946,671350
13428,26946,671400
13429,26946,671450
13430,26946,671500
13431,26946,671550
13432,26946,671600
13433,26946,671650
13434,26946,671700
13435,26946,671750
13436,26946,671800
13437,26946,671850
13438,26946,671900
13439,26946,671950
13440,26946,672000
13441,26946,672050
13442,26946,672100
13443,26946,672150
13444,26946,672200
13445,26946,672250
13446,26946,672300
13447,26946,672350
13448,26946,672400
13449,26946,672450
13450,26946,672500
13451,26946,672550
13452,26946,672600
13453,26946,672650
13454,26946,672700
13455,26946,672750
13456,26946,672800
13457,26946,672850
13458,26946,672900
13459,26946,672950
13460,26946,673000
13461,26946,673050
13462,26946,673100
13463,26946,673150
13464,26946,673200
13465,26946,673250
13466,26946,673300
13467,26946,673350
13468,26946,673400
13469,26946,673450
13470,26946,673500
13471,26946,673550
13472,26946,673600
13473,26946,673650
13474,26946,673700
13475,26946,673750
13476,26946,673800
13477,26946,673850
13478,26946,673900
13479,26946,673950
13480,26946,674000
13481,26946,674050
13482,26946,674100
13483,26946,674150
13484,26946,674200
13485,26946,674250
13486,26946,674300
13487,26946,674350
13488,26946,674400
13489,26946,674450
13490,26946,674500
13491,26946,674550
13492,26946,674600
13493,26946,674650
13494,26946,674700
13495,26946,674750
13496,26946,674800
13497,26946,674850
13498,26946,674900
13499,26946,674950
13500,26946,675000
13501,26946,675050
13502,26946,675100
13503,26946,675150
13504,26946,675200
13505,26946,675250
13506,26946,675300
13507,26946,675350
13508,26946,675400
13509,26946,675450
13510,26946,675500
13511,26946,675550
13512,26946,675600
13513,26946,675650
13514,26946,675700
13515,26946,675750
13516,26946,675800
13517,26946,675850
13518,26946,675900
13519,26946,675950
13520,26946,676000
13521,26946,676050
13522,26946,676100
13523,26946,676150
13524,26946,676200
13525,26946,676250
13526,26946,676300
13527,26946,676350
13528,26946,676400
13529,26946,676450
13530,26946,676500
13531,26946,676550
13532,26946,676600
13533,26946,676650
13534,26946,676700
13535,26946,676750
13536,26946,676800
13537,26946,676850
13538,26946,676900
13539,26946,676950
13540,26946,677000
13541,26946,677050
13542,26946,677100
13543,26946,677150
13544,26946,677200
13545,26946,677250
13546,26946,677300
13547,26946,677350
13548,26946,677400
13549,26946,677450
13550,26946,677500
13551,26946,677550
13552,26946,677600
13553,26946,677650
13554,26946,677700
13555,26946,677750
13556,26946,677800
13557,26946,677850
13558,26946,677900
13559,26946,677950
13560,26946,678000
13561,26946,678050
13562,26946,678100
13563,26946,678150
13564,26946,678200
13565,26946,678250
13566,26946,678300
13567,26946,678350
13568,26946,678400
13569,26946,678450
13570,26946,678500
13571,26946,678550
13572,26946,678600
13573,26946,678650
13574,26946,678700
13575,26946,678750
13576,26946,678800
13577,26946,678850
13578,26946,678900
13579,26946,678950
13580,26946,679000
13581,26946,679050
13582,26946,679100
13583,26946,679150
13584,26946,679200
13585,26946,679250
13586,26946,679300
13587,26946,679350
13588,26946,679400
13589,26946,679450
13590,26946,679500
13591,26946,679550
13592,26946,679600
13593,26946,679650
13594,26946,679700
13595,26946,679750
13596,26946,679800
13597,26946,679850
13598,26946,679900
13599,26946,679950
13600,26946,680000
13601,26946,680050
13602,26946,680100
13603,26946,680150
13604,26946,680200
13605,26946,680250
13606,26946,680300
13607,26946,680350
13608,26946,680400
13609,26946,680450
13610,26946,680500
13611,26946,680550
13612,26946,680600
13613,26946,680650
13614,26946,680700
13615,26946,680750
13616,26946,680800
13617,26946,680850
13618,26946,680900
13619,26946,680950
13620,26946,681000
13621,26946,681050
13622,26946,681100
13623,26946,681150
13624,26946,681200
13625,26946,681250
13626,26946,681300
13627,26946,681350
13628,26946,681400
13629,26946,681450
13630,26946,681500
13631,26946,681550
13632,26946,681600
13633,26946,681650
13634,26946,681700
13635,26946,681750
13636,26946,681800
13637,26946,681850
13638,26946,681900
13639,26946,681950
13640,26946,682000
13641,26946,682050
13642,26946,682100
13643,26946,682150
13644,26946,682200
13645,26946,682250
13646,26946,682300
13647,26946,682350
13648,26946,682400
13649,26946,682450
13650,26946,682500
13651,26946,682550
13652,26946,682600
13653,26946,682650
13654,26946,682700
13655,26946,682750
13656,26946,682800
13657,26946,682850
13658,26946,682900
13659,26946,682950
13660,26946,683000
13661,26946,683050
13662,26946,683100
13663,26946,683150
13664,26946,683200
13665,26946,683250
13666,26946,683300
13667,26946,683350
13668,26946,683400
13669,26946,683450
13670,26946,683500
13671,26946,683550
13672,26946,683600
13673,26946,683650
13674,26946,683700
13675,26946,683750
13676,26946,683800
13677,26946,683850
13678,26946,683900
13679,26946,683950
13680,26946,684000
13681,26946,684050
13682,26946,684100
13683,26946,684150
13684,26946,684200
13685,26946,684250
13686,26946,684300
13687,26946,684350
13688,26946,684400
13689,26946,684450
13690,26946,684500
13691,26946,684550
13692,26946,684600
13693,26946,684650
13694,26946,684700
13695,26946,684750
13696,26946,684800
13697,26946,684850
13698,26946,684900
13699,26946,684950
13700,26946,685000
13701,26946,685050
13702,26946,685100
13703,26946,685150
13704,26946,685200
13705,26946,685250
13706,26946,685300
13707,26946,685350
13708,26946,685400
13709,26946,685450
13710,26946,685500
13711,26946,685550
13712,26946,685600
13713,26946,685650
13714,26946,685700
13715,26946,685750
13716,26946,685800
13717,26946,685850
13718,26946,685900
13719,26946,685950
13720,26946,686000
13721,26946,686050
13722,26946,686100
13723,26946,686150
13724,26946,686200
13725,26946,686250
13726,26946,686300
13727,26946,686350
13728,26946,686400
13729,26946,686450
13730,26946,686500
13731,26946,686550
13732,26946,686600
13733,26946,686650
13734,26946,686700
13735,26946,686750
13736,26946,686800
13737,26946,686850
13738,26946,686900
13739,26946,686950
13740,26946,687000
13741,26946,687050
13742,26946,687100
13743,26946,687150
13744,26946,687200
13745,26946,687250
13746,26946,687300
13747,26946,687350
13748,26946,687400
13749,26946,687450
13750,26946,687500
13751,26946,687550
13752,26946,687600
13753,26946,687650
13754,26946,687700
13755,26946,687750
13756,26946,687800
13757,26946,687850
13758,26946,687900
13759,26946,687950
13760,26946,688000
13761,26946,688050
13762,26946,688100
13763,26946,688150
13764,26946,688200
13765,26946,688250
13766,26946,688300
13767,26946,688350
13768,26946,688400
13769,26946,688450
13770,26946,688500
13771,26946,688550
13772,26946,688600
13773,26946,688650
13774,26946,688700
13775,26946,688750
13776,26946,688800
13777,26946,688850
13778,26946,688900
13779,26946,688950
13780,26946,689000
13781,26946,689050
13782,26946,689100
13783,26946,689150
13784,26946,689200
13785,26946,689250
13786,26946,689300
13787,26946,689350
13788,26946,689400
13789,26946,689450
13790,26946,689500
13791,26946,689550
13792,26946,689600
13793,26946,689650
13794,26946,689700
13795,26946,689750
13796,26946,689800
13797,26946,689850
13798,26946,689900
13799,26946,689950
13800,26946,690000
13801,26946,690050
13802,26946,690100
13803,26946,690150
13804,26946,690200
13805,26946,690250
13806,26946,690300
13807,26946,690350
13808,26946,690400
13809,26946,690450
13810,26946,690500
13811,26946,690550
13812,26946,690600
13813,26946,690650
13814,26946,690700
13815,26946,690750
13816,26946,690800
13817,26946,690850
13818,26946,690900
13819,26946,690950
13820,26946,691000
13821,26946,691050
13822,26946,691100
13823,26946,691150
13824,26946,691200
13825,26946,691250
13826,26946,691300
13827,26946,691350
13828,26946,691400
13829,26946,691450
13830,26946,691500
13831,26946,691550
13832,26946,691600
13833,26946,691650
13834,26946,691700
13835,26946,691750
13836,26946,691800
13837,26946,691850
13838,26946,691900
13839,26946,691950
13840,26946,692000
13841,26946,692050
13842,26946,692100
13843,26946,692150
13844,26946,692200
13845,26946,692250
13846,26946,692300
13847,26946,692350
13848,26946,692400
13849,26946,692450
13850,26946,692500
13851,26946,692550
13852,26946,692600
13853,26946,692650
13854,26946,692700
13855,26946,692750
13856,26946,692800
13857,26946,692850
13858,26946,692900
13859,26946,692950
13860,26946,693000
13861,26946,693050
13862,26946,693100
13863,26946,693150
13864,26946,693200
13865,26946,693250
13866,26946,693300
13867,26946,693350
13868,26946,693400
13869,26946,693450
13870,26946,693500
13871,26946,693550
13872,26946,693600
13873,26946,693650
13874,26946,693700
13875,26946,693750
13876,26946,693800
13877,26946,693850
13878,26946,693900
13879,26946,693950
13880,26946,694000
13881,26946,694050
13882,26946,694100
13883,26946,694150
13884,26946,694200
13885,26946,694250
13886,26946,694300
13887,26946,694350
13888,26946,694400
13889,26946,694450
13890,26946,694500
13891,26946,694550
13892,26946,694600
13893,26946,694650
13894,26946,694700
13895,26946,694750
13896,26946,694800
13897,26946,694850
13898,26946,694900
13899,26946,694950
13900,26946,695000
13901,26946,695050
13902,26946,695100
13903,26946,695150
13904,26946,695200
13905,26946,695250
13906,26946,695300
13907,26946,695350
13908,26946,695400
13909,26946,695450
13910,26946,695500
13911,26946,695550
13912,26946,695600
13913,26946,695650
13914,26946,695700
13915,26946,695750
13916,26946,695800
13917,26946,695850
13918,26946,695900
13919,26946,695950
13920,26946,696000
13921,26946,696050
13922,26946,696100
13923,26946,696150
13924,26946,696200
13925,26946,696250
13926,26946,696300
13927,26946,696350
13928,26946,696400
13929,26946,696450
13930,26946,696500
13931,26946,696550
13932,26946,696600
13933,26946,696650
13934,26946,696700
13935,26946,696750
13936,26946,696800
13937,26946,696850
13938,26946,696900
13939,26946,696950
13940,26946,697000
13941,26946,697050
13942,26946,697100
13943,26946,697150
13944,26946,697200
13945,26946,697250
13946,26946,697300
13947,26946,697350
13948,26946,697400
13949,26946,697450
13950,26946,697500
13951,26946,697550
13952,26946,697600
13953,26946,697650
13954,26946,697700
13955,26946,697750
13956,26946,697800
13957,26946,697850
13958,26946,697900
13959,26946,697950
13960,26946,698000
13961,26946,698050
13962,26946,698100
13963,26946,698150
13964,26946,698200
13965,26946,698250
13966,26946,698300
13967,26946,698350
13968,26946,698400
13969,26946,698450
13970,26946,698500
13971,26946,698550
13972,26946,698600
13973,26946,698650
13974,26946,698700
13975,26946,698750
13976,26946,698800
13977,26946,698850
13978,26946,698900
13979,26946,698950
13980,26946,699000
13981,26946,699050
13982,26946,699100
13983,26946,699150
13984,26946,699200
13985,26946,699250
13986,26946,699300
13987,26946,699350
13988,26946,699400
13989,26946,699450
13990,26946,699500
13991,26946,699550
13992,26946,699600
13993,26946,699650
13994,26946,699700
13995,26946,699750
13996,26946,699800
13997,26946,699850
13998,26946,699900
13999,26946,699950
14000,26946,700000
14001,26946,700050
14002,26946,700100
14003,26946,700150
14004,26946,700200
14005,26946,700250
14006,26946,700300
14007,26946,700350
14008,26946,700400
14009,26946,700450
14010,26946,700500
14011,26946,700550
14012,26946,700600
14013,26946,700650
14014,26946,700700
14015,26946,700750
14016,26946,700800
14017,26946,700850
14018,26946,700900
14019,26946,700950
14020,26946,701000
14021,26946,701050
14022,26946,701100
14023,26946,701150
14024,26946,701200
14025,26946,701250
14026,26946,701300
14027,26946,701350
14028,26946,701400
14029,26946,701450
14030,26946,701500
14031,26946,701550
14032,26946,701600
14033,26946,701650
14034,26946,701700
14035,26946,701750
14036,26946,701800
14037,26946,701850
14038,26946,701900
14039,26946,701950
14040,26946,702000
14041,26946,702050
14042,26946,702100
14043,26946,702150
14044,26946,702200
14045,26946,702250
14046,26946,702300
14047,26946,702350
14048,26946,702400
14049,26946,702450
14050,26946,702500
14051,26946,702550
14052,26946,702600
14053,26946,702650
14054,26946,702700
14055,26946,702750
14056,26946,702800
14057,26946,702850
14058,26946,702900
14059,26946,702950
14060,26946,703000
14061,26946,703050
14062,26946,703100
14063,26946,703150
14064,26946,703200
14065,26946,703250
14066,26946,703300
14067,26946,703350
14068,26946,703400
14069,26946,703450
14070,26946,703500
14071,26946,703550
14072,26946,703600
14073,26946,703650
14074,26946,703700
14075,26946,703750
14076,26946,703800
14077,26946,703850
14078,26946,703900
14079,26946,703950
14080,26946,704000
14081,26946,704050
14082,26946,704100
14083,26946,704150
14084,26946,704200
14085,26946,704250
14086,26946,704300
14087,26946,704350
14088,26946,704400
14089,26946,704450
14090,26946,704500
14091,26946,704550
14092,26946,704600
14093,26946,704650
14094,26946,704700
14095,26946,704750
14096,26946,704800
14097,26946,704850
14098,26946,704900
14099,26946,704950
14100,26946,705000
14101,26946,705050
14102,26946,705100
14103,26946,705150
14104,26946,705200
14105,26946,705250
14106,26946,705300
14107,26946,705350
14108,26946,705400
14109,26946,705450
14110,26946,705500
14111,26946,705550
14112,26946,705600
14113,26946,705650
14114,26946,705700
14115,26946,705750
14116,26946,705800
14117,26946,705850
14118,26946,705900
14119,26946,705950
14120,26946,706000
14121,26946,706050
14122,26946,706100
14123,26946,706150
14124,26946,706200
14125,26946,706250
14126,26946,706300
14127,26946,706350
14128,26946,706400
14129,26946,706450
14130,26946,706500
14131,26946,706550
14132,26946,706600
14133,26946,706650
14134,26946,706700
14135,26946,706750
14136,26946,706800
14137,26946,706850
14138,26946,706900
14139,26946,706950
14140,26946,707000
14141,26946,707050
14142,26946,707100
14143,26946,707150
14144,26946,707200
14145,26946,707250
14146,26946,707300
14147,26946,707350
14148,26946,707400
14149,26946,707450
14150,26946,707500
14151,26946,707550
14152,26946,707600
14153,26946,707650
14154,26946,707700
14155,26946,707750
14156,26946,707800
14157,26946,707850
14158,26946,707900
14159,26946,707950
14160,26946,708000
14161,26946,708050
14162,26946,708100
14163,26946,708150
14164,26946,708200
14165,26946,708250
14166,26946,708300
14167,26946,708350
14168,26946,708400
14169,26946,708450
14170,26946,708500
14171,26946,708550
14172,26946,708600
14173,26946,708650
14174,26946,708700
14175,26946,708750
14176,26946,708800
14177,26946,708850
14178,26946,708900
14179,26946,708950
14180,26946,709000
14181,26946,709050
14182,26946,709100
14183,26946,709150
14184,26946,709200
14185,26946,709250
14186,26946,709300
14187,26946,709350
14188,26946,709400
14189,26946,709450
14190,26946,709500
14191,26946,709550
14192,26946,709600
14193,26946,709650
14194,26946,709700
14195,26946,709750
14196,26946,709800
14197,26946,709850
14198,26946,709900
14199,26946,709950
14200,26946,710000
14201,26946,710050
14202,26946,710100
14203,26946,710150
14204,26946,710200
14205,26946,710250
14206,26946,710300
14207,26946,710350
14208,26946,710400
14209,26946,710450
14210,26946,710500
14211,26946,710550
14212,26946,710600
14213,26946,710650
14214,26946,710700
14215,26946,710750
14216,26946,710800
14217,26946,710850
14218,26946,710900
14219,26946,710950
14220,26946,711000
14221,26946,711050
14222,26946,711100
14223,26946,711150
14224,26946,711200
14225,26946,711250
14226,26946,711300
14227,26946,711350
14228,26946,711400
14229,26946,711450
14230,26946,711500
14231,26946,711550
14232,26946,711600
14233,26946,711650
14234,26946,711700
14235,26946,711750
14236,26946,711800
14237,26946,711850
14238,26946,711900
14239,26946,711950
14240,26946,712000
14241,26946,712050
14242,26946,712100
14243,26946,712150
14244,26946,712200
14245,26946,712250
14246,26946,712300
14247,26946,712350
14248,26946,712400
14249,26946,712450
14250,26946,712500
14251,26946,712550
14252,26946,712600
14253,26946,712650
14254,26946,712700
14255,26946,712750
14256,26946,712800
14257,26946,712850
14258,26946,712900
14259,26946,712950
14260,26946,713000
14261,26946,713050
14262,26946,713100
14263,26946,713150
14264,26946,713200
14265,26946,713250
14266,26946,713300
14267,26946,713350
14268,26946,713400
14269,26946,713450
14270,26946,713500
14271,26946,713550
14272,26946,713600
14273,26946,713650
14274,26946,713700
14275,26946,713750
14276,26946,713800
14277,26946,713850
14278,26946,713900
14279,26946,713950
14280,26946,714000
14281,26946,714050
14282,26946,714100
14283,26946,714150
14284,26946,714200
14285,26946,714250
14286,26946,714300
14287,26946,714350
14288,26946,714400
14289,26946,714450
14290,26946,714500
14291,26946,714550
14292,26946,714600
14293,26946,714650
14294,26946,714700
14295,26946,714750
14296,26946,714800
14297,26946,714850
14298,26946,714900
14299,26946,714950
14300,26946,715000
14301,26946,715050
14302,26946,715100
14303,26946,715150
14304,26946,715200
14305,26946,715250
14306,26946,715300
14307,26946,715350
14308,26946,715400
14309,26946,715450
14310,26946,715500
14311,26946,715550
14312,26946,715600
14313,26946,715650
14314,26946,715700
14315,26946,715750
14316,26946,715800
14317,26946,715850
14318,26946,715900
14319,26946,715950
14320,26946,716000
14321,26946,716050
14322,26946,716100
14323,26946,716150
14324,26946,716200
14325,26946,716250
14326,26946,716300
14327,26946,716350
14328,26946,716400
14329,26946,716450
14330,26946,716500
14331,26946,716550
14332,26946,716600
14333,26946,716650
14334,26946,716700
14335,26946,716750
14336,26946,716800
14337,26946,716850
14338,26946,716900
14339,26946,716950
14340,26946,717000
14341,26946,717050
14342,26946,717100
14343,26946,717150
14344,26946,717200
14345,26946,717250
14346,26946,717300
14347,26946,717350
14348,26946,717400
14349,26946,717450
14350,26946,717500
14351,26946,717550
14352,26946,717600
14353,26946,717650
14354,26946,717700
14355,26946,717750
14356,26946,717800
14357,26946,717850
14358,26946,717900
14359,26946,717950
14360,26946,718000
14361,26946,718050
14362,26946,718100
14363,26946,718150
14364,26946,718200
14365,26946,718250
14366,26946,718300
14367,26946,718350
14368,26946,718400
14369,26946,718450
14370,26946,718500
14371,26946,718550
14372,26946,718600
14373,26946,718650
14374,26946,718700
14375,26946,718750
14376,26946,718800
14377,26946,718850
14378,26946,718900
14379,26946,718950
14380,26946,719000
14381,26946,719050
14382,26946,719100
14383,26946,719150
14384,26946,719200
14385,26946,719250
14386,26946,719300
14387,26946,719350
14388,26946,719400
14389,26946,719450
14390,26946,719500
14391,26946,719550
14392,26946,719600
14393,26946,719650
14394,26946,719700
14395,26946,719750
14396,26946,719800
14397,26946,719850
14398,26946,719900
14399,26946,719950
14400,26946,720000
14401,26946,720050
14402,26946,720100
14403,26946,720150
14404,26946,720200
14405,26946,720250
14406,26946,720300
14407,26946,720350
14408,26946,720400
14409,26946,720450
14410,26946,720500
14411,26946,720550
14412,26946,720600
14413,26946,720650
14414,26946,720700
14415,26946,720750
14416,26946,720800
14417,26946,720850
14418,26946,720900
14419,26946,720950
14420,26946,721000
14421,26946,721050
14422,26946,721100
14423,26946,721150
14424,26946,721200
14425,26946,721250
14426,26946,721300
14427,26946,721350
14428,26946,721400
14429,26946,721450
14430,26946,721500
14431,26946,721550
14432,26946,721600
14433,26946,721650
14434,26946,721700
14435,26946,721750
14436,26946,721800
14437,26946,721850
14438,26946,721900
14439,26946,721950
14440,26946,722000
14441,26946,722050
14442,26946,722100
14443,26946,722150
14444,26946,722200
14445,26946,722250
14446,26946,722300
14447,26946,722350
14448,26946,722400
14449,26946,722450
14450,26946,722500
14451,26946,722550
14452,26946,722600
14453,26946,722650
14454,26946,722700
14455,26946,722750
14456,26946,722800
14457,26946,722850
14458,26946,722900
14459,26946,722950
14460,26946,723000
14461,26946,723050
14462,26946,723100
14463,26946,723150
14464,26946,723200
14465,26946,723250
14466,26946,723300
14467,26946,723350
14468,26946,723400
14469,26946,723450
14470,26946,723500
14471,26946,723550
14472,26946,723600
14473,26946,723650
14474,26946,723700
14475,26946,723750
14476,26946,723800
14477,26946,723850
14478,26946,723900
14479,26946,723950
14480,26946,724000
14481,26946,724050
14482,26946,724100
14483,26946,724150
14484,26946,724200
14485,26946,724250
14486,26946,724300
14487,26946,724350
14488,26946,724400
14489,26946,724450
14490,26946,724500
14491,26946,724550
14492,26946,724600
14493,26946,724650
14494,26946,724700
14495,26946,724750
14496,26946,724800
14497,26946,724850
14498,26946,724900
14499,26946,724950
14500,26946,725000
14501,26946,725050
14502,26946,725100
14503,26946,725150
14504,26946,725200
14505,26946,725250
14506,26946,725300
14507,26946,725350
14508,26946,725400
14509,26946,725450
14510,26946,725500
14511,26946,725550
14512,26946,725600
14513,26946,725650
14514,26946,725700
14515,26946,725750
14516,26946,725800
14517,26946,725850
14518,26946,725900
14519,26946,725950
14520,26946,726000
14521,26946,726050
14522,26946,726100
14523,26946,726150
14524,26946,726200
14525,26946,726250
14526,26946,726300
14527,26946,726350
14528,26946,726400
14529,26946,726450
14530,26946,726500
14531,26946,726550
14532,26946,726600
14533,26946,726650
14534,26946,726700
14535,26946,726750
14536,26946,726800
14537,26946,726850
14538,26946,726900
14539,26946,726950
14540,26946,727000
14541,26946,727050
14542,26946,727100
14543,26946,727150
14544,26946,727200
14545,26946,727250
14546,26946,727300
14547,26946,727350
14548,26946,727400
14549,26946,727450
14550,26946,727500
14551,26946,727550
14552,26946,727600
14553,26946,727650
14554,26946,727700
14555,26946,727750
14556,26946,727800
14557,26946,727850
14558,26946,727900
14559,26946,727950
14560,26946,728000
14561,26946,728050
14562,26946,728100
14563,26946,728150
14564,26946,728200
14565,26946,728250
14566,26946,728300
14567,26946,728350
14568,26946,728400
14569,26946,728450
14570,26946,728500
14571,26946,728550
14572,26946,728600
14573,26946,728650
14574,26946,728700
14575,26946,728750
14576,26946,728800
14577,26946,728850
14578,26946,728900
14579,26946,728950
14580,26946,729000
14581,26946,729050
14582,26946,729100
14583,26946,729150
14584,26946,729200
14585,26946,729250
14586,26946,729300
14587,26946,729350
14588,26946,729400
14589,26946,729450
14590,26946,729500
14591,26946,729550
14592,26946,729600
14593,26946,729650
14594,26946,729700
14595,26946,729750
14596,26946,729800
14597,26946,729850
14598,26946,729900
14599,26946,729950
14600,26946,730000
14601,26946,730050
14602,26946,730100
14603,26946,730150
14604,26946,730200
14605,26946,730250
14606,26946,730300
14607,26946,730350
14608,26946,730400
14609,26946,730450
14610,26946,730500
14611,26946,730550
14612,26946,730600
14613,26946,730650
14614,26946,730700
14615,26946,730750
14616,26946,730800
14617,26946,730850
14618,26946,730900
14619,26946,730950
14620,26946,731000
14621,26946,731050
14622,26946,731100
14623,26946,731150
14624,26946,731200
14625,26946,731250
14626,26946,731300
14627,26946,731350
14628,26946,731400
14629,26946,731450
14630,26946,731500
14631,26946,731550
14632,26946,731600
14633,26946,731650
14634,26946,731700
14635,26946,731750
14636,26946,731800
14637,26946,731850
14638,26946,731900
14639,26946,731950
14640,26946,732000
14641,26946,732050
14642,26946,732100
14643,26946,732150
14644,26946,732200
14645,26946,732250
14646,26946,732300
14647,26946,732350
14648,26946,732400
14649,26946,732450
14650,26946,732500
14651,26946,732550
14652,26946,732600
14653,26946,732650
14654,26946,732700
14655,26946,732750
14656,26946,732800
14657,26946,732850
14658,26946,732900
14659,26946,732950
14660,26946,733000
14661,26946,733050
14662,26946,733100
14663,26946,733150
14664,26946,733200
14665,26946,733250
14666,26946,733300
14667,26946,733350
14668,26946,733400
14669,26946,733450
14670,26946,733500
14671,26946,733550
14672,26946,733600
14673,26946,733650
14674,26946,733700
14675,26946,733750
14676,26946,733800
14677,26946,733850
14678,26946,733900
14679,26946,733950
14680,26946,734000
14681,26946,734050
14682,26946,734100
14683,26946,734150
14684,26946,734200
14685,26946,734250
14686,26946,734300
14687,26946,734350
14688,26946,734400
14689,26946,734450
14690,26946,734500
14691,26946,734550
14692,26946,734600
14693,26946,734650
14694,26946,734700
14695,26946,734750
14696,26946,734800
14697,26946,734850
14698,26946,734900
14699,26946,734950
14700,26946,735000
14701,26946,735050
14702,26946,735100
14703,26946,735150
14704,26946,735200
14705,26946,735250
14706,26946,735300
14707,26946,735350
14708,26946,735400
14709,26946,735450
14710,26946,735500
14711,26946,735550
14712,26946,735600
14713,26946,735650
14714,26946,735700
14715,26946,735750
14716,26946,735800
14717,26946,735850
14718,26946,735900
14719,26946,735950
14720,26946,736000
14721,26946,736050
14722,26946,736100
14723,26946,736150
14724,26946,736200
14725,26946,736250
14726,26946,736300
14727,26946,736350
14728,26946,736400
14729,26946,736450
14730,26946,736500
14731,26946,736550
14732,26946,736600
14733,26946,736650
14734,26946,736700
14735,26946,736750
14736,26946,736800
14737,26946,736850
14738,26946,736900
14739,26946,736950
14740,26946,737000
14741,26946,737050
14742,26946,737100
14743,26946,737150
14744,26946,737200
14745,26946,737250
14746,26946,737300
14747,26946,737350
14748,26946,737400
14749,26946,737450
14750,26946,737500
14751,26946,737550
14752,26946,737600
14753,26946,737650
14754,26946,737700
14755,26946,737750
14756,26946,737800
14757,26946,737850
14758,26946,737900
14759,26946,737950
14760,26946,738000
14761,26946,738050
14762,26946,738100
14763,26946,738150
14764,26946,738200
14765,26946,738250
14766,26946,738300
14767,26946,738350
14768,26946,738400
14769,26946,738450
14770,26946,738500
14771,26946,738550
14772,26946,738600
14773,26946,738650
14774,26946,738700
14775,26946,738750
14776,26946,738800
14777,26946,738850
14778,26946,738900
14779,26946,738950
14780,26946,739000
14781,26946,739050
14782,26946,739100
14783,26946,739150
14784,26946,739200
14785,26946,739250
14786,26946,739300
14787,26946,739350
14788,26946,739400
14789,26946,739450
14790,26946,739500
14791,26946,739550
14792,26946,739600
14793,26946,739650
14794,26946,739700
14795,26946,739750
14796,26946,739800
14797,26946,739850
14798,26946,739900
14799,26946,739950
14800,26946,740000
14801,26946,740050
14802,26946,740100
14803,26946,740150
14804,26946,740200
14805,26946,740250
14806,26946,740300
14807,26946,740350
14808,26946,740400
14809,26946,740450
14810,26946,740500
14811,26946,740550
14812,26946,740600
14813,26946,740650
14814,26946,740700
14815,26946,740750
14816,26946,740800
14817,26946,740850
14818,26946,740900
14819,26946,740950
14820,26946,741000
14821,26946,741050
14822,26946,741100
14823,26946,741150
14824,26946,741200
14825,26946,741250
14826,26946,741300
14827,26946,741350
14828,26946,741400
14829,26946,741450
14830,26946,741500
14831,26946,741550
14832,26946,741600
14833,26946,741650
14834,26946,741700
14835,26946,741750
14836,26946,741800
14837,26946,741850
14838,26946,741900
14839,26946,741950
14840,26946,742000
14841,26946,742050
14842,26946,742100
14843,26946,742150
14844,26946,742200
14845,26946,742250
14846,26946,742300
14847,26946,742350
14848,26946,742400
14849,26946,742450
14850,26946,742500
14851,26946,742550
14852,26946,742600
14853,26946,742650
14854,26946,742700
14855,26946,742750
14856,26946,742800
14857,26946,742850
14858,26946,742900
14859,26946,742950
14860,26946,743000
14861,26946,743050
14862,26946,743100
14863,26946,743150
14864,26946,743200
14865,26946,743250
14866,26946,743300
14867,26946,743350
14868,26946,743400
14869,26946,743450
14870,26946,743500
14871,26946,743550
14872,26946,743600
14873,26946,743650
14874,26946,743700
14875,26946,743750
14876,26946,743800
14877,26946,743850
14878,26946,743900
14879,26946,743950
14880,26946,744000
14881,26946,744050
14882,26946,744100
14883,26946,744150
14884,26946,744200
14885,26946,744250
14886,26946,744300
14887,26946,744350
14888,26946,744400
14889,26946,744450
14890,26946,744500
14891,26946,744550
14892,26946,744600
14893,26946,744650
14894,26946,744700
14895,26946,744750
14896,26946,744800
14897,26946,744850
14898,26946,744900
14899,26946,744950
14900,26946,745000
14901,26946,745050
14902,26946,745100
14903,26946,745150
14904,26946,745200
14905,26946,745250
14906,26946,745300
14907,26946,745350
14908,26946,745400
14909,26946,745450
14910,26946,745500
14911,26946,745550
14912,26946,745600
14913,26946,745650
14914,26946,745700
14915,26946,745750
14916,26946,745800
14917,26946,745850
14918,26946,745900
14919,26946,745950
14920,26946,746000
14921,26946,746050
14922,26946,746100
14923,26946,746150
14924,26946,746200
14925,26946,746250
14926,26946,746300
14927,26946,746350
14928,26946,746400
14929,26946,746450
14930,26946,746500
14931,26946,746550
14932,26946,746600
14933,26946,746650
14934,26946,746700
14935,26946,746750
14936,26946,746800
14937,26946,746850
14938,26946,746900
14939,26946,746950
14940,26946,747000
14941,26946,747050
14942,26946,747100
14943,26946,747150
14944,26946,747200
14945,26946,747250
14946,26946,747300
14947,26946,747350
14948,26946,747400
14949,26946,747450
14950,26946,747500
14951,26946,747550
14952,26946,747600
14953,26946,747650
14954,26946,747700
14955,26946,747750
14956,26946,747800
14957,26946,747850
14958,26946,747900
14959,26946,747950
14960,26946,748000
14961,26946,748050
14962,26946,748100
14963,26946,748150
14964,26946,748200
14965,26946,748250
14966,26946,748300
14967,26946,748350
14968,26946,748400
14969,26946,748450
14970,26946,748500
14971,26946,748550
14972,26946,748600
14973,26946,748650
14974,26946,748700
14975,26946,748750
14976,26946,748800
14977,26946,748850
14978,26946,748900
14979,26946,748950
14980,26946,749000
14981,26946,749050
14982,26946,749100
14983,26946,749150
14984,26946,749200
14985,26946,749250
14986,26946,749300
14987,26946,749350
14988,26946,749400
14989,26946,749450
14990,26946,749500
14991,26946,749550
14992,26946,749600
14993,26946,749650
14994,26946,749700
14995,26946,749750
14996,26946,749800
14997,26946,749850
14998,26946,749900
14999,26946,749950
15000,26946,750000
15001,26946,750050
15002,26946,750100
15003,26946,750150
15004,26946,750200
15005,26946,750250
15006,26946,750300
15007,26946,750350
15008,26946,750400
15009,26946,750450
15010,26946,750500
15011,26946,750550
15012,26946,750600
15013,26946,750650
15014,26946,750700
15015,26946,750750
15016,26946,750800
15017,26946,750850
15018,26946,750900
15019,26946,750950
15020,26946,751000
15021,26946,751050
15022,26946,751100
15023,26946,751150
15024,26946,751200
15025,26946,751250
15026,26946,751300
15027,26946,751350
15028,26946,751400
15029,26946,751450
15030,26946,751500
15031,26946,751550
15032,26946,751600
15033,26946,751650
15034,26946,751700
15035,26946,751750
15036,26946,751800
15037,26946,751850
15038,26946,751900
15039,26946,751950
15040,26946,752000
15041,26946,752050
15042,26946,752100
15043,26946,752150
15044,26946,752200
15045,26946,752250
15046,26946,752300
15047,26946,752350
15048,26946,752400
15049,26946,752450
15050,26946,752500
15051,26946,752550
15052,26946,752600
15053,26946,752650
15054,26946,752700
15055,26946,752750
15056,26946,752800
15057,26946,752850
15058,26946,752900
15059,26946,752950
15060,26946,753000
15061,26946,753050
15062,26946,753100
15063,26946,753150
15064,26946,753200
15065,26946,753250
15066,26946,753300
15067,26946,753350
15068,26946,753400
15069,26946,753450
15070,26946,753500
15071,26946,753550
15072,26946,753600
15073,26946,753650
15074,26946,753700
15075,26946,753750
15076,26946,753800
15077,26946,753850
15078,26946,753900
15079,26946,753950
15080,26946,754000
15081,26946,754050
15082,26946,754100
15083,26946,754150
15084,26946,754200
15085,26946,754250
15086,26946,754300
15087,26946,754350
15088,26946,754400
15089,26946,754450
15090,26946,754500
15091,26946,754550
15092,26946,754600
15093,26946,754650
15094,26946,754700
15095,26946,754750
15096,26946,754800
15097,26946,754850
15098,26946,754900
15099,26946,754950
15100,26946,755000
15101,26946,755050
15102,26946,755100
15103,26946,755150
15104,26946,755200
15105,26946,755250
15106,26946,755300
15107,26946,755350
15108,26946,755400
15109,26946,755450
15110,26946,755500
15111,26946,755550
15112,26946,755600
15113,26946,755650
15114,26946,755700
15115,26946,755750
15116,26946,755800
15117,26946,755850
15118,26946,755900
15119,26946,755950
15120,26946,756000
15121,26946,756050
15122,26946,756100
15123,26946,756150
15124,26946,756200
15125,26946,756250
15126,26946,756300
15127,26946,756350
15128,26946,756400
15129,26946,756450
15130,26946,756500
15131,26946,756550
15132,26946,756600
15133,26946,756650
15134,26946,756700
15135,26946,756750
15136,26946,756800
15137,26946,756850
15138,26946,756900
15139,26946,756950
15140,26946,757000
15141,26946,757050
15142,26946,757100
15143,26946,757150
15144,26946,757200
15145,26946,757250
15146,26946,757300
15147,26946,757350
15148,26946,757400
15149,26946,757450
15150,26946,757500
15151,26946,757550
15152,26946,757600
15153,26946,757650
15154,26946,757700
15155,26946,757750
15156,26946,757800
15157,26946,757850
15158,26946,757900
15159,26946,757950
15160,26946,758000
15161,26946,758050
15162,26946,758100
15163,26946,758150
15164,26946,758200
15165,26946,758250
15166,26946,758300
15167,26946,758350
15168,26946,758400
15169,26946,758450
15170,26946,758500
15171,26946,758550
15172,26946,758600
15173,26946,758650
15174,26946,758700
15175,26946,758750
15176,26946,758800
15177,26946,758850
15178,26946,758900
15179,26946,758950
15180,26946,759000
15181,26946,759050
15182,26946,759100
15183,26946,759150
15184,26946,759200
15185,26946,759250
15186,26946,759300
15187,26946,759350
15188,26946,759400
15189,26946,759450
15190,26946,759500
15191,26946,759550
15192,26946,759600
15193,26946,759650
15194,26946,759700
15195,26946,759750
15196,26946,759800
15197,26946,759850
15198,26946,759900
15199,26946,759950
15200,26946,760000
15201,26946,760050
15202,26946,760100
15203,26946,760150
15204,26946,760200
15205,26946,760250
15206,26946,760300
15207,26946,760350
15208,26946,760400
15209,26946,760450
15210,26946,760500
15211,26946,760550
15212,26946,760600
15213,26946,760650
15214,26946,760700
15215,26946,760750
15216,26946,760800
15217,26946,760850
15218,26946,760900
15219,26946,760950
15220,26946,761000
15221,26946,761050
15222,26946,761100
15223,26946,761150
15224,26946,761200
15225,26946,761250
15226,26946,761300
15227,26946,761350
15228,26946,761400
15229,26946,761450
15230,26946,761500
15231,26946,761550
15232,26946,761600
15233,26946,761650
15234,26946,761700
15235,26946,761750
15236,26946,761800
15237,26946,761850
15238,26946,761900
15239,26946,761950
15240,26946,762000
15241,26946,762050
15242,26946,762100
15243,26946,762150
15244,26946,762200
15245,26946,762250
15246,26946,762300
15247,26946,762350
15248,26946,762400
15249,26946,762450
15250,26946,762500
15251,26946,762550
15252,26946,762600
15253,26946,762650
15254,26946,762700
15255,26946,762750
15256,26946,762800
15257,26946,762850
15258,26946,762900
15259,26946,762950
15260,26946,763000
15261,26946,763050
15262,26946,763100
15263,26946,763150
15264,26946,763200
15265,26946,763250
15266,26946,763300
15267,26946,763350
15268,26946,763400
15269,26946,763450
15270,26946,763500
15271,26946,763550
15272,26946,763600
15273,26946,763650
15274,26946,763700
15275,26946,763750
15276,26946,763800
15277,26946,763850
15278,26946,763900
15279,26946,763950
15280,26946,764000
15281,26946,764050
15282,26946,764100
15283,26946,764150
15284,26946,764200
15285,26946,764250
15286,26946,764300
15287,26946,764350
15288,26946,764400
15289,26946,764450
15290,26946,764500
15291,26946,764550
15292,26946,764600
15293,26946,764650
15294,26946,764700
15295,26946,764750
15296,26946,764800
15297,26946,764850
15298,26946,764900
15299,26946,764950
15300,26946,765000
15301,26946,765050
15302,26946,765100
15303,26946,765150
15304,26946,765200
15305,26946,765250
15306,26946,765300
15307,26946,765350
15308,26946,765400
15309,26946,765450
15310,26946,765500
15311,26946,765550
15312,26946,765600
15313,26946,765650
15314,26946,765700
15315,26946,765750
15316,26946,765800
15317,26946,765850
15318,26946,765900
15319,26946,765950
15320,26946,766000
15321,26946,766050
15322,26946,766100
15323,26946,766150
15324,26946,766200
15325,26946,766250
15326,26946,766300
15327,26946,766350
15328,26946,766400
15329,26946,766450
15330,26946,766500
15331,26946,766550
15332,26946,766600
15333,26946,766650
15334,26946,766700
15335,26946,766750
15336,26946,766800
15337,26946,766850
15338,26946,766900
15339,26946,766950
15340,26946,767000
15341,26946,767050
15342,26946,767100
15343,26946,767150
15344,26946,767200
15345,26946,767250
15346,26946,767300
15347,26946,767350
15348,26946,767400
15349,26946,767450
15350,26946,767500
15351,26946,767550
15352,26946,767600
15353,26946,767650
15354,26946,767700
15355,26946,767750
15356,26946,767800
15357,26946,767850
15358,26946,767900
15359,26946,767950
15360,26946,768000
15361,26946,768050
15362,26946,768100
15363,26946,768150
15364,26946,768200
15365,26946,768250
15366,26946,768300
15367,26946,768350
15368,26946,768400
15369,26946,768450
15370,26946,768500
15371,26946,768550
15372,26946,768600
15373,26946,768650
15374,26946,768700
15375,26946,768750
15376,26946,768800
15377,26946,768850
15378,26946,768900
15379,26946,768950
15380,26946,769000
15381,26946,769050
15382,26946,769100
15383,26946,769150
15384,26946,769200
15385,26946,769250
15386,26946,769300
15387,26946,769350
15388,26946,769400
15389,26946,769450
15390,26946,769500
15391,26946,769550
15392,26946,769600
15393,26946,769650
15394,26946,769700
15395,26946,769750
15396,26946,769800
15397,26946,769850
15398,26946,769900
15399,26946,769950
15400,26946,770000
15401,26946,770050
15402,26946,770100
15403,26946,770150
15404,26946,770200
15405,26946,770250
15406,26946,770300
15407,26946,770350
15408,26946,770400
15409,26946,770450
15410,26946,770500
15411,26946,770550
15412,26946,770600
15413,26946,770650
15414,26946,770700
15415,26946,770750
15416,26946,770800
15417,26946,770850
15418,26946,770900
15419,26946,770950
15420,26946,771000
15421,26946,771050
15422,26946,771100
15423,26946,771150
15424,26946,771200
15425,26946,771250
15426,26946,771300
15427,26946,771350
15428,26946,771400
15429,26946,771450
15430,26946,771500
15431,26946,771550
15432,26946,771600
15433,26946,771650
15434,26946,771700
15435,26946,771750
15436,26946,771800
15437,26946,771850
15438,26946,771900
15439,26946,771950
15440,26946,772000
15441,26946,772050
15442,26946,772100
15443,26946,772150
15444,26946,772200
15445,26946,772250
15446,26946,772300
15447,26946,772350
15448,26946,772400
15449,26946,772450
15450,26946,772500
15451,26946,772550
15452,26946,772600
15453,26946,772650
15454,26946,772700
15455,26946,772750
15456,26946,772800
15457,26946,772850
15458,26946,772900
15459,26946,772950
15460,26946,773000
15461,26946,773050
15462,26946,773100
15463,26946,773150
15464,26946,773200
15465,26946,773250
15466,26946,773300
15467,26946,773350
15468,26946,773400
15469,26946,773450
15470,26946,773500
15471,26946,773550
15472,26946,773600
15473,26946,773650
15474,26946,773700
15475,26946,773750
15476,26946,773800
15477,26946,773850
15478,26946,773900
15479,26946,773950
15480,26946,774000
15481,26946,774050
15482,26946,774100
15483,26946,774150
15484,26946,774200
15485,26946,774250
15486,26946,774300
15487,26946,774350
15488,26946,774400
15489,26946,774450
15490,26946,774500
15491,26946,774550
15492,26946,774600
15493,26946,774650
15494,26946,774700
15495,26946,774750
15496,26946,774800
15497,26946,774850
15498,26946,774900
15499,26946,774950
15500,26946,775000
15501,26946,775050
15502,26946,775100
15503,26946,775150
15504,26946,775200
15505,26946,775250
15506,26946,775300
15507,26946,775350
15508,26946,775400
15509,26946,775450
15510,26946,775500
15511,26946,775550
15512,26946,775600
15513,26946,775650
15514,26946,775700
15515,26946,775750
15516,26946,775800
15517,26946,775850
15518,26946,775900
15519,26946,775950
15520,26946,776000
15521,26946,776050
15522,26946,776100
15523,26946,776150
15524,26946,776200
15525,26946,776250
15526,26946,776300
15527,26946,776350
15528,26946,776400
15529,26946,776450
15530,26946,776500
15531,26946,776550
15532,26946,776600
15533,26946,776650
15534,26946,776700
15535,26946,776750
15536,26946,776800
15537,26946,776850
15538,26946,776900
15539,26946,776950
15540,26946,777000
15541,26946,777050
15542,26946,777100
15543,26946,777150
15544,26946,777200
15545,26946,777250
15546,26946,777300
15547,26946,777350
15548,26946,777400
15549,26946,777450
15550,26946,777500
15551,26946,777550
15552,26946,777600
15553,26946,777650
15554,26946,777700
15555,26946,777750
15556,26946,777800
15557,26946,777850
15558,26946,777900
15559,26946,777950
15560,26946,778000
15561,26946,778050
15562,26946,778100
15563,26946,778150
15564,26946,778200
15565,26946,778250
15566,26946,778300
15567,26946,778350
15568,26946,778400
15569,26946,778450
15570,26946,778500
15571,26946,778550
15572,26946,778600
15573,26946,778650
15574,26946,778700
15575,26946,778750
15576,26946,778800
15577,26946,778850
15578,26946,778900
15579,26946,778950
15580,26946,779000
15581,26946,779050
15582,26946,779100
15583,26946,779150
15584,26946,779200
15585,26946,779250
15586,26946,779300
15587,26946,779350
15588,26946,779400
15589,26946,779450
15590,26946,779500
15591,26946,779550
15592,26946,779600
15593,26946,779650
15594,26946,779700
15595,26946,779750
15596,26946,779800
15597,26946,779850
15598,26946,779900
15599,26946,779950
15600,26946,780000
15601,26946,780050
15602,26946,780100
15603,26946,780150
15604,26946,780200
15605,26946,780250
15606,26946,780300
15607,26946,780350
15608,26946,780400
15609,26946,780450
15610,26946,780500
15611,26946,780550
15612,26946,780600
15613,26946,780650
15614,26946,780700
15615,26946,780750
15616,26946,780800
15617,26946,780850
15618,26946,780900
15619,26946,780950
15620,26946,781000
15621,26946,781050
15622,26946,781100
15623,26946,781150
15624,26946,781200
15625,26946,781250
15626,26946,781300
15627,26946,781350
15628,26946,781400
15629,26946,781450
15630,26946,781500
15631,26946,781550
15632,26946,781600
15633,26946,781650
15634,26946,781700
15635,26946,781750
15636,26946,781800
15637,26946,781850
15638,26946,781900
15639,26946,781950
15640,26946,782000
15641,26946,782050
15642,26946,782100
15643,26946,782150
15644,26946,782200
15645,26946,782250
15646,26946,782300
15647,26946,782350
15648,26946,782400
15649,26946,782450
15650,26946,782500
15651,26946,782550
15652,26946,782600
15653,26946,782650
15654,26946,782700
15655,26946,782750
15656,26946,782800
15657,26946,782850
15658,26946,782900
15659,26946,782950
15660,26946,783000
15661,26946,783050
15662,26946,783100
15663,26946,783150
15664,26946,783200
15665,26946,783250
15666,26946,783300
15667,26946,783350
15668,26946,783400
15669,26946,783450
15670,26946,783500
15671,26946,783550
15672,26946,783600
15673,26946,783650
15674,26946,783700
15675,26946,783750
15676,26946,783800
15677,26946,783850
15678,26946,783900
15679,26946,783950
15680,26946,784000
15681,26946,784050
15682,26946,784100
15683,26946,784150
15684,26946,784200
15685,26946,784250
15686,26946,784300
15687,26946,784350
15688,26946,784400
15689,26946,784450
15690,26946,784500
15691,26946,784550
15692,26946,784600
15693,26946,784650
15694,26946,784700
15695,26946,784750
15696,26946,784800
15697,26946,784850
15698,26946,784900
15699,26946,784950
15700,26946,785000
15701,26946,785050
15702,26946,785100
15703,26946,785150
15704,26946,785200
15705,26946,785250
15706,26946,785300
15707,26946,785350
15708,26946,785400
15709,26946,785450
15710,26946,785500
15711,26946,785550
15712,26946,785600
15713,26946,785650
15714,26946,785700
15715,26946,785750
15716,26946,785800
15717,26946,785850
15718,26946,785900
15719,26946,785950
15720,26946,786000
15721,26946,786050
15722,26946,786100
15723,26946,786150
15724,26946,786200
15725,26946,786250
15726,26946,786300
15727,26946,786350
15728,26946,786400
15729,26946,786450
15730,26946,786500
15731,26946,786550
15732,26946,786600
15733,26946,786650
15734,26946,786700
15735,26946,786750
15736,26946,786800
15737,26946,786850
15738,26946,786900
15739,26946,786950
15740,26946,787000
15741,26946,787050
15742,26946,787100
15743,26946,787150
15744,26946,787200
15745,26946,787250
15746,26946,787300
15747,26946,787350
15748,26946,787400
15749,26946,787450
15750,26946,787500
15751,26946,787550
15752,26946,787600
15753,26946,787650
15754,26946,787700
15755,26946,787750
15756,26946,787800
15757,26946,787850
15758,26946,787900
15759,26946,787950
15760,26946,788000
15761,26946,788050
15762,26946,788100
15763,26946,788150
15764,26946,788200
15765,26946,788250
15766,26946,788300
15767,26946,788350
15768,26946,788400
15769,26946,788450
15770,26946,788500
15771,26946,788550
15772,26946,788600
15773,26946,788650
15774,26946,788700
15775,26946,788750
15776,26946,788800
15777,26946,788850
15778,26946,788900
15779,26946,788950
15780,26946,789000
15781,26946,789050
15782,26946,789100
15783,26946,789150
15784,26946,789200
15785,26946,789250
15786,26946,789300
15787,26946,789350
15788,26946,789400
15789,26946,789450
15790,26946,789500
15791,26946,789550
15792,26946,789600
15793,26946,789650
15794,26946,789700
15795,26946,789750
15796,26946,789800
15797,26946,789850
15798,26946,789900
15799,26946,789950
15800,26946,790000
15801,26946,790050
15802,26946,790100
15803,26946,790150
15804,26946,790200
15805,26946,790250
15806,26946,790300
15807,26946,790350
15808,26946,790400
15809,26946,790450
15810,26946,790500
15811,26946,790550
15812,26946,790600
15813,26946,790650
15814,26946,790700
15815,26946,790750
15816,26946,790800
15817,26946,790850
15818,26946,790900
15819,26946,790950
15820,26946,791000
15821,26946,791050
15822,26946,791100
15823,26946,791150
15824,26946,791200
15825,26946,791250
15826,26946,791300
15827,26946,791350
15828,26946,791400
15829,26946,791450
15830,26946,791500
15831,26946,791550
15832,26946,791600
15833,26946,791650
15834,26946,791700
15835,26946,791750
15836,26946,791800
15837,26946,791850
15838,26946,791900
15839,26946,791950
15840,26946,792000
15841,26946,792050
15842,26946,792100
15843,26946,792150
15844,26946,792200
15845,26946,792250
15846,26946,792300
15847,26946,792350
15848,26946,792400
15849,26946,792450
15850,26946,792500
15851,26946,792550
15852,26946,792600
15853,26946,792650
15854,26946,792700
15855,26946,792750
15856,26946,792800
15857,26946,792850
15858,26946,792900
15859,26946,792950
15860,26946,793000
15861,26946,793050
15862,26946,793100
15863,26946,793150
15864,26946,793200
15865,26946,793250
15866,26946,793300
15867,26946,793350
15868,26946,793400
15869,26946,793450
15870,26946,793500
15871,26946,793550
15872,26946,793600
15873,26946,793650
15874,26946,793700
15875,26946,793750
15876,26946,793800
15877,26946,793850
15878,26946,793900
15879,26946,793950
15880,26946,794000
15881,26946,794050
15882,26946,794100
15883,26946,794150
15884,26946,794200
15885,26946,794250
15886,26946,794300
15887,26946,794350
15888,26946,794400
15889,26946,794450
15890,26946,794500
15891,26946,794550
15892,26946,794600
15893,26946,794650
15894,26946,794700
15895,26946,794750
15896,26946,794800
15897,26946,794850
15898,26946,794900
15899,26946,794950
15900,26946,795000
15901,26946,795050
15902,26946,795100
15903,26946,795150
15904,26946,795200
15905,26946,795250
15906,26946,795300
15907,26946,795350
15908,26946,795400
15909,26946,795450
15910,26946,795500
15911,26946,795550
15912,26946,795600
15913,26946,795650
15914,26946,795700
15915,26946,795750
15916,26946,795800
15917,26946,795850
15918,26946,795900
15919,26946,795950
15920,26946,796000
15921,26946,796050
15922,26946,796100
15923,26946,796150
15924,26946,796200
15925,26946,796250
15926,26946,796300
15927,26946,796350
15928,26946,796400
15929,26946,796450
15930,26946,796500
15931,26946,796550
15932,26946,796600
15933,26946,796650
15934,26946,796700
15935,26946,796750
15936,26946,796800
15937,26946,796850
15938,26946,796900
15939,26946,796950
15940,26946,797000
15941,26946,797050
15942,26946,797100
15943,26946,797150
15944,26946,797200
15945,26946,797250
15946,26946,797300
15947,26946,797350
15948,26946,797400
15949,26946,797450
15950,26946,797500
15951,26946,797550
15952,26946,797600
15953,26946,797650
15954,26946,797700
15955,26946,797750
15956,26946,797800
15957,26946,797850
15958,26946,797900
15959,26946,797950
15960,26946,798000
15961,26946,798050
15962,26946,798100
15963,26946,798150
15964,26946,798200
15965,26946,798250
15966,26946,798300
15967,26946,798350
15968,26946,798400
15969,26946,798450
15970,26946,798500
15971,26946,798550
15972,26946,798600
15973,26946,798650
15974,26946,798700
15975,26946,798750
15976,26946,798800
15977,26946,798850
15978,26946,798900
15979,26946,798950
15980,26946,799000
15981,26946,799050
15982,26946,799100
15983,26946,799150
15984,26946,799200
15985,26946,799250
15986,26946,799300
15987,26946,799350
15988,26946,799400
15989,26946,799450
15990,26946,799500
15991,26946,799550
15992,26946,799600
15993,26946,799650
15994,26946,799700
15995,26946,799750
15996,26946,799800
15997,26946,799850
15998,26946,799900
15999,26946,799950
16000,26946,800000
16001,26946,800050
16002,26946,800100
16003,26946,800150
16004,26946,800200
16005,26946,800250
16006,26946,800300
16007,26946,800350
16008,26946,800400
16009,26946,800450
16010,26946,800500
16011,26946,800550
16012,26946,800600
16013,26946,800650
16014,26946,800700
16015,26946,800750
16016,26946,800800
16017,26946,800850
16018,26946,800900
16019,26946,800950
16020,26946,801000
16021,26946,801050
16022,26946,801100
16023,26946,801150
16024,26946,801200
16025,26946,801250
16026,26946,801300
16027,26946,801350
16028,26946,801400
16029,26946,801450
16030,26946,801500
16031,26946,801550
16032,26946,801600
16033,26946,801650
16034,26946,801700
16035,26946,801750
16036,26946,801800
16037,26946,801850
16038,26946,801900
16039,26946,801950
16040,26946,802000
16041,26946,802050
16042,26946,802100
16043,26946,802150
16044,26946,802200
16045,26946,802250
16046,26946,802300
16047,26946,802350
16048,26946,802400
16049,26946,802450
16050,26946,802500
16051,26946,802550
16052,26946,802600
16053,26946,802650
16054,26946,802700
16055,26946,802750
16056,26946,802800
16057,26946,802850
16058,26946,802900
16059,26946,802950
16060,26946,803000
16061,26946,803050
16062,26946,803100
16063,26946,803150
16064,26946,803200
16065,26946,803250
16066,26946,803300
16067,26946,803350
16068,26946,803400
16069,26946,803450
16070,26946,803500
16071,26946,803550
16072,26946,803600
16073,26946,803650
16074,26946,803700
16075,26946,803750
16076,26946,803800
16077,26946,803850
16078,26946,803900
16079,26946,803950
16080,26946,804000
16081,26946,804050
16082,26946,804100
16083,26946,804150
16084,26946,804200
16085,26946,804250
16086,26946,804300
16087,26946,804350
16088,26946,804400
16089,26946,804450
16090,26946,804500
16091,26946,804550
16092,26946,804600
16093,26946,804650
16094,26946,804700
16095,26946,804750
16096,26946,804800
16097,26946,804850
16098,26946,804900
16099,26946,804950
16100,26946,805000
16101,26946,805050
16102,26946,805100
16103,26946,805150
16104,26946,805200
16105,26946,805250
16106,26946,805300
16107,26946,805350
16108,26946,805400
16109,26946,805450
16110,26946,805500
16111,26946,805550
16112,26946,805600
16113,26946,805650
16114,26946,805700
16115,26946,805750
16116,26946,805800
16117,26946,805850
16118,26946,805900
16119,26946,805950
16120,26946,806000
16121,26946,806050
16122,26946,806100
16123,26946,806150
16124,26946,806200
16125,26946,806250
16126,26946,806300
16127,26946,806350
16128,26946,806400
16129,26946,806450
16130,26946,806500
16131,26946,806550
16132,26946,806600
16133,26946,806650
16134,26946,806700
16135,26946,806750
16136,26946,806800
16137,26946,806850
16138,26946,806900
16139,26946,806950
16140,26946,807000
16141,26946,807050
16142,26946,807100
16143,26946,807150
16144,26946,807200
16145,26946,807250
16146,26946,807300
16147,26946,807350
16148,26946,807400
16149,26946,807450
16150,26946,807500
16151,26946,807550
16152,26946,807600
16153,26946,807650
16154,26946,807700
16155,26946,807750
16156,26946,807800
16157,26946,807850
16158,26946,807900
16159,26946,807950
16160,26946,808000
16161,26946,808050
16162,26946,808100
16163,26946,808150
16164,26946,808200
16165,26946,808250
16166,26946,808300
16167,26946,808350
16168,26946,808400
16169,26946,808450
16170,26946,808500
16171,26946,808550
16172,26946,808600
16173,26946,808650
16174,26946,808700
16175,26946,808750
16176,26946,808800
16177,26946,808850
16178,26946,808900
16179,26946,808950
16180,26946,809000
16181,26946,809050
16182,26946,809100
16183,26946,809150
16184,26946,809200
16185,26946,809250
16186,26946,809300
16187,26946,809350
16188,26946,809400
16189,26946,809450
16190,26946,809500
16191,26946,809550
16192,26946,809600
16193,26946,809650
16194,26946,809700
16195,26946,809750
16196,26946,809800
16197,26946,809850
16198,26946,809900
16199,26946,809950
16200,26946,810000
16201,26946,810050
16202,26946,810100
16203,26946,810150
16204,26946,810200
16205,26946,810250
16206,26946,810300
16207,26946,810350
16208,26946,810400
16209,26946,810450
16210,26946,810500
16211,26946,810550
16212,26946,810600
16213,26946,810650
16214,26946,810700
16215,26946,810750
16216,26946,810800
16217,26946,810850
16218,26946,810900
16219,26946,810950
16220,26946,811000
16221,26946,811050
16222,26946,811100
16223,26946,811150
16224,26946,811200
16225,26946,811250
16226,26946,811300
16227,26946,811350
16228,26946,811400
16229,26946,811450
16230,26946,811500
16231,26946,811550
16232,26946,811600
16233,26946,811650
16234,26946,811700
16235,26946,811750
16236,26946,811800
16237,26946,811850
16238,26946,811900
16239,26946,811950
16240,26946,812000
16241,26946,812050
16242,26946,812100
16243,26946,812150
16244,26946,812200
16245,26946,812250
16246,26946,812300
16247,26946,812350
16248,26946,812400
16249,26946,812450
16250,26946,812500
16251,26946,812550
16252,26946,812600
16253,26946,812650
16254,26946,812700
16255,26946,812750
16256,26946,812800
16257,26946,812850
16258,26946,812900
16259,26946,812950
16260,26946,813000
16261,26946,813050
16262,26946,813100
16263,26946,813150
16264,26946,813200
16265,26946,813250
16266,26946,813300
16267,26946,813350
16268,26946,813400
16269,26946,813450
16270,26946,813500
16271,26946,813550
16272,26946,813600
16273,26946,813650
16274,26946,813700
16275,26946,813750
16276,26946,813800
16277,26946,813850
16278,26946,813900
16279,26946,813950
16280,26946,814000
16281,26946,814050
16282,26946,814100
16283,26946,814150
16284,26946,814200
16285,26946,814250
16286,26946,814300
16287,26946,814350
16288,26946,814400
16289,26946,814450
16290,26946,814500
16291,26946,814550
16292,26946,814600
16293,26946,814650
16294,26946,814700
16295,26946,814750
16296,26946,814800
16297,26946,814850
16298,26946,814900
16299,26946,814950
16300,26946,815000
16301,26946,815050
16302,26946,815100
16303,26946,815150
16304,26946,815200
16305,26946,815250
16306,26946,815300
16307,26946,815350
16308,26946,815400
16309,26946,815450
16310,26946,815500
16311,26946,815550
16312,26946,815600
16313,26946,815650
16314,26946,815700
16315,26946,815750
16316,26946,815800
16317,26946,815850
16318,26946,815900
16319,26946,815950
16320,26946,816000
16321,26946,816050
16322,26946,816100
16323,26946,816150
16324,26946,816200
16325,26946,816250
16326,26946,816300
16327,26946,816350
16328,26946,816400
16329,26946,816450
16330,26946,816500
16331,26946,816550
16332,26946,816600
16333,26946,816650
16334,26946,816700
16335,26946,816750
16336,26946,816800
16337,26946,816850
16338,26946,816900
16339,26946,816950
16340,26946,817000
16341,26946,817050
16342,26946,817100
16343,26946,817150
16344,26946,817200
16345,26946,817250
16346,26946,817300
16347,26946,817350
16348,26946,817400
16349,26946,817450
16350,26946,817500
16351,26946,817550
16352,26946,817600
16353,26946,817650
16354,26946,817700
16355,26946,817750
16356,26946,817800
16357,26946,817850
16358,26946,817900
16359,26946,817950
16360,26946,818000
16361,26946,818050
16362,26946,818100
16363,26946,818150
16364,26946,818200
16365,26946,818250
16366,26946,818300
16367,26946,818350
16368,26946,818400
16369,26946,818450
16370,26946,818500
16371,26946,818550
16372,26946,818600
16373,26946,818650
16374,26946,818700
16375,26946,818750
16376,26946,818800
16377,26946,818850
16378,26946,818900
16379,26946,818950
16380,26946,819000
16381,26946,819050
16382,26946,819100
16383,26946,819150
16384,26946,819200
16385,26946,819250
16386,26946,819300
16387,26946,819350
16388,26946,819400
16389,26946,819450
16390,26946,819500
16391,26946,819550
16392,26946,819600
16393,26946,819650
16394,26946,819700
16395,26946,819750
16396,26946,819800
16397,26946,819850
16398,26946,819900
16399,26946,819950
16400,26946,820000
16401,26946,820050
16402,26946,820100
16403,26946,820150
16404,26946,820200
16405,26946,820250
16406,26946,820300
16407,26946,820350
16408,26946,820400
16409,26946,820450
16410,26946,820500
16411,26946,820550
16412,26946,820600
16413,26946,820650
16414,26946,820700
16415,26946,820750
16416,26946,820800
16417,26946,820850
16418,26946,820900
16419,26946,820950
16420,26946,821000
16421,26946,821050
16422,26946,821100
16423,26946,821150
16424,26946,821200
16425,26946,821250
16426,26946,821300
16427,26946,821350
16428,26946,821400
16429,26946,821450
16430,26946,821500
16431,26946,821550
16432,26946,821600
16433,26946,821650
16434,26946,821700
16435,26946,821750
16436,26946,821800
16437,26946,821850
16438,26946,821900
16439,26946,821950
16440,26946,822000
16441,26946,822050
16442,26946,822100
16443,26946,822150
16444,26946,822200
16445,26946,822250
16446,26946,822300
16447,26946,822350
16448,26946,822400
16449,26946,822450
16450,26946,822500
16451,26946,822550
16452,26946,822600
16453,26946,822650
16454,26946,822700
16455,26946,822750
16456,26946,822800
16457,26946,822850
16458,26946,822900
16459,26946,822950
16460,26946,823000
16461,26946,823050
16462,26946,823100
16463,26946,823150
16464,26946,823200
16465,26946,823250
16466,26946,823300
16467,26946,823350
16468,26946,823400
16469,26946,823450
16470,26946,823500
16471,26946,823550
16472,26946,823600
16473,26946,823650
16474,26946,823700
16475,26946,823750
16476,26946,823800
16477,26946,823850
16478,26946,823900
16479,26946,823950
16480,26946,824000
16481,26946,824050
16482,26946,824100
16483,26946,824150
16484,26946,824200
16485,26946,824250
16486,26946,824300
16487,26946,824350
16488,26946,824400
16489,26946,824450
16490,26946,824500
16491,26946,824550
16492,26946,824600
16493,26946,824650
16494,26946,824700
16495,26946,824750
16496,26946,824800
16497,26946,824850
16498,26946,824900
16499,26946,824950
16500,26946,825000
16501,26946,825050
16502,26946,825100
16503,26946,825150
16504,26946,825200
16505,26946,825250
16506,26946,825300
16507,26946,825350
16508,26946,825400
16509,26946,825450
16510,26946,825500
16511,26946,825550
16512,26946,825600
16513,26946,825650
16514,26946,825700
16515,26946,825750
16516,26946,825800
16517,26946,825850
16518,26946,825900
16519,26946,825950
16520,26946,826000
16521,26946,826050
16522,26946,826100
16523,26946,826150
16524,26946,826200
16525,26946,826250
16526,26946,826300
16527,26946,826350
16528,26946,826400
16529,26946,826450
16530,26946,826500
16531,26946,826550
16532,26946,826600
16533,26946,826650
16534,26946,826700
16535,26946,826750
16536,26946,826800
16537,26946,826850
16538,26946,826900
16539,26946,826950
16540,26946,827000
16541,26946,827050
16542,26946,827100
16543,26946,827150
16544,26946,827200
16545,26946,827250
16546,26946,827300
16547,26946,827350
16548,26946,827400
16549,26946,827450
16550,26946,827500
16551,26946,827550
16552,26946,827600
16553,26946,827650
16554,26946,827700
16555,26946,827750
16556,26946,827800
16557,26946,827850
16558,26946,827900
16559,26946,827950
16560,26946,828000
16561,26946,828050
16562,26946,828100
16563,26946,828150
16564,26946,828200
16565,26946,828250
16566,26946,828300
16567,26946,828350
16568,26946,828400
16569,26946,828450
16570,26946,828500
16571,26946,828550
16572,26946,828600
16573,26946,828650
16574,26946,828700
16575,26946,828750
16576,26946,828800
16577,26946,828850
16578,26946,828900
16579,26946,828950
16580,26946,829000
16581,26946,829050
16582,26946,829100
16583,26946,829150
16584,26946,829200
16585,26946,829250
16586,26946,829300
16587,26946,829350
16588,26946,829400
16589,26946,829450
16590,26946,829500
16591,26946,829550
16592,26946,829600
16593,26946,829650
16594,26946,829700
16595,26946,829750
16596,26946,829800
16597,26946,829850
16598,26946,829900
16599,26946,829950
16600,26946,830000
16601,26946,830050
16602,26946,830100
16603,26946,830150
16604,26946,830200
16605,26946,830250
16606,26946,830300
16607,26946,830350
16608,26946,830400
16609,26946,830450
16610,26946,830500
16611,26946,830550
16612,26946,830600
16613,26946,830650
16614,26946,830700
16615,26946,830750
16616,26946,830800
16617,26946,830850
16618,26946,830900
16619,26946,830950
16620,26946,831000
16621,26946,831050
16622,26946,831100
16623,26946,831150
16624,26946,831200
16625,26946,831250
16626,26946,831300
16627,26946,831350
16628,26946,831400
16629,26946,831450
16630,26946,831500
16631,26946,831550
16632,26946,831600
16633,26946,831650
16634,26946,831700
16635,26946,831750
16636,26946,831800
16637,26946,831850
16638,26946,831900
16639,26946,831950
16640,26946,832000
16641,26946,832050
16642,26946,832100
16643,26946,832150
16644,26946,832200
16645,26946,832250
16646,26946,832300
16647,26946,832350
16648,26946,832400
16649,26946,832450
16650,26946,832500
16651,26946,832550
16652,26946,832600
16653,26946,832650
16654,26946,832700
16655,26946,832750
16656,26946,832800
16657,26946,832850
16658,26946,832900
16659,26946,832950
16660,26946,833000
16661,26946,833050
16662,26946,833100
16663,26946,833150
16664,26946,833200
16665,26946,833250
16666,26946,833300
16667,26946,833350
16668,26946,833400
16669,26946,833450
16670,26946,833500
16671,26946,833550
16672,26946,833600
16673,26946,833650
16674,26946,833700
16675,26946,833750
16676,26946,833800
16677,26946,833850
16678,26946,833900
16679,26946,833950
16680,26946,834000
16681,26946,834050
16682,26946,834100
16683,26946,834150
16684,26946,834200
16685,26946,834250
16686,26946,834300
16687,26946,834350
16688,26946,834400
16689,26946,834450
16690,26946,834500
16691,26946,834550
16692,26946,834600
16693,26946,834650
16694,26946,834700
16695,26946,834750
16696,26946,834800
16697,26946,834850
16698,26946,834900
16699,26946,834950
16700,26946,835000
16701,26946,835050
16702,26946,835100
16703,26946,835150
16704,26946,835200
16705,26946,835250
16706,26946,835300
16707,26946,835350
16708,26946,835400
16709,26946,835450
16710,26946,835500
16711,26946,835550
16712,26946,835600
16713,26946,835650
16714,26946,835700
16715,26946,835750
16716,26946,835800
16717,26946,835850
16718,26946,835900
16719,26946,835950
16720,26946,836000
16721,26946,836050
16722,26946,836100
16723,26946,836150
16724,26946,836200
16725,26946,836250
16726,26946,836300
16727,26946,836350
16728,26946,836400
16729,26946,836450
16730,26946,836500
16731,26946,836550
16732,26946,836600
16733,26946,836650
16734,26946,836700
16735,26946,836750
16736,26946,836800
16737,26946,836850
16738,26946,836900
16739,26946,836950
16740,26946,837000
16741,26946,837050
16742,26946,837100
16743,26946,837150
16744,26946,837200
16745,26946,837250
16746,26946,837300
16747,26946,837350
16748,26946,837400
16749,26946,837450
16750,26946,837500
16751,26946,837550
16752,26946,837600
16753,26946,837650
16754,26946,837700
16755,26946,837750
16756,26946,837800
16757,26946,837850
16758,26946,837900
16759,26946,837950
16760,26946,838000
16761,26946,838050
16762,26946,838100
16763,26946,838150
16764,26946,838200
16765,26946,838250
16766,26946,838300
16767,26946,838350
16768,26946,838400
16769,26946,838450
16770,26946,838500
16771,26946,838550
16772,26946,838600
16773,26946,838650
16774,26946,838700
16775,26946,838750
16776,26946,838800
16777,26946,838850
16778,26946,838900
16779,26946,838950
16780,26946,839000
16781,26946,839050
16782,26946,839100
16783,26946,839150
16784,26946,839200
16785,26946,839250
16786,26946,839300
16787,26946,839350
16788,26946,839400
16789,26946,839450
16790,26946,839500
16791,26946,839550
16792,26946,839600
16793,26946,839650
16794,26946,839700
16795,26946,839750
16796,26946,839800
16797,26946,839850
16798,26946,839900
16799,26946,839950
16800,26946,840000
16801,26946,840050
16802,26946,840100
16803,26946,840150
16804,26946,840200
16805,26946,840250
16806,26946,840300
16807,26946,840350
16808,26946,840400
16809,26946,840450
16810,26946,840500
16811,26946,840550
16812,26946,840600
16813,26946,840650
16814,26946,840700
16815,26946,840750
16816,26946,840800
16817,26946,840850
16818,26946,840900
16819,26946,840950
16820,26946,841000
16821,26946,841050
16822,26946,841100
16823,26946,841150
16824,26946,841200
16825,26946,841250
16826,26946,841300
16827,26946,841350
16828,26946,841400
16829,26946,841450
16830,26946,841500
16831,26946,841550
16832,26946,841600
16833,26946,841650
16834,26946,841700
16835,26946,841750
16836,26946,841800
16837,26946,841850
16838,26946,841900
16839,26946,841950
16840,26946,842000
16841,26946,842050
16842,26946,842100
16843,26946,842150
16844,26946,842200
16845,26946,842250
16846,26946,842300
16847,26946,842350
16848,26946,842400
16849,26946,842450
16850,26946,842500
16851,26946,842550
16852,26946,842600
16853,26946,842650
16854,26946,842700
16855,26946,842750
16856,26946,842800
16857,26946,842850
16858,26946,842900
16859,26946,842950
16860,26946,843000
16861,26946,843050
16862,26946,843100
16863,26946,843150
16864,26946,843200
16865,26946,843250
16866,26946,843300
16867,26946,843350
16868,26946,843400
16869,26946,843450
16870,26946,843500
16871,26946,843550
16872,26946,843600
16873,26946,843650
16874,26946,843700
16875,26946,843750
16876,26946,843800
16877,26946,843850
16878,26946,843900
16879,26946,843950
16880,26946,844000
16881,26946,844050
16882,26946,844100
16883,26946,844150
16884,26946,844200
16885,26946,844250
16886,26946,844300
16887,26946,844350
16888,26946,844400
16889,26946,844450
16890,26946,844500
16891,26946,844550
16892,26946,844600
16893,26946,844650
16894,26946,844700
16895,26946,844750
16896,26946,844800
16897,26946,844850
16898,26946,844900
16899,26946,844950
16900,26946,845000
16901,26946,845050
16902,26946,845100
16903,26946,845150
16904,26946,845200
16905,26946,845250
16906,26946,845300
16907,26946,845350
16908,26946,845400
16909,26946,845450
16910,26946,845500
16911,26946,845550
16912,26946,845600
16913,26946,845650
16914,26946,845700
16915,26946,845750
16916,26946,845800
16917,26946,845850
16918,26946,845900
16919,26946,845950
16920,26946,846000
16921,26946,846050
16922,26946,846100
16923,26946,846150
16924,26946,846200
16925,26946,846250
16926,26946,846300
16927,26946,846350
16928,26946,846400
16929,26946,846450
16930,26946,846500
16931,26946,846550
16932,26946,846600
16933,26946,846650
16934,26946,846700
16935,26946,846750
16936,26946,846800
16937,26946,846850
16938,26946,846900
16939,26946,846950
16940,26946,847000
16941,26946,847050
16942,26946,847100
16943,26946,847150
16944,26946,847200
16945,26946,847250
16946,26946,847300
16947,26946,847350
16948,26946,847400
16949,26946,847450
16950,26946,847500
16951,26946,847550
16952,26946,847600
16953,26946,847650
16954,26946,847700
16955,26946,847750
16956,26946,847800
16957,26946,847850
16958,26946,847900
16959,26946,847950
16960,26946,848000
16961,26946,848050
16962,26946,848100
16963,26946,848150
16964,26946,848200
16965,26946,848250
16966,26946,848300
16967,26946,848350
16968,26946,848400
16969,26946,848450
16970,26946,848500
16971,26946,848550
16972,26946,848600
16973,26946,848650
16974,26946,848700
16975,26946,848750
16976,26946,848800
16977,26946,848850
16978,26946,848900
16979,26946,848950
16980,26946,849000
16981,26946,849050
16982,26946,849100
16983,26946,849150
16984,26946,849200
16985,26946,849250
16986,26946,849300
16987,26946,849350
16988,26946,849400
16989,26946,849450
16990,26946,849500
16991,26946,849550
16992,26946,849600
16993,26946,849650
16994,26946,849700
16995,26946,849750
16996,26946,849800
16997,26946,849850
16998,26946,849900
16999,26946,849950
17000,26946,850000
17001,26946,850050
17002,26946,850100
17003,26946,850150
17004,26946,850200
17005,26946,850250
17006,26946,850300
17007,26946,850350
17008,26946,850400
17009,26946,850450
17010,26946,850500
17011,26946,850550
17012,26946,850600
17013,26946,850650
17014,26946,850700
17015,26946,850750
17016,26946,850800
17017,26946,850850
17018,26946,850900
17019,26946,850950
17020,26946,851000
17021,26946,851050
17022,26946,851100
17023,26946,851150
17024,26946,851200
17025,26946,851250
17026,26946,851300
17027,26946,851350
17028,26946,851400
17029,26946,851450
17030,26946,851500
17031,26946,851550
17032,26946,851600
17033,26946,851650
17034,26946,851700
17035,26946,851750
17036,26946,851800
17037,26946,851850
17038,26946,851900
17039,26946,851950
17040,26946,852000
17041,26946,852050
17042,26946,852100
17043,26946,852150
17044,26946,852200
17045,26946,852250
17046,26946,852300
17047,26946,852350
17048,26946,852400
17049,26946,852450
17050,26946,852500
17051,26946,852550
17052,26946,852600
17053,26946,852650
17054,26946,852700
17055,26946,852750
17056,26946,852800
17057,26946,852850
17058,26946,852900
17059,26946,852950
17060,26946,853000
17061,26946,853050
17062,26946,853100
17063,26946,853150
17064,26946,853200
17065,26946,853250
17066,26946,853300
17067,26946,853350
17068,26946,853400
17069,26946,853450
17070,26946,853500
17071,26946,853550
17072,26946,853600
17073,26946,853650
17074,26946,853700
17075,26946,853750
17076,26946,853800
17077,26946,853850
17078,26946,853900
17079,26946,853950
17080,26946,854000
17081,26946,854050
17082,26946,854100
17083,26946,854150
17084,26946,854200
17085,26946,854250
17086,26946,854300
17087,26946,854350
17088,26946,854400
17089,26946,854450
17090,26946,854500
17091,26946,854550
17092,26946,854600
17093,26946,854650
17094,26946,854700
17095,26946,854750
17096,26946,854800
17097,26946,854850
17098,26946,854900
17099,26946,854950
17100,26946,855000
17101,26946,855050
17102,26946,855100
17103,26946,855150
17104,26946,855200
17105,26946,855250
17106,26946,855300
17107,26946,855350
17108,26946,855400
17109,26946,855450
17110,26946,855500
17111,26946,855550
17112,26946,855600
17113,26946,855650
17114,26946,855700
17115,26946,855750
17116,26946,855800
17117,26946,855850
17118,26946,855900
17119,26946,855950
17120,26946,856000
17121,26946,856050
17122,26946,856100
17123,26946,856150
17124,26946,856200
17125,26946,856250
17126,26946,856300
17127,26946,856350
17128,26946,856400
17129,26946,856450
17130,26946,856500
17131,26946,856550
17132,26946,856600
17133,26946,856650
17134,26946,856700
17135,26946,856750
17136,26946,856800
17137,26946,856850
17138,26946,856900
17139,26946,856950
17140,26946,857000
17141,26946,857050
17142,26946,857100
17143,26946,857150
17144,26946,857200
17145,26946,857250
17146,26946,857300
17147,26946,857350
17148,26946,857400
17149,26946,857450
17150,26946,857500
17151,26946,857550
17152,26946,857600
17153,26946,857650
17154,26946,857700
17155,26946,857750
17156,26946,857800
17157,26946,857850
17158,26946,857900
17159,26946,857950
17160,26946,858000
17161,26946,858050
17162,26946,858100
17163,26946,858150
17164,26946,858200
17165,26946,858250
17166,26946,858300
17167,26946,858350
17168,26946,858400
17169,26946,858450
17170,26946,858500
17171,26946,858550
17172,26946,858600
17173,26946,858650
17174,26946,858700
17175,26946,858750
17176,26946,858800
17177,26946,858850
17178,26946,858900
17179,26946,858950
17180,26946,859000
17181,26946,859050
17182,26946,859100
17183,26946,859150
17184,26946,859200
17185,26946,859250
17186,26946,859300
17187,26946,859350
17188,26946,859400
17189,26946,859450
17190,26946,859500
17191,26946,859550
17192,26946,859600
17193,26946,859650
17194,26946,859700
17195,26946,859750
17196,26946,859800
17197,26946,859850
17198,26946,859900
17199,26946,859950
17200,26946,860000
17201,26946,860050
17202,26946,860100
17203,26946,860150
17204,26946,860200
17205,26946,860250
17206,26946,860300
17207,26946,860350
17208,26946,860400
17209,26946,860450
17210,26946,860500
17211,26946,860550
17212,26946,860600
17213,26946,860650
17214,26946,860700
17215,26946,860750
17216,26946,860800
17217,26946,860850
17218,26946,860900
17219,26946,860950
17220,26946,861000
17221,26946,861050
17222,26946,861100
17223,26946,861150
17224,26946,861200
17225,26946,861250
17226,26946,861300
17227,26946,861350
17228,26946,861400
17229,26946,861450
17230,26946,861500
17231,26946,861550
17232,26946,861600
17233,26946,861650
17234,26946,861700
17235,26946,861750
17236,26946,861800
17237,26946,861850
17238,26946,861900
17239,26946,861950
17240,26946,862000
17241,26946,862050
17242,26946,862100
17243,26946,862150
17244,26946,862200
17245,26946,862250
17246,26946,862300
17247,26946,862350
17248,26946,862400
17249,26946,862450
17250,26946,862500
17251,26946,862550
17252,26946,862600
17253,26946,862650
17254,26946,862700
17255,26946,862750
17256,26946,862800
17257,26946,862850
17258,26946,862900
17259,26946,862950
17260,26946,863000
17261,26946,863050
17262,26946,863100
17263,26946,863150
17264,26946,863200
17265,26946,863250
17266,26946,863300
17267,26946,863350
17268,26946,863400
17269,26946,863450
17270,26946,863500
17271,26946,863550
17272,26946,863600
17273,26946,863650
17274,26946,863700
17275,26946,863750
17276,26946,863800
17277,26946,863850
17278,26946,863900
17279,26946,863950
17280,26946,864000
17281,26946,864050
17282,26946,864100
17283,26946,864150
17284,26946,864200
17285,26946,864250
17286,26946,864300
17287,26946,864350
17288,26946,864400
17289,26946,864450
17290,26946,864500
17291,26946,864550
17292,26946,864600
17293,26946,864650
17294,26946,864700
17295,26946,864750
17296,26946,864800
17297,26946,864850
17298,26946,864900
17299,26946,864950
17300,26946,865000
17301,26946,865050
17302,26946,865100
17303,26946,865150
17304,26946,865200
17305,26946,865250
17306,26946,865300
17307,26946,865350
17308,26946,865400
17309,26946,865450
17310,26946,865500
17311,26946,865550
17312,26946,865600
17313,26946,865650
17314,26946,865700
17315,26946,865750
17316,26946,865800
17317,26946,865850
17318,26946,865900
17319,26946,865950
17320,26946,866000
17321,26946,866050
17322,26946,866100
17323,26946,866150
17324,26946,866200
17325,26946,866250
17326,26946,866300
17327,26946,866350
17328,26946,866400
17329,26946,866450
17330,26946,866500
17331,26946,866550
17332,26946,866600
17333,26946,866650
17334,26946,866700
17335,26946,866750
17336,26946,866800
17337,26946,866850
17338,26946,866900
17339,26946,866950
17340,26946,867000
17341,26946,867050
17342,26946,867100
17343,26946,867150
17344,26946,867200
17345,26946,867250
17346,26946,867300
17347,26946,867350
17348,26946,867400
17349,26946,867450
17350,26946,867500
17351,26946,867550
17352,26946,867600
17353,26946,867650
17354,26946,867700
17355,26946,867750
17356,26946,867800
17357,26946,867850
17358,26946,867900
17359,26946,867950
17360,26946,868000
17361,26946,868050
17362,26946,868100
17363,26946,868150
17364,26946,868200
17365,26946,868250
17366,26946,868300
17367,26946,868350
17368,26946,868400
17369,26946,868450
17370,26946,868500
17371,26946,868550
17372,26946,868600
17373,26946,868650
17374,26946,868700
17375,26946,868750
17376,26946,868800
17377,26946,868850
17378,26946,868900
17379,26946,868950
17380,26946,869000
17381,26946,869050
17382,26946,869100
17383,26946,869150
17384,26946,869200
17385,26946,869250
17386,26946,869300
17387,26946,869350
17388,26946,869400
17389,26946,869450
17390,26946,869500
17391,26946,869550
17392,26946,869600
17393,26946,869650
17394,26946,869700
17395,26946,869750
17396,26946,869800
17397,26946,869850
17398,26946,869900
17399,26946,869950
17400,26946,870000
17401,26946,870050
17402,26946,870100
17403,26946,870150
17404,26946,870200
17405,26946,870250
17406,26946,870300
17407,26946,870350
17408,26946,870400
17409,26946,870450
17410,26946,870500
17411,26946,870550
17412,26946,870600
17413,26946,870650
17414,26946,870700
17415,26946,870750
17416,26946,870800
17417,26946,870850
17418,26946,870900
17419,26946,870950
17420,26946,871000
17421,26946,871050
17422,26946,871100
17423,26946,871150
17424,26946,871200
17425,26946,871250
17426,26946,871300
17427,26946,871350
17428,26946,871400
17429,26946,871450
17430,26946,871500
17431,26946,871550
17432,26946,871600
17433,26946,871650
17434,26946,871700
17435,26946,871750
17436,26946,871800
17437,26946,871850
17438,26946,871900
17439,26946,871950
17440,26946,872000
17441,26946,872050
17442,26946,872100
17443,26946,872150
17444,26946,872200
17445,26946,872250
17446,26946,872300
17447,26946,872350
17448,26946,872400
17449,26946,872450
17450,26946,872500
17451,26946,872550
17452,26946,872600
17453,26946,872650
17454,26946,872700
17455,26946,872750
17456,26946,872800
17457,26946,872850
17458,26946,872900
17459,26946,872950
17460,26946,873000
17461,26946,873050
17462,26946,873100
17463,26946,873150
17464,26946,873200
17465,26946,873250
17466,26946,873300
17467,26946,873350
17468,26946,873400
17469,26946,873450
17470,26946,873500
17471,26946,873550
17472,26946,873600
17473,26946,873650
17474,26946,873700
17475,26946,873750
17476,26946,873800
17477,26946,873850
17478,26946,873900
17479,26946,873950
17480,26946,874000
17481,26946,874050
17482,26946,874100
17483,26946,874150
17484,26946,874200
17485,26946,874250
17486,26946,874300
17487,26946,874350
17488,26946,874400
17489,26946,874450
17490,26946,874500
17491,26946,874550
17492,26946,874600
17493,26946,874650
17494,26946,874700
17495,26946,874750
17496,26946,874800
17497,26946,874850
17498,26946,874900
17499,26946,874950
17500,26946,875000
17501,26946,875050
17502,26946,875100
17503,26946,875150
17504,26946,875200
17505,26946,875250
17506,26946,875300
17507,26946,875350
17508,26946,875400
17509,26946,875450
17510,26946,875500
17511,26946,875550
17512,26946,875600
17513,26946,875650
17514,26946,875700
17515,26946,875750
17516,26946,875800
17517,26946,875850
17518,26946,875900
17519,26946,875950
17520,26946,876000
17521,26946,876050
17522,26946,876100
17523,26946,876150
17524,26946,876200
17525,26946,876250
17526,26946,876300
17527,26946,876350
17528,26946,876400
17529,26946,876450
17530,26946,876500
17531,26946,876550
17532,26946,876600
17533,26946,876650
17534,26946,876700
17535,26946,876750
17536,26946,876800
17537,26946,876850
17538,26946,876900
17539,26946,876950
17540,26946,877000
17541,26946,877050
17542,26946,877100
17543,26946,877150
17544,26946,877200
17545,26946,877250
17546,26946,877300
17547,26946,877350
17548,26946,877400
17549,26946,877450
17550,26946,877500
17551,26946,877550
17552,26946,877600
17553,26946,877650
17554,26946,877700
17555,26946,877750
17556,26946,877800
17557,26946,877850
17558,26946,877900
17559,26946,877950
17560,26946,878000
17561,26946,878050
17562,26946,878100
17563,26946,878150
17564,26946,878200
17565,26946,878250
17566,26946,878300
17567,26946,878350
17568,26946,878400
17569,26946,878450
17570,26946,878500
17571,26946,878550
17572,26946,878600
17573,26946,878650
17574,26946,878700
17575,26946,878750
17576,26946,878800
17577,26946,878850
17578,26946,878900
17579,26946,878950
17580,26946,879000
17581,26946,879050
17582,26946,879100
17583,26946,879150
17584,26946,879200
17585,26946,879250
17586,26946,879300
17587,26946,879350
17588,26946,879400
17589,26946,879450
17590,26946,879500
17591,26946,879550
17592,26946,879600
17593,26946,879650
17594,26946,879700
17595,26946,879750
17596,26946,879800
17597,26946,879850
17598,26946,879900
17599,26946,879950
17600,26946,880000
17601,26946,880050
17602,26946,880100
17603,26946,880150
17604,26946,880200
17605,26946,880250
17606,26946,880300
17607,26946,880350
17608,26946,880400
17609,26946,880450
17610,26946,880500
17611,26946,880550
17612,26946,880600
17613,26946,880650
17614,26946,880700
17615,26946,880750
17616,26946,880800
17617,26946,880850
17618,26946,880900
17619,26946,880950
17620,26946,881000
17621,26946,881050
17622,26946,881100
17623,26946,881150
17624,26946,881200
17625,26946,881250
17626,26946,881300
17627,26946,881350
17628,26946,881400
17629,26946,881450
17630,26946,881500
17631,26946,881550
17632,26946,881600
17633,26946,881650
17634,26946,881700
17635,26946,881750
17636,26946,881800
17637,26946,881850
17638,26946,881900
17639,26946,881950
17640,26946,882000
17641,26946,882050
17642,26946,882100
17643,26946,882150
17644,26946,882200
17645,26946,882250
17646,26946,882300
17647,26946,882350
17648,26946,882400
17649,26946,882450
17650,26946,882500
17651,26946,882550
17652,26946,882600
17653,26946,882650
17654,26946,882700
17655,26946,882750
17656,26946,882800
17657,26946,882850
17658,26946,882900
17659,26946,882950
17660,26946,883000
17661,26946,883050
17662,26946,883100
17663,26946,883150
17664,26946,883200
17665,26946,883250
17666,26946,883300
17667,26946,883350
17668,26946,883400
17669,26946,883450
17670,26946,883500
17671,26946,883550
17672,26946,883600
17673,26946,883650
17674,26946,883700
17675,26946,883750
17676,26946,883800
17677,26946,883850
17678,26946,883900
17679,26946,883950
17680,26946,884000
17681,26946,884050
17682,26946,884100
17683,26946,884150
17684,26946,884200
17685,26946,884250
17686,26946,884300
17687,26946,884350
17688,26946,884400
17689,26946,884450
17690,26946,884500
17691,26946,884550
17692,26946,884600
17693,26946,884650
17694,26946,884700
17695,26946,884750
17696,26946,884800
17697,26946,884850
17698,26946,884900
17699,26946,884950
17700,26946,885000
17701,26946,885050
17702,26946,885100
17703,26946,885150
17704,26946,885200
17705,26946,885250
17706,26946,885300
17707,26946,885350
17708,26946,885400
17709,26946,885450
17710,26946,885500
17711,26946,885550
17712,26946,885600
17713,26946,885650
17714,26946,885700
17715,26946,885750
17716,26946,885800
17717,26946,885850
17718,26946,885900
17719,26946,885950
17720,26946,886000
17721,26946,886050
17722,26946,886100
17723,26946,886150
17724,26946,886200
17725,26946,886250
17726,26946,886300
17727,26946,886350
17728,26946,886400
17729,26946,886450
17730,26946,886500
17731,26946,886550
17732,26946,886600
17733,26946,886650
17734,26946,886700
17735,26946,886750
17736,26946,886800
17737,26946,886850
17738,26946,886900
17739,26946,886950
17740,26946,887000
17741,26946,887050
17742,26946,887100
17743,26946,887150
17744,26946,887200
17745,26946,887250
17746,26946,887300
17747,26946,887350
17748,26946,887400
17749,26946,887450
17750,26946,887500
17751,26946,887550
17752,26946,887600
17753,26946,887650
17754,26946,887700
17755,26946,887750
17756,26946,887800
17757,26946,887850
17758,26946,887900
17759,26946,887950
17760,26946,888000
17761,26946,888050
17762,26946,888100
17763,26946,888150
17764,26946,888200
17765,26946,888250
17766,26946,888300
17767,26946,888350
17768,26946,888400
17769,26946,888450
17770,26946,888500
17771,26946,888550
17772,26946,888600
17773,26946,888650
17774,26946,888700
17775,26946,888750
17776,26946,888800
17777,26946,888850
17778,26946,888900
17779,26946,888950
17780,26946,889000
17781,26946,889050
17782,26946,889100
17783,26946,889150
17784,26946,889200
17785,26946,889250
17786,26946,889300
17787,26946,889350
17788,26946,889400
17789,26946,889450
17790,26946,889500
17791,26946,889550
17792,26946,889600
17793,26946,889650
17794,26946,889700
17795,26946,889750
17796,26946,889800
17797,26946,889850
17798,26946,889900
17799,26946,889950
17800,26946,890000
17801,26946,890050
17802,26946,890100
17803,26946,890150
17804,26946,890200
17805,26946,890250
17806,26946,890300
17807,26946,890350
17808,26946,890400
17809,26946,890450
17810,26946,890500
17811,26946,890550
17812,26946,890600
17813,26946,890650
17814,26946,890700
17815,26946,890750
17816,26946,890800
17817,26946,890850
17818,26946,890900
17819,26946,890950
17820,26946,891000
17821,26946,891050
17822,26946,891100
17823,26946,891150
17824,26946,891200
17825,26946,891250
17826,26946,891300
17827,26946,891350
17828,26946,891400
17829,26946,891450
17830,26946,891500
17831,26946,891550
17832,26946,891600
17833,26946,891650
17834,26946,891700
17835,26946,891750
17836,26946,891800
17837,26946,891850
17838,26946,891900
17839,26946,891950
17840,26946,892000
17841,26946,892050
17842,26946,892100
17843,26946,892150
17844,26946,892200
17845,26946,892250
17846,26946,892300
17847,26946,892350
17848,26946,892400
17849,26946,892450
17850,26946,892500
17851,26946,892550
17852,26946,892600
17853,26946,892650
17854,26946,892700
17855,26946,892750
17856,26946,892800
17857,26946,892850
17858,26946,892900
17859,26946,892950
17860,26946,893000
17861,26946,893050
17862,26946,893100
17863,26946,893150
17864,26946,893200
17865,26946,893250
17866,26946,893300
17867,26946,893350
17868,26946,893400
17869,26946,893450
17870,26946,893500
17871,26946,893550
17872,26946,893600
17873,26946,893650
17874,26946,893700
17875,26946,893750
17876,26946,893800
17877,26946,893850
17878,26946,893900
17879,26946,893950
17880,26946,894000
17881,26946,894050
17882,26946,894100
17883,26946,894150
17884,26946,894200
17885,26946,894250
17886,26946,894300
17887,26946,894350
17888,26946,894400
17889,26946,894450
17890,26946,894500
17891,26946,894550
17892,26946,894600
17893,26946,894650
17894,26946,894700
17895,26946,894750
17896,26946,894800
17897,26946,894850
17898,26946,894900
17899,26946,894950
17900,26946,895000
17901,26946,895050
17902,26946,895100
17903,26946,895150
17904,26946,895200
17905,26946,895250
17906,26946,895300
17907,26946,895350
17908,26946,895400
17909,26946,895450
17910,26946,895500
17911,26946,895550
17912,26946,895600
17913,26946,895650
17914,26946,895700
17915,26946,895750
17916,26946,895800
17917,26946,895850
17918,26946,895900
17919,26946,895950
17920,26946,896000
17921,26946,896050
17922,26946,896100
17923,26946,896150
17924,26946,896200
17925,26946,896250
17926,26946,896300
17927,26946,896350
17928,26946,896400
17929,26946,896450
17930,26946,896500
17931,26946,896550
17932,26946,896600
17933,26946,896650
17934,26946,896700
17935,26946,896750
17936,26946,896800
17937,26946,896850
17938,26946,896900
17939,26946,896950
17940,26946,897000
17941,26946,897050
17942,26946,897100
17943,26946,897150
17944,26946,897200
17945,26946,897250
17946,26946,897300
17947,26946,897350
17948,26946,897400
17949,26946,897450
17950,26946,897500
17951,26946,897550
17952,26946,897600
17953,26946,897650
17954,26946,897700
17955,26946,897750
17956,26946,897800
17957,26946,897850
17958,26946,897900
17959,26946,897950
17960,26946,898000
17961,26946,898050
17962,26946,898100
17963,26946,898150
17964,26946,898200
17965,26946,898250
17966,26946,898300
17967,26946,898350
17968,26946,898400
17969,26946,898450
17970,26946,898500
17971,26946,898550
17972,26946,898600
17973,26946,898650
17974,26946,898700
17975,26946,898750
17976,26946,898800
17977,26946,898850
17978,26946,898900
17979,26946,898950
17980,26946,899000
17981,26946,899050
17982,26946,899100
17983,26946,899150
17984,26946,899200
17985,26946,899250
17986,26946,899300
17987,26946,899350
17988,26946,899400
17989,26946,899450
17990,26946,899500
17991,26946,899550
17992,26946,899600
17993,26946,899650
17994,26946,899700
17995,26946,899750
17996,26946,899800
17997,26946,899850
17998,26946,899900
17999,26946,899950
18000,26946,900000
18001,26946,900050
18002,26946,900100
18003,26946,900150
18004,26946,900200
18005,26946,900250
18006,26946,900300
18007,26946,900350
18008,26946,900400
18009,26946,900450
18010,26946,900500
18011,26946,900550
18012,26946,900600
18013,26946,900650
18014,26946,900700
18015,26946,900750
18016,26946,900800
18017,26946,900850
18018,26946,900900
18019,26946,900950
18020,26946,901000
18021,26946,901050
18022,26946,901100
18023,26946,901150
18024,26946,901200
18025,26946,901250
18026,26946,901300
18027,26946,901350
18028,26946,901400
18029,26946,901450
18030,26946,901500
18031,26946,901550
18032,26946,901600
18033,26946,901650
18034,26946,901700
18035,26946,901750
18036,26946,901800
18037,26946,901850
18038,26946,901900
18039,26946,901950
18040,26946,902000
18041,26946,902050
18042,26946,902100
18043,26946,902150
18044,26946,902200
18045,26946,902250
18046,26946,902300
18047,26946,902350
18048,26946,902400
18049,26946,902450
18050,26946,902500
18051,26946,902550
18052,26946,902600
18053,26946,902650
18054,26946,902700
18055,26946,902750
18056,26946,902800
18057,26946,902850
18058,26946,902900
18059,26946,902950
18060,26946,903000
18061,26946,903050
18062,26946,903100
18063,26946,903150
18064,26946,903200
18065,26946,903250
18066,26946,903300
18067,26946,903350
18068,26946,903400
18069,26946,903450
18070,26946,903500
18071,26946,903550
18072,26946,903600
18073,26946,903650
18074,26946,903700
18075,26946,903750
18076,26946,903800
18077,26946,903850
18078,26946,903900
18079,26946,903950
18080,26946,904000
18081,26946,904050
18082,26946,904100
18083,26946,904150
18084,26946,904200
18085,26946,904250
18086,26946,904300
18087,26946,904350
18088,26946,904400
18089,26946,904450
18090,26946,904500
18091,26946,904550
18092,26946,904600
18093,26946,904650
18094,26946,904700
18095,26946,904750
18096,26946,904800
18097,26946,904850
18098,26946,904900
18099,26946,904950
18100,26946,905000
18101,26946,905050
18102,26946,905100
18103,26946,905150
18104,26946,905200
18105,26946,905250
18106,26946,905300
18107,26946,905350
18108,26946,905400
18109,26946,905450
18110,26946,905500
18111,26946,905550
18112,26946,905600
18113,26946,905650
18114,26946,905700
18115,26946,905750
18116,26946,905800
18117,26946,905850
18118,26946,905900
18119,26946,905950
18120,26946,906000
18121,26946,906050
18122,26946,906100
18123,26946,906150
18124,26946,906200
18125,26946,906250
18126,26946,906300
18127,26946,906350
18128,26946,906400
18129,26946,906450
18130,26946,906500
18131,26946,906550
18132,26946,906600
18133,26946,906650
18134,26946,906700
18135,26946,906750
18136,26946,906800
18137,26946,906850
18138,26946,906900
18139,26946,906950
18140,26946,907000
18141,26946,907050
18142,26946,907100
18143,26946,907150
18144,26946,907200
18145,26946,907250
18146,26946,907300
18147,26946,907350
18148,26946,907400
18149,26946,907450
18150,26946,907500
18151,26946,907550
18152,26946,907600
18153,26946,907650
18154,26946,907700
18155,26946,907750
18156,26946,907800
18157,26946,907850
18158,26946,907900
18159,26946,907950
18160,26946,908000
18161,26946,908050
18162,26946,908100
18163,26946,908150
18164,26946,908200
18165,26946,908250
18166,26946,908300
18167,26946,908350
18168,26946,908400
18169,26946,908450
18170,26946,908500
18171,26946,908550
18172,26946,908600
18173,26946,908650
18174,26946,908700
18175,26946,908750
18176,26946,908800
18177,26946,908850
18178,26946,908900
18179,26946,908950
18180,26946,909000
18181,26946,909050
18182,26946,909100
18183,26946,909150
18184,26946,909200
18185,26946,909250
18186,26946,909300
18187,26946,909350
18188,26946,909400
18189,26946,909450
18190,26946,909500
18191,26946,909550
18192,26946,909600
18193,26946,909650
18194,26946,909700
18195,26946,909750
18196,26946,909800
18197,26946,909850
18198,26946,909900
18199,26946,909950
18200,26946,910000
18201,26946,910050
18202,26946,910100
18203,26946,910150
18204,26946,910200
18205,26946,910250
18206,26946,910300
18207,26946,910350
18208,26946,910400
18209,26946,910450
18210,26946,910500
18211,26946,910550
18212,26946,910600
18213,26946,910650
18214,26946,910700
18215,26946,910750
18216,26946,910800
18217,26946,910850
18218,26946,910900
18219,26946,910950
18220,26946,911000
18221,26946,911050
18222,26946,911100
18223,26946,911150
18224,26946,911200
18225,26946,911250
18226,26946,911300
18227,26946,911350
18228,26946,911400
18229,26946,911450
18230,26946,911500
18231,26946,911550
18232,26946,911600
18233,26946,911650
18234,26946,911700
18235,26946,911750
18236,26946,911800
18237,26946,911850
18238,26946,911900
18239,26946,911950
18240,26946,912000
18241,26946,912050
18242,26946,912100
18243,26946,912150
18244,26946,912200
18245,26946,912250
18246,26946,912300
18247,26946,912350
18248,26946,912400
18249,26946,912450
18250,26946,912500
18251,26946,912550
18252,26946,912600
18253,26946,912650
18254,26946,912700
18255,26946,912750
18256,26946,912800
18257,26946,912850
18258,26946,912900
18259,26946,912950
18260,26946,913000
18261,26946,913050
18262,26946,913100
18263,26946,913150
18264,26946,913200
18265,26946,913250
18266,26946,913300
18267,26946,913350
18268,26946,913400
18269,26946,913450
18270,26946,913500
18271,26946,913550
18272,26946,913600
18273,26946,913650
18274,26946,913700
18275,26946,913750
18276,26946,913800
18277,26946,913850
18278,26946,913900
18279,26946,913950
18280,26946,914000
18281,26946,914050
18282,26946,914100
18283,26946,914150
18284,26946,914200
18285,26946,914250
18286,26946,914300
18287,26946,914350
18288,26946,914400
18289,26946,914450
18290,26946,914500
18291,26946,914550
18292,26946,914600
18293,26946,914650
18294,26946,914700
18295,26946,914750
18296,26946,914800
18297,26946,914850
18298,26946,914900
18299,26946,914950
18300,26946,915000
18301,26946,915050
18302,26946,915100
18303,26946,915150
18304,26946,915200
18305,26946,915250
18306,26946,915300
18307,26946,915350
18308,26946,915400
18309,26946,915450
18310,26946,915500
18311,26946,915550
18312,26946,915600
18313,26946,915650
18314,26946,915700
18315,26946,915750
18316,26946,915800
18317,26946,915850
18318,26946,915900
18319,26946,915950
18320,26946,916000
18321,26946,916050
18322,26946,916100
18323,26946,916150
18324,26946,916200
18325,26946,916250
18326,26946,916300
18327,26946,916350
18328,26946,916400
18329,26946,916450
18330,26946,916500
18331,26946,916550
18332,26946,916600
18333,26946,916650
18334,26946,916700
18335,26946,916750
18336,26946,916800
18337,26946,916850
18338,26946,916900
18339,26946,916950
18340,26946,917000
18341,26946,917050
18342,26946,917100
18343,26946,917150
18344,26946,917200
18345,26946,917250
18346,26946,917300
18347,26946,917350
18348,26946,917400
18349,26946,917450
18350,26946,917500
18351,26946,917550
18352,26946,917600
18353,26946,917650
18354,26946,917700
18355,26946,917750
18356,26946,917800
18357,26946,917850
18358,26946,917900
18359,26946,917950
18360,26946,918000
18361,26946,918050
18362,26946,918100
18363,26946,918150
18364,26946,918200
18365,26946,918250
18366,26946,918300
18367,26946,918350
18368,26946,918400
18369,26946,918450
18370,26946,918500
18371,26946,918550
18372,26946,918600
18373,26946,918650
18374,26946,918700
18375,26946,918750
18376,26946,918800
18377,26946,918850
18378,26946,918900
18379,26946,918950
18380,26946,919000
18381,26946,919050
18382,26946,919100
18383,26946,919150
18384,26946,919200
18385,26946,919250
18386,26946,919300
18387,26946,919350
18388,26946,919400
18389,26946,919450
18390,26946,919500
18391,26946,919550
18392,26946,919600
18393,26946,919650
18394,26946,919700
18395,26946,919750
18396,26946,919800
18397,26946,919850
18398,26946,919900
18399,26946,919950
18400,26946,920000
18401,26946,920050
18402,26946,920100
18403,26946,920150
18404,26946,920200
18405,26946,920250
18406,26946,920300
18407,26946,920350
18408,26946,920400
18409,26946,920450
18410,26946,920500
18411,26946,920550
18412,26946,920600
18413,26946,920650
18414,26946,920700
18415,26946,920750
18416,26946,920800
18417,26946,920850
18418,26946,920900
18419,26946,920950
18420,26946,921000
18421,26946,921050
18422,26946,921100
18423,26946,921150
18424,26946,921200
18425,26946,921250
18426,26946,921300
18427,26946,921350
18428,26946,921400
18429,26946,921450
18430,26946,921500
18431,26946,921550
18432,26946,921600
18433,26946,921650
18434,26946,921700
18435,26946,921750
18436,26946,921800
18437,26946,921850
18438,26946,921900
18439,26946,921950
18440,26946,922000
18441,26946,922050
18442,26946,922100
18443,26946,922150
18444,26946,922200
18445,26946,922250
18446,26946,922300
18447,26946,922350
18448,26946,922400
18449,26946,922450
18450,26946,922500
18451,26946,922550
18452,26946,922600
18453,26946,922650
18454,26946,922700
18455,26946,922750
18456,26946,922800
18457,26946,922850
18458,26946,922900
18459,26946,922950
18460,26946,923000
18461,26946,923050
18462,26946,923100
18463,26946,923150
18464,26946,923200
18465,26946,923250
18466,26946,923300
18467,26946,923350
18468,26946,923400
18469,26946,923450
18470,26946,923500
18471,26946,923550
18472,26946,923600
18473,26946,923650
18474,26946,923700
18475,26946,923750
18476,26946,923800
18477,26946,923850
18478,26946,923900
18479,26946,923950
18480,26946,924000
18481,26946,924050
18482,26946,924100
18483,26946,924150
18484,26946,924200
18485,26946,924250
18486,26946,924300
18487,26946,924350
18488,26946,924400
18489,26946,924450
18490,26946,924500
18491,26946,924550
18492,26946,924600
18493,26946,924650
18494,26946,924700
18495,26946,924750
18496,26946,924800
18497,26946,924850
18498,26946,924900
18499,26946,924950
18500,26946,925000
18501,26946,925050
18502,26946,925100
18503,26946,925150
18504,26946,925200
18505,26946,925250
18506,26946,925300
18507,26946,925350
18508,26946,925400
18509,26946,925450
18510,26946,925500
18511,26946,925550
18512,26946,925600
18513,26946,925650
18514,26946,925700
18515,26946,925750
18516,26946,925800
18517,26946,925850
18518,26946,925900
18519,26946,925950
18520,26946,926000
18521,26946,926050
18522,26946,926100
18523,26946,926150
18524,26946,926200
18525,26946,926250
18526,26946,926300
18527,26946,926350
18528,26946,926400
18529,26946,926450
18530,26946,926500
18531,26946,926550
18532,26946,926600
18533,26946,926650
18534,26946,926700
18535,26946,926750
18536,26946,926800
18537,26946,926850
18538,26946,926900
18539,26946,926950
18540,26946,927000
18541,26946,927050
18542,26946,927100
18543,26946,927150
18544,26946,927200
18545,26946,927250
18546,26946,927300
18547,26946,927350
18548,26946,927400
18549,26946,927450
18550,26946,927500
18551,26946,927550
18552,26946,927600
18553,26946,927650
18554,26946,927700
18555,26946,927750
18556,26946,927800
18557,26946,927850
18558,26946,927900
18559,26946,927950
18560,26946,928000
18561,26946,928050
18562,26946,928100
18563,26946,928150
18564,26946,928200
18565,26946,928250
18566,26946,928300
18567,26946,928350
18568,26946,928400
18569,26946,928450
18570,26946,928500
18571,26946,928550
18572,26946,928600
18573,26946,928650
18574,26946,928700
18575,26946,928750
18576,26946,928800
18577,26946,928850
18578,26946,928900
18579,26946,928950
18580,26946,929000
18581,26946,929050
18582,26946,929100
18583,26946,929150
18584,26946,929200
18585,26946,929250
18586,26946,929300
18587,26946,929350
18588,26946,929400
18589,26946,929450
18590,26946,929500
18591,26946,929550
18592,26946,929600
18593,26946,929650
18594,26946,929700
18595,26946,929750
18596,26946,929800
18597,26946,929850
18598,26946,929900
18599,26946,929950
18600,26946,930000
18601,26946,930050
18602,26946,930100
18603,26946,930150
18604,26946,930200
18605,26946,930250
18606,26946,930300
18607,26946,930350
18608,26946,930400
18609,26946,930450
18610,26946,930500
18611,26946,930550
18612,26946,930600
18613,26946,930650
18614,26946,930700
18615,26946,930750
18616,26946,930800
18617,26946,930850
18618,26946,930900
18619,26946,930950
18620,26946,931000
18621,26946,931050
18622,26946,931100
18623,26946,931150
18624,26946,931200
18625,26946,931250
18626,26946,931300
18627,26946,931350
18628,26946,931400
18629,26946,931450
18630,26946,931500
18631,26946,931550
18632,26946,931600
18633,26946,931650
18634,26946,931700
18635,26946,931750
18636,26946,931800
18637,26946,931850
18638,26946,931900
18639,26946,931950
18640,26946,932000
18641,26946,932050
18642,26946,932100
18643,26946,932150
18644,26946,932200
18645,26946,932250
18646,26946,932300
18647,26946,932350
18648,26946,932400
18649,26946,932450
18650,26946,932500
18651,26946,932550
18652,26946,932600
18653,26946,932650
18654,26946,932700
18655,26946,932750
18656,26946,932800
18657,26946,932850
18658,26946,932900
18659,26946,932950
18660,26946,933000
18661,26946,933050
18662,26946,933100
18663,26946,933150
18664,26946,933200
18665,26946,933250
18666,26946,933300
18667,26946,933350
18668,26946,933400
18669,26946,933450
18670,26946,933500
18671,26946,933550
18672,26946,933600
18673,26946,933650
18674,26946,933700
18675,26946,933750
18676,26946,933800
18677,26946,933850
18678,26946,933900
18679,26946,933950
18680,26946,934000
18681,26946,934050
18682,26946,934100
18683,26946,934150
18684,26946,934200
18685,26946,934250
18686,26946,934300
18687,26946,934350
18688,26946,934400
18689,26946,934450
18690,26946,934500
18691,26946,934550
18692,26946,934600
18693,26946,934650
18694,26946,934700
18695,26946,934750
18696,26946,934800
18697,26946,934850
18698,26946,934900
18699,26946,934950
18700,26946,935000
18701,26946,935050
18702,26946,935100
18703,26946,935150
18704,26946,935200
18705,26946,935250
18706,26946,935300
18707,26946,935350
18708,26946,935400
18709,26946,935450
18710,26946,935500
18711,26946,935550
18712,26946,935600
18713,26946,935650
18714,26946,935700
18715,26946,935750
18716,26946,935800
18717,26946,935850
18718,26946,935900
18719,26946,935950
18720,26946,936000
18721,26946,936050
18722,26946,936100
18723,26946,936150
18724,26946,936200
18725,26946,936250
18726,26946,936300
18727,26946,936350
18728,26946,936400
18729,26946,936450
18730,26946,936500
18731,26946,936550
18732,26946,936600
18733,26946,936650
18734,26946,936700
18735,26946,936750
18736,26946,936800
18737,26946,936850
18738,26946,936900
18739,26946,936950
18740,26946,937000
18741,26946,937050
18742,26946,937100
18743,26946,937150
18744,26946,937200
18745,26946,937250
18746,26946,937300
18747,26946,937350
18748,26946,937400
18749,26946,937450
18750,26946,937500
18751,26946,937550
18752,26946,937600
18753,26946,937650
18754,26946,937700
18755,26946,937750
18756,26946,937800
18757,26946,937850
18758,26946,937900
18759,26946,937950
18760,26946,938000
18761,26946,938050
18762,26946,938100
18763,26946,938150
18764,26946,938200
18765,26946,938250
18766,26946,938300
18767,26946,938350
18768,26946,938400
18769,26946,938450
18770,26946,938500
18771,26946,938550
18772,26946,938600
18773,26946,938650
18774,26946,938700
18775,26946,938750
18776,26946,938800
18777,26946,938850
18778,26946,938900
18779,26946,938950
18780,26946,939000
18781,26946,939050
18782,26946,939100
18783,26946,939150
18784,26946,939200
18785,26946,939250
18786,26946,939300
18787,26946,939350
18788,26946,939400
18789,26946,939450
18790,26946,939500
18791,26946,939550
18792,26946,939600
18793,26946,939650
18794,26946,939700
18795,26946,939750
18796,26946,939800
18797,26946,939850
18798,26946,939900
18799,26946,939950
18800,26946,940000
18801,26946,940050
18802,26946,940100
18803,26946,940150
18804,26946,940200
18805,26946,940250
18806,26946,940300
18807,26946,940350
18808,26946,940400
18809,26946,940450
18810,26946,940500
18811,26946,940550
18812,26946,940600
18813,26946,940650
18814,26946,940700
18815,26946,940750
18816,26946,940800
18817,26946,940850
18818,26946,940900
18819,26946,940950
18820,26946,941000
18821,26946,941050
18822,26946,941100
18823,26946,941150
18824,26946,941200
18825,26946,941250
18826,26946,941300
18827,26946,941350
18828,26946,941400
18829,26946,941450
18830,26946,941500
18831,26946,941550
18832,26946,941600
18833,26946,941650
18834,26946,941700
18835,26946,941750
18836,26946,941800
18837,26946,941850
18838,26946,941900
18839,26946,941950
18840,26946,942000
18841,26946,942050
18842,26946,942100
18843,26946,942150
18844,26946,942200
18845,26946,942250
18846,26946,942300
18847,26946,942350
18848,26946,942400
18849,26946,942450
18850,26946,942500
18851,26946,942550
18852,26946,942600
18853,26946,942650
18854,26946,942700
18855,26946,942750
18856,26946,942800
18857,26946,942850
18858,26946,942900
18859,26946,942950
18860,26946,943000
18861,26946,943050
18862,26946,943100
18863,26946,943150
18864,26946,943200
18865,26946,943250
18866,26946,943300
18867,26946,943350
18868,26946,943400
18869,26946,943450
18870,26946,943500
18871,26946,943550
18872,26946,943600
18873,26946,943650
18874,26946,943700
18875,26946,943750
18876,26946,943800
18877,26946,943850
18878,26946,943900
18879,26946,943950
18880,26946,944000
18881,26946,944050
18882,26946,944100
18883,26946,944150
18884,26946,944200
18885,26946,944250
18886,26946,944300
18887,26946,944350
18888,26946,944400
18889,26946,944450
18890,26946,944500
18891,26946,944550
18892,26946,944600
18893,26946,944650
18894,26946,944700
18895,26946,944750
18896,26946,944800
18897,26946,944850
18898,26946,944900
18899,26946,944950
18900,26946,945000
18901,26946,945050
18902,26946,945100
18903,26946,945150
18904,26946,945200
18905,26946,945250
18906,26946,945300
18907,26946,945350
18908,26946,945400
18909,26946,945450
18910,26946,945500
18911,26946,945550
18912,26946,945600
18913,26946,945650
18914,26946,945700
18915,26946,945750
18916,26946,945800
18917,26946,945850
18918,26946,945900
18919,26946,945950
18920,26946,946000
18921,26946,946050
18922,26946,946100
18923,26946,946150
18924,26946,946200
18925,26946,946250
18926,26946,946300
18927,26946,946350
18928,26946,946400
18929,26946,946450
18930,26946,946500
18931,26946,946550
18932,26946,946600
18933,26946,946650
18934,26946,946700
18935,26946,946750
18936,26946,946800
18937,26946,946850
18938,26946,946900
18939,26946,946950
18940,26946,947000
18941,26946,947050
18942,26946,947100
18943,26946,947150
18944,26946,947200
18945,26946,947250
18946,26946,947300
18947,26946,947350
18948,26946,947400
18949,26946,947450
18950,26946,947500
18951,26946,947550
18952,26946,947600
18953,26946,947650
18954,26946,947700
18955,26946,947750
18956,26946,947800
18957,26946,947850
18958,26946,947900
18959,26946,947950
18960,26946,948000
18961,26946,948050
18962,26946,948100
18963,26946,948150
18964,26946,948200
18965,26946,948250
18966,26946,948300
18967,26946,948350
18968,26946,948400
18969,26946,948450
18970,26946,948500
18971,26946,948550
18972,26946,948600
18973,26946,948650
18974,26946,948700
18975,26946,948750
18976,26946,948800
18977,26946,948850
18978,26946,948900
18979,26946,948950
18980,26946,949000
18981,26946,949050
18982,26946,949100
18983,26946,949150
18984,26946,949200
18985,26946,949250
18986,26946,949300
18987,26946,949350
18988,26946,949400
18989,26946,949450
18990,26946,949500
18991,26946,949550
18992,26946,949600
18993,26946,949650
18994,26946,949700
18995,26946,949750
18996,26946,949800
18997,26946,949850
18998,26946,949900
18999,26946,949950
19000,26946,950000
19001,26946,950050
19002,26946,950100
19003,26946,950150
19004,26946,950200
19005,26946,950250
19006,26946,950300
19007,26946,950350
19008,26946,950400
19009,26946,950450
19010,26946,950500
19011,26946,950550
19012,26946,950600
19013,26946,950650
19014,26946,950700
19015,26946,950750
19016,26946,950800
19017,26946,950850
19018,26946,950900
19019,26946,950950
19020,26946,951000
19021,26946,951050
19022,26946,951100
19023,26946,951150
19024,26946,951200
19025,26946,951250
19026,26946,951300
19027,26946,951350
19028,26946,951400
19029,26946,951450
19030,26946,951500
19031,26946,951550
19032,26946,951600
19033,26946,951650
19034,26946,951700
19035,26946,951750
19036,26946,951800
19037,26946,951850
19038,26946,951900
19039,26946,951950
19040,26946,952000
19041,26946,952050
19042,26946,952100
19043,26946,952150
19044,26946,952200
19045,26946,952250
19046,26946,952300
19047,26946,952350
19048,26946,952400
19049,26946,952450
19050,26946,952500
19051,26946,952550
19052,26946,952600
19053,26946,952650
19054,26946,952700
19055,26946,952750
19056,26946,952800
19057,26946,952850
19058,26946,952900
19059,26946,952950
19060,26946,953000
19061,26946,953050
19062,26946,953100
19063,26946,953150
19064,26946,953200
19065,26946,953250
19066,26946,953300
19067,26946,953350
19068,26946,953400
19069,26946,953450
19070,26946,953500
19071,26946,953550
19072,26946,953600
19073,26946,953650
19074,26946,953700
19075,26946,953750
19076,26946,953800
19077,26946,953850
19078,26946,953900
19079,26946,953950
19080,26946,954000
19081,26946,954050
19082,26946,954100
19083,26946,954150
19084,26946,954200
19085,26946,954250
19086,26946,954300
19087,26946,954350
19088,26946,954400
19089,26946,954450
19090,26946,954500
19091,26946,954550
19092,26946,954600
19093,26946,954650
19094,26946,954700
19095,26946,954750
19096,26946,954800
19097,26946,954850
19098,26946,954900
19099,26946,954950
19100,26946,955000
19101,26946,955050
19102,26946,955100
19103,26946,955150
19104,26946,955200
19105,26946,955250
19106,26946,955300
19107,26946,955350
19108,26946,955400
19109,26946,955450
19110,26946,955500
19111,26946,955550
19112,26946,955600
19113,26946,955650
19114,26946,955700
19115,26946,955750
19116,26946,955800
19117,26946,955850
19118,26946,955900
19119,26946,955950
19120,26946,956000
19121,26946,956050
19122,26946,956100
19123,26946,956150
19124,26946,956200
19125,26946,956250
19126,26946,956300
19127,26946,956350
19128,26946,956400
19129,26946,956450
19130,26946,956500
19131,26946,956550
19132,26946,956600
19133,26946,956650
19134,26946,956700
19135,26946,956750
19136,26946,956800
19137,26946,956850
19138,26946,956900
19139,26946,956950
19140,26946,957000
19141,26946,957050
19142,26946,957100
19143,26946,957150
19144,26946,957200
19145,26946,957250
19146,26946,957300
19147,26946,957350
19148,26946,957400
19149,26946,957450
19150,26946,957500
19151,26946,957550
19152,26946,957600
19153,26946,957650
19154,26946,957700
19155,26946,957750
19156,26946,957800
19157,26946,957850
19158,26946,957900
19159,26946,957950
19160,26946,958000
19161,26946,958050
19162,26946,958100
19163,26946,958150
19164,26946,958200
19165,26946,958250
19166,26946,958300
19167,26946,958350
19168,26946,958400
19169,26946,958450
19170,26946,958500
19171,26946,958550
19172,26946,958600
19173,26946,958650
19174,26946,958700
19175,26946,958750
19176,26946,958800
19177,26946,958850
19178,26946,958900
19179,26946,958950
19180,26946,959000
19181,26946,959050
19182,26946,959100
19183,26946,959150
19184,26946,959200
19185,26946,959250
19186,26946,959300
19187,26946,959350
19188,26946,959400
19189,26946,959450
19190,26946,959500
19191,26946,959550
19192,26946,959600
19193,26946,959650
19194,26946,959700
19195,26946,959750
19196,26946,959800
19197,26946,959850
19198,26946,959900
19199,26946,959950
19200,26946,960000
19201,26946,960050
19202,26946,960100
19203,26946,960150
19204,26946,960200
19205,26946,960250
19206,26946,960300
19207,26946,960350
19208,26946,960400
19209,26946,960450
19210,26946,960500
19211,26946,960550
19212,26946,960600
19213,26946,960650
19214,26946,960700
19215,26946,960750
19216,26946,960800
19217,26946,960850
19218,26946,960900
19219,26946,960950
19220,26946,961000
19221,26946,961050
19222,26946,961100
19223,26946,961150
19224,26946,961200
19225,26946,961250
19226,26946,961300
19227,26946,961350
19228,26946,961400
19229,26946,961450
19230,26946,961500
19231,26946,961550
19232,26946,961600
19233,26946,961650
19234,26946,961700
19235,26946,961750
19236,26946,961800
19237,26946,961850
19238,26946,961900
19239,26946,961950
19240,26946,962000
19241,26946,962050
19242,26946,962100
19243,26946,962150
19244,26946,962200
19245,26946,962250
19246,26946,962300
19247,26946,962350
19248,26946,962400
19249,26946,962450
19250,26946,962500
19251,26946,962550
19252,26946,962600
19253,26946,962650
19254,26946,962700
19255,26946,962750
19256,26946,962800
19257,26946,962850
19258,26946,962900
19259,26946,962950
19260,26946,963000
19261,26946,963050
19262,26946,963100
19263,26946,963150
19264,26946,963200
19265,26946,963250
19266,26946,963300
19267,26946,963350
19268,26946,963400
19269,26946,963450
19270,26946,963500
19271,26946,963550
19272,26946,963600
19273,26946,963650
19274,26946,963700
19275,26946,963750
19276,26946,963800
19277,26946,963850
19278,26946,963900
19279,26946,963950
19280,26946,964000
19281,26946,964050
19282,26946,964100
19283,26946,964150
19284,26946,964200
19285,26946,964250
19286,26946,964300
19287,26946,964350
19288,26946,964400
19289,26946,964450
19290,26946,964500
19291,26946,964550
19292,26946,964600
19293,26946,964650
19294,26946,964700
19295,26946,964750
19296,26946,964800
19297,26946,964850
19298,26946,964900
19299,26946,964950
19300,26946,965000
19301,26946,965050
19302,26946,965100
19303,26946,965150
19304,26946,965200
19305,26946,965250
19306,26946,965300
19307,26946,965350
19308,26946,965400
19309,26946,965450
19310,26946,965500
19311,26946,965550
19312,26946,965600
19313,26946,965650
19314,26946,965700
19315,26946,965750
19316,26946,965800
19317,26946,965850
19318,26946,965900
19319,26946,965950
19320,26946,966000
19321,26946,966050
19322,26946,966100
19323,26946,966150
19324,26946,966200
19325,26946,966250
19326,26946,966300
19327,26946,966350
19328,26946,966400
19329,26946,966450
19330,26946,966500
19331,26946,966550
19332,26946,966600
19333,26946,966650
19334,26946,966700
19335,26946,966750
19336,26946,966800
19337,26946,966850
19338,26946,966900
19339,26946,966950
19340,26946,967000
19341,26946,967050
19342,26946,967100
19343,26946,967150
19344,26946,967200
19345,26946,967250
19346,26946,967300
19347,26946,967350
19348,26946,967400
19349,26946,967450
19350,26946,967500
19351,26946,967550
19352,26946,967600
19353,26946,967650
19354,26946,967700
19355,26946,967750
19356,26946,967800
19357,26946,967850
19358,26946,967900
19359,26946,967950
19360,26946,968000
19361,26946,968050
19362,26946,968100
19363,26946,968150
19364,26946,968200
19365,26946,968250
19366,26946,968300
19367,26946,968350
19368,26946,968400
19369,26946,968450
19370,26946,968500
19371,26946,968550
19372,26946,968600
19373,26946,968650
19374,26946,968700
19375,26946,968750
19376,26946,968800
19377,26946,968850
19378,26946,968900
19379,26946,968950
19380,26946,969000
19381,26946,969050
19382,26946,969100
19383,26946,969150
19384,26946,969200
19385,26946,969250
19386,26946,969300
19387,26946,969350
19388,26946,969400
19389,26946,969450
19390,26946,969500
19391,26946,969550
19392,26946,969600
19393,26946,969650
19394,26946,969700
19395,26946,969750
19396,26946,969800
19397,26946,969850
19398,26946,969900
19399,26946,969950
19400,26946,970000
19401,26946,970050
19402,26946,970100
19403,26946,970150
19404,26946,970200
19405,26946,970250
19406,26946,970300
19407,26946,970350
19408,26946,970400
19409,26946,970450
19410,26946,970500
19411,26946,970550
19412,26946,970600
19413,26946,970650
19414,26946,970700
19415,26946,970750
19416,26946,970800
19417,26946,970850
19418,26946,970900
19419,26946,970950
19420,26946,971000
19421,26946,971050
19422,26946,971100
19423,26946,971150
19424,26946,971200
19425,26946,971250
19426,26946,971300
19427,26946,971350
19428,26946,971400
19429,26946,971450
19430,26946,971500
19431,26946,971550
19432,26946,971600
19433,26946,971650
19434,26946,971700
19435,26946,971750
19436,26946,971800
19437,26946,971850
19438,26946,971900
19439,26946,971950
19440,26946,972000
19441,26946,972050
19442,26946,972100
19443,26946,972150
19444,26946,972200
19445,26946,972250
19446,26946,972300
19447,26946,972350
19448,26946,972400
19449,26946,972450
19450,26946,972500
19451,26946,972550
19452,26946,972600
19453,26946,972650
19454,26946,972700
19455,26946,972750
19456,26946,972800
19457,26946,972850
19458,26946,972900
19459,26946,972950
19460,26946,973000
19461,26946,973050
19462,26946,973100
19463,26946,973150
19464,26946,973200
19465,26946,973250
19466,26946,973300
19467,26946,973350
19468,26946,973400
19469,26946,973450
19470,26946,973500
19471,26946,973550
19472,26946,973600
19473,26946,973650
19474,26946,973700
19475,26946,973750
19476,26946,973800
19477,26946,973850
19478,26946,973900
19479,26946,973950
19480,26946,974000
19481,26946,974050
19482,26946,974100
19483,26946,974150
19484,26946,974200
19485,26946,974250
19486,26946,974300
19487,26946,974350
19488,26946,974400
19489,26946,974450
19490,26946,974500
19491,26946,974550
19492,26946,974600
19493,26946,974650
19494,26946,974700
19495,26946,974750
19496,26946,974800
19497,26946,974850
19498,26946,974900
19499,26946,974950
19500,26946,975000
19501,26946,975050
19502,26946,975100
19503,26946,975150
19504,26946,975200
19505,26946,975250
19506,26946,975300
19507,26946,975350
19508,26946,975400
19509,26946,975450
19510,26946,975500
19511,26946,975550
19512,26946,975600
19513,26946,975650
19514,26946,975700
19515,26946,975750
19516,26946,975800
19517,26946,975850
19518,26946,975900
19519,26946,975950
19520,26946,976000
19521,26946,976050
19522,26946,976100
19523,26946,976150
19524,26946,976200
19525,26946,976250
19526,26946,976300
19527,26946,976350
19528,26946,976400
19529,26946,976450
19530,26946,976500
19531,26946,976550
19532,26946,976600
19533,26946,976650
19534,26946,976700
19535,26946,976750
19536,26946,976800
19537,26946,976850
19538,26946,976900
19539,26946,976950
19540,26946,977000
19541,26946,977050
19542,26946,977100
19543,26946,977150
19544,26946,977200
19545,26946,977250
19546,26946,977300
19547,26946,977350
19548,26946,977400
19549,26946,977450
19550,26946,977500
19551,26946,977550
19552,26946,977600
19553,26946,977650
19554,26946,977700
19555,26946,977750
19556,26946,977800
19557,26946,977850
19558,26946,977900
19559,26946,977950
19560,26946,978000
19561,26946,978050
19562,26946,978100
19563,26946,978150
19564,26946,978200
19565,26946,978250
19566,26946,978300
19567,26946,978350
19568,26946,978400
19569,26946,978450
19570,26946,978500
19571,26946,978550
19572,26946,978600
19573,26946,978650
19574,26946,978700
19575,26946,978750
19576,26946,978800
19577,26946,978850
19578,26946,978900
19579,26946,978950
19580,26946,979000
19581,26946,979050
19582,26946,979100
19583,26946,979150
19584,26946,979200
19585,26946,979250
19586,26946,979300
19587,26946,979350
19588,26946,979400
19589,26946,979450
19590,26946,979500
19591,26946,979550
19592,26946,979600
19593,26946,979650
19594,26946,979700
19595,26946,979750
19596,26946,979800
19597,26946,979850
19598,26946,979900
19599,26946,979950
19600,26946,980000
19601,26946,980050
19602,26946,980100
19603,26946,980150
19604,26946,980200
19605,26946,980250
19606,26946,980300
19607,26946,980350
19608,26946,980400
19609,26946,980450
19610,26946,980500
19611,26946,980550
19612,26946,980600
19613,26946,980650
19614,26946,980700
19615,26946,980750
19616,26946,980800
19617,26946,980850
19618,26946,980900
19619,26946,980950
19620,26946,981000
19621,26946,981050
19622,26946,981100
19623,26946,981150
19624,26946,981200
19625,26946,981250
19626,26946,981300
19627,26946,981350
19628,26946,981400
19629,26946,981450
19630,26946,981500
19631,26946,981550
19632,26946,981600
19633,26946,981650
19634,26946,981700
19635,26946,981750
19636,26946,981800
19637,26946,981850
19638,26946,981900
19639,26946,981950
19640,26946,982000
19641,26946,982050
19642,26946,982100
19643,26946,982150
19644,26946,982200
19645,26946,982250
19646,26946,982300
19647,26946,982350
19648,26946,982400
19649,26946,982450
19650,26946,982500
19651,26946,982550
19652,26946,982600
19653,26946,982650
19654,26946,982700
19655,26946,982750
19656,26946,982800
19657,26946,982850
19658,26946,982900
19659,26946,982950
19660,26946,983000
19661,26946,983050
19662,26946,983100
19663,26946,983150
19664,26946,983200
19665,26946,983250
19666,26946,983300
19667,26946,983350
19668,26946,983400
19669,26946,983450
19670,26946,983500
19671,26946,983550
19672,26946,983600
19673,26946,983650
19674,26946,983700
19675,26946,983750
19676,26946,983800
19677,26946,983850
19678,26946,983900
19679,26946,983950
19680,26946,984000
19681,26946,984050
19682,26946,984100
19683,26946,984150
19684,26946,984200
19685,26946,984250
19686,26946,984300
19687,26946,984350
19688,26946,984400
19689,26946,984450
19690,26946,984500
19691,26946,984550
19692,26946,984600
19693,26946,984650
19694,26946,984700
19695,26946,984750
19696,26946,984800
19697,26946,984850
19698,26946,984900
19699,26946,984950
19700,26946,985000
19701,26946,985050
19702,26946,985100
19703,26946,985150
19704,26946,985200
19705,26946,985250
19706,26946,985300
19707,26946,985350
19708,26946,985400
19709,26946,985450
19710,26946,985500
19711,26946,985550
19712,26946,985600
19713,26946,985650
19714,26946,985700
19715,26946,985750
19716,26946,985800
19717,26946,985850
19718,26946,985900
19719,26946,985950
19720,26946,986000
19721,26946,986050
19722,26946,986100
19723,26946,986150
19724,26946,986200
19725,26946,986250
19726,26946,986300
19727,26946,986350
19728,26946,986400
19729,26946,986450
19730,26946,986500
19731,26946,986550
19732,26946,986600
19733,26946,986650
19734,26946,986700
19735,26946,986750
19736,26946,986800
19737,26946,986850
19738,26946,986900
19739,26946,986950
19740,26946,987000
19741,26946,987050
19742,26946,987100
19743,26946,987150
19744,26946,987200
19745,26946,987250
19746,26946,987300
19747,26946,987350
19748,26946,987400
19749,26946,987450
19750,26946,987500
19751,26946,987550
19752,26946,987600
19753,26946,987650
19754,26946,987700
19755,26946,987750
19756,26946,987800
19757,26946,987850
19758,26946,987900
19759,26946,987950
19760,26946,988000
19761,26946,988050
19762,26946,988100
19763,26946,988150
19764,26946,988200
19765,26946,988250
19766,26946,988300
19767,26946,988350
19768,26946,988400
19769,26946,988450
19770,26946,988500
19771,26946,988550
19772,26946,988600
19773,26946,988650
19774,26946,988700
19775,26946,988750
19776,26946,988800
19777,26946,988850
19778,26946,988900
19779,26946,988950
19780,26946,989000
19781,26946,989050
19782,26946,989100
19783,26946,989150
19784,26946,989200
19785,26946,989250
19786,26946,989300
19787,26946,989350
19788,26946,989400
19789,26946,989450
19790,26946,989500
19791,26946,989550
19792,26946,989600
19793,26946,989650
19794,26946,989700
19795,26946,989750
19796,26946,989800
19797,26946,989850
19798,26946,989900
19799,26946,989950
19800,26946,990000
19801,26946,990050
19802,26946,990100
19803,26946,990150
19804,26946,990200
19805,26946,990250
19806,26946,990300
19807,26946,990350
19808,26946,990400
19809,26946,990450
19810,26946,990500
19811,26946,990550
19812,26946,990600
19813,26946,990650
19814,26946,990700
19815,26946,990750
19816,26946,990800
19817,26946,990850
19818,26946,990900
19819,26946,990950
19820,26946,991000
19821,26946,991050
19822,26946,991100
19823,26946,991150
19824,26946,991200
19825,26946,991250
19826,26946,991300
19827,26946,991350
19828,26946,991400
19829,26946,991450
19830,26946,991500
19831,26946,991550
19832,26946,991600
19833,26946,991650
19834,26946,991700
19835,26946,991750
19836,26946,991800
19837,26946,991850
19838,26946,991900
19839,26946,991950
19840,26946,992000
19841,26946,992050
19842,26946,992100
19843,26946,992150
19844,26946,992200
19845,26946,992250
19846,26946,992300
19847,26946,992350
19848,26946,992400
19849,26946,992450
19850,26946,992500
19851,26946,992550
19852,26946,992600
19853,26946,992650
19854,26946,992700
19855,26946,992750
19856,26946,992800
19857,26946,992850
19858,26946,992900
19859,26946,992950
19860,26946,993000
19861,26946,993050
19862,26946,993100
19863,26946,993150
19864,26946,993200
19865,26946,993250
19866,26946,993300
19867,26946,993350
19868,26946,993400
19869,26946,993450
19870,26946,993500
19871,26946,993550
19872,26946,993600
19873,26946,993650
19874,26946,993700
19875,26946,993750
19876,26946,993800
19877,26946,993850
19878,26946,993900
19879,26946,993950
19880,26946,994000
19881,26946,994050
19882,26946,994100
19883,26946,994150
19884,26946,994200
19885,26946,994250
19886,26946,994300
19887,26946,994350
19888,26946,994400
19889,26946,994450
19890,26946,994500
19891,26946,994550
19892,26946,994600
19893,26946,994650
19894,26946,994700
19895,26946,994750
19896,26946,994800
19897,26946,994850
19898,26946,994900
19899,26946,994950
19900,26946,995000
19901,26946,995050
19902,26946,995100
19903,26946,995150
19904,26946,995200
19905,26946,995250
19906,26946,995300
19907,26946,995350
19908,26946,995400
19909,26946,995450
19910,26946,995500
19911,26946,995550
19912,26946,995600
19913,26946,995650
19914,26946,995700
19915,26946,995750
19916,26946,995800
19917,26946,995850
19918,26946,995900
19919,26946,995950
19920,26946,996000
19921,26946,996050
19922,26946,996100
19923,26946,996150
19924,26946,996200
19925,26946,996250
19926,26946,996300
19927,26946,996350
19928,26946,996400
19929,26946,996450
19930,26946,996500
19931,26946,996550
19932,26946,996600
19933,26946,996650
19934,26946,996700
19935,26946,996750
19936,26946,996800
19937,26946,996850
19938,26946,996900
19939,26946,996950
19940,26946,997000
19941,26946,997050
19942,26946,997100
19943,26946,997150
19944,26946,997200
19945,26946,997250
19946,26946,997300
19947,26946,997350
19948,26946,997400
19949,26946,997450
19950,26946,997500
19951,26946,997550
19952,26946,997600
19953,26946,997650
19954,26946,997700
19955,26946,997750
19956,26946,997800
19957,26946,997850
19958,26946,997900
19959,26946,997950
19960,26946,998000
19961,26946,998050
19962,26946,998100
19963,26946,998150
19964,26946,998200
19965,26946,998250
19966,26946,998300
19967,26946,998350
19968,26946,998400
19969,26946,998450
19970,26946,998500
19971,26946,998550
19972,26946,998600
19973,26946,998650
19974,26946,998700
19975,26946,998750
19976,26946,998800
19977,26946,998850
19978,26946,998900
19979,26946,998950
19980,26946,999000
19981,26946,999050
19982,26946,999100
19983,26946,999150
19984,26946,999200
19985,26946,999250
19986,26946,999300
19987,26946,999350
19988,26946,999400
19989,26946,999450
19990,26946,999500
19991,26946,999550
19992,26946,999600
19993,26946,999650
19994,26946,999700
19995,26946,999750
19996,26946,999800
19997,26946,999850
19998,26946,999900
19999,26946,999950
20000,26946,1000000
20001,26946,1000050
20002,26946,1000100
20003,26946,1000150
20004,26946,1000200
20005,26946,1000250
20006,26946,1000300
20007,26946,1000350
20008,26946,1000400
20009,26946,1000450
20010,26946,1000500
20011,26946,1000550
20012,26946,1000600
20013,26946,1000650
20014,26946,1000700
20015,26946,1000750
20016,26946,1000800
20017,26946,1000850
20018,26946,1000900
20019,26946,1000950
20020,26946,1001000
20021,26946,1001050
20022,26946,1001100
20023,26946,1001150
20024,26946,1001200
20025,26946,1001250
20026,26946,1001300
20027,26946,1001350
20028,26946,1001400
20029,26946,1001450
20030,26946,1001500
20031,26946,1001550
20032,26946,1001600
20033,26946,1001650
20034,26946,1001700
20035,26946,1001750
20036,26946,1001800
20037,26946,1001850
20038,26946,1001900
20039,26946,1001950
20040,26946,1002000
20041,26946,1002050
20042,26946,1002100
20043,26946,1002150
20044,26946,1002200
20045,26946,1002250
20046,26946,1002300
20047,26946,1002350
20048,26946,1002400
20049,26946,1002450
20050,26946,1002500
20051,26946,1002550
20052,26946,1002600
20053,26946,1002650
20054,26946,1002700
20055,26946,1002750
20056,26946,1002800
20057,26946,1002850
20058,26946,1002900
20059,26946,1002950
20060,26946,1003000
20061,26946,1003050
20062,26946,1003100
20063,26946,1003150
20064,26946,1003200
20065,26946,1003250
20066,26946,1003300
20067,26946,1003350
20068,26946,1003400
20069,26946,1003450
20070,26946,1003500
20071,26946,1003550
20072,26946,1003600
20073,26946,1003650
20074,26946,1003700
20075,26946,1003750
20076,26946,1003800
20077,26946,1003850
20078,26946,1003900
20079,26946,1003950
20080,26946,1004000
20081,26946,1004050
20082,26946,1004100
20083,26946,1004150
20084,26946,1004200
20085,26946,1004250
20086,26946,1004300
20087,26946,1004350
20088,26946,1004400
20089,26946,1004450
20090,26946,1004500
20091,26946,1004550
20092,26946,1004600
20093,26946,1004650
20094,26946,1004700
20095,26946,1004750
20096,26946,1004800
20097,26946,1004850
20098,26946,1004900
20099,26946,1004950
20100,26946,1005000
20101,26946,1005050
20102,26946,1005100
20103,26946,1005150
20104,26946,1005200
20105,26946,1005250
20106,26946,1005300
20107,26946,1005350
20108,26946,1005400
20109,26946,1005450
20110,26946,1005500
20111,26946,1005550
20112,26946,1005600
20113,26946,1005650
20114,26946,1005700
20115,26946,1005750
20116,26946,1005800
20117,26946,1005850
20118,26946,1005900
20119,26946,1005950
20120,26946,1006000
20121,26946,1006050
20122,26946,1006100
20123,26946,1006150
20124,26946,1006200
20125,26946,1006250
20126,26946,1006300
20127,26946,1006350
20128,26946,1006400
20129,26946,1006450
20130,26946,1006500
20131,26946,1006550
20132,26946,1006600
20133,26946,1006650
20134,26946,1006700
20135,26946,1006750
20136,26946,1006800
20137,26946,1006850
20138,26946,1006900
20139,26946,1006950
20140,26946,1007000
20141,26946,1007050
20142,26946,1007100
20143,26946,1007150
20144,26946,1007200
20145,26946,1007250
20146,26946,1007300
20147,26946,1007350
20148,26946,1007400
20149,26946,1007450
20150,26946,1007500
20151,26946,1007550
20152,26946,1007600
20153,26946,1007650
20154,26946,1007700
20155,26946,1007750
20156,26946,1007800
20157,26946,1007850
20158,26946,1007900
20159,26946,1007950
20160,26946,1008000
20161,26946,1008050
20162,26946,1008100
20163,26946,1008150
20164,26946,1008200
20165,26946,1008250
20166,26946,1008300
20167,26946,1008350
20168,26946,1008400
20169,26946,1008450
20170,26946,1008500
20171,26946,1008550
20172,26946,1008600
20173,26946,1008650
20174,26946,1008700
20175,26946,1008750
20176,26946,1008800
20177,26946,1008850
20178,26946,1008900
20179,26946,1008950
20180,26946,1009000
20181,26946,1009050
20182,26946,1009100
20183,26946,1009150
20184,26946,1009200
20185,26946,1009250
20186,26946,1009300
20187,26946,1009350
20188,26946,1009400
20189,26946,1009450
20190,26946,1009500
20191,26946,1009550
20192,26946,1009600
20193,26946,1009650
20194,26946,1009700
20195,26946,1009750
20196,26946,1009800
20197,26946,1009850
20198,26946,1009900
20199,26946,1009950
20200,26946,1010000
20201,26946,1010050
20202,26946,1010100
20203,26946,1010150
20204,26946,1010200
20205,26946,1010250
20206,26946,1010300
20207,26946,1010350
20208,26946,1010400
20209,26946,1010450
20210,26946,1010500
20211,26946,1010550
20212,26946,1010600
20213,26946,1010650
20214,26946,1010700
20215,26946,1010750
20216,26946,1010800
20217,26946,1010850
20218,26946,1010900
20219,26946,1010950
20220,26946,1011000
20221,26946,1011050
20222,26946,1011100
20223,26946,1011150
20224,26946,1011200
20225,26946,1011250
20226,26946,1011300
20227,26946,1011350
20228,26946,1011400
20229,26946,1011450
20230,26946,1011500
20231,26946,1011550
20232,26946,1011600
20233,26946,1011650
20234,26946,1011700
20235,26946,1011750
20236,26946,1011800
20237,26946,1011850
20238,26946,1011900
20239,26946,1011950
20240,26946,1012000
20241,26946,1012050
20242,26946,1012100
20243,26946,1012150
20244,26946,1012200
20245,26946,1012250
20246,26946,1012300
20247,26946,1012350
20248,26946,1012400
20249,26946,1012450
20250,26946,1012500
20251,26946,1012550
20252,26946,1012600
20253,26946,1012650
20254,26946,1012700
20255,26946,1012750
20256,26946,1012800
20257,26946,1012850
20258,26946,1012900
20259,26946,1012950
20260,26946,1013000
20261,26946,1013050
20262,26946,1013100
20263,26946,1013150
20264,26946,1013200
20265,26946,1013250
20266,26946,1013300
20267,26946,1013350
20268,26946,1013400
20269,26946,1013450
20270,26946,1013500
20271,26946,1013550
20272,26946,1013600
20273,26946,1013650
20274,26946,1013700
20275,26946,1013750
20276,26946,1013800
20277,26946,1013850
20278,26946,1013900
20279,26946,1013950
20280,26946,1014000
20281,26946,1014050
20282,26946,1014100
20283,26946,1014150
20284,26946,1014200
20285,26946,1014250
20286,26946,1014300
20287,26946,1014350
20288,26946,1014400
20289,26946,1014450
20290,26946,1014500
20291,26946,1014550
20292,26946,1014600
20293,26946,1014650
20294,26946,1014700
20295,26946,1014750
20296,26946,1014800
20297,26946,1014850
20298,26946,1014900
20299,26946,1014950
20300,26946,1015000
20301,26946,1015050
20302,26946,1015100
20303,26946,1015150
20304,26946,1015200
20305,26946,1015250
20306,26946,1015300
20307,26946,1015350
20308,26946,1015400
20309,26946,1015450
20310,26946,1015500
20311,26946,1015550
20312,26946,1015600
20313,26946,1015650
20314,26946,1015700
20315,26946,1015750
20316,26946,1015800
20317,26946,1015850
20318,26946,1015900
20319,26946,1015950
20320,26946,1016000
20321,26946,1016050
20322,26946,1016100
20323,26946,1016150
20324,26946,1016200
20325,26946,1016250
20326,26946,1016300
20327,26946,1016350
20328,26946,1016400
20329,26946,1016450
20330,26946,1016500
20331,26946,1016550
20332,26946,1016600
20333,26946,1016650
20334,26946,1016700
20335,26946,1016750
20336,26946,1016800
20337,26946,1016850
20338,26946,1016900
20339,26946,1016950
20340,26946,1017000
20341,26946,1017050
20342,26946,1017100
20343,26946,1017150
20344,26946,1017200
20345,26946,1017250
20346,26946,1017300
20347,26946,1017350
20348,26946,1017400
20349,26946,1017450
20350,26946,1017500
20351,26946,1017550
20352,26946,1017600
20353,26946,1017650
20354,26946,1017700
20355,26946,1017750
20356,26946,1017800
20357,26946,1017850
20358,26946,1017900
20359,26946,1017950
20360,26946,1018000
20361,26946,1018050
20362,26946,1018100
20363,26946,1018150
20364,26946,1018200
20365,26946,1018250
20366,26946,1018300
20367,26946,1018350
20368,26946,1018400
20369,26946,1018450
20370,26946,1018500
20371,26946,1018550
20372,26946,1018600
20373,26946,1018650
20374,26946,1018700
20375,26946,1018750
20376,26946,1018800
20377,26946,1018850
20378,26946,1018900
20379,26946,1018950
20380,26946,1019000
20381,26946,1019050
20382,26946,1019100
20383,26946,1019150
20384,26946,1019200
20385,26946,1019250
20386,26946,1019300
20387,26946,1019350
20388,26946,1019400
20389,26946,1019450
20390,26946,1019500
20391,26946,1019550
20392,26946,1019600
20393,26946,1019650
20394,26946,1019700
20395,26946,1019750
20396,26946,1019800
20397,26946,1019850
20398,26946,1019900
20399,26946,1019950
20400,26946,1020000
20401,26946,1020050
20402,26946,1020100
20403,26946,1020150
20404,26946,1020200
20405,26946,1020250
20406,26946,1020300
20407,26946,1020350
20408,26946,1020400
20409,26946,1020450
20410,26946,1020500
20411,26946,1020550
20412,26946,1020600
20413,26946,1020650
20414,26946,1020700
20415,26946,1020750
20416,26946,1020800
20417,26946,1020850
20418,26946,1020900
20419,26946,1020950
20420,26946,1021000
20421,26946,1021050
20422,26946,1021100
20423,26946,1021150
20424,26946,1021200
20425,26946,1021250
20426,26946,1021300
20427,26946,1021350
20428,26946,1021400
20429,26946,1021450
20430,26946,1021500
20431,26946,1021550
20432,26946,1021600
20433,26946,1021650
20434,26946,1021700
20435,26946,1021750
20436,26946,1021800
20437,26946,1021850
20438,26946,1021900
20439,26946,1021950
20440,26946,1022000
20441,26946,1022050
20442,26946,1022100
20443,26946,1022150
20444,26946,1022200
20445,26946,1022250
20446,26946,1022300
20447,26946,1022350
20448,26946,1022400
20449,26946,1022450
20450,26946,1022500
20451,26946,1022550
20452,26946,1022600
20453,26946,1022650
20454,26946,1022700
20455,26946,1022750
20456,26946,1022800
20457,26946,1022850
20458,26946,1022900
20459,26946,1022950
20460,26946,1023000
20461,26946,1023050
20462,26946,1023100
20463,26946,1023150
20464,26946,1023200
20465,26946,1023250
20466,26946,1023300
20467,26946,1023350
20468,26946,1023400
20469,26946,1023450
20470,26946,1023500
20471,26946,1023550
20472,26946,1023600
20473,26946,1023650
20474,26946,1023700
20475,26946,1023750
20476,26946,1023800
20477,26946,1023850
20478,26946,1023900
20479,26946,1023950
20480,26946,1024000
20481,26946,1024050
20482,26946,1024100
20483,26946,1024150
20484,26946,1024200
20485,26946,1024250
20486,26946,1024300
20487,26946,1024350
20488,26946,1024400
20489,26946,1024450
20490,26946,1024500
20491,26946,1024550
20492,26946,1024600
20493,26946,1024650
20494,26946,1024700
20495,26946,1024750
20496,26946,1024800
20497,26946,1024850
20498,26946,1024900
20499,26946,1024950
20500,26946,1025000
20501,26946,1025050
20502,26946,1025100
20503,26946,1025150
20504,26946,1025200
20505,26946,1025250
20506,26946,1025300
20507,26946,1025350
20508,26946,1025400
20509,26946,1025450
20510,26946,1025500
20511,26946,1025550
20512,26946,1025600
20513,26946,1025650
20514,26946,1025700
20515,26946,1025750
20516,26946,1025800
20517,26946,1025850
20518,26946,1025900
20519,26946,1025950
20520,26946,1026000
20521,26946,1026050
20522,26946,1026100
20523,26946,1026150
20524,26946,1026200
20525,26946,1026250
20526,26946,1026300
20527,26946,1026350
20528,26946,1026400
20529,26946,1026450
20530,26946,1026500
20531,26946,1026550
20532,26946,1026600
20533,26946,1026650
20534,26946,1026700
20535,26946,1026750
20536,26946,1026800
20537,26946,1026850
20538,26946,1026900
20539,26946,1026950
20540,26946,1027000
20541,26946,1027050
20542,26946,1027100
20543,26946,1027150
20544,26946,1027200
20545,26946,1027250
20546,26946,1027300
20547,26946,1027350
20548,26946,1027400
20549,26946,1027450
20550,26946,1027500
20551,26946,1027550
20552,26946,1027600
20553,26946,1027650
20554,26946,1027700
20555,26946,1027750
20556,26946,1027800
20557,26946,1027850
20558,26946,1027900
20559,26946,1027950
20560,26946,1028000
20561,26946,1028050
20562,26946,1028100
20563,26946,1028150
20564,26946,1028200
20565,26946,1028250
20566,26946,1028300
20567,26946,1028350
20568,26946,1028400
20569,26946,1028450
20570,26946,1028500
20571,26946,1028550
20572,26946,1028600
20573,26946,1028650
20574,26946,1028700
20575,26946,1028750
20576,26946,1028800
20577,26946,1028850
20578,26946,1028900
20579,26946,1028950
20580,26946,1029000
20581,26946,1029050
20582,26946,1029100
20583,26946,1029150
20584,26946,1029200
20585,26946,1029250
20586,26946,1029300
20587,26946,1029350
20588,26946,1029400
20589,26946,1029450
20590,26946,1029500
20591,26946,1029550
20592,26946,1029600
20593,26946,1029650
20594,26946,1029700
20595,26946,1029750
20596,26946,1029800
20597,26946,1029850
20598,26946,1029900
20599,26946,1029950
20600,26946,1030000
20601,26946,1030050
20602,26946,1030100
20603,26946,1030150
20604,26946,1030200
20605,26946,1030250
20606,26946,1030300
20607,26946,1030350
20608,26946,1030400
20609,26946,1030450
20610,26946,1030500
20611,26946,1030550
20612,26946,1030600
20613,26946,1030650
20614,26946,1030700
20615,26946,1030750
20616,26946,1030800
20617,26946,1030850
20618,26946,1030900
20619,26946,1030950
20620,26946,1031000
20621,26946,1031050
20622,26946,1031100
20623,26946,1031150
20624,26946,1031200
20625,26946,1031250
20626,26946,1031300
20627,26946,1031350
20628,26946,1031400
20629,26946,1031450
20630,26946,1031500
20631,26946,1031550
20632,26946,1031600
20633,26946,1031650
20634,26946,1031700
20635,26946,1031750
20636,26946,1031800
20637,26946,1031850
20638,26946,1031900
20639,26946,1031950
20640,26946,1032000
20641,26946,1032050
20642,26946,1032100
20643,26946,1032150
20644,26946,1032200
20645,26946,1032250
20646,26946,1032300
20647,26946,1032350
20648,26946,1032400
20649,26946,1032450
20650,26946,1032500
20651,26946,1032550
20652,26946,1032600
20653,26946,1032650
20654,26946,1032700
20655,26946,1032750
20656,26946,1032800
20657,26946,1032850
20658,26946,1032900
20659,26946,1032950
20660,26946,1033000
20661,26946,1033050
20662,26946,1033100
20663,26946,1033150
20664,26946,1033200
20665,26946,1033250
20666,26946,1033300
20667,26946,1033350
20668,26946,1033400
20669,26946,1033450
20670,26946,1033500
20671,26946,1033550
20672,26946,1033600
20673,26946,1033650
20674,26946,1033700
20675,26946,1033750
20676,26946,1033800
20677,26946,1033850
20678,26946,1033900
20679,26946,1033950
20680,26946,1034000
20681,26946,1034050
20682,26946,1034100
20683,26946,1034150
20684,26946,1034200
20685,26946,1034250
20686,26946,1034300
20687,26946,1034350
20688,26946,1034400
20689,26946,1034450
20690,26946,1034500
20691,26946,1034550
20692,26946,1034600
20693,26946,1034650
20694,26946,1034700
20695,26946,1034750
20696,26946,1034800
20697,26946,1034850
20698,26946,1034900
20699,26946,1034950
20700,26946,1035000
20701,26946,1035050
20702,26946,1035100
20703,26946,1035150
20704,26946,1035200
20705,26946,1035250
20706,26946,1035300
20707,26946,1035350
20708,26946,1035400
20709,26946,1035450
20710,26946,1035500
20711,26946,1035550
20712,26946,1035600
20713,26946,1035650
20714,26946,1035700
20715,26946,1035750
20716,26946,1035800
20717,26946,1035850
20718,26946,1035900
20719,26946,1035950
20720,26946,1036000
20721,26946,1036050
20722,26946,1036100
20723,26946,1036150
20724,26946,1036200
20725,26946,1036250
20726,26946,1036300
20727,26946,1036350
20728,26946,1036400
20729,26946,1036450
20730,26946,1036500
20731,26946,1036550
20732,26946,1036600
20733,26946,1036650
20734,26946,1036700
20735,26946,1036750
20736,26946,1036800
20737,26946,1036850
20738,26946,1036900
20739,26946,1036950
20740,26946,1037000
20741,26946,1037050
20742,26946,1037100
20743,26946,1037150
20744,26946,1037200
20745,26946,1037250
20746,26946,1037300
20747,26946,1037350
20748,26946,1037400
20749,26946,1037450
20750,26946,1037500
20751,26946,1037550
20752,26946,1037600
20753,26946,1037650
20754,26946,1037700
20755,26946,1037750
20756,26946,1037800
20757,26946,1037850
20758,26946,1037900
20759,26946,1037950
20760,26946,1038000
20761,26946,1038050
20762,26946,1038100
20763,26946,1038150
20764,26946,1038200
20765,26946,1038250
20766,26946,1038300
20767,26946,1038350
20768,26946,1038400
20769,26946,1038450
20770,26946,1038500
20771,26946,1038550
20772,26946,1038600
20773,26946,1038650
20774,26946,1038700
20775,26946,1038750
20776,26946,1038800
20777,26946,1038850
20778,26946,1038900
20779,26946,1038950
20780,26946,1039000
20781,26946,1039050
20782,26946,1039100
20783,26946,1039150
20784,26946,1039200
20785,26946,1039250
20786,26946,1039300
20787,26946,1039350
20788,26946,1039400
20789,26946,1039450
20790,26946,1039500
20791,26946,1039550
20792,26946,1039600
20793,26946,1039650
20794,26946,1039700
20795,26946,1039750
20796,26946,1039800
20797,26946,1039850
20798,26946,1039900
20799,26946,1039950
20800,26946,1040000
20801,26946,1040050
20802,26946,1040100
20803,26946,1040150
20804,26946,1040200
20805,26946,1040250
20806,26946,1040300
20807,26946,1040350
20808,26946,1040400
20809,26946,1040450
20810,26946,1040500
20811,26946,1040550
20812,26946,1040600
20813,26946,1040650
20814,26946,1040700
20815,26946,1040750
20816,26946,1040800
20817,26946,1040850
20818,26946,1040900
20819,26946,1040950
20820,26946,1041000
20821,26946,1041050
20822,26946,1041100
20823,26946,1041150
20824,26946,1041200
20825,26946,1041250
20826,26946,1041300
20827,26946,1041350
20828,26946,1041400
20829,26946,1041450
20830,26946,1041500
20831,26946,1041550
20832,26946,1041600
20833,26946,1041650
20834,26946,1041700
20835,26946,1041750
20836,26946,1041800
20837,26946,1041850
20838,26946,1041900
20839,26946,1041950
20840,26946,1042000
20841,26946,1042050
20842,26946,1042100
20843,26946,1042150
20844,26946,1042200
20845,26946,1042250
20846,26946,1042300
20847,26946,1042350
20848,26946,1042400
20849,26946,1042450
20850,26946,1042500
20851,26946,1042550
20852,26946,1042600
20853,26946,1042650
20854,26946,1042700
20855,26946,1042750
20856,26946,1042800
20857,26946,1042850
20858,26946,1042900
20859,26946,1042950
20860,26946,1043000
20861,26946,1043050
20862,26946,1043100
20863,26946,1043150
20864,26946,1043200
20865,26946,1043250
20866,26946,1043300
20867,26946,1043350
20868,26946,1043400
20869,26946,1043450
20870,26946,1043500
20871,26946,1043550
20872,26946,1043600
20873,26946,1043650
20874,26946,1043700
20875,26946,1043750
20876,26946,1043800
20877,26946,1043850
20878,26946,1043900
20879,26946,1043950
20880,26946,1044000
20881,26946,1044050
20882,26946,1044100
20883,26946,1044150
20884,26946,1044200
20885,26946,1044250
20886,26946,1044300
20887,26946,1044350
20888,26946,1044400
20889,26946,1044450
20890,26946,1044500
20891,26946,1044550
20892,26946,1044600
20893,26946,1044650
20894,26946,1044700
20895,26946,1044750
20896,26946,1044800
20897,26946,1044850
20898,26946,1044900
20899,26946,1044950
20900,26946,1045000
20901,26946,1045050
20902,26946,1045100
20903,26946,1045150
20904,26946,1045200
20905,26946,1045250
20906,26946,1045300
20907,26946,1045350
20908,26946,1045400
20909,26946,1045450
20910,26946,1045500
20911,26946,1045550
20912,26946,1045600
20913,26946,1045650
20914,26946,1045700
20915,26946,1045750
20916,26946,1045800
20917,26946,1045850
20918,26946,1045900
20919,26946,1045950
20920,26946,1046000
20921,26946,1046050
20922,26946,1046100
20923,26946,1046150
20924,26946,1046200
20925,26946,1046250
20926,26946,1046300
20927,26946,1046350
20928,26946,1046400
20929,26946,1046450
20930,26946,1046500
20931,26946,1046550
20932,26946,1046600
20933,26946,1046650
20934,26946,1046700
20935,26946,1046750
20936,26946,1046800
20937,26946,1046850
20938,26946,1046900
20939,26946,1046950
20940,26946,1047000
20941,26946,1047050
20942,26946,1047100
20943,26946,1047150
20944,26946,1047200
20945,26946,1047250
20946,26946,1047300
20947,26946,1047350
20948,26946,1047400
20949,26946,1047450
20950,26946,1047500
20951,26946,1047550
20952,26946,1047600
20953,26946,1047650
20954,26946,1047700
20955,26946,1047750
20956,26946,1047800
20957,26946,1047850
20958,26946,1047900
20959,26946,1047950
20960,26946,1048000
20961,26946,1048050
20962,26946,1048100
20963,26946,1048150
20964,26946,1048200
20965,26946,1048250
20966,26946,1048300
20967,26946,1048350
20968,26946,1048400
20969,26946,1048450
20970,26946,1048500
20971,26946,1048550
20972,26946,1048600
20973,26946,1048650
20974,26946,1048700
20975,26946,1048750
20976,26946,1048800
20977,26946,1048850
20978,26946,1048900
20979,26946,1048950
20980,26946,1049000
20981,26946,1049050
20982,26946,1049100
20983,26946,1049150
20984,26946,1049200
20985,26946,1049250
20986,26946,1049300
20987,26946,1049350
20988,26946,1049400
20989,26946,1049450
20990,26946,1049500
20991,26946,1049550
20992,26946,1049600
20993,26946,1049650
20994,26946,1049700
20995,26946,1049750
20996,26946,1049800
20997,26946,1049850
20998,26946,1049900
20999,26946,1049950
21000,26946,1050000
21001,26946,1050050
21002,26946,1050100
21003,26946,1050150
21004,26946,1050200
21005,26946,1050250
21006,26946,1050300
21007,26946,1050350
21008,26946,1050400
21009,26946,1050450
21010,26946,1050500
21011,26946,1050550
21012,26946,1050600
21013,26946,1050650
21014,26946,1050700
21015,26946,1050750
21016,26946,1050800
21017,26946,1050850
21018,26946,1050900
21019,26946,1050950
21020,26946,1051000
21021,26946,1051050
21022,26946,1051100
21023,26946,1051150
21024,26946,1051200
21025,26946,1051250
21026,26946,1051300
21027,26946,1051350
21028,26946,1051400
21029,26946,1051450
21030,26946,1051500
21031,26946,1051550
21032,26946,1051600
21033,26946,1051650
21034,26946,1051700
21035,26946,1051750
21036,26946,1051800
21037,26946,1051850
21038,26946,1051900
21039,26946,1051950
21040,26946,1052000
21041,26946,1052050
21042,26946,1052100
21043,26946,1052150
21044,26946,1052200
21045,26946,1052250
21046,26946,1052300
21047,26946,1052350
21048,26946,1052400
21049,26946,1052450
21050,26946,1052500
21051,26946,1052550
21052,26946,1052600
21053,26946,1052650
21054,26946,1052700
21055,26946,1052750
21056,26946,1052800
21057,26946,1052850
21058,26946,1052900
21059,26946,1052950
21060,26946,1053000
21061,26946,1053050
21062,26946,1053100
21063,26946,1053150
21064,26946,1053200
21065,26946,1053250
21066,26946,1053300
21067,26946,1053350
21068,26946,1053400
21069,26946,1053450
21070,26946,1053500
21071,26946,1053550
21072,26946,1053600
21073,26946,1053650
21074,26946,1053700
21075,26946,1053750
21076,26946,1053800
21077,26946,1053850
21078,26946,1053900
21079,26946,1053950
21080,26946,1054000
21081,26946,1054050
21082,26946,1054100
21083,26946,1054150
21084,26946,1054200
21085,26946,1054250
21086,26946,1054300
21087,26946,1054350
21088,26946,1054400
21089,26946,1054450
21090,26946,1054500
21091,26946,1054550
21092,26946,1054600
21093,26946,1054650
21094,26946,1054700
21095,26946,1054750
21096,26946,1054800
21097,26946,1054850
21098,26946,1054900
21099,26946,1054950
21100,26946,1055000
21101,26946,1055050
21102,26946,1055100
21103,26946,1055150
21104,26946,1055200
21105,26946,1055250
21106,26946,1055300
21107,26946,1055350
21108,26946,1055400
21109,26946,1055450
21110,26946,1055500
21111,26946,1055550
21112,26946,1055600
21113,26946,1055650
21114,26946,1055700
21115,26946,1055750
21116,26946,1055800
21117,26946,1055850
21118,26946,1055900
21119,26946,1055950
21120,26946,1056000
21121,26946,1056050
21122,26946,1056100
21123,26946,1056150
21124,26946,1056200
21125,26946,1056250
21126,26946,1056300
21127,26946,1056350
21128,26946,1056400
21129,26946,1056450
21130,26946,1056500
21131,26946,1056550
21132,26946,1056600
21133,26946,1056650
21134,26946,1056700
21135,26946,1056750
21136,26946,1056800
21137,26946,1056850
21138,26946,1056900
21139,26946,1056950
21140,26946,1057000
21141,26946,1057050
21142,26946,1057100
21143,26946,1057150
21144,26946,1057200
21145,26946,1057250
21146,26946,1057300
21147,26946,1057350
21148,26946,1057400
21149,26946,1057450
21150,26946,1057500
21151,26946,1057550
21152,26946,1057600
21153,26946,1057650
21154,26946,1057700
21155,26946,1057750
21156,26946,1057800
21157,26946,1057850
21158,26946,1057900
21159,26946,1057950
21160,26946,1058000
21161,26946,1058050
21162,26946,1058100
21163,26946,1058150
21164,26946,1058200
21165,26946,1058250
21166,26946,1058300
21167,26946,1058350
21168,26946,1058400
21169,26946,1058450
21170,26946,1058500
21171,26946,1058550
21172,26946,1058600
21173,26946,1058650
21174,26946,1058700
21175,26946,1058750
21176,26946,1058800
21177,26946,1058850
21178,26946,1058900
21179,26946,1058950
21180,26946,1059000
21181,26946,1059050
21182,26946,1059100
21183,26946,1059150
21184,26946,1059200
21185,26946,1059250
21186,26946,1059300
21187,26946,1059350
21188,26946,1059400
21189,26946,1059450
21190,26946,1059500
21191,26946,1059550
21192,26946,1059600
21193,26946,1059650
21194,26946,1059700
21195,26946,1059750
21196,26946,1059800
21197,26946,1059850
21198,26946,1059900
21199,26946,1059950
21200,26946,1060000
21201,26946,1060050
21202,26946,1060100
21203,26946,1060150
21204,26946,1060200
21205,26946,1060250
21206,26946,1060300
21207,26946,1060350
21208,26946,1060400
21209,26946,1060450
21210,26946,1060500
21211,26946,1060550
21212,26946,1060600
21213,26946,1060650
21214,26946,1060700
21215,26946,1060750
21216,26946,1060800
21217,26946,1060850
21218,26946,1060900
21219,26946,1060950
21220,26946,1061000
21221,26946,1061050
21222,26946,1061100
21223,26946,1061150
21224,26946,1061200
21225,26946,1061250
21226,26946,1061300
21227,26946,1061350
21228,26946,1061400
21229,26946,1061450
21230,26946,1061500
21231,26946,1061550
21232,26946,1061600
21233,26946,1061650
21234,26946,1061700
21235,26946,1061750
21236,26946,1061800
21237,26946,1061850
21238,26946,1061900
21239,26946,1061950
21240,26946,1062000
21241,26946,1062050
21242,26946,1062100
21243,26946,1062150
21244,26946,1062200
21245,26946,1062250
21246,26946,1062300
21247,26946,1062350
21248,26946,1062400
21249,26946,1062450
21250,26946,1062500
21251,26946,1062550
21252,26946,1062600
21253,26946,1062650
21254,26946,1062700
21255,26946,1062750
21256,26946,1062800
21257,26946,1062850
21258,26946,1062900
21259,26946,1062950
21260,26946,1063000
21261,26946,1063050
21262,26946,1063100
21263,26946,1063150
21264,26946,1063200
21265,26946,1063250
21266,26946,1063300
21267,26946,1063350
21268,26946,1063400
21269,26946,1063450
21270,26946,1063500
21271,26946,1063550
21272,26946,1063600
21273,26946,1063650
21274,26946,1063700
21275,26946,1063750
21276,26946,1063800
21277,26946,1063850
21278,26946,1063900
21279,26946,1063950
21280,26946,1064000
21281,26946,1064050
21282,26946,1064100
21283,26946,1064150
21284,26946,1064200
21285,26946,1064250
21286,26946,1064300
21287,26946,1064350
21288,26946,1064400
21289,26946,1064450
21290,26946,1064500
21291,26946,1064550
21292,26946,1064600
21293,26946,1064650
21294,26946,1064700
21295,26946,1064750
21296,26946,1064800
21297,26946,1064850
21298,26946,1064900
21299,26946,1064950
21300,26946,1065000
21301,26946,1065050
21302,26946,1065100
21303,26946,1065150
21304,26946,1065200
21305,26946,1065250
21306,26946,1065300
21307,26946,1065350
21308,26946,1065400
21309,26946,1065450
21310,26946,1065500
21311,26946,1065550
21312,26946,1065600
21313,26946,1065650
21314,26946,1065700
21315,26946,1065750
21316,26946,1065800
21317,26946,1065850
21318,26946,1065900
21319,26946,1065950
21320,26946,1066000
21321,26946,1066050
21322,26946,1066100
21323,26946,1066150
21324,26946,1066200
21325,26946,1066250
21326,26946,1066300
21327,26946,1066350
21328,26946,1066400
21329,26946,1066450
21330,26946,1066500
21331,26946,1066550
21332,26946,1066600
21333,26946,1066650
21334,26946,1066700
21335,26946,1066750
21336,26946,1066800
21337,26946,1066850
21338,26946,1066900
21339,26946,1066950
21340,26946,1067000
21341,26946,1067050
21342,26946,1067100
21343,26946,1067150
21344,26946,1067200
21345,26946,1067250
21346,26946,1067300
21347,26946,1067350
21348,26946,1067400
21349,26946,1067450
21350,26946,1067500
21351,26946,1067550
21352,26946,1067600
21353,26946,1067650
21354,26946,1067700
21355,26946,1067750
21356,26946,1067800
21357,26946,1067850
21358,26946,1067900
21359,26946,1067950
21360,26946,1068000
21361,26946,1068050
21362,26946,1068100
21363,26946,1068150
21364,26946,1068200
21365,26946,1068250
21366,26946,1068300
21367,26946,1068350
21368,26946,1068400
21369,26946,1068450
21370,26946,1068500
21371,26946,1068550
21372,26946,1068600
21373,26946,1068650
21374,26946,1068700
21375,26946,1068750
21376,26946,1068800
21377,26946,1068850
21378,26946,1068900
21379,26946,1068950
21380,26946,1069000
21381,26946,1069050
21382,26946,1069100
21383,26946,1069150
21384,26946,1069200
21385,26946,1069250
21386,26946,1069300
21387,26946,1069350
21388,26946,1069400
21389,26946,1069450
21390,26946,1069500
21391,26946,1069550
21392,26946,1069600
21393,26946,1069650
21394,26946,1069700
21395,26946,1069750
21396,26946,1069800
21397,26946,1069850
21398,26946,1069900
21399,26946,1069950
21400,26946,1070000
21401,26946,1070050
21402,26946,1070100
21403,26946,1070150
21404,26946,1070200
21405,26946,1070250
21406,26946,1070300
21407,26946,1070350
21408,26946,1070400
21409,26946,1070450
21410,26946,1070500
21411,26946,1070550
21412,26946,1070600
21413,26946,1070650
21414,26946,1070700
21415,26946,1070750
21416,26946,1070800
21417,26946,1070850
21418,26946,1070900
21419,26946,1070950
21420,26946,1071000
21421,26946,1071050
21422,26946,1071100
21423,26946,1071150
21424,26946,1071200
21425,26946,1071250
21426,26946,1071300
21427,26946,1071350
21428,26946,1071400
21429,26946,1071450
21430,26946,1071500
21431,26946,1071550
21432,26946,1071600
21433,26946,1071650
21434,26946,1071700
21435,26946,1071750
21436,26946,1071800
21437,26946,1071850
21438,26946,1071900
21439,26946,1071950
21440,26946,1072000
21441,26946,1072050
21442,26946,1072100
21443,26946,1072150
21444,26946,1072200
21445,26946,1072250
21446,26946,1072300
21447,26946,1072350
21448,26946,1072400
21449,26946,1072450
21450,26946,1072500
21451,26946,1072550
21452,26946,1072600
21453,26946,1072650
21454,26946,1072700
21455,26946,1072750
21456,26946,1072800
21457,26946,1072850
21458,26946,1072900
21459,26946,1072950
21460,26946,1073000
21461,26946,1073050
21462,26946,1073100
21463,26946,1073150
21464,26946,1073200
21465,26946,1073250
21466,26946,1073300
21467,26946,1073350
21468,26946,1073400
21469,26946,1073450
21470,26946,1073500
21471,26946,1073550
21472,26946,1073600
21473,26946,1073650
21474,26946,1073700
21475,26946,1073750
21476,26946,1073800
21477,26946,1073850
21478,26946,1073900
21479,26946,1073950
21480,26946,1074000
21481,26946,1074050
21482,26946,1074100
21483,26946,1074150
21484,26946,1074200
21485,26946,1074250
21486,26946,1074300
21487,26946,1074350
21488,26946,1074400
21489,26946,1074450
21490,26946,1074500
21491,26946,1074550
21492,26946,1074600
21493,26946,1074650
21494,26946,1074700
21495,26946,1074750
21496,26946,1074800
21497,26946,1074850
21498,26946,1074900
21499,26946,1074950
21500,26946,1075000
21501,26946,1075050
21502,26946,1075100
21503,26946,1075150
21504,26946,1075200
21505,26946,1075250
21506,26946,1075300
21507,26946,1075350
21508,26946,1075400
21509,26946,1075450
21510,26946,1075500
21511,26946,1075550
21512,26946,1075600
21513,26946,1075650
21514,26946,1075700
21515,26946,1075750
21516,26946,1075800
21517,26946,1075850
21518,26946,1075900
21519,26946,1075950
21520,26946,1076000
21521,26946,1076050
21522,26946,1076100
21523,26946,1076150
21524,26946,1076200
21525,26946,1076250
21526,26946,1076300
21527,26946,1076350
21528,26946,1076400
21529,26946,1076450
21530,26946,1076500
21531,26946,1076550
21532,26946,1076600
21533,26946,1076650
21534,26946,1076700
21535,26946,1076750
21536,26946,1076800
21537,26946,1076850
21538,26946,1076900
21539,26946,1076950
21540,26946,1077000
21541,26946,1077050
21542,26946,1077100
21543,26946,1077150
21544,26946,1077200
21545,26946,1077250
21546,26946,1077300
21547,26946,1077350
21548,26946,1077400
21549,26946,1077450
21550,26946,1077500
21551,26946,1077550
21552,26946,1077600
21553,26946,1077650
21554,26946,1077700
21555,26946,1077750
21556,26946,1077800
21557,26946,1077850
21558,26946,1077900
21559,26946,1077950
21560,26946,1078000
21561,26946,1078050
21562,26946,1078100
21563,26946,1078150
21564,26946,1078200
21565,26946,1078250
21566,26946,1078300
21567,26946,1078350
21568,26946,1078400
21569,26946,1078450
21570,26946,1078500
21571,26946,1078550
21572,26946,1078600
21573,26946,1078650
21574,26946,1078700
21575,26946,1078750
21576,26946,1078800
21577,26946,1078850
21578,26946,1078900
21579,26946,1078950
21580,26946,1079000
21581,26946,1079050
21582,26946,1079100
21583,26946,1079150
21584,26946,1079200
21585,26946,1079250
21586,26946,1079300
21587,26946,1079350
21588,26946,1079400
21589,26946,1079450
21590,26946,1079500
21591,26946,1079550
21592,26946,1079600
21593,26946,1079650
21594,26946,1079700
21595,26946,1079750
21596,26946,1079800
21597,26946,1079850
21598,26946,1079900
21599,26946,1079950
21600,26946,1080000
21601,26946,1080050
21602,26946,1080100
21603,26946,1080150
21604,26946,1080200
21605,26946,1080250
21606,26946,1080300
21607,26946,1080350
21608,26946,1080400
21609,26946,1080450
21610,26946,1080500
21611,26946,1080550
21612,26946,1080600
21613,26946,1080650
21614,26946,1080700
21615,26946,1080750
21616,26946,1080800
21617,26946,1080850
21618,26946,1080900
21619,26946,1080950
21620,26946,1081000
21621,26946,1081050
21622,26946,1081100
21623,26946,1081150
21624,26946,1081200
21625,26946,1081250
21626,26946,1081300
21627,26946,1081350
21628,26946,1081400
21629,26946,1081450
21630,26946,1081500
21631,26946,1081550
21632,26946,1081600
21633,26946,1081650
21634,26946,1081700
21635,26946,1081750
21636,26946,1081800
21637,26946,1081850
21638,26946,1081900
21639,26946,1081950
21640,26946,1082000
21641,26946,1082050
21642,26946,1082100
21643,26946,1082150
21644,26946,1082200
21645,26946,1082250
21646,26946,1082300
21647,26946,1082350
21648,26946,1082400
21649,26946,1082450
21650,26946,1082500
21651,26946,1082550
21652,26946,1082600
21653,26946,1082650
21654,26946,1082700
21655,26946,1082750
21656,26946,1082800
21657,26946,1082850
21658,26946,1082900
21659,26946,1082950
21660,26946,1083000
21661,26946,1083050
21662,26946,1083100
21663,26946,1083150
21664,26946,1083200
21665,26946,1083250
21666,26946,1083300
21667,26946,1083350
21668,26946,1083400
21669,26946,1083450
21670,26946,1083500
21671,26946,1083550
21672,26946,1083600
21673,26946,1083650
21674,26946,1083700
21675,26946,1083750
21676,26946,1083800
21677,26946,1083850
21678,26946,1083900
21679,26946,1083950
21680,26946,1084000
21681,26946,1084050
21682,26946,1084100
21683,26946,1084150
21684,26946,1084200
21685,26946,1084250
21686,26946,1084300
21687,26946,1084350
21688,26946,1084400
21689,26946,1084450
21690,26946,1084500
21691,26946,1084550
21692,26946,1084600
21693,26946,1084650
21694,26946,1084700
21695,26946,1084750
21696,26946,1084800
21697,26946,1084850
21698,26946,1084900
21699,26946,1084950
21700,26946,1085000
21701,26946,1085050
21702,26946,1085100
21703,26946,1085150
21704,26946,1085200
21705,26946,1085250
21706,26946,1085300
21707,26946,1085350
21708,26946,1085400
21709,26946,1085450
21710,26946,1085500
21711,26946,1085550
21712,26946,1085600
21713,26946,1085650
21714,26946,1085700
21715,26946,1085750
21716,26946,1085800
21717,26946,1085850
21718,26946,1085900
21719,26946,1085950
21720,26946,1086000
21721,26946,1086050
21722,26946,1086100
21723,26946,1086150
21724,26946,1086200
21725,26946,1086250
21726,26946,1086300
21727,26946,1086350
21728,26946,1086400
21729,26946,1086450
21730,26946,1086500
21731,26946,1086550
21732,26946,1086600
21733,26946,1086650
21734,26946,1086700
21735,26946,1086750
21736,26946,1086800
21737,26946,1086850
21738,26946,1086900
21739,26946,1086950
21740,26946,1087000
21741,26946,1087050
21742,26946,1087100
21743,26946,1087150
21744,26946,1087200
21745,26946,1087250
21746,26946,1087300
21747,26946,1087350
21748,26946,1087400
21749,26946,1087450
21750,26946,1087500
21751,26946,1087550
21752,26946,1087600
21753,26946,1087650
21754,26946,1087700
21755,26946,1087750
21756,26946,1087800
21757,26946,1087850
21758,26946,1087900
21759,26946,1087950
21760,26946,1088000
21761,26946,1088050
21762,26946,1088100
21763,26946,1088150
21764,26946,1088200
21765,26946,1088250
21766,26946,1088300
21767,26946,1088350
21768,26946,1088400
21769,26946,1088450
21770,26946,1088500
21771,26946,1088550
21772,26946,1088600
21773,26946,1088650
21774,26946,1088700
21775,26946,1088750
21776,26946,1088800
21777,26946,1088850
21778,26946,1088900
21779,26946,1088950
21780,26946,1089000
21781,26946,1089050
21782,26946,1089100
21783,26946,1089150
21784,26946,1089200
21785,26946,1089250
21786,26946,1089300
21787,26946,1089350
21788,26946,1089400
21789,26946,1089450
21790,26946,1089500
21791,26946,1089550
21792,26946,1089600
21793,26946,1089650
21794,26946,1089700
21795,26946,1089750
21796,26946,1089800
21797,26946,1089850
21798,26946,1089900
21799,26946,1089950
21800,26946,1090000
21801,26946,1090050
21802,26946,1090100
21803,26946,1090150
21804,26946,1090200
21805,26946,1090250
21806,26946,1090300
21807,26946,1090350
21808,26946,1090400
21809,26946,1090450
21810,26946,1090500
21811,26946,1090550
21812,26946,1090600
21813,26946,1090650
21814,26946,1090700
21815,26946,1090750
21816,26946,1090800
21817,26946,1090850
21818,26946,1090900
21819,26946,1090950
21820,26946,1091000
21821,26946,1091050
21822,26946,1091100
21823,26946,1091150
21824,26946,1091200
21825,26946,1091250
21826,26946,1091300
21827,26946,1091350
21828,26946,1091400
21829,26946,1091450
21830,26946,1091500
21831,26946,1091550
21832,26946,1091600
21833,26946,1091650
21834,26946,1091700
21835,26946,1091750
21836,26946,1091800
21837,26946,1091850
21838,26946,1091900
21839,26946,1091950
21840,26946,1092000
21841,26946,1092050
21842,26946,1092100
21843,26946,1092150
21844,26946,1092200
21845,26946,1092250
21846,26946,1092300
21847,26946,1092350
21848,26946,1092400
21849,26946,1092450
21850,26946,1092500
21851,26946,1092550
21852,26946,1092600
21853,26946,1092650
21854,26946,1092700
21855,26946,1092750
21856,26946,1092800
21857,26946,1092850
21858,26946,1092900
21859,26946,1092950
21860,26946,1093000
21861,26946,1093050
21862,26946,1093100
21863,26946,1093150
21864,26946,1093200
21865,26946,1093250
21866,26946,1093300
21867,26946,1093350
21868,26946,1093400
21869,26946,1093450
21870,26946,1093500
21871,26946,1093550
21872,26946,1093600
21873,26946,1093650
21874,26946,1093700
21875,26946,1093750
21876,26946,1093800
21877,26946,1093850
21878,26946,1093900
21879,26946,1093950
21880,26946,1094000
21881,26946,1094050
21882,26946,1094100
21883,26946,1094150
21884,26946,1094200
21885,26946,1094250
21886,26946,1094300
21887,26946,1094350
21888,26946,1094400
21889,26946,1094450
21890,26946,1094500
21891,26946,1094550
21892,26946,1094600
21893,26946,1094650
21894,26946,1094700
21895,26946,1094750
21896,26946,1094800
21897,26946,1094850
21898,26946,1094900
21899,26946,1094950
21900,26946,1095000
21901,26946,1095050
21902,26946,1095100
21903,26946,1095150
21904,26946,1095200
21905,26946,1095250
21906,26946,1095300
21907,26946,1095350
21908,26946,1095400
21909,26946,1095450
21910,26946,1095500
21911,26946,1095550
21912,26946,1095600
21913,26946,1095650
21914,26946,1095700
21915,26946,1095750
21916,26946,1095800
21917,26946,1095850
21918,26946,1095900
21919,26946,1095950
21920,26946,1096000
21921,26946,1096050
21922,26946,1096100
21923,26946,1096150
21924,26946,1096200
21925,26946,1096250
21926,26946,1096300
21927,26946,1096350
21928,26946,1096400
21929,26946,1096450
21930,26946,1096500
21931,26946,1096550
21932,26946,1096600
21933,26946,1096650
21934,26946,1096700
21935,26946,1096750
21936,26946,1096800
21937,26946,1096850
21938,26946,1096900
21939,26946,1096950
21940,26946,1097000
21941,26946,1097050
21942,26946,1097100
21943,26946,1097150
21944,26946,1097200
21945,26946,1097250
21946,26946,1097300
21947,26946,1097350
21948,26946,1097400
21949,26946,1097450
21950,26946,1097500
21951,26946,1097550
21952,26946,1097600
21953,26946,1097650
21954,26946,1097700
21955,26946,1097750
21956,26946,1097800
21957,26946,1097850
21958,26946,1097900
21959,26946,1097950
21960,26946,1098000
21961,26946,1098050
21962,26946,1098100
21963,26946,1098150
21964,26946,1098200
21965,26946,1098250
21966,26946,1098300
21967,26946,1098350
21968,26946,1098400
21969,26946,1098450
21970,26946,1098500
21971,26946,1098550
21972,26946,1098600
21973,26946,1098650
21974,26946,1098700
21975,26946,1098750
21976,26946,1098800
21977,26946,1098850
21978,26946,1098900
21979,26946,1098950
21980,26946,1099000
21981,26946,1099050
21982,26946,1099100
21983,26946,1099150
21984,26946,1099200
21985,26946,1099250
21986,26946,1099300
21987,26946,1099350
21988,26946,1099400
21989,26946,1099450
21990,26946,1099500
21991,26946,1099550
21992,26946,1099600
21993,26946,1099650
21994,26946,1099700
21995,26946,1099750
21996,26946,1099800
21997,26946,1099850
21998,26946,1099900
21999,26946,1099950
22000,26946,1100000
22001,26946,1100050
22002,26946,1100100
22003,26946,1100150
22004,26946,1100200
22005,26946,1100250
22006,26946,1100300
22007,26946,1100350
22008,26946,1100400
22009,26946,1100450
22010,26946,1100500
22011,26946,1100550
22012,26946,1100600
22013,26946,1100650
22014,26946,1100700
22015,26946,1100750
22016,26946,1100800
22017,26946,1100850
22018,26946,1100900
22019,26946,1100950
22020,26946,1101000
22021,26946,1101050
22022,26946,1101100
22023,26946,1101150
22024,26946,1101200
22025,26946,1101250
22026,26946,1101300
22027,26946,1101350
22028,26946,1101400
22029,26946,1101450
22030,26946,1101500
22031,26946,1101550
22032,26946,1101600
22033,26946,1101650
22034,26946,1101700
22035,26946,1101750
22036,26946,1101800
22037,26946,1101850
22038,26946,1101900
22039,26946,1101950
22040,26946,1102000
22041,26946,1102050
22042,26946,1102100
22043,26946,1102150
22044,26946,1102200
22045,26946,1102250
22046,26946,1102300
22047,26946,1102350
22048,26946,1102400
22049,26946,1102450
22050,26946,1102500
22051,26946,1102550
22052,26946,1102600
22053,26946,1102650
22054,26946,1102700
22055,26946,1102750
22056,26946,1102800
22057,26946,1102850
22058,26946,1102900
22059,26946,1102950
22060,26946,1103000
22061,26946,1103050
22062,26946,1103100
22063,26946,1103150
22064,26946,1103200
22065,26946,1103250
22066,26946,1103300
22067,26946,1103350
22068,26946,1103400
22069,26946,1103450
22070,26946,1103500
22071,26946,1103550
22072,26946,1103600
22073,26946,1103650
22074,26946,1103700
22075,26946,1103750
22076,26946,1103800
22077,26946,1103850
22078,26946,1103900
22079,26946,1103950
22080,26946,1104000
22081,26946,1104050
22082,26946,1104100
22083,26946,1104150
22084,26946,1104200
22085,26946,1104250
22086,26946,1104300
22087,26946,1104350
22088,26946,1104400
22089,26946,1104450
22090,26946,1104500
22091,26946,1104550
22092,26946,1104600
22093,26946,1104650
22094,26946,1104700
22095,26946,1104750
22096,26946,1104800
22097,26946,1104850
22098,26946,1104900
22099,26946,1104950
22100,26946,1105000
22101,26946,1105050
22102,26946,1105100
22103,26946,1105150
22104,26946,1105200
22105,26946,1105250
22106,26946,1105300
22107,26946,1105350
22108,26946,1105400
22109,26946,1105450
22110,26946,1105500
22111,26946,1105550
22112,26946,1105600
22113,26946,1105650
22114,26946,1105700
22115,26946,1105750
22116,26946,1105800
22117,26946,1105850
22118,26946,1105900
22119,26946,1105950
22120,26946,1106000
22121,26946,1106050
22122,26946,1106100
22123,26946,1106150
22124,26946,1106200
22125,26946,1106250
22126,26946,1106300
22127,26946,1106350
22128,26946,1106400
22129,26946,1106450
22130,26946,1106500
22131,26946,1106550
22132,26946,1106600
22133,26946,1106650
22134,26946,1106700
22135,26946,1106750
22136,26946,1106800
22137,26946,1106850
22138,26946,1106900
22139,26946,1106950
22140,26946,1107000
22141,26946,1107050
22142,26946,1107100
22143,26946,1107150
22144,26946,1107200
22145,26946,1107250
22146,26946,1107300
22147,26946,1107350
22148,26946,1107400
22149,26946,1107450
22150,26946,1107500
22151,26946,1107550
22152,26946,1107600
22153,26946,1107650
22154,26946,1107700
22155,26946,1107750
22156,26946,1107800
22157,26946,1107850
22158,26946,1107900
22159,26946,1107950
22160,26946,1108000
22161,26946,1108050
22162,26946,1108100
22163,26946,1108150
22164,26946,1108200
22165,26946,1108250
22166,26946,1108300
22167,26946,1108350
22168,26946,1108400
22169,26946,1108450
22170,26946,1108500
22171,26946,1108550
22172,26946,1108600
22173,26946,1108650
22174,26946,1108700
22175,26946,1108750
22176,26946,1108800
22177,26946,1108850
22178,26946,1108900
22179,26946,1108950
22180,26946,1109000
22181,26946,1109050
22182,26946,1109100
22183,26946,1109150
22184,26946,1109200
22185,26946,1109250
22186,26946,1109300
22187,26946,1109350
22188,26946,1109400
22189,26946,1109450
22190,26946,1109500
22191,26946,1109550
22192,26946,1109600
22193,26946,1109650
22194,26946,1109700
22195,26946,1109750
22196,26946,1109800
22197,26946,1109850
22198,26946,1109900
22199,26946,1109950
22200,26946,1110000
22201,26946,1110050
22202,26946,1110100
22203,26946,1110150
22204,26946,1110200
22205,26946,1110250
22206,26946,1110300
22207,26946,1110350
22208,26946,1110400
22209,26946,1110450
22210,26946,1110500
22211,26946,1110550
22212,26946,1110600
22213,26946,1110650
22214,26946,1110700
22215,26946,1110750
22216,26946,1110800
22217,26946,1110850
22218,26946,1110900
22219,26946,1110950
22220,26946,1111000
22221,26946,1111050
22222,26946,1111100
22223,26946,1111150
22224,26946,1111200
22225,26946,1111250
22226,26946,1111300
22227,26946,1111350
22228,26946,1111400
22229,26946,1111450
22230,26946,1111500
22231,26946,1111550
22232,26946,1111600
22233,26946,1111650
22234,26946,1111700
22235,26946,1111750
22236,26946,1111800
22237,26946,1111850
22238,26946,1111900
22239,26946,1111950
22240,26946,1112000
22241,26946,1112050
22242,26946,1112100
22243,26946,1112150
22244,26946,1112200
22245,26946,1112250
22246,26946,1112300
22247,26946,1112350
22248,26946,1112400
22249,26946,1112450
22250,26946,1112500
22251,26946,1112550
22252,26946,1112600
22253,26946,1112650
22254,26946,1112700
22255,26946,1112750
22256,26946,1112800
22257,26946,1112850
22258,26946,1112900
22259,26946,1112950
22260,26946,1113000
22261,26946,1113050
22262,26946,1113100
22263,26946,1113150
22264,26946,1113200
22265,26946,1113250
22266,26946,1113300
22267,26946,1113350
22268,26946,1113400
22269,26946,1113450
22270,26946,1113500
22271,26946,1113550
22272,26946,1113600
22273,26946,1113650
22274,26946,1113700
22275,26946,1113750
22276,26946,1113800
22277,26946,1113850
22278,26946,1113900
22279,26946,1113950
22280,26946,1114000
22281,26946,1114050
22282,26946,1114100
22283,26946,1114150
22284,26946,1114200
22285,26946,1114250
22286,26946,1114300
22287,26946,1114350
22288,26946,1114400
22289,26946,1114450
22290,26946,1114500
22291,26946,1114550
22292,26946,1114600
22293,26946,1114650
22294,26946,1114700
22295,26946,1114750
22296,26946,1114800
22297,26946,1114850
22298,26946,1114900
22299,26946,1114950
22300,26946,1115000
22301,26946,1115050
22302,26946,1115100
22303,26946,1115150
22304,26946,1115200
22305,26946,1115250
22306,26946,1115300
22307,26946,1115350
22308,26946,1115400
22309,26946,1115450
22310,26946,1115500
22311,26946,1115550
22312,26946,1115600
22313,26946,1115650
22314,26946,1115700
22315,26946,1115750
22316,26946,1115800
22317,26946,1115850
22318,26946,1115900
22319,26946,1115950
22320,26946,1116000
22321,26946,1116050
22322,26946,1116100
22323,26946,1116150
22324,26946,1116200
22325,26946,1116250
22326,26946,1116300
22327,26946,1116350
22328,26946,1116400
22329,26946,1116450
22330,26946,1116500
22331,26946,1116550
22332,26946,1116600
22333,26946,1116650
22334,26946,1116700
22335,26946,1116750
22336,26946,1116800
22337,26946,1116850
22338,26946,1116900
22339,26946,1116950
22340,26946,1117000
22341,26946,1117050
22342,26946,1117100
22343,26946,1117150
22344,26946,1117200
22345,26946,1117250
22346,26946,1117300
22347,26946,1117350
22348,26946,1117400
22349,26946,1117450
22350,26946,1117500
22351,26946,1117550
22352,26946,1117600
22353,26946,1117650
22354,26946,1117700
22355,26946,1117750
22356,26946,1117800
22357,26946,1117850
22358,26946,1117900
22359,26946,1117950
22360,26946,1118000
22361,26946,1118050
22362,26946,1118100
22363,26946,1118150
22364,26946,1118200
22365,26946,1118250
22366,26946,1118300
22367,26946,1118350
22368,26946,1118400
22369,26946,1118450
22370,26946,1118500
22371,26946,1118550
22372,26946,1118600
22373,26946,1118650
22374,26946,1118700
22375,26946,1118750
22376,26946,1118800
22377,26946,1118850
22378,26946,1118900
22379,26946,1118950
22380,26946,1119000
22381,26946,1119050
22382,26946,1119100
22383,26946,1119150
22384,26946,1119200
22385,26946,1119250
22386,26946,1119300
22387,26946,1119350
22388,26946,1119400
22389,26946,1119450
22390,26946,1119500
22391,26946,1119550
22392,26946,1119600
22393,26946,1119650
22394,26946,1119700
22395,26946,1119750
22396,26946,1119800
22397,26946,1119850
22398,26946,1119900
22399,26946,1119950
22400,26946,1120000
22401,26946,1120050
22402,26946,1120100
22403,26946,1120150
22404,26946,1120200
22405,26946,1120250
22406,26946,1120300
22407,26946,1120350
22408,26946,1120400
22409,26946,1120450
22410,26946,1120500
22411,26946,1120550
22412,26946,1120600
22413,26946,1120650
22414,26946,1120700
22415,26946,1120750
22416,26946,1120800
22417,26946,1120850
22418,26946,1120900
22419,26946,1120950
22420,26946,1121000
22421,26946,1121050
22422,26946,1121100
22423,26946,1121150
22424,26946,1121200
22425,26946,1121250
22426,26946,1121300
22427,26946,1121350
22428,26946,1121400
22429,26946,1121450
22430,26946,1121500
22431,26946,1121550
22432,26946,1121600
22433,26946,1121650
22434,26946,1121700
22435,26946,1121750
22436,26946,1121800
22437,26946,1121850
22438,26946,1121900
22439,26946,1121950
22440,26946,1122000
22441,26946,1122050
22442,26946,1122100
22443,26946,1122150
22444,26946,1122200
22445,26946,1122250
22446,26946,1122300
22447,26946,1122350
22448,26946,1122400
22449,26946,1122450
22450,26946,1122500
22451,26946,1122550
22452,26946,1122600
22453,26946,1122650
22454,26946,1122700
22455,26946,1122750
22456,26946,1122800
22457,26946,1122850
22458,26946,1122900
22459,26946,1122950
22460,26946,1123000
22461,26946,1123050
22462,26946,1123100
22463,26946,1123150
22464,26946,1123200
22465,26946,1123250
22466,26946,1123300
22467,26946,1123350
22468,26946,1123400
22469,26946,1123450
22470,26946,1123500
22471,26946,1123550
22472,26946,1123600
22473,26946,1123650
22474,26946,1123700
22475,26946,1123750
22476,26946,1123800
22477,26946,1123850
22478,26946,1123900
22479,26946,1123950
22480,26946,1124000
22481,26946,1124050
22482,26946,1124100
22483,26946,1124150
22484,26946,1124200
22485,26946,1124250
22486,26946,1124300
22487,26946,1124350
22488,26946,1124400
22489,26946,1124450
22490,26946,1124500
22491,26946,1124550
22492,26946,1124600
22493,26946,1124650
22494,26946,1124700
22495,26946,1124750
22496,26946,1124800
22497,26946,1124850
22498,26946,1124900
22499,26946,1124950
22500,26946,1125000
22501,26946,1125050
22502,26946,1125100
22503,26946,1125150
22504,26946,1125200
22505,26946,1125250
22506,26946,1125300
22507,26946,1125350
22508,26946,1125400
22509,26946,1125450
22510,26946,1125500
22511,26946,1125550
22512,26946,1125600
22513,26946,1125650
22514,26946,1125700
22515,26946,1125750
22516,26946,1125800
22517,26946,1125850
22518,26946,1125900
22519,26946,1125950
22520,26946,1126000
22521,26946,1126050
22522,26946,1126100
22523,26946,1126150
22524,26946,1126200
22525,26946,1126250
22526,26946,1126300
22527,26946,1126350
22528,26946,1126400
22529,26946,1126450
22530,26946,1126500
22531,26946,1126550
22532,26946,1126600
22533,26946,1126650
22534,26946,1126700
22535,26946,1126750
22536,26946,1126800
22537,26946,1126850
22538,26946,1126900
22539,26946,1126950
22540,26946,1127000
22541,26946,1127050
22542,26946,1127100
22543,26946,1127150
22544,26946,1127200
22545,26946,1127250
22546,26946,1127300
22547,26946,1127350
22548,26946,1127400
22549,26946,1127450
22550,26946,1127500
22551,26946,1127550
22552,26946,1127600
22553,26946,1127650
22554,26946,1127700
22555,26946,1127750
22556,26946,1127800
22557,26946,1127850
22558,26946,1127900
22559,26946,1127950
22560,26946,1128000
22561,26946,1128050
22562,26946,1128100
22563,26946,1128150
22564,26946,1128200
22565,26946,1128250
22566,26946,1128300
22567,26946,1128350
22568,26946,1128400
22569,26946,1128450
22570,26946,1128500
22571,26946,1128550
22572,26946,1128600
22573,26946,1128650
22574,26946,1128700
22575,26946,1128750
22576,26946,1128800
22577,26946,1128850
22578,26946,1128900
22579,26946,1128950
22580,26946,1129000
22581,26946,1129050
22582,26946,1129100
22583,26946,1129150
22584,26946,1129200
22585,26946,1129250
22586,26946,1129300
22587,26946,1129350
22588,26946,1129400
22589,26946,1129450
22590,26946,1129500
22591,26946,1129550
22592,26946,1129600
22593,26946,1129650
22594,26946,1129700
22595,26946,1129750
22596,26946,1129800
22597,26946,1129850
22598,26946,1129900
22599,26946,1129950
22600,26946,1130000
22601,26946,1130050
22602,26946,1130100
22603,26946,1130150
22604,26946,1130200
22605,26946,1130250
22606,26946,1130300
22607,26946,1130350
22608,26946,1130400
22609,26946,1130450
22610,26946,1130500
22611,26946,1130550
22612,26946,1130600
22613,26946,1130650
22614,26946,1130700
22615,26946,1130750
22616,26946,1130800
22617,26946,1130850
22618,26946,1130900
22619,26946,1130950
22620,26946,1131000
22621,26946,1131050
22622,26946,1131100
22623,26946,1131150
22624,26946,1131200
22625,26946,1131250
22626,26946,1131300
22627,26946,1131350
22628,26946,1131400
22629,26946,1131450
22630,26946,1131500
22631,26946,1131550
22632,26946,1131600
22633,26946,1131650
22634,26946,1131700
22635,26946,1131750
22636,26946,1131800
22637,26946,1131850
22638,26946,1131900
22639,26946,1131950
22640,26946,1132000
22641,26946,1132050
22642,26946,1132100
22643,26946,1132150
22644,26946,1132200
22645,26946,1132250
22646,26946,1132300
22647,26946,1132350
22648,26946,1132400
22649,26946,1132450
22650,26946,1132500
22651,26946,1132550
22652,26946,1132600
22653,26946,1132650
22654,26946,1132700
22655,26946,1132750
22656,26946,1132800
22657,26946,1132850
22658,26946,1132900
22659,26946,1132950
22660,26946,1133000
22661,26946,1133050
22662,26946,1133100
22663,26946,1133150
22664,26946,1133200
22665,26946,1133250
22666,26946,1133300
22667,26946,1133350
22668,26946,1133400
22669,26946,1133450
22670,26946,1133500
22671,26946,1133550
22672,26946,1133600
22673,26946,1133650
22674,26946,1133700
22675,26946,1133750
22676,26946,1133800
22677,26946,1133850
22678,26946,1133900
22679,26946,1133950
22680,26946,1134000
22681,26946,1134050
22682,26946,1134100
22683,26946,1134150
22684,26946,1134200
22685,26946,1134250
22686,26946,1134300
22687,26946,1134350
22688,26946,1134400
22689,26946,1134450
22690,26946,1134500
22691,26946,1134550
22692,26946,1134600
22693,26946,1134650
22694,26946,1134700
22695,26946,1134750
22696,26946,1134800
22697,26946,1134850
22698,26946,1134900
22699,26946,1134950
22700,26946,1135000
22701,26946,1135050
22702,26946,1135100
22703,26946,1135150
22704,26946,1135200
22705,26946,1135250
22706,26946,1135300
22707,26946,1135350
22708,26946,1135400
22709,26946,1135450
22710,26946,1135500
22711,26946,1135550
22712,26946,1135600
22713,26946,1135650
22714,26946,1135700
22715,26946,1135750
22716,26946,1135800
22717,26946,1135850
22718,26946,1135900
22719,26946,1135950
22720,26946,1136000
22721,26946,1136050
22722,26946,1136100
22723,26946,1136150
22724,26946,1136200
22725,26946,1136250
22726,26946,1136300
22727,26946,1136350
22728,26946,1136400
22729,26946,1136450
22730,26946,1136500
22731,26946,1136550
22732,26946,1136600
22733,26946,1136650
22734,26946,1136700
22735,26946,1136750
22736,26946,1136800
22737,26946,1136850
22738,26946,1136900
22739,26946,1136950
22740,26946,1137000
22741,26946,1137050
22742,26946,1137100
22743,26946,1137150
22744,26946,1137200
22745,26946,1137250
22746,26946,1137300
22747,26946,1137350
22748,26946,1137400
22749,26946,1137450
22750,26946,1137500
22751,26946,1137550
22752,26946,1137600
22753,26946,1137650
22754,26946,1137700
22755,26946,1137750
22756,26946,1137800
22757,26946,1137850
22758,26946,1137900
22759,26946,1137950
22760,26946,1138000
22761,26946,1138050
22762,26946,1138100
22763,26946,1138150
22764,26946,1138200
22765,26946,1138250
22766,26946,1138300
22767,26946,1138350
22768,26946,1138400
22769,26946,1138450
22770,26946,1138500
22771,26946,1138550
22772,26946,1138600
22773,26946,1138650
22774,26946,1138700
22775,26946,1138750
22776,26946,1138800
22777,26946,1138850
22778,26946,1138900
22779,26946,1138950
22780,26946,1139000
22781,26946,1139050
22782,26946,1139100
22783,26946,1139150
22784,26946,1139200
22785,26946,1139250
22786,26946,1139300
22787,26946,1139350
22788,26946,1139400
22789,26946,1139450
22790,26946,1139500
22791,26946,1139550
22792,26946,1139600
22793,26946,1139650
22794,26946,1139700
22795,26946,1139750
22796,26946,1139800
22797,26946,1139850
22798,26946,1139900
22799,26946,1139950
22800,26946,1140000
22801,26946,1140050
22802,26946,1140100
22803,26946,1140150
22804,26946,1140200
22805,26946,1140250
22806,26946,1140300
22807,26946,1140350
22808,26946,1140400
22809,26946,1140450
22810,26946,1140500
22811,26946,1140550
22812,26946,1140600
22813,26946,1140650
22814,26946,1140700
22815,26946,1140750
22816,26946,1140800
22817,26946,1140850
22818,26946,1140900
22819,26946,1140950
22820,26946,1141000
22821,26946,1141050
22822,26946,1141100
22823,26946,1141150
22824,26946,1141200
22825,26946,1141250
22826,26946,1141300
22827,26946,1141350
22828,26946,1141400
22829,26946,1141450
22830,26946,1141500
22831,26946,1141550
22832,26946,1141600
22833,26946,1141650
22834,26946,1141700
22835,26946,1141750
22836,26946,1141800
22837,26946,1141850
22838,26946,1141900
22839,26946,1141950
22840,26946,1142000
22841,26946,1142050
22842,26946,1142100
22843,26946,1142150
22844,26946,1142200
22845,26946,1142250
22846,26946,1142300
22847,26946,1142350
22848,26946,1142400
22849,26946,1142450
22850,26946,1142500
22851,26946,1142550
22852,26946,1142600
22853,26946,1142650
22854,26946,1142700
22855,26946,1142750
22856,26946,1142800
22857,26946,1142850
22858,26946,1142900
22859,26946,1142950
22860,26946,1143000
22861,26946,1143050
22862,26946,1143100
22863,26946,1143150
22864,26946,1143200
22865,26946,1143250
22866,26946,1143300
22867,26946,1143350
22868,26946,1143400
22869,26946,1143450
22870,26946,1143500
22871,26946,1143550
22872,26946,1143600
22873,26946,1143650
22874,26946,1143700
22875,26946,1143750
22876,26946,1143800
22877,26946,1143850
22878,26946,1143900
22879,26946,1143950
22880,26946,1144000
22881,26946,1144050
22882,26946,1144100
22883,26946,1144150
22884,26946,1144200
22885,26946,1144250
22886,26946,1144300
22887,26946,1144350
22888,26946,1144400
22889,26946,1144450
22890,26946,1144500
22891,26946,1144550
22892,26946,1144600
22893,26946,1144650
22894,26946,1144700
22895,26946,1144750
22896,26946,1144800
22897,26946,1144850
22898,26946,1144900
22899,26946,1144950
22900,26946,1145000
22901,26946,1145050
22902,26946,1145100
22903,26946,1145150
22904,26946,1145200
22905,26946,1145250
22906,26946,1145300
22907,26946,1145350
22908,26946,1145400
22909,26946,1145450
22910,26946,1145500
22911,26946,1145550
22912,26946,1145600
22913,26946,1145650
22914,26946,1145700
22915,26946,1145750
22916,26946,1145800
22917,26946,1145850
22918,26946,1145900
22919,26946,1145950
22920,26946,1146000
22921,26946,1146050
22922,26946,1146100
22923,26946,1146150
22924,26946,1146200
22925,26946,1146250
22926,26946,1146300
22927,26946,1146350
22928,26946,1146400
22929,26946,1146450
22930,26946,1146500
22931,26946,1146550
22932,26946,1146600
22933,26946,1146650
22934,26946,1146700
22935,26946,1146750
22936,26946,1146800
22937,26946,1146850
22938,26946,1146900
22939,26946,1146950
22940,26946,1147000
22941,26946,1147050
22942,26946,1147100
22943,26946,1147150
22944,26946,1147200
22945,26946,1147250
22946,26946,1147300
22947,26946,1147350
22948,26946,1147400
22949,26946,1147450
22950,26946,1147500
22951,26946,1147550
22952,26946,1147600
22953,26946,1147650
22954,26946,1147700
22955,26946,1147750
22956,26946,1147800
22957,26946,1147850
22958,26946,1147900
22959,26946,1147950
22960,26946,1148000
22961,26946,1148050
22962,26946,1148100
22963,26946,1148150
22964,26946,1148200
22965,26946,1148250
22966,26946,1148300
22967,26946,1148350
22968,26946,1148400
22969,26946,1148450
22970,26946,1148500
22971,26946,1148550
22972,26946,1148600
22973,26946,1148650
22974,26946,1148700
22975,26946,1148750
22976,26946,1148800
22977,26946,1148850
22978,26946,1148900
22979,26946,1148950
22980,26946,1149000
22981,26946,1149050
22982,26946,1149100
22983,26946,1149150
22984,26946,1149200
22985,26946,1149250
22986,26946,1149300
22987,26946,1149350
22988,26946,1149400
22989,26946,1149450
22990,26946,1149500
22991,26946,1149550
22992,26946,1149600
22993,26946,1149650
22994,26946,1149700
22995,26946,1149750
22996,26946,1149800
22997,26946,1149850
22998,26946,1149900
22999,26946,1149950
23000,26946,1150000
23001,26946,1150050
23002,26946,1150100
23003,26946,1150150
23004,26946,1150200
23005,26946,1150250
23006,26946,1150300
23007,26946,1150350
23008,26946,1150400
23009,26946,1150450
23010,26946,1150500
23011,26946,1150550
23012,26946,1150600
23013,26946,1150650
23014,26946,1150700
23015,26946,1150750
23016,26946,1150800
23017,26946,1150850
23018,26946,1150900
23019,26946,1150950
23020,26946,1151000
23021,26946,1151050
23022,26946,1151100
23023,26946,1151150
23024,26946,1151200
23025,26946,1151250
23026,26946,1151300
23027,26946,1151350
23028,26946,1151400
23029,26946,1151450
23030,26946,1151500
23031,26946,1151550
23032,26946,1151600
23033,26946,1151650
23034,26946,1151700
23035,26946,1151750
23036,26946,1151800
23037,26946,1151850
23038,26946,1151900
23039,26946,1151950
23040,26946,1152000
23041,26946,1152050
23042,26946,1152100
23043,26946,1152150
23044,26946,1152200
23045,26946,1152250
23046,26946,1152300
23047,26946,1152350
23048,26946,1152400
23049,26946,1152450
23050,26946,1152500
23051,26946,1152550
23052,26946,1152600
23053,26946,1152650
23054,26946,1152700
23055,26946,1152750
23056,26946,1152800
23057,26946,1152850
23058,26946,1152900
23059,26946,1152950
23060,26946,1153000
23061,26946,1153050
23062,26946,1153100
23063,26946,1153150
23064,26946,1153200
23065,26946,1153250
23066,26946,1153300
23067,26946,1153350
23068,26946,1153400
23069,26946,1153450
23070,26946,1153500
23071,26946,1153550
23072,26946,1153600
23073,26946,1153650
23074,26946,1153700
23075,26946,1153750
23076,26946,1153800
23077,26946,1153850
23078,26946,1153900
23079,26946,1153950
23080,26946,1154000
23081,26946,1154050
23082,26946,1154100
23083,26946,1154150
23084,26946,1154200
23085,26946,1154250
23086,26946,1154300
23087,26946,1154350
23088,26946,1154400
23089,26946,1154450
23090,26946,1154500
23091,26946,1154550
23092,26946,1154600
23093,26946,1154650
23094,26946,1154700
23095,26946,1154750
23096,26946,1154800
23097,26946,1154850
23098,26946,1154900
23099,26946,1154950
23100,26946,1155000
23101,26946,1155050
23102,26946,1155100
23103,26946,1155150
23104,26946,1155200
23105,26946,1155250
23106,26946,1155300
23107,26946,1155350
23108,26946,1155400
23109,26946,1155450
23110,26946,1155500
23111,26946,1155550
23112,26946,1155600
23113,26946,1155650
23114,26946,1155700
23115,26946,1155750
23116,26946,1155800
23117,26946,1155850
23118,26946,1155900
23119,26946,1155950
23120,26946,1156000
23121,26946,1156050
23122,26946,1156100
23123,26946,1156150
23124,26946,1156200
23125,26946,1156250
23126,26946,1156300
23127,26946,1156350
23128,26946,1156400
23129,26946,1156450
23130,26946,1156500
23131,26946,1156550
23132,26946,1156600
23133,26946,1156650
23134,26946,1156700
23135,26946,1156750
23136,26946,1156800
23137,26946,1156850
23138,26946,1156900
23139,26946,1156950
23140,26946,1157000
23141,26946,1157050
23142,26946,1157100
23143,26946,1157150
23144,26946,1157200
23145,26946,1157250
23146,26946,1157300
23147,26946,1157350
23148,26946,1157400
23149,26946,1157450
23150,26946,1157500
23151,26946,1157550
23152,26946,1157600
23153,26946,1157650
23154,26946,1157700
23155,26946,1157750
23156,26946,1157800
23157,26946,1157850
23158,26946,1157900
23159,26946,1157950
23160,26946,1158000
23161,26946,1158050
23162,26946,1158100
23163,26946,1158150
23164,26946,1158200
23165,26946,1158250
23166,26946,1158300
23167,26946,1158350
23168,26946,1158400
23169,26946,1158450
23170,26946,1158500
23171,26946,1158550
23172,26946,1158600
23173,26946,1158650
23174,26946,1158700
23175,26946,1158750
23176,26946,1158800
23177,26946,1158850
23178,26946,1158900
23179,26946,1158950
23180,26946,1159000
23181,26946,1159050
23182,26946,1159100
23183,26946,1159150
23184,26946,1159200
23185,26946,1159250
23186,26946,1159300
23187,26946,1159350
23188,26946,1159400
23189,26946,1159450
23190,26946,1159500
23191,26946,1159550
23192,26946,1159600
23193,26946,1159650
23194,26946,1159700
23195,26946,1159750
23196,26946,1159800
23197,26946,1159850
23198,26946,1159900
23199,26946,1159950
23200,26946,1160000
23201,26946,1160050
23202,26946,1160100
23203,26946,1160150
23204,26946,1160200
23205,26946,1160250
23206,26946,1160300
23207,26946,1160350
23208,26946,1160400
23209,26946,1160450
23210,26946,1160500
23211,26946,1160550
23212,26946,1160600
23213,26946,1160650
23214,26946,1160700
23215,26946,1160750
23216,26946,1160800
23217,26946,1160850
23218,26946,1160900
23219,26946,1160950
23220,26946,1161000
23221,26946,1161050
23222,26946,1161100
23223,26946,1161150
23224,26946,1161200
23225,26946,1161250
23226,26946,1161300
23227,26946,1161350
23228,26946,1161400
23229,26946,1161450
23230,26946,1161500
23231,26946,1161550
23232,26946,1161600
23233,26946,1161650
23234,26946,1161700
23235,26946,1161750
23236,26946,1161800
23237,26946,1161850
23238,26946,1161900
23239,26946,1161950
23240,26946,1162000
23241,26946,1162050
23242,26946,1162100
23243,26946,1162150
23244,26946,1162200
23245,26946,1162250
23246,26946,1162300
23247,26946,1162350
23248,26946,1162400
23249,26946,1162450
23250,26946,1162500
23251,26946,1162550
23252,26946,1162600
23253,26946,1162650
23254,26946,1162700
23255,26946,1162750
23256,26946,1162800
23257,26946,1162850
23258,26946,1162900
23259,26946,1162950
23260,26946,1163000
23261,26946,1163050
23262,26946,1163100
23263,26946,1163150
23264,26946,1163200
23265,26946,1163250
23266,26946,1163300
23267,26946,1163350
23268,26946,1163400
23269,26946,1163450
23270,26946,1163500
23271,26946,1163550
23272,26946,1163600
23273,26946,1163650
23274,26946,1163700
23275,26946,1163750
23276,26946,1163800
23277,26946,1163850
23278,26946,1163900
23279,26946,1163950
23280,26946,1164000
23281,26946,1164050
23282,26946,1164100
23283,26946,1164150
23284,26946,1164200
23285,26946,1164250
23286,26946,1164300
23287,26946,1164350
23288,26946,1164400
23289,26946,1164450
23290,26946,1164500
23291,26946,1164550
23292,26946,1164600
23293,26946,1164650
23294,26946,1164700
23295,26946,1164750
23296,26946,1164800
23297,26946,1164850
23298,26946,1164900
23299,26946,1164950
23300,26946,1165000
23301,26946,1165050
23302,26946,1165100
23303,26946,1165150
23304,26946,1165200
23305,26946,1165250
23306,26946,1165300
23307,26946,1165350
23308,26946,1165400
23309,26946,1165450
23310,26946,1165500
23311,26946,1165550
23312,26946,1165600
23313,26946,1165650
23314,26946,1165700
23315,26946,1165750
23316,26946,1165800
23317,26946,1165850
23318,26946,1165900
23319,26946,1165950
23320,26946,1166000
23321,26946,1166050
23322,26946,1166100
23323,26946,1166150
23324,26946,1166200
23325,26946,1166250
23326,26946,1166300
23327,26946,1166350
23328,26946,1166400
23329,26946,1166450
23330,26946,1166500
23331,26946,1166550
23332,26946,1166600
23333,26946,1166650
23334,26946,1166700
23335,26946,1166750
23336,26946,1166800
23337,26946,1166850
23338,26946,1166900
23339,26946,1166950
23340,26946,1167000
23341,26946,1167050
23342,26946,1167100
23343,26946,1167150
23344,26946,1167200
23345,26946,1167250
23346,26946,1167300
23347,26946,1167350
23348,26946,1167400
23349,26946,1167450
23350,26946,1167500
23351,26946,1167550
23352,26946,1167600
23353,26946,1167650
23354,26946,1167700
23355,26946,1167750
23356,26946,1167800
23357,26946,1167850
23358,26946,1167900
23359,26946,1167950
23360,26946,1168000
23361,26946,1168050
23362,26946,1168100
23363,26946,1168150
23364,26946,1168200
23365,26946,1168250
23366,26946,1168300
23367,26946,1168350
23368,26946,1168400
23369,26946,1168450
23370,26946,1168500
23371,26946,1168550
23372,26946,1168600
23373,26946,1168650
23374,26946,1168700
23375,26946,1168750
23376,26946,1168800
23377,26946,1168850
23378,26946,1168900
23379,26946,1168950
23380,26946,1169000
23381,26946,1169050
23382,26946,1169100
23383,26946,1169150
23384,26946,1169200
23385,26946,1169250
23386,26946,1169300
23387,26946,1169350
23388,26946,1169400
23389,26946,1169450
23390,26946,1169500
23391,26946,1169550
23392,26946,1169600
23393,26946,1169650
23394,26946,1169700
23395,26946,1169750
23396,26946,1169800
23397,26946,1169850
23398,26946,1169900
23399,26946,1169950
23400,26946,1170000
23401,26946,1170050
23402,26946,1170100
23403,26946,1170150
23404,26946,1170200
23405,26946,1170250
23406,26946,1170300
23407,26946,1170350
23408,26946,1170400
23409,26946,1170450
23410,26946,1170500
23411,26946,1170550
23412,26946,1170600
23413,26946,1170650
23414,26946,1170700
23415,26946,1170750
23416,26946,1170800
23417,26946,1170850
23418,26946,1170900
23419,26946,1170950
23420,26946,1171000
23421,26946,1171050
23422,26946,1171100
23423,26946,1171150
23424,26946,1171200
23425,26946,1171250
23426,26946,1171300
23427,26946,1171350
23428,26946,1171400
23429,26946,1171450
23430,26946,1171500
23431,26946,1171550
23432,26946,1171600
23433,26946,1171650
23434,26946,1171700
23435,26946,1171750
23436,26946,1171800
23437,26946,1171850
23438,26946,1171900
23439,26946,1171950
23440,26946,1172000
23441,26946,1172050
23442,26946,1172100
23443,26946,1172150
23444,26946,1172200
23445,26946,1172250
23446,26946,1172300
23447,26946,1172350
23448,26946,1172400
23449,26946,1172450
23450,26946,1172500
23451,26946,1172550
23452,26946,1172600
23453,26946,1172650
23454,26946,1172700
23455,26946,1172750
23456,26946,1172800
23457,26946,1172850
23458,26946,1172900
23459,26946,1172950
23460,26946,1173000
23461,26946,1173050
23462,26946,1173100
23463,26946,1173150
23464,26946,1173200
23465,26946,1173250
23466,26946,1173300
23467,26946,1173350
23468,26946,1173400
23469,26946,1173450
23470,26946,1173500
23471,26946,1173550
23472,26946,1173600
23473,26946,1173650
23474,26946,1173700
23475,26946,1173750
23476,26946,1173800
23477,26946,1173850
23478,26946,1173900
23479,26946,1173950
23480,26946,1174000
23481,26946,1174050
23482,26946,1174100
23483,26946,1174150
23484,26946,1174200
23485,26946,1174250
23486,26946,1174300
23487,26946,1174350
23488,26946,1174400
23489,26946,1174450
23490,26946,1174500
23491,26946,1174550
23492,26946,1174600
23493,26946,1174650
23494,26946,1174700
23495,26946,1174750
23496,26946,1174800
23497,26946,1174850
23498,26946,1174900
23499,26946,1174950
23500,26946,1175000
23501,26946,1175050
23502,26946,1175100
23503,26946,1175150
23504,26946,1175200
23505,26946,1175250
23506,26946,1175300
23507,26946,1175350
23508,26946,1175400
23509,26946,1175450
23510,26946,1175500
23511,26946,1175550
23512,26946,1175600
23513,26946,1175650
23514,26946,1175700
23515,26946,1175750
23516,26946,1175800
23517,26946,1175850
23518,26946,1175900
23519,26946,1175950
23520,26946,1176000
23521,26946,1176050
23522,26946,1176100
23523,26946,1176150
23524,26946,1176200
23525,26946,1176250
23526,26946,1176300
23527,26946,1176350
23528,26946,1176400
23529,26946,1176450
23530,26946,1176500
23531,26946,1176550
23532,26946,1176600
23533,26946,1176650
23534,26946,1176700
23535,26946,1176750
23536,26946,1176800
23537,26946,1176850
23538,26946,1176900
23539,26946,1176950
23540,26946,1177000
23541,26946,1177050
23542,26946,1177100
23543,26946,1177150
23544,26946,1177200
23545,26946,1177250
23546,26946,1177300
23547,26946,1177350
23548,26946,1177400
23549,26946,1177450
23550,26946,1177500
23551,26946,1177550
23552,26946,1177600
23553,26946,1177650
23554,26946,1177700
23555,26946,1177750
23556,26946,1177800
23557,26946,1177850
23558,26946,1177900
23559,26946,1177950
23560,26946,1178000
23561,26946,1178050
23562,26946,1178100
23563,26946,1178150
23564,26946,1178200
23565,26946,1178250
23566,26946,1178300
23567,26946,1178350
23568,26946,1178400
23569,26946,1178450
23570,26946,1178500
23571,26946,1178550
23572,26946,1178600
23573,26946,1178650
23574,26946,1178700
23575,26946,1178750
23576,26946,1178800
23577,26946,1178850
23578,26946,1178900
23579,26946,1178950
23580,26946,1179000
23581,26946,1179050
23582,26946,1179100
23583,26946,1179150
23584,26946,1179200
23585,26946,1179250
23586,26946,1179300
23587,26946,1179350
23588,26946,1179400
23589,26946,1179450
23590,26946,1179500
23591,26946,1179550
23592,26946,1179600
23593,26946,1179650
23594,26946,1179700
23595,26946,1179750
23596,26946,1179800
23597,26946,1179850
23598,26946,1179900
23599,26946,1179950
23600,26946,1180000
23601,26946,1180050
23602,26946,1180100
23603,26946,1180150
23604,26946,1180200
23605,26946,1180250
23606,26946,1180300
23607,26946,1180350
23608,26946,1180400
23609,26946,1180450
23610,26946,1180500
23611,26946,1180550
23612,26946,1180600
23613,26946,1180650
23614,26946,1180700
23615,26946,1180750
23616,26946,1180800
23617,26946,1180850
23618,26946,1180900
23619,26946,1180950
23620,26946,1181000
23621,26946,1181050
23622,26946,1181100
23623,26946,1181150
23624,26946,1181200
23625,26946,1181250
23626,26946,1181300
23627,26946,1181350
23628,26946,1181400
23629,26946,1181450
23630,26946,1181500
23631,26946,1181550
23632,26946,1181600
23633,26946,1181650
23634,26946,1181700
23635,26946,1181750
23636,26946,1181800
23637,26946,1181850
23638,26946,1181900
23639,26946,1181950
23640,26946,1182000
23641,26946,1182050
23642,26946,1182100
23643,26946,1182150
23644,26946,1182200
23645,26946,1182250
23646,26946,1182300
23647,26946,1182350
23648,26946,1182400
23649,26946,1182450
23650,26946,1182500
23651,26946,1182550
23652,26946,1182600
23653,26946,1182650
23654,26946,1182700
23655,26946,1182750
23656,26946,1182800
23657,26946,1182850
23658,26946,1182900
23659,26946,1182950
23660,26946,1183000
23661,26946,1183050
23662,26946,1183100
23663,26946,1183150
23664,26946,1183200
23665,26946,1183250
23666,26946,1183300
23667,26946,1183350
23668,26946,1183400
23669,26946,1183450
23670,26946,1183500
23671,26946,1183550
23672,26946,1183600
23673,26946,1183650
23674,26946,1183700
23675,26946,1183750
23676,26946,1183800
23677,26946,1183850
23678,26946,1183900
23679,26946,1183950
23680,26946,1184000
23681,26946,1184050
23682,26946,1184100
23683,26946,1184150
23684,26946,1184200
23685,26946,1184250
23686,26946,1184300
23687,26946,1184350
23688,26946,1184400
23689,26946,1184450
23690,26946,1184500
23691,26946,1184550
23692,26946,1184600
23693,26946,1184650
23694,26946,1184700
23695,26946,1184750
23696,26946,1184800
23697,26946,1184850
23698,26946,1184900
23699,26946,1184950
23700,26946,1185000
23701,26946,1185050
23702,26946,1185100
23703,26946,1185150
23704,26946,1185200
23705,26946,1185250
23706,26946,1185300
23707,26946,1185350
23708,26946,1185400
23709,26946,1185450
23710,26946,1185500
23711,26946,1185550
23712,26946,1185600
23713,26946,1185650
23714,26946,1185700
23715,26946,1185750
23716,26946,1185800
23717,26946,1185850
23718,26946,1185900
23719,26946,1185950
23720,26946,1186000
23721,26946,1186050
23722,26946,1186100
23723,26946,1186150
23724,26946,1186200
23725,26946,1186250
23726,26946,1186300
23727,26946,1186350
23728,26946,1186400
23729,26946,1186450
23730,26946,1186500
23731,26946,1186550
23732,26946,1186600
23733,26946,1186650
23734,26946,1186700
23735,26946,1186750
23736,26946,1186800
23737,26946,1186850
23738,26946,1186900
23739,26946,1186950
23740,26946,1187000
23741,26946,1187050
23742,26946,1187100
23743,26946,1187150
23744,26946,1187200
23745,26946,1187250
23746,26946,1187300
23747,26946,1187350
23748,26946,1187400
23749,26946,1187450
23750,26946,1187500
23751,26946,1187550
23752,26946,1187600
23753,26946,1187650
23754,26946,1187700
23755,26946,1187750
23756,26946,1187800
23757,26946,1187850
23758,26946,1187900
23759,26946,1187950
23760,26946,1188000
23761,26946,1188050
23762,26946,1188100
23763,26946,1188150
23764,26946,1188200
23765,26946,1188250
23766,26946,1188300
23767,26946,1188350
23768,26946,1188400
23769,26946,1188450
23770,26946,1188500
23771,26946,1188550
23772,26946,1188600
23773,26946,1188650
23774,26946,1188700
23775,26946,1188750
23776,26946,1188800
23777,26946,1188850
23778,26946,1188900
23779,26946,1188950
23780,26946,1189000
23781,26946,1189050
23782,26946,1189100
23783,26946,1189150
23784,26946,1189200
23785,26946,1189250
23786,26946,1189300
23787,26946,1189350
23788,26946,1189400
23789,26946,1189450
23790,26946,1189500
23791,26946,1189550
23792,26946,1189600
23793,26946,1189650
23794,26946,1189700
23795,26946,1189750
23796,26946,1189800
23797,26946,1189850
23798,26946,1189900
23799,26946,1189950
23800,26946,1190000
23801,26946,1190050
23802,26946,1190100
23803,26946,1190150
23804,26946,1190200
23805,26946,1190250
23806,26946,1190300
23807,26946,1190350
23808,26946,1190400
23809,26946,1190450
23810,26946,1190500
23811,26946,1190550
23812,26946,1190600
23813,26946,1190650
23814,26946,1190700
23815,26946,1190750
23816,26946,1190800
23817,26946,1190850
23818,26946,1190900
23819,26946,1190950
23820,26946,1191000
23821,26946,1191050
23822,26946,1191100
23823,26946,1191150
23824,26946,1191200
23825,26946,1191250
23826,26946,1191300
23827,26946,1191350
23828,26946,1191400
23829,26946,1191450
23830,26946,1191500
23831,26946,1191550
23832,26946,1191600
23833,26946,1191650
23834,26946,1191700
23835,26946,1191750
23836,26946,1191800
23837,26946,1191850
23838,26946,1191900
23839,26946,1191950
23840,26946,1192000
23841,26946,1192050
23842,26946,1192100
23843,26946,1192150
23844,26946,1192200
23845,26946,1192250
23846,26946,1192300
23847,26946,1192350
23848,26946,1192400
23849,26946,1192450
23850,26946,1192500
23851,26946,1192550
23852,26946,1192600
23853,26946,1192650
23854,26946,1192700
23855,26946,1192750
23856,26946,1192800
23857,26946,1192850
23858,26946,1192900
23859,26946,1192950
23860,26946,1193000
23861,26946,1193050
23862,26946,1193100
23863,26946,1193150
23864,26946,1193200
23865,26946,1193250
23866,26946,1193300
23867,26946,1193350
23868,26946,1193400
23869,26946,1193450
23870,26946,1193500
23871,26946,1193550
23872,26946,1193600
23873,26946,1193650
23874,26946,1193700
23875,26946,1193750
23876,26946,1193800
23877,26946,1193850
23878,26946,1193900
23879,26946,1193950
23880,26946,1194000
23881,26946,1194050
23882,26946,1194100
23883,26946,1194150
23884,26946,1194200
23885,26946,1194250
23886,26946,1194300
23887,26946,1194350
23888,26946,1194400
23889,26946,1194450
23890,26946,1194500
23891,26946,1194550
23892,26946,1194600
23893,26946,1194650
23894,26946,1194700
23895,26946,1194750
23896,26946,1194800
23897,26946,1194850
23898,26946,1194900
23899,26946,1194950
23900,26946,1195000
23901,26946,1195050
23902,26946,1195100
23903,26946,1195150
23904,26946,1195200
23905,26946,1195250
23906,26946,1195300
23907,26946,1195350
23908,26946,1195400
23909,26946,1195450
23910,26946,1195500
23911,26946,1195550
23912,26946,1195600
23913,26946,1195650
23914,26946,1195700
23915,26946,1195750
23916,26946,1195800
23917,26946,1195850
23918,26946,1195900
23919,26946,1195950
23920,26946,1196000
23921,26946,1196050
23922,26946,1196100
23923,26946,1196150
23924,26946,1196200
23925,26946,1196250
23926,26946,1196300
23927,26946,1196350
23928,26946,1196400
23929,26946,1196450
23930,26946,1196500
23931,26946,1196550
23932,26946,1196600
23933,26946,1196650
23934,26946,1196700
23935,26946,1196750
23936,26946,1196800
23937,26946,1196850
23938,26946,1196900
23939,26946,1196950
23940,26946,1197000
23941,26946,1197050
23942,26946,1197100
23943,26946,1197150
23944,26946,1197200
23945,26946,1197250
23946,26946,1197300
23947,26946,1197350
23948,26946,1197400
23949,26946,1197450
23950,26946,1197500
23951,26946,1197550
23952,26946,1197600
23953,26946,1197650
23954,26946,1197700
23955,26946,1197750
23956,26946,1197800
23957,26946,1197850
23958,26946,1197900
23959,26946,1197950
23960,26946,1198000
23961,26946,1198050
23962,26946,1198100
23963,26946,1198150
23964,26946,1198200
23965,26946,1198250
23966,26946,1198300
23967,26946,1198350
23968,26946,1198400
23969,26946,1198450
23970,26946,1198500
23971,26946,1198550
23972,26946,1198600
23973,26946,1198650
23974,26946,1198700
23975,26946,1198750
23976,26946,1198800
23977,26946,1198850
23978,26946,1198900
23979,26946,1198950
23980,26946,1199000
23981,26946,1199050
23982,26946,1199100
23983,26946,1199150
23984,26946,1199200
23985,26946,1199250
23986,26946,1199300
23987,26946,1199350
23988,26946,1199400
23989,26946,1199450
23990,26946,1199500
23991,26946,1199550
23992,26946,1199600
23993,26946,1199650
23994,26946,1199700
23995,26946,1199750
23996,26946,1199800
23997,26946,1199850
23998,26946,1199900
23999,26946,1199950
24000,26946,1200000
24001,26946,1200050
24002,26946,1200100
24003,26946,1200150
24004,26946,1200200
24005,26946,1200250
24006,26946,1200300
24007,26946,1200350
24008,26946,1200400
24009,26946,1200450
24010,26946,1200500
24011,26946,1200550
24012,26946,1200600
24013,26946,1200650
24014,26946,1200700
24015,26946,1200750
24016,26946,1200800
24017,26946,1200850
24018,26946,1200900
24019,26946,1200950
24020,26946,1201000
24021,26946,1201050
24022,26946,1201100
24023,26946,1201150
24024,26946,1201200
24025,26946,1201250
24026,26946,1201300
24027,26946,1201350
24028,26946,1201400
24029,26946,1201450
24030,26946,1201500
24031,26946,1201550
24032,26946,1201600
24033,26946,1201650
24034,26946,1201700
24035,26946,1201750
24036,26946,1201800
24037,26946,1201850
24038,26946,1201900
24039,26946,1201950
24040,26946,1202000
24041,26946,1202050
24042,26946,1202100
24043,26946,1202150
24044,26946,1202200
24045,26946,1202250
24046,26946,1202300
24047,26946,1202350
24048,26946,1202400
24049,26946,1202450
24050,26946,1202500
24051,26946,1202550
24052,26946,1202600
24053,26946,1202650
24054,26946,1202700
24055,26946,1202750
24056,26946,1202800
24057,26946,1202850
24058,26946,1202900
24059,26946,1202950
24060,26946,1203000
24061,26946,1203050
24062,26946,1203100
24063,26946,1203150
24064,26946,1203200
24065,26946,1203250
24066,26946,1203300
24067,26946,1203350
24068,26946,1203400
24069,26946,1203450
24070,26946,1203500
24071,26946,1203550
24072,26946,1203600
24073,26946,1203650
24074,26946,1203700
24075,26946,1203750
24076,26946,1203800
24077,26946,1203850
24078,26946,1203900
24079,26946,1203950
24080,26946,1204000
24081,26946,1204050
24082,26946,1204100
24083,26946,1204150
24084,26946,1204200
24085,26946,1204250
24086,26946,1204300
24087,26946,1204350
24088,26946,1204400
24089,26946,1204450
24090,26946,1204500
24091,26946,1204550
24092,26946,1204600
24093,26946,1204650
24094,26946,1204700
24095,26946,1204750
24096,26946,1204800
24097,26946,1204850
24098,26946,1204900
24099,26946,1204950
24100,26946,1205000
24101,26946,1205050
24102,26946,1205100
24103,26946,1205150
24104,26946,1205200
24105,26946,1205250
24106,26946,1205300
24107,26946,1205350
24108,26946,1205400
24109,26946,1205450
24110,26946,1205500
24111,26946,1205550
24112,26946,1205600
24113,26946,1205650
24114,26946,1205700
24115,26946,1205750
24116,26946,1205800
24117,26946,1205850
24118,26946,1205900
24119,26946,1205950
24120,26946,1206000
24121,26946,1206050
24122,26946,1206100
24123,26946,1206150
24124,26946,1206200
24125,26946,1206250
24126,26946,1206300
24127,26946,1206350
24128,26946,1206400
24129,26946,1206450
24130,26946,1206500
24131,26946,1206550
24132,26946,1206600
24133,26946,1206650
24134,26946,1206700
24135,26946,1206750
24136,26946,1206800
24137,26946,1206850
24138,26946,1206900
24139,26946,1206950
24140,26946,1207000
24141,26946,1207050
24142,26946,1207100
24143,26946,1207150
24144,26946,1207200
24145,26946,1207250
24146,26946,1207300
24147,26946,1207350
24148,26946,1207400
24149,26946,1207450
24150,26946,1207500
24151,26946,1207550
24152,26946,1207600
24153,26946,1207650
24154,26946,1207700
24155,26946,1207750
24156,26946,1207800
24157,26946,1207850
24158,26946,1207900
24159,26946,1207950
24160,26946,1208000
24161,26946,1208050
24162,26946,1208100
24163,26946,1208150
24164,26946,1208200
24165,26946,1208250
24166,26946,1208300
24167,26946,1208350
24168,26946,1208400
24169,26946,1208450
24170,26946,1208500
24171,26946,1208550
24172,26946,1208600
24173,26946,1208650
24174,26946,1208700
24175,26946,1208750
24176,26946,1208800
24177,26946,1208850
24178,26946,1208900
24179,26946,1208950
24180,26946,1209000
24181,26946,1209050
24182,26946,1209100
24183,26946,1209150
24184,26946,1209200
24185,26946,1209250
24186,26946,1209300
24187,26946,1209350
24188,26946,1209400
24189,26946,1209450
24190,26946,1209500
24191,26946,1209550
24192,26946,1209600
24193,26946,1209650
24194,26946,1209700
24195,26946,1209750
24196,26946,1209800
24197,26946,1209850
24198,26946,1209900
24199,26946,1209950
24200,26946,1210000
24201,26946,1210050
24202,26946,1210100
24203,26946,1210150
24204,26946,1210200
24205,26946,1210250
24206,26946,1210300
24207,26946,1210350
24208,26946,1210400
24209,26946,1210450
24210,26946,1210500
24211,26946,1210550
24212,26946,1210600
24213,26946,1210650
24214,26946,1210700
24215,26946,1210750
24216,26946,1210800
24217,26946,1210850
24218,26946,1210900
24219,26946,1210950
24220,26946,1211000
24221,26946,1211050
24222,26946,1211100
24223,26946,1211150
24224,26946,1211200
24225,26946,1211250
24226,26946,1211300
24227,26946,1211350
24228,26946,1211400
24229,26946,1211450
24230,26946,1211500
24231,26946,1211550
24232,26946,1211600
24233,26946,1211650
24234,26946,1211700
24235,26946,1211750
24236,26946,1211800
24237,26946,1211850
24238,26946,1211900
24239,26946,1211950
24240,26946,1212000
24241,26946,1212050
24242,26946,1212100
24243,26946,1212150
24244,26946,1212200
24245,26946,1212250
24246,26946,1212300
24247,26946,1212350
24248,26946,1212400
24249,26946,1212450
24250,26946,1212500
24251,26946,1212550
24252,26946,1212600
24253,26946,1212650
24254,26946,1212700
24255,26946,1212750
24256,26946,1212800
24257,26946,1212850
24258,26946,1212900
24259,26946,1212950
24260,26946,1213000
24261,26946,1213050
24262,26946,1213100
24263,26946,1213150
24264,26946,1213200
24265,26946,1213250
24266,26946,1213300
24267,26946,1213350
24268,26946,1213400
24269,26946,1213450
24270,26946,1213500
24271,26946,1213550
24272,26946,1213600
24273,26946,1213650
24274,26946,1213700
24275,26946,1213750
24276,26946,1213800
24277,26946,1213850
24278,26946,1213900
24279,26946,1213950
24280,26946,1214000
24281,26946,1214050
24282,26946,1214100
24283,26946,1214150
24284,26946,1214200
24285,26946,1214250
24286,26946,1214300
24287,26946,1214350
24288,26946,1214400
24289,26946,1214450
24290,26946,1214500
24291,26946,1214550
24292,26946,1214600
24293,26946,1214650
24294,26946,1214700
24295,26946,1214750
24296,26946,1214800
24297,26946,1214850
24298,26946,1214900
24299,26946,1214950
24300,26946,1215000
24301,26946,1215050
24302,26946,1215100
24303,26946,1215150
24304,26946,1215200
24305,26946,1215250
24306,26946,1215300
24307,26946,1215350
24308,26946,1215400
24309,26946,1215450
24310,26946,1215500
24311,26946,1215550
24312,26946,1215600
24313,26946,1215650
24314,26946,1215700
24315,26946,1215750
24316,26946,1215800
24317,26946,1215850
24318,26946,1215900
24319,26946,1215950
24320,26946,1216000
24321,26946,1216050
24322,26946,1216100
24323,26946,1216150
24324,26946,1216200
24325,26946,1216250
24326,26946,1216300
24327,26946,1216350
24328,26946,1216400
24329,26946,1216450
24330,26946,1216500
24331,26946,1216550
24332,26946,1216600
24333,26946,1216650
24334,26946,1216700
24335,26946,1216750
24336,26946,1216800
24337,26946,1216850
24338,26946,1216900
24339,26946,1216950
24340,26946,1217000
24341,26946,1217050
24342,26946,1217100
24343,26946,1217150
24344,26946,1217200
24345,26946,1217250
24346,26946,1217300
24347,26946,1217350
24348,26946,1217400
24349,26946,1217450
24350,26946,1217500
24351,26946,1217550
24352,26946,1217600
24353,26946,1217650
24354,26946,1217700
24355,26946,1217750
24356,26946,1217800
24357,26946,1217850
24358,26946,1217900
24359,26946,1217950
24360,26946,1218000
24361,26946,1218050
24362,26946,1218100
24363,26946,1218150
24364,26946,1218200
24365,26946,1218250
24366,26946,1218300
24367,26946,1218350
24368,26946,1218400
24369,26946,1218450
24370,26946,1218500
24371,26946,1218550
24372,26946,1218600
24373,26946,1218650
24374,26946,1218700
24375,26946,1218750
24376,26946,1218800
24377,26946,1218850
24378,26946,1218900
24379,26946,1218950
24380,26946,1219000
24381,26946,1219050
24382,26946,1219100
24383,26946,1219150
24384,26946,1219200
24385,26946,1219250
24386,26946,1219300
24387,26946,1219350
24388,26946,1219400
24389,26946,1219450
24390,26946,1219500
24391,26946,1219550
24392,26946,1219600
24393,26946,1219650
24394,26946,1219700
24395,26946,1219750
24396,26946,1219800
24397,26946,1219850
24398,26946,1219900
24399,26946,1219950
24400,26946,1220000
24401,26946,1220050
24402,26946,1220100
24403,26946,1220150
24404,26946,1220200
24405,26946,1220250
24406,26946,1220300
24407,26946,1220350
24408,26946,1220400
24409,26946,1220450
24410,26946,1220500
24411,26946,1220550
24412,26946,1220600
24413,26946,1220650
24414,26946,1220700
24415,26946,1220750
24416,26946,1220800
24417,26946,1220850
24418,26946,1220900
24419,26946,1220950
24420,26946,1221000
24421,26946,1221050
24422,26946,1221100
24423,26946,1221150
24424,26946,1221200
24425,26946,1221250
24426,26946,1221300
24427,26946,1221350
24428,26946,1221400
24429,26946,1221450
24430,26946,1221500
24431,26946,1221550
24432,26946,1221600
24433,26946,1221650
24434,26946,1221700
24435,26946,1221750
24436,26946,1221800
24437,26946,1221850
24438,26946,1221900
24439,26946,1221950
24440,26946,1222000
24441,26946,1222050
24442,26946,1222100
24443,26946,1222150
24444,26946,1222200
24445,26946,1222250
24446,26946,1222300
24447,26946,1222350
24448,26946,1222400
24449,26946,1222450
24450,26946,1222500
24451,26946,1222550
24452,26946,1222600
24453,26946,1222650
24454,26946,1222700
24455,26946,1222750
24456,26946,1222800
24457,26946,1222850
24458,26946,1222900
24459,26946,1222950
24460,26946,1223000
24461,26946,1223050
24462,26946,1223100
24463,26946,1223150
24464,26946,1223200
24465,26946,1223250
24466,26946,1223300
24467,26946,1223350
24468,26946,1223400
24469,26946,1223450
24470,26946,1223500
24471,26946,1223550
24472,26946,1223600
24473,26946,1223650
24474,26946,1223700
24475,26946,1223750
24476,26946,1223800
24477,26946,1223850
24478,26946,1223900
24479,26946,1223950
24480,26946,1224000
24481,26946,1224050
24482,26946,1224100
24483,26946,1224150
24484,26946,1224200
24485,26946,1224250
24486,26946,1224300
24487,26946,1224350
24488,26946,1224400
24489,26946,1224450
24490,26946,1224500
24491,26946,1224550
24492,26946,1224600
24493,26946,1224650
24494,26946,1224700
24495,26946,1224750
24496,26946,1224800
24497,26946,1224850
24498,26946,1224900
24499,26946,1224950
24500,26946,1225000
24501,26946,1225050
24502,26946,1225100
24503,26946,1225150
24504,26946,1225200
24505,26946,1225250
24506,26946,1225300
24507,26946,1225350
24508,26946,1225400
24509,26946,1225450
24510,26946,1225500
24511,26946,1225550
24512,26946,1225600
24513,26946,1225650
24514,26946,1225700
24515,26946,1225750
24516,26946,1225800
24517,26946,1225850
24518,26946,1225900
24519,26946,1225950
24520,26946,1226000
24521,26946,1226050
24522,26946,1226100
24523,26946,1226150
24524,26946,1226200
24525,26946,1226250
24526,26946,1226300
24527,26946,1226350
24528,26946,1226400
24529,26946,1226450
24530,26946,1226500
24531,26946,1226550
24532,26946,1226600
24533,26946,1226650
24534,26946,1226700
24535,26946,1226750
24536,26946,1226800
24537,26946,1226850
24538,26946,1226900
24539,26946,1226950
24540,26946,1227000
24541,26946,1227050
24542,26946,1227100
24543,26946,1227150
24544,26946,1227200
24545,26946,1227250
24546,26946,1227300
24547,26946,1227350
24548,26946,1227400
24549,26946,1227450
24550,26946,1227500
24551,26946,1227550
24552,26946,1227600
24553,26946,1227650
24554,26946,1227700
24555,26946,1227750
24556,26946,1227800
24557,26946,1227850
24558,26946,1227900
24559,26946,1227950
24560,26946,1228000
24561,26946,1228050
24562,26946,1228100
24563,26946,1228150
24564,26946,1228200
24565,26946,1228250
24566,26946,1228300
24567,26946,1228350
24568,26946,1228400
24569,26946,1228450
24570,26946,1228500
24571,26946,1228550
24572,26946,1228600
24573,26946,1228650
24574,26946,1228700
24575,26946,1228750
24576,26946,1228800
24577,26946,1228850
24578,26946,1228900
24579,26946,1228950
24580,26946,1229000
24581,26946,1229050
24582,26946,1229100
24583,26946,1229150
24584,26946,1229200
24585,26946,1229250
24586,26946,1229300
24587,26946,1229350
24588,26946,1229400
24589,26946,1229450
24590,26946,1229500
24591,26946,1229550
24592,26946,1229600
24593,26946,1229650
24594,26946,1229700
24595,26946,1229750
24596,26946,1229800
24597,26946,1229850
24598,26946,1229900
24599,26946,1229950
24600,26946,1230000
24601,26946,1230050
24602,26946,1230100
24603,26946,1230150
24604,26946,1230200
24605,26946,1230250
24606,26946,1230300
24607,26946,1230350
24608,26946,1230400
24609,26946,1230450
24610,26946,1230500
24611,26946,1230550
24612,26946,1230600
24613,26946,1230650
24614,26946,1230700
24615,26946,1230750
24616,26946,1230800
24617,26946,1230850
24618,26946,1230900
24619,26946,1230950
24620,26946,1231000
24621,26946,1231050
24622,26946,1231100
24623,26946,1231150
24624,26946,1231200
24625,26946,1231250
24626,26946,1231300
24627,26946,1231350
24628,26946,1231400
24629,26946,1231450
24630,26946,1231500
24631,26946,1231550
24632,26946,1231600
24633,26946,1231650
24634,26946,1231700
24635,26946,1231750
24636,26946,1231800
24637,26946,1231850
24638,26946,1231900
24639,26946,1231950
24640,26946,1232000
24641,26946,1232050
24642,26946,1232100
24643,26946,1232150
24644,26946,1232200
24645,26946,1232250
24646,26946,1232300
24647,26946,1232350
24648,26946,1232400
24649,26946,1232450
24650,26946,1232500
24651,26946,1232550
24652,26946,1232600
24653,26946,1232650
24654,26946,1232700
24655,26946,1232750
24656,26946,1232800
24657,26946,1232850
24658,26946,1232900
24659,26946,1232950
24660,26946,1233000
24661,26946,1233050
24662,26946,1233100
24663,26946,1233150
24664,26946,1233200
24665,26946,1233250
24666,26946,1233300
24667,26946,1233350
24668,26946,1233400
24669,26946,1233450
24670,26946,1233500
24671,26946,1233550
24672,26946,1233600
24673,26946,1233650
24674,26946,1233700
24675,26946,1233750
24676,26946,1233800
24677,26946,1233850
24678,26946,1233900
24679,26946,1233950
24680,26946,1234000
24681,26946,1234050
24682,26946,1234100
24683,26946,1234150
24684,26946,1234200
24685,26946,1234250
24686,26946,1234300
24687,26946,1234350
24688,26946,1234400
24689,26946,1234450
24690,26946,1234500
24691,26946,1234550
24692,26946,1234600
24693,26946,1234650
24694,26946,1234700
24695,26946,1234750
24696,26946,1234800
24697,26946,1234850
24698,26946,1234900
24699,26946,1234950
24700,26946,1235000
24701,26946,1235050
24702,26946,1235100
24703,26946,1235150
24704,26946,1235200
24705,26946,1235250
24706,26946,1235300
24707,26946,1235350
24708,26946,1235400
24709,26946,1235450
24710,26946,1235500
24711,26946,1235550
24712,26946,1235600
24713,26946,1235650
24714,26946,1235700
24715,26946,1235750
24716,26946,1235800
24717,26946,1235850
24718,26946,1235900
24719,26946,1235950
24720,26946,1236000
24721,26946,1236050
24722,26946,1236100
24723,26946,1236150
24724,26946,1236200
24725,26946,1236250
24726,26946,1236300
24727,26946,1236350
24728,26946,1236400
24729,26946,1236450
24730,26946,1236500
24731,26946,1236550
24732,26946,1236600
24733,26946,1236650
24734,26946,1236700
24735,26946,1236750
24736,26946,1236800
24737,26946,1236850
24738,26946,1236900
24739,26946,1236950
24740,26946,1237000
24741,26946,1237050
24742,26946,1237100
24743,26946,1237150
24744,26946,1237200
24745,26946,1237250
24746,26946,1237300
24747,26946,1237350
24748,26946,1237400
24749,26946,1237450
24750,26946,1237500
24751,26946,1237550
24752,26946,1237600
24753,26946,1237650
24754,26946,1237700
24755,26946,1237750
24756,26946,1237800
24757,26946,1237850
24758,26946,1237900
24759,26946,1237950
24760,26946,1238000
24761,26946,1238050
24762,26946,1238100
24763,26946,1238150
24764,26946,1238200
24765,26946,1238250
24766,26946,1238300
24767,26946,1238350
24768,26946,1238400
24769,26946,1238450
24770,26946,1238500
24771,26946,1238550
24772,26946,1238600
24773,26946,1238650
24774,26946,1238700
24775,26946,1238750
24776,26946,1238800
24777,26946,1238850
24778,26946,1238900
24779,26946,1238950
24780,26946,1239000
24781,26946,1239050
24782,26946,1239100
24783,26946,1239150
24784,26946,1239200
24785,26946,1239250
24786,26946,1239300
24787,26946,1239350
24788,26946,1239400
24789,26946,1239450
24790,26946,1239500
24791,26946,1239550
24792,26946,1239600
24793,26946,1239650
24794,26946,1239700
24795,26946,1239750
24796,26946,1239800
24797,26946,1239850
24798,26946,1239900
24799,26946,1239950
24800,26946,1240000
24801,26946,1240050
24802,26946,1240100
24803,26946,1240150
24804,26946,1240200
24805,26946,1240250
24806,26946,1240300
24807,26946,1240350
24808,26946,1240400
24809,26946,1240450
24810,26946,1240500
24811,26946,1240550
24812,26946,1240600
24813,26946,1240650
24814,26946,1240700
24815,26946,1240750
24816,26946,1240800
24817,26946,1240850
24818,26946,1240900
24819,26946,1240950
24820,26946,1241000
24821,26946,1241050
24822,26946,1241100
24823,26946,1241150
24824,26946,1241200
24825,26946,1241250
24826,26946,1241300
24827,26946,1241350
24828,26946,1241400
24829,26946,1241450
24830,26946,1241500
24831,26946,1241550
24832,26946,1241600
24833,26946,1241650
24834,26946,1241700
24835,26946,1241750
24836,26946,1241800
24837,26946,1241850
24838,26946,1241900
24839,26946,1241950
24840,26946,1242000
24841,26946,1242050
24842,26946,1242100
24843,26946,1242150
24844,26946,1242200
24845,26946,1242250
24846,26946,1242300
24847,26946,1242350
24848,26946,1242400
24849,26946,1242450
24850,26946,1242500
24851,26946,1242550
24852,26946,1242600
24853,26946,1242650
24854,26946,1242700
24855,26946,1242750
24856,26946,1242800
24857,26946,1242850
24858,26946,1242900
24859,26946,1242950
24860,26946,1243000
24861,26946,1243050
24862,26946,1243100
24863,26946,1243150
24864,26946,1243200
24865,26946,1243250
24866,26946,1243300
24867,26946,1243350
24868,26946,1243400
24869,26946,1243450
24870,26946,1243500
24871,26946,1243550
24872,26946,1243600
24873,26946,1243650
24874,26946,1243700
24875,26946,1243750
24876,26946,1243800
24877,26946,1243850
24878,26946,1243900
24879,26946,1243950
24880,26946,1244000
24881,26946,1244050
24882,26946,1244100
24883,26946,1244150
24884,26946,1244200
24885,26946,1244250
24886,26946,1244300
24887,26946,1244350
24888,26946,1244400
24889,26946,1244450
24890,26946,1244500
24891,26946,1244550
24892,26946,1244600
24893,26946,1244650
24894,26946,1244700
24895,26946,1244750
24896,26946,1244800
24897,26946,1244850
24898,26946,1244900
24899,26946,1244950
24900,26946,1245000
24901,26946,1245050
24902,26946,1245100
24903,26946,1245150
24904,26946,1245200
24905,26946,1245250
24906,26946,1245300
24907,26946,1245350
24908,26946,1245400
24909,26946,1245450
24910,26946,1245500
24911,26946,1245550
24912,26946,1245600
24913,26946,1245650
24914,26946,1245700
24915,26946,1245750
24916,26946,1245800
24917,26946,1245850
24918,26946,1245900
24919,26946,1245950
24920,26946,1246000
24921,26946,1246050
24922,26946,1246100
24923,26946,1246150
24924,26946,1246200
24925,26946,1246250
24926,26946,1246300
24927,26946,1246350
24928,26946,1246400
24929,26946,1246450
24930,26946,1246500
24931,26946,1246550
24932,26946,1246600
24933,26946,1246650
24934,26946,1246700
24935,26946,1246750
24936,26946,1246800
24937,26946,1246850
24938,26946,1246900
24939,26946,1246950
24940,26946,1247000
24941,26946,1247050
24942,26946,1247100
24943,26946,1247150
24944,26946,1247200
24945,26946,1247250
24946,26946,1247300
24947,26946,1247350
24948,26946,1247400
24949,26946,1247450
24950,26946,1247500
24951,26946,1247550
24952,26946,1247600
24953,26946,1247650
24954,26946,1247700
24955,26946,1247750
24956,26946,1247800
24957,26946,1247850
24958,26946,1247900
24959,26946,1247950
24960,26946,1248000
24961,26946,1248050
24962,26946,1248100
24963,26946,1248150
24964,26946,1248200
24965,26946,1248250
24966,26946,1248300
24967,26946,1248350
24968,26946,1248400
24969,26946,1248450
24970,26946,1248500
24971,26946,1248550
24972,26946,1248600
24973,26946,1248650
24974,26946,1248700
24975,26946,1248750
24976,26946,1248800
24977,26946,1248850
24978,26946,1248900
24979,26946,1248950
24980,26946,1249000
24981,26946,1249050
24982,26946,1249100
24983,26946,1249150
24984,26946,1249200
24985,26946,1249250
24986,26946,1249300
24987,26946,1249350
24988,26946,1249400
24989,26946,1249450
24990,26946,1249500
24991,26946,1249550
24992,26946,1249600
24993,26946,1249650
24994,26946,1249700
24995,26946,1249750
24996,26946,1249800
24997,26946,1249850
24998,26946,1249900
24999,26946,1249950
25000,26946,1250000
25001,26946,1250050
25002,26946,1250100
25003,26946,1250150
25004,26946,1250200
25005,26946,1250250
25006,26946,1250300
25007,26946,1250350
25008,26946,1250400
25009,26946,1250450
25010,26946,1250500
25011,26946,1250550
25012,26946,1250600
25013,26946,1250650
25014,26946,1250700
25015,26946,1250750
25016,26946,1250800
25017,26946,1250850
25018,26946,1250900
25019,26946,1250950
25020,26946,1251000
25021,26946,1251050
25022,26946,1251100
25023,26946,1251150
25024,26946,1251200
25025,26946,1251250
25026,26946,1251300
25027,26946,1251350
25028,26946,1251400
25029,26946,1251450
25030,26946,1251500
25031,26946,1251550
25032,26946,1251600
25033,26946,1251650
25034,26946,1251700
25035,26946,1251750
25036,26946,1251800
25037,26946,1251850
25038,26946,1251900
25039,26946,1251950
25040,26946,1252000
25041,26946,1252050
25042,26946,1252100
25043,26946,1252150
25044,26946,1252200
25045,26946,1252250
25046,26946,1252300
25047,26946,1252350
25048,26946,1252400
25049,26946,1252450
25050,26946,1252500
25051,26946,1252550
25052,26946,1252600
25053,26946,1252650
25054,26946,1252700
25055,26946,1252750
25056,26946,1252800
25057,26946,1252850
25058,26946,1252900
25059,26946,1252950
25060,26946,1253000
25061,26946,1253050
25062,26946,1253100
25063,26946,1253150
25064,26946,1253200
25065,26946,1253250
25066,26946,1253300
25067,26946,1253350
25068,26946,1253400
25069,26946,1253450
25070,26946,1253500
25071,26946,1253550
25072,26946,1253600
25073,26946,1253650
25074,26946,1253700
25075,26946,1253750
25076,26946,1253800
25077,26946,1253850
25078,26946,1253900
25079,26946,1253950
25080,26946,1254000
25081,26946,1254050
25082,26946,1254100
25083,26946,1254150
25084,26946,1254200
25085,26946,1254250
25086,26946,1254300
25087,26946,1254350
25088,26946,1254400
25089,26946,1254450
25090,26946,1254500
25091,26946,1254550
25092,26946,1254600
25093,26946,1254650
25094,26946,1254700
25095,26946,1254750
25096,26946,1254800
25097,26946,1254850
25098,26946,1254900
25099,26946,1254950
25100,26946,1255000
25101,26946,1255050
25102,26946,1255100
25103,26946,1255150
25104,26946,1255200
25105,26946,1255250
25106,26946,1255300
25107,26946,1255350
25108,26946,1255400
25109,26946,1255450
25110,26946,1255500
25111,26946,1255550
25112,26946,1255600
25113,26946,1255650
25114,26946,1255700
25115,26946,1255750
25116,26946,1255800
25117,26946,1255850
25118,26946,1255900
25119,26946,1255950
25120,26946,1256000
25121,26946,1256050
25122,26946,1256100
25123,26946,1256150
25124,26946,1256200
25125,26946,1256250
25126,26946,1256300
25127,26946,1256350
25128,26946,1256400
25129,26946,1256450
25130,26946,1256500
25131,26946,1256550
25132,26946,1256600
25133,26946,1256650
25134,26946,1256700
25135,26946,1256750
25136,26946,1256800
25137,26946,1256850
25138,26946,1256900
25139,26946,1256950
25140,26946,1257000
25141,26946,1257050
25142,26946,1257100
25143,26946,1257150
25144,26946,1257200
25145,26946,1257250
25146,26946,1257300
25147,26946,1257350
25148,26946,1257400
25149,26946,1257450
25150,26946,1257500
25151,26946,1257550
25152,26946,1257600
25153,26946,1257650
25154,26946,1257700
25155,26946,1257750
25156,26946,1257800
25157,26946,1257850
25158,26946,1257900
25159,26946,1257950
25160,26946,1258000
25161,26946,1258050
25162,26946,1258100
25163,26946,1258150
25164,26946,1258200
25165,26946,1258250
25166,26946,1258300
25167,26946,1258350
25168,26946,1258400
25169,26946,1258450
25170,26946,1258500
25171,26946,1258550
25172,26946,1258600
25173,26946,1258650
25174,26946,1258700
25175,26946,1258750
25176,26946,1258800
25177,26946,1258850
25178,26946,1258900
25179,26946,1258950
25180,26946,1259000
25181,26946,1259050
25182,26946,1259100
25183,26946,1259150
25184,26946,1259200
25185,26946,1259250
25186,26946,1259300
25187,26946,1259350
25188,26946,1259400
25189,26946,1259450
25190,26946,1259500
25191,26946,1259550
25192,26946,1259600
25193,26946,1259650
25194,26946,1259700
25195,26946,1259750
25196,26946,1259800
25197,26946,1259850
25198,26946,1259900
25199,26946,1259950
25200,26946,1260000
25201,26946,1260050
25202,26946,1260100
25203,26946,1260150
25204,26946,1260200
25205,26946,1260250
25206,26946,1260300
25207,26946,1260350
25208,26946,1260400
25209,26946,1260450
25210,26946,1260500
25211,26946,1260550
25212,26946,1260600
25213,26946,1260650
25214,26946,1260700
25215,26946,1260750
25216,26946,1260800
25217,26946,1260850
25218,26946,1260900
25219,26946,1260950
25220,26946,1261000
25221,26946,1261050
25222,26946,1261100
25223,26946,1261150
25224,26946,1261200
25225,26946,1261250
25226,26946,1261300
25227,26946,1261350
25228,26946,1261400
25229,26946,1261450
25230,26946,1261500
25231,26946,1261550
25232,26946,1261600
25233,26946,1261650
25234,26946,1261700
25235,26946,1261750
25236,26946,1261800
25237,26946,1261850
25238,26946,1261900
25239,26946,1261950
25240,26946,1262000
25241,26946,1262050
25242,26946,1262100
25243,26946,1262150
25244,26946,1262200
25245,26946,1262250
25246,26946,1262300
25247,26946,1262350
25248,26946,1262400
25249,26946,1262450
25250,26946,1262500
25251,26946,1262550
25252,26946,1262600
25253,26946,1262650
25254,26946,1262700
25255,26946,1262750
25256,26946,1262800
25257,26946,1262850
25258,26946,1262900
25259,26946,1262950
25260,26946,1263000
25261,26946,1263050
25262,26946,1263100
25263,26946,1263150
25264,26946,1263200
25265,26946,1263250
25266,26946,1263300
25267,26946,1263350
25268,26946,1263400
25269,26946,1263450
25270,26946,1263500
25271,26946,1263550
25272,26946,1263600
25273,26946,1263650
25274,26946,1263700
25275,26946,1263750
25276,26946,1263800
25277,26946,1263850
25278,26946,1263900
25279,26946,1263950
25280,26946,1264000
25281,26946,1264050
25282,26946,1264100
25283,26946,1264150
25284,26946,1264200
25285,26946,1264250
25286,26946,1264300
25287,26946,1264350
25288,26946,1264400
25289,26946,1264450
25290,26946,1264500
25291,26946,1264550
25292,26946,1264600
25293,26946,1264650
25294,26946,1264700
25295,26946,1264750
25296,26946,1264800
25297,26946,1264850
25298,26946,1264900
25299,26946,1264950
25300,26946,1265000
25301,26946,1265050
25302,26946,1265100
25303,26946,1265150
25304,26946,1265200
25305,26946,1265250
25306,26946,1265300
25307,26946,1265350
25308,26946,1265400
25309,26946,1265450
25310,26946,1265500
25311,26946,1265550
25312,26946,1265600
25313,26946,1265650
25314,26946,1265700
25315,26946,1265750
25316,26946,1265800
25317,26946,1265850
25318,26946,1265900
25319,26946,1265950
25320,26946,1266000
25321,26946,1266050
25322,26946,1266100
25323,26946,1266150
25324,26946,1266200
25325,26946,1266250
25326,26946,1266300
25327,26946,1266350
25328,26946,1266400
25329,26946,1266450
25330,26946,1266500
25331,26946,1266550
25332,26946,1266600
25333,26946,1266650
25334,26946,1266700
25335,26946,1266750
25336,26946,1266800
25337,26946,1266850
25338,26946,1266900
25339,26946,1266950
25340,26946,1267000
25341,26946,1267050
25342,26946,1267100
25343,26946,1267150
25344,26946,1267200
25345,26946,1267250
25346,26946,1267300
25347,26946,1267350
25348,26946,1267400
25349,26946,1267450
25350,26946,1267500
25351,26946,1267550
25352,26946,1267600
25353,26946,1267650
25354,26946,1267700
25355,26946,1267750
25356,26946,1267800
25357,26946,1267850
25358,26946,1267900
25359,26946,1267950
25360,26946,1268000
25361,26946,1268050
25362,26946,1268100
25363,26946,1268150
25364,26946,1268200
25365,26946,1268250
25366,26946,1268300
25367,26946,1268350
25368,26946,1268400
25369,26946,1268450
25370,26946,1268500
25371,26946,1268550
25372,26946,1268600
25373,26946,1268650
25374,26946,1268700
25375,26946,1268750
25376,26946,1268800
25377,26946,1268850
25378,26946,1268900
25379,26946,1268950
25380,26946,1269000
25381,26946,1269050
25382,26946,1269100
25383,26946,1269150
25384,26946,1269200
25385,26946,1269250
25386,26946,1269300
25387,26946,1269350
25388,26946,1269400
25389,26946,1269450
25390,26946,1269500
25391,26946,1269550
25392,26946,1269600
25393,26946,1269650
25394,26946,1269700
25395,26946,1269750
25396,26946,1269800
25397,26946,1269850
25398,26946,1269900
25399,26946,1269950
25400,26946,1270000
25401,26946,1270050
25402,26946,1270100
25403,26946,1270150
25404,26946,1270200
25405,26946,1270250
25406,26946,1270300
25407,26946,1270350
25408,26946,1270400
25409,26946,1270450
25410,26946,1270500
25411,26946,1270550
25412,26946,1270600
25413,26946,1270650
25414,26946,1270700
25415,26946,1270750
25416,26946,1270800
25417,26946,1270850
25418,26946,1270900
25419,26946,1270950
25420,26946,1271000
25421,26946,1271050
25422,26946,1271100
25423,26946,1271150
25424,26946,1271200
25425,26946,1271250
25426,26946,1271300
25427,26946,1271350
25428,26946,1271400
25429,26946,1271450
25430,26946,1271500
25431,26946,1271550
25432,26946,1271600
25433,26946,1271650
25434,26946,1271700
25435,26946,1271750
25436,26946,1271800
25437,26946,1271850
25438,26946,1271900
25439,26946,1271950
25440,26946,1272000
25441,26946,1272050
25442,26946,1272100
25443,26946,1272150
25444,26946,1272200
25445,26946,1272250
25446,26946,1272300
25447,26946,1272350
25448,26946,1272400
25449,26946,1272450
25450,26946,1272500
25451,26946,1272550
25452,26946,1272600
25453,26946,1272650
25454,26946,1272700
25455,26946,1272750
25456,26946,1272800
25457,26946,1272850
25458,26946,1272900
25459,26946,1272950
25460,26946,1273000
25461,26946,1273050
25462,26946,1273100
25463,26946,1273150
25464,26946,1273200
25465,26946,1273250
25466,26946,1273300
25467,26946,1273350
25468,26946,1273400
25469,26946,1273450
25470,26946,1273500
25471,26946,1273550
25472,26946,1273600
25473,26946,1273650
25474,26946,1273700
25475,26946,1273750
25476,26946,1273800
25477,26946,1273850
25478,26946,1273900
25479,26946,1273950
25480,26946,1274000
25481,26946,1274050
25482,26946,1274100
25483,26946,1274150
25484,26946,1274200
25485,26946,1274250
25486,26946,1274300
25487,26946,1274350
25488,26946,1274400
25489,26946,1274450
25490,26946,1274500
25491,26946,1274550
25492,26946,1274600
25493,26946,1274650
25494,26946,1274700
25495,26946,1274750
25496,26946,1274800
25497,26946,1274850
25498,26946,1274900
25499,26946,1274950
25500,26946,1275000
25501,26946,1275050
25502,26946,1275100
25503,26946,1275150
25504,26946,1275200
25505,26946,1275250
25506,26946,1275300
25507,26946,1275350
25508,26946,1275400
25509,26946,1275450
25510,26946,1275500
25511,26946,1275550
25512,26946,1275600
25513,26946,1275650
25514,26946,1275700
25515,26946,1275750
25516,26946,1275800
25517,26946,1275850
25518,26946,1275900
25519,26946,1275950
25520,26946,1276000
25521,26946,1276050
25522,26946,1276100
25523,26946,1276150
25524,26946,1276200
25525,26946,1276250
25526,26946,1276300
25527,26946,1276350
25528,26946,1276400
25529,26946,1276450
25530,26946,1276500
25531,26946,1276550
25532,26946,1276600
25533,26946,1276650
25534,26946,1276700
25535,26946,1276750
25536,26946,1276800
25537,26946,1276850
25538,26946,1276900
25539,26946,1276950
25540,26946,1277000
25541,26946,1277050
25542,26946,1277100
25543,26946,1277150
25544,26946,1277200
25545,26946,1277250
25546,26946,1277300
25547,26946,1277350
25548,26946,1277400
25549,26946,1277450
25550,26946,1277500
25551,26946,1277550
25552,26946,1277600
25553,26946,1277650
25554,26946,1277700
25555,26946,1277750
25556,26946,1277800
25557,26946,1277850
25558,26946,1277900
25559,26946,1277950
25560,26946,1278000
25561,26946,1278050
25562,26946,1278100
25563,26946,1278150
25564,26946,1278200
25565,26946,1278250
25566,26946,1278300
25567,26946,1278350
25568,26946,1278400
25569,26946,1278450
25570,26946,1278500
25571,26946,1278550
25572,26946,1278600
25573,26946,1278650
25574,26946,1278700
25575,26946,1278750
25576,26946,1278800
25577,26946,1278850
25578,26946,1278900
25579,26946,1278950
25580,26946,1279000
25581,26946,1279050
25582,26946,1279100
25583,26946,1279150
25584,26946,1279200
25585,26946,1279250
25586,26946,1279300
25587,26946,1279350
25588,26946,1279400
25589,26946,1279450
25590,26946,1279500
25591,26946,1279550
25592,26946,1279600
25593,26946,1279650
25594,26946,1279700
25595,26946,1279750
25596,26946,1279800
25597,26946,1279850
25598,26946,1279900
25599,26946,1279950
25600,26946,1280000
25601,26946,1280050
25602,26946,1280100
25603,26946,1280150
25604,26946,1280200
25605,26946,1280250
25606,26946,1280300
25607,26946,1280350
25608,26946,1280400
25609,26946,1280450
25610,26946,1280500
25611,26946,1280550
25612,26946,1280600
25613,26946,1280650
25614,26946,1280700
25615,26946,1280750
25616,26946,1280800
25617,26946,1280850
25618,26946,1280900
25619,26946,1280950
25620,26946,1281000
25621,26946,1281050
25622,26946,1281100
25623,26946,1281150
25624,26946,1281200
25625,26946,1281250
25626,26946,1281300
25627,26946,1281350
25628,26946,1281400
25629,26946,1281450
25630,26946,1281500
25631,26946,1281550
25632,26946,1281600
25633,26946,1281650
25634,26946,1281700
25635,26946,1281750
25636,26946,1281800
25637,26946,1281850
25638,26946,1281900
25639,26946,1281950
25640,26946,1282000
25641,26946,1282050
25642,26946,1282100
25643,26946,1282150
25644,26946,1282200
25645,26946,1282250
25646,26946,1282300
25647,26946,1282350
25648,26946,1282400
25649,26946,1282450
25650,26946,1282500
25651,26946,1282550
25652,26946,1282600
25653,26946,1282650
25654,26946,1282700
25655,26946,1282750
25656,26946,1282800
25657,26946,1282850
25658,26946,1282900
25659,26946,1282950
25660,26946,1283000
25661,26946,1283050
25662,26946,1283100
25663,26946,1283150
25664,26946,1283200
25665,26946,1283250
25666,26946,1283300
25667,26946,1283350
25668,26946,1283400
25669,26946,1283450
25670,26946,1283500
25671,26946,1283550
25672,26946,1283600
25673,26946,1283650
25674,26946,1283700
25675,26946,1283750
25676,26946,1283800
25677,26946,1283850
25678,26946,1283900
25679,26946,1283950
25680,26946,1284000
25681,26946,1284050
25682,26946,1284100
25683,26946,1284150
25684,26946,1284200
25685,26946,1284250
25686,26946,1284300
25687,26946,1284350
25688,26946,1284400
25689,26946,1284450
25690,26946,1284500
25691,26946,1284550
25692,26946,1284600
25693,26946,1284650
25694,26946,1284700
25695,26946,1284750
25696,26946,1284800
25697,26946,1284850
25698,26946,1284900
25699,26946,1284950
25700,26946,1285000
25701,26946,1285050
25702,26946,1285100
25703,26946,1285150
25704,26946,1285200
25705,26946,1285250
25706,26946,1285300
25707,26946,1285350
25708,26946,1285400
25709,26946,1285450
25710,26946,1285500
25711,26946,1285550
25712,26946,1285600
25713,26946,1285650
25714,26946,1285700
25715,26946,1285750
25716,26946,1285800
25717,26946,1285850
25718,26946,1285900
25719,26946,1285950
25720,26946,1286000
25721,26946,1286050
25722,26946,1286100
25723,26946,1286150
25724,26946,1286200
25725,26946,1286250
25726,26946,1286300
25727,26946,1286350
25728,26946,1286400
25729,26946,1286450
25730,26946,1286500
25731,26946,1286550
25732,26946,1286600
25733,26946,1286650
25734,26946,1286700
25735,26946,1286750
25736,26946,1286800
25737,26946,1286850
25738,26946,1286900
25739,26946,1286950
25740,26946,1287000
25741,26946,1287050
25742,26946,1287100
25743,26946,1287150
25744,26946,1287200
25745,26946,1287250
25746,26946,1287300
25747,26946,1287350
25748,26946,1287400
25749,26946,1287450
25750,26946,1287500
25751,26946,1287550
25752,26946,1287600
25753,26946,1287650
25754,26946,1287700
25755,26946,1287750
25756,26946,1287800
25757,26946,1287850
25758,26946,1287900
25759,26946,1287950
25760,26946,1288000
25761,26946,1288050
25762,26946,1288100
25763,26946,1288150
25764,26946,1288200
25765,26946,1288250
25766,26946,1288300
25767,26946,1288350
25768,26946,1288400
25769,26946,1288450
25770,26946,1288500
25771,26946,1288550
25772,26946,1288600
25773,26946,1288650
25774,26946,1288700
25775,26946,1288750
25776,26946,1288800
25777,26946,1288850
25778,26946,1288900
25779,26946,1288950
25780,26946,1289000
25781,26946,1289050
25782,26946,1289100
25783,26946,1289150
25784,26946,1289200
25785,26946,1289250
25786,26946,1289300
25787,26946,1289350
25788,26946,1289400
25789,26946,1289450
25790,26946,1289500
25791,26946,1289550
25792,26946,1289600
25793,26946,1289650
25794,26946,1289700
25795,26946,1289750
25796,26946,1289800
25797,26946,1289850
25798,26946,1289900
25799,26946,1289950
25800,26946,1290000
25801,26946,1290050
25802,26946,1290100
25803,26946,1290150
25804,26946,1290200
25805,26946,1290250
25806,26946,1290300
25807,26946,1290350
25808,26946,1290400
25809,26946,1290450
25810,26946,1290500
25811,26946,1290550
25812,26946,1290600
25813,26946,1290650
25814,26946,1290700
25815,26946,1290750
25816,26946,1290800
25817,26946,1290850
25818,26946,1290900
25819,26946,1290950
25820,26946,1291000
25821,26946,1291050
25822,26946,1291100
25823,26946,1291150
25824,26946,1291200
25825,26946,1291250
25826,26946,1291300
25827,26946,1291350
25828,26946,1291400
25829,26946,1291450
25830,26946,1291500
25831,26946,1291550
25832,26946,1291600
25833,26946,1291650
25834,26946,1291700
25835,26946,1291750
25836,26946,1291800
25837,26946,1291850
25838,26946,1291900
25839,26946,1291950
25840,26946,1292000
25841,26946,1292050
25842,26946,1292100
25843,26946,1292150
25844,26946,1292200
25845,26946,1292250
25846,26946,1292300
25847,26946,1292350
25848,26946,1292400
25849,26946,1292450
25850,26946,1292500
25851,26946,1292550
25852,26946,1292600
25853,26946,1292650
25854,26946,1292700
25855,26946,1292750
25856,26946,1292800
25857,26946,1292850
25858,26946,1292900
25859,26946,1292950
25860,26946,1293000
25861,26946,1293050
25862,26946,1293100
25863,26946,1293150
25864,26946,1293200
25865,26946,1293250
25866,26946,1293300
25867,26946,1293350
25868,26946,1293400
25869,26946,1293450
25870,26946,1293500
25871,26946,1293550
25872,26946,1293600
25873,26946,1293650
25874,26946,1293700
25875,26946,1293750
25876,26946,1293800
25877,26946,1293850
25878,26946,1293900
25879,26946,1293950
25880,26946,1294000
25881,26946,1294050
25882,26946,1294100
25883,26946,1294150
25884,26946,1294200
25885,26946,1294250
25886,26946,1294300
25887,26946,1294350
25888,26946,1294400
25889,26946,1294450
25890,26946,1294500
25891,26946,1294550
25892,26946,1294600
25893,26946,1294650
25894,26946,1294700
25895,26946,1294750
25896,26946,1294800
25897,26946,1294850
25898,26946,1294900
25899,26946,1294950
25900,26946,1295000
25901,26946,1295050
25902,26946,1295100
25903,26946,1295150
25904,26946,1295200
25905,26946,1295250
25906,26946,1295300
25907,26946,1295350
25908,26946,1295400
25909,26946,1295450
25910,26946,1295500
25911,26946,1295550
25912,26946,1295600
25913,26946,1295650
25914,26946,1295700
25915,26946,1295750
25916,26946,1295800
25917,26946,1295850
25918,26946,1295900
25919,26946,1295950
25920,26946,1296000
25921,26946,1296050
25922,26946,1296100
25923,26946,1296150
25924,26946,1296200
25925,26946,1296250
25926,26946,1296300
25927,26946,1296350
25928,26946,1296400
25929,26946,1296450
25930,26946,1296500
25931,26946,1296550
25932,26946,1296600
25933,26946,1296650
25934,26946,1296700
25935,26946,1296750
25936,26946,1296800
25937,26946,1296850
25938,26946,1296900
25939,26946,1296950
25940,26946,1297000
25941,26946,1297050
25942,26946,1297100
25943,26946,1297150
25944,26946,1297200
25945,26946,1297250
25946,26946,1297300
25947,26946,1297350
25948,26946,1297400
25949,26946,1297450
25950,26946,1297500
25951,26946,1297550
25952,26946,1297600
25953,26946,1297650
25954,26946,1297700
25955,26946,1297750
25956,26946,1297800
25957,26946,1297850
25958,26946,1297900
25959,26946,1297950
25960,26946,1298000
25961,26946,1298050
25962,26946,1298100
25963,26946,1298150
25964,26946,1298200
25965,26946,1298250
25966,26946,1298300
25967,26946,1298350
25968,26946,1298400
25969,26946,1298450
25970,26946,1298500
25971,26946,1298550
25972,26946,1298600
25973,26946,1298650
25974,26946,1298700
25975,26946,1298750
25976,26946,1298800
25977,26946,1298850
25978,26946,1298900
25979,26946,1298950
25980,26946,1299000
25981,26946,1299050
25982,26946,1299100
25983,26946,1299150
25984,26946,1299200
25985,26946,1299250
25986,26946,1299300
25987,26946,1299350
25988,26946,1299400
25989,26946,1299450
25990,26946,1299500
25991,26946,1299550
25992,26946,1299600
25993,26946,1299650
25994,26946,1299700
25995,26946,1299750
25996,26946,1299800
25997,26946,1299850
25998,26946,1299900
25999,26946,1299950
26000,26946,1300000
26001,26946,1300050
26002,26946,1300100
26003,26946,1300150
26004,26946,1300200
26005,26946,1300250
26006,26946,1300300
26007,26946,1300350
26008,26946,1300400
26009,26946,1300450
26010,26946,1300500
26011,26946,1300550
26012,26946,1300600
26013,26946,1300650
26014,26946,1300700
26015,26946,1300750
26016,26946,1300800
26017,26946,1300850
26018,26946,1300900
26019,26946,1300950
26020,26946,1301000
26021,26946,1301050
26022,26946,1301100
26023,26946,1301150
26024,26946,1301200
26025,26946,1301250
26026,26946,1301300
26027,26946,1301350
26028,26946,1301400
26029,26946,1301450
26030,26946,1301500
26031,26946,1301550
26032,26946,1301600
26033,26946,1301650
26034,26946,1301700
26035,26946,1301750
26036,26946,1301800
26037,26946,1301850
26038,26946,1301900
26039,26946,1301950
26040,26946,1302000
26041,26946,1302050
26042,26946,1302100
26043,26946,1302150
26044,26946,1302200
26045,26946,1302250
26046,26946,1302300
26047,26946,1302350
26048,26946,1302400
26049,26946,1302450
26050,26946,1302500
26051,26946,1302550
26052,26946,1302600
26053,26946,1302650
26054,26946,1302700
26055,26946,1302750
26056,26946,1302800
26057,26946,1302850
26058,26946,1302900
26059,26946,1302950
26060,26946,1303000
26061,26946,1303050
26062,26946,1303100
26063,26946,1303150
26064,26946,1303200
26065,26946,1303250
26066,26946,1303300
26067,26946,1303350
26068,26946,1303400
26069,26946,1303450
26070,26946,1303500
26071,26946,1303550
26072,26946,1303600
26073,26946,1303650
26074,26946,1303700
26075,26946,1303750
26076,26946,1303800
26077,26946,1303850
26078,26946,1303900
26079,26946,1303950
26080,26946,1304000
26081,26946,1304050
26082,26946,1304100
26083,26946,1304150
26084,26946,1304200
26085,26946,1304250
26086,26946,1304300
26087,26946,1304350
26088,26946,1304400
26089,26946,1304450
26090,26946,1304500
26091,26946,1304550
26092,26946,1304600
26093,26946,1304650
26094,26946,1304700
26095,26946,1304750
26096,26946,1304800
26097,26946,1304850
26098,26946,1304900
26099,26946,1304950
26100,26946,1305000
26101,26946,1305050
26102,26946,1305100
26103,26946,1305150
26104,26946,1305200
26105,26946,1305250
26106,26946,1305300
26107,26946,1305350
26108,26946,1305400
26109,26946,1305450
26110,26946,1305500
26111,26946,1305550
26112,26946,1305600
26113,26946,1305650
26114,26946,1305700
26115,26946,1305750
26116,26946,1305800
26117,26946,1305850
26118,26946,1305900
26119,26946,1305950
26120,26946,1306000
26121,26946,1306050
26122,26946,1306100
26123,26946,1306150
26124,26946,1306200
26125,26946,1306250
26126,26946,1306300
26127,26946,1306350
26128,26946,1306400
26129,26946,1306450
26130,26946,1306500
26131,26946,1306550
26132,26946,1306600
26133,26946,1306650
26134,26946,1306700
26135,26946,1306750
26136,26946,1306800
26137,26946,1306850
26138,26946,1306900
26139,26946,1306950
26140,26946,1307000
26141,26946,1307050
26142,26946,1307100
26143,26946,1307150
26144,26946,1307200
26145,26946,1307250
26146,26946,1307300
26147,26946,1307350
26148,26946,1307400
26149,26946,1307450
26150,26946,1307500
26151,26946,1307550
26152,26946,1307600
26153,26946,1307650
26154,26946,1307700
26155,26946,1307750
26156,26946,1307800
26157,26946,1307850
26158,26946,1307900
26159,26946,1307950
26160,26946,1308000
26161,26946,1308050
26162,26946,1308100
26163,26946,1308150
26164,26946,1308200
26165,26946,1308250
26166,26946,1308300
26167,26946,1308350
26168,26946,1308400
26169,26946,1308450
26170,26946,1308500
26171,26946,1308550
26172,26946,1308600
26173,26946,1308650
26174,26946,1308700
26175,26946,1308750
26176,26946,1308800
26177,26946,1308850
26178,26946,1308900
26179,26946,1308950
26180,26946,1309000
26181,26946,1309050
26182,26946,1309100
26183,26946,1309150
26184,26946,1309200
26185,26946,1309250
26186,26946,1309300
26187,26946,1309350
26188,26946,1309400
26189,26946,1309450
26190,26946,1309500
26191,26946,1309550
26192,26946,1309600
26193,26946,1309650
26194,26946,1309700
26195,26946,1309750
26196,26946,1309800
26197,26946,1309850
26198,26946,1309900
26199,26946,1309950
26200,26946,1310000
26201,26946,1310050
26202,26946,1310100
26203,26946,1310150
26204,26946,1310200
26205,26946,1310250
26206,26946,1310300
26207,26946,1310350
26208,26946,1310400
26209,26946,1310450
26210,26946,1310500
26211,26946,1310550
26212,26946,1310600
26213,26946,1310650
26214,26946,1310700
26215,26946,1310750
26216,26946,1310800
26217,26946,1310850
26218,26946,1310900
26219,26946,1310950
26220,26946,1311000
26221,26946,1311050
26222,26946,1311100
26223,26946,1311150
26224,26946,1311200
26225,26946,1311250
26226,26946,1311300
26227,26946,1311350
26228,26946,1311400
26229,26946,1311450
26230,26946,1311500
26231,26946,1311550
26232,26946,1311600
26233,26946,1311650
26234,26946,1311700
26235,26946,1311750
26236,26946,1311800
26237,26946,1311850
26238,26946,1311900
26239,26946,1311950
26240,26946,1312000
26241,26946,1312050
26242,26946,1312100
26243,26946,1312150
26244,26946,1312200
26245,26946,1312250
26246,26946,1312300
26247,26946,1312350
26248,26946,1312400
26249,26946,1312450
26250,26946,1312500
26251,26946,1312550
26252,26946,1312600
26253,26946,1312650
26254,26946,1312700
26255,26946,1312750
26256,26946,1312800
26257,26946,1312850
26258,26946,1312900
26259,26946,1312950
26260,26946,1313000
26261,26946,1313050
26262,26946,1313100
26263,26946,1313150
26264,26946,1313200
26265,26946,1313250
26266,26946,1313300
26267,26946,1313350
26268,26946,1313400
26269,26946,1313450
26270,26946,1313500
26271,26946,1313550
26272,26946,1313600
26273,26946,1313650
26274,26946,1313700
26275,26946,1313750
26276,26946,1313800
26277,26946,1313850
26278,26946,1313900
26279,26946,1313950
26280,26946,1314000
26281,26946,1314050
26282,26946,1314100
26283,26946,1314150
26284,26946,1314200
26285,26946,1314250
26286,26946,1314300
26287,26946,1314350
26288,26946,1314400
26289,26946,1314450
26290,26946,1314500
26291,26946,1314550
26292,26946,1314600
26293,26946,1314650
26294,26946,1314700
26295,26946,1314750
26296,26946,1314800
26297,26946,1314850
26298,26946,1314900
26299,26946,1314950
26300,26946,1315000
26301,26946,1315050
26302,26946,1315100
26303,26946,1315150
26304,26946,1315200
26305,26946,1315250
26306,26946,1315300
26307,26946,1315350
26308,26946,1315400
26309,26946,1315450
26310,26946,1315500
26311,26946,1315550
26312,26946,1315600
26313,26946,1315650
26314,26946,1315700
26315,26946,1315750
26316,26946,1315800
26317,26946,1315850
26318,26946,1315900
26319,26946,1315950
26320,26946,1316000
26321,26946,1316050
26322,26946,1316100
26323,26946,1316150
26324,26946,1316200
26325,26946,1316250
26326,26946,1316300
26327,26946,1316350
26328,26946,1316400
26329,26946,1316450
26330,26946,1316500
26331,26946,1316550
26332,26946,1316600
26333,26946,1316650
26334,26946,1316700
26335,26946,1316750
26336,26946,1316800
26337,26946,1316850
26338,26946,1316900
26339,26946,1316950
26340,26946,1317000
26341,26946,1317050
26342,26946,1317100
26343,26946,1317150
26344,26946,1317200
26345,26946,1317250
26346,26946,1317300
26347,26946,1317350
26348,26946,1317400
26349,26946,1317450
26350,26946,1317500
26351,26946,1317550
26352,26946,1317600
26353,26946,1317650
26354,26946,1317700
26355,26946,1317750
26356,26946,1317800
26357,26946,1317850
26358,26946,1317900
26359,26946,1317950
26360,26946,1318000
26361,26946,1318050
26362,26946,1318100
26363,26946,1318150
26364,26946,1318200
26365,26946,1318250
26366,26946,1318300
26367,26946,1318350
26368,26946,1318400
26369,26946,1318450
26370,26946,1318500
26371,26946,1318550
26372,26946,1318600
26373,26946,1318650
26374,26946,1318700
26375,26946,1318750
26376,26946,1318800
26377,26946,1318850
26378,26946,1318900
26379,26946,1318950
26380,26946,1319000
26381,26946,1319050
26382,26946,1319100
26383,26946,1319150
26384,26946,1319200
26385,26946,1319250
26386,26946,1319300
26387,26946,1319350
26388,26946,1319400
26389,26946,1319450
26390,26946,1319500
26391,26946,1319550
26392,26946,1319600
26393,26946,1319650
26394,26946,1319700
26395,26946,1319750
26396,26946,1319800
26397,26946,1319850
26398,26946,1319900
26399,26946,1319950
26400,26946,1320000
26401,26946,1320050
26402,26946,1320100
26403,26946,1320150
26404,26946,1320200
26405,26946,1320250
26406,26946,1320300
26407,26946,1320350
26408,26946,1320400
26409,26946,1320450
26410,26946,1320500
26411,26946,1320550
26412,26946,1320600
26413,26946,1320650
26414,26946,1320700
26415,26946,1320750
26416,26946,1320800
26417,26946,1320850
26418,26946,1320900
26419,26946,1320950
26420,26946,1321000
26421,26946,1321050
26422,26946,1321100
26423,26946,1321150
26424,26946,1321200
26425,26946,1321250
26426,26946,1321300
26427,26946,1321350
26428,26946,1321400
26429,26946,1321450
26430,26946,1321500
26431,26946,1321550
26432,26946,1321600
26433,26946,1321650
26434,26946,1321700
26435,26946,1321750
26436,26946,1321800
26437,26946,1321850
26438,26946,1321900
26439,26946,1321950
26440,26946,1322000
26441,26946,1322050
26442,26946,1322100
26443,26946,1322150
26444,26946,1322200
26445,26946,1322250
26446,26946,1322300
26447,26946,1322350
26448,26946,1322400
26449,26946,1322450
26450,26946,1322500
26451,26946,1322550
26452,26946,1322600
26453,26946,1322650
26454,26946,1322700
26455,26946,1322750
26456,26946,1322800
26457,26946,1322850
26458,26946,1322900
26459,26946,1322950
26460,26946,1323000
26461,26946,1323050
26462,26946,1323100
26463,26946,1323150
26464,26946,1323200
26465,26946,1323250
26466,26946,1323300
26467,26946,1323350
26468,26946,1323400
26469,26946,1323450
26470,26946,1323500
26471,26946,1323550
26472,26946,1323600
26473,26946,1323650
26474,26946,1323700
26475,26946,1323750
26476,26946,1323800
26477,26946,1323850
26478,26946,1323900
26479,26946,1323950
26480,26946,1324000
26481,26946,1324050
26482,26946,1324100
26483,26946,1324150
26484,26946,1324200
26485,26946,1324250
26486,26946,1324300
26487,26946,1324350
26488,26946,1324400
26489,26946,1324450
26490,26946,1324500
26491,26946,1324550
26492,26946,1324600
26493,26946,1324650
26494,26946,1324700
26495,26946,1324750
26496,26946,1324800
26497,26946,1324850
26498,26946,1324900
26499,26946,1324950
26500,26946,1325000
26501,26946,1325050
26502,26946,1325100
26503,26946,1325150
26504,26946,1325200
26505,26946,1325250
26506,26946,1325300
26507,26946,1325350
26508,26946,1325400
26509,26946,1325450
26510,26946,1325500
26511,26946,1325550
26512,26946,1325600
26513,26946,1325650
26514,26946,1325700
26515,26946,1325750
26516,26946,1325800
26517,26946,1325850
26518,26946,1325900
26519,26946,1325950
26520,26946,1326000
26521,26946,1326050
26522,26946,1326100
26523,26946,1326150
26524,26946,1326200
26525,26946,1326250
26526,26946,1326300
26527,26946,1326350
26528,26946,1326400
26529,26946,1326450
26530,26946,1326500
26531,26946,1326550
26532,26946,1326600
26533,26946,1326650
26534,26946,1326700
26535,26946,1326750
26536,26946,1326800
26537,26946,1326850
26538,26946,1326900
26539,26946,1326950
26540,26946,1327000
26541,26946,1327050
26542,26946,1327100
26543,26946,1327150
26544,26946,1327200
26545,26946,1327250
26546,26946,1327300
26547,26946,1327350
26548,26946,1327400
26549,26946,1327450
26550,26946,1327500
26551,26946,1327550
26552,26946,1327600
26553,26946,1327650
26554,26946,1327700
26555,26946,1327750
26556,26946,1327800
26557,26946,1327850
26558,26946,1327900
26559,26946,1327950
26560,26946,1328000
26561,26946,1328050
26562,26946,1328100
26563,26946,1328150
26564,26946,1328200
26565,26946,1328250
26566,26946,1328300
26567,26946,1328350
26568,26946,1328400
26569,26946,1328450
26570,26946,1328500
26571,26946,1328550
26572,26946,1328600
26573,26946,1328650
26574,26946,1328700
26575,26946,1328750
26576,26946,1328800
26577,26946,1328850
26578,26946,1328900
26579,26946,1328950
26580,26946,1329000
26581,26946,1329050
26582,26946,1329100
26583,26946,1329150
26584,26946,1329200
26585,26946,1329250
26586,26946,1329300
26587,26946,1329350
26588,26946,1329400
26589,26946,1329450
26590,26946,1329500
26591,26946,1329550
26592,26946,1329600
26593,26946,1329650
26594,26946,1329700
26595,26946,1329750
26596,26946,1329800
26597,26946,1329850
26598,26946,1329900
26599,26946,1329950
26600,26946,1330000
26601,26946,1330050
26602,26946,1330100
26603,26946,1330150
26604,26946,1330200
26605,26946,1330250
26606,26946,1330300
26607,26946,1330350
26608,26946,1330400
26609,26946,1330450
26610,26946,1330500
26611,26946,1330550
26612,26946,1330600
26613,26946,1330650
26614,26946,1330700
26615,26946,1330750
26616,26946,1330800
26617,26946,1330850
26618,26946,1330900
26619,26946,1330950
26620,26946,1331000
26621,26946,1331050
26622,26946,1331100
26623,26946,1331150
26624,26946,1331200
26625,26946,1331250
26626,26946,1331300
26627,26946,1331350
26628,26946,1331400
26629,26946,1331450
26630,26946,1331500
26631,26946,1331550
26632,26946,1331600
26633,26946,1331650
26634,26946,1331700
26635,26946,1331750
26636,26946,1331800
26637,26946,1331850
26638,26946,1331900
26639,26946,1331950
26640,26946,1332000
26641,26946,1332050
26642,26946,1332100
26643,26946,1332150
26644,26946,1332200
26645,26946,1332250
26646,26946,1332300
26647,26946,1332350
26648,26946,1332400
26649,26946,1332450
26650,26946,1332500
26651,26946,1332550
26652,26946,1332600
26653,26946,1332650
26654,26946,1332700
26655,26946,1332750
26656,26946,1332800
26657,26946,1332850
26658,26946,1332900
26659,26946,1332950
26660,26946,1333000
26661,26946,1333050
26662,26946,1333100
26663,26946,1333150
26664,26946,1333200
26665,26946,1333250
26666,26946,1333300
26667,26946,1333350
26668,26946,1333400
26669,26946,1333450
26670,26946,1333500
26671,26946,1333550
26672,26946,1333600
26673,26946,1333650
26674,26946,1333700
26675,26946,1333750
26676,26946,1333800
26677,26946,1333850
26678,26946,1333900
26679,26946,1333950
26680,26946,1334000
26681,26946,1334050
26682,26946,1334100
26683,26946,1334150
26684,26946,1334200
26685,26946,1334250
26686,26946,1334300
26687,26946,1334350
26688,26946,1334400
26689,26946,1334450
26690,26946,1334500
26691,26946,1334550
26692,26946,1334600
26693,26946,1334650
26694,26946,1334700
26695,26946,1334750
26696,26946,1334800
26697,26946,1334850
26698,26946,1334900
26699,26946,1334950
26700,26946,1335000
26701,26946,1335050
26702,26946,1335100
26703,26946,1335150
26704,26946,1335200
26705,26946,1335250
26706,26946,1335300
26707,26946,1335350
26708,26946,1335400
26709,26946,1335450
26710,26946,1335500
26711,26946,1335550
26712,26946,1335600
26713,26946,1335650
26714,26946,1335700
26715,26946,1335750
26716,26946,1335800
26717,26946,1335850
26718,26946,1335900
26719,26946,1335950
26720,26946,1336000
26721,26946,1336050
26722,26946,1336100
26723,26946,1336150
26724,26946,1336200
26725,26946,1336250
26726,26946,1336300
26727,26946,1336350
26728,26946,1336400
26729,26946,1336450
26730,26946,1336500
26731,26946,1336550
26732,26946,1336600
26733,26946,1336650
26734,26946,1336700
26735,26946,1336750
26736,26946,1336800
26737,26946,1336850
26738,26946,1336900
26739,26946,1336950
26740,26946,1337000
26741,26946,1337050
26742,26946,1337100
26743,26946,1337150
26744,26946,1337200
26745,26946,1337250
26746,26946,1337300
26747,26946,1337350
26748,26946,1337400
26749,26946,1337450
26750,26946,1337500
26751,26946,1337550
26752,26946,1337600
26753,26946,1337650
26754,26946,1337700
26755,26946,1337750
26756,26946,1337800
26757,26946,1337850
26758,26946,1337900
26759,26946,1337950
26760,26946,1338000
26761,26946,1338050
26762,26946,1338100
26763,26946,1338150
26764,26946,1338200
26765,26946,1338250
26766,26946,1338300
26767,26946,1338350
26768,26946,1338400
26769,26946,1338450
26770,26946,1338500
26771,26946,1338550
26772,26946,1338600
26773,26946,1338650
26774,26946,1338700
26775,26946,1338750
26776,26946,1338800
26777,26946,1338850
26778,26946,1338900
26779,26946,1338950
26780,26946,1339000
26781,26946,1339050
26782,26946,1339100
26783,26946,1339150
26784,26946,1339200
26785,26946,1339250
26786,26946,1339300
26787,26946,1339350
26788,26946,1339400
26789,26946,1339450
26790,26946,1339500
26791,26946,1339550
26792,26946,1339600
26793,26946,1339650
26794,26946,1339700
26795,26946,1339750
26796,26946,1339800
26797,26946,1339850
26798,26946,1339900
26799,26946,1339950
26800,26946,1340000
26801,26946,1340050
26802,26946,1340100
26803,26946,1340150
26804,26946,1340200
26805,26946,1340250
26806,26946,1340300
26807,26946,1340350
26808,26946,1340400
26809,26946,1340450
26810,26946,1340500
26811,26946,1340550
26812,26946,1340600
26813,26946,1340650
26814,26946,1340700
26815,26946,1340750
26816,26946,1340800
26817,26946,1340850
26818,26946,1340900
26819,26946,1340950
26820,26946,1341000
26821,26946,1341050
26822,26946,1341100
26823,26946,1341150
26824,26946,1341200
26825,26946,1341250
26826,26946,1341300
26827,26946,1341350
26828,26946,1341400
26829,26946,1341450
26830,26946,1341500
26831,26946,1341550
26832,26946,1341600
26833,26946,1341650
26834,26946,1341700
26835,26946,1341750
26836,26946,1341800
26837,26946,1341850
26838,26946,1341900
26839,26946,1341950
26840,26946,1342000
26841,26946,1342050
26842,26946,1342100
26843,26946,1342150
26844,26946,1342200
26845,26946,1342250
26846,26946,1342300
26847,26946,1342350
26848,26946,1342400
26849,26946,1342450
26850,26946,1342500
26851,26946,1342550
26852,26946,1342600
26853,26946,1342650
26854,26946,1342700
26855,26946,1342750
26856,26946,1342800
26857,26946,1342850
26858,26946,1342900
26859,26946,1342950
26860,26946,1343000
26861,26946,1343050
26862,26946,1343100
26863,26946,1343150
26864,26946,1343200
26865,26946,1343250
26866,26946,1343300
26867,26946,1343350
26868,26946,1343400
26869,26946,1343450
26870,26946,1343500
26871,26946,1343550
26872,26946,1343600
26873,26946,1343650
26874,26946,1343700
26875,26946,1343750
26876,26946,1343800
26877,26946,1343850
26878,26946,1343900
26879,26946,1343950
26880,26946,1344000
26881,26946,1344050
26882,26946,1344100
26883,26946,1344150
26884,26946,1344200
26885,26946,1344250
26886,26946,1344300
26887,26946,1344350
26888,26946,1344400
26889,26946,1344450
26890,26946,1344500
26891,26946,1344550
26892,26946,1344600
26893,26946,1344650
26894,26946,1344700
26895,26946,1344750
26896,26946,1344800
26897,26946,1344850
26898,26946,1344900
26899,26946,1344950
26900,26946,1345000
26901,26946,1345050
26902,26946,1345100
26903,26946,1345150
26904,26946,1345200
26905,26946,1345250
26906,26946,1345300
26907,26946,1345350
26908,26946,1345400
26909,26946,1345450
26910,26946,1345500
26911,26946,1345550
26912,26946,1345600
26913,26946,1345650
26914,26946,1345700
26915,26946,1345750
26916,26946,1345800
26917,26946,1345850
26918,26946,1345900
26919,26946,1345950
26920,26946,1346000
26921,26946,1346050
26922,26946,1346100
26923,26946,1346150
26924,26946,1346200
26925,26946,1346250
26926,26946,1346300
26927,26946,1346350
26928,26946,1346400
26929,26946,1346450
26930,26946,1346500
26931,26946,1346550
26932,26946,1346600
26933,26946,1346650
26934,26946,1346700
26935,26946,1346750
26936,26946,1346800
26937,26946,1346850
26938,26946,1346900
26939,26946,1346950
26940,26946,1347000
26941,26946,1347050
26942,26946,1347100
26943,26946,1347150
26944,26946,1347200
26945,26946,1347250
26946,26946,1347300
