keyword,clientTime,serverTime,totalTime,resultLength,w1,w2
F6542#F8109,39.0,1197551.0,1197590.0,0,1,9738
F8396#F8109,48.0,1068948.5,1068996.5,1,2,9738
F8975#F8109,66.0,977670.0,977736.0,2,3,9738
F5981#F8109,76.0,955477.5,955553.5,4,4,9738
F7550#F8109,90.0,974426.0,974516.0,4,5,9738
F1014#F8109,102.0,964149.5,964251.5,2,6,9738
F6976#F8109,122.50000000000001,1141483.0,1141605.5,4,7,9738
F8581#F8109,134.85714285714286,1094502.857142857,1094637.714285714,3,8,9738
F4784#F8109,168.75,955794.0,955962.75,4,9,9738
F285#F8109,170.0,1150044.0,1150214.0,3,10,9738
F9078#F8109,174.9,1014830.3,1015005.2000000001,7,11,9738
F931#F8109,202.9090909090909,1007804.7272727272,1008007.6363636362,6,12,9738
F9327#F8109,214.49999999999997,998043.5833333333,998258.0833333333,6,13,9738
F9803#F8109,213.23076923076923,1024145.2307692308,1024358.4615384615,4,14,9738
F8361#F8109,248.57142857142856,998017.5,998266.0714285715,5,15,9738
F6479#F8109,250.66666666666666,983465.6,983716.2666666666,11,16,9738
F9786#F8109,266.6875,1016998.4375,1017265.125,6,17,9738
F1812#F8109,289.05882352941177,1165755.5,1166044.5588235294,7,18,9738
F1453#F8109,307.1666666666667,1011340.4444444445,1011647.6111111111,7,19,9738
F5044#F8109,312.6315789473684,999714.7368421052,1000027.3684210526,6,20,9738
F7699#F8109,333.90000000000003,998859.75,999193.65,6,21,9738
F4127#F8109,354.09523809523813,1013525.3333333334,1013879.4285714286,7,22,9738
F4989#F8109,374.27272727272725,1042669.4545454545,1043043.7272727272,5,23,9738
F2777#F8109,555.1304347826086,996587.4782608695,997142.6086956521,8,24,9738
F35#F8109,422.9166666666667,1061258.3333333335,1061681.2500000002,6,25,9738
F5631#F8109,561.0,1165651.0,1166212.0,10,26,9738
F6021#F8109,435.11538461538464,1069706.7692307692,1070141.8846153847,11,27,9738
F5385#F8109,465.6296296296296,995825.1851851852,996290.8148148148,14,28,9738
F215#F8109,489.89285714285717,996693.7500000001,997183.642857143,13,29,9738
F5570#F8109,467.58620689655174,1007589.3103448277,1008056.8965517243,13,30,9738
F6094#F8109,514.6,1039517.8333333335,1040032.4333333335,13,31,9738
F3769#F8109,521.2903225806451,993466.8387096773,993988.129032258,11,32,9738
F5287#F8109,546.5625,1165926.09375,1166472.65625,6,33,9738
F5424#F8109,684.5,1071314.0,1071998.5,13,34,9738
F3964#F8109,560.0,1084779.7058823528,1085339.7058823528,15,35,9738
F1813#F8109,560.5714285714286,954322.9714285714,954883.5428571429,15,36,9738
F7267#F8109,567.3333333333333,974067.1388888888,974634.4722222221,12,37,9738
F5517#F8109,594.6486486486486,957682.1621621621,958276.8108108108,15,38,9738
F9774#F8109,629.1315789473684,1037125.9736842106,1037755.105263158,9,39,9738
F8700#F8109,646.1538461538461,963177.4358974358,963823.5897435896,15,40,9738
F3987#F8109,651.9,1251737.1749999998,1252389.0749999997,17,41,9738
F9914#F8109,850.5,1116868.0975609757,1117718.5975609757,14,42,9738
F9286#F8109,842.5,1040123.0,1040965.5,23,43,9738
F5382#F8109,715.2558139534884,954878.7906976745,955594.046511628,18,44,9738
F6186#F8109,718.9772727272727,977625.0,978343.9772727273,18,45,9738
F5597#F8109,739.0666666666666,994285.911111111,995024.9777777777,17,46,9738
F3875#F8109,768.3478260869566,1016806.1739130436,1017574.5217391305,20,47,9738
F5577#F8109,773.1063829787233,981621.4468085106,982394.5531914893,13,48,9738
F3105#F8109,788.0833333333333,1274060.2291666665,1274848.3124999998,22,49,9738
F6035#F8109,818.3673469387755,1046961.224489796,1047779.5918367348,19,50,9738
F2790#F8109,839.46,1018698.5,1019537.96,16,51,9738
F5436#F8109,837.0980392156862,955874.1960784313,956711.294117647,21,52,9738
F3901#F8109,850.0384615384614,943312.3461538461,944162.3846153846,15,53,9738
F2506#F8109,836.4905660377358,949226.2641509434,950062.7547169811,14,54,9738
F3919#F8109,866.7592592592594,953585.925925926,954452.6851851852,21,55,9738
F8132#F8109,908.2181818181817,989817.309090909,990725.5272727271,21,56,9738
F9882#F8109,1162.0,1258394.0892857143,1259556.0892857143,19,57,9738
F748#F8109,947.3333333333334,1022044.4561403509,1022991.7894736843,14,58,9738
F7607#F8109,968.4137931034483,1115098.9827586205,1116067.396551724,16,59,9738
F1268#F8109,971.1864406779661,1009977.9661016949,1010949.1525423728,20,60,9738
F1717#F8109,997.3499999999999,965845.5333333333,966842.8833333333,17,61,9738
F6082#F8109,984.8852459016393,966548.4918032787,967533.3770491803,28,62,9738
F2782#F8109,1008.0,974689.2580645161,975697.2580645161,16,63,9738
F780#F8109,1050.4126984126983,1083665.2698412698,1084715.6825396826,19,64,9738
F3905#F8109,1285.5,1138550.15625,1139835.65625,26,65,9738
F1880#F8109,1008.276923076923,996084.1846153846,997092.4615384615,19,66,9738
F7721#F8109,1038.5,1073389.7424242424,1074428.2424242424,20,67,9738
F6747#F8109,1061.6119402985075,1014808.656716418,1015870.2686567164,23,68,9738
F1761#F8109,1082.6911764705883,965885.3382352941,966968.0294117647,24,69,9738
F3795#F8109,1081.449275362319,955716.0869565218,956797.5362318842,21,70,9738
F3911#F8109,1089.3428571428572,970324.5428571429,971413.8857142858,16,71,9738
F1165#F8109,1244.0,1094461.5,1095705.5,23,72,9738
F460#F8109,1613.5,1072062.7916666665,1073676.2916666665,27,73,9738
F1760#F8109,1150.5479452054794,992650.191780822,993800.7397260275,25,74,9738
F2687#F8109,1178.7162162162163,1063655.0675675676,1064833.783783784,23,75,9738
F3566#F8109,1231.2,1083925.1733333333,1085156.3733333333,25,76,9738
F8692#F8109,1187.421052631579,966998.4210526315,968185.842105263,21,77,9738
F2393#F8109,1211.5324675324673,980516.7272727272,981728.2597402596,29,78,9738
F1877#F8109,1228.551282051282,971813.4358974359,973041.9871794871,28,79,9738
F6179#F8109,1253.6708860759495,1112881.0,1114134.670886076,28,80,9738
F3893#F8109,1296.0,987995.475,989291.475,27,81,9738
F6377#F8109,1268.4691358024693,987684.938271605,988953.4074074074,18,82,9738
F4550#F8109,1294.5975609756097,1036674.0487804879,1037968.6463414634,24,83,9738
F3853#F8109,1340.9638554216867,1028466.0,1029806.9638554216,29,84,9738
F7737#F8109,1330.654761904762,967038.9285714285,968369.5833333333,29,85,9738
F4864#F8109,1368.9176470588234,948027.5764705882,949396.4941176471,27,86,9738
F6884#F8109,1592.3023255813953,952685.4069767442,954277.7093023256,29,87,9738
F9242#F8109,1327.080459770115,1085477.5,1086804.58045977,33,88,9738
F3988#F8109,1347.1363636363637,955039.7840909092,956386.9204545455,33,89,9738
F1554#F8109,1408.6516853932585,969876.4044943821,971285.0561797754,29,90,9738
F3147#F8109,1375.111111111111,1038468.7444444444,1039843.8555555556,27,91,9738
F5025#F8109,1484.131868131868,1128828.879120879,1130313.010989011,26,92,9738
F8445#F8109,1439.4782608695652,951778.1739130436,953217.6521739131,19,93,9738
F5058#F8109,1447.3978494623657,951377.0322580645,952824.4301075268,37,94,9738
F3282#F8109,1494.7340425531916,1103526.0638297873,1105020.7978723405,30,95,9738
F3207#F8109,2144.5,1120970.7789473685,1123115.2789473685,35,96,9738
F1222#F8109,1529.7708333333335,1012956.8541666667,1014486.6250000001,33,97,9738
F7001#F8109,1535.6701030927834,988253.2164948453,989788.8865979381,32,98,9738
F5141#F8109,1525.408163265306,1036597.6836734692,1038123.0918367346,21,99,9738
F2367#F8109,1576.767676767677,1109710.1010101011,1111286.8686868688,29,100,9738
F1417#F8109,1658.42,1032572.49,1034230.91,31,101,9738
F1143#F8109,1641.0891089108911,980178.594059406,981819.6831683168,26,102,9738
F2472#F8109,1633.862745098039,1105328.5,1106962.362745098,33,103,9738
F2721#F8109,2104.0,1025367.3009708738,1027471.3009708738,33,104,9738
F7660#F8109,1672.9326923076922,1010365.5288461538,1012038.4615384615,40,105,9738
F5807#F8109,1660.6666666666665,985172.0761904762,986832.7428571428,44,106,9738
F1181#F8109,1900.5,990711.9905660378,992612.4905660378,34,107,9738
F4828#F8109,1708.8224299065419,1080761.0467289719,1082469.8691588785,26,108,9738
F4793#F8109,1682.4351851851852,1018300.2037037037,1019982.6388888889,38,109,9738
F1558#F8109,1708.532110091743,940319.3577981651,942027.8899082568,29,110,9738
F9771#F8109,1713.4363636363635,1108666.0,1110379.4363636363,28,111,9738
F463#F8109,1775.8558558558557,994235.099099099,996010.9549549549,44,112,9738
F8942#F8109,1811.0267857142856,1016576.25,1018387.2767857143,34,113,9738
F3448#F8109,1785.6637168141592,967858.9911504425,969644.6548672566,47,114,9738
F2465#F8109,1819.8245614035088,969876.7105263158,971696.5350877193,29,115,9738
F3403#F8109,1818.678260869565,1083253.3913043477,1085072.0695652172,46,116,9738
F6049#F8109,1867.9655172413793,1096899.2068965517,1098767.172413793,37,117,9738
F7354#F8109,1849.6752136752136,978108.0512820513,979957.7264957265,53,118,9738
F1129#F8109,1928.2033898305085,1111083.0,1113011.2033898304,40,119,9738
F1177#F8109,1891.764705882353,996425.5462184873,998317.3109243697,34,120,9738
F2339#F8109,1878.5249999999999,1015188.9916666666,1017067.5166666666,41,121,9738
F1373#F8109,1945.9504132231405,966166.3966942149,968112.347107438,40,122,9738
F1618#F8109,1903.4754098360654,984056.4590163933,985959.9344262293,44,123,9738
F2329#F8109,1968.8780487804877,1046652.7479674796,1048621.6260162601,35,124,9738
F1089#F8109,1983.8709677419354,1104848.7903225806,1106832.6612903224,33,125,9738
F1749#F8109,2365.5,1106722.5,1109088.0,33,126,9738
F638#F8109,2624.5,1035569.0873015872,1038193.5873015872,41,127,9738
F1582#F8109,2001.6377952755906,986772.157480315,988773.7952755905,42,128,9738
F2212#F8109,2035.78125,1016399.0625,1018434.84375,43,129,9738
F529#F8109,2073.953488372093,973744.3410852713,975818.2945736435,31,130,9738
F3949#F8109,2015.3846153846152,969609.6,971624.9846153846,52,131,9738
F4626#F8109,2051.5419847328244,1048998.961832061,1051050.5038167937,62,132,9738
F2543#F8109,2123.969696969697,1154652.5984848484,1156776.5681818181,56,133,9738
F2348#F8109,2128.887218045113,1099560.5,1101689.387218045,40,134,9738
F3970#F8109,2203.3208955223877,1009212.6492537312,1011415.9701492536,50,135,9738
F2384#F8109,2161.896296296296,998709.4518518518,1000871.348148148,35,136,9738
F9796#F8109,2178.904411764706,992166.0882352941,994344.9926470588,52,137,9738
F4372#F8109,2217.065693430657,1003334.5401459855,1005551.6058394162,39,138,9738
F1191#F8109,2190.7608695652175,1000710.3550724637,1002901.1159420289,45,139,9738
F3323#F8109,2230.9352517985612,1022098.7050359711,1024329.6402877697,55,140,9738
F2005#F8109,2185.5,1153944.0,1156129.5,42,141,9738
F1626#F8109,2374.723404255319,1144445.0,1146819.7234042552,40,142,9738
F2459#F8109,2284.978873239437,1000382.6830985915,1002667.661971831,36,143,9738
F1599#F8109,2294.9370629370633,984118.153846154,986413.090909091,50,144,9738
F1182#F8109,2282.7430555555557,1019507.0833333333,1021789.8263888888,52,145,9738
F1231#F8109,2365.2,1027072.7448275862,1029437.9448275862,45,146,9738
F2274#F8109,2288.568493150685,1006636.8698630137,1008925.4383561644,49,147,9738
F5701#F8109,2321.687074829932,1000018.8843537415,1002340.5714285715,50,148,9738
F2908#F8109,2345.7432432432433,1193241.3310810812,1195587.0743243245,44,149,9738
F1673#F8109,3169.0,1229891.5,1233060.5,46,150,9738
F9342#F8109,2424.0533333333333,1020605.98,1023030.0333333333,48,151,9738
F512#F8109,2602.119205298013,1046217.0066225166,1048819.1258278145,43,152,9738
F5535#F8109,2594.9605263157896,1018336.7960526316,1020931.7565789474,46,153,9738
F5691#F8109,2445.8823529411766,1033641.9607843137,1036087.8431372549,43,154,9738
F3924#F8109,2464.9025974025976,1021602.987012987,1024067.8896103896,47,155,9738
F5831#F8109,2501.032258064516,1030080.0774193547,1032581.1096774192,52,156,9738
F1198#F8109,2536.153846153846,1248358.5,1250894.6538461538,51,157,9738
F9536#F8109,2491.770700636943,1020947.6942675159,1023439.4649681528,55,158,9738
F3336#F8109,2463.493670886076,983340.5316455696,985804.0253164556,35,159,9738
F1946#F8109,2487.5471698113206,958698.8679245283,961186.4150943396,52,160,9738
F1411#F8109,2735.99375,975531.2000000001,978267.1937500001,48,161,9738
F7497#F8109,2692.621118012422,1030562.4968944099,1033255.1180124223,53,162,9738
F5987#F8109,2609.0061728395062,1008351.2037037037,1010960.2098765433,51,163,9738
F1147#F8109,2590.79754601227,1072650.5521472392,1075241.3496932515,57,164,9738
F7704#F8109,3447.5,1210538.5,1213986.0,67,165,9738
F9280#F8109,2699.2606060606063,1014573.890909091,1017273.1515151516,51,166,9738
F1756#F8109,2612.644578313253,975350.4216867471,977963.0662650603,56,167,9738
F4411#F8109,2654.8023952095805,966737.3892215568,969392.1916167664,45,168,9738
F6029#F8109,2653.7023809523807,989315.9404761904,991969.6428571428,57,169,9738
F7824#F8109,2697.8698224852074,1015061.952662722,1017759.8224852072,69,170,9738
F63#F8109,2738.0117647058823,1002229.9941176471,1004968.0058823529,50,171,9738
F2733#F8109,2761.052631578947,1227401.0526315789,1230162.1052631577,66,172,9738
F2378#F8109,3511.0,1064203.5,1067714.5,52,173,9738
F428#F8109,2768.913294797688,1033608.2774566475,1036377.1907514451,54,174,9738
F6660#F8109,2695.402298850575,958927.5862068966,961622.9885057472,57,175,9738
F7439#F8109,3064.4114285714286,1005044.4800000001,1008108.8914285715,79,176,9738
F8715#F8109,3037.1590909090905,1001074.7897727272,1004111.9488636362,76,177,9738
F3714#F8109,3267.3559322033902,1029485.6271186441,1032752.9830508474,67,178,9738
F2833#F8109,2818.747191011236,1015896.3988764044,1018715.1460674156,52,179,9738
F5747#F8109,2912.1787709497207,1228676.0,1231588.1787709498,49,180,9738
F2914#F8109,3038.788888888889,1067359.5,1070398.288888889,59,181,9738
F4159#F8109,2969.314917127072,1065285.2154696134,1068254.5303867406,69,182,9738
F7590#F8109,2917.945054945055,966411.9395604396,969329.8846153846,55,183,9738
F2879#F8109,2975.1693989071036,976171.2786885246,979146.4480874317,59,184,9738
F1183#F8109,2895.652173913043,985155.1630434782,988050.8152173912,66,185,9738
F478#F8109,3121.7837837837837,1024321.1027027026,1027442.8864864864,56,186,9738
F2366#F8109,2939.7204301075267,991055.7634408602,993995.4838709678,45,187,9738
F8562#F8109,2975.8288770053477,1217039.0,1220014.8288770053,67,188,9738
F7117#F8109,3029.0265957446804,1085838.175531915,1088867.2021276597,55,189,9738
F1777#F8109,2995.767195767196,1092155.1851851852,1095150.9523809524,67,190,9738
F5766#F8109,3074.0947368421052,987687.1368421053,990761.2315789474,79,191,9738
F1346#F8109,3100.1465968586385,993781.947643979,996882.0942408376,56,192,9738
F2021#F8109,3074.9322916666665,977262.5364583333,980337.4687499999,65,193,9738
F3589#F8109,3100.9844559585495,985624.5388601037,988725.5233160623,60,194,9738
F7184#F8109,3159.201030927835,1034081.9845360825,1037241.1855670103,58,195,9738
F8748#F8109,4033.0,1194156.5,1198189.5,51,196,9738
F1899#F8109,3065.5612244897957,1069243.632653061,1072309.1938775508,61,197,9738
F5214#F8109,3070.5076142131975,1093645.4619289339,1096715.9695431471,58,198,9738
F5742#F8109,3154.853535353535,1025659.0656565656,1028813.9191919192,60,199,9738
F7202#F8109,3172.86432160804,991456.2814070351,994629.1457286432,47,200,9738
F8073#F8109,3170.7749999999996,992743.0199999999,995913.7949999999,48,201,9738
F3916#F8109,3288.2786069651743,1003040.5472636817,1006328.8258706469,53,202,9738
F3668#F8109,3725.3514851485147,1167305.2722772278,1171030.6237623764,64,203,9738
F1062#F8109,4107.5,1180551.0147783253,1184658.5147783253,70,204,9738
F2756#F8109,3213.676470588235,1035602.7205882353,1038816.3970588235,54,205,9738
F8641#F8109,3247.765853658537,1098469.3756097562,1101717.1414634148,64,206,9738
F2444#F8109,3203.4757281553398,1024090.2961165048,1027293.7718446602,65,207,9738
F4597#F8109,3245.6038647343,961813.1014492754,965058.7053140097,57,208,9738
F6679#F8109,3289.7403846153848,961464.3076923076,964754.048076923,72,209,9738
F4759#F8109,3321.8181818181815,983365.6937799043,986687.5119617225,51,210,9738
F484#F8109,3203.1809523809525,1164938.0,1168141.1809523809,78,211,9738
F8675#F8109,3419.127962085308,1034517.8009478672,1037936.9289099525,65,212,9738
F9248#F8109,3500.433962264151,1004790.3254716982,1008290.7594339623,77,213,9738
F1253#F8109,3422.9953051643197,1104262.103286385,1107685.0985915493,59,214,9738
F2695#F8109,3410.8644859813085,1062155.2570093458,1065566.1214953272,59,215,9738
F7698#F8109,3809.5,983268.1674418605,987077.6674418605,70,216,9738
F8912#F8109,3340.3935185185182,972818.0324074073,976158.4259259258,64,217,9738
F3931#F8109,3450.8294930875577,1020839.7511520738,1024290.5806451614,50,218,9738
F1314#F8109,4437.5,1128916.5,1133354.0,63,219,9738
F9918#F8109,3566.2100456621,1011036.6210045662,1014602.8310502283,76,220,9738
F325#F8109,3525.954545454546,998874.7954545455,1002400.7500000001,56,221,9738
F6375#F8109,3412.371040723982,1064113.303167421,1067525.674208145,61,222,9738
F6123#F8109,3593.1126126126123,1043545.5765765766,1047138.6891891892,56,223,9738
F1446#F8109,3518.708520179372,995407.7847533632,998926.4932735426,73,224,9738
F6904#F8109,3545.758928571429,997083.4821428573,1000629.2410714288,55,225,9738
F1990#F8109,3678.2755555555555,1142119.0,1145797.2755555555,67,226,9738
F4757#F8109,3826.8584070796455,1040929.5929203539,1044756.4513274335,75,227,9738
F4730#F8109,3767.52422907489,1018151.577092511,1021919.101321586,64,228,9738
F204#F8109,3894.0043859649118,999130.0131578946,1003024.0175438595,61,229,9738
F6054#F8109,3624.7598253275105,1074370.174672489,1077994.9344978165,64,230,9738
F1684#F8109,3528.2739130434784,1027382.5434782609,1030910.8173913043,71,231,9738
F7419#F8109,3586.458874458874,957682.9437229437,961269.4025974026,73,232,9738
F1735#F8109,3566.306034482759,939888.8577586208,943455.1637931035,76,233,9738
F1614#F8109,3588.334763948498,1213467.7596566526,1217056.0944206011,77,234,9738
F5066#F8109,3692.7136752136753,1015817.6282051282,1019510.3418803419,64,235,9738
F6752#F8109,3718.7574468085104,1035679.4723404255,1039398.229787234,65,236,9738
F1549#F8109,3776.936440677966,971050.2584745763,974827.1949152543,71,237,9738
F5727#F8109,3648.3291139240505,1054452.4725738396,1058100.8016877635,68,238,9738
F8592#F8109,3707.5126050420167,1094926.281512605,1098633.794117647,73,239,9738
F2714#F8109,3854.0585774058577,1000669.4560669456,1004523.5146443514,107,240,9738
F4#F8109,4442.433333333333,1082315.9375,1086758.3708333333,77,241,9738
F5321#F8109,4859.0,1140915.5269709544,1145774.5269709544,99,242,9738
F9357#F8109,3882.9793388429757,996686.590909091,1000569.5702479341,68,243,9738
F2489#F8109,3801.5802469135806,1025659.522633745,1029461.1028806586,79,244,9738
F7155#F8109,3894.897540983606,987211.4344262294,991106.3319672131,66,245,9738
F4227#F8109,3821.534693877551,1059148.4816326532,1062970.0163265306,75,246,9738
F9516#F8109,4127.711382113822,1093351.524390244,1097479.2357723578,75,247,9738
F2318#F8109,3928.8421052631575,975141.0202429149,979069.862348178,71,248,9738
F3564#F8109,3802.270161290323,1123549.0,1127351.2701612904,90,249,9738
F1615#F8109,4849.5,996452.81124498,1001302.31124498,94,250,9738
F497#F8109,3985.88,996521.204,1000507.084,79,251,9738
F1862#F8109,4033.003984063745,1045029.9442231075,1049062.9482071712,76,252,9738
F2409#F8109,3868.2896825396824,994097.2380952381,997965.5277777778,68,253,9738
F9332#F8109,4669.5,1054158.2292490117,1058827.7292490117,75,254,9738
F2891#F8109,3992.6574803149606,1091069.7047244094,1095062.3622047245,95,255,9738
F2585#F8109,4159.247058823529,964304.8156862746,968464.062745098,70,256,9738
F4563#F8109,4015.625,1147883.0,1151898.625,60,257,9738
F8199#F8109,4550.6381322957195,994021.7976653696,998572.4357976653,87,258,9738
F9519#F8109,4042.608527131783,999677.7596899224,1003720.3682170542,59,259,9738
F2420#F8109,4108.803088803089,1027527.027027027,1031635.8301158301,76,260,9738
F5071#F8109,4008.357692307692,1003696.5807692307,1007704.9384615384,65,261,9738
F1927#F8109,4044.4367816091954,1008181.0191570881,1012225.4559386973,68,262,9738
F3066#F8109,4062.446564885496,1073242.7709923664,1077305.217557252,73,263,9738
F1009#F8109,4185.855513307984,1023288.0912547528,1027473.9467680608,55,264,9738
F4312#F8109,5801.0,1096859.0,1102660.0,60,265,9738
F6569#F8109,4159.637735849056,958063.7433962264,962223.3811320754,77,266,9738
F3858#F8109,4220.808270676692,979629.0225563908,983849.8308270675,72,267,9738
F3707#F8109,4203.685393258427,1017901.138576779,1022104.8239700375,114,268,9738
F2011#F8109,4157.455223880597,1013685.3470149254,1017842.802238806,85,269,9738
F2015#F8109,5380.5,1012157.7323420073,1017538.2323420073,79,270,9738
F4549#F8109,4244.662962962963,1073458.1,1077702.762962963,110,271,9738
F620#F8109,4496.531365313653,1116521.5,1121018.0313653136,70,272,9738
F4552#F8109,5545.5,1045454.5036764706,1051000.0036764706,79,273,9738
F5556#F8109,4343.85347985348,990895.4065934066,995239.26007326,69,274,9738
F8817#F8109,4357.846715328467,1023015.0547445255,1027372.901459854,69,275,9738
F9123#F8109,4256.421818181819,1022089.2218181818,1026345.6436363637,102,276,9738
F1400#F8109,4403.898550724638,1029687.2826086957,1034091.1811594203,89,277,9738
F4750#F8109,4436.960288808665,1008495.6823104693,1012932.642599278,85,278,9738
F5920#F8109,4459.985611510791,1090381.1762589929,1094841.1618705036,102,279,9738
F2949#F8109,4639.569892473118,1156398.5,1161038.069892473,67,280,9738
F2901#F8109,4468.903571428571,1003759.0964285714,1008228.0,60,281,9738
F4194#F8109,4426.697508896797,983457.43772242,987884.1352313168,70,282,9738
F5165#F8109,4394.528368794326,992690.7411347517,997085.2695035461,75,283,9738
F4672#F8109,4390.459363957597,1024006.6572438163,1028397.1166077739,91,284,9738
F6727#F8109,4427.535211267606,1045456.2676056339,1049883.8028169016,90,285,9738
F8952#F8109,4520.80701754386,1020878.5052631579,1025399.3122807017,81,286,9738
F1116#F8109,4480.611888111888,1173093.4335664336,1177574.0454545454,76,287,9738
F5590#F8109,5957.0,1140121.0,1146078.0,77,288,9738
F1671#F8109,4590.885416666667,987938.4722222224,992529.357638889,81,289,9738
F2004#F8109,4539.653979238755,981167.3356401385,985706.9896193772,86,290,9738
F6293#F8109,4480.396551724138,980283.672413793,984764.0689655172,94,291,9738
F4313#F8109,4483.353951890034,1037269.29209622,1041752.64604811,100,292,9738
F5837#F8109,4511.397260273972,1029583.9383561643,1034095.3356164382,88,293,9738
F9317#F8109,4538.436860068259,1006543.6177474404,1011082.0546075086,80,294,9738
F2357#F8109,4608.622448979591,1205153.5,1209762.1224489796,91,295,9738
F2829#F8109,4996.881355932203,1045831.213559322,1050828.094915254,70,296,9738
F3588#F8109,4503.162162162162,989139.4358108108,993642.5979729729,67,297,9738
F9644#F8109,4864.323232323233,1000621.7912457914,1005486.1144781146,100,298,9738
F9989#F8109,4597.375838926175,1002002.177852349,1006599.5536912752,103,299,9738
F5083#F8109,4724.749163879598,1014076.254180602,1018801.0033444816,85,300,9738
F3749#F8109,4665.5,1019973.6166666667,1024639.1166666667,82,301,9738
F3655#F8109,4766.784053156146,1066973.0232558139,1071739.80730897,88,302,9738
F2070#F8109,6338.0,1146819.5,1153157.5,89,303,9738
F1894#F8109,4831.894389438943,1047782.6534653464,1052614.5478547853,94,304,9738
F4894#F8109,5122.796052631579,971992.8618421054,977115.657894737,93,305,9738
F7341#F8109,4781.626229508197,982747.5934426229,987529.2196721311,79,306,9738
F1797#F8109,5238.062091503268,971927.8888888889,977165.9509803922,94,307,9738
F4826#F8109,4769.485342019544,1023939.4788273616,1028708.9641693812,93,308,9738
F4418#F8109,4975.100649350649,1032808.4220779222,1037783.5227272728,78,309,9738
F78#F8109,4879.741100323625,1166029.0,1170908.7411003236,87,310,9738
F6496#F8109,5109.429032258065,1119354.2096774194,1124463.6387096774,88,311,9738
F2114#F8109,4933.813504823151,1048850.70096463,1053784.5144694534,81,312,9738
F1404#F8109,5070.198717948718,985109.3141025641,990179.5128205129,101,313,9738
F6523#F8109,4896.594249201277,981223.9169329073,986120.5111821085,101,314,9738
F2655#F8109,4989.840764331211,983812.2133757963,988802.0541401275,110,315,9738
F2998#F8109,4992.8,1016733.5111111111,1021726.3111111112,85,316,9738
F3513#F8109,4966.6677215189875,1054976.0,1059942.667721519,85,317,9738
F5403#F8109,5434.08832807571,1202311.0,1207745.0883280756,80,318,9738
F5595#F8109,5122.056603773585,1097790.3490566039,1102912.4056603773,92,319,9738
F373#F8109,5480.1253918495295,1072925.893416928,1078406.0188087774,99,320,9738
F1337#F8109,6167.212500000001,992565.103125,998732.315625,76,321,9738
F678#F8109,5081.781931464174,996505.7383177569,1001587.5202492211,114,322,9738
F3254#F8109,5200.099378881987,995556.2173913043,1000756.3167701863,80,323,9738
F7297#F8109,5104.755417956657,1011561.1021671827,1016665.8575851393,94,324,9738
F1957#F8109,5114.7376543209875,1054401.311728395,1059516.049382716,85,325,9738
F5846#F8109,5054.504615384615,1210702.5,1215757.0046153846,76,326,9738
F6086#F8109,5221.9693251533745,1048892.6226993864,1054114.5920245398,100,327,9738
F5311#F8109,5375.388379204893,1092856.880733945,1098232.2691131497,104,328,9738
F9793#F8109,5276.036585365853,1014558.7652439023,1019834.8018292682,100,329,9738
F5688#F8109,5687.234042553192,984264.6200607903,989951.8541033436,90,330,9738
F2149#F8109,5098.4030303030295,1014073.6666666666,1019172.0696969697,108,331,9738
F3442#F8109,5414.308157099698,999909.7764350454,1005324.084592145,126,332,9738
F2211#F8109,5469.424698795181,1081035.3524096387,1086504.777108434,103,333,9738
F1391#F8109,7000.0,1265718.5765765766,1272718.5765765766,98,334,9738
F6497#F8109,5389.086826347305,1023208.3532934132,1028597.4401197605,86,335,9738
F540#F8109,5379.008955223881,1117418.6507462685,1122797.6597014924,98,336,9738
F2535#F8109,5503.330357142857,1059493.8988095238,1064997.2291666667,99,337,9738
F5750#F8109,5651.721068249258,985356.2551928783,991007.9762611275,108,338,9738
F262#F8109,5214.381656804733,984356.7071005916,989571.0887573963,89,339,9738
F8567#F8109,5486.1356932153385,1005084.1297935103,1010570.2654867256,90,340,9738
F6819#F8109,5286.502941176471,1208567.1852941175,1213853.688235294,77,341,9738
F1513#F8109,6968.5,1127042.4457478006,1134010.9457478006,69,342,9738
F8003#F8109,5454.90350877193,1015925.8830409357,1021380.7865497076,82,343,9738
F2874#F8109,5531.078717201167,1080759.7434402334,1086290.8221574347,107,344,9738
F6517#F8109,5438.764534883721,1064262.8197674418,1069701.5843023255,88,345,9738
F2745#F8109,5462.788405797101,986656.6086956522,992119.3971014493,104,346,9738
F8156#F8109,5441.682080924855,979933.014450867,985374.6965317918,86,347,9738
F1963#F8109,5510.8357348703175,1000735.6772334294,1006246.5129682997,95,348,9738
F517#F8109,5646.17816091954,1157956.0,1163602.1781609196,68,349,9738
F4199#F8109,5418.481375358167,1059614.46991404,1065032.9512893981,110,350,9738
F2219#F8109,5775.454285714286,1017170.9228571429,1022946.3771428572,108,351,9738
F365#F8109,5442.461538461539,1080699.1680911682,1086141.6296296297,118,352,9738
F4512#F8109,5866.619318181819,1084141.2215909092,1090007.840909091,86,353,9738
F8530#F8109,5995.937677053824,986447.5750708214,992443.5127478753,91,354,9738
F9813#F8109,5621.83615819209,976675.1977401129,982297.033898305,83,355,9738
F7500#F8109,5480.394366197183,975303.6169014084,980784.0112676056,88,356,9738
F6338#F8109,5499.404494382023,1108746.0,1114245.404494382,73,357,9738
F4924#F8109,5560.532212885154,1014349.3781512605,1019909.9103641456,85,358,9738
F8430#F8109,5552.466480446928,975000.8798882682,980553.3463687152,104,359,9738
F2007#F8109,5529.359331476323,1015715.4317548746,1021244.7910863509,115,360,9738
F2355#F8109,5615.555555555556,1056887.6666666667,1062503.2222222222,115,361,9738
F3840#F8109,6161.019390581718,965141.135734072,971302.1551246537,86,362,9738
F9335#F8109,5798.9751381215465,952934.1629834253,958733.1381215468,81,363,9738
F6170#F8109,5728.7382920110185,1007362.4793388429,1013091.2176308539,108,364,9738
F6701#F8109,7492.0,1078189.5,1085681.5,107,365,9738
F6641#F8109,5685.534246575343,976539.1397260275,982224.6739726028,93,366,9738
F5813#F8109,6035.445355191257,970078.2650273223,976113.7103825136,102,367,9738
F3324#F8109,5813.798365122615,1006348.6430517711,1012162.4414168937,119,368,9738
F4465#F8109,6186.766304347827,1087498.1494565217,1093684.9157608696,111,369,9738
F2387#F8109,5840.785907859078,1003813.0081300812,1009653.7940379403,117,370,9738
F1846#F8109,5746.489189189189,956942.3594594594,962688.8486486486,113,371,9738
F3382#F8109,5755.471698113207,1158601.5202156333,1164356.9919137466,88,372,9738
F622#F8109,7625.5,1116371.9543010753,1123997.4543010753,108,373,9738
F1980#F8109,5949.908847184986,997649.5120643432,1003599.4209115282,126,374,9738
F2966#F8109,5997.994652406417,1007726.270053476,1013724.2647058824,87,375,9738
F7272#F8109,5974.890666666666,1012874.8159999999,1018849.7066666665,109,376,9738
F6329#F8109,5994.901595744681,1065708.8138297873,1071703.715425532,98,377,9738
F5376#F8109,6190.376657824933,1045793.649867374,1051984.026525199,94,378,9738
F8205#F8109,6020.886243386243,971595.5767195766,977616.4629629628,106,379,9738
F3126#F8109,5990.765171503957,1103574.5,1109565.2651715039,111,380,9738
F6429#F8109,6174.2052631578945,1011255.2131578947,1017429.4184210525,97,381,9738
F2337#F8109,6080.918635170604,997695.7690288714,1003776.687664042,101,382,9738
F430#F8109,6017.712041884817,1010143.4502617802,1016161.162303665,86,383,9738
F8044#F8109,6133.9738903394245,1012311.2271540469,1018445.2010443863,93,384,9738
F9219#F8109,6136.940104166667,1061433.9713541667,1067570.9114583335,86,385,9738
F1362#F8109,6088.774025974025,1062011.3246753246,1068100.0987012987,104,386,9738
F2117#F8109,6094.748704663212,1063229.3626943005,1069324.1113989637,96,387,9738
F8519#F8109,8051.5,1156542.7803617571,1164594.2803617571,134,388,9738
F5821#F8109,6241.04381443299,1011290.719072165,1017531.762886598,97,389,9738
F628#F8109,6165.809768637531,995442.4164524421,1001608.2262210796,93,390,9738
F4254#F8109,6150.7307692307695,1016031.5461538462,1022182.276923077,107,391,9738
F680#F8109,6073.493606138107,1029414.0562659845,1035487.5498721227,98,392,9738
F6383#F8109,6243.887755102041,1055733.3443877553,1061977.2321428573,85,393,9738
F647#F8109,6222.79389312977,1059974.290076336,1066197.0839694657,71,394,9738
F3627#F8109,6250.824873096447,1140065.0,1146315.8248730965,103,395,9738
F6599#F8109,6630.744303797468,997096.9215189874,1003727.6658227849,100,396,9738
F764#F8109,6093.348484848485,1014479.3636363638,1020572.7121212123,130,397,9738
F5428#F8109,6237.672544080605,1002636.186397985,1008873.8589420656,107,398,9738
F1924#F8109,6423.097989949749,1013825.9170854271,1020249.0150753768,104,399,9738
F9745#F8109,6304.761904761905,1011208.0200501253,1017512.7819548872,120,400,9738
F6422#F8109,6340.8125,1065389.8325,1071730.645,75,401,9738
F1526#F8109,6574.354114713216,1064344.5,1070918.8541147131,103,402,9738
F3153#F8109,8306.0,1166227.865671642,1174533.865671642,112,403,9738
F6240#F8109,6338.689826302729,956821.369727047,963160.0595533497,109,404,9738
F7611#F8109,6702.549504950495,1015380.1113861386,1022082.6608910891,131,405,9738
F1859#F8109,6521.061728395061,962822.4839506173,969343.5456790123,81,406,9738
F4984#F8109,6250.357142857143,1014362.2906403941,1020612.6477832512,97,407,9738
F1539#F8109,7243.7542997543005,989971.4004914006,997215.1547911549,106,408,9738
F1744#F8109,6215.196078431372,1038942.2009803922,1045157.3970588235,95,409,9738
F3471#F8109,6443.716381418093,1125970.0,1132413.716381418,97,410,9738
F3435#F8109,6515.8536585365855,992587.0536585366,999102.9073170732,103,411,9738
F4542#F8109,6502.783454987835,988101.3041362532,994604.087591241,111,412,9738
F7262#F8109,6623.036407766991,1028204.5995145632,1034827.6359223302,129,413,9738
F7779#F8109,6591.922518159807,1009991.593220339,1016583.5157384989,125,414,9738
F462#F8109,6719.190821256038,1036034.4685990338,1042753.6594202898,129,415,9738
F7749#F8109,6641.966265060241,1031446.438554217,1038088.4048192772,102,416,9738
F7009#F8109,6856.4423076923085,1104697.153846154,1111553.5961538462,77,417,9738
F2424#F8109,6672.964028776978,1156864.5,1163537.464028777,114,418,9738
F498#F8109,6889.442583732058,978174.5454545455,985063.9880382776,110,419,9738
F6689#F8109,6751.07398568019,1000467.0644391407,1007218.138424821,166,420,9738
F3405#F8109,6665.833333333333,1032038.3976190477,1038704.230952381,97,421,9738
F2956#F8109,6781.068883610451,1008994.9833729216,1015776.052256532,99,422,9738
F2959#F8109,6722.89336492891,1019351.8151658769,1026074.7085308058,126,423,9738
F2406#F8109,6852.160756501181,1047542.6193853427,1054394.780141844,122,424,9738
F7157#F8109,6788.974056603773,1176343.5,1183132.4740566039,110,425,9738
F390#F8109,7440.465882352942,1063201.7788235296,1070642.2447058826,131,426,9738
F2630#F8109,6746.800469483567,991922.0023474178,998668.8028169014,79,427,9738
F1801#F8109,6538.276346604215,995353.5925058548,1001891.868852459,96,428,9738
F5708#F8109,7433.327102803738,1025659.8154205607,1033093.1425233644,110,429,9738
F7166#F8109,6754.7086247086245,1008482.3076923077,1015237.0163170163,117,430,9738
F1508#F8109,6778.727906976745,1030342.5860465117,1037121.3139534884,138,431,9738
F6970#F8109,6857.874709976798,1025583.0348027842,1032440.909512761,129,432,9738
F8881#F8109,6827.768518518519,1167222.5,1174050.2685185184,144,433,9738
F3612#F8109,7035.210161662818,1042597.2979214782,1049632.508083141,100,434,9738
F8651#F8109,6830.702764976958,962321.2327188939,969151.9354838709,110,435,9738
F5047#F8109,6561.048275862068,953752.5057471264,960313.5540229885,123,436,9738
F8750#F8109,6782.520642201835,978301.6766055045,985084.1972477064,94,437,9738
F3093#F8109,6698.292906178491,964466.9794050344,971165.272311213,110,438,9738
F7848#F8109,6769.420091324201,988524.7648401827,995294.184931507,92,439,9738
F3560#F8109,6803.462414578588,1066986.970387244,1073790.4328018224,120,440,9738
F2544#F8109,8971.5,1120539.0,1129510.5,148,441,9738
F3096#F8109,6789.360544217687,1010867.029478458,1017656.3900226756,114,442,9738
F7397#F8109,7011.828054298642,952457.0158371041,959468.8438914027,149,443,9738
F5113#F8109,6808.334085778781,938505.7516930022,945314.085778781,115,444,9738
F6385#F8109,6846.385135135136,974982.972972973,981829.3581081082,121,445,9738
F4382#F8109,6781.204494382023,976016.37752809,982797.582022472,129,446,9738
F2400#F8109,6910.459641255605,978968.0852017936,985878.5448430491,101,447,9738
F440#F8109,7426.577181208054,1127743.0,1135169.577181208,99,448,9738
F5056#F8109,7205.046874999999,1044991.3749999999,1052196.4218749998,108,449,9738
F6960#F8109,7017.594654788419,1014788.0846325166,1021805.679287305,77,450,9738
F6942#F8109,6953.417777777777,953071.2399999999,960024.6577777776,102,451,9738
F3616#F8109,7361.286031042128,938786.9623059867,946148.2483370288,153,452,9738
F8927#F8109,6798.006637168142,980894.3296460178,987692.3362831859,99,453,9738
F5150#F8109,6905.209713024283,976584.0662251656,983489.2759381899,137,454,9738
F2513#F8109,6972.323788546255,1005426.7290748898,1012399.052863436,125,455,9738
F5000#F8109,7217.828571428571,1148421.5,1155639.3285714285,131,456,9738
F5086#F8109,7394.179824561404,1048076.3837719299,1055470.5635964912,103,457,9738
F260#F8109,7226.778993435449,1039652.9846827133,1046879.7636761487,156,458,9738
F1890#F8109,7346.004366812227,977420.4563318777,984766.4606986899,119,459,9738
F8198#F8109,7573.464052287581,969052.6361655772,976626.1002178648,120,460,9738
F3212#F8109,7220.663043478262,999596.3217391305,1006816.9847826088,126,461,9738
F3653#F8109,7222.633405639913,1016348.8893709327,1023571.5227765726,125,462,9738
F1536#F8109,7218.59090909091,1151990.0995670997,1159208.6904761905,114,463,9738
F3728#F8109,7255.0,1131691.9913606911,1138946.9913606911,107,464,9738
F2169#F8109,7270.63577586207,1017505.1831896552,1024775.8189655172,167,465,9738
F4059#F8109,7286.636559139785,1050007.2344086021,1057293.8709677418,157,466,9738
F1585#F8109,7215.450643776823,976784.6158798282,984000.066523605,112,467,9738
F5217#F8109,7135.246252676659,959368.9336188437,966504.1798715204,116,468,9738
F5358#F8109,7182.3141025641025,985823.9700854701,993006.2841880342,142,469,9738
F9390#F8109,7298.528784648187,977733.2835820895,985031.8123667376,119,470,9738
F1013#F8109,7235.36170212766,1138132.0,1145367.3617021276,194,471,9738
F8426#F8109,8024.0,1029495.1337579618,1037519.1337579618,102,472,9738
F6009#F8109,7524.908898305085,1012176.9088983051,1019701.8177966102,117,473,9738
F439#F8109,7352.511627906977,1047426.7610993658,1054779.2727272727,123,474,9738
F6861#F8109,7338.449367088609,978057.0675105486,985395.5168776372,92,475,9738
F2821#F8109,7201.128421052632,953238.6021052633,960439.7305263159,119,476,9738
F5717#F8109,7424.56512605042,984131.1680672269,991555.7331932773,122,477,9738
F6430#F8109,7377.43396226415,987545.9958071278,994923.4297693919,127,478,9738
F3088#F8109,8043.792887029289,1132322.0,1140365.7928870292,132,479,9738
F8493#F8109,7730.104384133611,1015818.2881002087,1023548.3924843423,104,480,9738
F730#F8109,7434.456250000001,1015621.4791666667,1023055.9354166668,148,481,9738
F1698#F8109,7499.559251559251,1071647.3347193347,1079146.893970894,161,482,9738
F7384#F8109,7793.134854771784,1009023.0746887967,1016816.2095435684,120,483,9738
F3233#F8109,7515.527950310559,969657.4244306418,977172.9523809524,124,484,9738
F1037#F8109,7659.793388429752,1002868.770661157,1010528.5640495868,115,485,9738
F5896#F8109,7874.20206185567,1149807.8597938144,1157682.06185567,129,486,9738
F967#F8109,10099.0,1118283.269547325,1128382.269547325,103,487,9738
F8611#F8109,7804.993839835729,1012320.4271047228,1020125.4209445586,141,488,9738
F1889#F8109,7793.938524590164,1011744.006147541,1019537.9446721311,114,489,9738
F2736#F8109,7552.413087934561,1042286.1145194274,1049838.527607362,163,490,9738
F2605#F8109,7727.7387755102045,1019161.6857142857,1026889.4244897959,91,491,9738
F9901#F8109,7782.818737270875,996586.5824847249,1004369.4012219958,114,492,9738
F2955#F8109,7629.475609756097,972808.2418699187,980437.7174796747,65,493,9738
F4688#F8109,9158.539553752536,1136498.0,1145656.5395537526,90,494,9738
F2662#F8109,8009.180161943321,1020223.056680162,1028232.2368421053,131,495,9738
F2924#F8109,7667.458585858586,1019024.4848484849,1026691.9434343434,153,496,9738
F4656#F8109,7861.818548387097,1032301.064516129,1040162.8830645161,149,497,9738
F5690#F8109,8022.108651911468,1062347.227364185,1070369.3360160964,116,498,9738
F2887#F8109,8416.867469879518,1035902.9578313254,1044319.8253012049,119,499,9738
F3497#F8109,7889.779559118236,977239.4789579157,985129.2585170339,105,500,9738
F5545#F8109,7917.804,994772.574,1002690.378,141,501,9738
F626#F8109,7913.764471057884,1174426.5,1182340.2644710578,128,502,9738
F3892#F8109,7999.904382470119,1010766.4760956175,1018766.3804780876,114,503,9738
F1710#F8109,8131.133200795228,1036342.2345924452,1044473.3677932405,146,504,9738
F4218#F8109,7988.819444444444,1031459.494047619,1039448.3134920635,165,505,9738
F3994#F8109,8139.085148514851,1079411.2237623762,1087550.3089108912,101,506,9738
F5170#F8109,8151.077075098814,1044929.0039525692,1053080.081027668,127,507,9738
F4744#F8109,8395.526627218935,962297.2859960552,970692.8126232742,159,508,9738
F7872#F8109,7954.627952755905,1111054.8188976378,1119009.4468503937,140,509,9738
F328#F8109,11694.0,1176154.1846758348,1187848.1846758348,136,510,9738
F4156#F8109,8272.188235294117,1027359.4882352941,1035631.6764705882,155,511,9738
F2371#F8109,8522.6457925636,1033318.1996086105,1041840.845401174,135,512,9738
F2105#F8109,8342.26171875,1041841.880859375,1050184.142578125,131,513,9738
F5197#F8109,8959.430799220274,1079008.2378167643,1087967.6686159845,121,514,9738
F1252#F8109,8267.05252918288,1073511.4883268483,1081778.5408560312,142,515,9738
F982#F8109,8670.803883495146,1039901.3126213594,1048572.1165048545,122,516,9738
F8269#F8109,8538.51550387597,1144542.5,1153081.015503876,129,517,9738
F2441#F8109,8396.208897485492,1040298.2978723403,1048694.5067698257,106,518,9738
F5716#F8109,8356.100386100386,1027526.8204633206,1035882.920849421,127,519,9738
F4399#F8109,8335.028901734104,1024889.9421965318,1033224.971098266,127,520,9738
F5770#F8109,8204.748076923077,1022912.3634615385,1031117.1115384615,113,521,9738
F7256#F8109,8512.307101727447,1064553.3742802304,1073065.6813819578,187,522,9738
F5637#F8109,8348.963601532567,1055852.8390804597,1064201.8026819923,111,523,9738
F2471#F8109,8212.673040152964,994801.4760994264,1003014.1491395794,145,524,9738
F5200#F8109,8313.835877862597,1135931.5,1144245.3358778625,139,525,9738
F8798#F8109,8518.194285714286,1010039.2266666666,1018557.4209523809,173,526,9738
F3012#F8109,8363.870722433461,1000901.2433460077,1009265.1140684411,145,527,9738
F2979#F8109,8558.208728652751,1027664.3339658445,1036222.5426944973,141,528,9738
F9640#F8109,8377.837121212122,1007945.3787878788,1016323.2159090909,101,529,9738
F6455#F8109,8471.984877126653,1061240.3402646503,1069712.325141777,116,530,9738
F9706#F8109,8541.084905660378,1051662.5320754717,1060203.6169811322,146,531,9738
F7324#F8109,8436.858757062148,1063918.847457627,1072355.7062146892,131,532,9738
F8219#F8109,10729.5,1158291.1541353383,1169020.6541353383,151,533,9738
F5367#F8109,8592.090056285178,963296.9268292683,971889.0168855535,122,534,9738
F1608#F8109,8345.59925093633,967816.0018726591,976161.6011235954,143,535,9738
F2016#F8109,8092.097196261682,965102.5644859814,973194.661682243,110,536,9738
F5841#F8109,8287.432835820895,985335.8899253731,993623.3227611941,131,537,9738
F6887#F8109,8223.284916201117,994840.1452513966,1003063.4301675977,130,538,9738
F8287#F8109,8442.663568773234,1036495.9981412638,1044938.661710037,169,539,9738
F2418#F8109,8339.443413729128,1116127.5,1124466.943413729,125,540,9738
F8304#F8109,8894.44074074074,1005171.9888888889,1014066.4296296296,136,541,9738
F7078#F8109,8934.484288354899,986071.3197781886,995005.8040665435,128,542,9738
F8897#F8109,8676.979704797048,989229.7859778599,997906.7656826569,141,543,9738
F2215#F8109,8469.569060773481,996960.6482504605,1005430.217311234,154,544,9738
F3717#F8109,8805.156250000002,1001115.9099264707,1009921.0661764707,91,545,9738
F2933#F8109,8420.422018348623,994114.7229357797,1002535.1449541283,159,546,9738
F1309#F8109,8484.510989010989,1022478.2472527473,1030962.7582417583,138,547,9738
F5900#F8109,8714.90310786106,1090526.0,1099240.903107861,100,548,9738
F1246#F8109,9049.483576642337,984318.9306569344,993368.4142335767,160,549,9738
F3165#F8109,8935.245901639344,948579.6903460837,957514.9362477231,98,550,9738
F4048#F8109,8927.201818181817,988642.269090909,997569.4709090908,101,551,9738
F5307#F8109,8513.422867513611,971325.6479128855,979839.0707803991,115,552,9738
F3575#F8109,8764.849637681158,1007345.6014492753,1016110.4510869564,139,553,9738
F3741#F8109,9013.269439421338,1017877.3236889692,1026890.5931283906,119,554,9738
F757#F8109,8795.848375451264,1080658.131768953,1089453.9801444043,139,555,9738
F1517#F8109,11679.5,1090740.5,1102420.0,136,556,9738
F7097#F8109,8710.638489208633,961410.0503597122,970120.6888489209,149,557,9738
F9756#F8109,8752.685816876123,954579.7163375224,963332.4021543985,133,558,9738
F6315#F8109,8576.342293906811,989319.8028673836,997896.1451612904,128,559,9738
F2240#F8109,8668.479427549195,958390.411449016,967058.8908765651,131,560,9738
F567#F8109,8601.332142857143,983437.0071428572,992038.3392857143,161,561,9738
F3193#F8109,8597.297682709446,990608.6488413546,999205.946524064,172,562,9738
F9196#F8109,8598.272241992883,1117819.5,1126417.7722419929,158,563,9738
F7773#F8109,9156.234458259325,1006972.4120781528,1016128.6465364121,160,564,9738
F7310#F8109,8893.741134751774,948442.659574468,957336.4007092199,126,565,9738
F8954#F8109,8862.658407079645,942783.6955752212,951646.3539823008,135,566,9738
F8487#F8109,8581.134275618375,977295.6254416961,985876.7597173145,124,567,9738
F375#F8109,8625.185185185184,965413.6719576719,974038.857142857,154,568,9738
F7105#F8109,8595.105633802817,988654.5299295775,997249.6355633803,161,569,9738
F6824#F8109,8752.355008787346,1027771.107205624,1036523.4622144114,169,570,9738
F7910#F8109,11582.0,1110866.0,1122448.0,153,571,9738
F1993#F8109,8916.588441331,972878.837127846,981795.425569177,135,572,9738
F6043#F8109,8774.312937062936,966875.3916083915,975649.7045454545,158,573,9738
F1375#F8109,8857.431064572425,944696.8132635253,953554.2443280977,161,574,9738
F1733#F8109,8878.440766550524,971790.0696864113,980668.5104529618,116,575,9738
F5502#F8109,8880.417391304349,967623.9026086957,976504.3200000001,126,576,9738
F6761#F8109,8894.414930555557,976931.1215277779,985825.5364583334,121,577,9738
F1620#F8109,9076.703639514732,1112746.0,1121822.7036395147,188,578,9738
F9828#F8109,9449.320069204152,1020979.3494809688,1030428.669550173,159,579,9738
F5134#F8109,8958.445595854922,977622.5561312608,986581.0017271157,131,580,9738
F3613#F8109,8867.262068965516,955040.7879310345,963908.0499999999,151,581,9738
F1945#F8109,9106.647160068847,942632.6437177281,951739.290877797,113,582,9738
F5018#F8109,8958.365979381444,971539.4484536082,980497.8144329897,139,583,9738
F8828#F8109,8904.246998284734,963477.7907375642,972382.0377358489,130,584,9738
F7083#F8109,9097.551369863013,977524.9828767122,986622.5342465752,145,585,9738
F9574#F8109,9046.437606837606,1142482.0,1151528.4376068376,160,586,9738
F8317#F8109,9160.605802047781,1022887.5682593855,1032048.1740614333,147,587,9738
F7101#F8109,9221.683134582623,981703.5638841566,990925.2470187392,166,588,9738
F3943#F8109,9049.363945578232,961632.6530612245,970682.0170068027,167,589,9738
F7594#F8109,8953.174872665533,948401.4601018674,957354.634974533,141,590,9738
F2035#F8109,9025.27118644068,991863.279661017,1000888.5508474577,119,591,9738
F3937#F8109,9160.47377326565,980548.3316412859,989708.8054145515,121,592,9738
F694#F8109,11260.989864864865,1021013.7770270271,1032274.766891892,145,593,9738
F776#F8109,9534.050590219224,1151456.0,1160990.0505902192,179,594,9738
F1981#F8109,9578.097643097644,1027656.1531986533,1037234.2508417509,158,595,9738
F4310#F8109,9382.742857142857,1019185.0420168067,1028567.7848739495,100,596,9738
F9942#F8109,9698.244966442953,946220.9597315437,955919.2046979866,147,597,9738
F9740#F8109,9436.780569514238,950752.8877721943,960189.6683417086,148,598,9738
F251#F8109,9291.51170568562,964267.7959866222,973559.3076923079,123,599,9738
F437#F8109,9147.245409015026,969755.2587646077,978902.5041736227,159,600,9738
F834#F8109,9216.335000000001,1063065.8283333334,1072282.1633333333,129,601,9738
F7027#F8109,12171.0,1165136.442595674,1177307.442595674,150,602,9738
F4724#F8109,9657.014950166114,1023780.8122923588,1033437.827242525,143,603,9738
F4239#F8109,9170.182421227199,997291.1442786071,1006461.3266998343,187,604,9738
F3756#F8109,9370.488410596026,961058.5264900662,970429.0149006622,179,605,9738
F7610#F8109,9360.446280991735,954837.6396694215,964198.0859504133,197,606,9738
F156#F8109,9967.420792079209,996858.2706270628,1006825.691419142,170,607,9738
F9826#F8109,9870.233937397034,1003265.1070840197,1013135.3410214167,130,608,9738
F2111#F8109,9710.945723684212,1224311.3634868423,1234022.3092105265,127,609,9738
F3599#F8109,13006.5,1084393.694581281,1097400.194581281,157,610,9738
F4449#F8109,9747.954098360655,1068018.9852459016,1077766.9393442622,134,611,9738
F8436#F8109,10522.193126022914,1041218.3371522096,1051740.5302782324,166,612,9738
F2548#F8109,10230.68954248366,967685.6062091503,977916.2957516339,148,613,9738
F3141#F8109,9432.362153344207,949560.5154975529,958992.8776508971,130,614,9738
F3801#F8109,9361.221498371335,958805.0325732899,968166.2540716613,142,615,9738
F9131#F8109,9454.347967479676,1010371.2130081302,1019825.5609756099,133,616,9738
F6613#F8109,9996.201298701299,1248052.775974026,1258048.9772727273,146,617,9738
F1738#F8109,9950.100486223662,1044302.8103727715,1054252.910858995,140,618,9738
F347#F8109,9789.815533980582,1054275.1909385112,1064065.0064724917,172,619,9738
F9255#F8109,9793.796445880453,1005538.8368336026,1015332.6332794831,153,620,9738
F3097#F8109,9916.969354838711,971854.9838709679,981771.9532258066,165,621,9738
F4875#F8109,9670.547504025764,949954.2576489534,959624.8051529791,77,622,9738
F6514#F8109,10514.877813504823,946787.7234726689,957302.6012861737,151,623,9738
F7960#F8109,9514.247191011236,1000846.9213483147,1010361.1685393259,146,624,9738
F395#F8109,10019.03044871795,1121648.5,1131667.530448718,146,625,9738
F4825#F8109,9970.928,1024128.9888,1034099.9168,142,626,9738
F3659#F8109,9741.536741214057,1012698.1485623003,1022439.6853035144,174,627,9738
F5694#F8109,10110.098883572568,1012772.6953748007,1022882.7942583733,204,628,9738
F5544#F8109,10088.03821656051,1029577.8487261147,1039665.8869426752,168,629,9738
F169#F8109,10379.475357710651,962536.8362480126,972916.3116057232,153,630,9738
F7930#F8109,9997.844444444445,985173.2888888889,995171.1333333333,195,631,9738
F908#F8109,10010.839936608558,1081790.6941362915,1091801.5340729,124,632,9738
F582#F8109,12891.5,1078075.0,1090966.5,153,633,9738
F2809#F8109,9804.464454976303,979927.6271721959,989732.0916271722,206,634,9738
F4701#F8109,9793.422712933754,978763.3596214511,988556.7823343849,120,635,9738
F3081#F8109,9916.592125984253,1026823.5023622047,1036740.094488189,175,636,9738
F3608#F8109,10328.213836477988,1015743.573899371,1026071.7877358489,137,637,9738
F1133#F8109,9917.544740973311,957814.2762951333,967731.8210361066,161,638,9738
F4772#F8109,10080.775862068966,948788.802507837,958869.5783699059,163,639,9738
F3825#F8109,9740.219092331768,1076176.5,1085916.7190923318,143,640,9738
F2404#F8109,13174.5,1048571.8374999999,1061746.3375,148,641,9738
F2718#F8109,10349.120124804991,979088.0592823713,989437.1794071763,176,642,9738
F7106#F8109,10018.580996884735,989956.5903426791,999975.1713395638,151,643,9738
F6579#F8109,10086.662519440126,1043020.5972006222,1053107.2597200624,166,644,9738
F7164#F8109,10513.299689440993,1015070.75310559,1025584.052795031,168,645,9738
F639#F8109,9862.266666666666,978448.6263565891,988310.8930232559,138,646,9738
F763#F8109,10401.075851393189,986562.8266253871,996963.9024767802,170,647,9738
F8356#F8109,10402.05255023184,1107421.0,1117823.0525502318,138,648,9738
F9045#F8109,10641.39660493827,995909.5293209875,1006550.9259259258,165,649,9738
F8316#F8109,10006.394453004623,978071.7257318953,988078.1201848999,141,650,9738
F5587#F8109,10271.77846153846,1020761.9907692308,1031033.7692307692,136,651,9738
F2810#F8109,10474.064516129032,1063230.7219662059,1073704.7864823348,142,652,9738
F4126#F8109,10497.075153374235,1036024.5613496933,1046521.6365030676,177,653,9738
F5279#F8109,10666.309341500764,1001864.9035222051,1012531.2128637058,186,654,9738
F4694#F8109,10452.958715596329,988136.6055045871,998589.5642201834,109,655,9738
F3338#F8109,10552.085496183206,1094078.0,1104630.0854961833,215,656,9738
F9765#F8109,10471.939024390244,975877.3536585366,986349.2926829268,169,657,9738
F4440#F8109,10434.858447488585,976047.3546423136,986482.2130898022,186,658,9738
F8206#F8109,10131.373860182372,981500.3784194529,991631.7522796353,134,659,9738
F2487#F8109,10195.447647951441,1024751.6540212443,1034947.1016691957,173,660,9738
F5298#F8109,10499.884848484848,1045000.9393939393,1055500.8242424242,164,661,9738
F3844#F8109,9980.075642965205,972386.8623298033,982366.9379727684,155,662,9738
F6494#F8109,10209.398791540785,1103474.3655589125,1113683.7643504534,147,663,9738
F6540#F8109,13747.0,1080898.8597285068,1094645.8597285068,218,664,9738
F818#F8109,10420.670180722891,1009047.3644578314,1019468.0346385542,117,665,9738
F7328#F8109,10544.833082706768,999862.2947368422,1010407.127819549,151,666,9738
F1779#F8109,10669.996996996995,1030556.0615615614,1041226.0585585585,165,667,9738
F1#F8109,10904.32383808096,999435.1604197901,1010339.484257871,219,668,9738
F6201#F8109,10312.414670658682,1039240.4236526946,1049552.8383233533,157,669,9738
F6295#F8109,10753.049327354262,1017026.9506726458,1027780.0000000001,156,670,9738
F3412#F8109,10563.743283582091,1118209.5,1128773.2432835822,155,671,9738
F3433#F8109,10645.842026825634,1005088.6676602088,1015734.5096870344,138,672,9738
F2684#F8109,10864.142857142859,1014321.1636904763,1025185.3065476192,153,673,9738
F4980#F8109,10816.047548291233,1000773.8276374443,1011589.8751857355,198,674,9738
F8216#F8109,10472.514836795253,1010798.4792284868,1021270.994065282,149,675,9738
F5859#F8109,10709.842962962963,1037948.4266666666,1048658.2696296296,151,676,9738
F6112#F8109,10799.952662721895,1065277.526627219,1076077.479289941,186,677,9738
F8480#F8109,10820.96011816839,1029087.8286558347,1039908.788774003,208,678,9738
F897#F8109,10960.141592920354,1087691.5,1098651.6415929203,148,679,9738
F7932#F8109,10978.144329896908,949517.3490427099,960495.4933726068,163,680,9738
F4510#F8109,10320.154411764706,966695.5235294118,977015.6779411765,179,681,9738
F8664#F8109,10372.20851688693,965951.3509544787,976323.5594713656,166,682,9738
F7604#F8109,10469.3284457478,988324.0337243401,998793.362170088,157,683,9738
F130#F8109,10539.40849194729,988979.877013177,999519.2855051244,148,684,9738
F8885#F8109,10579.444444444445,1045982.9824561403,1056562.4269005847,202,685,9738
F380#F8109,10688.58102189781,1138578.7357664232,1149267.316788321,150,686,9738
F7321#F8109,15138.0,1119197.10787172,1134335.10787172,171,687,9738
F877#F8109,10895.836972343523,983974.1950509462,994870.0320232897,162,688,9738
F603#F8109,10865.770348837208,1007367.0712209301,1018232.8415697673,178,689,9738
F5705#F8109,10944.862119013062,979110.0,990054.8621190131,178,690,9738
F5294#F8109,10851.704347826086,1038546.9623188404,1049398.6666666665,163,691,9738
F7109#F8109,11031.942112879884,1016846.4312590449,1027878.3733719247,175,692,9738
F4634#F8109,10945.79479768786,1050278.553468208,1061224.3482658959,197,693,9738
F9657#F8109,10837.61616161616,1134980.0,1145817.616161616,151,694,9738
F4582#F8109,11691.822766570604,1004939.9567723342,1016631.7795389048,115,695,9738
F4621#F8109,10812.53525179856,962569.0014388488,973381.5366906474,193,696,9738
F6582#F8109,10676.317528735632,966170.183908046,976846.5014367816,101,697,9738
F2562#F8109,10744.393113342898,980828.1979913918,991572.5911047347,140,698,9738
F4518#F8109,11169.914040114612,1006272.0630372493,1017441.9770773639,154,700,9738
F5432#F8109,11897.972857142857,1003988.2228571428,1015886.1957142856,192,701,9738
F4741#F8109,10820.413694721825,1054203.7146932953,1065024.1283880172,159,702,9738
F6288#F8109,11257.01282051282,1120494.5,1131751.5128205128,214,703,9738
F2157#F8109,11478.30440967283,999236.3698435277,1010714.6742532005,181,704,9738
F3364#F8109,11260.973011363636,968075.15625,979336.1292613636,186,705,9738
F1785#F8109,10902.442553191488,994040.9900709218,1004943.4326241133,176,706,9738
F9331#F8109,11224.876770538245,1003125.8484419264,1014350.7252124647,186,707,9738
F9492#F8109,11272.922206506364,1025074.8458274398,1036347.7680339462,186,708,9738
F4957#F8109,11366.03107344633,1033603.8333333334,1044969.8644067798,233,709,9738
F8363#F8109,11482.172073342736,1170833.060648801,1182315.2327221439,180,710,9738
F1423#F8109,11093.0,1178682.781690141,1189775.781690141,135,711,9738
F8796#F8109,11108.601969057667,995106.6216596344,1006215.2236286921,183,712,9738
F4000#F8109,11055.505617977527,988667.6306179775,999723.1362359549,143,713,9738
F2152#F8109,11376.934081346424,1009345.649368864,1020722.5834502104,184,714,9738
F1374#F8109,11091.512605042017,988812.9551820728,999904.4677871148,127,715,9738
F6347#F8109,11109.516083916084,1005924.923076923,1017034.4391608391,174,716,9738
F8431#F8109,11572.13966480447,1033161.9511173185,1044734.0907821229,161,717,9738
F7840#F8109,11469.97489539749,1140894.0,1152363.9748953974,140,718,9738
F720#F8109,12297.103064066852,1046168.0320334261,1058465.135097493,171,719,9738
F392#F8109,11257.635605006953,969051.9054242002,980309.5410292072,197,720,9738
F5869#F8109,11359.755555555555,956360.4361111111,967720.1916666667,184,721,9738
F2728#F8109,11222.543689320388,968971.0651872399,980193.6088765603,158,722,9738
F655#F8109,11268.58587257618,966753.1412742384,978021.7271468146,212,723,9738
F1758#F8109,11167.424619640387,978216.1272475795,989383.5518672199,180,724,9738
F6482#F8109,11446.78867403315,999172.1685082874,1010618.9571823205,238,725,9738
F9854#F8109,11339.619310344828,1153383.0,1164722.6193103448,162,726,9738
F2996#F8109,11655.03168044077,1048254.891184573,1059909.9228650138,198,727,9738
F2121#F8109,11258.46492434663,991878.4704264099,1003136.9353507565,185,728,9738
F9137#F8109,11863.273351648351,967366.978021978,979230.2513736264,204,729,9738
F6992#F8109,11779.135802469134,1016436.378600823,1028215.5144032921,187,730,9738
F2134#F8109,11332.502739726027,986859.0123287672,998191.5150684932,156,731,9738
F4699#F8109,11714.002735978112,1025384.7989056088,1037098.8016415869,163,732,9738
F8239#F8109,11985.351092896175,1157780.5095628416,1169765.8606557378,184,733,9738
F9257#F8109,15509.0,1113059.5,1128568.5,152,734,9738
F2772#F8109,12001.32833787466,1028622.4863760219,1040623.8147138965,172,735,9738
F4557#F8109,11721.926530612245,1013953.6544217688,1025675.5809523811,189,736,9738
F1132#F8109,11512.620923913042,971792.5788043478,983305.1997282609,164,737,9738
F8267#F8109,11332.355495251019,1008886.0542740843,1020218.4097693353,180,738,9738
F5029#F8109,12003.242547425474,998375.9823848238,1010379.2249322493,178,739,9738
F16#F8109,11804.952638700948,1009864.6820027065,1021669.6346414074,174,740,9738
F7937#F8109,11651.724324324325,1165371.5,1177023.2243243244,158,741,9738
F9388#F8109,12559.927125506072,1065416.8717948718,1077976.7989203779,131,742,9738
F4397#F8109,12034.196765498653,1046604.6199460917,1058638.8167115904,225,743,9738
F5611#F8109,12441.72274562584,1014696.8398384925,1027138.5625841183,181,744,9738
F8151#F8109,12133.286290322581,991223.5013440861,1003356.7876344087,166,745,9738
F2049#F8109,11929.991946308724,1000834.6013422819,1012764.5932885907,189,746,9738
F4879#F8109,12056.139410187667,1021032.8445040213,1033088.9839142091,209,747,9738
F5327#F8109,12028.11780455154,1014294.3962516733,1026322.5140562248,146,749,9738
F7532#F8109,12143.190921228304,1161340.0,1173483.1909212284,200,750,9738
F2453#F8109,12322.408000000001,1042374.9826666667,1054697.3906666667,172,751,9738
F8826#F8109,12174.189081225035,1051282.9826897471,1063457.1717709722,193,752,9738
F808#F8109,12058.01329787234,1021224.2074468085,1033282.2207446808,129,753,9738
F3167#F8109,11836.698539176627,989661.5484727756,1001498.2470119522,133,754,9738
F4780#F8109,11989.880636604776,1001355.2984084882,1013345.1790450929,173,755,9738
F7664#F8109,12251.205298013245,1017462.8503311259,1029714.0556291392,157,756,9738
F9035#F8109,12442.436507936509,1016617.9563492064,1029060.392857143,200,757,9738
F7032#F8109,15802.5,1157940.5,1173743.0,179,758,9738
F3238#F8109,12305.212401055409,1032878.8416886543,1045184.0540897097,140,759,9738
F3281#F8109,12232.09486166008,1053201.7918313572,1065433.8866930173,132,760,9738
F2233#F8109,12238.081578947367,1018220.002631579,1030458.0842105263,176,761,9738
F3341#F8109,12036.796320630749,986289.3429697766,998326.1392904073,186,762,9738
F9300#F8109,12099.858267716534,967334.8044619422,979434.6627296587,192,763,9738
F837#F8109,12178.84010484928,1009863.1651376147,1022042.005242464,189,765,9738
F6230#F8109,12563.401307189542,1125563.5,1138126.9013071896,166,766,9738
F1291#F8109,13219.23498694517,1042869.6736292429,1056088.908616188,198,767,9738
F4273#F8109,12408.156453715777,1003219.2750977837,1015627.4315514994,221,768,9738
F3154#F8109,12169.825520833332,1044675.4856770833,1056845.3111979165,129,769,9738
F9742#F8109,12412.11963589077,1012002.2886866061,1024414.4083224969,203,770,9738
F4121#F8109,11729.212987012988,985270.912987013,997000.125974026,186,771,9738
F7064#F8109,12516.21271076524,986777.2088197146,999293.4215304798,156,772,9738
F7042#F8109,12444.098445595855,1016663.2176165803,1029107.3160621761,185,773,9738
F2522#F8109,12416.041397153946,1144497.5,1156913.5413971539,192,774,9738
F7457#F8109,12825.549095607234,1042045.5749354004,1054871.1240310075,246,775,9738
F8523#F8109,12683.344516129031,1010070.6374193548,1022753.9819354838,174,776,9738
F4861#F8109,12971.694587628866,1023365.0721649484,1036336.7667525773,205,777,9738
F1204#F8109,12381.915057915057,1054626.561132561,1067008.476190476,161,778,9738
F7805#F8109,12229.699228791773,970669.0449871465,982898.7442159383,165,779,9738
F5898#F8109,12168.600770218229,994511.0141206675,1006679.6148908857,165,780,9738
F5939#F8109,12756.333333333334,1057653.2294871795,1070409.5628205128,158,781,9738
F7398#F8109,15865.5,1105951.0,1121816.5,178,782,9738
F3574#F8109,12425.86956521739,993468.7979539642,1005894.6675191816,175,783,9738
F6876#F8109,12439.867177522348,986965.8850574712,999405.7522349936,220,784,9738
F59#F8109,12427.622448979593,1060951.6224489796,1073379.2448979593,185,786,9738
F3381#F8109,12416.777353689567,1025024.4452926208,1037441.2226463103,172,787,9738
F9275#F8109,12547.92376111817,998990.7547649301,1011538.6785260483,151,788,9738
F4854#F8109,12702.098984771574,1003735.1611675128,1016437.2601522843,176,789,9738
F2941#F8109,13118.605830164766,1125935.0,1139053.6058301649,151,790,9738
F8645#F8109,14649.520253164557,1005268.8835443038,1019918.4037974684,140,791,9738
F8157#F8109,12547.843236409608,1004903.8179519594,1017451.661188369,193,792,9738
F7520#F8109,12413.65404040404,1008392.6174242424,1020806.2714646464,191,793,9738
F4062#F8109,12447.677175283734,1028611.4804539722,1041059.157629256,225,794,9738
F6192#F8109,12594.84256926952,1030123.7531486145,1042718.595717884,203,795,9738
F7491#F8109,13018.354716981132,971666.6867924528,984685.041509434,143,796,9738
F3367#F8109,14120.717336683418,973638.6293969849,987759.3467336684,150,797,9738
F8055#F8109,12376.509410288581,1257356.634880803,1269733.1442910917,171,798,9738
F5188#F8109,13061.347117794487,1010553.7731829573,1023615.1203007518,186,799,9738
F9680#F8109,12807.00876095119,1068398.4981226535,1081205.5068836047,240,800,9738
F4148#F8109,14367.9375,1028324.80125,1042692.73875,176,801,9738
F5893#F8109,12531.625468164793,1045278.3395755306,1057809.9650436954,152,802,9738
F2667#F8109,12984.16957605985,1025594.2032418952,1038578.372817955,189,803,9738
F2665#F8109,12599.671232876712,969085.3300124533,981685.00124533,155,804,9738
F5185#F8109,12445.883084577115,1055615.393034826,1068061.276119403,190,806,9738
F6453#F8109,16524.5,1141222.153846154,1157746.653846154,194,807,9738
F8149#F8109,12529.506815365552,999711.2664188353,1012240.7732342008,261,808,9738
F7177#F8109,12727.732673267325,992118.3514851484,1004846.0841584158,148,809,9738
F3200#F8109,13043.102595797282,994493.7700865266,1007536.8726823239,200,810,9738
F7525#F8109,12840.833333333334,1015386.0172839507,1028226.8506172841,213,811,9738
F7536#F8109,12453.336621454995,985494.6633785451,997948.0000000001,178,812,9738
F2491#F8109,12724.26354679803,983616.7487684729,996341.012315271,155,814,9738
F7416#F8109,12366.173218673217,1099211.5,1111577.6732186733,271,815,9738
F2267#F8109,13663.744785276074,1037758.763190184,1051422.50797546,179,816,9738
F6951#F8109,13453.466911764706,982972.1482843137,996425.6151960784,201,817,9738
F7559#F8109,12641.454100367198,1017499.8873929009,1030141.341493268,181,818,9738
F5299#F8109,12675.476772616135,993054.520782396,1005729.9975550121,192,819,9738
F8134#F8109,12633.406593406593,1022336.7521367521,1034970.1587301587,157,820,9738
F4078#F8109,12559.29756097561,1002705.3219512195,1015264.6195121951,243,821,9738
F4972#F8109,13109.948842874544,1002350.4043848965,1015460.353227771,160,822,9738
F4627#F8109,12895.299270072994,1219289.4403892946,1232184.7396593676,234,824,9738
F8045#F8109,13660.558252427183,1003217.0206310679,1016877.5788834951,174,825,9738
F8955#F8109,13155.927272727273,1027524.9769696969,1040680.9042424242,196,826,9738
F6848#F8109,13886.791767554478,999781.9261501209,1013668.7179176754,148,827,9738
F2036#F8109,12995.695284159612,1025821.9153567109,1038817.6106408705,197,828,9738
F2774#F8109,13031.719806763285,1032852.9021739131,1045884.6219806764,222,829,9738
F3496#F8109,13233.944511459591,1042089.5295536792,1055323.4740651387,208,830,9738
F8164#F8109,14043.75903614458,1109985.23373494,1124028.9927710844,211,832,9738
F3870#F8109,17360.5,1162807.9278846155,1180168.4278846155,185,833,9738
F2101#F8109,13683.406962785115,994989.0324129652,1008672.4393757504,233,834,9738
F2608#F8109,13253.872901678656,1010941.7086330935,1024195.5815347722,209,835,9738
F8928#F8109,13359.980838323354,1004355.3820359282,1017715.3628742516,176,836,9738
F469#F8109,13205.777511961724,1021603.5538277512,1034809.331339713,200,837,9738
F4094#F8109,13229.78733572282,1010111.3835125448,1023341.1708482676,207,838,9738
F8119#F8109,13359.923627684964,1020151.9140811455,1033511.8377088305,168,839,9738
F1381#F8109,13363.909415971397,1099952.5,1113316.4094159715,197,840,9738
F4287#F8109,13691.279761904761,1012388.7916666666,1026080.0714285714,168,841,9738
F4762#F8109,12986.423305588585,972493.9809750298,985480.4042806183,183,842,9738
F6691#F8109,13581.110451306411,1022648.1057007125,1036229.216152019,161,843,9738
F3315#F8109,13061.475682087783,1007217.3855278768,1020278.8612099646,227,844,9738
F6308#F8109,13507.985781990521,1033535.1184834123,1047043.1042654029,180,845,9738
F9422#F8109,13650.134911242603,1030387.9526627219,1044038.0875739645,132,846,9738
F1672#F8109,13139.513002364067,1052659.8096926715,1065799.3226950355,166,847,9738
F2974#F8109,14360.935064935065,1146953.5,1161314.4350649351,193,848,9738
F5592#F8109,13655.083726415094,999523.2948113207,1013178.3785377358,155,849,9738
F5647#F8109,13025.32391048292,958962.1908127208,971987.5147232037,160,850,9738
F2031#F8109,13133.432941176472,997402.0352941176,1010535.4682352941,137,851,9738
F1466#F8109,13109.3866039953,999361.9600470036,1012471.3466509989,218,852,9738
F5990#F8109,13815.19600938967,1028049.2159624413,1041864.411971831,212,853,9738
F9004#F8109,13529.842907385697,1042196.3704572099,1055726.2133645955,216,854,9738
F3939#F8109,13847.195550351287,1133598.0,1147445.1955503514,208,855,9738
F5391#F8109,13838.166081871346,1005963.1906432749,1019801.3567251463,145,856,9738
F4119#F8109,13343.102803738317,989353.1845794392,1002696.2873831776,250,858,9738
F9643#F8109,13510.728438228438,998431.3181818182,1011942.0466200467,191,859,9738
F3294#F8109,13484.679860302678,1029509.1036088475,1042993.7834691502,206,860,9738
F2849#F8109,13526.710465116277,1027562.4523255813,1041089.1627906977,236,861,9738
F8175#F8109,13726.92450638792,1011850.8408826946,1025577.7653890825,85,862,9738
F3703#F8109,13405.533642691416,1044687.5301624131,1058093.0638051045,183,863,9738
F8745#F8109,14358.618771726535,1138269.0,1152627.6187717265,152,864,9738
F6125#F8109,13560.677083333334,980502.5289351852,994063.2060185185,115,865,9738
F3711#F8109,13126.157225433526,982484.5086705203,995610.6658959538,234,866,9738
F2878#F8109,13646.740184757506,982487.2032332562,996133.9434180137,156,867,9738
F8644#F8109,14677.0,1021201.4994232986,1035878.4994232986,209,868,9738
F8165#F8109,13380.760368663594,997774.7350230414,1011155.495391705,197,870,9738
F6402#F8109,13365.344827586207,1000362.5218390804,1013727.8666666666,177,871,9738
F4484#F8109,13516.500574052814,1138926.5,1152443.0005740528,198,872,9738
F8136#F8109,18251.5,1101415.6444954127,1119667.1444954127,208,873,9738
F1338#F8109,13686.659793814433,1007263.4753722795,1020950.1351660939,208,874,9738
F9530#F8109,13902.889016018307,982070.3661327232,995973.2551487414,202,875,9738
F6319#F8109,13597.522285714285,964939.5291428571,978537.0514285713,204,876,9738
F2209#F8109,13877.761415525114,1009778.8675799087,1023656.6289954338,265,881,9738
F2847#F8109,14719.688989784336,1015585.4574347333,1030305.1464245176,181,882,9738
F2024#F8109,13767.591836734693,987983.8945578231,1001751.4863945578,201,883,9738
F6269#F8109,13535.311438278595,1122090.0,1135625.3114382785,177,884,9738
F4934#F8109,14464.343891402716,1053531.430995475,1067995.7748868777,208,885,9738
F5664#F8109,13699.462146892656,977842.6598870057,991542.1220338984,229,886,9738
F9102#F8109,14939.843115124155,956418.2618510158,971358.10496614,193,887,9738
F2885#F8109,13883.63472378805,958435.3190529877,972318.9537767757,201,888,9738
F3221#F8109,14263.04391891892,1025003.9853603604,1039267.0292792793,206,889,9738
F9134#F8109,13980.708661417322,1020699.853768279,1034680.5624296963,216,890,9738
F6534#F8109,14543.32247191011,1046419.4325842696,1060962.7550561796,204,891,9738
F7871#F8109,14395.138047138049,1124230.5,1138625.638047138,182,892,9738
F333#F8109,14628.381165919283,1028433.6614349777,1043062.0426008969,165,893,9738
F5915#F8109,14028.692049272116,986866.8779395296,1000895.5699888017,204,894,9738
F530#F8109,13800.419463087248,959278.8199105145,973079.2393736017,223,895,9738
F7995#F8109,13968.589944134079,994900.3798882682,1008868.9698324023,227,896,9738
F8915#F8109,14797.496651785714,1028811.9475446428,1043609.4441964285,203,897,9738
F3396#F8109,14251.870680044594,1029984.9765886288,1044236.8472686735,216,898,9738
F3536#F8109,14733.38864142539,1088245.5066815144,1102978.8953229398,217,899,9738
F5348#F8109,18991.0,1121592.0,1140583.0,184,901,9738
F5045#F8109,13983.502774694784,1059219.3007769145,1073202.8035516092,195,902,9738
F3420#F8109,14782.37028824834,1015423.5000000001,1030205.8702882484,196,903,9738
F1866#F8109,14568.115171650055,992831.2646733111,1007399.3798449612,204,904,9738
F1773#F8109,14460.978982300885,1000559.5907079646,1015020.5696902655,194,905,9738
F5014#F8109,14404.899447513812,1015398.7491712708,1029803.6486187846,212,906,9738
F7655#F8109,14273.737306843266,1019725.283664459,1033999.0209713023,193,907,9738
F4904#F8109,14788.286659316429,1190131.0,1204919.2866593164,219,908,9738
F1442#F8109,19206.0,1107634.5198237884,1126840.5198237884,219,909,9738
F4511#F8109,14435.863586358635,1066934.4554455446,1081370.3190319033,219,910,9738
F2702#F8109,14734.173626373626,1060177.7516483516,1074911.925274725,203,911,9738
F2392#F8109,14683.099890230516,1029359.6838638859,1044042.7837541165,203,912,9738
F8760#F8109,15535.015350877193,1001341.7598684211,1016876.7752192983,205,913,9738
F9789#F8109,14551.921139101862,995158.795180723,1009710.7163198248,208,914,9738
F6462#F8109,14263.588621444202,992589.7975929978,1006853.386214442,234,915,9738
F1076#F8109,15062.443715846994,1248395.8775956284,1263458.3213114755,129,916,9738
F8596#F8109,14703.033842794759,1059961.901746725,1074664.9355895198,168,917,9738
F1350#F8109,14577.880043620502,1077423.6641221375,1092001.544165758,208,918,9738
F7720#F8109,14984.305010893248,1052498.2647058824,1067482.5697167756,197,919,9738
F1295#F8109,14568.835690968444,1023405.3971708379,1037974.2328618063,207,920,9738
F3530#F8109,14450.690217391304,1011176.9119565217,1025627.602173913,202,921,9738
F2096#F8109,14740.98805646037,1032278.6080347449,1047019.5960912053,174,922,9738
F3583#F8109,15356.637744034706,1019519.5715835141,1034876.2093275489,222,923,9738
F1243#F8109,14544.741061755145,1173976.0,1188520.7410617552,217,924,9738
F907#F8109,15121.347402597401,1024144.1829004328,1039265.5303030303,220,925,9738
F1330#F8109,14821.005405405405,1056688.1318918918,1071509.1372972971,208,926,9738
F731#F8109,15611.841252699785,1041460.4740820735,1057072.3153347734,123,927,9738
F7261#F8109,14556.686084142395,1014250.9428263215,1028807.6289104639,173,928,9738
F3778#F8109,14709.834051724138,1001344.8739224138,1016054.707974138,225,929,9738
F7000#F8109,14820.936490850378,986847.125941873,1001668.0624327234,197,930,9738
F3836#F8109,14710.801075268815,1105757.7096774192,1120468.510752688,234,931,9738
F1187#F8109,19188.5,1185821.84962406,1205010.34962406,211,934,9738
F5278#F8109,14671.69164882227,1017404.1327623127,1032075.8244111349,230,935,9738
F838#F8109,15087.203208556151,1037128.7219251337,1052215.9251336898,205,937,9738
F5300#F8109,14797.775880469584,1071721.560298826,1086519.3361792956,210,938,9738
F2483#F8109,14935.906183368872,1017839.9616204691,1032775.867803838,192,939,9738
F1424#F8109,15521.512247071354,990890.1384451544,1006411.6506922258,232,940,9738
F7730#F8109,15776.495744680851,1009962.2936170213,1025738.7893617022,296,942,9738
F8384#F8109,15341.268577494693,1138332.5,1153673.7685774947,206,943,9738
F7765#F8109,22103.0,1070635.1474019089,1092738.1474019089,198,944,9738
F7983#F8109,14732.590042372882,1022455.9639830509,1037188.5540254238,110,945,9738
F2166#F8109,15361.238095238094,1034678.7407407407,1050039.9788359788,256,946,9738
F4392#F8109,15329.187103594079,1051650.507399577,1066979.6945031711,246,947,9738
F3867#F8109,15268.105596620906,1030886.4329461457,1046154.5385427666,191,948,9738
F6036#F8109,15192.008438818564,991828.1297468353,1007020.1381856538,181,949,9738
F1525#F8109,15107.903055848261,998457.0073761855,1013564.9104320337,231,950,9738
F641#F8109,15277.064210526316,1121819.5,1137096.5642105264,246,951,9738
F7488#F8109,15929.73291272345,1037054.3427970557,1052984.0757097793,179,952,9738
F2488#F8109,14748.475840336134,991046.9233193278,1005795.3991596639,242,953,9738
F9233#F8109,14849.565582371459,1004481.9160545645,1019331.481636936,235,954,9738
F7270#F8109,15677.416142557651,1069642.044025157,1085319.4601677149,176,955,9738
F4719#F8109,15273.976963350786,1037750.5130890054,1053024.4900523562,213,956,9738
F4172#F8109,15334.023012552301,1005346.5188284519,1020680.5418410042,208,957,9738
F5280#F8109,15433.109717868338,997979.7324973877,1013412.8422152561,210,958,9738
F6918#F8109,15386.043841336117,1138975.5,1154361.5438413362,212,959,9738
F1233#F8109,14985.186652763296,976766.8133472367,991752.0,198,961,9738
F4778#F8109,14834.420395421435,992008.193548387,1006842.6139438085,261,962,9738
F9264#F8109,14731.297297297297,999467.869022869,1014199.1663201663,210,963,9738
F8713#F8109,14807.360332294911,1019749.8317757009,1034557.1921079959,276,964,9738
F4842#F8109,15554.11825726141,1030611.9917012448,1046166.1099585063,195,965,9738
F9621#F8109,15595.144041450778,1007171.6207253886,1022766.7647668394,209,966,9738
F5128#F8109,15299.821946169772,1113202.191511387,1128502.0134575567,272,967,9738
F1055#F8109,21068.5,1133298.7631851085,1154367.2631851085,200,968,9738
F9319#F8109,15645.145661157025,1011192.5423553719,1026837.6880165288,225,969,9738
F8236#F8109,15769.25696594427,1011299.5768833848,1027068.8338493292,243,970,9738
F8098#F8109,15321.779381443299,1009918.0804123711,1025239.8597938144,198,971,9738
F3698#F8109,15634.084449021626,1041326.3233779607,1056960.4078269824,161,972,9738
F3086#F8109,15291.716049382718,1040812.6944444445,1056104.4104938272,220,973,9738
F6469#F8109,16111.541623843783,1007168.05344296,1023279.5950668039,287,974,9738
F8997#F8109,15854.488706365502,1136765.0,1152619.4887063655,201,976,9738
F6543#F8109,15995.371926229509,1038671.1229508198,1054666.4948770492,164,977,9738
F2991#F8109,16056.802456499488,1024757.4779938587,1040814.2804503583,267,979,9738
F8618#F8109,15858.181818181816,1033169.2543411644,1049027.4361593463,207,980,9738
F6445#F8109,15549.851020408161,995418.6979591836,1010968.5489795918,239,981,9738
F4802#F8109,17381.7003058104,1033329.2701325179,1050710.9704383283,236,982,9738
F2595#F8109,15927.372708757635,1018965.0672097759,1034892.4399185335,203,984,9738
F4124#F8109,15943.185975609755,985320.325203252,1001263.5111788618,221,985,9738
F4948#F8109,15403.622335025382,1124132.5,1139536.1223350253,176,986,9738
F3027#F8109,15781.989858012172,1003178.3914807303,1018960.3813387424,279,987,9738
F2106#F8109,15802.957446808508,995924.0020263423,1011726.9594731508,238,989,9738
F9814#F8109,15699.858442871588,1006227.3913043478,1021927.2497472194,167,990,9738
F7510#F8109,15598.740404040402,1018658.91010101,1034257.6505050504,197,991,9738
F2971#F8109,16002.131180625629,1014134.312815338,1030136.4439959637,132,992,9738
F785#F8109,15530.64012096774,1033276.5604838709,1048807.2006048386,242,993,9738
F2061#F8109,15464.557905337362,1107292.0,1122756.5579053373,178,994,9738
F1960#F8109,20735.0,1064405.754527163,1085140.754527163,185,995,9738
F6710#F8109,15478.540703517589,1002388.4140703517,1017866.9547738694,210,996,9738
F9628#F8109,15494.541164658634,993317.3062248996,1008811.8473895582,229,997,9738
F1203#F8109,15632.663991975927,1009722.7462387161,1025355.410230692,213,998,9738
F5397#F8109,15791.807615230462,1030025.0561122245,1045816.8637274549,231,999,9738
F5322#F8109,16334.334334334335,1044470.4704704706,1060804.804804805,204,1000,9738
F9020#F8109,15588.572999999999,1019108.0899999999,1034696.6629999998,197,1001,9738
F8616#F8109,15555.524475524477,1141966.0,1157521.5244755244,213,1002,9738
F5619#F8109,16216.167664670656,991271.3063872255,1007487.4740518961,208,1003,9738
F2245#F8109,15862.799601196413,1020313.2482552344,1036176.0478564309,146,1004,9738
F6736#F8109,15751.67330677291,979444.5717131475,995196.2450199204,193,1005,9738
F1277#F8109,15470.378109452737,1024075.968159204,1039546.3462686568,244,1006,9738
F8831#F8109,16124.011928429423,1028663.5129224652,1044787.5248508947,259,1007,9738
F5919#F8109,15963.837140019861,1041260.997020854,1057224.834160874,126,1008,9738
F6890#F8109,16009.867063492064,1051059.6845238095,1067069.5515873015,220,1009,9738
F616#F8109,22111.5,1137672.5,1159784.0,260,1010,9738
F4023#F8109,16436.257425742573,1000613.7267326732,1017049.9841584158,231,1011,9738
F9655#F8109,17397.19090009891,1024808.6567754698,1042205.8476755687,229,1012,9738
F8510#F8109,15653.452569169962,992977.2341897234,1008630.6867588933,244,1013,9738
F8261#F8109,16143.921026653505,1042922.5231984205,1059066.444225074,222,1014,9738
F1874#F8109,16057.820512820512,1035799.4921104535,1051857.312623274,240,1015,9738
F5950#F8109,16171.917241379311,1055801.1743842366,1071973.091625616,175,1016,9738
F1807#F8109,16800.51968503937,1168166.5,1184967.0196850393,254,1017,9738
F856#F8109,16829.531956735496,1115998.2654867256,1132827.7974434611,270,1018,9738
F8451#F8109,18167.829076620827,998760.137524558,1016927.9666011789,189,1019,9738
F2478#F8109,16261.943081452404,999502.9048086358,1015764.8478900882,216,1020,9738
F3457#F8109,15927.6,1005632.9490196079,1021560.5490196078,212,1021,9738
F8074#F8109,16456.101860920666,1048461.8922624878,1064917.9941234086,190,1022,9738
F7020#F8109,16413.05675146771,1051058.8493150685,1067471.9060665362,176,1024,9738
F5330#F8109,16695.2880859375,1040568.1884765625,1057263.4765625,252,1025,9738
F3127#F8109,16169.76,1145658.5,1161828.26,212,1026,9738
F4945#F8109,17007.087719298248,1028333.6491228071,1045340.7368421053,216,1028,9738
F1916#F8109,16698.227626459146,981350.6935797666,998048.9212062256,249,1029,9738
F6155#F8109,16834.344023323614,1040257.9591836735,1057092.303206997,247,1030,9738
F1646#F8109,16530.03300970874,1033303.2339805826,1049833.2669902912,277,1031,9738
F2080#F8109,16962.43646944714,1042323.0029097963,1059285.4393792434,238,1032,9738
F4766#F8109,17920.347868217053,1042489.1860465116,1060409.5339147288,217,1033,9738
F7881#F8109,16737.18683446273,1143692.5,1160429.6868344627,239,1034,9738
F8855#F8109,19348.5,1045034.6953578336,1064383.1953578335,230,1035,9738
F1491#F8109,16120.560386473431,982009.8859903383,998130.4463768117,164,1036,9738
F2842#F8109,16098.524131274131,970177.5617760618,986276.0859073359,248,1037,9738
F6622#F8109,16441.83992285439,985018.9585342334,1001460.7984570878,192,1038,9738
F6575#F8109,16403.788053949902,978539.8092485549,994943.5973025048,234,1039,9738
F4920#F8109,16293.666987487972,1026714.2252165545,1043007.8922040424,147,1040,9738
F2712#F8109,17284.603846153845,1050141.7817307692,1067426.3855769231,305,1041,9738
F7138#F8109,17138.447646493754,1148782.0,1165920.4476464938,244,1042,9738
F8747#F8109,17476.756238003836,1087679.8378119,1105156.5940499038,224,1043,9738
F5413#F8109,16472.778523489935,1025244.0345158197,1041716.8130393097,256,1044,9738
F4631#F8109,16822.097701149425,969866.101532567,986688.1992337164,211,1045,9738
F286#F8109,16523.563636363637,1011863.8822966507,1028387.4459330143,236,1047,9738
F6780#F8109,16378.62846227316,965382.1661891117,981760.7946513848,311,1048,9738
F4240#F8109,16631.85496183206,1013420.0820610686,1030051.9370229007,292,1049,9738
F8941#F8109,16449.302192564344,999394.7979027645,1015844.1000953289,200,1051,9738
F8542#F8109,16886.05137963844,1189195.0,1206081.0513796385,237,1052,9738
F1462#F8109,17882.982889733838,1040762.3783269961,1058645.36121673,300,1053,9738
F268#F8109,16783.924026590692,1060604.2659069325,1077388.1899335233,221,1054,9738
F8228#F8109,21511.0,980652.5284629981,1002163.5284629981,207,1055,9738
F1985#F8109,17774.83222748815,1012432.743127962,1030207.5753554502,229,1056,9738
F4276#F8109,16862.953598484848,990227.8285984849,1007090.7821969697,344,1057,9738
F2190#F8109,16202.857142857141,984680.8325449384,1000883.6896877956,306,1060,9738
F6967#F8109,16616.661320754716,1069502.0132075471,1086118.674528302,242,1061,9738
F3052#F8109,22149.5,1219005.8397737981,1241155.3397737981,200,1062,9738
F1158#F8109,17419.743879472695,1064763.4350282487,1082183.1789077213,161,1064,9738
F7999#F8109,17187.138157894737,1048213.2377819549,1065400.3759398498,342,1065,9738
F9777#F8109,17558.471361502347,1003866.7136150234,1021425.1849765257,256,1066,9738
F3712#F8109,16550.511257035647,1026140.7063789868,1042691.2176360225,234,1067,9738
F1589#F8109,17404.00093720712,1022430.6016869728,1039834.6026241799,242,1071,9738
F3025#F8109,16501.39309056956,1019508.0336134454,1036009.4267040149,229,1072,9738
F362#F8109,17577.381529850747,1158842.5,1176419.8815298507,101,1073,9738
F3446#F8109,17954.71761416589,1048994.7176141657,1066949.4352283317,240,1074,9738
F1188#F8109,17102.909683426446,1037314.9441340783,1054417.8538175048,231,1075,9738
F2896#F8109,17146.93581395349,1053105.7227906976,1070252.658604651,209,1076,9738
F8667#F8109,17304.10408921933,1015613.2546468402,1032917.3587360595,222,1078,9738
F8298#F8109,16827.595547309833,973774.4786641931,990602.0742115029,235,1079,9738
F9165#F8109,16669.43466172382,981157.4791473586,997826.9138090824,195,1080,9738
F8600#F8109,16910.64351851852,994736.2000000001,1011646.8435185186,241,1081,9738
F7946#F8109,16734.466234967622,1147294.5,1164028.9662349676,285,1082,9738
F2803#F8109,17399.065619223657,1010117.7033271719,1027516.7689463955,266,1083,9738
F1293#F8109,17803.42382271468,1037050.6888273315,1054854.1126500461,205,1084,9738
F5612#F8109,16927.60147601476,1002902.3339483395,1019829.9354243542,243,1085,9738
F4747#F8109,16980.63594470046,987853.6258064517,1004834.2617511521,207,1086,9738
F1450#F8109,16589.261510128916,967301.88213628,983891.1436464089,197,1087,9738
F359#F8109,16660.312787488503,982981.4756209753,999641.7884084637,227,1088,9738
F578#F8109,16884.504595588238,1109776.078125,1126660.5827205882,211,1089,9738
F4362#F8109,22529.5,1153643.388429752,1176172.888429752,290,1090,9738
F7865#F8109,17520.088073394494,992690.1137614679,1010210.2018348624,198,1092,9738
F8916#F8109,17392.913003663005,1038235.8956043957,1055628.8086080586,285,1093,9738
F2835#F8109,17218.73924977127,1018469.9597438243,1035688.6989935955,222,1094,9738
F7744#F8109,16938.468921389398,974603.0484460696,991541.517367459,205,1095,9738
F3763#F8109,17104.606392694066,961823.5762557078,978928.1826484018,259,1096,9738
F7424#F8109,17080.570255474453,983244.3029197081,1000324.8731751825,159,1097,9738
F6583#F8109,17818.227894257063,1128721.0,1146539.227894257,206,1098,9738
F1810#F8109,17477.777777777777,1013020.8561020036,1030498.6338797814,192,1100,9738
F2992#F8109,17238.657272727272,996379.9772727273,1013618.6345454545,198,1101,9738
F4219#F8109,17122.537693006358,1041404.0127157129,1058526.5504087193,231,1102,9738
F614#F8109,17064.470961887477,1046616.8820326679,1063681.3529945554,160,1103,9738
F1515#F8109,18006.31006346328,1007149.2728921124,1025155.5829555757,243,1104,9738
F1739#F8109,17736.05072463768,975987.2463768115,993723.2971014492,242,1105,9738
F2843#F8109,17400.733031674208,981517.4479638009,998918.180995475,233,1106,9738
F8905#F8109,17017.372513562386,1129319.0,1146336.3725135624,223,1107,9738
F5924#F8109,17829.091237579043,986412.2637759711,1004241.3550135501,217,1108,9738
F5127#F8109,17419.036101083035,1002296.4711191336,1019715.5072202167,235,1111,9738
F5993#F8109,17491.7299729973,1000578.8010801079,1018070.5310531053,232,1112,9738
F2679#F8109,18424.553956834534,1036382.1609712231,1054806.7149280577,254,1113,9738
F5189#F8109,17238.474393530996,1000360.9901168013,1017599.4645103323,289,1114,9738
F9076#F8109,18260.377019748656,1012241.8402154399,1030502.2172351886,246,1115,9738
F4225#F8109,18357.86995515695,1146383.0,1164740.869955157,323,1117,9738
F9010#F8109,19103.16920322292,1043696.6159355417,1062799.7851387647,232,1120,9738
F4928#F8109,17782.698214285716,1022057.85,1039840.5482142856,230,1122,9738
F968#F8109,18008.02139037433,1006019.7192513369,1024027.7406417112,147,1125,9738
F7800#F8109,17786.796444444444,1009376.4266666668,1027163.2231111112,232,1126,9738
F7230#F8109,17354.398756660747,1034231.6856127887,1051586.0843694494,196,1127,9738
F5798#F8109,18021.92546583851,1005373.9991126887,1023395.9245785272,234,1129,9738
F5273#F8109,18092.994685562444,985329.4038972541,1003422.3985828166,153,1131,9738
F9062#F8109,17557.510167992925,1156181.0,1173738.510167993,251,1132,9738
F6314#F8109,18263.11925795053,1017567.1174911661,1035830.2367491167,219,1133,9738
F9284#F8109,18195.04501323919,1043498.1924095324,1061693.2374227715,238,1134,9738
F9125#F8109,18598.38624338624,1002299.0828924162,1020897.4691358024,248,1135,9738
F4709#F8109,17940.79295154185,1038761.402643172,1056702.1955947138,175,1136,9738
F9213#F8109,18460.235915492955,1044594.7288732394,1063054.9647887324,256,1137,9738
F6779#F8109,18057.868073878628,1001989.4828496041,1020047.3509234827,225,1138,9738
F7368#F8109,17954.763620386646,1091938.6818980668,1109893.4455184534,189,1139,9738
F3856#F8109,24234.5,1200308.902546093,1224543.402546093,224,1140,9738
F1947#F8109,19428.02456140351,996761.6421052632,1016189.6666666667,238,1142,9738
F6854#F8109,18574.250437828374,1037639.8213660246,1056214.071803853,236,1143,9738
F3625#F8109,18620.27646544182,1039044.2554680665,1057664.5319335083,292,1144,9738
F265#F8109,18751.376748251747,1052981.6346153845,1071733.0113636362,254,1145,9738
F7124#F8109,18767.376419213975,1070907.474235808,1089674.850655022,214,1146,9738
F3947#F8109,18507.135253054104,1027641.9389179756,1046149.0741710297,184,1147,9738
F2970#F8109,19108.645161290322,1136474.5,1155583.1451612904,170,1148,9738
F4570#F8109,18782.665505226483,1051743.118466899,1070525.7839721255,237,1150,9738
F8998#F8109,18712.25739130435,1006066.0800000001,1024778.3373913044,218,1151,9738
F1169#F8109,18648.347523892266,1015531.5464813205,1034179.8940052128,254,1153,9738
F698#F8109,18368.91760624458,1016827.1326973113,1035196.0503035559,210,1154,9738
F3464#F8109,18542.053726169845,1040908.219237435,1059450.272963605,211,1155,9738
F2770#F8109,18457.9670995671,1066704.754978355,1085162.7220779222,195,1156,9738
F6149#F8109,19119.52508650519,1026486.196366782,1045605.7214532872,185,1157,9738
F2854#F8109,18369.863439930854,1155527.5,1173897.3634399308,213,1158,9738
F2137#F8109,19410.747841105353,1047429.7357512952,1066840.4835924006,227,1159,9738
F6317#F8109,18765.326143226917,1025648.8369283865,1044414.1630716134,259,1161,9738
F330#F8109,18525.94315245478,1042790.4099913867,1061316.3531438415,227,1162,9738
F8143#F8109,18852.209982788296,1021103.9913941481,1039956.2013769364,217,1163,9738
F3777#F8109,18527.917454858125,1379259.5,1397787.417454858,209,1164,9738
F5819#F8109,18424.81529209622,1037427.4957044674,1055852.3109965636,209,1165,9738
F8690#F8109,19314.564806866954,1166048.0412017168,1185362.6060085837,296,1166,9738
F8097#F8109,24664.0,1134469.5849056602,1159133.5849056602,175,1168,9738
F4174#F8109,18677.92808219178,1031753.6815068492,1050431.609589041,278,1170,9738
F4138#F8109,19183.382051282053,1016046.6743589743,1035230.0564102564,210,1171,9738
F354#F8109,18480.76857386849,1022918.7976088814,1041399.5661827498,274,1172,9738
F9480#F8109,19209.37627986348,1031512.3796928328,1050721.7559726962,244,1173,9738
F4579#F8109,19192.347826086956,1050159.5140664962,1069351.861892583,282,1174,9738
F9891#F8109,18950.22827938671,1045585.2061328789,1064535.4344122657,297,1176,9738
F7839#F8109,19580.636054421768,1156606.0,1176186.6360544218,158,1177,9738
F4228#F8109,19140.24808836024,1008506.1172472388,1027646.365335599,278,1178,9738
F7534#F8109,19011.12478777589,1014962.8675721561,1033973.992359932,242,1179,9738
F1852#F8109,18742.883799830364,1005446.0729431723,1024188.9567430026,248,1180,9738
F304#F8109,18689.825423728813,998605.5593220339,1017295.3847457627,190,1181,9738
F8040#F8109,19215.25656223539,994893.7036409822,1014108.9602032176,206,1182,9738
F4585#F8109,18580.038071065992,1026136.8147208123,1044716.8527918783,342,1185,9738
F8634#F8109,18933.964556962026,1075066.4641350212,1094000.4286919832,258,1186,9738
F2935#F8109,24713.5,1141689.0,1166402.5,209,1187,9738
F1332#F8109,19606.50379106992,985143.245155855,1004749.7489469249,239,1188,9738
F4870#F8109,18895.892255892257,1032485.3644781145,1051381.2567340068,305,1189,9738
F9922#F8109,19020.984020185027,995232.3296888141,1014253.3137089992,178,1190,9738
F1474#F8109,19322.223529411764,1019450.962184874,1038773.1857142857,232,1191,9738
F6332#F8109,20136.893366918554,993230.2468513853,1013367.1402183039,353,1192,9738
F3500#F8109,19377.458053691276,1030408.9781879195,1049786.4362416107,221,1194,9738
F7526#F8109,19868.22445561139,1133353.0,1153221.2244556113,203,1196,9738
F4303#F8109,18930.815217391304,1031702.9071906355,1050633.7224080267,239,1197,9738
F172#F8109,19397.191311612365,981215.0442773601,1000612.2355889725,221,1198,9738
F5973#F8109,20717.27879799666,999166.3330550918,1019883.6118530885,285,1199,9738
F2596#F8109,18542.452043369474,993169.6413678065,1011712.093411176,206,1200,9738
F3506#F8109,18742.739999999998,1013393.1649999999,1032135.9049999999,256,1203,9738
F4858#F8109,22908.02660016625,1353721.353283458,1376629.3798836241,242,1204,9738
F8716#F8109,19439.132059800664,1086745.8637873754,1106184.995847176,281,1205,9738
F2858#F8109,26220.5,1150279.5,1176500.0,327,1206,9738
F7430#F8109,19716.334991708125,1035749.1185737976,1055465.4535655058,253,1207,9738
F3375#F8109,19467.115161557584,996908.2551781277,1016375.3703396852,256,1208,9738
F8934#F8109,18803.55298013245,995376.3054635761,1014179.8584437085,232,1209,9738
F7435#F8109,18898.61869313482,980095.9966914805,998994.6153846154,210,1210,9738
F397#F8109,19298.936363636363,1012562.1371900826,1031861.073553719,221,1211,9738
F2481#F8109,19622.601156069366,1020509.7027250207,1040132.30388109,221,1215,9738
F4999#F8109,19160.75720164609,1151201.5,1170362.257201646,243,1216,9738
F1912#F8109,20496.84210526316,1058965.1439144737,1079461.9860197369,250,1217,9738
F1929#F8109,19039.237469186526,1024541.9548069022,1043581.1922760888,250,1219,9738
F6012#F8109,19816.242821985234,1008721.8211648893,1028538.0639868745,278,1220,9738
F2657#F8109,19610.095081967214,1025140.8081967212,1044750.9032786884,276,1222,9738
F3069#F8109,19459.9116202946,1011160.7872340425,1030620.6988543371,246,1223,9738
F5067#F8109,20251.545380212592,1045963.5453802126,1066215.0907604252,210,1224,9738
F4513#F8109,19891.44934640523,1033847.5375816993,1053738.9869281047,212,1226,9738
F5883#F8109,19696.078303425773,1168504.0,1188200.0783034258,273,1229,9738
F6336#F8109,20876.973148901543,1051105.5573637104,1071982.5305126118,243,1230,9738
F8308#F8109,20136.357723577235,1041441.0121951218,1061577.3699186991,272,1231,9738
F3444#F8109,19641.943135662066,1006114.6515028434,1025756.5946385055,197,1232,9738
F8452#F8109,19784.045454545452,1037791.6801948051,1057575.7256493506,186,1233,9738
F6078#F8109,19829.11192214112,1014687.2181670723,1034516.3300892134,369,1235,9738
F3393#F8109,19916.2008097166,1032924.0469635627,1052840.2477732794,255,1237,9738
F3691#F8109,19962.342764753437,1111260.8237671787,1131223.166531932,239,1241,9738
F4587#F8109,26431.5,1225826.3674456084,1252257.8674456084,254,1243,9738
F2923#F8109,20468.453740949317,1029848.852775543,1050317.3065164923,227,1244,9738
F6958#F8109,20332.33118971061,1041782.7733118971,1062115.1045016076,236,1245,9738
F128#F8109,19316.502811244984,991818.0016064259,1011134.5044176709,147,1246,9738
F5951#F8109,19424.57704654896,1006530.1613162119,1025954.7383627609,300,1247,9738
F6756#F8109,19749.82518043304,982526.2806736167,1002276.1058540497,259,1248,9738
F7514#F8109,19597.690705128207,993081.1009615386,1012678.7916666669,222,1249,9738
F8378#F8109,20397.317854283425,1147632.5,1168029.8178542834,247,1250,9738
F4638#F8109,23421.7224,1067506.3224,1090928.0448,257,1251,9738
F4072#F8109,19895.756994404474,1038815.1247002397,1058710.8816946442,223,1253,9738
F1683#F8109,20412.95770151636,1051476.9888268157,1071889.946528332,180,1257,9738
F1398#F8109,19917.178997613366,1025270.2450278441,1045187.4240254575,249,1261,9738
F9599#F8109,20221.0206185567,995710.7390959556,1015931.7597145123,224,1263,9738
F7258#F8109,20191.9746634996,1007280.899445764,1027472.8741092636,203,1264,9738
F6438#F8109,20193.901898734177,1012111.9129746836,1032305.8148734177,276,1266,9738
F8784#F8109,20583.245655608214,1133459.5,1154042.7456556081,254,1267,9738
F587#F8109,21370.853985793212,1036754.629834254,1058125.4838200472,234,1268,9738
F4665#F8109,20104.84305993691,1002240.7878548896,1022345.6309148265,229,1269,9738
F9881#F8109,21168.668242710795,1038206.4854215917,1059375.1536643025,222,1270,9738
F4882#F8109,20775.666141732283,1003740.2078740158,1024515.874015748,357,1272,9738
F6762#F8109,20877.400157232703,1022295.0597484276,1043172.4599056602,200,1273,9738
F3534#F8109,20255.622937941873,1008774.7274155539,1029030.3503534958,188,1276,9738
F9540#F8109,20195.815047021944,1064930.9318181819,1085126.7468652038,258,1277,9738
F3808#F8109,26508.0,1299292.0,1325800.0,249,1278,9738
F6833#F8109,25877.0,1030886.2535211267,1056763.2535211267,241,1281,9738
F272#F8109,20997.37861046058,1052883.281811085,1073880.6604215456,274,1282,9738
F2957#F8109,20784.19968798752,1062616.2277691108,1083400.4274570984,309,1283,9738
F9229#F8109,20461.847233047545,1031500.4481683554,1051962.295401403,287,1285,9738
F9217#F8109,20935.279377431907,1022422.0404669261,1043357.319844358,243,1286,9738
F6644#F8109,20311.782270606534,1017602.6780715397,1037914.4603421462,218,1287,9738
F2363#F8109,21280.936285936285,1165775.0,1187055.9362859363,284,1291,9738
F4289#F8109,21764.665375677767,1044430.5151045701,1066195.1804802478,315,1293,9738
F2553#F8109,21056.74245939675,1051297.5591647332,1072354.30162413,168,1296,9738
F1747#F8109,20601.88425925926,1017371.4035493827,1037973.2878086419,170,1297,9738
F1504#F8109,20870.07864302236,1060124.7370855822,1080994.8157286046,255,1298,9738
F7127#F8109,20594.85439137134,1027160.7318952235,1047755.5862865949,202,1299,9738
F8633#F8109,20829.944572748267,1030083.1893764434,1050913.1339491918,292,1303,9738
F3173#F8109,21369.387567152724,1023922.2164236378,1045291.6039907906,291,1304,9738
F5972#F8109,21720.64417177914,1161186.5,1182907.144171779,244,1305,9738
F7962#F8109,22928.085057471268,1038849.6704980844,1061777.7555555557,258,1307,9738
F226#F8109,21439.757459831675,1045345.1660290742,1066784.923488906,274,1309,9738
F5675#F8109,21140.250572956455,1041972.5844155843,1063112.8349885407,248,1311,9738
F8407#F8109,20918.864225781846,1067824.5415713196,1088743.4057971013,250,1313,9738
F4682#F8109,21121.07387661843,1036728.9870525514,1057850.0609291699,253,1314,9738
F4211#F8109,21319.400304414004,1039706.100456621,1061025.5007610351,328,1316,9738
F167#F8109,21658.4452887538,1124733.0113981764,1146391.4566869303,309,1317,9738
F2700#F8109,30930.0,1195205.8329536826,1226135.8329536826,279,1318,9738
F3168#F8109,21275.235204855842,1043914.68892261,1065189.9241274658,284,1320,9738
F6548#F8109,21361.316666666666,1032255.6575757575,1053616.9742424241,230,1322,9738
F9053#F8109,20626.157337367626,1004883.9515885023,1025510.1089258699,203,1324,9738
F7793#F8109,22306.64501510574,1050093.8519637464,1072400.4969788522,242,1326,9738
F1333#F8109,21192.970588235294,1012886.290346908,1034079.2609351433,295,1327,9738
F7797#F8109,20623.52976639035,975962.9118311981,996586.4415975885,325,1328,9738
F1067#F8109,20936.873493975905,1271707.9427710844,1292644.8162650603,252,1332,9738
F2204#F8109,20997.184684684686,1041741.9932432433,1062739.177927928,193,1335,9738
F7982#F8109,22229.25243445693,1076937.9767790262,1099167.2292134832,338,1337,9738
F4281#F8109,23341.44502617801,1048079.3178758415,1071420.7629020195,269,1338,9738
F4332#F8109,21667.582959641255,1028092.3587443945,1049759.9417040357,214,1342,9738
F8144#F8109,20866.53725782414,1026680.4679582712,1047547.0052160952,240,1343,9738
F6961#F8109,21003.81384959047,999050.7103499628,1020054.5241995533,255,1346,9738
F4480#F8109,21491.955423476968,982022.043833581,1003513.999257058,186,1347,9738
F7299#F8109,21435.63474387528,1162358.0,1183793.6347438754,246,1350,9738
F1313#F8109,22330.03259259259,1034254.9629629629,1056584.9955555554,265,1352,9738
F5970#F8109,22169.385355029586,1050493.4178994084,1072662.8032544379,250,1353,9738
F3372#F8109,22180.739098300073,1014209.9889135255,1036390.7280118256,232,1355,9738
F4403#F8109,21677.98671586716,1025132.9977859779,1046810.9845018451,265,1356,9738
F4292#F8109,20989.33407079646,1030836.5774336284,1051825.9115044249,247,1359,9738
F2832#F8109,22195.61662987491,1011698.6990434143,1033894.3156732892,210,1361,9738
F3327#F8109,21835.024246877296,1123874.865540044,1145709.8897869212,309,1364,9738
F316#F8109,29898.0,1176226.7045454546,1206124.7045454546,256,1365,9738
F4209#F8109,22195.24835164835,1019049.0095238095,1041244.2578754579,244,1366,9738
F3765#F8109,22471.610541727674,1033934.7877013178,1056406.3982430454,224,1370,9738
F4404#F8109,23140.87883211679,1006646.2423357666,1029787.1211678834,279,1371,9738
F7736#F8109,21785.375638220277,1024694.9307075128,1046480.306345733,279,1375,9738
F884#F8109,22286.519272727273,1067243.461818182,1089529.981090909,244,1378,9738
F715#F8109,21616.251814223513,1009846.919448476,1031463.1712626995,356,1385,9738
F4633#F8109,22420.1761732852,1114835.5,1137255.676173285,243,1386,9738
F2593#F8109,22597.561327561325,1029868.961038961,1052466.5223665223,267,1388,9738
F258#F8109,22787.78818443804,1002904.0273775215,1025691.8155619595,306,1390,9738
F6417#F8109,21474.4381294964,1019238.7381294963,1040713.1762589928,224,1391,9738
F8337#F8109,21714.176132278935,1018828.7836089145,1040542.9597411935,216,1393,9738
F8286#F8109,22524.157932519738,1014346.6518305814,1036870.8097631012,341,1394,9738
F5451#F8109,22489.121233859398,1062056.3307030129,1084545.4519368722,274,1395,9738
F6404#F8109,22604.361290322584,1036884.4444444445,1059488.805734767,235,1397,9738
F5937#F8109,22091.338582677166,1161515.0,1183606.338582677,305,1400,9738
F9260#F8109,22570.11,1052903.537142857,1075473.647142857,307,1401,9738
F7200#F8109,23135.980728051392,1029704.8615274804,1052840.8422555318,259,1403,9738
F9558#F8109,23204.03064861012,1030057.273699216,1053261.3043478262,216,1405,9738
F8516#F8109,23175.48327402135,1026375.9971530249,1049551.4804270463,289,1406,9738
F5890#F8109,23877.91749644381,1043947.880512091,1067825.7980085348,279,1408,9738
F2681#F8109,22630.061079545456,1061779.5696022727,1084409.6306818181,238,1409,9738
F8959#F8109,22957.281760113558,1131968.0,1154925.2817601135,233,1410,9738
F4509#F8109,30256.5,1056524.4936170212,1086780.9936170212,317,1412,9738
F5852#F8109,22575.773371104813,1031659.2917847025,1054235.0651558072,235,1416,9738
F7410#F8109,23088.293785310736,1028642.9300847457,1051731.2238700564,345,1417,9738
F7685#F8109,22890.14255469301,1034370.4573041637,1057260.5998588568,296,1418,9738
F8594#F8109,22918.150916784205,1043010.0317348379,1065928.1826516222,271,1419,9738
F3484#F8109,24389.326990838617,1068161.3939393938,1092550.7209302324,261,1421,9738
F9418#F8109,23251.351161154118,1074048.3082336383,1097299.6593947925,262,1422,9738
F9594#F8109,22849.056962025315,1173534.5,1196383.5569620254,275,1423,9738
F2834#F8109,22977.339423752634,1027514.6718200983,1050492.011243851,278,1426,9738
F3483#F8109,23127.206872370265,1043056.9438990181,1066184.1507713883,313,1427,9738
F6735#F8109,23171.226348983884,1022508.0420462509,1045679.2683952348,260,1428,9738
F3837#F8109,22637.841736694678,1036380.2485994397,1059018.0903361344,338,1429,9738
F4855#F8109,22669.853044086773,1031441.2876137159,1054111.1406578026,259,1430,9738
F7114#F8109,24241.94055944056,1048981.0405594406,1073222.9811188811,237,1431,9738
F2527#F8109,23058.18169112509,1088884.7274633124,1111942.9091544375,255,1433,9738
F2493#F8109,29624.0,1124704.5,1154328.5,248,1436,9738
F3431#F8109,22624.74442896936,981678.1441504178,1004302.8885793871,288,1437,9738
F9454#F8109,22367.08698677801,1009921.6437021572,1032288.7306889351,213,1439,9738
F1836#F8109,23356.21959694232,1018880.5559416261,1042236.7755385684,263,1440,9738
F9400#F8109,23146.062500000004,1030371.038888889,1053517.1013888891,262,1441,9738
F7538#F8109,23207.241498959058,1027670.7633587787,1050878.0048577378,277,1445,9738
F7194#F8109,23715.400692041523,1009470.1121107267,1033185.5128027681,278,1446,9738
F7936#F8109,22929.846473029047,1145049.0,1167978.846473029,377,1447,9738
F5415#F8109,24183.379405666896,1059616.5487214928,1083799.9281271596,213,1449,9738
F1370#F8109,23290.10213940649,1015115.1939268463,1038405.2960662527,282,1451,9738
F2611#F8109,22923.787732598208,1046851.972432805,1069775.7601654031,283,1452,9738
F5697#F8109,24884.22865013774,1033657.8126721763,1058542.041322314,243,1454,9738
F7367#F8109,23304.985557083906,1046509.7902338377,1069814.7757909216,327,1457,9738
F4363#F8109,24062.50377487989,1035282.0700068633,1059344.5737817432,294,1458,9738
F1251#F8109,23088.409465020573,1054562.4259259258,1077650.8353909464,168,1461,9738
F5519#F8109,23940.728268309376,1169998.0,1193938.7282683093,285,1463,9738
F65#F8109,24704.874914559125,1031504.5796308953,1056209.4545454544,245,1464,9738
F4742#F8109,23113.77732240437,1000914.2178961748,1024027.9952185791,236,1465,9738
F3247#F8109,23720.180204778157,1041910.7167235494,1065630.8969283276,287,1466,9738
F4916#F8109,23219.82810368349,997353.8594815824,1020573.687585266,335,1467,9738
F4601#F8109,23863.056578050444,1019076.5371506477,1042939.5937286982,314,1472,9738
F1806#F8109,23102.684103260868,1002952.8913043478,1026055.5754076086,262,1473,9738
F511#F8109,23046.635437881876,1172185.5,1195232.1354378818,247,1474,9738
F5785#F8109,25597.354138398914,1073455.7666214383,1099053.1207598373,334,1475,9738
F4390#F8109,23573.75593220339,1055100.5511864407,1078674.3071186442,256,1479,9738
F6440#F8109,23928.313725490196,1023703.4489519945,1047631.7626774848,237,1481,9738
F9051#F8109,23653.71370695476,1047036.2997974341,1070690.013504389,286,1485,9738
F9679#F8109,23429.767003367,1041336.764983165,1064766.531986532,292,1486,9738
F5949#F8109,24953.78129205922,1038455.3559892328,1063409.137281292,267,1487,9738
F2076#F8109,23458.765299260253,1039053.2885003361,1062512.0537995964,216,1488,9738
F8949#F8109,23060.487231182797,1156235.5,1179295.9872311829,215,1489,9738
F5216#F8109,24227.91067830759,1031781.3169912694,1056009.2276695769,306,1493,9738
F2692#F8109,23307.180174146015,1009588.6202277294,1032895.8004018754,267,1495,9738
F5625#F8109,24434.64481605351,985643.8254180603,1010078.4702341139,306,1497,9738
F1220#F8109,23551.722110888444,1006437.8543754176,1029989.576486306,354,1498,9738
F194#F8109,23762.852469959947,995572.1575433912,1019335.0100133512,246,1499,9738
F1097#F8109,24009.955970647097,1041558.3428952635,1065568.2988659106,221,1502,9738
F1303#F8109,23701.76964047936,1090884.8049267645,1114586.574567244,316,1503,9738
F4344#F8109,31676.0,1225431.4803725882,1257107.4803725882,241,1505,9738
F6844#F8109,24500.51561461794,1044413.0823920266,1068913.5980066445,172,1507,9738
F6592#F8109,24289.192435301928,1034532.1493032516,1058821.3417385535,323,1509,9738
F7911#F8109,24709.706428098078,1014746.1451292246,1039455.8515573227,269,1511,9738
F9278#F8109,24133.96161482462,1055373.9986763732,1079507.9602911978,304,1512,9738
F7100#F8109,24556.626984126982,1004302.7182539683,1028859.3452380953,304,1515,9738
F5013#F8109,23867.74389438944,1012131.6330033004,1035999.3768976899,216,1516,9738
F1059#F8109,23693.618733509236,1257541.966358839,1281235.5850923483,364,1517,9738
F444#F8109,24638.230718523402,1063157.36717205,1087795.5978905736,383,1518,9738
F2262#F8109,24939.544137022396,1063853.936758893,1088793.4808959155,266,1522,9738
F3220#F8109,24605.155716162946,1044802.0157687254,1069407.1714848883,210,1523,9738
F9215#F8109,24672.504267892316,1021619.4261326329,1046291.9304005252,320,1526,9738
F6789#F8109,24835.264089121887,1046045.0327653998,1070880.2968545216,224,1527,9738
F7649#F8109,24836.254092992796,1024202.2894564505,1049038.5435494434,226,1528,9738
F8696#F8109,25590.73691099476,1042000.4914921465,1067591.2284031413,286,1529,9738
F2710#F8109,25617.465009810334,1157531.0,1183148.4650098104,279,1531,9738
F1715#F8109,24175.78053559765,1035039.6133246244,1059215.393860222,283,1532,9738
F4268#F8109,23986.64686684073,1036051.8328981722,1060038.4797650129,295,1533,9738
F6931#F8109,24987.28897586432,1035931.3137638618,1060918.6027397262,391,1534,9738
F2078#F8109,25016.297262059972,1035099.3318122554,1060115.6290743153,281,1535,9738
F2607#F8109,24884.38045602606,1018779.6729641695,1043664.0534201956,298,1537,9738
F6499#F8109,25960.87963565387,1037204.3851659076,1063165.2648015614,263,1538,9738
F8406#F8109,25054.776332899866,1162267.6885565668,1187322.4648894668,309,1541,9738
F9237#F8109,33769.5,1201815.7650876055,1235585.2650876055,252,1543,9738
F4081#F8109,25035.214517174336,1055140.3810758262,1080175.5955930005,292,1544,9738
F4112#F8109,25128.507772020726,1051620.4404145079,1076748.9481865286,310,1546,9738
F3868#F8109,24859.069210866754,1057084.3124191463,1081943.381630013,378,1547,9738
F8033#F8109,24854.055591467357,1035451.8965740142,1060305.9521654816,337,1548,9738
F5360#F8109,25464.43927648579,1013545.3223514212,1039009.761627907,182,1549,9738
F8601#F8109,24363.41639767592,1030478.7927695287,1054842.2091672046,315,1551,9738
F8968#F8109,25603.973565441655,1178512.0,1204115.9735654416,278,1553,9738
F3313#F8109,25741.107533805538,1054145.8145524792,1079886.9220862847,302,1555,9738
F1721#F8109,25281.02893890675,1057745.2090032154,1083026.2379421222,214,1560,9738
F3666#F8109,26704.19230769231,1068133.6487179487,1094837.841025641,268,1562,9738
F5101#F8109,25965.61267605634,1070281.7612035852,1096247.3738796415,259,1563,9738
F8761#F8109,24995.943698016636,1038211.7882277671,1063207.7319257837,401,1565,9738
F1711#F8109,25570.32843450479,1023093.3162939297,1048663.6447284345,213,1566,9738
F4083#F8109,25772.87356321839,1128977.0217113665,1154749.8952745849,246,1568,9738
F6348#F8109,35603.0,1220661.987244898,1256264.987244898,331,1569,9738
F5845#F8109,25107.992351816443,1026830.0318674315,1051938.024219248,289,1570,9738
F4890#F8109,26010.556687898094,1056661.604458599,1082672.161146497,366,1571,9738
F1704#F8109,25100.914704010185,1057742.8733290897,1082843.7880330998,193,1573,9738
F8532#F8109,25490.522568340748,1070377.5206611569,1095868.0432294975,262,1576,9738
F3799#F8109,26428.75888324873,1004065.6935279188,1030494.4524111676,285,1577,9738
F5325#F8109,24478.932783766646,993934.6987951807,1018413.6315789473,285,1581,9738
F8241#F8109,24720.2321315623,1147180.5,1171900.7321315622,345,1583,9738
F4456#F8109,25391.028427037272,1064630.803537587,1090021.831964624,305,1586,9738
F3944#F8109,26543.43001261034,1025740.8650693569,1052284.2950819673,336,1588,9738
F3440#F8109,27226.45654911839,1063917.3513853904,1091143.8079345087,297,1593,9738
F6532#F8109,25417.663527934714,1065808.5266792215,1091226.1902071564,299,1597,9738
F0#F8109,25433.81214777708,1056817.8484658734,1082251.6606136505,372,1599,9738
F2566#F8109,26293.43339587242,1001358.8492808004,1027652.2826766729,320,1600,9738
F5402#F8109,26810.175000000003,1056497.225,1083307.4000000001,393,1603,9738
F7496#F8109,36715.5,1216592.4741110418,1253307.9741110418,159,1604,9738
F237#F8109,25045.756234413966,1051461.9033665834,1076507.6596009973,291,1607,9738
F2592#F8109,26423.43248288737,1046804.9981331674,1073228.4306160547,326,1608,9738
F1469#F8109,25457.40671641791,1030793.5410447762,1056250.947761194,284,1611,9738
F7833#F8109,25590.875232774677,1055152.5611421478,1080743.4363749225,215,1612,9738
F3510#F8109,25547.657568238214,1058688.8821339952,1084236.5397022334,183,1614,9738
F1896#F8109,25412.735439900865,1014542.1995043369,1039954.9349442378,340,1615,9738
F7231#F8109,26371.617956656344,1302722.282972136,1329093.9009287923,360,1617,9738
F4197#F8109,26543.79035250464,1045392.4050711194,1071936.195423624,411,1619,9738
F3159#F8109,27434.935145151325,1277833.5,1305268.4351451513,390,1620,9738
F8213#F8109,27056.69135802469,1072334.52654321,1099391.2179012347,242,1621,9738
F6638#F8109,26391.270820481182,1091380.861196792,1117772.1320172732,283,1622,9738
F2577#F8109,27501.5160295931,1073022.549321825,1100524.065351418,264,1627,9738
F3673#F8109,26374.381069452982,1065974.7473878304,1092349.1284572834,302,1629,9738
F9070#F8109,26612.326580724373,1017258.0847145489,1043870.4112952732,227,1630,9738
F3091#F8109,26598.307975460124,1178464.5,1205062.80797546,207,1631,9738
F4985#F8109,26450.949110974863,1053645.866339669,1080096.815450644,251,1637,9738
F6391#F8109,27579.654245571168,1053112.066585217,1080691.7208307881,325,1639,9738
F701#F8109,27152.608907870654,1035428.7699816962,1062581.3788895668,200,1642,9738
F148#F8109,26582.70036540804,1059595.7448233862,1086178.4451887943,273,1647,9738
F5408#F8109,26222.80449301761,1050186.7255616274,1076409.5300546451,299,1649,9738
F5529#F8109,26428.01697998787,1038258.2474226804,1064686.2644026682,340,1650,9738
F7121#F8109,25941.40606060606,1175633.5,1201574.906060606,289,1652,9738
F4964#F8109,29211.67191283293,1063540.4001210656,1092752.0720338984,309,1653,9738
F6925#F8109,27621.678765880217,1060616.3290986086,1088238.0078644888,235,1657,9738
F6267#F8109,28211.939649969827,1051641.5503922752,1079853.490042245,394,1661,9738
F3461#F8109,27280.486453943406,1053808.4575556894,1081088.9440096328,314,1668,9738
F9081#F8109,27386.798561151078,1062420.3597122303,1089807.1582733814,300,1670,9738
F8937#F8109,27104.220359281433,1068813.6251497006,1095917.845508982,250,1671,9738
F2014#F8109,27235.558946738478,1094669.6307600238,1121905.1897067623,360,1673,9738
F9405#F8109,27391.362821279137,1191418.0,1218809.362821279,268,1674,9738
F9612#F8109,30127.98685782557,1041416.7413381123,1071544.7281959378,364,1675,9738
F8659#F8109,27345.61253731343,1056928.4991044775,1084274.111641791,316,1677,9738
F6220#F8109,27975.95706618962,1035287.7280858675,1063263.685152057,370,1680,9738
F227#F8109,26336.66726190476,1019409.4303571428,1045746.0976190476,323,1681,9738
F4752#F8109,28340.234384295065,1068034.779298037,1096375.0136823321,250,1689,9738
F9484#F8109,27010.98283007697,1026495.3937240972,1053506.376554174,250,1690,9738
F8433#F8109,27240.198816568045,1193273.4887573963,1220513.6875739645,182,1692,9738
F3694#F8109,35510.5,1151881.3788416074,1187391.8788416074,292,1693,9738
F4165#F8109,26765.34435912581,1023165.8452451269,1049931.1896042526,325,1696,9738
F9473#F8109,27204.04245283019,1017654.6509433961,1044858.6933962264,309,1698,9738
F3352#F8109,27248.03769140165,1036593.1195524146,1063841.1572438162,221,1699,9738
F801#F8109,27295.05591524426,1048967.0394349617,1076262.095350206,424,1700,9738
F4195#F8109,27418.11882352941,1015006.7117647058,1042424.8305882353,238,1701,9738
F9590#F8109,27129.763668430332,1029406.3350970017,1056536.0987654321,300,1704,9738
F139#F8109,28048.29401408451,1158674.5,1186722.7940140846,263,1707,9738
F9509#F8109,28164.84417106034,1024700.5594610428,1052865.403632103,214,1711,9738
F2872#F8109,29316.450029222677,1036123.691408533,1065440.1414377557,411,1718,9738
F3191#F8109,28096.670547147845,1066769.4295692665,1094866.1001164143,365,1720,9738
F151#F8109,28803.15058139535,1027968.8470930234,1056771.9976744186,334,1723,9738
F2067#F8109,27233.575159605338,1015622.5333720255,1042856.1085316308,344,1725,9738
F1308#F8109,28807.690434782613,1023390.9263768117,1052198.6168115942,303,1726,9738
F689#F8109,27765.135573580534,1095786.271147161,1123551.4067207417,312,1728,9738
F5085#F8109,27401.0,1139277.0,1166678.0,322,1730,9738
F8969#F8109,27432.6774566474,1011752.3052023122,1039184.9826589596,281,1732,9738
F9610#F8109,28483.250577367202,1017158.7759815241,1045642.0265588914,308,1735,9738
F1069#F8109,28465.13429394813,1047888.7838616715,1076353.9181556196,264,1738,9738
F1090#F8109,29230.563866513236,1057815.2727272727,1087045.836593786,379,1744,9738
F7415#F8109,28631.852064220184,1071671.6697247706,1100303.5217889908,467,1749,9738
F9797#F8109,28823.770154373928,1043929.0400228703,1072752.8101772442,390,1753,9738
F5975#F8109,28523.26183685111,1179418.5,1207941.761836851,309,1754,9738
F651#F8109,28442.20638540479,1045318.6231470923,1073760.829532497,320,1755,9738
F8333#F8109,27627.448433048434,1001917.4866096866,1029544.9350427351,209,1757,9738
F4671#F8109,27096.809334092206,1004385.9965850883,1031482.8059191805,265,1759,9738
F6811#F8109,27973.89425810119,1029398.8857305286,1057372.7799886297,215,1760,9738
F8456#F8109,28439.488636363636,1034865.634090909,1063305.1227272726,278,1764,9738
F1680#F8109,28135.768707482996,1026261.3792517007,1054397.1479591837,225,1767,9738
F4129#F8109,28257.94793435201,1172129.1884550084,1200387.1363893605,393,1769,9738
F6949#F8109,39096.5,1221187.936687394,1260284.436687394,334,1770,9738
F5021#F8109,28474.137853107346,1069181.7514124294,1097655.8892655368,335,1772,9738
F8072#F8109,28858.276523702032,1037305.0564334086,1066163.3329571106,358,1773,9738
F898#F8109,29916.708967851097,1045037.5070501973,1074954.2160180483,404,1775,9738
F7757#F8109,30471.414084507043,1034219.0264788733,1064690.4405633805,526,1778,9738
F2359#F8109,29470.56580427447,1196126.3588301463,1225596.9246344208,312,1779,9738
F76#F8109,34975.0,1076891.9955030917,1111866.9955030917,313,1780,9738
F4994#F8109,28408.884269662918,1221654.0,1250062.884269663,315,1782,9738
F585#F8109,30497.30303030303,1056828.9180695848,1087326.2210998877,239,1786,9738
F4676#F8109,29336.815229563268,1086830.6942889136,1116167.509518477,340,1788,9738
F8734#F8109,29068.35850111857,1031218.4647651007,1060286.8232662193,321,1795,9738
F2223#F8109,28175.68802228412,1074114.0590529246,1102289.7470752087,381,1796,9738
F5646#F8109,29728.57516703786,1067792.6436525611,1097521.218819599,298,1799,9738
F8163#F8109,30386.5881045025,1062663.1395219567,1093049.7276264592,317,1802,9738
F289#F8109,29110.14539400666,1093273.3634850166,1122383.5088790234,278,1803,9738
F7819#F8109,41992.5,1160662.0,1202654.5,327,1807,9738
F2461#F8109,29636.39180962922,1046029.5561704482,1075665.9479800775,334,1808,9738
F3516#F8109,32558.935287610617,1051172.3125,1083731.2477876106,251,1811,9738
F8549#F8109,30332.84925455549,1038304.2738818332,1068637.1231363886,253,1815,9738
F4134#F8109,29700.354820936638,1038563.8964187327,1068264.2512396693,258,1816,9738
F2555#F8109,28357.769273127753,1056978.2296255506,1085335.9988986782,283,1819,9738
F7841#F8109,29338.3738317757,1056318.7592083563,1085657.133040132,336,1823,9738
F8710#F8109,30381.656609983547,1171253.5,1201635.1566099836,280,1824,9738
F1456#F8109,29358.241228070176,1053768.8399122807,1083127.0811403508,298,1828,9738
F4051#F8109,30449.648249452955,1052383.387308534,1082833.035557987,501,1829,9738
F5290#F8109,28753.712411153632,1043897.4357572444,1072651.148168398,336,1830,9738
F5142#F8109,30474.643715846996,1040589.3174863389,1071063.9612021858,382,1831,9738
F8353#F8109,29424.104860731844,1057230.5521572912,1086654.657018023,250,1833,9738
F3989#F8109,29454.995635570103,1051152.746863066,1080607.742498636,276,1841,9738
F733#F8109,30296.447582835415,1036048.4584464965,1066344.906029332,362,1842,9738
F1449#F8109,28905.684039087948,1180873.5,1209779.184039088,406,1843,9738
F4610#F8109,30050.296256104175,1068406.3960933262,1098456.6923494304,271,1844,9738
F2302#F8109,30064.158351409977,1059234.2375271148,1089298.3958785248,382,1854,9738
F7838#F8109,30410.770226537217,1067537.3635382955,1097948.1337648327,322,1856,9738
F6081#F8109,30795.739762931033,1030137.6993534482,1060933.4391163792,334,1861,9738
F4939#F8109,29711.957012358947,1040913.0295540033,1070624.9865663622,341,1862,9738
F3485#F8109,30850.54511278195,1048153.6691729323,1079004.2142857143,225,1869,9738
F1644#F8109,30283.7998929909,1178347.5,1208631.2998929908,320,1874,9738
F2627#F8109,30524.542155816434,1075453.5389541087,1105978.0811099252,391,1876,9738
F112#F8109,31145.59328358209,1068940.4941364606,1100086.0874200426,370,1877,9738
F5459#F8109,30921.465103889183,1051040.6595631326,1081962.1246670217,375,1878,9738
F4856#F8109,30964.220447284344,1066259.2779552715,1097223.498402556,325,1883,9738
F8392#F8109,30702.296335634626,1028622.9782262348,1059325.2745618694,367,1884,9738
F9730#F8109,30017.453290870486,1052944.0408704882,1082961.4941613586,312,1889,9738
F3651#F8109,29921.64637374272,1049769.2795129698,1079690.9258867125,315,1891,9738
F7727#F8109,29505.594923320998,1180076.5,1209582.094923321,352,1892,9738
F7139#F8109,30934.027484143764,1056704.170718816,1087638.19820296,222,1899,9738
F6751#F8109,30481.06951026856,1057415.6287519746,1087896.698262243,357,1903,9738
F4575#F8109,31905.923804519178,1043226.2038885969,1075132.127693116,241,1907,9738
F2615#F8109,31003.48138437336,1070530.5616151022,1101534.0429994755,396,1909,9738
F7963#F8109,30584.01257202724,1022199.1828182295,1052783.1953902568,326,1910,9738
F181#F8109,30578.4109947644,1049102.2293193717,1079680.6403141362,300,1919,9738
F5921#F8109,32681.781136008336,1139423.5,1172105.2811360084,224,1926,9738
F5542#F8109,41934.5,1146388.199376947,1188322.699376947,474,1928,9738
F2982#F8109,31020.22406639004,1027174.6556016598,1058194.8796680497,242,1932,9738
F8204#F8109,31201.141304347828,1044206.1997929608,1075407.3410973086,335,1933,9738
F2873#F8109,30906.980858768755,1012801.6823590274,1043708.6632177962,335,1934,9738
F6080#F8109,30381.70113753878,1028015.2740434333,1058396.9751809721,246,1935,9738
F6027#F8109,30138.56744186047,994346.6087855297,1024485.1762273902,365,1936,9738
F1499#F8109,30019.748966942145,1014739.1363636362,1044758.8853305784,414,1942,9738
F3493#F8109,31242.188465499483,1169646.5,1200888.6884654996,331,1945,9738
F5910#F8109,33221.07146529563,1057845.6,1091066.6714652958,291,1946,9738
F1112#F8109,31550.564234326826,1038773.9337101748,1070324.4979445017,250,1949,9738
F2107#F8109,31230.01539250898,1033490.9953822474,1064721.0107747563,267,1950,9738
F9998#F8109,31996.399999999998,1027096.4461538461,1059092.846153846,386,1951,9738
F8892#F8109,30700.439261916967,1030365.1614556637,1061065.6007175806,252,1953,9738
F9144#F8109,30170.667178699434,1001626.2688172042,1031796.9359959036,244,1957,9738
F7052#F8109,30357.50434338273,1100906.2606029639,1131263.7649463466,281,1958,9738
F2068#F8109,43564.5,1212034.9836567924,1255599.4836567924,369,1966,9738
F7889#F8109,32340.66632756867,1040439.567650051,1072780.2339776196,303,1970,9738
F5062#F8109,30594.519796954315,1047716.0807106599,1078310.6005076142,339,1973,9738
F1287#F8109,31083.892549417127,1072887.0349721236,1103970.9275215408,246,1980,9738
F7825#F8109,32354.230303030305,1016396.1858585859,1048750.416161616,278,1984,9738
F8555#F8109,31373.805443548386,1057479.7353830645,1088853.5408266129,433,1985,9738
F1030#F8109,31379.633249370276,1034290.3113350125,1065669.944584383,271,1994,9738
F5873#F8109,32023.087261785353,1213115.5,1245138.5872617853,361,1996,9738
F4678#F8109,32371.209919839675,1083828.7284569137,1116199.9383767534,339,1997,9738
F69#F8109,33025.04156234351,1064931.4641962943,1097956.5057586378,392,1999,9738
F8506#F8109,32290.484242121063,1027166.255627814,1059456.739869935,308,2003,9738
F9116#F8109,34319.325012481284,1048611.2121817274,1082930.5371942087,260,2006,9738
F7183#F8109,31949.911266201394,1040907.6879361913,1072857.5992023926,331,2014,9738
F975#F8109,31815.764647467728,1061428.942403178,1093244.7070506457,356,2030,9738
F6403#F8109,32843.17093596059,1107956.5226600985,1140799.693596059,401,2031,9738
F7277#F8109,43797.5,1219785.9862136878,1263583.4862136878,366,2033,9738
F5331#F8109,34727.98524348254,1069355.2400393507,1104083.2252828332,339,2043,9738
F4821#F8109,33273.27851199217,1063437.272638277,1096710.551150269,351,2044,9738
F4860#F8109,33578.5831702544,1060720.7201565558,1094299.3033268102,350,2048,9738
F4181#F8109,33066.1376953125,1071627.0,1104693.1376953125,478,2049,9738
F7776#F8109,32498.318692044897,1063745.568081991,1096243.8867740359,414,2053,9738
F8090#F8109,32878.00681928884,1061561.8265952265,1094439.8334145155,353,2054,9738
F6144#F8109,32727.925998052582,1171277.5,1204005.4259980526,443,2055,9738
F7316#F8109,33150.32408759124,1079834.102189781,1112984.426277372,454,2058,9738
F7722#F8109,32950.96355685131,1059860.7376093294,1092811.7011661807,450,2061,9738
F8909#F8109,33608.29888403688,1068186.0339640952,1101794.3328481321,354,2062,9738
F240#F8109,33538.46993210475,1066448.0892337537,1099986.5591658584,402,2069,9738
F4910#F8109,33547.57274045432,1084819.6848719188,1118367.257612373,236,2072,9738
F4093#F8109,33796.30308880309,1088310.9932432433,1122107.2963320464,366,2073,9738
F9775#F8109,34735.748191027495,1131038.3415340085,1165774.089725036,290,2074,9738
F3706#F8109,44326.5,1203946.5101253616,1248273.0101253616,357,2078,9738
F5527#F8109,32988.753609239655,1057128.1111645813,1090116.8647738209,257,2085,9738
F1727#F8109,34240.87769784173,1069314.2019184653,1103555.079616307,281,2093,9738
F4978#F8109,34670.55709507884,1055490.054467272,1090160.6115623508,255,2094,9738
F6281#F8109,34451.87392550143,1060832.2445081184,1095284.1184336198,459,2096,9738
F4880#F8109,33928.34351145038,1071216.1784351144,1105144.5219465648,368,2098,9738
F7413#F8109,33683.0471877979,1063985.9013346045,1097668.9485224024,392,2099,9738
F5072#F8109,34085.23106241067,1176821.5,1210906.7310624106,381,2100,9738
F2385#F8109,33893.43619047619,1056125.8438095239,1090019.28,425,2104,9738
F1986#F8109,34910.696768060836,1058048.5960076046,1092959.2927756654,342,2113,9738
F2987#F8109,34130.27449124467,1057676.1665877898,1091806.4410790345,290,2115,9738
F9899#F8109,33430.846335697395,1056896.6808510637,1090327.5271867611,358,2120,9738
F6865#F8109,34953.2429245283,1057994.3985849055,1092947.6415094337,433,2125,9738
F4499#F8109,34581.51670588235,1074911.7303529412,1109493.2470588235,465,2127,9738
F6977#F8109,35408.46356370475,1118546.5712270804,1153955.034790785,434,2131,9738
F536#F8109,45058.0,1234766.3796339747,1279824.3796339747,353,2135,9738
F9086#F8109,35640.0093676815,1048139.7292740047,1083779.7386416863,314,2138,9738
F4581#F8109,34676.40785781104,1072796.613657624,1107473.021515435,430,2140,9738
F3103#F8109,34694.72897196262,1042176.3588785047,1076871.0878504673,314,2144,9738
F9835#F8109,33218.95895522388,1020484.0569029851,1053703.015858209,386,2146,9738
F1675#F8109,33013.73904939422,1056551.7539608574,1089565.4930102516,379,2148,9738
F5146#F8109,34555.07960893855,1059166.8649906889,1093721.9445996275,512,2149,9738
F8485#F8109,33160.42345276873,1183404.5,1216564.9234527687,328,2150,9738
F7933#F8109,35470.42465116279,1048411.8618604651,1083882.286511628,409,2153,9738
F4038#F8109,36876.11983279145,1014640.0492336275,1051516.169066419,371,2154,9738
F6755#F8109,33349.936861652735,1021470.5608170844,1054820.4976787372,379,2156,9738
F4086#F8109,34968.211502782935,1030265.6382189239,1065233.849721707,280,2157,9738
F2415#F8109,33852.66110338433,1052581.3226703755,1086433.9837737598,375,2161,9738
F827#F8109,35351.68764460898,1063046.9375289218,1098398.6251735308,329,2163,9738
F9043#F8109,34632.003698566805,1161059.5339805826,1195691.5376791493,382,2164,9738
F844#F8109,45487.5,1102728.5,1148216.0,403,2165,9738
F8873#F8109,35242.58106235566,1032603.9131639723,1067846.494226328,468,2172,9738
F6448#F8109,34016.293738489876,1002763.505524862,1036779.7992633518,373,2174,9738
F3679#F8109,34567.75896964122,1042845.6789328428,1077413.437902484,390,2186,9738
F2804#F8109,35177.15462031107,1018894.3476669716,1054071.5022872826,321,2188,9738
F2283#F8109,34139.595978062156,1024489.0169104204,1058628.6128884826,346,2189,9738
F6360#F8109,35631.99223389676,1018136.0653266333,1053768.05756053,320,2193,9738
F4340#F8109,33051.15184678523,1162698.5,1195749.6518467853,281,2196,9738
F2968#F8109,35667.684881602916,1073532.4207650274,1109200.1056466303,235,2206,9738
F1436#F8109,36100.3572076156,1034777.8617407073,1070878.2189483228,357,2207,9738
F999#F8109,35123.39284096058,1014366.8726778432,1049490.2655188038,380,2212,9738
F6557#F8109,35928.235081374325,1062577.1523508138,1098505.3874321883,438,2213,9738
F1092#F8109,36072.082693176686,1030522.3095345686,1066594.3922277451,307,2217,9738
F1261#F8109,34431.52909336942,1073428.5791610286,1107860.108254398,382,2220,9738
F6513#F8109,36235.61531531531,1121487.4396396396,1157723.054954955,529,2222,9738
F8807#F8109,47572.0,1279648.7632763276,1327220.7632763276,371,2224,9738
F8301#F8109,35607.00314748201,1074700.0112410074,1110307.0143884893,401,2225,9738
F4066#F8109,36741.01662921349,1086155.7393258428,1122896.7559550563,432,2234,9738
F8078#F8109,37984.940913160244,1057183.7699194269,1095168.7108325872,362,2237,9738
F4145#F8109,37095.7174787662,1072718.2691104156,1109813.9865891817,372,2244,9738
F4732#F8109,36604.0320855615,1043025.2406417113,1079629.2727272727,507,2252,9738
F6157#F8109,36461.18339253997,1051630.7690941386,1088091.9524866785,415,2253,9738
F158#F8109,35876.582778517535,1229027.5,1264904.0827785176,310,2257,9738
F3638#F8109,41260.39565795304,1092476.5352237485,1133736.9308817016,498,2263,9738
F7411#F8109,36836.52673442333,1061954.7083517455,1098791.2350861689,358,2265,9738
F6623#F8109,38739.242384105964,1038864.1589403974,1077603.4013245034,409,2268,9738
F9436#F8109,36341.01851851852,1046174.7398589065,1082515.758377425,280,2270,9738
F8654#F8109,36821.4114537445,1085593.1162995596,1122414.527753304,268,2279,9738
F3121#F8109,36005.54409828872,1060677.1478718738,1096682.6919701626,389,2285,9738
F2124#F8109,36449.87571115974,1138950.0210065646,1175399.8967177244,354,2287,9738
F5012#F8109,53756.5,1220785.0,1274541.5,387,2289,9738
F568#F8109,38980.7623416339,1081231.7177806902,1120212.480122324,422,2297,9738
F8069#F8109,38881.29734436222,1086077.5550718328,1124958.852416195,374,2303,9738
F434#F8109,38847.70733825445,1047211.6435084671,1086059.3508467216,517,2305,9738
F2641#F8109,37159.30065075922,1042769.4195227766,1079928.7201735359,342,2308,9738
F7920#F8109,37070.122183708845,1078048.4571057193,1115118.5792894282,476,2311,9738
F9857#F8109,38047.83210731285,1050887.4582431847,1088935.2903504975,398,2324,9738
F4508#F8109,37991.34036144578,1200800.0,1238791.3403614457,401,2325,9738
F1316#F8109,39532.75741935484,1061098.2696774194,1100631.0270967742,442,2331,9738
F6156#F8109,38451.30158730159,1068122.2205062206,1106573.5220935221,263,2336,9738
F1100#F8109,36866.14212328767,1077768.9670376712,1114635.109160959,349,2343,9738
F3993#F8109,39077.81562099872,1047478.5518565942,1086556.3674775928,441,2349,9738
F3509#F8109,37204.06641123882,1036414.2324393358,1073618.2988505745,409,2364,9738
F424#F8109,38314.72081218274,1072478.61928934,1110793.3401015226,405,2368,9738
F7393#F8109,39859.43369932433,1046392.9894425676,1086252.4231418918,531,2371,9738
F4388#F8109,38785.90299451708,1192708.5,1231494.402994517,346,2377,9738
F8837#F8109,39928.927219183846,1057555.4867480015,1097484.4139671854,280,2388,9738
F9629#F8109,37884.98576214405,1079657.324120603,1117542.309882747,396,2398,9738
F4408#F8109,38171.727689741456,1075379.9470391995,1113551.674728941,353,2407,9738
F3790#F8109,38195.862068965514,1027402.6622351474,1065598.524304113,513,2408,9738
F6915#F8109,37886.816860465115,1024787.398255814,1062674.2151162792,412,2415,9738
F1136#F8109,38546.8248447205,1081609.947826087,1120156.7726708075,268,2418,9738
F147#F8109,38207.844086021505,1169375.0,1207582.8440860214,542,2423,9738
F1950#F8109,40629.508873297564,1089039.1766405283,1129668.6855138259,410,2425,9738
F9768#F8109,39726.048659793814,1060927.4964948455,1100653.5451546393,326,2431,9738
F8781#F8109,38776.69888934595,1073618.6445907035,1112395.3434800494,363,2435,9738
F2600#F8109,39968.80164271047,1073785.2353182752,1113754.0369609857,311,2437,9738
F3849#F8109,39982.79277800575,1062213.4201887567,1102196.2129667625,301,2453,9738
F7255#F8109,38316.492865878514,1036684.5271096616,1075001.0199755402,441,2459,9738
F947#F8109,39228.94672631151,1096385.6852379015,1135614.631964213,368,2460,9738
F4067#F8109,46211.0,1182600.5,1228811.5,281,2465,9738
F2184#F8109,38190.96146044625,1075394.8239350913,1113585.7853955375,444,2467,9738
F6171#F8109,39033.703688690715,1076882.7361167409,1115916.4398054315,299,2473,9738
F4118#F8109,40872.371613424984,1070202.9822078447,1111075.3538212697,405,2485,9738
F7291#F8109,40354.4523138833,1081636.8325955735,1121991.2849094567,487,2487,9738
F8502#F8109,39709.45396059509,1065898.6964213913,1105608.1503819865,365,2494,9738
F7867#F8109,39382.315557337606,1018787.0132317562,1058169.3287890938,499,2497,9738
F6299#F8109,39361.86623948739,1308298.0456547858,1347659.9118942732,434,2510,9738
F3591#F8109,42407.78167330677,1073925.8772908365,1116333.6589641434,443,2522,9738
F508#F8109,41693.52537668517,1098617.4409199047,1140310.96629659,424,2523,9738
F6657#F8109,41773.683709869205,1098113.4934601665,1139887.1771700357,402,2574,9738
F8105#F8109,42157.73271173271,1070949.2878787878,1113107.0205905205,396,2579,9738
F417#F8109,41205.641721597516,1065541.2097712292,1106746.8514928266,465,2585,9738
F5867#F8109,39739.852224371374,1041421.1141199226,1081160.966344294,380,2598,9738
F3658#F8109,40985.27251732101,1148250.3949191684,1189235.6674364894,353,2601,9738
F7990#F8109,60142.5,1206027.644367551,1266170.144367551,463,2603,9738
F329#F8109,41434.43718786016,1080754.9996158278,1122189.436803688,388,2608,9738
F3460#F8109,43832.58819018405,1086174.3174846624,1130006.9056748464,313,2610,9738
F4933#F8109,42331.089655172414,1062099.0068965517,1104430.096551724,436,2616,9738
F5863#F8109,43760.430428134554,1048334.8669724771,1092095.2974006117,419,2618,9738
F2002#F8109,43213.46218487395,1093262.3495034378,1136475.8116883116,404,2621,9738
F9085#F8109,44702.11446012973,1036637.7962609691,1081339.9107210988,296,2626,9738
F4927#F8109,42167.81721249048,1302229.7136329017,1344397.530845392,347,2638,9738
F5461#F8109,42918.514025777105,1083867.1114480668,1126785.625473844,430,2640,9738
F2112#F8109,41963.778787878786,1092274.924242424,1134238.703030303,472,2648,9738
F4146#F8109,42379.80966767372,1081419.8074018129,1123799.6170694865,400,2654,9738
F922#F8109,43163.36096458176,1109879.4875659382,1153042.84853052,415,2660,9738
F2545#F8109,45331.50827067669,1057502.184962406,1102833.6932330828,380,2687,9738
F186#F8109,42429.8072199479,1070481.2638630443,1112911.0710829922,396,2692,9738
F7739#F8109,42270.053863298665,1212259.0,1254529.0538632986,561,2695,9738
F8736#F8109,56779.5,1086095.2875695731,1142874.7875695731,385,2700,9738
F6306#F8109,45018.32222222222,1089099.1429629629,1134117.465185185,359,2702,9738
F2868#F8109,43352.20059215396,1100716.567727609,1144068.768319763,443,2718,9738
F9663#F8109,44880.11920529801,1083337.370860927,1128217.490066225,326,2727,9738
F6373#F8109,44039.75724239091,1094607.5797579759,1138647.3370003668,532,2734,9738
F9871#F8109,44951.148500365765,1087219.0468178492,1132170.1953182148,388,2742,9738
F8113#F8109,42661.62472647702,1049523.0196936543,1092184.6444201313,451,2745,9738
F7487#F8109,47543.17887067395,1188476.5,1236019.678870674,449,2749,9738
F8878#F8109,43246.1433248454,1060082.6133139322,1103328.7566387777,482,2752,9738
F7507#F8109,43871.936046511626,1075732.7492732557,1119604.6853197673,403,2753,9738
F1007#F8109,44565.79367962223,1038679.0294224481,1083244.8231020703,387,2758,9738
F6208#F8109,44419.47280638144,1084022.277737491,1128441.7505438726,573,2766,9738
F7132#F8109,46529.61966738973,1046894.4266088213,1093424.046276211,421,2768,9738
F3085#F8109,43194.187138728324,1044379.0643063585,1087573.2514450867,596,2770,9738
F1142#F8109,43438.636823104694,1192277.0,1235715.6368231047,340,2774,9738
F8721#F8109,45778.45457822639,1070814.803893295,1116593.2584715213,455,2777,9738
F2866#F8109,45307.56751890529,1087834.2445084623,1133141.8120273675,443,2787,9738
F8527#F8109,43938.081090778614,1032966.9630426982,1076905.044133477,463,2794,9738
F6995#F8109,44103.724767358624,1065756.3425196852,1109860.0672870437,364,2811,9738
F6003#F8109,46307.8014941302,1082191.750266809,1128499.5517609392,395,2815,9738
F8012#F8109,44270.65008880994,1096552.1136767317,1140822.7637655416,464,2830,9738
F2416#F8109,44745.131448763255,1145621.3766784454,1190366.5081272086,372,2838,9738
F114#F8109,63762.0,1210071.0891472867,1273833.0891472867,386,2849,9738
F4760#F8109,44428.28992628992,1026457.1267111266,1070885.4166374165,430,2853,9738
F1437#F8109,44807.69996494917,1046851.8016123378,1091659.501577287,404,2854,9738
F6834#F8109,45452.72775052558,1026388.7620882972,1071841.4898388227,326,2857,9738
F6058#F8109,43639.038151907596,1080827.0836541827,1124466.1218060902,458,2866,9738
F8951#F8109,45286.14096301465,1045344.5359385903,1090630.676901605,305,2880,9738
F9449#F8109,45836.97222222222,1043338.1333333333,1089175.1055555556,425,2888,9738
F8320#F8109,46253.39335180056,1226630.5,1272883.8933518005,592,2900,9738
F9915#F8109,53208.12413793103,1083868.9355172412,1137077.0596551723,552,2907,9738
F1468#F8109,46575.789473684206,1077938.081871345,1124513.8713450292,395,2924,9738
F5162#F8109,47176.4487004104,1087435.5677154583,1134612.0164158687,453,2928,9738
F1795#F8109,47567.08948087432,1086494.1892076503,1134061.2786885246,521,2933,9738
F3348#F8109,47777.284009546536,1081943.7606546197,1129721.0446641662,578,2934,9738
F4962#F8109,44797.99113837764,1066633.189502386,1111431.1806407636,418,2938,9738
F3108#F8109,45861.555479918316,1207994.0,1253855.5554799184,419,2950,9738
F5671#F8109,47140.93830508475,1094978.8555932203,1142119.7938983052,455,2952,9738
F335#F8109,50446.08299457995,1083588.9451219512,1134035.0281165312,431,2953,9738
F9448#F8109,49546.46596681341,1079631.1811716899,1129177.6471385034,456,2959,9738
F2860#F8109,48706.89895234876,1097341.1963501181,1146048.095302467,474,2961,9738
F4007#F8109,48344.76494427558,1107837.318135765,1156182.0830800405,507,2967,9738
F9337#F8109,47895.26356589147,1094783.476238625,1142678.7398045163,466,2969,9738
F8062#F8109,47443.665543954194,1202925.0,1250368.6655439541,472,2983,9738
F7985#F8109,57368.0,1130013.6909151862,1187381.6909151862,513,2984,9738
F5762#F8109,49799.1528150134,1087503.7640750671,1137302.9168900806,277,2992,9738
F8254#F8109,49258.90207219251,1096109.7259358289,1145368.6280080213,415,3035,9738
F9880#F8109,51240.63261943987,1082330.5700164745,1133571.2026359143,477,3060,9738
F5036#F8109,50941.26633986928,1093896.6666666667,1144837.933006536,337,3067,9738
F5523#F8109,52029.60547766548,1113010.7727420933,1165040.3782197589,534,3080,9738
F5864#F8109,50665.96753246753,1077371.6396103897,1128037.6071428573,517,3090,9738
F5160#F8109,50356.29126213592,1218659.5,1269015.7912621358,372,3091,9738
F994#F8109,49077.69297961825,1096808.3866062763,1145886.0795858945,540,3099,9738
F6310#F8109,52304.48112294288,1085166.2787996128,1137470.7599225556,328,3129,9738
F556#F8109,49639.27005433046,1074308.1703419625,1123947.4403962928,482,3149,9738
F7883#F8109,49582.974912670696,1067939.6875198476,1117522.6624325183,451,3156,9738
F4337#F8109,49890.78136882129,1100047.2604562736,1149938.041825095,552,3186,9738
F2210#F8109,49631.76836158192,1092978.5957313245,1142610.3640929065,632,3191,9738
F4845#F8109,51319.26700094015,1223452.5,1274771.7670009402,489,3203,9738
F7879#F8109,54059.018420231034,1105780.5632219794,1159839.5816422105,471,3214,9738
F4681#F8109,49495.21188550094,1083723.2205973866,1133218.4324828875,349,3223,9738
F2811#F8109,50217.83121315544,1038372.342538008,1088590.1737511635,441,3230,9738
F3283#F8109,51095.61857585139,1067503.5839009287,1118599.2024767802,470,3232,9738
F3236#F8109,50722.68904702971,1062743.7175123764,1113466.406559406,577,3233,9738
F5400#F8109,53252.55180946489,1081838.849365914,1135091.4011753788,484,3250,9738
F2844#F8109,50905.38461538461,1179463.4326153845,1230368.817230769,516,3268,9738
F3062#F8109,71695.5,1264114.7019583841,1335810.2019583841,460,3279,9738
F5276#F8109,53224.18054284842,1091514.3543763342,1144738.5349191828,365,3292,9738
F3157#F8109,53212.33961117862,1083927.1330498178,1137139.4726609965,651,3306,9738
F4956#F8109,52990.11947973381,1082994.3463399878,1135984.4658197216,500,3341,9738
F5020#F8109,54296.24663274469,1091366.560909907,1145662.807542652,388,3342,9738
F8607#F8109,54176.85637342908,1097085.907540395,1151262.763913824,401,3391,9738
F6568#F8109,55339.34237687997,1108730.6782659981,1164070.020642878,565,3410,9738
F2892#F8109,54014.835483870964,1235332.0,1289346.835483871,394,3411,9738
F7412#F8109,57044.16182937555,1100673.6540603929,1157717.8158897685,418,3454,9738
F7237#F8109,54461.81470758541,1097155.9438332368,1151617.7585408222,438,3478,9738
F7428#F8109,57208.87866589994,1100747.6135710177,1157956.4922369176,484,3480,9738
F8495#F8109,58654.82844827586,1112464.8827586207,1171119.7112068965,489,3501,9738
F6562#F8109,57270.35846900885,1128017.3236218223,1185287.6820908312,693,3505,9738
F9094#F8109,58424.07075606277,1101314.3840228247,1159738.4547788876,582,3548,9738
F9748#F8109,54553.58540022547,1223382.5,1277936.0854002254,379,3567,9738
F5272#F8109,59655.52565180824,1094583.818334735,1154239.3439865431,407,3585,9738
F1122#F8109,60500.11464435146,1101601.0376569037,1162101.1523012551,320,3649,9738
F1091#F8109,60190.675253494104,1126374.5990682377,1186565.2743217319,368,3662,9738
F6615#F8109,59863.24685963955,1099904.1561987987,1159767.4030584383,515,3690,9738
F4767#F8109,59427.628997289976,1097761.7341463414,1157189.3631436315,590,3701,9738
F7495#F8109,60744.35368819238,1127135.239124561,1187879.5928127533,505,3739,9738
F1438#F8109,59591.3559775341,1235339.42925916,1294930.7852366942,492,3746,9738
F5297#F8109,78204.0,1216904.030966364,1295108.030966364,436,3750,9738
F9545#F8109,61729.344,1092419.2367999998,1154148.5807999999,614,3753,9738
F9015#F8109,61150.0415667466,1121756.5952571274,1182906.636823874,542,3871,9738
F9220#F8109,64583.922758977016,1098480.2490312583,1163064.1717902352,495,3889,9738
F8350#F8109,63909.5011571098,1114226.703265621,1178136.204422731,358,3911,9738
F192#F8109,62738.282792124766,1099464.7486576322,1162203.0314497568,416,3954,9738
F1823#F8109,63385.055386949934,1186551.584218513,1249936.639605463,528,3957,9738
F7498#F8109,83035.0,1225512.6292645945,1308547.6292645945,549,3958,9738
F6722#F8109,64150.09903991915,1134974.9236988379,1199125.022738757,429,3964,9738
F8125#F8109,66526.12916246215,1127294.350655903,1193820.4798183653,657,3978,9738
F5137#F8109,63554.60030165913,1136652.4399195577,1200207.0402212169,467,3994,9738
F4414#F8109,64627.74561842764,1078058.6740110165,1142686.4196294441,387,4008,9738
F6731#F8109,64073.877245508986,1100513.885728543,1164587.762974052,431,4057,9738
F3737#F8109,65308.90041902885,1258564.0840522554,1323872.9844712843,495,4131,9738
F4383#F8109,88616.5,1238539.2883079157,1327155.7883079157,441,4152,9738
F8566#F8109,67032.86705202312,1136999.3800578036,1204032.2471098267,475,4182,9738
F3223#F8109,68925.82137733142,1139484.3460066954,1208410.1673840268,496,4193,9738
F9872#F8109,69492.25280228953,1141548.906749344,1211041.1595516335,597,4219,9738
F2454#F8109,68222.13320692106,1131240.6349845934,1199462.7681915145,576,4287,9738
F1027#F8109,69509.03568929322,1098693.3841847447,1168202.4198740378,429,4314,9738
F7577#F8109,68234.13653222067,1253497.9346314326,1321732.0711636534,561,4349,9738
F9172#F8109,103080.5,1180808.1030121867,1283888.6030121867,565,4360,9738
F1601#F8109,72788.22110091742,1150983.3798165137,1223771.600917431,644,4404,9738
F6775#F8109,70560.03269754768,1151075.5776566756,1221635.6103542233,460,4407,9738
F6907#F8109,72743.00340367598,1157527.8429770821,1230270.846380758,478,4502,9738
F8295#F8109,73248.81097290093,1113687.142825411,1186935.9537983118,615,4559,9738
F8805#F8109,73555.95240184251,1102965.4792717702,1176521.4316736127,563,4669,9738
F859#F8109,71815.92310987363,1323626.764189334,1395442.6872992076,584,4737,9738
F5755#F8109,98471.5,1174790.863415664,1273262.363415664,624,4816,9738
F5223#F8109,80181.81540697673,1185910.2906976743,1266092.106104651,594,4949,9738
F8478#F8109,79720.90200040412,1170133.467569206,1249854.36956961,649,4967,9738
F4367#F8109,85982.23716529092,1179748.4099053754,1265730.6470706663,585,5123,9738
F1324#F8109,85227.26293187586,1160918.8471598674,1246146.1100917433,825,5211,9738
F2146#F8109,84665.97582037997,1136945.250431779,1221611.226252159,690,5220,9738
F756#F8109,88431.03908045977,1257152.916091954,1345583.955172414,548,5514,9738
F4844#F8109,118117.0,1321841.1635836053,1439958.1635836053,650,5534,9738
F6180#F8109,91030.40838453198,1187307.6537766533,1278338.0621611853,488,5628,9738
F2823#F8109,91558.66773276475,1158053.4068941008,1249612.0746268656,708,5699,9738
F8305#F8109,90013.47604842955,1157657.2030180735,1247670.679066503,571,5800,9738
F1440#F8109,91441.3451724138,1162786.611724138,1254227.956896552,641,5894,9738
F5372#F8109,94820.4133016627,1121972.2802850357,1216792.6935866985,646,5932,9738
F749#F8109,91330.89143627782,1253937.4996628456,1345268.3910991235,699,5952,9738
F8458#F8109,137972.5,1334586.4418682796,1472558.9418682796,570,6046,9738
F4734#F8109,96824.8417135296,1153755.312603374,1250580.1543169036,559,6057,9738
F6526#F8109,97911.46508172363,1177948.6419019315,1275860.1069836551,511,6174,9738
F9984#F8109,98586.12244897959,1170941.768707483,1269527.8911564627,454,6216,9738
F6807#F8109,98192.4572072072,1182820.722972973,1281013.1801801801,942,6286,9738
F4215#F8109,103737.54374801145,1186782.2701240852,1290519.8138720966,618,6350,9738
F8469#F8109,99923.32661417322,1345362.0081889762,1445285.3348031493,730,6356,9738
F3834#F8109,136263.0,1226399.6376651984,1362662.6376651984,785,6377,9738
F6821#F8109,108211.37650933041,1212961.307824996,1321172.6843343265,637,6724,9738
F6275#F8109,111002.93723973824,1231760.3718024984,1342763.3090422365,766,6895,9738
F2154#F8109,117956.58883248731,1300416.0131979696,1418372.602030457,702,7343,9738
F4084#F8109,121292.46030232876,1284788.1661446276,1406080.6264469563,810,7752,9738
F7908#F8109,129483.6862745098,1293291.3944788442,1422775.0807533541,703,8234,9738
F7726#F8109,129944.72977896525,1344633.5,1474578.2297789652,617,8405,9738
F2683#F8109,135024.96014277215,1284404.1954788815,1419429.1556216537,1030,8451,9738
F2143#F8109,136284.09016684417,1223641.996450124,1359926.0866169683,747,8574,9738
F8476#F8109,141774.4959178913,1311988.803358992,1453763.2992768835,864,8992,9738
F8109#F8109,157552.0,1293473.0,1451025.0,9738,9738,9738
