KeywordCount,Storage(Bits)
1,73
2,147
3,221
4,295
5,369
6,443
7,517
8,591
9,665
10,739
11,813
12,887
13,961
14,1035
15,1109
16,1183
17,1257
18,1331
19,1405
20,1479
21,1553
22,1627
23,1701
24,1775
25,1849
26,1923
27,1997
28,2071
29,2145
30,2219
31,2293
32,2367
33,2441
34,2515
35,2589
36,2663
37,2737
38,2811
39,2885
40,2959
41,3033
42,3107
43,3181
44,3255
45,3329
46,3403
47,3477
48,3551
49,3625
50,3699
51,3773
52,3847
53,3921
54,3995
55,4069
56,4143
57,4217
58,4291
59,4365
60,4439
61,4513
62,4587
63,4661
64,4735
65,4809
66,4883
67,4957
68,5031
69,5105
70,5179
71,5253
72,5327
73,5401
74,5475
75,5549
76,5623
77,5697
78,5771
79,5845
80,5919
81,5993
82,6067
83,6141
84,6215
85,6289
86,6363
87,6437
88,6511
89,6585
90,6659
91,6733
92,6807
93,6881
94,6955
95,7029
96,7103
97,7177
98,7251
99,7325
100,7399
101,7473
102,7547
103,7621
104,7695
105,7769
106,7843
107,7917
108,7991
109,8065
110,8139
111,8213
112,8287
113,8361
114,8435
115,8509
116,8583
117,8657
118,8731
119,8805
120,8879
121,8953
122,9027
123,9101
124,9175
125,9249
126,9323
127,9397
128,9471
129,9545
130,9619
131,9693
132,9767
133,9841
134,9915
135,9989
136,10063
137,10137
138,10211
139,10285
140,10359
141,10433
142,10507
143,10581
144,10655
145,10729
146,10803
147,10877
148,10951
149,11025
150,11099
151,11173
152,11247
153,11321
154,11395
155,11469
156,11543
157,11617
158,11691
159,11765
160,11839
161,11913
162,11987
163,12061
164,12135
165,12209
166,12283
167,12357
168,12431
169,12505
170,12579
171,12653
172,12727
173,12801
174,12875
175,12949
176,13023
177,13097
178,13171
179,13245
180,13319
181,13393
182,13467
183,13541
184,13615
185,13689
186,13763
187,13837
188,13911
189,13985
190,14059
191,14133
192,14207
193,14281
194,14355
195,14429
196,14503
197,14577
198,14651
199,14725
200,14799
201,14873
202,14947
203,15021
204,15095
205,15169
206,15243
207,15317
208,15391
209,15465
210,15539
211,15613
212,15687
213,15761
214,15835
215,15909
216,15983
217,16057
218,16131
219,16205
220,16279
221,16353
222,16427
223,16501
224,16575
225,16649
226,16723
227,16797
228,16871
229,16945
230,17019
231,17093
232,17167
233,17241
234,17315
235,17389
236,17463
237,17537
238,17611
239,17685
240,17759
241,17833
242,17907
243,17981
244,18055
245,18129
246,18203
247,18277
248,18351
249,18425
250,18499
251,18573
252,18647
253,18721
254,18795
255,18869
256,18943
257,19017
258,19091
259,19165
260,19239
261,19313
262,19387
263,19461
264,19535
265,19609
266,19683
267,19757
268,19831
269,19905
270,19979
271,20053
272,20127
273,20201
274,20275
275,20349
276,20423
277,20497
278,20571
279,20645
280,20719
281,20793
282,20867
283,20941
284,21015
285,21089
286,21163
287,21237
288,21311
289,21385
290,21459
291,21533
292,21607
293,21681
294,21755
295,21829
296,21903
297,21977
298,22051
299,22125
300,22199
301,22273
302,22347
303,22421
304,22495
305,22569
306,22643
307,22717
308,22792
309,22867
310,22942
311,23017
312,23092
313,23167
314,23242
315,23317
316,23392
317,23467
318,23542
319,23617
320,23692
321,23767
322,23842
323,23917
324,23992
325,24067
326,24142
327,24217
328,24292
329,24367
330,24442
331,24517
332,24592
333,24667
334,24742
335,24817
336,24892
337,24967
338,25042
339,25117
340,25192
341,25267
342,25342
343,25417
344,25492
345,25567
346,25642
347,25717
348,25792
349,25867
350,25942
351,26017
352,26092
353,26167
354,26242
355,26317
356,26392
357,26467
358,26542
359,26617
360,26692
361,26767
362,26842
363,26917
364,26992
365,27067
366,27142
367,27217
368,27292
369,27367
370,27442
371,27517
372,27592
373,27667
374,27742
375,27817
376,27892
377,27967
378,28042
379,28117
380,28192
381,28267
382,28342
383,28417
384,28492
385,28567
386,28642
387,28717
388,28792
389,28867
390,28942
391,29017
392,29092
393,29167
394,29242
395,29317
396,29392
397,29467
398,29542
399,29617
400,29692
401,29767
402,29842
403,29917
404,29992
405,30067
406,30142
407,30217
408,30292
409,30367
410,30442
411,30517
412,30592
413,30667
414,30742
415,30817
416,30892
417,30967
418,31042
419,31117
420,31192
421,31267
422,31342
423,31417
424,31492
425,31567
426,31642
427,31717
428,31792
429,31867
430,31942
431,32017
432,32092
433,32167
434,32242
435,32317
436,32392
437,32467
438,32542
439,32617
440,32692
441,32767
442,32842
443,32917
444,32992
445,33067
446,33142
447,33217
448,33292
449,33367
450,33442
451,33517
452,33592
453,33667
454,33742
455,33817
456,33892
457,33967
458,34042
459,34117
460,34192
461,34267
462,34342
463,34417
464,34492
465,34567
466,34642
467,34717
468,34792
469,34867
470,34942
471,35017
472,35092
473,35167
474,35242
475,35317
476,35392
477,35467
478,35542
479,35617
480,35692
481,35767
482,35842
483,35917
484,35992
485,36067
486,36142
487,36217
488,36292
489,36367
490,36442
491,36517
492,36592
493,36667
494,36742
495,36817
496,36892
497,36967
498,37042
499,37117
500,37192
501,37267
502,37342
503,37417
504,37492
505,37567
506,37642
507,37717
508,37792
509,37867
510,37942
511,38017
512,38092
513,38167
514,38242
515,38317
516,38392
517,38467
518,38542
519,38617
520,38692
521,38767
522,38842
523,38917
524,38992
525,39067
526,39142
527,39217
528,39292
529,39367
530,39442
531,39517
532,39592
533,39667
534,39742
535,39817
536,39892
537,39967
538,40042
539,40117
540,40192
541,40267
542,40342
543,40417
544,40492
545,40567
546,40642
547,40717
548,40792
549,40867
550,40942
551,41017
552,41092
553,41167
554,41242
555,41317
556,41392
557,41467
558,41542
559,41617
560,41692
561,41767
562,41842
563,41917
564,41992
565,42067
566,42142
567,42217
568,42292
569,42367
570,42442
571,42517
572,42592
573,42667
574,42742
575,42817
576,42892
577,42967
578,43042
579,43117
580,43192
581,43267
582,43342
583,43417
584,43492
585,43567
586,43642
587,43717
588,43792
589,43867
590,43942
591,44017
592,44092
593,44167
594,44242
595,44317
596,44392
597,44467
598,44542
599,44617
600,44692
601,44767
602,44842
603,44917
604,44992
605,45067
606,45142
607,45217
608,45292
609,45367
610,45442
611,45517
612,45592
613,45667
614,45742
615,45817
616,45892
617,45967
618,46042
619,46117
620,46192
621,46267
622,46342
623,46417
624,46492
625,46567
626,46642
627,46717
628,46792
629,46867
630,46942
631,47017
632,47092
633,47167
634,47242
635,47317
636,47392
637,47467
638,47542
639,47617
640,47692
641,47767
642,47842
643,47917
644,47992
645,48067
646,48142
647,48217
648,48292
649,48367
650,48442
651,48517
652,48592
653,48667
654,48742
655,48817
656,48892
657,48967
658,49042
659,49117
660,49192
661,49267
662,49342
663,49417
664,49492
665,49567
666,49642
667,49717
668,49792
669,49867
670,49942
671,50017
672,50092
673,50167
674,50242
675,50317
676,50392
677,50467
678,50542
679,50617
680,50692
681,50767
682,50842
683,50917
684,50992
685,51067
686,51142
687,51217
688,51292
689,51367
690,51442
691,51517
692,51592
693,51667
694,51742
695,51817
696,51892
697,51967
698,52042
699,52117
700,52192
701,52267
702,52342
703,52417
704,52492
705,52568
706,52644
707,52720
708,52796
709,52872
710,52948
711,53024
712,53100
713,53176
714,53252
715,53328
716,53404
717,53480
718,53556
719,53632
720,53708
721,53784
722,53860
723,53936
724,54012
725,54088
726,54164
727,54240
728,54316
729,54392
730,54468
731,54544
732,54620
733,54696
734,54772
735,54848
736,54924
737,55000
738,55076
739,55152
740,55228
741,55304
742,55380
743,55456
744,55532
745,55608
746,55684
747,55760
748,55836
749,55912
750,55988
751,56064
752,56140
753,56216
754,56292
755,56368
756,56444
757,56520
758,56596
759,56672
760,56748
761,56824
762,56900
763,56976
764,57052
765,57128
766,57204
767,57280
768,57356
769,57432
770,57508
771,57584
772,57660
773,57736
774,57812
775,57888
776,57964
777,58040
778,58116
779,58192
780,58268
781,58344
782,58420
783,58496
784,58572
785,58648
786,58724
787,58800
788,58876
789,58952
790,59028
791,59104
792,59180
793,59256
794,59332
795,59408
796,59484
797,59560
798,59636
799,59712
800,59788
801,59864
802,59940
803,60016
804,60092
805,60168
806,60244
807,60320
808,60396
809,60472
810,60548
811,60624
812,60700
813,60776
814,60852
815,60928
816,61004
817,61080
818,61156
819,61232
820,61308
821,61384
822,61460
823,61536
824,61612
825,61688
826,61764
827,61840
828,61916
829,61992
830,62068
831,62144
832,62220
833,62296
834,62372
835,62448
836,62524
837,62600
838,62676
839,62752
840,62828
841,62904
842,62980
843,63056
844,63132
845,63208
846,63284
847,63360
848,63436
849,63512
850,63588
851,63664
852,63740
853,63816
854,63892
855,63968
856,64044
857,64120
858,64196
859,64272
860,64348
861,64424
862,64500
863,64576
864,64652
865,64728
866,64804
867,64880
868,64956
869,65032
870,65108
871,65184
872,65260
873,65336
874,65412
875,65488
876,65564
877,65640
878,65716
879,65792
880,65868
881,65944
882,66020
883,66096
884,66172
885,66248
886,66324
887,66400
888,66476
889,66552
890,66628
891,66704
892,66780
893,66856
894,66932
895,67008
896,67084
897,67160
898,67236
899,67312
900,67388
901,67464
902,67540
903,67616
904,67692
905,67768
906,67844
907,67920
908,67996
909,68072
910,68148
911,68224
912,68300
913,68376
914,68452
915,68528
916,68604
917,68680
918,68756
919,68832
920,68908
921,68984
922,69060
923,69136
924,69213
925,69290
926,69367
927,69444
928,69521
929,69598
930,69675
931,69752
932,69829
933,69906
934,69983
935,70060
936,70137
937,70214
938,70291
939,70368
940,70445
941,70522
942,70599
943,70676
944,70753
945,70830
946,70907
947,70984
948,71061
949,71138
950,71215
951,71292
952,71369
953,71446
954,71523
955,71600
956,71677
957,71754
958,71831
959,71908
960,71985
961,72062
962,72139
963,72216
964,72293
965,72370
966,72447
967,72524
968,72601
969,72678
970,72755
971,72832
972,72909
973,72986
974,73063
975,73140
976,73217
977,73294
978,73371
979,73448
980,73525
981,73602
982,73679
983,73756
984,73833
985,73910
986,73987
987,74064
988,74141
989,74218
990,74295
991,74372
992,74449
993,74526
994,74603
995,74680
996,74757
997,74834
998,74911
999,74988
1000,75065
1001,75142
1002,75219
1003,75296
1004,75373
1005,75450
1006,75527
1007,75604
1008,75681
1009,75758
1010,75835
1011,75912
1012,75989
1013,76066
1014,76143
1015,76220
1016,76297
1017,76374
1018,76451
1019,76528
1020,76605
1021,76682
1022,76759
1023,76836
1024,76913
1025,76990
1026,77067
1027,77144
1028,77221
1029,77298
1030,77375
1031,77452
1032,77529
1033,77606
1034,77683
1035,77760
1036,77837
1037,77914
1038,77991
1039,78068
1040,78145
1041,78222
1042,78299
1043,78376
1044,78453
1045,78530
1046,78607
1047,78684
1048,78761
1049,78838
1050,78915
1051,78992
1052,79069
1053,79146
1054,79223
1055,79300
1056,79377
1057,79454
1058,79531
1059,79608
1060,79685
1061,79762
1062,79839
1063,79916
1064,79993
1065,80070
1066,80147
1067,80224
1068,80301
1069,80378
1070,80455
1071,80532
1072,80609
1073,80686
1074,80763
1075,80840
1076,80917
1077,80994
1078,81071
1079,81148
1080,81225
1081,81302
1082,81379
1083,81456
1084,81533
1085,81610
1086,81687
1087,81764
1088,81841
1089,81918
1090,81995
1091,82072
1092,82149
1093,82226
1094,82303
1095,82380
1096,82457
1097,82534
1098,82611
1099,82688
1100,82765
1101,82842
1102,82919
1103,82996
1104,83073
1105,83150
1106,83227
1107,83304
1108,83381
1109,83458
1110,83535
1111,83612
1112,83689
1113,83766
1114,83843
1115,83920
1116,83997
1117,84074
1118,84151
1119,84228
1120,84305
1121,84382
1122,84459
1123,84536
1124,84613
1125,84690
1126,84767
1127,84844
1128,84921
1129,84998
1130,85075
1131,85152
1132,85229
1133,85306
1134,85383
1135,85460
1136,85537
1137,85614
1138,85691
1139,85768
1140,85845
1141,85922
1142,85999
1143,86076
1144,86153
1145,86230
1146,86307
1147,86384
1148,86461
1149,86538
1150,86615
1151,86692
1152,86769
1153,86846
1154,86923
1155,87000
1156,87077
1157,87154
1158,87231
1159,87308
1160,87385
1161,87462
1162,87539
1163,87616
1164,87693
1165,87770
1166,87847
1167,87924
1168,88001
1169,88078
1170,88155
1171,88232
1172,88309
1173,88386
1174,88463
1175,88540
1176,88617
1177,88694
1178,88772
1179,88850
1180,88928
1181,89006
1182,89084
1183,89162
1184,89240
1185,89318
1186,89396
1187,89474
1188,89552
1189,89630
1190,89708
1191,89786
1192,89864
1193,89942
1194,90020
1195,90098
1196,90176
1197,90254
1198,90332
1199,90410
1200,90488
1201,90566
1202,90644
1203,90722
1204,90800
1205,90878
1206,90956
1207,91034
1208,91112
1209,91190
1210,91268
1211,91346
1212,91424
1213,91502
1214,91580
1215,91658
1216,91736
1217,91814
1218,91892
1219,91970
1220,92048
1221,92126
1222,92204
1223,92282
1224,92360
1225,92438
1226,92516
1227,92594
1228,92672
1229,92750
1230,92828
1231,92906
1232,92984
1233,93062
1234,93140
1235,93218
1236,93296
1237,93374
1238,93452
1239,93530
1240,93608
1241,93686
1242,93764
1243,93842
1244,93920
1245,93998
1246,94076
1247,94154
1248,94232
1249,94310
1250,94388
1251,94466
1252,94544
1253,94622
1254,94700
1255,94778
1256,94856
1257,94934
1258,95012
1259,95090
1260,95168
1261,95246
1262,95324
1263,95402
1264,95480
1265,95558
1266,95636
1267,95714
1268,95792
1269,95870
1270,95948
1271,96026
1272,96104
1273,96182
1274,96260
1275,96338
1276,96416
1277,96494
1278,96572
1279,96650
1280,96728
1281,96806
1282,96884
1283,96962
1284,97040
1285,97118
1286,97196
1287,97274
1288,97352
1289,97430
1290,97508
1291,97586
1292,97664
1293,97742
1294,97820
1295,97898
1296,97976
1297,98054
1298,98132
1299,98210
1300,98288
1301,98366
1302,98444
1303,98522
1304,98600
1305,98678
1306,98756
1307,98834
1308,98912
1309,98990
1310,99068
1311,99146
1312,99224
1313,99302
1314,99380
1315,99458
1316,99536
1317,99614
1318,99692
1319,99770
1320,99848
1321,99926
1322,100004
1323,100082
1324,100160
1325,100238
1326,100316
1327,100394
1328,100472
1329,100550
1330,100628
1331,100706
1332,100784
1333,100862
1334,100940
1335,101018
1336,101096
1337,101174
1338,101252
1339,101330
1340,101408
1341,101486
1342,101564
1343,101642
1344,101720
1345,101798
1346,101876
1347,101954
1348,102032
1349,102110
1350,102188
1351,102266
1352,102344
1353,102422
1354,102500
1355,102578
1356,102656
1357,102734
1358,102812
1359,102890
1360,102968
1361,103046
1362,103124
1363,103202
1364,103280
1365,103358
1366,103436
1367,103514
1368,103592
1369,103670
1370,103748
1371,103826
1372,103904
1373,103982
1374,104060
1375,104138
1376,104216
1377,104294
1378,104372
1379,104450
1380,104528
1381,104606
1382,104684
1383,104762
1384,104840
1385,104918
1386,104996
1387,105074
1388,105152
1389,105230
1390,105308
1391,105386
1392,105464
1393,105542
1394,105620
1395,105698
1396,105776
1397,105854
1398,105932
1399,106010
1400,106088
1401,106166
1402,106244
1403,106322
1404,106400
1405,106478
1406,106556
1407,106634
1408,106712
1409,106790
1410,106868
1411,106946
1412,107024
1413,107102
1414,107180
1415,107258
1416,107336
1417,107414
1418,107492
1419,107570
1420,107648
1421,107726
1422,107804
1423,107882
1424,107960
1425,108038
1426,108116
1427,108194
1428,108272
1429,108350
1430,108428
1431,108506
1432,108584
1433,108662
1434,108740
1435,108818
1436,108896
1437,108974
1438,109052
1439,109130
1440,109208
1441,109286
1442,109364
1443,109442
1444,109520
1445,109598
1446,109676
1447,109754
1448,109832
1449,109910
1450,109988
1451,110066
1452,110144
1453,110222
1454,110300
1455,110378
1456,110456
1457,110534
1458,110612
1459,110690
1460,110768
1461,110846
1462,110924
1463,111002
1464,111080
1465,111158
1466,111236
1467,111314
1468,111392
1469,111470
1470,111548
1471,111626
1472,111704
1473,111782
1474,111860
1475,111938
1476,112016
1477,112094
1478,112172
1479,112250
1480,112328
1481,112406
1482,112484
1483,112562
1484,112640
1485,112718
1486,112796
1487,112874
1488,112952
1489,113030
1490,113108
1491,113186
1492,113264
1493,113342
1494,113420
1495,113498
1496,113576
1497,113654
1498,113732
1499,113810
1500,113888
1501,113966
1502,114044
1503,114122
1504,114200
1505,114278
1506,114356
1507,114434
1508,114512
1509,114590
1510,114668
1511,114746
1512,114824
1513,114902
1514,114980
1515,115058
1516,115136
1517,115214
1518,115292
1519,115370
1520,115448
1521,115526
1522,115604
1523,115682
1524,115760
1525,115838
1526,115916
1527,115994
1528,116072
1529,116150
1530,116228
1531,116306
1532,116384
1533,116462
1534,116540
1535,116618
1536,116696
1537,116774
1538,116852
1539,116930
1540,117008
1541,117086
1542,117164
1543,117242
1544,117320
1545,117398
1546,117476
1547,117554
1548,117632
1549,117710
1550,117788
1551,117866
1552,117944
1553,118022
1554,118100
1555,118178
1556,118256
1557,118334
1558,118412
1559,118490
1560,118568
1561,118646
1562,118724
1563,118802
1564,118880
1565,118958
1566,119036
1567,119114
1568,119192
1569,119270
1570,119348
1571,119426
1572,119504
1573,119582
1574,119660
1575,119738
1576,119816
1577,119894
1578,119972
1579,120050
1580,120128
1581,120206
1582,120284
1583,120362
1584,120440
1585,120518
1586,120596
1587,120674
1588,120752
1589,120830
1590,120908
1591,120986
1592,121064
1593,121142
1594,121220
1595,121298
1596,121376
1597,121454
1598,121532
1599,121610
1600,121688
1601,121766
1602,121844
1603,121922
1604,122000
1605,122078
1606,122156
1607,122234
1608,122312
1609,122390
1610,122468
1611,122546
1612,122624
1613,122702
1614,122780
1615,122858
1616,122936
1617,123014
1618,123092
1619,123170
1620,123248
1621,123326
1622,123404
1623,123482
1624,123560
1625,123638
1626,123716
1627,123794
1628,123872
1629,123950
1630,124028
1631,124106
1632,124184
1633,124262
1634,124340
1635,124418
1636,124496
1637,124574
1638,124652
1639,124730
1640,124808
1641,124886
1642,124964
1643,125042
1644,125120
1645,125198
1646,125276
1647,125354
1648,125432
1649,125510
1650,125588
1651,125666
1652,125744
1653,125822
1654,125900
1655,125978
1656,126056
1657,126134
1658,126212
1659,126290
1660,126368
1661,126446
1662,126524
1663,126602
1664,126680
1665,126758
1666,126836
1667,126914
1668,126992
1669,127070
1670,127148
1671,127226
1672,127304
1673,127382
1674,127460
1675,127538
1676,127616
1677,127694
1678,127772
1679,127850
1680,127928
1681,128006
1682,128084
1683,128162
1684,128240
1685,128318
1686,128396
1687,128474
1688,128552
1689,128630
1690,128708
1691,128786
1692,128864
1693,128942
1694,129020
1695,129098
1696,129176
1697,129254
1698,129332
1699,129410
1700,129488
1701,129566
1702,129644
1703,129722
1704,129800
1705,129878
1706,129956
1707,130034
1708,130112
1709,130190
1710,130268
1711,130346
1712,130424
1713,130502
1714,130580
1715,130658
1716,130736
1717,130814
1718,130892
1719,130970
1720,131048
1721,131127
1722,131206
1723,131285
1724,131364
1725,131443
1726,131522
1727,131601
1728,131680
1729,131759
1730,131838
1731,131917
1732,131996
1733,132075
1734,132154
1735,132233
1736,132312
1737,132391
1738,132470
1739,132549
1740,132628
1741,132707
1742,132786
1743,132865
1744,132944
1745,133023
1746,133102
1747,133181
1748,133260
1749,133339
1750,133418
1751,133497
1752,133576
1753,133655
1754,133734
1755,133813
1756,133892
1757,133971
1758,134050
1759,134129
1760,134208
1761,134287
1762,134366
1763,134445
1764,134524
1765,134603
1766,134682
1767,134761
1768,134840
1769,134919
1770,134998
1771,135077
1772,135156
1773,135235
1774,135314
1775,135393
1776,135472
1777,135551
1778,135630
1779,135709
1780,135788
1781,135867
1782,135946
1783,136025
1784,136104
1785,136183
1786,136262
1787,136341
1788,136420
1789,136499
1790,136578
1791,136657
1792,136736
1793,136815
1794,136894
1795,136973
1796,137052
1797,137131
1798,137210
1799,137289
1800,137368
1801,137447
1802,137526
1803,137605
1804,137684
1805,137763
1806,137842
1807,137921
1808,138000
1809,138079
1810,138158
1811,138237
1812,138316
1813,138395
1814,138474
1815,138553
1816,138632
1817,138711
1818,138790
1819,138869
1820,138948
1821,139027
1822,139106
1823,139185
1824,139264
1825,139343
1826,139422
1827,139501
1828,139580
1829,139659
1830,139738
1831,139817
1832,139896
1833,139975
1834,140054
1835,140133
1836,140212
1837,140291
1838,140370
1839,140449
1840,140528
1841,140607
1842,140686
1843,140765
1844,140844
1845,140923
1846,141002
1847,141081
1848,141160
1849,141239
1850,141318
1851,141397
1852,141476
1853,141555
1854,141634
1855,141713
1856,141792
1857,141871
1858,141950
1859,142029
1860,142108
1861,142187
1862,142266
1863,142345
1864,142424
1865,142503
1866,142582
1867,142661
1868,142740
1869,142819
1870,142898
1871,142977
1872,143056
1873,143135
1874,143214
1875,143293
1876,143372
1877,143451
1878,143530
1879,143609
1880,143688
1881,143767
1882,143846
1883,143925
1884,144004
1885,144083
1886,144162
1887,144241
1888,144320
1889,144399
1890,144478
1891,144557
1892,144636
1893,144715
1894,144794
1895,144873
1896,144952
1897,145031
1898,145110
1899,145189
1900,145268
1901,145347
1902,145426
1903,145505
1904,145584
1905,145663
1906,145742
1907,145821
1908,145900
1909,145979
1910,146058
1911,146137
1912,146216
1913,146295
1914,146374
1915,146453
1916,146532
1917,146611
1918,146690
1919,146769
1920,146848
1921,146927
1922,147006
1923,147085
1924,147164
1925,147243
1926,147322
1927,147401
1928,147480
1929,147559
1930,147638
1931,147717
1932,147796
1933,147875
1934,147954
1935,148033
1936,148112
1937,148191
1938,148270
1939,148349
1940,148428
1941,148507
1942,148586
1943,148665
1944,148744
1945,148823
1946,148902
1947,148981
1948,149060
1949,149139
1950,149218
1951,149297
1952,149376
1953,149455
1954,149534
1955,149613
1956,149692
1957,149771
1958,149850
1959,149929
1960,150008
1961,150087
1962,150166
1963,150245
1964,150324
1965,150403
1966,150482
1967,150561
1968,150640
1969,150719
1970,150798
1971,150877
1972,150956
1973,151035
1974,151114
1975,151193
1976,151272
1977,151351
1978,151430
1979,151509
1980,151588
1981,151667
1982,151746
1983,151825
1984,151904
1985,151983
1986,152062
1987,152141
1988,152220
1989,152299
1990,152378
1991,152457
1992,152536
1993,152615
1994,152694
1995,152773
1996,152852
1997,152931
1998,153010
1999,153089
2000,153168
2001,153247
2002,153326
2003,153405
2004,153484
2005,153563
2006,153642
2007,153721
2008,153800
2009,153879
2010,153958
2011,154037
2012,154116
2013,154195
2014,154274
2015,154353
2016,154432
2017,154511
2018,154590
2019,154669
2020,154748
2021,154827
2022,154906
2023,154985
2024,155064
2025,155143
2026,155222
2027,155301
2028,155380
2029,155459
2030,155538
2031,155617
2032,155696
2033,155775
2034,155854
2035,155933
2036,156012
2037,156091
2038,156170
2039,156249
2040,156328
2041,156407
2042,156486
2043,156565
2044,156644
2045,156723
2046,156802
2047,156881
2048,156960
2049,157039
2050,157118
2051,157197
2052,157276
2053,157355
2054,157434
2055,157513
2056,157592
2057,157671
2058,157750
2059,157829
2060,157908
2061,157987
2062,158066
2063,158145
2064,158224
2065,158303
2066,158382
2067,158461
2068,158540
2069,158619
2070,158698
2071,158777
2072,158856
2073,158935
2074,159014
2075,159093
2076,159172
2077,159251
2078,159330
2079,159409
2080,159488
2081,159567
2082,159646
2083,159725
2084,159804
2085,159883
2086,159962
2087,160041
2088,160120
2089,160199
2090,160278
2091,160357
2092,160436
2093,160515
2094,160594
2095,160673
2096,160752
2097,160831
2098,160910
2099,160989
2100,161068
2101,161147
2102,161226
2103,161305
2104,161384
2105,161463
2106,161542
2107,161621
2108,161700
2109,161779
2110,161858
2111,161937
2112,162016
2113,162095
2114,162174
2115,162253
2116,162332
2117,162411
2118,162490
2119,162569
2120,162648
2121,162727
2122,162806
2123,162885
2124,162964
2125,163043
2126,163122
2127,163201
2128,163280
2129,163359
2130,163438
2131,163517
2132,163596
2133,163675
2134,163754
2135,163833
2136,163912
2137,163991
2138,164070
2139,164149
2140,164228
2141,164307
2142,164386
2143,164465
2144,164544
2145,164623
2146,164702
2147,164781
2148,164860
2149,164939
2150,165018
2151,165097
2152,165176
2153,165255
2154,165334
2155,165413
2156,165492
2157,165571
2158,165650
2159,165729
2160,165808
2161,165887
2162,165966
2163,166045
2164,166124
2165,166203
2166,166282
2167,166361
2168,166440
2169,166519
2170,166598
2171,166677
2172,166756
2173,166835
2174,166914
2175,166993
2176,167072
2177,167151
2178,167230
2179,167309
2180,167388
2181,167467
2182,167546
2183,167625
2184,167704
2185,167783
2186,167862
2187,167941
2188,168020
2189,168099
2190,168178
2191,168257
2192,168336
2193,168415
2194,168494
2195,168573
2196,168652
2197,168731
2198,168810
2199,168889
2200,168968
2201,169047
2202,169126
2203,169205
2204,169284
2205,169363
2206,169442
2207,169521
2208,169600
2209,169679
2210,169758
2211,169837
2212,169916
2213,169995
2214,170074
2215,170153
2216,170232
2217,170311
2218,170390
2219,170469
2220,170548
2221,170627
2222,170706
2223,170785
2224,170864
2225,170943
2226,171022
2227,171101
2228,171180
2229,171259
2230,171338
2231,171417
2232,171496
2233,171575
2234,171654
2235,171733
2236,171812
2237,171891
2238,171970
2239,172049
2240,172128
2241,172207
2242,172286
2243,172365
2244,172444
2245,172523
2246,172602
2247,172681
2248,172760
2249,172839
2250,172918
2251,172997
2252,173076
2253,173155
2254,173234
2255,173313
2256,173392
2257,173471
2258,173550
2259,173629
2260,173708
2261,173787
2262,173866
2263,173945
2264,174024
2265,174103
2266,174182
2267,174261
2268,174340
2269,174419
2270,174498
2271,174577
2272,174656
2273,174735
2274,174814
2275,174893
2276,174972
2277,175051
2278,175130
2279,175209
2280,175288
2281,175367
2282,175446
2283,175525
2284,175604
2285,175683
2286,175762
2287,175841
2288,175920
2289,175999
2290,176078
2291,176157
2292,176236
2293,176315
2294,176394
2295,176473
2296,176552
2297,176631
2298,176710
2299,176789
2300,176868
2301,176947
2302,177026
2303,177105
2304,177184
2305,177263
2306,177342
2307,177421
2308,177500
2309,177579
2310,177658
2311,177737
2312,177816
2313,177895
2314,177974
2315,178053
2316,178132
2317,178211
2318,178290
2319,178369
2320,178448
2321,178527
2322,178606
2323,178685
2324,178764
2325,178843
2326,178922
2327,179001
2328,179080
2329,179159
2330,179238
2331,179317
2332,179396
2333,179475
2334,179554
2335,179633
2336,179712
2337,179791
2338,179870
2339,179949
2340,180028
2341,180107
2342,180186
2343,180265
2344,180344
2345,180423
2346,180502
2347,180581
2348,180660
2349,180739
2350,180818
2351,180897
2352,180976
2353,181055
2354,181134
2355,181213
2356,181292
2357,181371
2358,181450
2359,181529
2360,181608
2361,181687
2362,181766
2363,181845
2364,181924
2365,182003
2366,182082
2367,182161
2368,182240
2369,182319
2370,182398
2371,182477
2372,182556
2373,182635
2374,182714
2375,182793
2376,182872
2377,182951
2378,183030
2379,183109
2380,183188
2381,183267
2382,183346
2383,183425
2384,183504
2385,183583
2386,183662
2387,183741
2388,183820
2389,183899
2390,183978
2391,184057
2392,184136
2393,184215
2394,184294
2395,184373
2396,184452
2397,184531
2398,184610
2399,184689
2400,184768
2401,184847
2402,184926
2403,185005
2404,185084
2405,185163
2406,185242
2407,185321
2408,185400
2409,185479
2410,185558
2411,185637
2412,185716
2413,185795
2414,185874
2415,185953
2416,186032
2417,186111
2418,186190
2419,186269
2420,186348
2421,186427
2422,186506
2423,186585
2424,186664
2425,186743
2426,186822
2427,186901
2428,186980
2429,187059
2430,187138
2431,187217
2432,187296
2433,187375
2434,187454
2435,187533
2436,187612
2437,187691
2438,187770
2439,187849
2440,187928
2441,188007
2442,188086
2443,188165
2444,188244
2445,188323
2446,188402
2447,188481
2448,188560
2449,188639
2450,188718
2451,188797
2452,188876
2453,188955
2454,189034
2455,189113
2456,189192
2457,189271
2458,189350
2459,189429
2460,189508
2461,189587
2462,189666
2463,189745
2464,189824
2465,189903
2466,189982
2467,190061
2468,190140
2469,190219
2470,190298
2471,190377
2472,190456
2473,190535
2474,190614
2475,190693
2476,190772
2477,190851
2478,190930
2479,191009
2480,191088
2481,191167
2482,191246
2483,191325
2484,191404
2485,191483
2486,191562
2487,191641
2488,191720
2489,191799
2490,191878
2491,191957
2492,192036
2493,192115
2494,192194
2495,192273
2496,192352
2497,192431
2498,192510
2499,192589
2500,192668
2501,192747
2502,192826
2503,192905
2504,192984
2505,193063
2506,193142
2507,193221
2508,193300
2509,193379
2510,193458
2511,193537
2512,193616
2513,193695
2514,193774
2515,193853
2516,193932
2517,194011
2518,194090
2519,194169
2520,194248
2521,194327
2522,194406
2523,194485
2524,194564
2525,194643
2526,194722
2527,194801
2528,194880
2529,194959
2530,195038
2531,195117
2532,195196
2533,195275
2534,195354
2535,195433
2536,195512
2537,195591
2538,195670
2539,195749
2540,195828
2541,195907
2542,195986
2543,196065
2544,196144
2545,196223
2546,196302
2547,196381
2548,196460
2549,196539
2550,196618
2551,196697
2552,196776
2553,196855
2554,196934
2555,197013
2556,197092
2557,197171
2558,197250
2559,197329
2560,197408
2561,197487
2562,197566
2563,197645
2564,197724
2565,197803
2566,197882
2567,197961
2568,198040
2569,198119
2570,198198
2571,198277
2572,198356
2573,198435
2574,198514
2575,198593
2576,198672
2577,198751
2578,198830
2579,198909
2580,198988
2581,199067
2582,199146
2583,199225
2584,199304
2585,199383
2586,199462
2587,199541
2588,199620
2589,199699
2590,199778
2591,199857
2592,199936
2593,200015
2594,200094
2595,200173
2596,200252
2597,200331
2598,200410
2599,200489
2600,200568
2601,200647
2602,200726
2603,200805
2604,200884
2605,200963
2606,201042
2607,201121
2608,201200
2609,201279
2610,201358
2611,201437
2612,201516
2613,201595
2614,201674
2615,201753
2616,201832
2617,201911
2618,201990
2619,202069
2620,202148
2621,202227
2622,202306
2623,202385
2624,202464
2625,202543
2626,202622
2627,202701
2628,202780
2629,202859
2630,202938
2631,203017
2632,203096
2633,203175
2634,203254
2635,203333
2636,203412
2637,203491
2638,203570
2639,203649
2640,203728
2641,203807
2642,203886
2643,203965
2644,204044
2645,204123
2646,204202
2647,204281
2648,204360
2649,204439
2650,204518
2651,204597
2652,204676
2653,204755
2654,204834
2655,204913
2656,204992
2657,205071
2658,205150
2659,205229
2660,205308
2661,205387
2662,205466
2663,205545
2664,205624
2665,205703
2666,205782
2667,205861
2668,205940
2669,206019
2670,206098
2671,206177
2672,206256
2673,206335
2674,206414
2675,206493
2676,206572
2677,206651
2678,206730
2679,206809
2680,206888
2681,206967
2682,207046
2683,207125
2684,207204
2685,207283
2686,207362
2687,207441
2688,207520
2689,207599
2690,207678
2691,207757
2692,207836
2693,207915
2694,207994
2695,208073
2696,208152
2697,208231
2698,208310
2699,208389
2700,208468
2701,208547
2702,208626
2703,208705
2704,208784
2705,208863
2706,208942
2707,209021
2708,209100
2709,209179
2710,209258
2711,209337
2712,209416
2713,209495
2714,209574
2715,209653
2716,209732
2717,209811
2718,209890
2719,209969
2720,210048
2721,210127
2722,210206
2723,210285
2724,210364
2725,210443
2726,210522
2727,210601
2728,210680
2729,210759
2730,210838
2731,210917
2732,210996
2733,211075
2734,211154
2735,211233
2736,211312
2737,211391
2738,211470
2739,211549
2740,211628
2741,211707
2742,211786
2743,211865
2744,211944
2745,212023
2746,212102
2747,212181
2748,212260
2749,212339
2750,212418
2751,212497
2752,212576
2753,212655
2754,212734
2755,212813
2756,212892
2757,212971
2758,213050
2759,213129
2760,213208
2761,213287
2762,213366
2763,213445
2764,213524
2765,213603
2766,213682
2767,213761
2768,213840
2769,213919
2770,213998
2771,214077
2772,214156
2773,214235
2774,214314
2775,214393
2776,214472
2777,214551
2778,214630
2779,214709
2780,214788
2781,214867
2782,214946
2783,215025
2784,215104
2785,215183
2786,215262
2787,215341
2788,215420
2789,215499
2790,215578
2791,215657
2792,215736
2793,215815
2794,215894
2795,215973
2796,216052
2797,216131
2798,216210
2799,216289
2800,216368
2801,216447
2802,216526
2803,216605
2804,216684
2805,216763
2806,216842
2807,216921
2808,217000
2809,217079
2810,217158
2811,217237
2812,217316
2813,217395
2814,217474
2815,217553
2816,217632
2817,217711
2818,217790
2819,217869
2820,217948
2821,218027
2822,218106
2823,218185
2824,218264
2825,218343
2826,218422
2827,218501
2828,218580
2829,218659
2830,218738
2831,218817
2832,218896
2833,218975
2834,219054
2835,219133
2836,219212
2837,219291
2838,219370
2839,219449
2840,219528
2841,219607
2842,219686
2843,219765
2844,219844
2845,219923
2846,220002
2847,220081
2848,220160
2849,220239
2850,220318
2851,220397
2852,220476
2853,220555
2854,220634
2855,220713
2856,220792
2857,220871
2858,220950
2859,221029
2860,221108
2861,221187
2862,221266
2863,221345
2864,221424
2865,221503
2866,221582
2867,221661
2868,221740
2869,221819
2870,221898
2871,221977
2872,222056
2873,222135
2874,222214
2875,222293
2876,222372
2877,222451
2878,222530
2879,222609
2880,222688
2881,222767
2882,222846
2883,222925
2884,223004
2885,223083
2886,223162
2887,223241
2888,223320
2889,223399
2890,223478
2891,223557
2892,223636
2893,223715
2894,223794
2895,223873
2896,223952
2897,224031
2898,224110
2899,224189
2900,224268
2901,224347
2902,224426
2903,224505
2904,224584
2905,224663
2906,224742
2907,224821
2908,224900
2909,224979
2910,225058
2911,225137
2912,225216
2913,225295
2914,225374
2915,225453
2916,225532
2917,225611
2918,225690
2919,225769
2920,225848
2921,225927
2922,226006
2923,226085
2924,226164
2925,226243
2926,226322
2927,226401
2928,226480
2929,226559
2930,226638
2931,226717
2932,226796
2933,226875
2934,226954
2935,227033
2936,227112
2937,227191
2938,227270
2939,227349
2940,227428
2941,227507
2942,227586
2943,227665
2944,227744
2945,227823
2946,227902
2947,227981
2948,228060
2949,228139
2950,228218
2951,228297
2952,228376
2953,228455
2954,228534
2955,228613
2956,228692
2957,228771
2958,228850
2959,228929
2960,229008
2961,229087
2962,229166
2963,229245
2964,229324
2965,229403
2966,229482
2967,229561
2968,229640
2969,229719
2970,229798
2971,229877
2972,229956
2973,230035
2974,230114
2975,230193
2976,230272
2977,230351
2978,230430
2979,230509
2980,230588
2981,230667
2982,230746
2983,230825
2984,230904
2985,230983
2986,231062
2987,231141
2988,231220
2989,231299
2990,231378
2991,231457
2992,231536
2993,231615
2994,231694
2995,231773
2996,231852
2997,231931
2998,232010
2999,232089
3000,232168
3001,232247
3002,232326
3003,232405
3004,232484
3005,232563
3006,232642
3007,232721
3008,232800
3009,232879
3010,232958
3011,233037
3012,233116
3013,233195
3014,233274
3015,233353
3016,233432
3017,233511
3018,233590
3019,233669
3020,233748
3021,233827
3022,233906
3023,233985
3024,234064
3025,234143
3026,234222
3027,234301
3028,234380
3029,234459
3030,234538
3031,234617
3032,234696
3033,234775
3034,234854
3035,234933
3036,235012
3037,235091
3038,235170
3039,235249
3040,235328
3041,235407
3042,235486
3043,235565
3044,235644
3045,235723
3046,235802
3047,235881
3048,235960
3049,236039
3050,236118
3051,236197
3052,236276
3053,236355
3054,236434
3055,236513
3056,236593
3057,236673
3058,236753
3059,236833
3060,236913
3061,236993
3062,237073
3063,237153
3064,237233
3065,237313
3066,237393
3067,237473
3068,237553
3069,237633
3070,237713
3071,237793
3072,237873
3073,237953
3074,238033
3075,238113
3076,238193
3077,238273
3078,238353
3079,238433
3080,238513
3081,238593
3082,238673
3083,238753
3084,238833
3085,238913
3086,238993
3087,239073
3088,239153
3089,239233
3090,239313
3091,239393
3092,239473
3093,239553
3094,239633
3095,239713
3096,239793
3097,239873
3098,239953
3099,240033
3100,240113
3101,240193
3102,240273
3103,240353
3104,240433
3105,240513
3106,240593
3107,240673
3108,240753
3109,240833
3110,240913
3111,240993
3112,241073
3113,241153
3114,241233
3115,241313
3116,241393
3117,241473
3118,241553
3119,241633
3120,241713
3121,241793
3122,241873
3123,241953
3124,242033
3125,242113
3126,242193
3127,242273
3128,242353
3129,242433
3130,242513
3131,242593
3132,242673
3133,242753
3134,242833
3135,242913
3136,242993
3137,243073
3138,243153
3139,243233
3140,243313
3141,243393
3142,243473
3143,243553
3144,243633
3145,243713
3146,243793
3147,243873
3148,243953
3149,244033
3150,244113
3151,244193
3152,244273
3153,244353
3154,244433
3155,244513
3156,244593
3157,244673
3158,244753
3159,244833
3160,244913
3161,244993
3162,245073
3163,245153
3164,245233
3165,245313
3166,245393
3167,245473
3168,245553
3169,245633
3170,245713
3171,245793
3172,245873
3173,245953
3174,246033
3175,246113
3176,246193
3177,246273
3178,246353
3179,246433
3180,246513
3181,246593
3182,246673
3183,246753
3184,246833
3185,246913
3186,246993
3187,247073
3188,247153
3189,247233
3190,247313
3191,247393
3192,247473
3193,247553
3194,247633
3195,247713
3196,247793
3197,247873
3198,247953
3199,248033
3200,248113
3201,248193
3202,248273
3203,248353
3204,248433
3205,248513
3206,248593
3207,248673
3208,248753
3209,248833
3210,248913
3211,248993
3212,249073
3213,249153
3214,249233
3215,249313
3216,249393
3217,249473
3218,249553
3219,249633
3220,249713
3221,249793
3222,249873
3223,249953
3224,250033
3225,250113
3226,250193
3227,250273
3228,250353
3229,250433
3230,250513
3231,250593
3232,250673
3233,250753
3234,250833
3235,250913
3236,250993
3237,251073
3238,251153
3239,251233
3240,251313
3241,251393
3242,251473
3243,251553
3244,251633
3245,251713
3246,251793
3247,251873
3248,251953
3249,252033
3250,252113
3251,252193
3252,252273
3253,252353
3254,252433
3255,252513
3256,252593
3257,252673
3258,252753
3259,252833
3260,252913
3261,252993
3262,253073
3263,253153
3264,253233
3265,253313
3266,253393
3267,253473
3268,253553
3269,253633
3270,253713
3271,253793
3272,253873
3273,253953
3274,254033
3275,254113
3276,254193
3277,254273
3278,254353
3279,254433
3280,254513
3281,254593
3282,254673
3283,254753
3284,254833
3285,254913
3286,254993
3287,255073
3288,255153
3289,255233
3290,255313
3291,255393
3292,255473
3293,255553
3294,255633
3295,255713
3296,255793
3297,255873
3298,255953
3299,256033
3300,256113
3301,256193
3302,256273
3303,256353
3304,256433
3305,256513
3306,256593
3307,256673
3308,256753
3309,256833
3310,256913
3311,256993
3312,257073
3313,257153
3314,257233
3315,257313
3316,257393
3317,257473
3318,257553
3319,257633
3320,257713
3321,257793
3322,257873
3323,257953
3324,258033
3325,258113
3326,258193
3327,258273
3328,258353
3329,258433
3330,258513
3331,258593
3332,258673
3333,258753
3334,258833
3335,258913
3336,258993
3337,259073
3338,259153
3339,259233
3340,259313
3341,259393
3342,259473
3343,259553
3344,259633
3345,259713
3346,259793
3347,259873
3348,259953
3349,260033
3350,260113
3351,260193
3352,260273
3353,260353
3354,260433
3355,260513
3356,260593
3357,260673
3358,260753
3359,260833
3360,260913
3361,260993
3362,261073
3363,261153
3364,261233
3365,261313
3366,261393
3367,261473
3368,261553
3369,261633
3370,261713
3371,261793
3372,261873
3373,261953
3374,262033
3375,262113
3376,262193
3377,262273
3378,262353
3379,262433
3380,262513
3381,262593
3382,262673
3383,262753
3384,262833
3385,262913
3386,262993
3387,263073
3388,263153
3389,263233
3390,263313
3391,263393
3392,263473
3393,263553
3394,263633
3395,263713
3396,263793
3397,263873
3398,263953
3399,264033
3400,264113
3401,264193
3402,264273
3403,264353
3404,264433
3405,264513
3406,264593
3407,264673
3408,264753
3409,264833
3410,264913
3411,264993
3412,265073
3413,265153
3414,265233
3415,265313
3416,265393
3417,265473
3418,265553
3419,265633
3420,265713
3421,265793
3422,265873
3423,265953
3424,266033
3425,266113
3426,266193
3427,266273
3428,266353
3429,266433
3430,266513
3431,266593
3432,266673
3433,266753
3434,266833
3435,266913
3436,266993
3437,267073
3438,267153
3439,267233
3440,267313
3441,267393
3442,267473
3443,267553
3444,267633
3445,267713
3446,267793
3447,267873
3448,267953
3449,268033
3450,268113
3451,268193
3452,268273
3453,268353
3454,268433
3455,268513
3456,268593
3457,268673
3458,268753
3459,268833
3460,268913
3461,268993
3462,269073
3463,269153
3464,269233
3465,269313
3466,269393
3467,269473
3468,269553
3469,269633
3470,269713
3471,269793
3472,269873
3473,269953
3474,270033
3475,270113
3476,270193
3477,270273
3478,270353
3479,270433
3480,270513
3481,270593
3482,270673
3483,270753
3484,270833
3485,270913
3486,270993
3487,271073
3488,271153
3489,271233
3490,271313
3491,271393
3492,271473
3493,271553
3494,271633
3495,271713
3496,271793
3497,271873
3498,271953
3499,272033
3500,272113
3501,272193
3502,272273
3503,272353
3504,272433
3505,272513
3506,272593
3507,272673
3508,272753
3509,272833
3510,272913
3511,272993
3512,273073
3513,273153
3514,273233
3515,273313
3516,273393
3517,273473
3518,273553
3519,273633
3520,273713
3521,273793
3522,273873
3523,273953
3524,274033
3525,274113
3526,274193
3527,274273
3528,274353
3529,274433
3530,274513
3531,274593
3532,274673
3533,274753
3534,274833
3535,274913
3536,274993
3537,275073
3538,275153
3539,275233
3540,275313
3541,275393
3542,275473
3543,275553
3544,275633
3545,275713
3546,275793
3547,275873
3548,275953
3549,276033
3550,276113
3551,276193
3552,276273
3553,276353
3554,276433
3555,276513
3556,276593
3557,276673
3558,276753
3559,276833
3560,276913
3561,276993
3562,277073
3563,277153
3564,277233
3565,277313
3566,277393
3567,277473
3568,277553
3569,277633
3570,277713
3571,277793
3572,277873
3573,277953
3574,278033
3575,278113
3576,278193
3577,278273
3578,278353
3579,278433
3580,278513
3581,278593
3582,278673
3583,278753
3584,278833
3585,278913
3586,278993
3587,279073
3588,279153
3589,279233
3590,279313
3591,279393
3592,279473
3593,279553
3594,279633
3595,279713
3596,279793
3597,279873
3598,279953
3599,280033
3600,280113
3601,280193
3602,280273
3603,280353
3604,280433
3605,280513
3606,280593
3607,280673
3608,280753
3609,280833
3610,280913
3611,280993
3612,281073
3613,281153
3614,281233
3615,281313
3616,281393
3617,281473
3618,281553
3619,281633
3620,281713
3621,281793
3622,281873
3623,281953
3624,282033
3625,282113
3626,282193
3627,282273
3628,282353
3629,282433
3630,282513
3631,282593
3632,282673
3633,282753
3634,282833
3635,282913
3636,282993
3637,283073
3638,283153
3639,283233
3640,283313
3641,283393
3642,283473
3643,283553
3644,283633
3645,283713
3646,283793
3647,283873
3648,283953
3649,284033
3650,284113
3651,284193
3652,284273
3653,284353
3654,284433
3655,284513
3656,284593
3657,284673
3658,284753
3659,284833
3660,284913
3661,284993
3662,285073
3663,285153
3664,285233
3665,285313
3666,285393
3667,285473
3668,285553
3669,285633
3670,285713
3671,285793
3672,285873
3673,285953
3674,286033
3675,286113
3676,286193
3677,286273
3678,286353
3679,286433
3680,286513
3681,286593
3682,286673
3683,286753
3684,286833
3685,286913
3686,286993
3687,287073
3688,287153
3689,287233
3690,287313
3691,287393
3692,287473
3693,287553
3694,287633
3695,287713
3696,287793
3697,287873
3698,287953
3699,288033
3700,288113
3701,288193
3702,288273
3703,288353
3704,288433
3705,288513
3706,288593
3707,288673
3708,288753
3709,288833
3710,288913
3711,288993
3712,289073
3713,289153
3714,289233
3715,289313
3716,289393
3717,289473
3718,289553
3719,289633
3720,289713
3721,289793
3722,289873
3723,289953
3724,290033
3725,290113
3726,290193
3727,290273
3728,290353
3729,290433
3730,290513
3731,290593
3732,290673
3733,290753
3734,290833
3735,290913
3736,290993
3737,291073
3738,291153
3739,291233
3740,291313
3741,291393
3742,291473
3743,291553
3744,291633
3745,291713
3746,291793
3747,291873
3748,291953
3749,292033
3750,292113
3751,292193
3752,292273
3753,292353
3754,292433
3755,292513
3756,292593
3757,292673
3758,292753
3759,292833
3760,292913
3761,292993
3762,293073
3763,293153
3764,293233
3765,293313
3766,293393
3767,293473
3768,293553
3769,293633
3770,293713
3771,293793
3772,293873
3773,293953
3774,294033
3775,294113
3776,294193
3777,294273
3778,294353
3779,294433
3780,294513
3781,294593
3782,294673
3783,294753
3784,294833
3785,294913
3786,294993
3787,295073
3788,295153
3789,295233
3790,295313
3791,295393
3792,295473
3793,295553
3794,295633
3795,295713
3796,295793
3797,295873
3798,295953
3799,296033
3800,296113
3801,296193
3802,296273
3803,296353
3804,296433
3805,296513
3806,296593
3807,296673
3808,296753
3809,296833
3810,296913
3811,296993
3812,297073
3813,297153
3814,297233
3815,297313
3816,297393
3817,297473
3818,297553
3819,297633
3820,297713
3821,297793
3822,297873
3823,297953
3824,298033
3825,298113
3826,298193
3827,298273
3828,298353
3829,298433
3830,298513
3831,298593
3832,298673
3833,298753
3834,298833
3835,298913
3836,298993
3837,299073
3838,299153
3839,299233
3840,299313
3841,299393
3842,299473
3843,299553
3844,299633
3845,299713
3846,299793
3847,299873
3848,299953
3849,300033
3850,300113
3851,300193
3852,300273
3853,300353
3854,300433
3855,300513
3856,300593
3857,300673
3858,300753
3859,300833
3860,300913
3861,300993
3862,301073
3863,301153
3864,301233
3865,301313
3866,301393
3867,301473
3868,301553
3869,301633
3870,301713
3871,301793
3872,301873
3873,301953
3874,302033
3875,302113
3876,302193
3877,302273
3878,302353
3879,302433
3880,302513
3881,302593
3882,302673
3883,302753
3884,302833
3885,302913
3886,302993
3887,303073
3888,303153
3889,303233
3890,303313
3891,303393
3892,303473
3893,303553
3894,303633
3895,303713
3896,303793
3897,303873
3898,303953
3899,304033
3900,304113
3901,304193
3902,304273
3903,304353
3904,304433
3905,304513
3906,304593
3907,304673
3908,304753
3909,304833
3910,304913
3911,304993
3912,305073
3913,305153
3914,305233
3915,305313
3916,305393
3917,305473
3918,305553
3919,305633
3920,305713
3921,305793
3922,305873
3923,305953
3924,306033
3925,306113
3926,306193
3927,306273
3928,306353
3929,306433
3930,306513
3931,306593
3932,306673
3933,306753
3934,306833
3935,306913
3936,306993
3937,307073
3938,307153
3939,307233
3940,307313
3941,307393
3942,307473
3943,307553
3944,307633
3945,307713
3946,307793
3947,307873
3948,307953
3949,308033
3950,308113
3951,308193
3952,308273
3953,308353
3954,308433
3955,308513
3956,308593
3957,308673
3958,308753
3959,308833
3960,308913
3961,308993
3962,309073
3963,309153
3964,309233
3965,309313
3966,309393
3967,309473
3968,309553
3969,309633
3970,309713
3971,309793
3972,309873
3973,309953
3974,310033
3975,310113
3976,310193
3977,310273
3978,310353
3979,310433
3980,310513
3981,310593
3982,310673
3983,310753
3984,310833
3985,310913
3986,310993
3987,311073
3988,311153
3989,311233
3990,311313
3991,311393
3992,311473
3993,311553
3994,311633
3995,311713
3996,311793
3997,311873
3998,311953
3999,312033
4000,312113
4001,312193
4002,312273
4003,312353
4004,312433
4005,312513
4006,312593
4007,312673
4008,312753
4009,312833
4010,312913
4011,312993
4012,313073
4013,313153
4014,313233
4015,313313
4016,313393
4017,313473
4018,313553
4019,313633
4020,313713
4021,313793
4022,313873
4023,313953
4024,314033
4025,314113
4026,314193
4027,314273
4028,314353
4029,314433
4030,314513
4031,314593
4032,314673
4033,314753
4034,314833
4035,314913
4036,314993
4037,315073
4038,315153
4039,315233
4040,315313
4041,315393
4042,315473
4043,315553
4044,315633
4045,315713
4046,315793
4047,315873
4048,315953
4049,316033
4050,316113
4051,316193
4052,316273
4053,316353
4054,316433
4055,316513
4056,316593
4057,316673
4058,316753
4059,316833
4060,316913
4061,316993
4062,317073
4063,317153
4064,317233
4065,317313
4066,317393
4067,317473
4068,317553
4069,317633
4070,317713
4071,317793
4072,317873
4073,317953
4074,318033
4075,318113
4076,318193
4077,318273
4078,318353
4079,318433
4080,318513
4081,318593
4082,318673
4083,318753
4084,318833
4085,318913
4086,318993
4087,319073
4088,319153
4089,319233
4090,319313
4091,319393
4092,319473
4093,319553
4094,319633
4095,319713
4096,319793
4097,319873
4098,319953
4099,320033
4100,320113
4101,320193
4102,320273
4103,320353
4104,320433
4105,320513
4106,320593
4107,320673
4108,320753
4109,320833
4110,320913
4111,320993
4112,321073
4113,321153
4114,321233
4115,321313
4116,321393
4117,321473
4118,321553
4119,321633
4120,321713
4121,321793
4122,321873
4123,321953
4124,322033
4125,322113
4126,322193
4127,322273
4128,322353
4129,322433
4130,322513
4131,322593
4132,322673
4133,322753
4134,322833
4135,322913
4136,322993
4137,323073
4138,323153
4139,323233
4140,323313
4141,323393
4142,323473
4143,323553
4144,323633
4145,323713
4146,323793
4147,323873
4148,323953
4149,324033
4150,324113
4151,324193
4152,324273
4153,324353
4154,324433
4155,324513
4156,324593
4157,324673
4158,324753
4159,324833
4160,324913
4161,324993
4162,325073
4163,325153
4164,325233
4165,325313
4166,325393
4167,325473
4168,325553
4169,325633
4170,325713
4171,325793
4172,325873
4173,325953
4174,326033
4175,326113
4176,326193
4177,326273
4178,326353
4179,326433
4180,326513
4181,326593
4182,326673
4183,326753
4184,326833
4185,326913
4186,326993
4187,327073
4188,327153
4189,327233
4190,327313
4191,327393
4192,327473
4193,327553
4194,327633
4195,327713
4196,327793
4197,327873
4198,327953
4199,328033
4200,328113
4201,328193
4202,328273
4203,328353
4204,328433
4205,328513
4206,328593
4207,328673
4208,328753
4209,328833
4210,328913
4211,328993
4212,329073
4213,329153
4214,329233
4215,329313
4216,329393
4217,329473
4218,329553
4219,329633
4220,329713
4221,329793
4222,329873
4223,329953
4224,330033
4225,330113
4226,330193
4227,330273
4228,330353
4229,330433
4230,330513
4231,330593
4232,330673
4233,330753
4234,330833
4235,330913
4236,330993
4237,331073
4238,331153
4239,331233
4240,331313
4241,331393
4242,331473
4243,331553
4244,331633
4245,331713
4246,331793
4247,331873
4248,331953
4249,332033
4250,332113
4251,332193
4252,332273
4253,332353
4254,332433
4255,332513
4256,332593
4257,332673
4258,332753
4259,332833
4260,332913
4261,332993
4262,333073
4263,333153
4264,333233
4265,333313
4266,333393
4267,333473
4268,333553
4269,333633
4270,333713
4271,333793
4272,333873
4273,333953
4274,334033
4275,334113
4276,334193
4277,334273
4278,334353
4279,334433
4280,334513
4281,334593
4282,334673
4283,334753
4284,334833
4285,334913
4286,334993
4287,335073
4288,335153
4289,335233
4290,335313
4291,335393
4292,335473
4293,335553
4294,335633
4295,335713
4296,335793
4297,335873
4298,335953
4299,336033
4300,336113
4301,336193
4302,336273
4303,336353
4304,336433
4305,336513
4306,336593
4307,336673
4308,336753
4309,336833
4310,336913
4311,336993
4312,337073
4313,337153
4314,337233
4315,337313
4316,337393
4317,337473
4318,337553
4319,337633
4320,337713
4321,337793
4322,337873
4323,337953
4324,338033
4325,338113
4326,338193
4327,338273
4328,338353
4329,338433
4330,338513
4331,338593
4332,338673
4333,338753
4334,338833
4335,338913
4336,338993
4337,339073
4338,339153
4339,339233
4340,339313
4341,339393
4342,339473
4343,339553
4344,339633
4345,339713
4346,339793
4347,339873
4348,339953
4349,340033
4350,340113
4351,340193
4352,340273
4353,340353
4354,340433
4355,340513
4356,340593
4357,340673
4358,340753
4359,340833
4360,340913
4361,340993
4362,341073
4363,341153
4364,341233
4365,341313
4366,341393
4367,341473
4368,341553
4369,341633
4370,341713
4371,341793
4372,341873
4373,341953
4374,342033
4375,342113
4376,342193
4377,342273
4378,342353
4379,342433
4380,342513
4381,342593
4382,342673
4383,342753
4384,342833
4385,342913
4386,342993
4387,343073
4388,343153
4389,343233
4390,343313
4391,343393
4392,343473
4393,343553
4394,343633
4395,343713
4396,343793
4397,343873
4398,343953
4399,344033
4400,344113
4401,344193
4402,344273
4403,344353
4404,344433
4405,344513
4406,344593
4407,344673
4408,344753
4409,344833
4410,344913
4411,344993
4412,345073
4413,345153
4414,345233
4415,345313
4416,345393
4417,345473
4418,345553
4419,345633
4420,345713
4421,345793
4422,345873
4423,345953
4424,346033
4425,346113
4426,346193
4427,346273
4428,346353
4429,346433
4430,346513
4431,346593
4432,346673
4433,346753
4434,346833
4435,346913
4436,346993
4437,347073
4438,347153
4439,347233
4440,347313
4441,347393
4442,347473
4443,347553
4444,347633
4445,347713
4446,347793
4447,347873
4448,347953
4449,348033
4450,348113
4451,348193
4452,348273
4453,348353
4454,348433
4455,348513
4456,348593
4457,348673
4458,348753
4459,348833
4460,348913
4461,348993
4462,349073
4463,349153
4464,349233
4465,349313
4466,349393
4467,349473
4468,349553
4469,349633
4470,349713
4471,349793
4472,349873
4473,349953
4474,350033
4475,350113
4476,350193
4477,350273
4478,350353
4479,350433
4480,350513
4481,350593
4482,350673
4483,350753
4484,350833
4485,350913
4486,350993
4487,351073
4488,351153
4489,351233
4490,351313
4491,351393
4492,351473
4493,351553
4494,351633
4495,351713
4496,351793
4497,351873
4498,351953
4499,352033
4500,352113
4501,352193
4502,352273
4503,352353
4504,352433
4505,352513
4506,352593
4507,352673
4508,352753
4509,352833
4510,352913
4511,352993
4512,353073
4513,353153
4514,353233
4515,353313
4516,353393
4517,353473
4518,353553
4519,353633
4520,353713
4521,353793
4522,353873
4523,353953
4524,354033
4525,354113
4526,354193
4527,354273
4528,354353
4529,354433
4530,354513
4531,354593
4532,354673
4533,354753
4534,354833
4535,354913
4536,354993
4537,355073
4538,355153
4539,355233
4540,355313
4541,355393
4542,355473
4543,355553
4544,355633
4545,355713
4546,355793
4547,355873
4548,355953
4549,356033
4550,356113
4551,356193
4552,356273
4553,356353
4554,356433
4555,356513
4556,356593
4557,356673
4558,356753
4559,356833
4560,356913
4561,356993
4562,357073
4563,357153
4564,357233
4565,357313
4566,357393
4567,357473
4568,357553
4569,357633
4570,357713
4571,357793
4572,357873
4573,357953
4574,358033
4575,358113
4576,358193
4577,358273
4578,358353
4579,358433
4580,358513
4581,358593
4582,358673
4583,358753
4584,358833
4585,358913
4586,358993
4587,359073
4588,359153
4589,359233
4590,359313
4591,359393
4592,359473
4593,359553
4594,359633
4595,359713
4596,359793
4597,359873
4598,359953
4599,360033
4600,360113
4601,360193
4602,360273
4603,360353
4604,360433
4605,360513
4606,360593
4607,360673
4608,360753
4609,360833
4610,360913
4611,360993
4612,361073
4613,361153
4614,361233
4615,361313
4616,361393
4617,361473
4618,361553
4619,361633
4620,361713
4621,361793
4622,361873
4623,361953
4624,362033
4625,362113
4626,362193
4627,362273
4628,362353
4629,362433
4630,362513
4631,362593
4632,362673
4633,362753
4634,362833
4635,362913
4636,362993
4637,363073
4638,363153
4639,363233
4640,363313
4641,363393
4642,363473
4643,363553
4644,363633
4645,363713
4646,363793
4647,363873
4648,363953
4649,364033
4650,364113
4651,364193
4652,364273
4653,364353
4654,364433
4655,364513
4656,364593
4657,364673
4658,364753
4659,364833
4660,364913
4661,364993
4662,365073
4663,365153
4664,365233
4665,365313
4666,365393
4667,365473
4668,365553
4669,365633
4670,365713
4671,365793
4672,365873
4673,365953
4674,366033
4675,366113
4676,366193
4677,366273
4678,366353
4679,366433
4680,366513
4681,366593
4682,366673
4683,366753
4684,366833
4685,366913
4686,366993
4687,367073
4688,367153
4689,367233
4690,367313
4691,367393
4692,367473
4693,367553
4694,367633
4695,367713
4696,367793
4697,367873
4698,367953
4699,368033
4700,368113
4701,368193
4702,368273
4703,368353
4704,368433
4705,368513
4706,368593
4707,368673
4708,368753
4709,368833
4710,368913
4711,368993
4712,369073
4713,369153
4714,369233
4715,369313
4716,369393
4717,369473
4718,369553
4719,369633
4720,369713
4721,369793
4722,369873
4723,369953
4724,370033
4725,370113
4726,370193
4727,370273
4728,370353
4729,370433
4730,370513
4731,370593
4732,370673
4733,370753
4734,370833
4735,370913
4736,370993
4737,371073
4738,371153
4739,371233
4740,371313
4741,371393
4742,371473
4743,371553
4744,371633
4745,371713
4746,371793
4747,371873
4748,371953
4749,372033
4750,372113
4751,372193
4752,372273
4753,372353
4754,372433
4755,372513
4756,372593
4757,372673
4758,372753
4759,372833
4760,372913
4761,372993
4762,373073
4763,373153
4764,373233
4765,373313
4766,373393
4767,373473
4768,373553
4769,373633
4770,373713
4771,373793
4772,373873
4773,373953
4774,374033
4775,374113
4776,374193
4777,374273
4778,374353
4779,374433
4780,374513
4781,374593
4782,374673
4783,374753
4784,374833
4785,374913
4786,374993
4787,375073
4788,375153
4789,375233
4790,375313
4791,375393
4792,375473
4793,375553
4794,375633
4795,375713
4796,375793
4797,375873
4798,375953
4799,376033
4800,376113
4801,376193
4802,376273
4803,376353
4804,376433
4805,376513
4806,376593
4807,376673
4808,376753
4809,376833
4810,376913
4811,376993
4812,377073
4813,377153
4814,377233
4815,377313
4816,377393
4817,377473
4818,377553
4819,377633
4820,377713
4821,377793
4822,377873
4823,377953
4824,378033
4825,378113
4826,378193
4827,378273
4828,378353
4829,378433
4830,378513
4831,378593
4832,378673
4833,378753
4834,378833
4835,378913
4836,378993
4837,379073
4838,379153
4839,379233
4840,379313
4841,379393
4842,379473
4843,379553
4844,379633
4845,379713
4846,379793
4847,379873
4848,379953
4849,380033
4850,380113
4851,380193
4852,380273
4853,380353
4854,380433
4855,380513
4856,380593
4857,380673
4858,380753
4859,380833
4860,380913
4861,380993
4862,381073
4863,381153
4864,381233
4865,381313
4866,381393
4867,381473
4868,381553
4869,381633
4870,381713
4871,381793
4872,381873
4873,381953
4874,382033
4875,382113
4876,382193
4877,382273
4878,382353
4879,382433
4880,382513
4881,382593
4882,382673
4883,382753
4884,382833
4885,382913
4886,382993
4887,383073
4888,383153
4889,383233
4890,383313
4891,383393
4892,383473
4893,383553
4894,383633
4895,383713
4896,383793
4897,383873
4898,383953
4899,384033
4900,384113
4901,384193
4902,384273
4903,384353
4904,384433
4905,384513
4906,384593
4907,384673
4908,384753
4909,384833
4910,384913
4911,384993
4912,385073
4913,385153
4914,385233
4915,385313
4916,385393
4917,385473
4918,385553
4919,385633
4920,385713
4921,385793
4922,385873
4923,385953
4924,386033
4925,386113
4926,386193
4927,386273
4928,386353
4929,386433
4930,386513
4931,386593
4932,386673
4933,386753
4934,386833
4935,386913
4936,386993
4937,387073
4938,387153
4939,387233
4940,387313
4941,387393
4942,387473
4943,387553
4944,387633
4945,387713
4946,387793
4947,387873
4948,387953
4949,388033
4950,388113
4951,388193
4952,388273
4953,388353
4954,388433
4955,388513
4956,388593
4957,388673
4958,388753
4959,388833
4960,388913
4961,388993
4962,389073
4963,389153
4964,389233
4965,389313
4966,389393
4967,389473
4968,389553
4969,389633
4970,389713
4971,389793
4972,389873
4973,389953
4974,390033
4975,390113
4976,390193
4977,390273
4978,390353
4979,390433
4980,390513
4981,390593
4982,390673
4983,390753
4984,390833
4985,390913
4986,390993
4987,391073
4988,391153
4989,391233
4990,391313
4991,391393
4992,391473
4993,391553
4994,391633
4995,391713
4996,391793
4997,391873
4998,391953
4999,392033
5000,392113
5001,392193
5002,392273
5003,392353
5004,392433
5005,392513
5006,392593
5007,392673
5008,392753
5009,392833
5010,392913
5011,392993
5012,393073
5013,393153
5014,393233
5015,393313
5016,393393
5017,393473
5018,393553
5019,393633
5020,393713
5021,393793
5022,393873
5023,393953
5024,394033
5025,394113
5026,394193
5027,394273
5028,394353
5029,394433
5030,394513
5031,394593
5032,394673
5033,394753
5034,394833
5035,394913
5036,394993
5037,395073
5038,395153
5039,395233
5040,395313
5041,395393
5042,395473
5043,395553
5044,395633
5045,395713
5046,395793
5047,395873
5048,395953
5049,396033
5050,396113
5051,396193
5052,396273
5053,396353
5054,396433
5055,396513
5056,396593
5057,396673
5058,396753
5059,396833
5060,396913
5061,396993
5062,397073
5063,397153
5064,397233
5065,397313
5066,397393
5067,397473
5068,397553
5069,397633
5070,397713
5071,397793
5072,397873
5073,397953
5074,398033
5075,398113
5076,398193
5077,398273
5078,398353
5079,398433
5080,398513
5081,398593
5082,398673
5083,398754
5084,398835
5085,398916
5086,398997
5087,399078
5088,399159
5089,399240
5090,399321
5091,399402
5092,399483
5093,399564
5094,399645
5095,399726
5096,399807
5097,399888
5098,399969
5099,400050
5100,400131
5101,400212
5102,400293
5103,400374
5104,400455
5105,400536
5106,400617
5107,400698
5108,400779
5109,400860
5110,400941
5111,401022
5112,401103
5113,401184
5114,401265
5115,401346
5116,401427
5117,401508
5118,401589
5119,401670
5120,401751
5121,401832
5122,401913
5123,401994
5124,402075
5125,402156
5126,402237
5127,402318
5128,402399
5129,402480
5130,402561
5131,402642
5132,402723
5133,402804
5134,402885
5135,402966
5136,403047
5137,403128
5138,403209
5139,403290
5140,403371
5141,403452
5142,403533
5143,403614
5144,403695
5145,403776
5146,403857
5147,403938
5148,404019
5149,404100
5150,404181
5151,404262
5152,404343
5153,404424
5154,404505
5155,404586
5156,404667
5157,404748
5158,404829
5159,404910
5160,404991
5161,405072
5162,405153
5163,405234
5164,405315
5165,405396
5166,405477
5167,405558
5168,405639
5169,405720
5170,405801
5171,405882
5172,405963
5173,406044
5174,406125
5175,406206
5176,406287
5177,406368
5178,406449
5179,406530
5180,406611
5181,406692
5182,406773
5183,406854
5184,406935
5185,407016
5186,407097
5187,407178
5188,407259
5189,407340
5190,407421
5191,407502
5192,407583
5193,407664
5194,407745
5195,407826
5196,407907
5197,407988
5198,408069
5199,408150
5200,408231
5201,408312
5202,408393
5203,408474
5204,408555
5205,408636
5206,408717
5207,408798
5208,408879
5209,408960
5210,409041
5211,409122
5212,409203
5213,409284
5214,409365
5215,409446
5216,409527
5217,409608
5218,409689
5219,409770
5220,409851
5221,409932
5222,410013
5223,410094
5224,410175
5225,410256
5226,410337
5227,410418
5228,410499
5229,410580
5230,410661
5231,410742
5232,410823
5233,410904
5234,410985
5235,411066
5236,411147
5237,411228
5238,411309
5239,411390
5240,411471
5241,411552
5242,411633
5243,411714
5244,411795
5245,411876
5246,411957
5247,412038
5248,412119
5249,412200
5250,412281
5251,412362
5252,412443
5253,412524
5254,412605
5255,412686
5256,412767
5257,412848
5258,412929
5259,413010
5260,413091
5261,413172
5262,413253
5263,413334
5264,413415
5265,413496
5266,413577
5267,413658
5268,413739
5269,413820
5270,413901
5271,413982
5272,414063
5273,414144
5274,414225
5275,414306
5276,414387
5277,414468
5278,414549
5279,414630
5280,414711
5281,414792
5282,414873
5283,414954
5284,415035
5285,415116
5286,415197
5287,415278
5288,415359
5289,415440
5290,415521
5291,415602
5292,415683
5293,415764
5294,415845
5295,415926
5296,416007
5297,416088
5298,416169
5299,416250
5300,416331
5301,416412
5302,416493
5303,416574
5304,416655
5305,416736
5306,416817
5307,416898
5308,416979
5309,417060
5310,417141
5311,417222
5312,417303
5313,417384
5314,417465
5315,417546
5316,417627
5317,417708
5318,417789
5319,417870
5320,417951
5321,418032
5322,418113
5323,418194
5324,418275
5325,418356
5326,418437
5327,418518
5328,418599
5329,418680
5330,418761
5331,418842
5332,418923
5333,419004
5334,419085
5335,419166
5336,419247
5337,419328
5338,419409
5339,419490
5340,419571
5341,419652
5342,419733
5343,419814
5344,419895
5345,419976
5346,420057
5347,420138
5348,420219
5349,420300
5350,420381
5351,420462
5352,420543
5353,420624
5354,420705
5355,420786
5356,420867
5357,420948
5358,421029
5359,421110
5360,421191
5361,421272
5362,421353
5363,421434
5364,421515
5365,421596
5366,421677
5367,421758
5368,421839
5369,421920
5370,422001
5371,422082
5372,422163
5373,422244
5374,422325
5375,422406
5376,422487
5377,422568
5378,422649
5379,422730
5380,422811
5381,422892
5382,422973
5383,423054
5384,423135
5385,423216
5386,423297
5387,423378
5388,423459
5389,423540
5390,423621
5391,423702
5392,423783
5393,423864
5394,423945
5395,424026
5396,424107
5397,424188
5398,424269
5399,424350
5400,424431
5401,424512
5402,424593
5403,424674
5404,424755
5405,424836
5406,424917
5407,424998
5408,425079
5409,425160
5410,425241
5411,425322
5412,425403
5413,425484
5414,425565
5415,425646
5416,425727
5417,425808
5418,425889
5419,425970
5420,426051
5421,426132
5422,426213
5423,426294
5424,426375
5425,426456
5426,426537
5427,426618
5428,426699
5429,426780
5430,426861
5431,426942
5432,427023
5433,427104
5434,427185
5435,427266
5436,427347
5437,427428
5438,427509
5439,427590
5440,427671
5441,427752
5442,427833
5443,427914
5444,427995
5445,428076
5446,428157
5447,428238
5448,428319
5449,428400
5450,428481
5451,428562
5452,428643
5453,428724
5454,428805
5455,428886
5456,428967
5457,429048
5458,429129
5459,429210
5460,429291
5461,429372
5462,429453
5463,429534
5464,429615
5465,429696
5466,429777
5467,429858
5468,429939
5469,430020
5470,430101
5471,430182
5472,430263
5473,430344
5474,430425
5475,430506
5476,430587
5477,430668
5478,430749
5479,430830
5480,430911
5481,430992
5482,431073
5483,431154
5484,431235
5485,431316
5486,431397
5487,431478
5488,431559
5489,431640
5490,431721
5491,431802
5492,431883
5493,431964
5494,432045
5495,432126
5496,432207
5497,432288
5498,432369
5499,432450
5500,432531
5501,432612
5502,432693
5503,432774
5504,432855
5505,432936
5506,433017
5507,433098
5508,433179
5509,433260
5510,433341
5511,433422
5512,433503
5513,433584
5514,433665
5515,433746
5516,433827
5517,433908
5518,433989
5519,434070
5520,434151
5521,434232
5522,434313
5523,434394
5524,434475
5525,434556
5526,434637
5527,434718
5528,434799
5529,434880
5530,434961
5531,435042
5532,435123
5533,435204
5534,435285
5535,435366
5536,435447
5537,435528
5538,435609
5539,435690
5540,435771
5541,435852
5542,435933
5543,436014
5544,436095
5545,436176
5546,436257
5547,436338
5548,436419
5549,436500
5550,436581
5551,436662
5552,436743
5553,436824
5554,436905
5555,436986
5556,437067
5557,437148
5558,437229
5559,437310
5560,437391
5561,437472
5562,437553
5563,437634
5564,437715
5565,437796
5566,437877
5567,437958
5568,438039
5569,438120
5570,438201
5571,438282
5572,438363
5573,438444
5574,438525
5575,438606
5576,438687
5577,438768
5578,438849
5579,438930
5580,439011
5581,439092
5582,439173
5583,439254
5584,439335
5585,439416
5586,439497
5587,439578
5588,439659
5589,439740
5590,439821
5591,439902
5592,439983
5593,440064
5594,440145
5595,440226
5596,440307
5597,440388
5598,440469
5599,440550
5600,440631
5601,440712
5602,440793
5603,440874
5604,440955
5605,441036
5606,441117
5607,441198
5608,441279
5609,441360
5610,441441
5611,441522
5612,441603
5613,441684
5614,441765
5615,441846
5616,441927
5617,442008
5618,442089
5619,442170
5620,442251
5621,442332
5622,442413
5623,442494
5624,442575
5625,442656
5626,442737
5627,442818
5628,442899
5629,442980
5630,443061
5631,443142
5632,443223
5633,443304
5634,443385
5635,443466
5636,443547
5637,443628
5638,443709
5639,443790
5640,443871
5641,443952
5642,444033
5643,444114
5644,444195
5645,444276
5646,444357
5647,444438
5648,444519
5649,444600
5650,444681
5651,444762
5652,444843
5653,444924
5654,445005
5655,445086
5656,445167
5657,445248
5658,445329
5659,445410
5660,445491
5661,445572
5662,445653
5663,445734
5664,445815
5665,445896
5666,445977
5667,446058
5668,446139
5669,446220
5670,446301
5671,446382
5672,446463
5673,446544
5674,446625
5675,446706
5676,446787
5677,446868
5678,446949
5679,447030
5680,447111
5681,447192
5682,447273
5683,447354
5684,447435
5685,447516
5686,447597
5687,447678
5688,447759
5689,447840
5690,447921
5691,448002
5692,448083
5693,448164
5694,448245
5695,448326
5696,448407
5697,448488
5698,448569
5699,448650
5700,448731
5701,448812
5702,448893
5703,448974
5704,449055
5705,449136
5706,449217
5707,449298
5708,449379
5709,449460
5710,449541
5711,449622
5712,449703
5713,449784
5714,449865
5715,449946
5716,450027
5717,450108
5718,450189
5719,450270
5720,450351
5721,450432
5722,450513
5723,450594
5724,450675
5725,450756
5726,450837
5727,450918
5728,450999
5729,451080
5730,451161
5731,451242
5732,451323
5733,451404
5734,451485
5735,451566
5736,451647
5737,451728
5738,451809
5739,451890
5740,451971
5741,452052
5742,452133
5743,452214
5744,452295
5745,452376
5746,452457
5747,452538
5748,452619
5749,452700
5750,452781
5751,452862
5752,452943
5753,453024
5754,453105
5755,453186
5756,453267
5757,453348
5758,453429
5759,453510
5760,453591
5761,453672
5762,453753
5763,453834
5764,453915
5765,453996
5766,454077
5767,454158
5768,454239
5769,454320
5770,454401
5771,454482
5772,454563
5773,454644
5774,454725
5775,454806
5776,454887
5777,454968
5778,455049
5779,455130
5780,455211
5781,455292
5782,455373
5783,455454
5784,455535
5785,455616
5786,455697
5787,455778
5788,455859
5789,455940
5790,456021
5791,456102
5792,456183
5793,456264
5794,456345
5795,456426
5796,456507
5797,456588
5798,456669
5799,456750
5800,456831
5801,456912
5802,456993
5803,457074
5804,457155
5805,457236
5806,457317
5807,457398
5808,457479
5809,457560
5810,457641
5811,457722
5812,457803
5813,457884
5814,457965
5815,458046
5816,458127
5817,458208
5818,458289
5819,458370
5820,458451
5821,458532
5822,458613
5823,458694
5824,458775
5825,458856
5826,458937
5827,459018
5828,459099
5829,459180
5830,459261
5831,459342
5832,459423
5833,459504
5834,459585
5835,459666
5836,459747
5837,459828
5838,459909
5839,459990
5840,460071
5841,460152
5842,460233
5843,460314
5844,460395
5845,460476
5846,460557
5847,460638
5848,460719
5849,460800
5850,460881
5851,460962
5852,461043
5853,461124
5854,461205
5855,461286
5856,461367
5857,461448
5858,461529
5859,461610
5860,461691
5861,461772
5862,461853
5863,461934
5864,462015
5865,462096
5866,462177
5867,462258
5868,462339
5869,462420
5870,462501
5871,462582
5872,462663
5873,462744
5874,462825
5875,462906
5876,462987
5877,463068
5878,463149
5879,463230
5880,463311
5881,463392
5882,463473
5883,463554
5884,463635
5885,463716
5886,463797
5887,463878
5888,463959
5889,464040
5890,464121
5891,464202
5892,464283
5893,464364
5894,464445
5895,464526
5896,464607
5897,464688
5898,464769
5899,464850
5900,464931
5901,465012
5902,465093
5903,465174
5904,465255
5905,465336
5906,465417
5907,465498
5908,465579
5909,465660
5910,465741
5911,465822
5912,465903
5913,465984
5914,466065
5915,466146
5916,466227
5917,466308
5918,466389
5919,466470
5920,466551
5921,466632
5922,466713
5923,466794
5924,466875
5925,466956
5926,467037
5927,467118
5928,467199
5929,467280
5930,467361
5931,467442
5932,467523
5933,467604
5934,467685
5935,467766
5936,467847
5937,467928
5938,468009
5939,468090
5940,468171
5941,468252
5942,468333
5943,468414
5944,468495
5945,468576
5946,468657
5947,468738
5948,468819
5949,468900
5950,468981
5951,469062
5952,469143
5953,469224
5954,469305
5955,469386
5956,469467
5957,469548
5958,469629
5959,469710
5960,469791
5961,469872
5962,469953
5963,470034
5964,470115
5965,470196
5966,470277
5967,470358
5968,470439
5969,470520
5970,470601
5971,470682
5972,470763
5973,470844
5974,470925
5975,471006
5976,471087
5977,471168
5978,471249
5979,471330
5980,471411
5981,471492
5982,471573
5983,471654
5984,471735
5985,471816
5986,471897
5987,471978
5988,472059
5989,472140
5990,472221
5991,472302
5992,472383
5993,472464
5994,472545
5995,472626
5996,472707
5997,472788
5998,472869
5999,472950
6000,473031
6001,473112
6002,473193
6003,473274
6004,473355
6005,473436
6006,473517
6007,473598
6008,473679
6009,473760
6010,473841
6011,473922
6012,474003
6013,474084
6014,474165
6015,474246
6016,474327
6017,474408
6018,474489
6019,474570
6020,474651
6021,474732
6022,474813
6023,474894
6024,474975
6025,475056
6026,475137
6027,475218
6028,475299
6029,475380
6030,475461
6031,475542
6032,475623
6033,475704
6034,475785
6035,475866
6036,475947
6037,476028
6038,476109
6039,476190
6040,476271
6041,476352
6042,476433
6043,476514
6044,476595
6045,476676
6046,476757
6047,476838
6048,476919
6049,477000
6050,477081
6051,477162
6052,477243
6053,477324
6054,477405
6055,477486
6056,477567
6057,477648
6058,477729
6059,477810
6060,477891
6061,477972
6062,478053
6063,478134
6064,478215
6065,478296
6066,478377
6067,478458
6068,478539
6069,478620
6070,478701
6071,478782
6072,478863
6073,478944
6074,479025
6075,479106
6076,479187
6077,479268
6078,479349
6079,479430
6080,479511
6081,479592
6082,479673
6083,479754
6084,479835
6085,479916
6086,479997
6087,480078
6088,480159
6089,480240
6090,480321
6091,480402
6092,480483
6093,480564
6094,480645
6095,480726
6096,480807
6097,480888
6098,480969
6099,481050
6100,481131
6101,481212
6102,481293
6103,481374
6104,481455
6105,481536
6106,481617
6107,481698
6108,481779
6109,481860
6110,481941
6111,482022
6112,482103
6113,482184
6114,482265
6115,482346
6116,482427
6117,482508
6118,482589
6119,482670
6120,482751
6121,482832
6122,482913
6123,482994
6124,483075
6125,483156
6126,483237
6127,483318
6128,483399
6129,483480
6130,483561
6131,483642
6132,483723
6133,483804
6134,483885
6135,483966
6136,484047
6137,484128
6138,484209
6139,484290
6140,484371
6141,484452
6142,484533
6143,484614
6144,484695
6145,484776
6146,484857
6147,484938
6148,485019
6149,485100
6150,485181
6151,485262
6152,485343
6153,485424
6154,485505
6155,485586
6156,485667
6157,485748
6158,485829
6159,485910
6160,485991
6161,486072
6162,486153
6163,486234
6164,486315
6165,486396
6166,486477
6167,486558
6168,486639
6169,486720
6170,486801
6171,486882
6172,486963
6173,487044
6174,487125
6175,487206
6176,487287
6177,487368
6178,487449
6179,487530
6180,487611
6181,487692
6182,487773
6183,487854
6184,487935
6185,488016
6186,488097
6187,488178
6188,488259
6189,488340
6190,488421
6191,488502
6192,488583
6193,488664
6194,488745
6195,488826
6196,488907
6197,488988
6198,489069
6199,489150
6200,489231
6201,489312
6202,489393
6203,489474
6204,489555
6205,489636
6206,489717
6207,489798
6208,489879
6209,489960
6210,490041
6211,490122
6212,490203
6213,490284
6214,490365
6215,490446
6216,490527
6217,490608
6218,490689
6219,490770
6220,490851
6221,490932
6222,491013
6223,491094
6224,491175
6225,491256
6226,491337
6227,491418
6228,491499
6229,491580
6230,491661
6231,491742
6232,491823
6233,491904
6234,491985
6235,492066
6236,492147
6237,492228
6238,492309
6239,492390
6240,492471
6241,492552
6242,492633
6243,492714
6244,492795
6245,492876
6246,492957
6247,493038
6248,493119
6249,493200
6250,493281
6251,493362
6252,493443
6253,493524
6254,493605
6255,493686
6256,493767
6257,493848
6258,493929
6259,494010
6260,494091
6261,494172
6262,494253
6263,494334
6264,494415
6265,494496
6266,494577
6267,494658
6268,494739
6269,494820
6270,494901
6271,494982
6272,495063
6273,495144
6274,495225
6275,495306
6276,495387
6277,495468
6278,495549
6279,495630
6280,495711
6281,495792
6282,495873
6283,495954
6284,496035
6285,496116
6286,496197
6287,496278
6288,496359
6289,496440
6290,496521
6291,496602
6292,496683
6293,496764
6294,496845
6295,496926
6296,497007
6297,497088
6298,497169
6299,497250
6300,497331
6301,497412
6302,497493
6303,497574
6304,497655
6305,497736
6306,497817
6307,497898
6308,497979
6309,498060
6310,498141
6311,498222
6312,498303
6313,498384
6314,498465
6315,498546
6316,498627
6317,498708
6318,498789
6319,498870
6320,498951
6321,499032
6322,499113
6323,499194
6324,499275
6325,499356
6326,499437
6327,499518
6328,499599
6329,499680
6330,499761
6331,499842
6332,499923
6333,500004
6334,500085
6335,500166
6336,500247
6337,500328
6338,500409
6339,500490
6340,500571
6341,500652
6342,500733
6343,500814
6344,500895
6345,500976
6346,501057
6347,501138
6348,501219
6349,501300
6350,501381
6351,501462
6352,501543
6353,501624
6354,501705
6355,501786
6356,501867
6357,501948
6358,502029
6359,502110
6360,502191
6361,502272
6362,502353
6363,502434
6364,502515
6365,502596
6366,502677
6367,502758
6368,502839
6369,502920
6370,503001
6371,503082
6372,503163
6373,503244
6374,503325
6375,503406
6376,503487
6377,503568
6378,503649
6379,503730
6380,503811
6381,503892
6382,503973
6383,504054
6384,504135
6385,504216
6386,504297
6387,504378
6388,504459
6389,504540
6390,504621
6391,504702
6392,504783
6393,504864
6394,504945
6395,505026
6396,505107
6397,505188
6398,505269
6399,505350
6400,505431
6401,505512
6402,505593
6403,505674
6404,505755
6405,505836
6406,505917
6407,505998
6408,506079
6409,506160
6410,506241
6411,506322
6412,506403
6413,506484
6414,506565
6415,506646
6416,506727
6417,506808
6418,506889
6419,506970
6420,507051
6421,507132
6422,507213
6423,507294
6424,507375
6425,507456
6426,507537
6427,507618
6428,507699
6429,507780
6430,507861
6431,507942
6432,508023
6433,508104
6434,508185
6435,508266
6436,508347
6437,508428
6438,508509
6439,508590
6440,508671
6441,508752
6442,508833
6443,508914
6444,508995
6445,509076
6446,509157
6447,509238
6448,509319
6449,509400
6450,509481
6451,509562
6452,509643
6453,509724
6454,509805
6455,509886
6456,509967
6457,510048
6458,510129
6459,510210
6460,510291
6461,510372
6462,510453
6463,510534
6464,510615
6465,510696
6466,510777
6467,510858
6468,510939
6469,511020
6470,511101
6471,511182
6472,511263
6473,511344
6474,511425
6475,511506
6476,511587
6477,511668
6478,511749
6479,511830
6480,511911
6481,511992
6482,512073
6483,512154
6484,512235
6485,512316
6486,512397
6487,512478
6488,512559
6489,512640
6490,512721
6491,512802
6492,512883
6493,512964
6494,513045
6495,513126
6496,513207
6497,513288
6498,513369
6499,513450
6500,513531
6501,513612
6502,513693
6503,513774
6504,513855
6505,513936
6506,514017
6507,514098
6508,514179
6509,514260
6510,514341
6511,514422
6512,514503
6513,514584
6514,514665
6515,514746
6516,514827
6517,514908
6518,514989
6519,515070
6520,515151
6521,515232
6522,515313
6523,515394
6524,515475
6525,515556
6526,515637
6527,515718
6528,515799
6529,515880
6530,515961
6531,516042
6532,516123
6533,516204
6534,516285
6535,516366
6536,516447
6537,516528
6538,516609
6539,516690
6540,516771
6541,516852
6542,516933
6543,517014
6544,517095
6545,517176
6546,517257
6547,517338
6548,517419
6549,517500
6550,517581
6551,517662
6552,517743
6553,517824
6554,517905
6555,517986
6556,518067
6557,518148
6558,518229
6559,518310
6560,518391
6561,518472
6562,518553
6563,518634
6564,518715
6565,518796
6566,518877
6567,518958
6568,519039
6569,519120
6570,519201
6571,519282
6572,519363
6573,519444
6574,519525
6575,519606
6576,519687
6577,519768
6578,519849
6579,519930
6580,520011
6581,520092
6582,520173
6583,520254
6584,520335
6585,520416
6586,520497
6587,520578
6588,520659
6589,520740
6590,520821
6591,520902
6592,520983
6593,521064
6594,521145
6595,521226
6596,521307
6597,521388
6598,521469
6599,521550
6600,521631
6601,521712
6602,521793
6603,521874
6604,521955
6605,522036
6606,522117
6607,522198
6608,522279
6609,522360
6610,522441
6611,522522
6612,522603
6613,522684
6614,522765
6615,522846
6616,522927
6617,523008
6618,523089
6619,523170
6620,523251
6621,523332
6622,523413
6623,523494
6624,523575
6625,523656
6626,523737
6627,523818
6628,523899
6629,523980
6630,524061
6631,524142
6632,524223
6633,524304
6634,524385
6635,524466
6636,524547
6637,524628
6638,524709
6639,524790
6640,524871
6641,524952
6642,525033
6643,525114
6644,525195
6645,525276
6646,525357
6647,525438
6648,525519
6649,525600
6650,525681
6651,525762
6652,525843
6653,525924
6654,526005
6655,526086
6656,526167
6657,526248
6658,526329
6659,526410
6660,526491
6661,526572
6662,526653
6663,526734
6664,526815
6665,526896
6666,526977
6667,527058
6668,527139
6669,527220
6670,527301
6671,527382
6672,527463
6673,527544
6674,527625
6675,527706
6676,527787
6677,527868
6678,527949
6679,528030
6680,528111
6681,528192
6682,528273
6683,528354
6684,528435
6685,528516
6686,528597
6687,528678
6688,528759
6689,528840
6690,528921
6691,529002
6692,529083
6693,529164
6694,529245
6695,529326
6696,529407
6697,529488
6698,529569
6699,529650
6700,529731
6701,529812
6702,529893
6703,529974
6704,530055
6705,530136
6706,530217
6707,530298
6708,530379
6709,530460
6710,530541
6711,530622
6712,530703
6713,530784
6714,530865
6715,530946
6716,531027
6717,531108
6718,531189
6719,531270
6720,531351
6721,531432
6722,531513
6723,531594
6724,531675
6725,531756
6726,531837
6727,531918
6728,531999
6729,532080
6730,532161
6731,532242
6732,532323
6733,532404
6734,532485
6735,532566
6736,532647
6737,532728
6738,532809
6739,532890
6740,532971
6741,533052
6742,533133
6743,533214
6744,533295
6745,533376
6746,533457
6747,533538
6748,533619
6749,533700
6750,533781
6751,533862
6752,533943
6753,534024
6754,534105
6755,534186
6756,534267
6757,534348
6758,534429
6759,534510
6760,534591
6761,534672
6762,534753
6763,534834
6764,534915
6765,534996
6766,535077
6767,535158
6768,535239
6769,535320
6770,535401
6771,535482
6772,535563
6773,535644
6774,535725
6775,535806
6776,535887
6777,535968
6778,536049
6779,536130
6780,536211
6781,536292
6782,536373
6783,536454
6784,536535
6785,536616
6786,536697
6787,536778
6788,536859
6789,536940
6790,537021
6791,537102
6792,537183
6793,537264
6794,537345
6795,537426
6796,537507
6797,537588
6798,537669
6799,537750
6800,537831
6801,537912
6802,537993
6803,538074
6804,538155
6805,538236
6806,538317
6807,538398
6808,538479
6809,538560
6810,538641
6811,538722
6812,538803
6813,538884
6814,538965
6815,539046
6816,539127
6817,539208
6818,539289
6819,539370
6820,539451
6821,539532
6822,539613
6823,539694
6824,539775
6825,539856
6826,539937
6827,540018
6828,540099
6829,540180
6830,540261
6831,540342
6832,540423
6833,540504
6834,540585
6835,540666
6836,540747
6837,540828
6838,540909
6839,540990
6840,541071
6841,541152
6842,541233
6843,541314
6844,541395
6845,541476
6846,541557
6847,541638
6848,541719
6849,541800
6850,541881
6851,541962
6852,542043
6853,542124
6854,542205
6855,542286
6856,542367
6857,542448
6858,542529
6859,542610
6860,542691
6861,542772
6862,542853
6863,542934
6864,543015
6865,543096
6866,543177
6867,543258
6868,543339
6869,543420
6870,543501
6871,543582
6872,543663
6873,543744
6874,543825
6875,543906
6876,543987
6877,544068
6878,544149
6879,544230
6880,544311
6881,544392
6882,544473
6883,544554
6884,544635
6885,544716
6886,544797
6887,544878
6888,544959
6889,545040
6890,545121
6891,545202
6892,545283
6893,545364
6894,545445
6895,545526
6896,545607
6897,545688
6898,545769
6899,545850
6900,545931
6901,546012
6902,546093
6903,546174
6904,546255
6905,546336
6906,546417
6907,546498
6908,546579
6909,546660
6910,546741
6911,546822
6912,546903
6913,546984
6914,547065
6915,547146
6916,547227
6917,547308
6918,547389
6919,547470
6920,547551
6921,547632
6922,547713
6923,547794
6924,547875
6925,547956
6926,548037
6927,548118
6928,548199
6929,548280
6930,548361
6931,548442
6932,548523
6933,548604
6934,548685
6935,548766
6936,548847
6937,548928
6938,549009
6939,549090
6940,549171
6941,549252
6942,549333
6943,549414
6944,549495
6945,549576
6946,549657
6947,549738
6948,549819
6949,549900
6950,549981
6951,550062
6952,550143
6953,550224
6954,550305
6955,550386
6956,550467
6957,550548
6958,550629
6959,550710
6960,550791
6961,550872
6962,550953
6963,551034
6964,551115
6965,551196
6966,551277
6967,551358
6968,551439
6969,551520
6970,551601
6971,551682
6972,551763
6973,551844
6974,551925
6975,552006
6976,552087
6977,552168
6978,552249
6979,552330
6980,552411
6981,552492
6982,552573
6983,552654
6984,552735
6985,552816
6986,552897
6987,552978
6988,553059
6989,553140
6990,553221
6991,553302
6992,553383
6993,553464
6994,553545
6995,553626
6996,553707
6997,553788
6998,553869
6999,553950
7000,554031
7001,554112
7002,554193
7003,554274
7004,554355
7005,554436
7006,554517
7007,554598
7008,554679
7009,554760
7010,554841
7011,554922
7012,555003
7013,555084
7014,555165
7015,555246
7016,555327
7017,555408
7018,555489
7019,555570
7020,555651
7021,555732
7022,555813
7023,555894
7024,555975
7025,556056
7026,556137
7027,556218
7028,556299
7029,556380
7030,556461
7031,556542
7032,556623
7033,556704
7034,556785
7035,556866
7036,556947
7037,557028
7038,557109
7039,557190
7040,557271
7041,557352
7042,557433
7043,557514
7044,557595
7045,557676
7046,557757
7047,557838
7048,557919
7049,558000
7050,558081
7051,558162
7052,558243
7053,558324
7054,558405
7055,558486
7056,558567
7057,558648
7058,558729
7059,558810
7060,558891
7061,558972
7062,559053
7063,559134
7064,559215
7065,559296
7066,559377
7067,559458
7068,559539
7069,559620
7070,559701
7071,559782
7072,559863
7073,559944
7074,560025
7075,560106
7076,560187
7077,560268
7078,560349
7079,560430
7080,560511
7081,560592
7082,560673
7083,560754
7084,560835
7085,560916
7086,560997
7087,561078
7088,561159
7089,561240
7090,561321
7091,561402
7092,561483
7093,561564
7094,561645
7095,561726
7096,561807
7097,561888
7098,561969
7099,562050
7100,562131
7101,562212
7102,562293
7103,562374
7104,562455
7105,562536
7106,562617
7107,562698
7108,562779
7109,562860
7110,562941
7111,563022
7112,563103
7113,563184
7114,563265
7115,563346
7116,563427
7117,563508
7118,563589
7119,563670
7120,563751
7121,563832
7122,563913
7123,563994
7124,564075
7125,564156
7126,564237
7127,564318
7128,564399
7129,564480
7130,564561
7131,564642
7132,564723
7133,564804
7134,564885
7135,564966
7136,565047
7137,565128
7138,565209
7139,565290
7140,565371
7141,565452
7142,565533
7143,565614
7144,565695
7145,565776
7146,565857
7147,565938
7148,566019
7149,566100
7150,566181
7151,566262
7152,566343
7153,566424
7154,566505
7155,566586
7156,566667
7157,566748
7158,566829
7159,566910
7160,566991
7161,567072
7162,567153
7163,567234
7164,567315
7165,567396
7166,567477
7167,567558
7168,567639
7169,567720
7170,567801
7171,567882
7172,567963
7173,568044
7174,568125
7175,568206
7176,568287
7177,568368
7178,568449
7179,568530
7180,568611
7181,568692
7182,568773
7183,568854
7184,568935
7185,569016
7186,569097
7187,569178
7188,569259
7189,569340
7190,569421
7191,569502
7192,569583
7193,569664
7194,569745
7195,569826
7196,569907
7197,569988
7198,570069
7199,570150
7200,570231
7201,570312
7202,570393
7203,570474
7204,570555
7205,570636
7206,570717
7207,570798
7208,570879
7209,570960
7210,571041
7211,571122
7212,571203
7213,571284
7214,571365
7215,571446
7216,571527
7217,571608
7218,571689
7219,571770
7220,571851
7221,571932
7222,572013
7223,572094
7224,572175
7225,572256
7226,572337
7227,572418
7228,572499
7229,572580
7230,572661
7231,572742
7232,572823
7233,572904
7234,572985
7235,573067
7236,573149
7237,573231
7238,573313
7239,573395
7240,573477
7241,573559
7242,573641
7243,573723
7244,573805
7245,573887
7246,573969
7247,574051
7248,574133
7249,574215
7250,574297
7251,574379
7252,574461
7253,574543
7254,574625
7255,574707
7256,574789
7257,574871
7258,574953
7259,575035
7260,575117
7261,575199
7262,575281
7263,575363
7264,575445
7265,575527
7266,575609
7267,575691
7268,575773
7269,575855
7270,575937
7271,576019
7272,576101
7273,576183
7274,576265
7275,576347
7276,576429
7277,576511
7278,576593
7279,576675
7280,576757
7281,576839
7282,576921
7283,577003
7284,577085
7285,577167
7286,577249
7287,577331
7288,577413
7289,577495
7290,577577
7291,577659
7292,577741
7293,577823
7294,577905
7295,577987
7296,578069
7297,578151
7298,578233
7299,578315
7300,578397
7301,578479
7302,578561
7303,578643
7304,578725
7305,578807
7306,578889
7307,578971
7308,579053
7309,579135
7310,579217
7311,579299
7312,579381
7313,579463
7314,579545
7315,579627
7316,579709
7317,579791
7318,579873
7319,579955
7320,580037
7321,580119
7322,580201
7323,580283
7324,580365
7325,580447
7326,580529
7327,580611
7328,580693
7329,580775
7330,580857
7331,580939
7332,581021
7333,581103
7334,581185
7335,581267
7336,581349
7337,581431
7338,581513
7339,581595
7340,581677
7341,581759
7342,581841
7343,581923
7344,582005
7345,582087
7346,582169
7347,582251
7348,582333
7349,582415
7350,582497
7351,582579
7352,582661
7353,582743
7354,582825
7355,582907
7356,582989
7357,583071
7358,583153
7359,583235
7360,583317
7361,583399
7362,583481
7363,583563
7364,583645
7365,583727
7366,583809
7367,583891
7368,583973
7369,584055
7370,584137
7371,584219
7372,584301
7373,584383
7374,584465
7375,584547
7376,584629
7377,584711
7378,584793
7379,584875
7380,584957
7381,585039
7382,585121
7383,585203
7384,585285
7385,585367
7386,585449
7387,585531
7388,585613
7389,585695
7390,585777
7391,585859
7392,585941
7393,586023
7394,586105
7395,586187
7396,586269
7397,586351
7398,586433
7399,586515
7400,586597
7401,586679
7402,586761
7403,586843
7404,586925
7405,587007
7406,587089
7407,587171
7408,587253
7409,587335
7410,587417
7411,587499
7412,587581
7413,587663
7414,587745
7415,587827
7416,587909
7417,587991
7418,588073
7419,588155
7420,588237
7421,588319
7422,588401
7423,588483
7424,588565
7425,588647
7426,588729
7427,588811
7428,588893
7429,588975
7430,589057
7431,589139
7432,589221
7433,589303
7434,589385
7435,589467
7436,589549
7437,589631
7438,589713
7439,589795
7440,589877
7441,589959
7442,590041
7443,590123
7444,590205
7445,590287
7446,590369
7447,590451
7448,590533
7449,590615
7450,590697
7451,590779
7452,590861
7453,590943
7454,591025
7455,591107
7456,591189
7457,591271
7458,591353
7459,591435
7460,591517
7461,591599
7462,591681
7463,591763
7464,591845
7465,591927
7466,592009
7467,592091
7468,592173
7469,592255
7470,592337
7471,592419
7472,592501
7473,592583
7474,592665
7475,592747
7476,592829
7477,592911
7478,592993
7479,593075
7480,593157
7481,593239
7482,593321
7483,593403
7484,593485
7485,593567
7486,593649
7487,593731
7488,593813
7489,593895
7490,593977
7491,594059
7492,594141
7493,594223
7494,594305
7495,594387
7496,594469
7497,594551
7498,594633
7499,594715
7500,594797
7501,594879
7502,594961
7503,595043
7504,595125
7505,595207
7506,595289
7507,595371
7508,595453
7509,595535
7510,595617
7511,595699
7512,595781
7513,595863
7514,595945
7515,596027
7516,596109
7517,596191
7518,596273
7519,596355
7520,596437
7521,596519
7522,596601
7523,596683
7524,596765
7525,596847
7526,596929
7527,597011
7528,597093
7529,597175
7530,597257
7531,597339
7532,597421
7533,597503
7534,597585
7535,597667
7536,597749
7537,597831
7538,597913
7539,597995
7540,598077
7541,598159
7542,598241
7543,598323
7544,598405
7545,598487
7546,598569
7547,598651
7548,598733
7549,598815
7550,598897
7551,598979
7552,599061
7553,599143
7554,599225
7555,599307
7556,599389
7557,599471
7558,599553
7559,599635
7560,599717
7561,599799
7562,599881
7563,599963
7564,600045
7565,600127
7566,600209
7567,600291
7568,600373
7569,600455
7570,600537
7571,600619
7572,600701
7573,600783
7574,600865
7575,600947
7576,601029
7577,601111
7578,601193
7579,601275
7580,601357
7581,601439
7582,601521
7583,601603
7584,601685
7585,601767
7586,601849
7587,601931
7588,602013
7589,602095
7590,602177
7591,602259
7592,602341
7593,602423
7594,602505
7595,602587
7596,602669
7597,602751
7598,602833
7599,602915
7600,602997
7601,603079
7602,603161
7603,603243
7604,603325
7605,603407
7606,603489
7607,603571
7608,603653
7609,603735
7610,603817
7611,603899
7612,603981
7613,604063
7614,604145
7615,604227
7616,604309
7617,604391
7618,604473
7619,604555
7620,604637
7621,604719
7622,604801
7623,604883
7624,604965
7625,605047
7626,605129
7627,605211
7628,605293
7629,605375
7630,605457
7631,605539
7632,605621
7633,605703
7634,605785
7635,605867
7636,605949
7637,606031
7638,606113
7639,606195
7640,606277
7641,606359
7642,606441
7643,606523
7644,606605
7645,606687
7646,606769
7647,606851
7648,606933
7649,607015
7650,607097
7651,607179
7652,607261
7653,607343
7654,607425
7655,607507
7656,607589
7657,607671
7658,607753
7659,607835
7660,607917
7661,607999
7662,608081
7663,608163
7664,608245
7665,608327
7666,608409
7667,608491
7668,608573
7669,608655
7670,608737
7671,608819
7672,608901
7673,608983
7674,609065
7675,609147
7676,609229
7677,609311
7678,609393
7679,609475
7680,609557
7681,609639
7682,609721
7683,609803
7684,609885
7685,609967
7686,610049
7687,610131
7688,610213
7689,610295
7690,610377
7691,610459
7692,610541
7693,610623
7694,610705
7695,610787
7696,610869
7697,610951
7698,611033
7699,611115
7700,611197
7701,611279
7702,611361
7703,611443
7704,611525
7705,611607
7706,611689
7707,611771
7708,611853
7709,611935
7710,612017
7711,612099
7712,612181
7713,612263
7714,612345
7715,612427
7716,612509
7717,612591
7718,612673
7719,612755
7720,612837
7721,612919
7722,613001
7723,613083
7724,613165
7725,613247
7726,613329
7727,613411
7728,613493
7729,613575
7730,613657
7731,613739
7732,613821
7733,613903
7734,613985
7735,614067
7736,614149
7737,614231
7738,614313
7739,614395
7740,614477
7741,614559
7742,614641
7743,614723
7744,614805
7745,614887
7746,614969
7747,615051
7748,615133
7749,615215
7750,615297
7751,615379
7752,615461
7753,615543
7754,615625
7755,615707
7756,615789
7757,615871
7758,615953
7759,616035
7760,616117
7761,616199
7762,616281
7763,616363
7764,616445
7765,616527
7766,616609
7767,616691
7768,616773
7769,616855
7770,616937
7771,617019
7772,617101
7773,617183
7774,617265
7775,617347
7776,617429
7777,617511
7778,617593
7779,617675
7780,617757
7781,617839
7782,617921
7783,618003
7784,618085
7785,618167
7786,618249
7787,618331
7788,618413
7789,618495
7790,618577
7791,618659
7792,618741
7793,618823
7794,618905
7795,618987
7796,619069
7797,619151
7798,619233
7799,619315
7800,619397
7801,619479
7802,619561
7803,619643
7804,619725
7805,619807
7806,619889
7807,619971
7808,620053
7809,620135
7810,620217
7811,620299
7812,620381
7813,620463
7814,620545
7815,620627
7816,620709
7817,620791
7818,620873
7819,620955
7820,621037
7821,621119
7822,621201
7823,621283
7824,621365
7825,621447
7826,621529
7827,621611
7828,621693
7829,621775
7830,621857
7831,621939
7832,622021
7833,622103
7834,622185
7835,622267
7836,622349
7837,622431
7838,622513
7839,622595
7840,622677
7841,622759
7842,622841
7843,622923
7844,623005
7845,623087
7846,623169
7847,623251
7848,623333
7849,623415
7850,623497
7851,623579
7852,623661
7853,623743
7854,623825
7855,623907
7856,623989
7857,624071
7858,624153
7859,624235
7860,624317
7861,624399
7862,624481
7863,624563
7864,624645
7865,624727
7866,624809
7867,624891
7868,624973
7869,625055
7870,625137
7871,625219
7872,625301
7873,625383
7874,625465
7875,625547
7876,625629
7877,625711
7878,625793
7879,625875
7880,625957
7881,626039
7882,626121
7883,626203
7884,626285
7885,626367
7886,626449
7887,626531
7888,626613
7889,626695
7890,626777
7891,626859
7892,626941
7893,627023
7894,627105
7895,627187
7896,627269
7897,627351
7898,627433
7899,627515
7900,627597
7901,627679
7902,627761
7903,627843
7904,627925
7905,628007
7906,628089
7907,628171
7908,628253
7909,628335
7910,628417
7911,628499
7912,628581
7913,628663
7914,628745
7915,628827
7916,628909
7917,628991
7918,629073
7919,629155
7920,629237
7921,629319
7922,629401
7923,629483
7924,629565
7925,629647
7926,629729
7927,629811
7928,629893
7929,629975
7930,630057
7931,630139
7932,630221
7933,630303
7934,630385
7935,630467
7936,630549
7937,630631
7938,630713
7939,630795
7940,630877
7941,630959
7942,631041
7943,631123
7944,631205
7945,631287
7946,631369
7947,631451
7948,631533
7949,631615
7950,631697
7951,631779
7952,631861
7953,631943
7954,632025
7955,632107
7956,632189
7957,632271
7958,632353
7959,632435
7960,632517
7961,632599
7962,632681
7963,632763
7964,632845
7965,632927
7966,633009
7967,633091
7968,633173
7969,633255
7970,633337
7971,633419
7972,633501
7973,633583
7974,633665
7975,633747
7976,633829
7977,633911
7978,633993
7979,634075
7980,634157
7981,634239
7982,634321
7983,634403
7984,634485
7985,634567
7986,634649
7987,634731
7988,634813
7989,634895
7990,634977
7991,635059
7992,635141
7993,635223
7994,635305
7995,635387
7996,635469
7997,635551
7998,635633
7999,635715
8000,635797
8001,635879
8002,635961
8003,636043
8004,636125
8005,636207
8006,636289
8007,636371
8008,636453
8009,636535
8010,636617
8011,636699
8012,636781
8013,636863
8014,636945
8015,637027
8016,637109
8017,637191
8018,637273
8019,637355
8020,637437
8021,637519
8022,637601
8023,637683
8024,637765
8025,637847
8026,637929
8027,638011
8028,638093
8029,638175
8030,638257
8031,638339
8032,638421
8033,638503
8034,638585
8035,638667
8036,638749
8037,638831
8038,638913
8039,638995
8040,639077
8041,639159
8042,639241
8043,639323
8044,639405
8045,639487
8046,639569
8047,639651
8048,639733
8049,639815
8050,639897
8051,639979
8052,640061
8053,640143
8054,640225
8055,640307
8056,640389
8057,640471
8058,640553
8059,640635
8060,640717
8061,640799
8062,640881
8063,640963
8064,641045
8065,641127
8066,641209
8067,641291
8068,641373
8069,641455
8070,641537
8071,641619
8072,641701
8073,641783
8074,641865
8075,641947
8076,642029
8077,642111
8078,642193
8079,642275
8080,642357
8081,642439
8082,642521
8083,642603
8084,642685
8085,642767
8086,642849
8087,642931
8088,643013
8089,643095
8090,643177
8091,643259
8092,643341
8093,643423
8094,643505
8095,643587
8096,643669
8097,643751
8098,643833
8099,643915
8100,643997
8101,644079
8102,644161
8103,644243
8104,644325
8105,644407
8106,644489
8107,644571
8108,644653
8109,644735
8110,644817
8111,644899
8112,644981
8113,645063
8114,645145
8115,645227
8116,645309
8117,645391
8118,645473
8119,645555
8120,645637
8121,645719
8122,645801
8123,645883
8124,645965
8125,646047
8126,646129
8127,646211
8128,646293
8129,646375
8130,646457
8131,646539
8132,646621
8133,646703
8134,646785
8135,646867
8136,646949
8137,647031
8138,647113
8139,647195
8140,647277
8141,647359
8142,647441
8143,647523
8144,647605
8145,647687
8146,647769
8147,647851
8148,647933
8149,648015
8150,648097
8151,648179
8152,648261
8153,648343
8154,648425
8155,648507
8156,648589
8157,648671
8158,648753
8159,648835
8160,648917
8161,648999
8162,649081
8163,649163
8164,649245
8165,649327
8166,649409
8167,649491
8168,649573
8169,649655
8170,649737
8171,649819
8172,649901
8173,649983
8174,650065
8175,650147
8176,650229
8177,650311
8178,650393
8179,650475
8180,650557
8181,650639
8182,650721
8183,650803
8184,650885
8185,650967
8186,651049
8187,651131
8188,651213
8189,651295
8190,651377
8191,651459
8192,651541
8193,651623
8194,651705
8195,651787
8196,651869
8197,651951
8198,652033
8199,652115
8200,652197
8201,652279
8202,652361
8203,652443
8204,652525
8205,652607
8206,652689
8207,652771
8208,652853
8209,652935
8210,653017
8211,653099
8212,653181
8213,653263
8214,653345
8215,653427
8216,653509
8217,653591
8218,653673
8219,653755
8220,653837
8221,653919
8222,654001
8223,654083
8224,654165
8225,654247
8226,654329
8227,654411
8228,654493
8229,654575
8230,654657
8231,654739
8232,654821
8233,654903
8234,654985
8235,655067
8236,655149
8237,655231
8238,655313
8239,655395
8240,655477
8241,655559
8242,655641
8243,655723
8244,655805
8245,655887
8246,655969
8247,656051
8248,656133
8249,656215
8250,656297
8251,656379
8252,656461
8253,656543
8254,656625
8255,656707
8256,656789
8257,656871
8258,656953
8259,657035
8260,657117
8261,657199
8262,657281
8263,657363
8264,657445
8265,657527
8266,657609
8267,657691
8268,657773
8269,657855
8270,657937
8271,658019
8272,658101
8273,658183
8274,658265
8275,658347
8276,658429
8277,658511
8278,658593
8279,658675
8280,658757
8281,658839
8282,658921
8283,659003
8284,659085
8285,659167
8286,659249
8287,659331
8288,659413
8289,659495
8290,659577
8291,659659
8292,659741
8293,659823
8294,659905
8295,659987
8296,660069
8297,660151
8298,660233
8299,660315
8300,660397
8301,660479
8302,660561
8303,660643
8304,660725
8305,660807
8306,660889
8307,660971
8308,661053
8309,661135
8310,661217
8311,661299
8312,661381
8313,661463
8314,661545
8315,661627
8316,661709
8317,661791
8318,661873
8319,661955
8320,662037
8321,662119
8322,662201
8323,662283
8324,662365
8325,662447
8326,662529
8327,662611
8328,662693
8329,662775
8330,662857
8331,662939
8332,663021
8333,663103
8334,663185
8335,663267
8336,663349
8337,663431
8338,663513
8339,663595
8340,663677
8341,663759
8342,663841
8343,663923
8344,664005
8345,664087
8346,664169
8347,664251
8348,664333
8349,664415
8350,664497
8351,664579
8352,664661
8353,664743
8354,664825
8355,664907
8356,664989
8357,665071
8358,665153
8359,665235
8360,665317
8361,665399
8362,665481
8363,665563
8364,665645
8365,665727
8366,665809
8367,665891
8368,665973
8369,666055
8370,666137
8371,666219
8372,666301
8373,666383
8374,666465
8375,666547
8376,666629
8377,666711
8378,666793
8379,666875
8380,666957
8381,667039
8382,667121
8383,667203
8384,667285
8385,667367
8386,667449
8387,667531
8388,667613
8389,667695
8390,667777
8391,667859
8392,667941
8393,668023
8394,668105
8395,668187
8396,668269
8397,668351
8398,668433
8399,668515
8400,668597
8401,668679
8402,668761
8403,668843
8404,668925
8405,669007
8406,669089
8407,669171
8408,669253
8409,669335
8410,669417
8411,669499
8412,669581
8413,669663
8414,669745
8415,669827
8416,669909
8417,669991
8418,670073
8419,670155
8420,670237
8421,670319
8422,670401
8423,670483
8424,670565
8425,670647
8426,670729
8427,670811
8428,670893
8429,670975
8430,671057
8431,671139
8432,671221
8433,671303
8434,671385
8435,671467
8436,671549
8437,671631
8438,671713
8439,671795
8440,671877
8441,671959
8442,672041
8443,672123
8444,672205
8445,672287
8446,672369
8447,672451
8448,672533
8449,672615
8450,672697
8451,672779
8452,672861
8453,672943
8454,673025
8455,673107
8456,673189
8457,673271
8458,673353
8459,673435
8460,673517
8461,673599
8462,673681
8463,673763
8464,673845
8465,673927
8466,674009
8467,674091
8468,674173
8469,674255
8470,674337
8471,674419
8472,674501
8473,674583
8474,674665
8475,674747
8476,674829
8477,674911
8478,674993
8479,675075
8480,675157
8481,675239
8482,675321
8483,675403
8484,675485
8485,675567
8486,675649
8487,675731
8488,675813
8489,675895
8490,675977
8491,676059
8492,676141
8493,676223
8494,676305
8495,676387
8496,676469
8497,676551
8498,676633
8499,676715
8500,676797
8501,676879
8502,676961
8503,677043
8504,677125
8505,677207
8506,677289
8507,677371
8508,677453
8509,677535
8510,677617
8511,677699
8512,677781
8513,677863
8514,677945
8515,678027
8516,678109
8517,678191
8518,678273
8519,678355
8520,678437
8521,678519
8522,678601
8523,678683
8524,678765
8525,678847
8526,678929
8527,679011
8528,679093
8529,679175
8530,679257
8531,679339
8532,679421
8533,679503
8534,679585
8535,679667
8536,679749
8537,679831
8538,679913
8539,679995
8540,680077
8541,680159
8542,680241
8543,680323
8544,680405
8545,680487
8546,680569
8547,680651
8548,680733
8549,680815
8550,680897
8551,680979
8552,681061
8553,681143
8554,681225
8555,681307
8556,681389
8557,681471
8558,681553
8559,681635
8560,681717
8561,681799
8562,681881
8563,681963
8564,682045
8565,682127
8566,682209
8567,682291
8568,682373
8569,682455
8570,682537
8571,682619
8572,682701
8573,682783
8574,682865
8575,682947
8576,683029
8577,683111
8578,683193
8579,683275
8580,683357
8581,683439
8582,683521
8583,683603
8584,683685
8585,683767
8586,683849
8587,683931
8588,684013
8589,684095
8590,684177
8591,684259
8592,684341
8593,684423
8594,684505
8595,684587
8596,684669
8597,684751
8598,684833
8599,684915
8600,684997
8601,685079
8602,685161
8603,685243
8604,685325
8605,685407
8606,685489
8607,685571
8608,685653
8609,685735
8610,685817
8611,685899
8612,685981
8613,686063
8614,686145
8615,686227
8616,686309
8617,686391
8618,686473
8619,686555
8620,686637
8621,686719
8622,686801
8623,686883
8624,686965
8625,687047
8626,687129
8627,687211
8628,687293
8629,687375
8630,687457
8631,687539
8632,687621
8633,687703
8634,687785
8635,687867
8636,687949
8637,688031
8638,688113
8639,688195
8640,688277
8641,688359
8642,688441
8643,688523
8644,688605
8645,688687
8646,688769
8647,688851
8648,688933
8649,689015
8650,689097
8651,689179
8652,689261
8653,689343
8654,689425
8655,689507
8656,689589
8657,689671
8658,689753
8659,689835
8660,689917
8661,689999
8662,690081
8663,690163
8664,690245
8665,690327
8666,690409
8667,690491
8668,690573
8669,690655
8670,690737
8671,690819
8672,690901
8673,690983
8674,691065
8675,691147
8676,691229
8677,691311
8678,691393
8679,691475
8680,691557
8681,691639
8682,691721
8683,691803
8684,691885
8685,691967
8686,692049
8687,692131
8688,692213
8689,692295
8690,692377
8691,692459
8692,692541
8693,692623
8694,692705
8695,692787
8696,692869
8697,692951
8698,693033
8699,693115
8700,693197
8701,693279
8702,693361
8703,693443
8704,693525
8705,693607
8706,693689
8707,693771
8708,693853
8709,693935
8710,694017
8711,694099
8712,694181
8713,694263
8714,694345
8715,694427
8716,694509
8717,694591
8718,694673
8719,694755
8720,694837
8721,694919
8722,695001
8723,695083
8724,695165
8725,695247
8726,695329
8727,695411
8728,695493
8729,695575
8730,695657
8731,695739
8732,695821
8733,695903
8734,695985
8735,696067
8736,696149
8737,696231
8738,696313
8739,696395
8740,696477
8741,696559
8742,696641
8743,696723
8744,696805
8745,696887
8746,696969
8747,697051
8748,697133
8749,697215
8750,697297
8751,697379
8752,697461
8753,697543
8754,697625
8755,697707
8756,697789
8757,697871
8758,697953
8759,698035
8760,698117
8761,698199
8762,698281
8763,698363
8764,698445
8765,698527
8766,698609
8767,698691
8768,698773
8769,698855
8770,698937
8771,699019
8772,699101
8773,699183
8774,699265
8775,699347
8776,699429
8777,699511
8778,699593
8779,699675
8780,699757
8781,699839
8782,699921
8783,700003
8784,700085
8785,700167
8786,700249
8787,700331
8788,700413
8789,700495
8790,700577
8791,700659
8792,700741
8793,700823
8794,700905
8795,700987
8796,701069
8797,701151
8798,701233
8799,701315
8800,701397
8801,701479
8802,701561
8803,701643
8804,701725
8805,701807
8806,701889
8807,701971
8808,702053
8809,702135
8810,702217
8811,702299
8812,702381
8813,702463
8814,702545
8815,702627
8816,702709
8817,702791
8818,702873
8819,702955
8820,703037
8821,703119
8822,703201
8823,703283
8824,703365
8825,703447
8826,703529
8827,703611
8828,703693
8829,703775
8830,703857
8831,703939
8832,704021
8833,704103
8834,704185
8835,704267
8836,704349
8837,704431
8838,704513
8839,704595
8840,704677
8841,704759
8842,704841
8843,704923
8844,705005
8845,705087
8846,705169
8847,705251
8848,705333
8849,705415
8850,705497
8851,705579
8852,705661
8853,705743
8854,705825
8855,705907
8856,705989
8857,706071
8858,706153
8859,706235
8860,706317
8861,706399
8862,706481
8863,706563
8864,706645
8865,706727
8866,706809
8867,706891
8868,706973
8869,707055
8870,707137
8871,707219
8872,707301
8873,707383
8874,707465
8875,707547
8876,707629
8877,707711
8878,707793
8879,707875
8880,707957
8881,708039
8882,708121
8883,708203
8884,708285
8885,708367
8886,708449
8887,708531
8888,708613
8889,708695
8890,708777
8891,708859
8892,708941
8893,709023
8894,709105
8895,709187
8896,709269
8897,709351
8898,709433
8899,709515
8900,709597
8901,709679
8902,709761
8903,709843
8904,709925
8905,710007
8906,710089
8907,710171
8908,710253
8909,710335
8910,710417
8911,710499
8912,710581
8913,710663
8914,710745
8915,710827
8916,710909
8917,710991
8918,711073
8919,711155
8920,711237
8921,711319
8922,711401
8923,711483
8924,711565
8925,711647
8926,711729
8927,711812
8928,711895
8929,711978
8930,712061
8931,712144
8932,712227
8933,712310
8934,712393
8935,712476
8936,712559
8937,712642
8938,712725
8939,712808
8940,712891
8941,712974
8942,713057
8943,713140
8944,713223
8945,713306
8946,713389
8947,713472
8948,713555
8949,713638
8950,713721
8951,713804
8952,713887
8953,713970
8954,714053
8955,714136
8956,714219
8957,714302
8958,714385
8959,714468
8960,714551
8961,714634
8962,714717
8963,714800
8964,714883
8965,714966
8966,715049
8967,715132
8968,715215
8969,715298
8970,715381
8971,715464
8972,715547
8973,715630
8974,715713
8975,715796
8976,715879
8977,715962
8978,716045
8979,716128
8980,716211
8981,716294
8982,716377
8983,716460
8984,716543
8985,716626
8986,716709
8987,716792
8988,716875
8989,716958
8990,717041
8991,717124
8992,717207
8993,717290
8994,717373
8995,717456
8996,717539
8997,717622
8998,717705
8999,717788
9000,717871
9001,717954
9002,718037
9003,718120
9004,718203
9005,718286
9006,718369
9007,718452
9008,718535
9009,718618
9010,718701
9011,718784
9012,718867
9013,718950
9014,719033
9015,719116
9016,719199
9017,719282
9018,719365
9019,719448
9020,719531
9021,719614
9022,719697
9023,719780
9024,719863
9025,719946
9026,720029
9027,720112
9028,720195
9029,720278
9030,720361
9031,720444
9032,720527
9033,720610
9034,720693
9035,720776
9036,720859
9037,720942
9038,721025
9039,721108
9040,721191
9041,721274
9042,721357
9043,721440
9044,721523
9045,721606
9046,721689
9047,721772
9048,721855
9049,721938
9050,722021
9051,722104
9052,722187
9053,722270
9054,722353
9055,722436
9056,722519
9057,722602
9058,722685
9059,722768
9060,722851
9061,722934
9062,723017
9063,723100
9064,723183
9065,723266
9066,723349
9067,723432
9068,723515
9069,723598
9070,723681
9071,723764
9072,723847
9073,723930
9074,724013
9075,724096
9076,724179
9077,724262
9078,724345
9079,724428
9080,724511
9081,724594
9082,724677
9083,724760
9084,724843
9085,724926
9086,725009
9087,725092
9088,725175
9089,725258
9090,725341
9091,725424
9092,725507
9093,725590
9094,725673
9095,725756
9096,725839
9097,725922
9098,726005
9099,726088
9100,726171
9101,726254
9102,726337
9103,726420
9104,726503
9105,726586
9106,726669
9107,726752
9108,726835
9109,726918
9110,727001
9111,727084
9112,727167
9113,727250
9114,727333
9115,727416
9116,727499
9117,727582
9118,727665
9119,727748
9120,727831
9121,727914
9122,727997
9123,728080
9124,728163
9125,728246
9126,728329
9127,728412
9128,728495
9129,728578
9130,728661
9131,728744
9132,728827
9133,728910
9134,728993
9135,729076
9136,729159
9137,729242
9138,729325
9139,729408
9140,729491
9141,729574
9142,729657
9143,729740
9144,729823
9145,729906
9146,729989
9147,730072
9148,730155
9149,730238
9150,730321
9151,730404
9152,730487
9153,730570
9154,730653
9155,730736
9156,730819
9157,730902
9158,730985
9159,731068
9160,731151
9161,731234
9162,731317
9163,731400
9164,731483
9165,731566
9166,731649
9167,731732
9168,731815
9169,731898
9170,731981
9171,732064
9172,732147
9173,732230
9174,732313
9175,732396
9176,732479
9177,732562
9178,732645
9179,732728
9180,732811
9181,732894
9182,732977
9183,733060
9184,733143
9185,733226
9186,733309
9187,733392
9188,733475
9189,733558
9190,733641
9191,733724
9192,733807
9193,733890
9194,733973
9195,734056
9196,734139
9197,734222
9198,734305
9199,734388
9200,734471
9201,734554
9202,734637
9203,734720
9204,734803
9205,734886
9206,734969
9207,735052
9208,735135
9209,735218
9210,735301
9211,735384
9212,735467
9213,735550
9214,735633
9215,735716
9216,735799
9217,735882
9218,735965
9219,736048
9220,736131
9221,736214
9222,736297
9223,736380
9224,736463
9225,736546
9226,736629
9227,736712
9228,736795
9229,736878
9230,736961
9231,737044
9232,737127
9233,737210
9234,737293
9235,737376
9236,737459
9237,737542
9238,737625
9239,737708
9240,737791
9241,737874
9242,737957
9243,738040
9244,738123
9245,738206
9246,738289
9247,738372
9248,738455
9249,738538
9250,738621
9251,738704
9252,738787
9253,738870
9254,738953
9255,739036
9256,739119
9257,739202
9258,739285
9259,739368
9260,739451
9261,739534
9262,739617
9263,739700
9264,739783
9265,739866
9266,739949
9267,740032
9268,740115
9269,740198
9270,740281
9271,740364
9272,740447
9273,740530
9274,740613
9275,740696
9276,740779
9277,740862
9278,740945
9279,741028
9280,741111
9281,741194
9282,741277
9283,741360
9284,741443
9285,741526
9286,741609
9287,741692
9288,741775
9289,741858
9290,741941
9291,742024
9292,742107
9293,742190
9294,742273
9295,742356
9296,742439
9297,742522
9298,742605
9299,742688
9300,742771
9301,742854
9302,742937
9303,743020
9304,743103
9305,743186
9306,743269
9307,743352
9308,743435
9309,743518
9310,743601
9311,743684
9312,743767
9313,743850
9314,743933
9315,744016
9316,744099
9317,744182
9318,744265
9319,744348
9320,744431
9321,744514
9322,744597
9323,744680
9324,744763
9325,744846
9326,744929
9327,745012
9328,745095
9329,745178
9330,745261
9331,745344
9332,745427
9333,745510
9334,745593
9335,745676
9336,745759
9337,745842
9338,745925
9339,746008
9340,746091
9341,746174
9342,746257
9343,746340
9344,746423
9345,746506
9346,746589
9347,746672
9348,746755
9349,746838
9350,746921
9351,747004
9352,747087
9353,747170
9354,747253
9355,747336
9356,747419
9357,747502
9358,747585
9359,747668
9360,747751
9361,747834
9362,747917
9363,748000
9364,748083
9365,748166
9366,748249
9367,748332
9368,748415
9369,748498
9370,748581
9371,748664
9372,748747
9373,748830
9374,748913
9375,748996
9376,749079
9377,749162
9378,749245
9379,749328
9380,749411
9381,749494
9382,749577
9383,749660
9384,749743
9385,749826
9386,749909
9387,749992
9388,750075
9389,750158
9390,750241
9391,750324
9392,750407
9393,750490
9394,750573
9395,750656
9396,750739
9397,750822
9398,750905
9399,750988
9400,751071
9401,751154
9402,751237
9403,751320
9404,751403
9405,751486
9406,751569
9407,751652
9408,751735
9409,751818
9410,751901
9411,751984
9412,752067
9413,752150
9414,752233
9415,752316
9416,752399
9417,752482
9418,752565
9419,752648
9420,752731
9421,752814
9422,752897
9423,752980
9424,753063
9425,753146
9426,753229
9427,753312
9428,753395
9429,753478
9430,753561
9431,753644
9432,753727
9433,753810
9434,753893
9435,753976
9436,754059
9437,754142
9438,754225
9439,754308
9440,754391
9441,754474
9442,754557
9443,754640
9444,754723
9445,754806
9446,754889
9447,754972
9448,755055
9449,755138
9450,755221
9451,755304
9452,755387
9453,755470
9454,755553
9455,755636
9456,755719
9457,755802
9458,755885
9459,755968
9460,756051
9461,756134
9462,756217
9463,756300
9464,756383
9465,756466
9466,756549
9467,756632
9468,756715
9469,756798
9470,756881
9471,756964
9472,757047
9473,757130
9474,757213
9475,757296
9476,757379
9477,757462
9478,757545
9479,757628
9480,757711
9481,757794
9482,757877
9483,757960
9484,758043
9485,758126
9486,758209
9487,758292
9488,758375
9489,758458
9490,758541
9491,758624
9492,758707
9493,758790
9494,758873
9495,758956
9496,759039
9497,759122
9498,759205
9499,759288
9500,759371
9501,759454
9502,759537
9503,759620
9504,759703
9505,759786
9506,759869
9507,759952
9508,760035
9509,760118
9510,760201
9511,760284
9512,760367
9513,760450
9514,760533
9515,760616
9516,760699
9517,760782
9518,760865
9519,760948
9520,761031
9521,761114
9522,761197
9523,761280
9524,761363
9525,761446
9526,761529
9527,761612
9528,761695
9529,761778
9530,761861
9531,761944
9532,762027
9533,762110
9534,762193
9535,762276
9536,762359
9537,762442
9538,762525
9539,762608
9540,762691
9541,762774
9542,762857
9543,762940
9544,763023
9545,763106
9546,763189
9547,763272
9548,763355
9549,763438
9550,763521
9551,763604
9552,763687
9553,763770
9554,763853
9555,763936
9556,764019
9557,764102
9558,764185
9559,764268
9560,764351
9561,764434
9562,764517
9563,764600
9564,764683
9565,764766
9566,764849
9567,764932
9568,765015
9569,765098
9570,765181
9571,765264
9572,765347
9573,765430
9574,765513
9575,765596
9576,765679
9577,765762
9578,765845
9579,765928
9580,766011
9581,766094
9582,766177
9583,766260
9584,766343
9585,766426
9586,766509
9587,766592
9588,766675
9589,766758
9590,766841
9591,766924
9592,767007
9593,767090
9594,767173
9595,767256
9596,767339
9597,767422
9598,767505
9599,767588
9600,767671
9601,767754
9602,767837
9603,767920
9604,768003
9605,768086
9606,768169
9607,768252
9608,768335
9609,768418
9610,768501
9611,768584
9612,768667
9613,768750
9614,768833
9615,768916
9616,768999
9617,769082
9618,769165
9619,769248
9620,769331
9621,769414
9622,769497
9623,769580
9624,769663
9625,769746
9626,769829
9627,769912
9628,769995
9629,770078
9630,770161
9631,770244
9632,770327
9633,770410
9634,770493
9635,770576
9636,770659
9637,770742
9638,770825
9639,770908
9640,770991
9641,771074
9642,771157
9643,771240
9644,771323
9645,771406
9646,771489
9647,771572
9648,771655
9649,771738
9650,771821
9651,771904
9652,771987
9653,772070
9654,772153
9655,772236
9656,772319
9657,772402
9658,772485
9659,772568
9660,772651
9661,772734
9662,772817
9663,772900
9664,772983
9665,773066
9666,773149
9667,773232
9668,773315
9669,773398
9670,773481
9671,773564
9672,773647
9673,773730
9674,773813
9675,773896
9676,773979
9677,774062
9678,774145
9679,774228
9680,774311
9681,774394
9682,774477
9683,774560
9684,774643
9685,774726
9686,774809
9687,774892
9688,774975
9689,775058
9690,775141
9691,775224
9692,775307
9693,775390
9694,775473
9695,775556
9696,775639
9697,775722
9698,775805
9699,775888
9700,775971
9701,776054
9702,776137
9703,776220
9704,776303
9705,776386
9706,776469
9707,776552
9708,776635
9709,776718
9710,776802
9711,776886
9712,776970
9713,777054
9714,777138
9715,777222
9716,777306
9717,777390
9718,777474
9719,777558
9720,777642
9721,777726
9722,777810
9723,777894
9724,777978
9725,778062
9726,778146
9727,778230
9728,778314
9729,778398
9730,778482
9731,778566
9732,778650
9733,778734
9734,778818
9735,778902
9736,778986
9737,779070
9738,779154
9739,779238
9740,779322
9741,779406
9742,779490
9743,779574
9744,779658
9745,779742
9746,779826
9747,779910
9748,779994
9749,780078
9750,780162
9751,780246
9752,780330
9753,780414
9754,780498
9755,780582
9756,780666
9757,780750
9758,780834
9759,780918
9760,781002
9761,781086
9762,781170
9763,781254
9764,781338
9765,781422
9766,781506
9767,781590
9768,781674
9769,781758
9770,781842
9771,781926
9772,782010
9773,782094
9774,782178
9775,782262
9776,782346
9777,782430
9778,782514
9779,782598
9780,782682
9781,782766
9782,782850
9783,782934
9784,783018
9785,783102
9786,783186
9787,783270
9788,783354
9789,783438
9790,783522
9791,783606
9792,783690
9793,783774
9794,783858
9795,783942
9796,784026
9797,784110
9798,784194
9799,784278
9800,784362
9801,784446
9802,784530
9803,784614
9804,784698
9805,784782
9806,784866
9807,784950
9808,785034
9809,785118
9810,785202
9811,785286
9812,785370
9813,785454
9814,785538
9815,785622
9816,785706
9817,785790
9818,785874
9819,785958
9820,786042
9821,786126
9822,786210
9823,786294
9824,786378
9825,786462
9826,786546
9827,786630
9828,786714
9829,786798
9830,786882
9831,786966
9832,787050
9833,787134
9834,787218
9835,787302
9836,787386
9837,787470
9838,787554
9839,787638
9840,787722
9841,787806
9842,787890
9843,787974
9844,788058
9845,788142
9846,788226
9847,788310
9848,788394
9849,788478
9850,788562
9851,788646
9852,788730
9853,788814
9854,788898
9855,788982
9856,789066
9857,789150
9858,789234
9859,789318
9860,789402
9861,789486
9862,789570
9863,789654
9864,789738
9865,789822
9866,789906
9867,789990
9868,790074
9869,790158
9870,790242
9871,790326
9872,790410
9873,790494
9874,790578
9875,790662
9876,790746
9877,790830
9878,790914
9879,790998
9880,791082
9881,791166
9882,791250
9883,791334
9884,791418
9885,791502
9886,791586
9887,791670
9888,791754
9889,791838
9890,791922
9891,792006
9892,792090
9893,792174
9894,792258
9895,792342
9896,792426
9897,792510
9898,792594
9899,792678
9900,792762
9901,792846
9902,792930
9903,793014
9904,793098
9905,793182
9906,793266
9907,793350
9908,793434
9909,793518
9910,793602
9911,793686
9912,793770
9913,793854
9914,793938
9915,794022
9916,794106
9917,794190
9918,794274
9919,794358
9920,794442
9921,794526
9922,794610
9923,794694
9924,794778
9925,794862
9926,794946
9927,795030
9928,795114
9929,795198
9930,795282
9931,795366
9932,795450
9933,795534
9934,795618
9935,795702
9936,795786
9937,795870
9938,795954
9939,796038
9940,796122
9941,796206
9942,796290
9943,796374
9944,796458
9945,796542
9946,796626
9947,796710
9948,796794
9949,796878
9950,796962
9951,797046
9952,797130
9953,797214
9954,797299
9955,797384
9956,797469
9957,797554
9958,797639
9959,797724
9960,797809
9961,797894
9962,797979
9963,798064
9964,798149
9965,798234
9966,798319
9967,798404
9968,798489
9969,798574
9970,798659
9971,798744
9972,798829
9973,798914
9974,798999
9975,799084
9976,799169
9977,799254
9978,799339
9979,799424
9980,799509
9981,799594
9982,799679
9983,799764
9984,799849
9985,799934
9986,800019
9987,800104
9988,800189
9989,800274
9990,800359
9991,800444
9992,800529
9993,800614
9994,800699
9995,800785
9996,800871
9997,800957
9998,801043
9999,801129
10000,801215
