KeywordCount,Storage(Bits)
1,905
2,979
3,1053
4,1127
5,1201
6,1275
7,1349
8,1423
9,1497
10,1571
11,1645
12,1719
13,1793
14,1867
15,1941
16,2015
17,2089
18,2163
19,2237
20,2311
21,2385
22,2459
23,2533
24,2607
25,2681
26,2755
27,2829
28,2903
29,2977
30,3051
31,3125
32,3199
33,3273
34,3347
35,3421
36,3495
37,3569
38,3643
39,3717
40,3791
41,3865
42,3939
43,4013
44,4087
45,4161
46,4235
47,4309
48,4383
49,4457
50,4531
51,4605
52,4679
53,4753
54,4827
55,4901
56,4975
57,5049
58,5123
59,5197
60,5271
61,5345
62,5419
63,5493
64,5567
65,5641
66,5715
67,5789
68,5863
69,5937
70,6011
71,6085
72,6159
73,6233
74,6307
75,6381
76,6455
77,6529
78,6603
79,6677
80,6751
81,6825
82,6899
83,6973
84,7047
85,7121
86,7195
87,7269
88,7343
89,7417
90,7491
91,7565
92,7639
93,7713
94,7787
95,7861
96,7935
97,8009
98,8083
99,8157
100,8231
101,8305
102,8379
103,8453
104,8527
105,8601
106,8675
107,8749
108,8823
109,8897
110,8971
111,9045
112,9119
113,9193
114,9267
115,9341
116,9415
117,9489
118,9563
119,9637
120,9711
121,9785
122,9859
123,9933
124,10007
125,10081
126,10155
127,10229
128,10303
129,10377
130,10451
131,10525
132,10599
133,10673
134,10747
135,10821
136,10895
137,10969
138,11043
139,11117
140,11191
141,11265
142,11339
143,11413
144,11487
145,11561
146,11635
147,11709
148,11783
149,11857
150,11931
151,12005
152,12079
153,12153
154,12227
155,12301
156,12375
157,12449
158,12523
159,12597
160,12671
161,12745
162,12819
163,12893
164,12967
165,13041
166,13115
167,13189
168,13263
169,13337
170,13411
171,13485
172,13559
173,13633
174,13707
175,13781
176,13855
177,13929
178,14003
179,14077
180,14151
181,14225
182,14299
183,14373
184,14447
185,14521
186,14595
187,14669
188,14743
189,14817
190,14891
191,14965
192,15039
193,15113
194,15187
195,15261
196,15335
197,15409
198,15483
199,15557
200,15631
201,15705
202,15779
203,15853
204,15927
205,16001
206,16075
207,16149
208,16223
209,16297
210,16371
211,16445
212,16519
213,16593
214,16667
215,16741
216,16815
217,16889
218,16963
219,17037
220,17111
221,17185
222,17259
223,17333
224,17407
225,17481
226,17555
227,17629
228,17703
229,17777
230,17851
231,17925
232,17999
233,18073
234,18147
235,18221
236,18295
237,18369
238,18443
239,18517
240,18591
241,18665
242,18739
243,18813
244,18887
245,18961
246,19035
247,19109
248,19183
249,19257
250,19331
251,19405
252,19479
253,19553
254,19627
255,19701
256,19775
257,19849
258,19923
259,19997
260,20071
261,20145
262,20219
263,20293
264,20367
265,20441
266,20515
267,20589
268,20663
269,20737
270,20811
271,20885
272,20959
273,21033
274,21107
275,21181
276,21255
277,21329
278,21403
279,21477
280,21551
281,21625
282,21699
283,21773
284,21847
285,21921
286,21995
287,22069
288,22143
289,22217
290,22291
291,22365
292,22439
293,22513
294,22587
295,22661
296,22735
297,22809
298,22883
299,22957
300,23031
301,23105
302,23179
303,23253
304,23327
305,23401
306,23475
307,23549
308,23624
309,23699
310,23774
311,23849
312,23924
313,23999
314,24074
315,24149
316,24224
317,24299
318,24374
319,24449
320,24524
321,24599
322,24674
323,24749
324,24824
325,24899
326,24974
327,25049
328,25124
329,25199
330,25274
331,25349
332,25424
333,25499
334,25574
335,25649
336,25724
337,25799
338,25874
339,25949
340,26024
341,26099
342,26174
343,26249
344,26324
345,26399
346,26474
347,26549
348,26624
349,26699
350,26774
351,26849
352,26924
353,26999
354,27074
355,27149
356,27224
357,27299
358,27374
359,27449
360,27524
361,27599
362,27674
363,27749
364,27824
365,27899
366,27974
367,28049
368,28124
369,28199
370,28274
371,28349
372,28424
373,28499
374,28574
375,28649
376,28724
377,28799
378,28874
379,28949
380,29024
381,29099
382,29174
383,29249
384,29324
385,29399
386,29474
387,29549
388,29624
389,29699
390,29774
391,29849
392,29924
393,29999
394,30074
395,30149
396,30224
397,30299
398,30374
399,30449
400,30524
401,30599
402,30674
403,30749
404,30824
405,30899
406,30974
407,31049
408,31124
409,31199
410,31274
411,31349
412,31424
413,31499
414,31574
415,31649
416,31724
417,31799
418,31874
419,31949
420,32024
421,32099
422,32174
423,32249
424,32324
425,32399
426,32474
427,32549
428,32624
429,32699
430,32774
431,32849
432,32924
433,32999
434,33074
435,33149
436,33224
437,33299
438,33374
439,33449
440,33524
441,33599
442,33674
443,33749
444,33824
445,33899
446,33974
447,34049
448,34124
449,34199
450,34274
451,34349
452,34424
453,34499
454,34574
455,34649
456,34724
457,34799
458,34874
459,34949
460,35024
461,35099
462,35174
463,35249
464,35324
465,35399
466,35474
467,35549
468,35624
469,35699
470,35774
471,35849
472,35924
473,35999
474,36074
475,36149
476,36224
477,36299
478,36374
479,36449
480,36524
481,36599
482,36674
483,36749
484,36824
485,36899
486,36974
487,37049
488,37124
489,37199
490,37274
491,37349
492,37424
493,37499
494,37574
495,37649
496,37724
497,37799
498,37874
499,37949
500,38024
501,38099
502,38174
503,38249
504,38324
505,38399
506,38474
507,38549
508,38624
509,38699
510,38774
511,38849
512,38924
513,38999
514,39074
515,39149
516,39224
517,39299
518,39374
519,39449
520,39524
521,39599
522,39674
523,39749
524,39824
525,39899
526,39974
527,40049
528,40124
529,40199
530,40274
531,40349
532,40424
533,40499
534,40574
535,40649
536,40724
537,40799
538,40874
539,40949
540,41024
541,41099
542,41174
543,41249
544,41324
545,41399
546,41474
547,41549
548,41624
549,41699
550,41774
551,41849
552,41924
553,41999
554,42074
555,42149
556,42224
557,42299
558,42374
559,42449
560,42524
561,42599
562,42674
563,42749
564,42824
565,42899
566,42974
567,43049
568,43124
569,43199
570,43274
571,43349
572,43424
573,43499
574,43574
575,43649
576,43724
577,43799
578,43874
579,43949
580,44024
581,44099
582,44174
583,44249
584,44324
585,44399
586,44474
587,44549
588,44624
589,44699
590,44774
591,44849
592,44924
593,44999
594,45074
595,45149
596,45224
597,45299
598,45374
599,45449
600,45524
601,45599
602,45674
603,45749
604,45824
605,45899
606,45974
607,46049
608,46124
609,46199
610,46274
611,46349
612,46424
613,46499
614,46574
615,46649
616,46724
617,46799
618,46874
619,46949
620,47024
621,47099
622,47174
623,47249
624,47324
625,47399
626,47474
627,47549
628,47624
629,47699
630,47774
631,47849
632,47924
633,47999
634,48074
635,48149
636,48224
637,48299
638,48374
639,48449
640,48524
641,48599
642,48674
643,48749
644,48824
645,48899
646,48974
647,49049
648,49124
649,49199
650,49274
651,49349
652,49424
653,49499
654,49574
655,49649
656,49724
657,49799
658,49874
659,49949
660,50024
661,50099
662,50174
663,50249
664,50324
665,50399
666,50474
667,50549
668,50624
669,50699
670,50774
671,50849
672,50924
673,50999
674,51074
675,51149
676,51224
677,51299
678,51374
679,51449
680,51524
681,51599
682,51674
683,51749
684,51824
685,51899
686,51974
687,52049
688,52124
689,52199
690,52274
691,52349
692,52424
693,52499
694,52574
695,52649
696,52724
697,52799
698,52874
699,52949
700,53024
701,53099
702,53174
703,53249
704,53324
705,53400
706,53476
707,53552
708,53628
709,53704
710,53780
711,53856
712,53932
713,54008
714,54084
715,54160
716,54236
717,54312
718,54388
719,54464
720,54540
721,54616
722,54692
723,54768
724,54844
725,54920
726,54996
727,55072
728,55148
729,55224
730,55300
731,55376
732,55452
733,55528
734,55604
735,55680
736,55756
737,55832
738,55908
739,55984
740,56060
741,56136
742,56212
743,56288
744,56364
745,56440
746,56516
747,56592
748,56668
749,56744
750,56820
751,56896
752,56972
753,57048
754,57124
755,57200
756,57276
757,57352
758,57428
759,57504
760,57580
761,57656
762,57732
763,57808
764,57884
765,57960
766,58036
767,58112
768,58188
769,58264
770,58340
771,58416
772,58492
773,58568
774,58644
775,58720
776,58796
777,58872
778,58948
779,59024
780,59100
781,59176
782,59252
783,59328
784,59404
785,59480
786,59556
787,59632
788,59708
789,59784
790,59860
791,59936
792,60012
793,60088
794,60164
795,60240
796,60316
797,60392
798,60468
799,60544
800,60620
801,60696
802,60772
803,60848
804,60924
805,61000
806,61076
807,61152
808,61228
809,61304
810,61380
811,61456
812,61532
813,61608
814,61684
815,61760
816,61836
817,61912
818,61988
819,62064
820,62140
821,62216
822,62292
823,62368
824,62444
825,62520
826,62596
827,62672
828,62748
829,62824
830,62900
831,62976
832,63052
833,63128
834,63204
835,63280
836,63356
837,63432
838,63508
839,63584
840,63660
841,63736
842,63812
843,63888
844,63964
845,64040
846,64116
847,64192
848,64268
849,64344
850,64420
851,64496
852,64572
853,64648
854,64724
855,64800
856,64876
857,64952
858,65028
859,65104
860,65180
861,65256
862,65332
863,65408
864,65484
865,65560
866,65636
867,65712
868,65788
869,65864
870,65940
871,66016
872,66092
873,66168
874,66244
875,66320
876,66396
877,66472
878,66548
879,66624
880,66700
881,66776
882,66852
883,66928
884,67004
885,67080
886,67156
887,67232
888,67308
889,67384
890,67460
891,67536
892,67612
893,67688
894,67764
895,67840
896,67916
897,67992
898,68068
899,68144
900,68220
901,68296
902,68372
903,68448
904,68524
905,68600
906,68676
907,68752
908,68828
909,68904
910,68980
911,69056
912,69132
913,69208
914,69284
915,69360
916,69436
917,69512
918,69588
919,69664
920,69740
921,69816
922,69892
923,69968
924,70045
925,70122
926,70199
927,70276
928,70353
929,70430
930,70507
931,70584
932,70661
933,70738
934,70815
935,70892
936,70969
937,71046
938,71123
939,71200
940,71277
941,71354
942,71431
943,71508
944,71585
945,71662
946,71739
947,71816
948,71893
949,71970
950,72047
951,72124
952,72201
953,72278
954,72355
955,72432
956,72509
957,72586
958,72663
959,72740
960,72817
961,72894
962,72971
963,73048
964,73125
965,73202
966,73279
967,73356
968,73433
969,73510
970,73587
971,73664
972,73741
973,73818
974,73895
975,73972
976,74049
977,74126
978,74203
979,74280
980,74357
981,74434
982,74511
983,74588
984,74665
985,74742
986,74819
987,74896
988,74973
989,75050
990,75127
991,75204
992,75281
993,75358
994,75435
995,75512
996,75589
997,75666
998,75743
999,75820
1000,75897
1001,75974
1002,76051
1003,76128
1004,76205
1005,76282
1006,76359
1007,76436
1008,76513
1009,76590
1010,76667
1011,76744
1012,76821
1013,76898
1014,76975
1015,77052
1016,77129
1017,77206
1018,77283
1019,77360
1020,77437
1021,77514
1022,77591
1023,77668
1024,77745
1025,77822
1026,77899
1027,77976
1028,78053
1029,78130
1030,78207
1031,78284
1032,78361
1033,78438
1034,78515
1035,78592
1036,78669
1037,78746
1038,78823
1039,78900
1040,78977
1041,79054
1042,79131
1043,79208
1044,79285
1045,79362
1046,79439
1047,79516
1048,79593
1049,79670
1050,79747
1051,79824
1052,79901
1053,79978
1054,80055
1055,80132
1056,80209
1057,80286
1058,80363
1059,80440
1060,80517
1061,80594
1062,80671
1063,80748
1064,80825
1065,80902
1066,80979
1067,81056
1068,81133
1069,81210
1070,81287
1071,81364
1072,81441
1073,81518
1074,81595
1075,81672
1076,81749
1077,81826
1078,81903
1079,81980
1080,82057
1081,82134
1082,82211
1083,82288
1084,82365
1085,82442
1086,82519
1087,82596
1088,82673
1089,82750
1090,82827
1091,82904
1092,82981
1093,83058
1094,83135
1095,83212
1096,83289
1097,83366
1098,83443
1099,83520
1100,83597
1101,83674
1102,83751
1103,83828
1104,83905
1105,83982
1106,84059
1107,84136
1108,84213
1109,84290
1110,84367
1111,84444
1112,84521
1113,84598
1114,84675
1115,84752
1116,84829
1117,84906
1118,84983
1119,85060
1120,85137
1121,85214
1122,85291
1123,85368
1124,85445
1125,85522
1126,85599
1127,85676
1128,85753
1129,85830
1130,85907
1131,85984
1132,86061
1133,86138
1134,86215
1135,86292
1136,86369
1137,86446
1138,86523
1139,86600
1140,86677
1141,86754
1142,86831
1143,86908
1144,86985
1145,87062
1146,87139
1147,87216
1148,87293
1149,87370
1150,87447
1151,87524
1152,87601
1153,87678
1154,87755
1155,87832
1156,87909
1157,87986
1158,88063
1159,88140
1160,88217
1161,88294
1162,88371
1163,88448
1164,88525
1165,88602
1166,88679
1167,88756
1168,88833
1169,88910
1170,88987
1171,89064
1172,89141
1173,89218
1174,89295
1175,89372
1176,89449
1177,89526
1178,89604
1179,89682
1180,89760
1181,89838
1182,89916
1183,89994
1184,90072
1185,90150
1186,90228
1187,90306
1188,90384
1189,90462
1190,90540
1191,90618
1192,90696
1193,90774
1194,90852
1195,90930
1196,91008
1197,91086
1198,91164
1199,91242
1200,91320
1201,91398
1202,91476
1203,91554
1204,91632
1205,91710
1206,91788
1207,91866
1208,91944
1209,92022
1210,92100
1211,92178
1212,92256
1213,92334
1214,92412
1215,92490
1216,92568
1217,92646
1218,92724
1219,92802
1220,92880
1221,92958
1222,93036
1223,93114
1224,93192
1225,93270
1226,93348
1227,93426
1228,93504
1229,93582
1230,93660
1231,93738
1232,93816
1233,93894
1234,93972
1235,94050
1236,94128
1237,94206
1238,94284
1239,94362
1240,94440
1241,94518
1242,94596
1243,94674
1244,94752
1245,94830
1246,94908
1247,94986
1248,95064
1249,95142
1250,95220
1251,95298
1252,95376
1253,95454
1254,95532
1255,95610
1256,95688
1257,95766
1258,95844
1259,95922
1260,96000
1261,96078
1262,96156
1263,96234
1264,96312
1265,96390
1266,96468
1267,96546
1268,96624
1269,96702
1270,96780
1271,96858
1272,96936
1273,97014
1274,97092
1275,97170
1276,97248
1277,97326
1278,97404
1279,97482
1280,97560
1281,97638
1282,97716
1283,97794
1284,97872
1285,97950
1286,98028
1287,98106
1288,98184
1289,98262
1290,98340
1291,98418
1292,98496
1293,98574
1294,98652
1295,98730
1296,98808
1297,98886
1298,98964
1299,99042
1300,99120
1301,99198
1302,99276
1303,99354
1304,99432
1305,99510
1306,99588
1307,99666
1308,99744
1309,99822
1310,99900
1311,99978
1312,100056
1313,100134
1314,100212
1315,100290
1316,100368
1317,100446
1318,100524
1319,100602
1320,100680
1321,100758
1322,100836
1323,100914
1324,100992
1325,101070
1326,101148
1327,101226
1328,101304
1329,101382
1330,101460
1331,101538
1332,101616
1333,101694
1334,101772
1335,101850
1336,101928
1337,102006
1338,102084
1339,102162
1340,102240
1341,102318
1342,102396
1343,102474
1344,102552
1345,102630
1346,102708
1347,102786
1348,102864
1349,102942
1350,103020
1351,103098
1352,103176
1353,103254
1354,103332
1355,103410
1356,103488
1357,103566
1358,103644
1359,103722
1360,103800
1361,103878
1362,103956
1363,104034
1364,104112
1365,104190
1366,104268
1367,104346
1368,104424
1369,104502
1370,104580
1371,104658
1372,104736
1373,104814
1374,104892
1375,104970
1376,105048
1377,105126
1378,105204
1379,105282
1380,105360
1381,105438
1382,105516
1383,105594
1384,105672
1385,105750
1386,105828
1387,105906
1388,105984
1389,106062
1390,106140
1391,106218
1392,106296
1393,106374
1394,106452
1395,106530
1396,106608
1397,106686
1398,106764
1399,106842
1400,106920
1401,106998
1402,107076
1403,107154
1404,107232
1405,107310
1406,107388
1407,107466
1408,107544
1409,107622
1410,107700
1411,107778
1412,107856
1413,107934
1414,108012
1415,108090
1416,108168
1417,108246
1418,108324
1419,108402
1420,108480
1421,108558
1422,108636
1423,108714
1424,108792
1425,108870
1426,108948
1427,109026
1428,109104
1429,109182
1430,109260
1431,109338
1432,109416
1433,109494
1434,109572
1435,109650
1436,109728
1437,109806
1438,109884
1439,109962
1440,110040
1441,110118
1442,110196
1443,110274
1444,110352
1445,110430
1446,110508
1447,110586
1448,110664
1449,110742
1450,110820
1451,110898
1452,110976
1453,111054
1454,111132
1455,111210
1456,111288
1457,111366
1458,111444
1459,111522
1460,111600
1461,111678
1462,111756
1463,111834
1464,111912
1465,111990
1466,112068
1467,112146
1468,112224
1469,112302
1470,112380
1471,112458
1472,112536
1473,112614
1474,112692
1475,112770
1476,112848
1477,112926
1478,113004
1479,113082
1480,113160
1481,113238
1482,113316
1483,113394
1484,113472
1485,113550
1486,113628
1487,113706
1488,113784
1489,113862
1490,113940
1491,114018
1492,114096
1493,114174
1494,114252
1495,114330
1496,114408
1497,114486
1498,114564
1499,114642
1500,114720
1501,114798
1502,114876
1503,114954
1504,115032
1505,115110
1506,115188
1507,115266
1508,115344
1509,115422
1510,115500
1511,115578
1512,115656
1513,115734
1514,115812
1515,115890
1516,115968
1517,116046
1518,116124
1519,116202
1520,116280
1521,116358
1522,116436
1523,116514
1524,116592
1525,116670
1526,116748
1527,116826
1528,116904
1529,116982
1530,117060
1531,117138
1532,117216
1533,117294
1534,117372
1535,117450
1536,117528
1537,117606
1538,117684
1539,117762
1540,117840
1541,117918
1542,117996
1543,118074
1544,118152
1545,118230
1546,118308
1547,118386
1548,118464
1549,118542
1550,118620
1551,118698
1552,118776
1553,118854
1554,118932
1555,119010
1556,119088
1557,119166
1558,119244
1559,119322
1560,119400
1561,119478
1562,119556
1563,119634
1564,119712
1565,119790
1566,119868
1567,119946
1568,120024
1569,120102
1570,120180
1571,120258
1572,120336
1573,120414
1574,120492
1575,120570
1576,120648
1577,120726
1578,120804
1579,120882
1580,120960
1581,121038
1582,121116
1583,121194
1584,121272
1585,121350
1586,121428
1587,121506
1588,121584
1589,121662
1590,121740
1591,121818
1592,121896
1593,121974
1594,122052
1595,122130
1596,122208
1597,122286
1598,122364
1599,122442
1600,122520
1601,122598
1602,122676
1603,122754
1604,122832
1605,122910
1606,122988
1607,123066
1608,123144
1609,123222
1610,123300
1611,123378
1612,123456
1613,123534
1614,123612
1615,123690
1616,123768
1617,123846
1618,123924
1619,124002
1620,124080
1621,124158
1622,124236
1623,124314
1624,124392
1625,124470
1626,124548
1627,124626
1628,124704
1629,124782
1630,124860
1631,124938
1632,125016
1633,125094
1634,125172
1635,125250
1636,125328
1637,125406
1638,125484
1639,125562
1640,125640
1641,125718
1642,125796
1643,125874
1644,125952
1645,126030
1646,126108
1647,126186
1648,126264
1649,126342
1650,126420
1651,126498
1652,126576
1653,126654
1654,126732
1655,126810
1656,126888
1657,126966
1658,127044
1659,127122
1660,127200
1661,127278
1662,127356
1663,127434
1664,127512
1665,127590
1666,127668
1667,127746
1668,127824
1669,127902
1670,127980
1671,128058
1672,128136
1673,128214
1674,128292
1675,128370
1676,128448
1677,128526
1678,128604
1679,128682
1680,128760
1681,128838
1682,128916
1683,128994
1684,129072
1685,129150
1686,129228
1687,129306
1688,129384
1689,129462
1690,129540
1691,129618
1692,129696
1693,129774
1694,129852
1695,129930
1696,130008
1697,130086
1698,130164
1699,130242
1700,130320
1701,130398
1702,130476
1703,130554
1704,130632
1705,130710
1706,130788
1707,130866
1708,130944
1709,131022
1710,131100
1711,131178
1712,131256
1713,131334
1714,131412
1715,131490
1716,131568
1717,131646
1718,131724
1719,131802
1720,131880
1721,131959
1722,132038
1723,132117
1724,132196
1725,132275
1726,132354
1727,132433
1728,132512
1729,132591
1730,132670
1731,132749
1732,132828
1733,132907
1734,132986
1735,133065
1736,133144
1737,133223
1738,133302
1739,133381
1740,133460
1741,133539
1742,133618
1743,133697
1744,133776
1745,133855
1746,133934
1747,134013
1748,134092
1749,134171
1750,134250
1751,134329
1752,134408
1753,134487
1754,134566
1755,134645
1756,134724
1757,134803
1758,134882
1759,134961
1760,135040
1761,135119
1762,135198
1763,135277
1764,135356
1765,135435
1766,135514
1767,135593
1768,135672
1769,135751
1770,135830
1771,135909
1772,135988
1773,136067
1774,136146
1775,136225
1776,136304
1777,136383
1778,136462
1779,136541
1780,136620
1781,136699
1782,136778
1783,136857
1784,136936
1785,137015
1786,137094
1787,137173
1788,137252
1789,137331
1790,137410
1791,137489
1792,137568
1793,137647
1794,137726
1795,137805
1796,137884
1797,137963
1798,138042
1799,138121
1800,138200
1801,138279
1802,138358
1803,138437
1804,138516
1805,138595
1806,138674
1807,138753
1808,138832
1809,138911
1810,138990
1811,139069
1812,139148
1813,139227
1814,139306
1815,139385
1816,139464
1817,139543
1818,139622
1819,139701
1820,139780
1821,139859
1822,139938
1823,140017
1824,140096
1825,140175
1826,140254
1827,140333
1828,140412
1829,140491
1830,140570
1831,140649
1832,140728
1833,140807
1834,140886
1835,140965
1836,141044
1837,141123
1838,141202
1839,141281
1840,141360
1841,141439
1842,141518
1843,141597
1844,141676
1845,141755
1846,141834
1847,141913
1848,141992
1849,142071
1850,142150
1851,142229
1852,142308
1853,142387
1854,142466
1855,142545
1856,142624
1857,142703
1858,142782
1859,142861
1860,142940
1861,143019
1862,143098
1863,143177
1864,143256
1865,143335
1866,143414
1867,143493
1868,143572
1869,143651
1870,143730
1871,143809
1872,143888
1873,143967
1874,144046
1875,144125
1876,144204
1877,144283
1878,144362
1879,144441
1880,144520
1881,144599
1882,144678
1883,144757
1884,144836
1885,144915
1886,144994
1887,145073
1888,145152
1889,145231
1890,145310
1891,145389
1892,145468
1893,145547
1894,145626
1895,145705
1896,145784
1897,145863
1898,145942
1899,146021
1900,146100
1901,146179
1902,146258
1903,146337
1904,146416
1905,146495
1906,146574
1907,146653
1908,146732
1909,146811
1910,146890
1911,146969
1912,147048
1913,147127
1914,147206
1915,147285
1916,147364
1917,147443
1918,147522
1919,147601
1920,147680
1921,147759
1922,147838
1923,147917
1924,147996
1925,148075
1926,148154
1927,148233
1928,148312
1929,148391
1930,148470
1931,148549
1932,148628
1933,148707
1934,148786
1935,148865
1936,148944
1937,149023
1938,149102
1939,149181
1940,149260
1941,149339
1942,149418
1943,149497
1944,149576
1945,149655
1946,149734
1947,149813
1948,149892
1949,149971
1950,150050
1951,150129
1952,150208
1953,150287
1954,150366
1955,150445
1956,150524
1957,150603
1958,150682
1959,150761
1960,150840
1961,150919
1962,150998
1963,151077
1964,151156
1965,151235
1966,151314
1967,151393
1968,151472
1969,151551
1970,151630
1971,151709
1972,151788
1973,151867
1974,151946
1975,152025
1976,152104
1977,152183
1978,152262
1979,152341
1980,152420
1981,152499
1982,152578
1983,152657
1984,152736
1985,152815
1986,152894
1987,152973
1988,153052
1989,153131
1990,153210
1991,153289
1992,153368
1993,153447
1994,153526
1995,153605
1996,153684
1997,153763
1998,153842
1999,153921
2000,154000
2001,154079
2002,154158
2003,154237
2004,154316
2005,154395
2006,154474
2007,154553
2008,154632
2009,154711
2010,154790
2011,154869
2012,154948
2013,155027
2014,155106
2015,155185
2016,155264
2017,155343
2018,155422
2019,155501
2020,155580
2021,155659
2022,155738
2023,155817
2024,155896
2025,155975
2026,156054
2027,156133
2028,156212
2029,156291
2030,156370
2031,156449
2032,156528
2033,156607
2034,156686
2035,156765
2036,156844
2037,156923
2038,157002
2039,157081
2040,157160
2041,157239
2042,157318
2043,157397
2044,157476
2045,157555
2046,157634
2047,157713
2048,157792
2049,157871
2050,157950
2051,158029
2052,158108
2053,158187
2054,158266
2055,158345
2056,158424
2057,158503
2058,158582
2059,158661
2060,158740
2061,158819
2062,158898
2063,158977
2064,159056
2065,159135
2066,159214
2067,159293
2068,159372
2069,159451
2070,159530
2071,159609
2072,159688
2073,159767
2074,159846
2075,159925
2076,160004
2077,160083
2078,160162
2079,160241
2080,160320
2081,160399
2082,160478
2083,160557
2084,160636
2085,160715
2086,160794
2087,160873
2088,160952
2089,161031
2090,161110
2091,161189
2092,161268
2093,161347
2094,161426
2095,161505
2096,161584
2097,161663
2098,161742
2099,161821
2100,161900
2101,161979
2102,162058
2103,162137
2104,162216
2105,162295
2106,162374
2107,162453
2108,162532
2109,162611
2110,162690
2111,162769
2112,162848
2113,162927
2114,163006
2115,163085
2116,163164
2117,163243
2118,163322
2119,163401
2120,163480
2121,163559
2122,163638
2123,163717
2124,163796
2125,163875
2126,163954
2127,164033
2128,164112
2129,164191
2130,164270
2131,164349
2132,164428
2133,164507
2134,164586
2135,164665
2136,164744
2137,164823
2138,164902
2139,164981
2140,165060
2141,165139
2142,165218
2143,165297
2144,165376
2145,165455
2146,165534
2147,165613
2148,165692
2149,165771
2150,165850
2151,165929
2152,166008
2153,166087
2154,166166
2155,166245
2156,166324
2157,166403
2158,166482
2159,166561
2160,166640
2161,166719
2162,166798
2163,166877
2164,166956
2165,167035
2166,167114
2167,167193
2168,167272
2169,167351
2170,167430
2171,167509
2172,167588
2173,167667
2174,167746
2175,167825
2176,167904
2177,167983
2178,168062
2179,168141
2180,168220
2181,168299
2182,168378
2183,168457
2184,168536
2185,168615
2186,168694
2187,168773
2188,168852
2189,168931
2190,169010
2191,169089
2192,169168
2193,169247
2194,169326
2195,169405
2196,169484
2197,169563
2198,169642
2199,169721
2200,169800
2201,169879
2202,169958
2203,170037
2204,170116
2205,170195
2206,170274
2207,170353
2208,170432
2209,170511
2210,170590
2211,170669
2212,170748
2213,170827
2214,170906
2215,170985
2216,171064
2217,171143
2218,171222
2219,171301
2220,171380
2221,171459
2222,171538
2223,171617
2224,171696
2225,171775
2226,171854
2227,171933
2228,172012
2229,172091
2230,172170
2231,172249
2232,172328
2233,172407
2234,172486
2235,172565
2236,172644
2237,172723
2238,172802
2239,172881
2240,172960
2241,173039
2242,173118
2243,173197
2244,173276
2245,173355
2246,173434
2247,173513
2248,173592
2249,173671
2250,173750
2251,173829
2252,173908
2253,173987
2254,174066
2255,174145
2256,174224
2257,174303
2258,174382
2259,174461
2260,174540
2261,174619
2262,174698
2263,174777
2264,174856
2265,174935
2266,175014
2267,175093
2268,175172
2269,175251
2270,175330
2271,175409
2272,175488
2273,175567
2274,175646
2275,175725
2276,175804
2277,175883
2278,175962
2279,176041
2280,176120
2281,176199
2282,176278
2283,176357
2284,176436
2285,176515
2286,176594
2287,176673
2288,176752
2289,176831
2290,176910
2291,176989
2292,177068
2293,177147
2294,177226
2295,177305
2296,177384
2297,177463
2298,177542
2299,177621
2300,177700
2301,177779
2302,177858
2303,177937
2304,178016
2305,178095
2306,178174
2307,178253
2308,178332
2309,178411
2310,178490
2311,178569
2312,178648
2313,178727
2314,178806
2315,178885
2316,178964
2317,179043
2318,179122
2319,179201
2320,179280
2321,179359
2322,179438
2323,179517
2324,179596
2325,179675
2326,179754
2327,179833
2328,179912
2329,179991
2330,180070
2331,180149
2332,180228
2333,180307
2334,180386
2335,180465
2336,180544
2337,180623
2338,180702
2339,180781
2340,180860
2341,180939
2342,181018
2343,181097
2344,181176
2345,181255
2346,181334
2347,181413
2348,181492
2349,181571
2350,181650
2351,181729
2352,181808
2353,181887
2354,181966
2355,182045
2356,182124
2357,182203
2358,182282
2359,182361
2360,182440
2361,182519
2362,182598
2363,182677
2364,182756
2365,182835
2366,182914
2367,182993
2368,183072
2369,183151
2370,183230
2371,183309
2372,183388
2373,183467
2374,183546
2375,183625
2376,183704
2377,183783
2378,183862
2379,183941
2380,184020
2381,184099
2382,184178
2383,184257
2384,184336
2385,184415
2386,184494
2387,184573
2388,184652
2389,184731
2390,184810
2391,184889
2392,184968
2393,185047
2394,185126
2395,185205
2396,185284
2397,185363
2398,185442
2399,185521
2400,185600
2401,185679
2402,185758
2403,185837
2404,185916
2405,185995
2406,186074
2407,186153
2408,186232
2409,186311
2410,186390
2411,186469
2412,186548
2413,186627
2414,186706
2415,186785
2416,186864
2417,186943
2418,187022
2419,187101
2420,187180
2421,187259
2422,187338
2423,187417
2424,187496
2425,187575
2426,187654
2427,187733
2428,187812
2429,187891
2430,187970
2431,188049
2432,188128
2433,188207
2434,188286
2435,188365
2436,188444
2437,188523
2438,188602
2439,188681
2440,188760
2441,188839
2442,188918
2443,188997
2444,189076
2445,189155
2446,189234
2447,189313
2448,189392
2449,189471
2450,189550
2451,189629
2452,189708
2453,189787
2454,189866
2455,189945
2456,190024
2457,190103
2458,190182
2459,190261
2460,190340
2461,190419
2462,190498
2463,190577
2464,190656
2465,190735
2466,190814
2467,190893
2468,190972
2469,191051
2470,191130
2471,191209
2472,191288
2473,191367
2474,191446
2475,191525
2476,191604
2477,191683
2478,191762
2479,191841
2480,191920
2481,191999
2482,192078
2483,192157
2484,192236
2485,192315
2486,192394
2487,192473
2488,192552
2489,192631
2490,192710
2491,192789
2492,192868
2493,192947
2494,193026
2495,193105
2496,193184
2497,193263
2498,193342
2499,193421
2500,193500
2501,193579
2502,193658
2503,193737
2504,193816
2505,193895
2506,193974
2507,194053
2508,194132
2509,194211
2510,194290
2511,194369
2512,194448
2513,194527
2514,194606
2515,194685
2516,194764
2517,194843
2518,194922
2519,195001
2520,195080
2521,195159
2522,195238
2523,195317
2524,195396
2525,195475
2526,195554
2527,195633
2528,195712
2529,195791
2530,195870
2531,195949
2532,196028
2533,196107
2534,196186
2535,196265
2536,196344
2537,196423
2538,196502
2539,196581
2540,196660
2541,196739
2542,196818
2543,196897
2544,196976
2545,197055
2546,197134
2547,197213
2548,197292
2549,197371
2550,197450
2551,197529
2552,197608
2553,197687
2554,197766
2555,197845
2556,197924
2557,198003
2558,198082
2559,198161
2560,198240
2561,198319
2562,198398
2563,198477
2564,198556
2565,198635
2566,198714
2567,198793
2568,198872
2569,198951
2570,199030
2571,199109
2572,199188
2573,199267
2574,199346
2575,199425
2576,199504
2577,199583
2578,199662
2579,199741
2580,199820
2581,199899
2582,199978
2583,200057
2584,200136
2585,200215
2586,200294
2587,200373
2588,200452
2589,200531
2590,200610
2591,200689
2592,200768
2593,200847
2594,200926
2595,201005
2596,201084
2597,201163
2598,201242
2599,201321
2600,201400
2601,201479
2602,201558
2603,201637
2604,201716
2605,201795
2606,201874
2607,201953
2608,202032
2609,202111
2610,202190
2611,202269
2612,202348
2613,202427
2614,202506
2615,202585
2616,202664
2617,202743
2618,202822
2619,202901
2620,202980
2621,203059
2622,203138
2623,203217
2624,203296
2625,203375
2626,203454
2627,203533
2628,203612
2629,203691
2630,203770
2631,203849
2632,203928
2633,204007
2634,204086
2635,204165
2636,204244
2637,204323
2638,204402
2639,204481
2640,204560
2641,204639
2642,204718
2643,204797
2644,204876
2645,204955
2646,205034
2647,205113
2648,205192
2649,205271
2650,205350
2651,205429
2652,205508
2653,205587
2654,205666
2655,205745
2656,205824
2657,205903
2658,205982
2659,206061
2660,206140
2661,206219
2662,206298
2663,206377
2664,206456
2665,206535
2666,206614
2667,206693
2668,206772
2669,206851
2670,206930
2671,207009
2672,207088
2673,207167
2674,207246
2675,207325
2676,207404
2677,207483
2678,207562
2679,207641
2680,207720
2681,207799
2682,207878
2683,207957
2684,208036
2685,208115
2686,208194
2687,208273
2688,208352
2689,208431
2690,208510
2691,208589
2692,208668
2693,208747
2694,208826
2695,208905
2696,208984
2697,209063
2698,209142
2699,209221
2700,209300
2701,209379
2702,209458
2703,209537
2704,209616
2705,209695
2706,209774
2707,209853
2708,209932
2709,210011
2710,210090
2711,210169
2712,210248
2713,210327
2714,210406
2715,210485
2716,210564
2717,210643
2718,210722
2719,210801
2720,210880
2721,210959
2722,211038
2723,211117
2724,211196
2725,211275
2726,211354
2727,211433
2728,211512
2729,211591
2730,211670
2731,211749
2732,211828
2733,211907
2734,211986
2735,212065
2736,212144
2737,212223
2738,212302
2739,212381
2740,212460
2741,212539
2742,212618
2743,212697
2744,212776
2745,212855
2746,212934
2747,213013
2748,213092
2749,213171
2750,213250
2751,213329
2752,213408
2753,213487
2754,213566
2755,213645
2756,213724
2757,213803
2758,213882
2759,213961
2760,214040
2761,214119
2762,214198
2763,214277
2764,214356
2765,214435
2766,214514
2767,214593
2768,214672
2769,214751
2770,214830
2771,214909
2772,214988
2773,215067
2774,215146
2775,215225
2776,215304
2777,215383
2778,215462
2779,215541
2780,215620
2781,215699
2782,215778
2783,215857
2784,215936
2785,216015
2786,216094
2787,216173
2788,216252
2789,216331
2790,216410
2791,216489
2792,216568
2793,216647
2794,216726
2795,216805
2796,216884
2797,216963
2798,217042
2799,217121
2800,217200
2801,217279
2802,217358
2803,217437
2804,217516
2805,217595
2806,217674
2807,217753
2808,217832
2809,217911
2810,217990
2811,218069
2812,218148
2813,218227
2814,218306
2815,218385
2816,218464
2817,218543
2818,218622
2819,218701
2820,218780
2821,218859
2822,218938
2823,219017
2824,219096
2825,219175
2826,219254
2827,219333
2828,219412
2829,219491
2830,219570
2831,219649
2832,219728
2833,219807
2834,219886
2835,219965
2836,220044
2837,220123
2838,220202
2839,220281
2840,220360
2841,220439
2842,220518
2843,220597
2844,220676
2845,220755
2846,220834
2847,220913
2848,220992
2849,221071
2850,221150
2851,221229
2852,221308
2853,221387
2854,221466
2855,221545
2856,221624
2857,221703
2858,221782
2859,221861
2860,221940
2861,222019
2862,222098
2863,222177
2864,222256
2865,222335
2866,222414
2867,222493
2868,222572
2869,222651
2870,222730
2871,222809
2872,222888
2873,222967
2874,223046
2875,223125
2876,223204
2877,223283
2878,223362
2879,223441
2880,223520
2881,223599
2882,223678
2883,223757
2884,223836
2885,223915
2886,223994
2887,224073
2888,224152
2889,224231
2890,224310
2891,224389
2892,224468
2893,224547
2894,224626
2895,224705
2896,224784
2897,224863
2898,224942
2899,225021
2900,225100
2901,225179
2902,225258
2903,225337
2904,225416
2905,225495
2906,225574
2907,225653
2908,225732
2909,225811
2910,225890
2911,225969
2912,226048
2913,226127
2914,226206
2915,226285
2916,226364
2917,226443
2918,226522
2919,226601
2920,226680
2921,226759
2922,226838
2923,226917
2924,226996
2925,227075
2926,227154
2927,227233
2928,227312
2929,227391
2930,227470
2931,227549
2932,227628
2933,227707
2934,227786
2935,227865
2936,227944
2937,228023
2938,228102
2939,228181
2940,228260
2941,228339
2942,228418
2943,228497
2944,228576
2945,228655
2946,228734
2947,228813
2948,228892
2949,228971
2950,229050
2951,229129
2952,229208
2953,229287
2954,229366
2955,229445
2956,229524
2957,229603
2958,229682
2959,229761
2960,229840
2961,229919
2962,229998
2963,230077
2964,230156
2965,230235
2966,230314
2967,230393
2968,230472
2969,230551
2970,230630
2971,230709
2972,230788
2973,230867
2974,230946
2975,231025
2976,231104
2977,231183
2978,231262
2979,231341
2980,231420
2981,231499
2982,231578
2983,231657
2984,231736
2985,231815
2986,231894
2987,231973
2988,232052
2989,232131
2990,232210
2991,232289
2992,232368
2993,232447
2994,232526
2995,232605
2996,232684
2997,232763
2998,232842
2999,232921
3000,233000
3001,233079
3002,233158
3003,233237
3004,233316
3005,233395
3006,233474
3007,233553
3008,233632
3009,233711
3010,233790
3011,233869
3012,233948
3013,234027
3014,234106
3015,234185
3016,234264
3017,234343
3018,234422
3019,234501
3020,234580
3021,234659
3022,234738
3023,234817
3024,234896
3025,234975
3026,235054
3027,235133
3028,235212
3029,235291
3030,235370
3031,235449
3032,235528
3033,235607
3034,235686
3035,235765
3036,235844
3037,235923
3038,236002
3039,236081
3040,236160
3041,236239
3042,236318
3043,236397
3044,236476
3045,236555
3046,236634
3047,236713
3048,236792
3049,236871
3050,236950
3051,237029
3052,237108
3053,237187
3054,237266
3055,237345
3056,237425
3057,237505
3058,237585
3059,237665
3060,237745
3061,237825
3062,237905
3063,237985
3064,238065
3065,238145
3066,238225
3067,238305
3068,238385
3069,238465
3070,238545
3071,238625
3072,238705
3073,238785
3074,238865
3075,238945
3076,239025
3077,239105
3078,239185
3079,239265
3080,239345
3081,239425
3082,239505
3083,239585
3084,239665
3085,239745
3086,239825
3087,239905
3088,239985
3089,240065
3090,240145
3091,240225
3092,240305
3093,240385
3094,240465
3095,240545
3096,240625
3097,240705
3098,240785
3099,240865
3100,240945
3101,241025
3102,241105
3103,241185
3104,241265
3105,241345
3106,241425
3107,241505
3108,241585
3109,241665
3110,241745
3111,241825
3112,241905
3113,241985
3114,242065
3115,242145
3116,242225
3117,242305
3118,242385
3119,242465
3120,242545
3121,242625
3122,242705
3123,242785
3124,242865
3125,242945
3126,243025
3127,243105
3128,243185
3129,243265
3130,243345
3131,243425
3132,243505
3133,243585
3134,243665
3135,243745
3136,243825
3137,243905
3138,243985
3139,244065
3140,244145
3141,244225
3142,244305
3143,244385
3144,244465
3145,244545
3146,244625
3147,244705
3148,244785
3149,244865
3150,244945
3151,245025
3152,245105
3153,245185
3154,245265
3155,245345
3156,245425
3157,245505
3158,245585
3159,245665
3160,245745
3161,245825
3162,245905
3163,245985
3164,246065
3165,246145
3166,246225
3167,246305
3168,246385
3169,246465
3170,246545
3171,246625
3172,246705
3173,246785
3174,246865
3175,246945
3176,247025
3177,247105
3178,247185
3179,247265
3180,247345
3181,247425
3182,247505
3183,247585
3184,247665
3185,247745
3186,247825
3187,247905
3188,247985
3189,248065
3190,248145
3191,248225
3192,248305
3193,248385
3194,248465
3195,248545
3196,248625
3197,248705
3198,248785
3199,248865
3200,248945
3201,249025
3202,249105
3203,249185
3204,249265
3205,249345
3206,249425
3207,249505
3208,249585
3209,249665
3210,249745
3211,249825
3212,249905
3213,249985
3214,250065
3215,250145
3216,250225
3217,250305
3218,250385
3219,250465
3220,250545
3221,250625
3222,250705
3223,250785
3224,250865
3225,250945
3226,251025
3227,251105
3228,251185
3229,251265
3230,251345
3231,251425
3232,251505
3233,251585
3234,251665
3235,251745
3236,251825
3237,251905
3238,251985
3239,252065
3240,252145
3241,252225
3242,252305
3243,252385
3244,252465
3245,252545
3246,252625
3247,252705
3248,252785
3249,252865
3250,252945
3251,253025
3252,253105
3253,253185
3254,253265
3255,253345
3256,253425
3257,253505
3258,253585
3259,253665
3260,253745
3261,253825
3262,253905
3263,253985
3264,254065
3265,254145
3266,254225
3267,254305
3268,254385
3269,254465
3270,254545
3271,254625
3272,254705
3273,254785
3274,254865
3275,254945
3276,255025
3277,255105
3278,255185
3279,255265
3280,255345
3281,255425
3282,255505
3283,255585
3284,255665
3285,255745
3286,255825
3287,255905
3288,255985
3289,256065
3290,256145
3291,256225
3292,256305
3293,256385
3294,256465
3295,256545
3296,256625
3297,256705
3298,256785
3299,256865
3300,256945
3301,257025
3302,257105
3303,257185
3304,257265
3305,257345
3306,257425
3307,257505
3308,257585
3309,257665
3310,257745
3311,257825
3312,257905
3313,257985
3314,258065
3315,258145
3316,258225
3317,258305
3318,258385
3319,258465
3320,258545
3321,258625
3322,258705
3323,258785
3324,258865
3325,258945
3326,259025
3327,259105
3328,259185
3329,259265
3330,259345
3331,259425
3332,259505
3333,259585
3334,259665
3335,259745
3336,259825
3337,259905
3338,259985
3339,260065
3340,260145
3341,260225
3342,260305
3343,260385
3344,260465
3345,260545
3346,260625
3347,260705
3348,260785
3349,260865
3350,260945
3351,261025
3352,261105
3353,261185
3354,261265
3355,261345
3356,261425
3357,261505
3358,261585
3359,261665
3360,261745
3361,261825
3362,261905
3363,261985
3364,262065
3365,262145
3366,262225
3367,262305
3368,262385
3369,262465
3370,262545
3371,262625
3372,262705
3373,262785
3374,262865
3375,262945
3376,263025
3377,263105
3378,263185
3379,263265
3380,263345
3381,263425
3382,263505
3383,263585
3384,263665
3385,263745
3386,263825
3387,263905
3388,263985
3389,264065
3390,264145
3391,264225
3392,264305
3393,264385
3394,264465
3395,264545
3396,264625
3397,264705
3398,264785
3399,264865
3400,264945
3401,265025
3402,265105
3403,265185
3404,265265
3405,265345
3406,265425
3407,265505
3408,265585
3409,265665
3410,265745
3411,265825
3412,265905
3413,265985
3414,266065
3415,266145
3416,266225
3417,266305
3418,266385
3419,266465
3420,266545
3421,266625
3422,266705
3423,266785
3424,266865
3425,266945
3426,267025
3427,267105
3428,267185
3429,267265
3430,267345
3431,267425
3432,267505
3433,267585
3434,267665
3435,267745
3436,267825
3437,267905
3438,267985
3439,268065
3440,268145
3441,268225
3442,268305
3443,268385
3444,268465
3445,268545
3446,268625
3447,268705
3448,268785
3449,268865
3450,268945
3451,269025
3452,269105
3453,269185
3454,269265
3455,269345
3456,269425
3457,269505
3458,269585
3459,269665
3460,269745
3461,269825
3462,269905
3463,269985
3464,270065
3465,270145
3466,270225
3467,270305
3468,270385
3469,270465
3470,270545
3471,270625
3472,270705
3473,270785
3474,270865
3475,270945
3476,271025
3477,271105
3478,271185
3479,271265
3480,271345
3481,271425
3482,271505
3483,271585
3484,271665
3485,271745
3486,271825
3487,271905
3488,271985
3489,272065
3490,272145
3491,272225
3492,272305
3493,272385
3494,272465
3495,272545
3496,272625
3497,272705
3498,272785
3499,272865
3500,272945
3501,273025
3502,273105
3503,273185
3504,273265
3505,273345
3506,273425
3507,273505
3508,273585
3509,273665
3510,273745
3511,273825
3512,273905
3513,273985
3514,274065
3515,274145
3516,274225
3517,274305
3518,274385
3519,274465
3520,274545
3521,274625
3522,274705
3523,274785
3524,274865
3525,274945
3526,275025
3527,275105
3528,275185
3529,275265
3530,275345
3531,275425
3532,275505
3533,275585
3534,275665
3535,275745
3536,275825
3537,275905
3538,275985
3539,276065
3540,276145
3541,276225
3542,276305
3543,276385
3544,276465
3545,276545
3546,276625
3547,276705
3548,276785
3549,276865
3550,276945
3551,277025
3552,277105
3553,277185
3554,277265
3555,277345
3556,277425
3557,277505
3558,277585
3559,277665
3560,277745
3561,277825
3562,277905
3563,277985
3564,278065
3565,278145
3566,278225
3567,278305
3568,278385
3569,278465
3570,278545
3571,278625
3572,278705
3573,278785
3574,278865
3575,278945
3576,279025
3577,279105
3578,279185
3579,279265
3580,279345
3581,279425
3582,279505
3583,279585
3584,279665
3585,279745
3586,279825
3587,279905
3588,279985
3589,280065
3590,280145
3591,280225
3592,280305
3593,280385
3594,280465
3595,280545
3596,280625
3597,280705
3598,280785
3599,280865
3600,280945
3601,281025
3602,281105
3603,281185
3604,281265
3605,281345
3606,281425
3607,281505
3608,281585
3609,281665
3610,281745
3611,281825
3612,281905
3613,281985
3614,282065
3615,282145
3616,282225
3617,282305
3618,282385
3619,282465
3620,282545
3621,282625
3622,282705
3623,282785
3624,282865
3625,282945
3626,283025
3627,283105
3628,283185
3629,283265
3630,283345
3631,283425
3632,283505
3633,283585
3634,283665
3635,283745
3636,283825
3637,283905
3638,283985
3639,284065
3640,284145
3641,284225
3642,284305
3643,284385
3644,284465
3645,284545
3646,284625
3647,284705
3648,284785
3649,284865
3650,284945
3651,285025
3652,285105
3653,285185
3654,285265
3655,285345
3656,285425
3657,285505
3658,285585
3659,285665
3660,285745
3661,285825
3662,285905
3663,285985
3664,286065
3665,286145
3666,286225
3667,286305
3668,286385
3669,286465
3670,286545
3671,286625
3672,286705
3673,286785
3674,286865
3675,286945
3676,287025
3677,287105
3678,287185
3679,287265
3680,287345
3681,287425
3682,287505
3683,287585
3684,287665
3685,287745
3686,287825
3687,287905
3688,287985
3689,288065
3690,288145
3691,288225
3692,288305
3693,288385
3694,288465
3695,288545
3696,288625
3697,288705
3698,288785
3699,288865
3700,288945
3701,289025
3702,289105
3703,289185
3704,289265
3705,289345
3706,289425
3707,289505
3708,289585
3709,289665
3710,289745
3711,289825
3712,289905
3713,289985
3714,290065
3715,290145
3716,290225
3717,290305
3718,290385
3719,290465
3720,290545
3721,290625
3722,290705
3723,290785
3724,290865
3725,290945
3726,291025
3727,291105
3728,291185
3729,291265
3730,291345
3731,291425
3732,291505
3733,291585
3734,291665
3735,291745
3736,291825
3737,291905
3738,291985
3739,292065
3740,292145
3741,292225
3742,292305
3743,292385
3744,292465
3745,292545
3746,292625
3747,292705
3748,292785
3749,292865
3750,292945
3751,293025
3752,293105
3753,293185
3754,293265
3755,293345
3756,293425
3757,293505
3758,293585
3759,293665
3760,293745
3761,293825
3762,293905
3763,293985
3764,294065
3765,294145
3766,294225
3767,294305
3768,294385
3769,294465
3770,294545
3771,294625
3772,294705
3773,294785
3774,294865
3775,294945
3776,295025
3777,295105
3778,295185
3779,295265
3780,295345
3781,295425
3782,295505
3783,295585
3784,295665
3785,295745
3786,295825
3787,295905
3788,295985
3789,296065
3790,296145
3791,296225
3792,296305
3793,296385
3794,296465
3795,296545
3796,296625
3797,296705
3798,296785
3799,296865
3800,296945
3801,297025
3802,297105
3803,297185
3804,297265
3805,297345
3806,297425
3807,297505
3808,297585
3809,297665
3810,297745
3811,297825
3812,297905
3813,297985
3814,298065
3815,298145
3816,298225
3817,298305
3818,298385
3819,298465
3820,298545
3821,298625
3822,298705
3823,298785
3824,298865
3825,298945
3826,299025
3827,299105
3828,299185
3829,299265
3830,299345
3831,299425
3832,299505
3833,299585
3834,299665
3835,299745
3836,299825
3837,299905
3838,299985
3839,300065
3840,300145
3841,300225
3842,300305
3843,300385
3844,300465
3845,300545
3846,300625
3847,300705
3848,300785
3849,300865
3850,300945
3851,301025
3852,301105
3853,301185
3854,301265
3855,301345
3856,301425
3857,301505
3858,301585
3859,301665
3860,301745
3861,301825
3862,301905
3863,301985
3864,302065
3865,302145
3866,302225
3867,302305
3868,302385
3869,302465
3870,302545
3871,302625
3872,302705
3873,302785
3874,302865
3875,302945
3876,303025
3877,303105
3878,303185
3879,303265
3880,303345
3881,303425
3882,303505
3883,303585
3884,303665
3885,303745
3886,303825
3887,303905
3888,303985
3889,304065
3890,304145
3891,304225
3892,304305
3893,304385
3894,304465
3895,304545
3896,304625
3897,304705
3898,304785
3899,304865
3900,304945
3901,305025
3902,305105
3903,305185
3904,305265
3905,305345
3906,305425
3907,305505
3908,305585
3909,305665
3910,305745
3911,305825
3912,305905
3913,305985
3914,306065
3915,306145
3916,306225
3917,306305
3918,306385
3919,306465
3920,306545
3921,306625
3922,306705
3923,306785
3924,306865
3925,306945
3926,307025
3927,307105
3928,307185
3929,307265
3930,307345
3931,307425
3932,307505
3933,307585
3934,307665
3935,307745
3936,307825
3937,307905
3938,307985
3939,308065
3940,308145
3941,308225
3942,308305
3943,308385
3944,308465
3945,308545
3946,308625
3947,308705
3948,308785
3949,308865
3950,308945
3951,309025
3952,309105
3953,309185
3954,309265
3955,309345
3956,309425
3957,309505
3958,309585
3959,309665
3960,309745
3961,309825
3962,309905
3963,309985
3964,310065
3965,310145
3966,310225
3967,310305
3968,310385
3969,310465
3970,310545
3971,310625
3972,310705
3973,310785
3974,310865
3975,310945
3976,311025
3977,311105
3978,311185
3979,311265
3980,311345
3981,311425
3982,311505
3983,311585
3984,311665
3985,311745
3986,311825
3987,311905
3988,311985
3989,312065
3990,312145
3991,312225
3992,312305
3993,312385
3994,312465
3995,312545
3996,312625
3997,312705
3998,312785
3999,312865
4000,312945
4001,313025
4002,313105
4003,313185
4004,313265
4005,313345
4006,313425
4007,313505
4008,313585
4009,313665
4010,313745
4011,313825
4012,313905
4013,313985
4014,314065
4015,314145
4016,314225
4017,314305
4018,314385
4019,314465
4020,314545
4021,314625
4022,314705
4023,314785
4024,314865
4025,314945
4026,315025
4027,315105
4028,315185
4029,315265
4030,315345
4031,315425
4032,315505
4033,315585
4034,315665
4035,315745
4036,315825
4037,315905
4038,315985
4039,316065
4040,316145
4041,316225
4042,316305
4043,316385
4044,316465
4045,316545
4046,316625
4047,316705
4048,316785
4049,316865
4050,316945
4051,317025
4052,317105
4053,317185
4054,317265
4055,317345
4056,317425
4057,317505
4058,317585
4059,317665
4060,317745
4061,317825
4062,317905
4063,317985
4064,318065
4065,318145
4066,318225
4067,318305
4068,318385
4069,318465
4070,318545
4071,318625
4072,318705
4073,318785
4074,318865
4075,318945
4076,319025
4077,319105
4078,319185
4079,319265
4080,319345
4081,319425
4082,319505
4083,319585
4084,319665
4085,319745
4086,319825
4087,319905
4088,319985
4089,320065
4090,320145
4091,320225
4092,320305
4093,320385
4094,320465
4095,320545
4096,320625
4097,320705
4098,320785
4099,320865
4100,320945
4101,321025
4102,321105
4103,321185
4104,321265
4105,321345
4106,321425
4107,321505
4108,321585
4109,321665
4110,321745
4111,321825
4112,321905
4113,321985
4114,322065
4115,322145
4116,322225
4117,322305
4118,322385
4119,322465
4120,322545
4121,322625
4122,322705
4123,322785
4124,322865
4125,322945
4126,323025
4127,323105
4128,323185
4129,323265
4130,323345
4131,323425
4132,323505
4133,323585
4134,323665
4135,323745
4136,323825
4137,323905
4138,323985
4139,324065
4140,324145
4141,324225
4142,324305
4143,324385
4144,324465
4145,324545
4146,324625
4147,324705
4148,324785
4149,324865
4150,324945
4151,325025
4152,325105
4153,325185
4154,325265
4155,325345
4156,325425
4157,325505
4158,325585
4159,325665
4160,325745
4161,325825
4162,325905
4163,325985
4164,326065
4165,326145
4166,326225
4167,326305
4168,326385
4169,326465
4170,326545
4171,326625
4172,326705
4173,326785
4174,326865
4175,326945
4176,327025
4177,327105
4178,327185
4179,327265
4180,327345
4181,327425
4182,327505
4183,327585
4184,327665
4185,327745
4186,327825
4187,327905
4188,327985
4189,328065
4190,328145
4191,328225
4192,328305
4193,328385
4194,328465
4195,328545
4196,328625
4197,328705
4198,328785
4199,328865
4200,328945
4201,329025
4202,329105
4203,329185
4204,329265
4205,329345
4206,329425
4207,329505
4208,329585
4209,329665
4210,329745
4211,329825
4212,329905
4213,329985
4214,330065
4215,330145
4216,330225
4217,330305
4218,330385
4219,330465
4220,330545
4221,330625
4222,330705
4223,330785
4224,330865
4225,330945
4226,331025
4227,331105
4228,331185
4229,331265
4230,331345
4231,331425
4232,331505
4233,331585
4234,331665
4235,331745
4236,331825
4237,331905
4238,331985
4239,332065
4240,332145
4241,332225
4242,332305
4243,332385
4244,332465
4245,332545
4246,332625
4247,332705
4248,332785
4249,332865
4250,332945
4251,333025
4252,333105
4253,333185
4254,333265
4255,333345
4256,333425
4257,333505
4258,333585
4259,333665
4260,333745
4261,333825
4262,333905
4263,333985
4264,334065
4265,334145
4266,334225
4267,334305
4268,334385
4269,334465
4270,334545
4271,334625
4272,334705
4273,334785
4274,334865
4275,334945
4276,335025
4277,335105
4278,335185
4279,335265
4280,335345
4281,335425
4282,335505
4283,335585
4284,335665
4285,335745
4286,335825
4287,335905
4288,335985
4289,336065
4290,336145
4291,336225
4292,336305
4293,336385
4294,336465
4295,336545
4296,336625
4297,336705
4298,336785
4299,336865
4300,336945
4301,337025
4302,337105
4303,337185
4304,337265
4305,337345
4306,337425
4307,337505
4308,337585
4309,337665
4310,337745
4311,337825
4312,337905
4313,337985
4314,338065
4315,338145
4316,338225
4317,338305
4318,338385
4319,338465
4320,338545
4321,338625
4322,338705
4323,338785
4324,338865
4325,338945
4326,339025
4327,339105
4328,339185
4329,339265
4330,339345
4331,339425
4332,339505
4333,339585
4334,339665
4335,339745
4336,339825
4337,339905
4338,339985
4339,340065
4340,340145
4341,340225
4342,340305
4343,340385
4344,340465
4345,340545
4346,340625
4347,340705
4348,340785
4349,340865
4350,340945
4351,341025
4352,341105
4353,341185
4354,341265
4355,341345
4356,341425
4357,341505
4358,341585
4359,341665
4360,341745
4361,341825
4362,341905
4363,341985
4364,342065
4365,342145
4366,342225
4367,342305
4368,342385
4369,342465
4370,342545
4371,342625
4372,342705
4373,342785
4374,342865
4375,342945
4376,343025
4377,343105
4378,343185
4379,343265
4380,343345
4381,343425
4382,343505
4383,343585
4384,343665
4385,343745
4386,343825
4387,343905
4388,343985
4389,344065
4390,344145
4391,344225
4392,344305
4393,344385
4394,344465
4395,344545
4396,344625
4397,344705
4398,344785
4399,344865
4400,344945
4401,345025
4402,345105
4403,345185
4404,345265
4405,345345
4406,345425
4407,345505
4408,345585
4409,345665
4410,345745
4411,345825
4412,345905
4413,345985
4414,346065
4415,346145
4416,346225
4417,346305
4418,346385
4419,346465
4420,346545
4421,346625
4422,346705
4423,346785
4424,346865
4425,346945
4426,347025
4427,347105
4428,347185
4429,347265
4430,347345
4431,347425
4432,347505
4433,347585
4434,347665
4435,347745
4436,347825
4437,347905
4438,347985
4439,348065
4440,348145
4441,348225
4442,348305
4443,348385
4444,348465
4445,348545
4446,348625
4447,348705
4448,348785
4449,348865
4450,348945
4451,349025
4452,349105
4453,349185
4454,349265
4455,349345
4456,349425
4457,349505
4458,349585
4459,349665
4460,349745
4461,349825
4462,349905
4463,349985
4464,350065
4465,350145
4466,350225
4467,350305
4468,350385
4469,350465
4470,350545
4471,350625
4472,350705
4473,350785
4474,350865
4475,350945
4476,351025
4477,351105
4478,351185
4479,351265
4480,351345
4481,351425
4482,351505
4483,351585
4484,351665
4485,351745
4486,351825
4487,351905
4488,351985
4489,352065
4490,352145
4491,352225
4492,352305
4493,352385
4494,352465
4495,352545
4496,352625
4497,352705
4498,352785
4499,352865
4500,352945
4501,353025
4502,353105
4503,353185
4504,353265
4505,353345
4506,353425
4507,353505
4508,353585
4509,353665
4510,353745
4511,353825
4512,353905
4513,353985
4514,354065
4515,354145
4516,354225
4517,354305
4518,354385
4519,354465
4520,354545
4521,354625
4522,354705
4523,354785
4524,354865
4525,354945
4526,355025
4527,355105
4528,355185
4529,355265
4530,355345
4531,355425
4532,355505
4533,355585
4534,355665
4535,355745
4536,355825
4537,355905
4538,355985
4539,356065
4540,356145
4541,356225
4542,356305
4543,356385
4544,356465
4545,356545
4546,356625
4547,356705
4548,356785
4549,356865
4550,356945
4551,357025
4552,357105
4553,357185
4554,357265
4555,357345
4556,357425
4557,357505
4558,357585
4559,357665
4560,357745
4561,357825
4562,357905
4563,357985
4564,358065
4565,358145
4566,358225
4567,358305
4568,358385
4569,358465
4570,358545
4571,358625
4572,358705
4573,358785
4574,358865
4575,358945
4576,359025
4577,359105
4578,359185
4579,359265
4580,359345
4581,359425
4582,359505
4583,359585
4584,359665
4585,359745
4586,359825
4587,359905
4588,359985
4589,360065
4590,360145
4591,360225
4592,360305
4593,360385
4594,360465
4595,360545
4596,360625
4597,360705
4598,360785
4599,360865
4600,360945
4601,361025
4602,361105
4603,361185
4604,361265
4605,361345
4606,361425
4607,361505
4608,361585
4609,361665
4610,361745
4611,361825
4612,361905
4613,361985
4614,362065
4615,362145
4616,362225
4617,362305
4618,362385
4619,362465
4620,362545
4621,362625
4622,362705
4623,362785
4624,362865
4625,362945
4626,363025
4627,363105
4628,363185
4629,363265
4630,363345
4631,363425
4632,363505
4633,363585
4634,363665
4635,363745
4636,363825
4637,363905
4638,363985
4639,364065
4640,364145
4641,364225
4642,364305
4643,364385
4644,364465
4645,364545
4646,364625
4647,364705
4648,364785
4649,364865
4650,364945
4651,365025
4652,365105
4653,365185
4654,365265
4655,365345
4656,365425
4657,365505
4658,365585
4659,365665
4660,365745
4661,365825
4662,365905
4663,365985
4664,366065
4665,366145
4666,366225
4667,366305
4668,366385
4669,366465
4670,366545
4671,366625
4672,366705
4673,366785
4674,366865
4675,366945
4676,367025
4677,367105
4678,367185
4679,367265
4680,367345
4681,367425
4682,367505
4683,367585
4684,367665
4685,367745
4686,367825
4687,367905
4688,367985
4689,368065
4690,368145
4691,368225
4692,368305
4693,368385
4694,368465
4695,368545
4696,368625
4697,368705
4698,368785
4699,368865
4700,368945
4701,369025
4702,369105
4703,369185
4704,369265
4705,369345
4706,369425
4707,369505
4708,369585
4709,369665
4710,369745
4711,369825
4712,369905
4713,369985
4714,370065
4715,370145
4716,370225
4717,370305
4718,370385
4719,370465
4720,370545
4721,370625
4722,370705
4723,370785
4724,370865
4725,370945
4726,371025
4727,371105
4728,371185
4729,371265
4730,371345
4731,371425
4732,371505
4733,371585
4734,371665
4735,371745
4736,371825
4737,371905
4738,371985
4739,372065
4740,372145
4741,372225
4742,372305
4743,372385
4744,372465
4745,372545
4746,372625
4747,372705
4748,372785
4749,372865
4750,372945
4751,373025
4752,373105
4753,373185
4754,373265
4755,373345
4756,373425
4757,373505
4758,373585
4759,373665
4760,373745
4761,373825
4762,373905
4763,373985
4764,374065
4765,374145
4766,374225
4767,374305
4768,374385
4769,374465
4770,374545
4771,374625
4772,374705
4773,374785
4774,374865
4775,374945
4776,375025
4777,375105
4778,375185
4779,375265
4780,375345
4781,375425
4782,375505
4783,375585
4784,375665
4785,375745
4786,375825
4787,375905
4788,375985
4789,376065
4790,376145
4791,376225
4792,376305
4793,376385
4794,376465
4795,376545
4796,376625
4797,376705
4798,376785
4799,376865
4800,376945
4801,377025
4802,377105
4803,377185
4804,377265
4805,377345
4806,377425
4807,377505
4808,377585
4809,377665
4810,377745
4811,377825
4812,377905
4813,377985
4814,378065
4815,378145
4816,378225
4817,378305
4818,378385
4819,378465
4820,378545
4821,378625
4822,378705
4823,378785
4824,378865
4825,378945
4826,379025
4827,379105
4828,379185
4829,379265
4830,379345
4831,379425
4832,379505
4833,379585
4834,379665
4835,379745
4836,379825
4837,379905
4838,379985
4839,380065
4840,380145
4841,380225
4842,380305
4843,380385
4844,380465
4845,380545
4846,380625
4847,380705
4848,380785
4849,380865
4850,380945
4851,381025
4852,381105
4853,381185
4854,381265
4855,381345
4856,381425
4857,381505
4858,381585
4859,381665
4860,381745
4861,381825
4862,381905
4863,381985
4864,382065
4865,382145
4866,382225
4867,382305
4868,382385
4869,382465
4870,382545
4871,382625
4872,382705
4873,382785
4874,382865
4875,382945
4876,383025
4877,383105
4878,383185
4879,383265
4880,383345
4881,383425
4882,383505
4883,383585
4884,383665
4885,383745
4886,383825
4887,383905
4888,383985
4889,384065
4890,384145
4891,384225
4892,384305
4893,384385
4894,384465
4895,384545
4896,384625
4897,384705
4898,384785
4899,384865
4900,384945
4901,385025
4902,385105
4903,385185
4904,385265
4905,385345
4906,385425
4907,385505
4908,385585
4909,385665
4910,385745
4911,385825
4912,385905
4913,385985
4914,386065
4915,386145
4916,386225
4917,386305
4918,386385
4919,386465
4920,386545
4921,386625
4922,386705
4923,386785
4924,386865
4925,386945
4926,387025
4927,387105
4928,387185
4929,387265
4930,387345
4931,387425
4932,387505
4933,387585
4934,387665
4935,387745
4936,387825
4937,387905
4938,387985
4939,388065
4940,388145
4941,388225
4942,388305
4943,388385
4944,388465
4945,388545
4946,388625
4947,388705
4948,388785
4949,388865
4950,388945
4951,389025
4952,389105
4953,389185
4954,389265
4955,389345
4956,389425
4957,389505
4958,389585
4959,389665
4960,389745
4961,389825
4962,389905
4963,389985
4964,390065
4965,390145
4966,390225
4967,390305
4968,390385
4969,390465
4970,390545
4971,390625
4972,390705
4973,390785
4974,390865
4975,390945
4976,391025
4977,391105
4978,391185
4979,391265
4980,391345
4981,391425
4982,391505
4983,391585
4984,391665
4985,391745
4986,391825
4987,391905
4988,391985
4989,392065
4990,392145
4991,392225
4992,392305
4993,392385
4994,392465
4995,392545
4996,392625
4997,392705
4998,392785
4999,392865
5000,392945
5001,393025
5002,393105
5003,393185
5004,393265
5005,393345
5006,393425
5007,393505
5008,393585
5009,393665
5010,393745
5011,393825
5012,393905
5013,393985
5014,394065
5015,394145
5016,394225
5017,394305
5018,394385
5019,394465
5020,394545
5021,394625
5022,394705
5023,394785
5024,394865
5025,394945
5026,395025
5027,395105
5028,395185
5029,395265
5030,395345
5031,395425
5032,395505
5033,395585
5034,395665
5035,395745
5036,395825
5037,395905
5038,395985
5039,396065
5040,396145
5041,396225
5042,396305
5043,396385
5044,396465
5045,396545
5046,396625
5047,396705
5048,396785
5049,396865
5050,396945
5051,397025
5052,397105
5053,397185
5054,397265
5055,397345
5056,397425
5057,397505
5058,397585
5059,397665
5060,397745
5061,397825
5062,397905
5063,397985
5064,398065
5065,398145
5066,398225
5067,398305
5068,398385
5069,398465
5070,398545
5071,398625
5072,398705
5073,398785
5074,398865
5075,398945
5076,399025
5077,399105
5078,399185
5079,399265
5080,399345
5081,399425
5082,399505
5083,399586
5084,399667
5085,399748
5086,399829
5087,399910
5088,399991
5089,400072
5090,400153
5091,400234
5092,400315
5093,400396
5094,400477
5095,400558
5096,400639
5097,400720
5098,400801
5099,400882
5100,400963
5101,401044
5102,401125
5103,401206
5104,401287
5105,401368
5106,401449
5107,401530
5108,401611
5109,401692
5110,401773
5111,401854
5112,401935
5113,402016
5114,402097
5115,402178
5116,402259
5117,402340
5118,402421
5119,402502
5120,402583
5121,402664
5122,402745
5123,402826
5124,402907
5125,402988
5126,403069
5127,403150
5128,403231
5129,403312
5130,403393
5131,403474
5132,403555
5133,403636
5134,403717
5135,403798
5136,403879
5137,403960
5138,404041
5139,404122
5140,404203
5141,404284
5142,404365
5143,404446
5144,404527
5145,404608
5146,404689
5147,404770
5148,404851
5149,404932
5150,405013
5151,405094
5152,405175
5153,405256
5154,405337
5155,405418
5156,405499
5157,405580
5158,405661
5159,405742
5160,405823
5161,405904
5162,405985
5163,406066
5164,406147
5165,406228
5166,406309
5167,406390
5168,406471
5169,406552
5170,406633
5171,406714
5172,406795
5173,406876
5174,406957
5175,407038
5176,407119
5177,407200
5178,407281
5179,407362
5180,407443
5181,407524
5182,407605
5183,407686
5184,407767
5185,407848
5186,407929
5187,408010
5188,408091
5189,408172
5190,408253
5191,408334
5192,408415
5193,408496
5194,408577
5195,408658
5196,408739
5197,408820
5198,408901
5199,408982
5200,409063
5201,409144
5202,409225
5203,409306
5204,409387
5205,409468
5206,409549
5207,409630
5208,409711
5209,409792
5210,409873
5211,409954
5212,410035
5213,410116
5214,410197
5215,410278
5216,410359
5217,410440
5218,410521
5219,410602
5220,410683
5221,410764
5222,410845
5223,410926
5224,411007
5225,411088
5226,411169
5227,411250
5228,411331
5229,411412
5230,411493
5231,411574
5232,411655
5233,411736
5234,411817
5235,411898
5236,411979
5237,412060
5238,412141
5239,412222
5240,412303
5241,412384
5242,412465
5243,412546
5244,412627
5245,412708
5246,412789
5247,412870
5248,412951
5249,413032
5250,413113
5251,413194
5252,413275
5253,413356
5254,413437
5255,413518
5256,413599
5257,413680
5258,413761
5259,413842
5260,413923
5261,414004
5262,414085
5263,414166
5264,414247
5265,414328
5266,414409
5267,414490
5268,414571
5269,414652
5270,414733
5271,414814
5272,414895
5273,414976
5274,415057
5275,415138
5276,415219
5277,415300
5278,415381
5279,415462
5280,415543
5281,415624
5282,415705
5283,415786
5284,415867
5285,415948
5286,416029
5287,416110
5288,416191
5289,416272
5290,416353
5291,416434
5292,416515
5293,416596
5294,416677
5295,416758
5296,416839
5297,416920
5298,417001
5299,417082
5300,417163
5301,417244
5302,417325
5303,417406
5304,417487
5305,417568
5306,417649
5307,417730
5308,417811
5309,417892
5310,417973
5311,418054
5312,418135
5313,418216
5314,418297
5315,418378
5316,418459
5317,418540
5318,418621
5319,418702
5320,418783
5321,418864
5322,418945
5323,419026
5324,419107
5325,419188
5326,419269
5327,419350
5328,419431
5329,419512
5330,419593
5331,419674
5332,419755
5333,419836
5334,419917
5335,419998
5336,420079
5337,420160
5338,420241
5339,420322
5340,420403
5341,420484
5342,420565
5343,420646
5344,420727
5345,420808
5346,420889
5347,420970
5348,421051
5349,421132
5350,421213
5351,421294
5352,421375
5353,421456
5354,421537
5355,421618
5356,421699
5357,421780
5358,421861
5359,421942
5360,422023
5361,422104
5362,422185
5363,422266
5364,422347
5365,422428
5366,422509
5367,422590
5368,422671
5369,422752
5370,422833
5371,422914
5372,422995
5373,423076
5374,423157
5375,423238
5376,423319
5377,423400
5378,423481
5379,423562
5380,423643
5381,423724
5382,423805
5383,423886
5384,423967
5385,424048
5386,424129
5387,424210
5388,424291
5389,424372
5390,424453
5391,424534
5392,424615
5393,424696
5394,424777
5395,424858
5396,424939
5397,425020
5398,425101
5399,425182
5400,425263
5401,425344
5402,425425
5403,425506
5404,425587
5405,425668
5406,425749
5407,425830
5408,425911
5409,425992
5410,426073
5411,426154
5412,426235
5413,426316
5414,426397
5415,426478
5416,426559
5417,426640
5418,426721
5419,426802
5420,426883
5421,426964
5422,427045
5423,427126
5424,427207
5425,427288
5426,427369
5427,427450
5428,427531
5429,427612
5430,427693
5431,427774
5432,427855
5433,427936
5434,428017
5435,428098
5436,428179
5437,428260
5438,428341
5439,428422
5440,428503
5441,428584
5442,428665
5443,428746
5444,428827
5445,428908
5446,428989
5447,429070
5448,429151
5449,429232
5450,429313
5451,429394
5452,429475
5453,429556
5454,429637
5455,429718
5456,429799
5457,429880
5458,429961
5459,430042
5460,430123
5461,430204
5462,430285
5463,430366
5464,430447
5465,430528
5466,430609
5467,430690
5468,430771
5469,430852
5470,430933
5471,431014
5472,431095
5473,431176
5474,431257
5475,431338
5476,431419
5477,431500
5478,431581
5479,431662
5480,431743
5481,431824
5482,431905
5483,431986
5484,432067
5485,432148
5486,432229
5487,432310
5488,432391
5489,432472
5490,432553
5491,432634
5492,432715
5493,432796
5494,432877
5495,432958
5496,433039
5497,433120
5498,433201
5499,433282
5500,433363
5501,433444
5502,433525
5503,433606
5504,433687
5505,433768
5506,433849
5507,433930
5508,434011
5509,434092
5510,434173
5511,434254
5512,434335
5513,434416
5514,434497
5515,434578
5516,434659
5517,434740
5518,434821
5519,434902
5520,434983
5521,435064
5522,435145
5523,435226
5524,435307
5525,435388
5526,435469
5527,435550
5528,435631
5529,435712
5530,435793
5531,435874
5532,435955
5533,436036
5534,436117
5535,436198
5536,436279
5537,436360
5538,436441
5539,436522
5540,436603
5541,436684
5542,436765
5543,436846
5544,436927
5545,437008
5546,437089
5547,437170
5548,437251
5549,437332
5550,437413
5551,437494
5552,437575
5553,437656
5554,437737
5555,437818
5556,437899
5557,437980
5558,438061
5559,438142
5560,438223
5561,438304
5562,438385
5563,438466
5564,438547
5565,438628
5566,438709
5567,438790
5568,438871
5569,438952
5570,439033
5571,439114
5572,439195
5573,439276
5574,439357
5575,439438
5576,439519
5577,439600
5578,439681
5579,439762
5580,439843
5581,439924
5582,440005
5583,440086
5584,440167
5585,440248
5586,440329
5587,440410
5588,440491
5589,440572
5590,440653
5591,440734
5592,440815
5593,440896
5594,440977
5595,441058
5596,441139
5597,441220
5598,441301
5599,441382
5600,441463
5601,441544
5602,441625
5603,441706
5604,441787
5605,441868
5606,441949
5607,442030
5608,442111
5609,442192
5610,442273
5611,442354
5612,442435
5613,442516
5614,442597
5615,442678
5616,442759
5617,442840
5618,442921
5619,443002
5620,443083
5621,443164
5622,443245
5623,443326
5624,443407
5625,443488
5626,443569
5627,443650
5628,443731
5629,443812
5630,443893
5631,443974
5632,444055
5633,444136
5634,444217
5635,444298
5636,444379
5637,444460
5638,444541
5639,444622
5640,444703
5641,444784
5642,444865
5643,444946
5644,445027
5645,445108
5646,445189
5647,445270
5648,445351
5649,445432
5650,445513
5651,445594
5652,445675
5653,445756
5654,445837
5655,445918
5656,445999
5657,446080
5658,446161
5659,446242
5660,446323
5661,446404
5662,446485
5663,446566
5664,446647
5665,446728
5666,446809
5667,446890
5668,446971
5669,447052
5670,447133
5671,447214
5672,447295
5673,447376
5674,447457
5675,447538
5676,447619
5677,447700
5678,447781
5679,447862
5680,447943
5681,448024
5682,448105
5683,448186
5684,448267
5685,448348
5686,448429
5687,448510
5688,448591
5689,448672
5690,448753
5691,448834
5692,448915
5693,448996
5694,449077
5695,449158
5696,449239
5697,449320
5698,449401
5699,449482
5700,449563
5701,449644
5702,449725
5703,449806
5704,449887
5705,449968
5706,450049
5707,450130
5708,450211
5709,450292
5710,450373
5711,450454
5712,450535
5713,450616
5714,450697
5715,450778
5716,450859
5717,450940
5718,451021
5719,451102
5720,451183
5721,451264
5722,451345
5723,451426
5724,451507
5725,451588
5726,451669
5727,451750
5728,451831
5729,451912
5730,451993
5731,452074
5732,452155
5733,452236
5734,452317
5735,452398
5736,452479
5737,452560
5738,452641
5739,452722
5740,452803
5741,452884
5742,452965
5743,453046
5744,453127
5745,453208
5746,453289
5747,453370
5748,453451
5749,453532
5750,453613
5751,453694
5752,453775
5753,453856
5754,453937
5755,454018
5756,454099
5757,454180
5758,454261
5759,454342
5760,454423
5761,454504
5762,454585
5763,454666
5764,454747
5765,454828
5766,454909
5767,454990
5768,455071
5769,455152
5770,455233
5771,455314
5772,455395
5773,455476
5774,455557
5775,455638
5776,455719
5777,455800
5778,455881
5779,455962
5780,456043
5781,456124
5782,456205
5783,456286
5784,456367
5785,456448
5786,456529
5787,456610
5788,456691
5789,456772
5790,456853
5791,456934
5792,457015
5793,457096
5794,457177
5795,457258
5796,457339
5797,457420
5798,457501
5799,457582
5800,457663
5801,457744
5802,457825
5803,457906
5804,457987
5805,458068
5806,458149
5807,458230
5808,458311
5809,458392
5810,458473
5811,458554
5812,458635
5813,458716
5814,458797
5815,458878
5816,458959
5817,459040
5818,459121
5819,459202
5820,459283
5821,459364
5822,459445
5823,459526
5824,459607
5825,459688
5826,459769
5827,459850
5828,459931
5829,460012
5830,460093
5831,460174
5832,460255
5833,460336
5834,460417
5835,460498
5836,460579
5837,460660
5838,460741
5839,460822
5840,460903
5841,460984
5842,461065
5843,461146
5844,461227
5845,461308
5846,461389
5847,461470
5848,461551
5849,461632
5850,461713
5851,461794
5852,461875
5853,461956
5854,462037
5855,462118
5856,462199
5857,462280
5858,462361
5859,462442
5860,462523
5861,462604
5862,462685
5863,462766
5864,462847
5865,462928
5866,463009
5867,463090
5868,463171
5869,463252
5870,463333
5871,463414
5872,463495
5873,463576
5874,463657
5875,463738
5876,463819
5877,463900
5878,463981
5879,464062
5880,464143
5881,464224
5882,464305
5883,464386
5884,464467
5885,464548
5886,464629
5887,464710
5888,464791
5889,464872
5890,464953
5891,465034
5892,465115
5893,465196
5894,465277
5895,465358
5896,465439
5897,465520
5898,465601
5899,465682
5900,465763
5901,465844
5902,465925
5903,466006
5904,466087
5905,466168
5906,466249
5907,466330
5908,466411
5909,466492
5910,466573
5911,466654
5912,466735
5913,466816
5914,466897
5915,466978
5916,467059
5917,467140
5918,467221
5919,467302
5920,467383
5921,467464
5922,467545
5923,467626
5924,467707
5925,467788
5926,467869
5927,467950
5928,468031
5929,468112
5930,468193
5931,468274
5932,468355
5933,468436
5934,468517
5935,468598
5936,468679
5937,468760
5938,468841
5939,468922
5940,469003
5941,469084
5942,469165
5943,469246
5944,469327
5945,469408
5946,469489
5947,469570
5948,469651
5949,469732
5950,469813
5951,469894
5952,469975
5953,470056
5954,470137
5955,470218
5956,470299
5957,470380
5958,470461
5959,470542
5960,470623
5961,470704
5962,470785
5963,470866
5964,470947
5965,471028
5966,471109
5967,471190
5968,471271
5969,471352
5970,471433
5971,471514
5972,471595
5973,471676
5974,471757
5975,471838
5976,471919
5977,472000
5978,472081
5979,472162
5980,472243
5981,472324
5982,472405
5983,472486
5984,472567
5985,472648
5986,472729
5987,472810
5988,472891
5989,472972
5990,473053
5991,473134
5992,473215
5993,473296
5994,473377
5995,473458
5996,473539
5997,473620
5998,473701
5999,473782
6000,473863
6001,473944
6002,474025
6003,474106
6004,474187
6005,474268
6006,474349
6007,474430
6008,474511
6009,474592
6010,474673
6011,474754
6012,474835
6013,474916
6014,474997
6015,475078
6016,475159
6017,475240
6018,475321
6019,475402
6020,475483
6021,475564
6022,475645
6023,475726
6024,475807
6025,475888
6026,475969
6027,476050
6028,476131
6029,476212
6030,476293
6031,476374
6032,476455
6033,476536
6034,476617
6035,476698
6036,476779
6037,476860
6038,476941
6039,477022
6040,477103
6041,477184
6042,477265
6043,477346
6044,477427
6045,477508
6046,477589
6047,477670
6048,477751
6049,477832
6050,477913
6051,477994
6052,478075
6053,478156
6054,478237
6055,478318
6056,478399
6057,478480
6058,478561
6059,478642
6060,478723
6061,478804
6062,478885
6063,478966
6064,479047
6065,479128
6066,479209
6067,479290
6068,479371
6069,479452
6070,479533
6071,479614
6072,479695
6073,479776
6074,479857
6075,479938
6076,480019
6077,480100
6078,480181
6079,480262
6080,480343
6081,480424
6082,480505
6083,480586
6084,480667
6085,480748
6086,480829
6087,480910
6088,480991
6089,481072
6090,481153
6091,481234
6092,481315
6093,481396
6094,481477
6095,481558
6096,481639
6097,481720
6098,481801
6099,481882
6100,481963
6101,482044
6102,482125
6103,482206
6104,482287
6105,482368
6106,482449
6107,482530
6108,482611
6109,482692
6110,482773
6111,482854
6112,482935
6113,483016
6114,483097
6115,483178
6116,483259
6117,483340
6118,483421
6119,483502
6120,483583
6121,483664
6122,483745
6123,483826
6124,483907
6125,483988
6126,484069
6127,484150
6128,484231
6129,484312
6130,484393
6131,484474
6132,484555
6133,484636
6134,484717
6135,484798
6136,484879
6137,484960
6138,485041
6139,485122
6140,485203
6141,485284
6142,485365
6143,485446
6144,485527
6145,485608
6146,485689
6147,485770
6148,485851
6149,485932
6150,486013
6151,486094
6152,486175
6153,486256
6154,486337
6155,486418
6156,486499
6157,486580
6158,486661
6159,486742
6160,486823
6161,486904
6162,486985
6163,487066
6164,487147
6165,487228
6166,487309
6167,487390
6168,487471
6169,487552
6170,487633
6171,487714
6172,487795
6173,487876
6174,487957
6175,488038
6176,488119
6177,488200
6178,488281
6179,488362
6180,488443
6181,488524
6182,488605
6183,488686
6184,488767
6185,488848
6186,488929
6187,489010
6188,489091
6189,489172
6190,489253
6191,489334
6192,489415
6193,489496
6194,489577
6195,489658
6196,489739
6197,489820
6198,489901
6199,489982
6200,490063
6201,490144
6202,490225
6203,490306
6204,490387
6205,490468
6206,490549
6207,490630
6208,490711
6209,490792
6210,490873
6211,490954
6212,491035
6213,491116
6214,491197
6215,491278
6216,491359
6217,491440
6218,491521
6219,491602
6220,491683
6221,491764
6222,491845
6223,491926
6224,492007
6225,492088
6226,492169
6227,492250
6228,492331
6229,492412
6230,492493
6231,492574
6232,492655
6233,492736
6234,492817
6235,492898
6236,492979
6237,493060
6238,493141
6239,493222
6240,493303
6241,493384
6242,493465
6243,493546
6244,493627
6245,493708
6246,493789
6247,493870
6248,493951
6249,494032
6250,494113
6251,494194
6252,494275
6253,494356
6254,494437
6255,494518
6256,494599
6257,494680
6258,494761
6259,494842
6260,494923
6261,495004
6262,495085
6263,495166
6264,495247
6265,495328
6266,495409
6267,495490
6268,495571
6269,495652
6270,495733
6271,495814
6272,495895
6273,495976
6274,496057
6275,496138
6276,496219
6277,496300
6278,496381
6279,496462
6280,496543
6281,496624
6282,496705
6283,496786
6284,496867
6285,496948
6286,497029
6287,497110
6288,497191
6289,497272
6290,497353
6291,497434
6292,497515
6293,497596
6294,497677
6295,497758
6296,497839
6297,497920
6298,498001
6299,498082
6300,498163
6301,498244
6302,498325
6303,498406
6304,498487
6305,498568
6306,498649
6307,498730
6308,498811
6309,498892
6310,498973
6311,499054
6312,499135
6313,499216
6314,499297
6315,499378
6316,499459
6317,499540
6318,499621
6319,499702
6320,499783
6321,499864
6322,499945
6323,500026
6324,500107
6325,500188
6326,500269
6327,500350
6328,500431
6329,500512
6330,500593
6331,500674
6332,500755
6333,500836
6334,500917
6335,500998
6336,501079
6337,501160
6338,501241
6339,501322
6340,501403
6341,501484
6342,501565
6343,501646
6344,501727
6345,501808
6346,501889
6347,501970
6348,502051
6349,502132
6350,502213
6351,502294
6352,502375
6353,502456
6354,502537
6355,502618
6356,502699
6357,502780
6358,502861
6359,502942
6360,503023
6361,503104
6362,503185
6363,503266
6364,503347
6365,503428
6366,503509
6367,503590
6368,503671
6369,503752
6370,503833
6371,503914
6372,503995
6373,504076
6374,504157
6375,504238
6376,504319
6377,504400
6378,504481
6379,504562
6380,504643
6381,504724
6382,504805
6383,504886
6384,504967
6385,505048
6386,505129
6387,505210
6388,505291
6389,505372
6390,505453
6391,505534
6392,505615
6393,505696
6394,505777
6395,505858
6396,505939
6397,506020
6398,506101
6399,506182
6400,506263
6401,506344
6402,506425
6403,506506
6404,506587
6405,506668
6406,506749
6407,506830
6408,506911
6409,506992
6410,507073
6411,507154
6412,507235
6413,507316
6414,507397
6415,507478
6416,507559
6417,507640
6418,507721
6419,507802
6420,507883
6421,507964
6422,508045
6423,508126
6424,508207
6425,508288
6426,508369
6427,508450
6428,508531
6429,508612
6430,508693
6431,508774
6432,508855
6433,508936
6434,509017
6435,509098
6436,509179
6437,509260
6438,509341
6439,509422
6440,509503
6441,509584
6442,509665
6443,509746
6444,509827
6445,509908
6446,509989
6447,510070
6448,510151
6449,510232
6450,510313
6451,510394
6452,510475
6453,510556
6454,510637
6455,510718
6456,510799
6457,510880
6458,510961
6459,511042
6460,511123
6461,511204
6462,511285
6463,511366
6464,511447
6465,511528
6466,511609
6467,511690
6468,511771
6469,511852
6470,511933
6471,512014
6472,512095
6473,512176
6474,512257
6475,512338
6476,512419
6477,512500
6478,512581
6479,512662
6480,512743
6481,512824
6482,512905
6483,512986
6484,513067
6485,513148
6486,513229
6487,513310
6488,513391
6489,513472
6490,513553
6491,513634
6492,513715
6493,513796
6494,513877
6495,513958
6496,514039
6497,514120
6498,514201
6499,514282
6500,514363
6501,514444
6502,514525
6503,514606
6504,514687
6505,514768
6506,514849
6507,514930
6508,515011
6509,515092
6510,515173
6511,515254
6512,515335
6513,515416
6514,515497
6515,515578
6516,515659
6517,515740
6518,515821
6519,515902
6520,515983
6521,516064
6522,516145
6523,516226
6524,516307
6525,516388
6526,516469
6527,516550
6528,516631
6529,516712
6530,516793
6531,516874
6532,516955
6533,517036
6534,517117
6535,517198
6536,517279
6537,517360
6538,517441
6539,517522
6540,517603
6541,517684
6542,517765
6543,517846
6544,517927
6545,518008
6546,518089
6547,518170
6548,518251
6549,518332
6550,518413
6551,518494
6552,518575
6553,518656
6554,518737
6555,518818
6556,518899
6557,518980
6558,519061
6559,519142
6560,519223
6561,519304
6562,519385
6563,519466
6564,519547
6565,519628
6566,519709
6567,519790
6568,519871
6569,519952
6570,520033
6571,520114
6572,520195
6573,520276
6574,520357
6575,520438
6576,520519
6577,520600
6578,520681
6579,520762
6580,520843
6581,520924
6582,521005
6583,521086
6584,521167
6585,521248
6586,521329
6587,521410
6588,521491
6589,521572
6590,521653
6591,521734
6592,521815
6593,521896
6594,521977
6595,522058
6596,522139
6597,522220
6598,522301
6599,522382
6600,522463
6601,522544
6602,522625
6603,522706
6604,522787
6605,522868
6606,522949
6607,523030
6608,523111
6609,523192
6610,523273
6611,523354
6612,523435
6613,523516
6614,523597
6615,523678
6616,523759
6617,523840
6618,523921
6619,524002
6620,524083
6621,524164
6622,524245
6623,524326
6624,524407
6625,524488
6626,524569
6627,524650
6628,524731
6629,524812
6630,524893
6631,524974
6632,525055
6633,525136
6634,525217
6635,525298
6636,525379
6637,525460
6638,525541
6639,525622
6640,525703
6641,525784
6642,525865
6643,525946
6644,526027
6645,526108
6646,526189
6647,526270
6648,526351
6649,526432
6650,526513
6651,526594
6652,526675
6653,526756
6654,526837
6655,526918
6656,526999
6657,527080
6658,527161
6659,527242
6660,527323
6661,527404
6662,527485
6663,527566
6664,527647
6665,527728
6666,527809
6667,527890
6668,527971
6669,528052
6670,528133
6671,528214
6672,528295
6673,528376
6674,528457
6675,528538
6676,528619
6677,528700
6678,528781
6679,528862
6680,528943
6681,529024
6682,529105
6683,529186
6684,529267
6685,529348
6686,529429
6687,529510
6688,529591
6689,529672
6690,529753
6691,529834
6692,529915
6693,529996
6694,530077
6695,530158
6696,530239
6697,530320
6698,530401
6699,530482
6700,530563
6701,530644
6702,530725
6703,530806
6704,530887
6705,530968
6706,531049
6707,531130
6708,531211
6709,531292
6710,531373
6711,531454
6712,531535
6713,531616
6714,531697
6715,531778
6716,531859
6717,531940
6718,532021
6719,532102
6720,532183
6721,532264
6722,532345
6723,532426
6724,532507
6725,532588
6726,532669
6727,532750
6728,532831
6729,532912
6730,532993
6731,533074
6732,533155
6733,533236
6734,533317
6735,533398
6736,533479
6737,533560
6738,533641
6739,533722
6740,533803
6741,533884
6742,533965
6743,534046
6744,534127
6745,534208
6746,534289
6747,534370
6748,534451
6749,534532
6750,534613
6751,534694
6752,534775
6753,534856
6754,534937
6755,535018
6756,535099
6757,535180
6758,535261
6759,535342
6760,535423
6761,535504
6762,535585
6763,535666
6764,535747
6765,535828
6766,535909
6767,535990
6768,536071
6769,536152
6770,536233
6771,536314
6772,536395
6773,536476
6774,536557
6775,536638
6776,536719
6777,536800
6778,536881
6779,536962
6780,537043
6781,537124
6782,537205
6783,537286
6784,537367
6785,537448
6786,537529
6787,537610
6788,537691
6789,537772
6790,537853
6791,537934
6792,538015
6793,538096
6794,538177
6795,538258
6796,538339
6797,538420
6798,538501
6799,538582
6800,538663
6801,538744
6802,538825
6803,538906
6804,538987
6805,539068
6806,539149
6807,539230
6808,539311
6809,539392
6810,539473
6811,539554
6812,539635
6813,539716
6814,539797
6815,539878
6816,539959
6817,540040
6818,540121
6819,540202
6820,540283
6821,540364
6822,540445
6823,540526
6824,540607
6825,540688
6826,540769
6827,540850
6828,540931
6829,541012
6830,541093
6831,541174
6832,541255
6833,541336
6834,541417
6835,541498
6836,541579
6837,541660
6838,541741
6839,541822
6840,541903
6841,541984
6842,542065
6843,542146
6844,542227
6845,542308
6846,542389
6847,542470
6848,542551
6849,542632
6850,542713
6851,542794
6852,542875
6853,542956
6854,543037
6855,543118
6856,543199
6857,543280
6858,543361
6859,543442
6860,543523
6861,543604
6862,543685
6863,543766
6864,543847
6865,543928
6866,544009
6867,544090
6868,544171
6869,544252
6870,544333
6871,544414
6872,544495
6873,544576
6874,544657
6875,544738
6876,544819
6877,544900
6878,544981
6879,545062
6880,545143
6881,545224
6882,545305
6883,545386
6884,545467
6885,545548
6886,545629
6887,545710
6888,545791
6889,545872
6890,545953
6891,546034
6892,546115
6893,546196
6894,546277
6895,546358
6896,546439
6897,546520
6898,546601
6899,546682
6900,546763
6901,546844
6902,546925
6903,547006
6904,547087
6905,547168
6906,547249
6907,547330
6908,547411
6909,547492
6910,547573
6911,547654
6912,547735
6913,547816
6914,547897
6915,547978
6916,548059
6917,548140
6918,548221
6919,548302
6920,548383
6921,548464
6922,548545
6923,548626
6924,548707
6925,548788
6926,548869
6927,548950
6928,549031
6929,549112
6930,549193
6931,549274
6932,549355
6933,549436
6934,549517
6935,549598
6936,549679
6937,549760
6938,549841
6939,549922
6940,550003
6941,550084
6942,550165
6943,550246
6944,550327
6945,550408
6946,550489
6947,550570
6948,550651
6949,550732
6950,550813
6951,550894
6952,550975
6953,551056
6954,551137
6955,551218
6956,551299
6957,551380
6958,551461
6959,551542
6960,551623
6961,551704
6962,551785
6963,551866
6964,551947
6965,552028
6966,552109
6967,552190
6968,552271
6969,552352
6970,552433
6971,552514
6972,552595
6973,552676
6974,552757
6975,552838
6976,552919
6977,553000
6978,553081
6979,553162
6980,553243
6981,553324
6982,553405
6983,553486
6984,553567
6985,553648
6986,553729
6987,553810
6988,553891
6989,553972
6990,554053
6991,554134
6992,554215
6993,554296
6994,554377
6995,554458
6996,554539
6997,554620
6998,554701
6999,554782
7000,554863
7001,554944
7002,555025
7003,555106
7004,555187
7005,555268
7006,555349
7007,555430
7008,555511
7009,555592
7010,555673
7011,555754
7012,555835
7013,555916
7014,555997
7015,556078
7016,556159
7017,556240
7018,556321
7019,556402
7020,556483
7021,556564
7022,556645
7023,556726
7024,556807
7025,556888
7026,556969
7027,557050
7028,557131
7029,557212
7030,557293
7031,557374
7032,557455
7033,557536
7034,557617
7035,557698
7036,557779
7037,557860
7038,557941
7039,558022
7040,558103
7041,558184
7042,558265
7043,558346
7044,558427
7045,558508
7046,558589
7047,558670
7048,558751
7049,558832
7050,558913
7051,558994
7052,559075
7053,559156
7054,559237
7055,559318
7056,559399
7057,559480
7058,559561
7059,559642
7060,559723
7061,559804
7062,559885
7063,559966
7064,560047
7065,560128
7066,560209
7067,560290
7068,560371
7069,560452
7070,560533
7071,560614
7072,560695
7073,560776
7074,560857
7075,560938
7076,561019
7077,561100
7078,561181
7079,561262
7080,561343
7081,561424
7082,561505
7083,561586
7084,561667
7085,561748
7086,561829
7087,561910
7088,561991
7089,562072
7090,562153
7091,562234
7092,562315
7093,562396
7094,562477
7095,562558
7096,562639
7097,562720
7098,562801
7099,562882
7100,562963
7101,563044
7102,563125
7103,563206
7104,563287
7105,563368
7106,563449
7107,563530
7108,563611
7109,563692
7110,563773
7111,563854
7112,563935
7113,564016
7114,564097
7115,564178
7116,564259
7117,564340
7118,564421
7119,564502
7120,564583
7121,564664
7122,564745
7123,564826
7124,564907
7125,564988
7126,565069
7127,565150
7128,565231
7129,565312
7130,565393
7131,565474
7132,565555
7133,565636
7134,565717
7135,565798
7136,565879
7137,565960
7138,566041
7139,566122
7140,566203
7141,566284
7142,566365
7143,566446
7144,566527
7145,566608
7146,566689
7147,566770
7148,566851
7149,566932
7150,567013
7151,567094
7152,567175
7153,567256
7154,567337
7155,567418
7156,567499
7157,567580
7158,567661
7159,567742
7160,567823
7161,567904
7162,567985
7163,568066
7164,568147
7165,568228
7166,568309
7167,568390
7168,568471
7169,568552
7170,568633
7171,568714
7172,568795
7173,568876
7174,568957
7175,569038
7176,569119
7177,569200
7178,569281
7179,569362
7180,569443
7181,569524
7182,569605
7183,569686
7184,569767
7185,569848
7186,569929
7187,570010
7188,570091
7189,570172
7190,570253
7191,570334
7192,570415
7193,570496
7194,570577
7195,570658
7196,570739
7197,570820
7198,570901
7199,570982
7200,571063
7201,571144
7202,571225
7203,571306
7204,571387
7205,571468
7206,571549
7207,571630
7208,571711
7209,571792
7210,571873
7211,571954
7212,572035
7213,572116
7214,572197
7215,572278
7216,572359
7217,572440
7218,572521
7219,572602
7220,572683
7221,572764
7222,572845
7223,572926
7224,573007
7225,573088
7226,573169
7227,573250
7228,573331
7229,573412
7230,573493
7231,573574
7232,573655
7233,573736
7234,573817
7235,573899
7236,573981
7237,574063
7238,574145
7239,574227
7240,574309
7241,574391
7242,574473
7243,574555
7244,574637
7245,574719
7246,574801
7247,574883
7248,574965
7249,575047
7250,575129
7251,575211
7252,575293
7253,575375
7254,575457
7255,575539
7256,575621
7257,575703
7258,575785
7259,575867
7260,575949
7261,576031
7262,576113
7263,576195
7264,576277
7265,576359
7266,576441
7267,576523
7268,576605
7269,576687
7270,576769
7271,576851
7272,576933
7273,577015
7274,577097
7275,577179
7276,577261
7277,577343
7278,577425
7279,577507
7280,577589
7281,577671
7282,577753
7283,577835
7284,577917
7285,577999
7286,578081
7287,578163
7288,578245
7289,578327
7290,578409
7291,578491
7292,578573
7293,578655
7294,578737
7295,578819
7296,578901
7297,578983
7298,579065
7299,579147
7300,579229
7301,579311
7302,579393
7303,579475
7304,579557
7305,579639
7306,579721
7307,579803
7308,579885
7309,579967
7310,580049
7311,580131
7312,580213
7313,580295
7314,580377
7315,580459
7316,580541
7317,580623
7318,580705
7319,580787
7320,580869
7321,580951
7322,581033
7323,581115
7324,581197
7325,581279
7326,581361
7327,581443
7328,581525
7329,581607
7330,581689
7331,581771
7332,581853
7333,581935
7334,582017
7335,582099
7336,582181
7337,582263
7338,582345
7339,582427
7340,582509
7341,582591
7342,582673
7343,582755
7344,582837
7345,582919
7346,583001
7347,583083
7348,583165
7349,583247
7350,583329
7351,583411
7352,583493
7353,583575
7354,583657
7355,583739
7356,583821
7357,583903
7358,583985
7359,584067
7360,584149
7361,584231
7362,584313
7363,584395
7364,584477
7365,584559
7366,584641
7367,584723
7368,584805
7369,584887
7370,584969
7371,585051
7372,585133
7373,585215
7374,585297
7375,585379
7376,585461
7377,585543
7378,585625
7379,585707
7380,585789
7381,585871
7382,585953
7383,586035
7384,586117
7385,586199
7386,586281
7387,586363
7388,586445
7389,586527
7390,586609
7391,586691
7392,586773
7393,586855
7394,586937
7395,587019
7396,587101
7397,587183
7398,587265
7399,587347
7400,587429
7401,587511
7402,587593
7403,587675
7404,587757
7405,587839
7406,587921
7407,588003
7408,588085
7409,588167
7410,588249
7411,588331
7412,588413
7413,588495
7414,588577
7415,588659
7416,588741
7417,588823
7418,588905
7419,588987
7420,589069
7421,589151
7422,589233
7423,589315
7424,589397
7425,589479
7426,589561
7427,589643
7428,589725
7429,589807
7430,589889
7431,589971
7432,590053
7433,590135
7434,590217
7435,590299
7436,590381
7437,590463
7438,590545
7439,590627
7440,590709
7441,590791
7442,590873
7443,590955
7444,591037
7445,591119
7446,591201
7447,591283
7448,591365
7449,591447
7450,591529
7451,591611
7452,591693
7453,591775
7454,591857
7455,591939
7456,592021
7457,592103
7458,592185
7459,592267
7460,592349
7461,592431
7462,592513
7463,592595
7464,592677
7465,592759
7466,592841
7467,592923
7468,593005
7469,593087
7470,593169
7471,593251
7472,593333
7473,593415
7474,593497
7475,593579
7476,593661
7477,593743
7478,593825
7479,593907
7480,593989
7481,594071
7482,594153
7483,594235
7484,594317
7485,594399
7486,594481
7487,594563
7488,594645
7489,594727
7490,594809
7491,594891
7492,594973
7493,595055
7494,595137
7495,595219
7496,595301
7497,595383
7498,595465
7499,595547
7500,595629
7501,595711
7502,595793
7503,595875
7504,595957
7505,596039
7506,596121
7507,596203
7508,596285
7509,596367
7510,596449
7511,596531
7512,596613
7513,596695
7514,596777
7515,596859
7516,596941
7517,597023
7518,597105
7519,597187
7520,597269
7521,597351
7522,597433
7523,597515
7524,597597
7525,597679
7526,597761
7527,597843
7528,597925
7529,598007
7530,598089
7531,598171
7532,598253
7533,598335
7534,598417
7535,598499
7536,598581
7537,598663
7538,598745
7539,598827
7540,598909
7541,598991
7542,599073
7543,599155
7544,599237
7545,599319
7546,599401
7547,599483
7548,599565
7549,599647
7550,599729
7551,599811
7552,599893
7553,599975
7554,600057
7555,600139
7556,600221
7557,600303
7558,600385
7559,600467
7560,600549
7561,600631
7562,600713
7563,600795
7564,600877
7565,600959
7566,601041
7567,601123
7568,601205
7569,601287
7570,601369
7571,601451
7572,601533
7573,601615
7574,601697
7575,601779
7576,601861
7577,601943
7578,602025
7579,602107
7580,602189
7581,602271
7582,602353
7583,602435
7584,602517
7585,602599
7586,602681
7587,602763
7588,602845
7589,602927
7590,603009
7591,603091
7592,603173
7593,603255
7594,603337
7595,603419
7596,603501
7597,603583
7598,603665
7599,603747
7600,603829
7601,603911
7602,603993
7603,604075
7604,604157
7605,604239
7606,604321
7607,604403
7608,604485
7609,604567
7610,604649
7611,604731
7612,604813
7613,604895
7614,604977
7615,605059
7616,605141
7617,605223
7618,605305
7619,605387
7620,605469
7621,605551
7622,605633
7623,605715
7624,605797
7625,605879
7626,605961
7627,606043
7628,606125
7629,606207
7630,606289
7631,606371
7632,606453
7633,606535
7634,606617
7635,606699
7636,606781
7637,606863
7638,606945
7639,607027
7640,607109
7641,607191
7642,607273
7643,607355
7644,607437
7645,607519
7646,607601
7647,607683
7648,607765
7649,607847
7650,607929
7651,608011
7652,608093
7653,608175
7654,608257
7655,608339
7656,608421
7657,608503
7658,608585
7659,608667
7660,608749
7661,608831
7662,608913
7663,608995
7664,609077
7665,609159
7666,609241
7667,609323
7668,609405
7669,609487
7670,609569
7671,609651
7672,609733
7673,609815
7674,609897
7675,609979
7676,610061
7677,610143
7678,610225
7679,610307
7680,610389
7681,610471
7682,610553
7683,610635
7684,610717
7685,610799
7686,610881
7687,610963
7688,611045
7689,611127
7690,611209
7691,611291
7692,611373
7693,611455
7694,611537
7695,611619
7696,611701
7697,611783
7698,611865
7699,611947
7700,612029
7701,612111
7702,612193
7703,612275
7704,612357
7705,612439
7706,612521
7707,612603
7708,612685
7709,612767
7710,612849
7711,612931
7712,613013
7713,613095
7714,613177
7715,613259
7716,613341
7717,613423
7718,613505
7719,613587
7720,613669
7721,613751
7722,613833
7723,613915
7724,613997
7725,614079
7726,614161
7727,614243
7728,614325
7729,614407
7730,614489
7731,614571
7732,614653
7733,614735
7734,614817
7735,614899
7736,614981
7737,615063
7738,615145
7739,615227
7740,615309
7741,615391
7742,615473
7743,615555
7744,615637
7745,615719
7746,615801
7747,615883
7748,615965
7749,616047
7750,616129
7751,616211
7752,616293
7753,616375
7754,616457
7755,616539
7756,616621
7757,616703
7758,616785
7759,616867
7760,616949
7761,617031
7762,617113
7763,617195
7764,617277
7765,617359
7766,617441
7767,617523
7768,617605
7769,617687
7770,617769
7771,617851
7772,617933
7773,618015
7774,618097
7775,618179
7776,618261
7777,618343
7778,618425
7779,618507
7780,618589
7781,618671
7782,618753
7783,618835
7784,618917
7785,618999
7786,619081
7787,619163
7788,619245
7789,619327
7790,619409
7791,619491
7792,619573
7793,619655
7794,619737
7795,619819
7796,619901
7797,619983
7798,620065
7799,620147
7800,620229
7801,620311
7802,620393
7803,620475
7804,620557
7805,620639
7806,620721
7807,620803
7808,620885
7809,620967
7810,621049
7811,621131
7812,621213
7813,621295
7814,621377
7815,621459
7816,621541
7817,621623
7818,621705
7819,621787
7820,621869
7821,621951
7822,622033
7823,622115
7824,622197
7825,622279
7826,622361
7827,622443
7828,622525
7829,622607
7830,622689
7831,622771
7832,622853
7833,622935
7834,623017
7835,623099
7836,623181
7837,623263
7838,623345
7839,623427
7840,623509
7841,623591
7842,623673
7843,623755
7844,623837
7845,623919
7846,624001
7847,624083
7848,624165
7849,624247
7850,624329
7851,624411
7852,624493
7853,624575
7854,624657
7855,624739
7856,624821
7857,624903
7858,624985
7859,625067
7860,625149
7861,625231
7862,625313
7863,625395
7864,625477
7865,625559
7866,625641
7867,625723
7868,625805
7869,625887
7870,625969
7871,626051
7872,626133
7873,626215
7874,626297
7875,626379
7876,626461
7877,626543
7878,626625
7879,626707
7880,626789
7881,626871
7882,626953
7883,627035
7884,627117
7885,627199
7886,627281
7887,627363
7888,627445
7889,627527
7890,627609
7891,627691
7892,627773
7893,627855
7894,627937
7895,628019
7896,628101
7897,628183
7898,628265
7899,628347
7900,628429
7901,628511
7902,628593
7903,628675
7904,628757
7905,628839
7906,628921
7907,629003
7908,629085
7909,629167
7910,629249
7911,629331
7912,629413
7913,629495
7914,629577
7915,629659
7916,629741
7917,629823
7918,629905
7919,629987
7920,630069
7921,630151
7922,630233
7923,630315
7924,630397
7925,630479
7926,630561
7927,630643
7928,630725
7929,630807
7930,630889
7931,630971
7932,631053
7933,631135
7934,631217
7935,631299
7936,631381
7937,631463
7938,631545
7939,631627
7940,631709
7941,631791
7942,631873
7943,631955
7944,632037
7945,632119
7946,632201
7947,632283
7948,632365
7949,632447
7950,632529
7951,632611
7952,632693
7953,632775
7954,632857
7955,632939
7956,633021
7957,633103
7958,633185
7959,633267
7960,633349
7961,633431
7962,633513
7963,633595
7964,633677
7965,633759
7966,633841
7967,633923
7968,634005
7969,634087
7970,634169
7971,634251
7972,634333
7973,634415
7974,634497
7975,634579
7976,634661
7977,634743
7978,634825
7979,634907
7980,634989
7981,635071
7982,635153
7983,635235
7984,635317
7985,635399
7986,635481
7987,635563
7988,635645
7989,635727
7990,635809
7991,635891
7992,635973
7993,636055
7994,636137
7995,636219
7996,636301
7997,636383
7998,636465
7999,636547
8000,636629
8001,636711
8002,636793
8003,636875
8004,636957
8005,637039
8006,637121
8007,637203
8008,637285
8009,637367
8010,637449
8011,637531
8012,637613
8013,637695
8014,637777
8015,637859
8016,637941
8017,638023
8018,638105
8019,638187
8020,638269
8021,638351
8022,638433
8023,638515
8024,638597
8025,638679
8026,638761
8027,638843
8028,638925
8029,639007
8030,639089
8031,639171
8032,639253
8033,639335
8034,639417
8035,639499
8036,639581
8037,639663
8038,639745
8039,639827
8040,639909
8041,639991
8042,640073
8043,640155
8044,640237
8045,640319
8046,640401
8047,640483
8048,640565
8049,640647
8050,640729
8051,640811
8052,640893
8053,640975
8054,641057
8055,641139
8056,641221
8057,641303
8058,641385
8059,641467
8060,641549
8061,641631
8062,641713
8063,641795
8064,641877
8065,641959
8066,642041
8067,642123
8068,642205
8069,642287
8070,642369
8071,642451
8072,642533
8073,642615
8074,642697
8075,642779
8076,642861
8077,642943
8078,643025
8079,643107
8080,643189
8081,643271
8082,643353
8083,643435
8084,643517
8085,643599
8086,643681
8087,643763
8088,643845
8089,643927
8090,644009
8091,644091
8092,644173
8093,644255
8094,644337
8095,644419
8096,644501
8097,644583
8098,644665
8099,644747
8100,644829
8101,644911
8102,644993
8103,645075
8104,645157
8105,645239
8106,645321
8107,645403
8108,645485
8109,645567
8110,645649
8111,645731
8112,645813
8113,645895
8114,645977
8115,646059
8116,646141
8117,646223
8118,646305
8119,646387
8120,646469
8121,646551
8122,646633
8123,646715
8124,646797
8125,646879
8126,646961
8127,647043
8128,647125
8129,647207
8130,647289
8131,647371
8132,647453
8133,647535
8134,647617
8135,647699
8136,647781
8137,647863
8138,647945
8139,648027
8140,648109
8141,648191
8142,648273
8143,648355
8144,648437
8145,648519
8146,648601
8147,648683
8148,648765
8149,648847
8150,648929
8151,649011
8152,649093
8153,649175
8154,649257
8155,649339
8156,649421
8157,649503
8158,649585
8159,649667
8160,649749
8161,649831
8162,649913
8163,649995
8164,650077
8165,650159
8166,650241
8167,650323
8168,650405
8169,650487
8170,650569
8171,650651
8172,650733
8173,650815
8174,650897
8175,650979
8176,651061
8177,651143
8178,651225
8179,651307
8180,651389
8181,651471
8182,651553
8183,651635
8184,651717
8185,651799
8186,651881
8187,651963
8188,652045
8189,652127
8190,652209
8191,652291
8192,652373
8193,652455
8194,652537
8195,652619
8196,652701
8197,652783
8198,652865
8199,652947
8200,653029
8201,653111
8202,653193
8203,653275
8204,653357
8205,653439
8206,653521
8207,653603
8208,653685
8209,653767
8210,653849
8211,653931
8212,654013
8213,654095
8214,654177
8215,654259
8216,654341
8217,654423
8218,654505
8219,654587
8220,654669
8221,654751
8222,654833
8223,654915
8224,654997
8225,655079
8226,655161
8227,655243
8228,655325
8229,655407
8230,655489
8231,655571
8232,655653
8233,655735
8234,655817
8235,655899
8236,655981
8237,656063
8238,656145
8239,656227
8240,656309
8241,656391
8242,656473
8243,656555
8244,656637
8245,656719
8246,656801
8247,656883
8248,656965
8249,657047
8250,657129
8251,657211
8252,657293
8253,657375
8254,657457
8255,657539
8256,657621
8257,657703
8258,657785
8259,657867
8260,657949
8261,658031
8262,658113
8263,658195
8264,658277
8265,658359
8266,658441
8267,658523
8268,658605
8269,658687
8270,658769
8271,658851
8272,658933
8273,659015
8274,659097
8275,659179
8276,659261
8277,659343
8278,659425
8279,659507
8280,659589
8281,659671
8282,659753
8283,659835
8284,659917
8285,659999
8286,660081
8287,660163
8288,660245
8289,660327
8290,660409
8291,660491
8292,660573
8293,660655
8294,660737
8295,660819
8296,660901
8297,660983
8298,661065
8299,661147
8300,661229
8301,661311
8302,661393
8303,661475
8304,661557
8305,661639
8306,661721
8307,661803
8308,661885
8309,661967
8310,662049
8311,662131
8312,662213
8313,662295
8314,662377
8315,662459
8316,662541
8317,662623
8318,662705
8319,662787
8320,662869
8321,662951
8322,663033
8323,663115
8324,663197
8325,663279
8326,663361
8327,663443
8328,663525
8329,663607
8330,663689
8331,663771
8332,663853
8333,663935
8334,664017
8335,664099
8336,664181
8337,664263
8338,664345
8339,664427
8340,664509
8341,664591
8342,664673
8343,664755
8344,664837
8345,664919
8346,665001
8347,665083
8348,665165
8349,665247
8350,665329
8351,665411
8352,665493
8353,665575
8354,665657
8355,665739
8356,665821
8357,665903
8358,665985
8359,666067
8360,666149
8361,666231
8362,666313
8363,666395
8364,666477
8365,666559
8366,666641
8367,666723
8368,666805
8369,666887
8370,666969
8371,667051
8372,667133
8373,667215
8374,667297
8375,667379
8376,667461
8377,667543
8378,667625
8379,667707
8380,667789
8381,667871
8382,667953
8383,668035
8384,668117
8385,668199
8386,668281
8387,668363
8388,668445
8389,668527
8390,668609
8391,668691
8392,668773
8393,668855
8394,668937
8395,669019
8396,669101
8397,669183
8398,669265
8399,669347
8400,669429
8401,669511
8402,669593
8403,669675
8404,669757
8405,669839
8406,669921
8407,670003
8408,670085
8409,670167
8410,670249
8411,670331
8412,670413
8413,670495
8414,670577
8415,670659
8416,670741
8417,670823
8418,670905
8419,670987
8420,671069
8421,671151
8422,671233
8423,671315
8424,671397
8425,671479
8426,671561
8427,671643
8428,671725
8429,671807
8430,671889
8431,671971
8432,672053
8433,672135
8434,672217
8435,672299
8436,672381
8437,672463
8438,672545
8439,672627
8440,672709
8441,672791
8442,672873
8443,672955
8444,673037
8445,673119
8446,673201
8447,673283
8448,673365
8449,673447
8450,673529
8451,673611
8452,673693
8453,673775
8454,673857
8455,673939
8456,674021
8457,674103
8458,674185
8459,674267
8460,674349
8461,674431
8462,674513
8463,674595
8464,674677
8465,674759
8466,674841
8467,674923
8468,675005
8469,675087
8470,675169
8471,675251
8472,675333
8473,675415
8474,675497
8475,675579
8476,675661
8477,675743
8478,675825
8479,675907
8480,675989
8481,676071
8482,676153
8483,676235
8484,676317
8485,676399
8486,676481
8487,676563
8488,676645
8489,676727
8490,676809
8491,676891
8492,676973
8493,677055
8494,677137
8495,677219
8496,677301
8497,677383
8498,677465
8499,677547
8500,677629
8501,677711
8502,677793
8503,677875
8504,677957
8505,678039
8506,678121
8507,678203
8508,678285
8509,678367
8510,678449
8511,678531
8512,678613
8513,678695
8514,678777
8515,678859
8516,678941
8517,679023
8518,679105
8519,679187
8520,679269
8521,679351
8522,679433
8523,679515
8524,679597
8525,679679
8526,679761
8527,679843
8528,679925
8529,680007
8530,680089
8531,680171
8532,680253
8533,680335
8534,680417
8535,680499
8536,680581
8537,680663
8538,680745
8539,680827
8540,680909
8541,680991
8542,681073
8543,681155
8544,681237
8545,681319
8546,681401
8547,681483
8548,681565
8549,681647
8550,681729
8551,681811
8552,681893
8553,681975
8554,682057
8555,682139
8556,682221
8557,682303
8558,682385
8559,682467
8560,682549
8561,682631
8562,682713
8563,682795
8564,682877
8565,682959
8566,683041
8567,683123
8568,683205
8569,683287
8570,683369
8571,683451
8572,683533
8573,683615
8574,683697
8575,683779
8576,683861
8577,683943
8578,684025
8579,684107
8580,684189
8581,684271
8582,684353
8583,684435
8584,684517
8585,684599
8586,684681
8587,684763
8588,684845
8589,684927
8590,685009
8591,685091
8592,685173
8593,685255
8594,685337
8595,685419
8596,685501
8597,685583
8598,685665
8599,685747
8600,685829
8601,685911
8602,685993
8603,686075
8604,686157
8605,686239
8606,686321
8607,686403
8608,686485
8609,686567
8610,686649
8611,686731
8612,686813
8613,686895
8614,686977
8615,687059
8616,687141
8617,687223
8618,687305
8619,687387
8620,687469
8621,687551
8622,687633
8623,687715
8624,687797
8625,687879
8626,687961
8627,688043
8628,688125
8629,688207
8630,688289
8631,688371
8632,688453
8633,688535
8634,688617
8635,688699
8636,688781
8637,688863
8638,688945
8639,689027
8640,689109
8641,689191
8642,689273
8643,689355
8644,689437
8645,689519
8646,689601
8647,689683
8648,689765
8649,689847
8650,689929
8651,690011
8652,690093
8653,690175
8654,690257
8655,690339
8656,690421
8657,690503
8658,690585
8659,690667
8660,690749
8661,690831
8662,690913
8663,690995
8664,691077
8665,691159
8666,691241
8667,691323
8668,691405
8669,691487
8670,691569
8671,691651
8672,691733
8673,691815
8674,691897
8675,691979
8676,692061
8677,692143
8678,692225
8679,692307
8680,692389
8681,692471
8682,692553
8683,692635
8684,692717
8685,692799
8686,692881
8687,692963
8688,693045
8689,693127
8690,693209
8691,693291
8692,693373
8693,693455
8694,693537
8695,693619
8696,693701
8697,693783
8698,693865
8699,693947
8700,694029
8701,694111
8702,694193
8703,694275
8704,694357
8705,694439
8706,694521
8707,694603
8708,694685
8709,694767
8710,694849
8711,694931
8712,695013
8713,695095
8714,695177
8715,695259
8716,695341
8717,695423
8718,695505
8719,695587
8720,695669
8721,695751
8722,695833
8723,695915
8724,695997
8725,696079
8726,696161
8727,696243
8728,696325
8729,696407
8730,696489
8731,696571
8732,696653
8733,696735
8734,696817
8735,696899
8736,696981
8737,697063
8738,697145
8739,697227
8740,697309
8741,697391
8742,697473
8743,697555
8744,697637
8745,697719
8746,697801
8747,697883
8748,697965
8749,698047
8750,698129
8751,698211
8752,698293
8753,698375
8754,698457
8755,698539
8756,698621
8757,698703
8758,698785
8759,698867
8760,698949
8761,699031
8762,699113
8763,699195
8764,699277
8765,699359
8766,699441
8767,699523
8768,699605
8769,699687
8770,699769
8771,699851
8772,699933
8773,700015
8774,700097
8775,700179
8776,700261
8777,700343
8778,700425
8779,700507
8780,700589
8781,700671
8782,700753
8783,700835
8784,700917
8785,700999
8786,701081
8787,701163
8788,701245
8789,701327
8790,701409
8791,701491
8792,701573
8793,701655
8794,701737
8795,701819
8796,701901
8797,701983
8798,702065
8799,702147
8800,702229
8801,702311
8802,702393
8803,702475
8804,702557
8805,702639
8806,702721
8807,702803
8808,702885
8809,702967
8810,703049
8811,703131
8812,703213
8813,703295
8814,703377
8815,703459
8816,703541
8817,703623
8818,703705
8819,703787
8820,703869
8821,703951
8822,704033
8823,704115
8824,704197
8825,704279
8826,704361
8827,704443
8828,704525
8829,704607
8830,704689
8831,704771
8832,704853
8833,704935
8834,705017
8835,705099
8836,705181
8837,705263
8838,705345
8839,705427
8840,705509
8841,705591
8842,705673
8843,705755
8844,705837
8845,705919
8846,706001
8847,706083
8848,706165
8849,706247
8850,706329
8851,706411
8852,706493
8853,706575
8854,706657
8855,706739
8856,706821
8857,706903
8858,706985
8859,707067
8860,707149
8861,707231
8862,707313
8863,707395
8864,707477
8865,707559
8866,707641
8867,707723
8868,707805
8869,707887
8870,707969
8871,708051
8872,708133
8873,708215
8874,708297
8875,708379
8876,708461
8877,708543
8878,708625
8879,708707
8880,708789
8881,708871
8882,708953
8883,709035
8884,709117
8885,709199
8886,709281
8887,709363
8888,709445
8889,709527
8890,709609
8891,709691
8892,709773
8893,709855
8894,709937
8895,710019
8896,710101
8897,710183
8898,710265
8899,710347
8900,710429
8901,710511
8902,710593
8903,710675
8904,710757
8905,710839
8906,710921
8907,711003
8908,711085
8909,711167
8910,711249
8911,711331
8912,711413
8913,711495
8914,711577
8915,711659
8916,711741
8917,711823
8918,711905
8919,711987
8920,712069
8921,712151
8922,712233
8923,712315
8924,712397
8925,712479
8926,712561
8927,712644
8928,712727
8929,712810
8930,712893
8931,712976
8932,713059
8933,713142
8934,713225
8935,713308
8936,713391
8937,713474
8938,713557
8939,713640
8940,713723
8941,713806
8942,713889
8943,713972
8944,714055
8945,714138
8946,714221
8947,714304
8948,714387
8949,714470
8950,714553
8951,714636
8952,714719
8953,714802
8954,714885
8955,714968
8956,715051
8957,715134
8958,715217
8959,715300
8960,715383
8961,715466
8962,715549
8963,715632
8964,715715
8965,715798
8966,715881
8967,715964
8968,716047
8969,716130
8970,716213
8971,716296
8972,716379
8973,716462
8974,716545
8975,716628
8976,716711
8977,716794
8978,716877
8979,716960
8980,717043
8981,717126
8982,717209
8983,717292
8984,717375
8985,717458
8986,717541
8987,717624
8988,717707
8989,717790
8990,717873
8991,717956
8992,718039
8993,718122
8994,718205
8995,718288
8996,718371
8997,718454
8998,718537
8999,718620
9000,718703
9001,718786
9002,718869
9003,718952
9004,719035
9005,719118
9006,719201
9007,719284
9008,719367
9009,719450
9010,719533
9011,719616
9012,719699
9013,719782
9014,719865
9015,719948
9016,720031
9017,720114
9018,720197
9019,720280
9020,720363
9021,720446
9022,720529
9023,720612
9024,720695
9025,720778
9026,720861
9027,720944
9028,721027
9029,721110
9030,721193
9031,721276
9032,721359
9033,721442
9034,721525
9035,721608
9036,721691
9037,721774
9038,721857
9039,721940
9040,722023
9041,722106
9042,722189
9043,722272
9044,722355
9045,722438
9046,722521
9047,722604
9048,722687
9049,722770
9050,722853
9051,722936
9052,723019
9053,723102
9054,723185
9055,723268
9056,723351
9057,723434
9058,723517
9059,723600
9060,723683
9061,723766
9062,723849
9063,723932
9064,724015
9065,724098
9066,724181
9067,724264
9068,724347
9069,724430
9070,724513
9071,724596
9072,724679
9073,724762
9074,724845
9075,724928
9076,725011
9077,725094
9078,725177
9079,725260
9080,725343
9081,725426
9082,725509
9083,725592
9084,725675
9085,725758
9086,725841
9087,725924
9088,726007
9089,726090
9090,726173
9091,726256
9092,726339
9093,726422
9094,726505
9095,726588
9096,726671
9097,726754
9098,726837
9099,726920
9100,727003
9101,727086
9102,727169
9103,727252
9104,727335
9105,727418
9106,727501
9107,727584
9108,727667
9109,727750
9110,727833
9111,727916
9112,727999
9113,728082
9114,728165
9115,728248
9116,728331
9117,728414
9118,728497
9119,728580
9120,728663
9121,728746
9122,728829
9123,728912
9124,728995
9125,729078
9126,729161
9127,729244
9128,729327
9129,729410
9130,729493
9131,729576
9132,729659
9133,729742
9134,729825
9135,729908
9136,729991
9137,730074
9138,730157
9139,730240
9140,730323
9141,730406
9142,730489
9143,730572
9144,730655
9145,730738
9146,730821
9147,730904
9148,730987
9149,731070
9150,731153
9151,731236
9152,731319
9153,731402
9154,731485
9155,731568
9156,731651
9157,731734
9158,731817
9159,731900
9160,731983
9161,732066
9162,732149
9163,732232
9164,732315
9165,732398
9166,732481
9167,732564
9168,732647
9169,732730
9170,732813
9171,732896
9172,732979
9173,733062
9174,733145
9175,733228
9176,733311
9177,733394
9178,733477
9179,733560
9180,733643
9181,733726
9182,733809
9183,733892
9184,733975
9185,734058
9186,734141
9187,734224
9188,734307
9189,734390
9190,734473
9191,734556
9192,734639
9193,734722
9194,734805
9195,734888
9196,734971
9197,735054
9198,735137
9199,735220
9200,735303
9201,735386
9202,735469
9203,735552
9204,735635
9205,735718
9206,735801
9207,735884
9208,735967
9209,736050
9210,736133
9211,736216
9212,736299
9213,736382
9214,736465
9215,736548
9216,736631
9217,736714
9218,736797
9219,736880
9220,736963
9221,737046
9222,737129
9223,737212
9224,737295
9225,737378
9226,737461
9227,737544
9228,737627
9229,737710
9230,737793
9231,737876
9232,737959
9233,738042
9234,738125
9235,738208
9236,738291
9237,738374
9238,738457
9239,738540
9240,738623
9241,738706
9242,738789
9243,738872
9244,738955
9245,739038
9246,739121
9247,739204
9248,739287
9249,739370
9250,739453
9251,739536
9252,739619
9253,739702
9254,739785
9255,739868
9256,739951
9257,740034
9258,740117
9259,740200
9260,740283
9261,740366
9262,740449
9263,740532
9264,740615
9265,740698
9266,740781
9267,740864
9268,740947
9269,741030
9270,741113
9271,741196
9272,741279
9273,741362
9274,741445
9275,741528
9276,741611
9277,741694
9278,741777
9279,741860
9280,741943
9281,742026
9282,742109
9283,742192
9284,742275
9285,742358
9286,742441
9287,742524
9288,742607
9289,742690
9290,742773
9291,742856
9292,742939
9293,743022
9294,743105
9295,743188
9296,743271
9297,743354
9298,743437
9299,743520
9300,743603
9301,743686
9302,743769
9303,743852
9304,743935
9305,744018
9306,744101
9307,744184
9308,744267
9309,744350
9310,744433
9311,744516
9312,744599
9313,744682
9314,744765
9315,744848
9316,744931
9317,745014
9318,745097
9319,745180
9320,745263
9321,745346
9322,745429
9323,745512
9324,745595
9325,745678
9326,745761
9327,745844
9328,745927
9329,746010
9330,746093
9331,746176
9332,746259
9333,746342
9334,746425
9335,746508
9336,746591
9337,746674
9338,746757
9339,746840
9340,746923
9341,747006
9342,747089
9343,747172
9344,747255
9345,747338
9346,747421
9347,747504
9348,747587
9349,747670
9350,747753
9351,747836
9352,747919
9353,748002
9354,748085
9355,748168
9356,748251
9357,748334
9358,748417
9359,748500
9360,748583
9361,748666
9362,748749
9363,748832
9364,748915
9365,748998
9366,749081
9367,749164
9368,749247
9369,749330
9370,749413
9371,749496
9372,749579
9373,749662
9374,749745
9375,749828
9376,749911
9377,749994
9378,750077
9379,750160
9380,750243
9381,750326
9382,750409
9383,750492
9384,750575
9385,750658
9386,750741
9387,750824
9388,750907
9389,750990
9390,751073
9391,751156
9392,751239
9393,751322
9394,751405
9395,751488
9396,751571
9397,751654
9398,751737
9399,751820
9400,751903
9401,751986
9402,752069
9403,752152
9404,752235
9405,752318
9406,752401
9407,752484
9408,752567
9409,752650
9410,752733
9411,752816
9412,752899
9413,752982
9414,753065
9415,753148
9416,753231
9417,753314
9418,753397
9419,753480
9420,753563
9421,753646
9422,753729
9423,753812
9424,753895
9425,753978
9426,754061
9427,754144
9428,754227
9429,754310
9430,754393
9431,754476
9432,754559
9433,754642
9434,754725
9435,754808
9436,754891
9437,754974
9438,755057
9439,755140
9440,755223
9441,755306
9442,755389
9443,755472
9444,755555
9445,755638
9446,755721
9447,755804
9448,755887
9449,755970
9450,756053
9451,756136
9452,756219
9453,756302
9454,756385
9455,756468
9456,756551
9457,756634
9458,756717
9459,756800
9460,756883
9461,756966
9462,757049
9463,757132
9464,757215
9465,757298
9466,757381
9467,757464
9468,757547
9469,757630
9470,757713
9471,757796
9472,757879
9473,757962
9474,758045
9475,758128
9476,758211
9477,758294
9478,758377
9479,758460
9480,758543
9481,758626
9482,758709
9483,758792
9484,758875
9485,758958
9486,759041
9487,759124
9488,759207
9489,759290
9490,759373
9491,759456
9492,759539
9493,759622
9494,759705
9495,759788
9496,759871
9497,759954
9498,760037
9499,760120
9500,760203
9501,760286
9502,760369
9503,760452
9504,760535
9505,760618
9506,760701
9507,760784
9508,760867
9509,760950
9510,761033
9511,761116
9512,761199
9513,761282
9514,761365
9515,761448
9516,761531
9517,761614
9518,761697
9519,761780
9520,761863
9521,761946
9522,762029
9523,762112
9524,762195
9525,762278
9526,762361
9527,762444
9528,762527
9529,762610
9530,762693
9531,762776
9532,762859
9533,762942
9534,763025
9535,763108
9536,763191
9537,763274
9538,763357
9539,763440
9540,763523
9541,763606
9542,763689
9543,763772
9544,763855
9545,763938
9546,764021
9547,764104
9548,764187
9549,764270
9550,764353
9551,764436
9552,764519
9553,764602
9554,764685
9555,764768
9556,764851
9557,764934
9558,765017
9559,765100
9560,765183
9561,765266
9562,765349
9563,765432
9564,765515
9565,765598
9566,765681
9567,765764
9568,765847
9569,765930
9570,766013
9571,766096
9572,766179
9573,766262
9574,766345
9575,766428
9576,766511
9577,766594
9578,766677
9579,766760
9580,766843
9581,766926
9582,767009
9583,767092
9584,767175
9585,767258
9586,767341
9587,767424
9588,767507
9589,767590
9590,767673
9591,767756
9592,767839
9593,767922
9594,768005
9595,768088
9596,768171
9597,768254
9598,768337
9599,768420
9600,768503
9601,768586
9602,768669
9603,768752
9604,768835
9605,768918
9606,769001
9607,769084
9608,769167
9609,769250
9610,769333
9611,769416
9612,769499
9613,769582
9614,769665
9615,769748
9616,769831
9617,769914
9618,769997
9619,770080
9620,770163
9621,770246
9622,770329
9623,770412
9624,770495
9625,770578
9626,770661
9627,770744
9628,770827
9629,770910
9630,770993
9631,771076
9632,771159
9633,771242
9634,771325
9635,771408
9636,771491
9637,771574
9638,771657
9639,771740
9640,771823
9641,771906
9642,771989
9643,772072
9644,772155
9645,772238
9646,772321
9647,772404
9648,772487
9649,772570
9650,772653
9651,772736
9652,772819
9653,772902
9654,772985
9655,773068
9656,773151
9657,773234
9658,773317
9659,773400
9660,773483
9661,773566
9662,773649
9663,773732
9664,773815
9665,773898
9666,773981
9667,774064
9668,774147
9669,774230
9670,774313
9671,774396
9672,774479
9673,774562
9674,774645
9675,774728
9676,774811
9677,774894
9678,774977
9679,775060
9680,775143
9681,775226
9682,775309
9683,775392
9684,775475
9685,775558
9686,775641
9687,775724
9688,775807
9689,775890
9690,775973
9691,776056
9692,776139
9693,776222
9694,776305
9695,776388
9696,776471
9697,776554
9698,776637
9699,776720
9700,776803
9701,776886
9702,776969
9703,777052
9704,777135
9705,777218
9706,777301
9707,777384
9708,777467
9709,777550
9710,777634
9711,777718
9712,777802
9713,777886
9714,777970
9715,778054
9716,778138
9717,778222
9718,778306
9719,778390
9720,778474
9721,778558
9722,778642
9723,778726
9724,778810
9725,778894
9726,778978
9727,779062
9728,779146
9729,779230
9730,779314
9731,779398
9732,779482
9733,779566
9734,779650
9735,779734
9736,779818
9737,779902
9738,779986
9739,780070
9740,780154
9741,780238
9742,780322
9743,780406
9744,780490
9745,780574
9746,780658
9747,780742
9748,780826
9749,780910
9750,780994
9751,781078
9752,781162
9753,781246
9754,781330
9755,781414
9756,781498
9757,781582
9758,781666
9759,781750
9760,781834
9761,781918
9762,782002
9763,782086
9764,782170
9765,782254
9766,782338
9767,782422
9768,782506
9769,782590
9770,782674
9771,782758
9772,782842
9773,782926
9774,783010
9775,783094
9776,783178
9777,783262
9778,783346
9779,783430
9780,783514
9781,783598
9782,783682
9783,783766
9784,783850
9785,783934
9786,784018
9787,784102
9788,784186
9789,784270
9790,784354
9791,784438
9792,784522
9793,784606
9794,784690
9795,784774
9796,784858
9797,784942
9798,785026
9799,785110
9800,785194
9801,785278
9802,785362
9803,785446
9804,785530
9805,785614
9806,785698
9807,785782
9808,785866
9809,785950
9810,786034
9811,786118
9812,786202
9813,786286
9814,786370
9815,786454
9816,786538
9817,786622
9818,786706
9819,786790
9820,786874
9821,786958
9822,787042
9823,787126
9824,787210
9825,787294
9826,787378
9827,787462
9828,787546
9829,787630
9830,787714
9831,787798
9832,787882
9833,787966
9834,788050
9835,788134
9836,788218
9837,788302
9838,788386
9839,788470
9840,788554
9841,788638
9842,788722
9843,788806
9844,788890
9845,788974
9846,789058
9847,789142
9848,789226
9849,789310
9850,789394
9851,789478
9852,789562
9853,789646
9854,789730
9855,789814
9856,789898
9857,789982
9858,790066
9859,790150
9860,790234
9861,790318
9862,790402
9863,790486
9864,790570
9865,790654
9866,790738
9867,790822
9868,790906
9869,790990
9870,791074
9871,791158
9872,791242
9873,791326
9874,791410
9875,791494
9876,791578
9877,791662
9878,791746
9879,791830
9880,791914
9881,791998
9882,792082
9883,792166
9884,792250
9885,792334
9886,792418
9887,792502
9888,792586
9889,792670
9890,792754
9891,792838
9892,792922
9893,793006
9894,793090
9895,793174
9896,793258
9897,793342
9898,793426
9899,793510
9900,793594
9901,793678
9902,793762
9903,793846
9904,793930
9905,794014
9906,794098
9907,794182
9908,794266
9909,794350
9910,794434
9911,794518
9912,794602
9913,794686
9914,794770
9915,794854
9916,794938
9917,795022
9918,795106
9919,795190
9920,795274
9921,795358
9922,795442
9923,795526
9924,795610
9925,795694
9926,795778
9927,795862
9928,795946
9929,796030
9930,796114
9931,796198
9932,796282
9933,796366
9934,796450
9935,796534
9936,796618
9937,796702
9938,796786
9939,796870
9940,796954
9941,797038
9942,797122
9943,797206
9944,797290
9945,797374
9946,797458
9947,797542
9948,797626
9949,797710
9950,797794
9951,797878
9952,797962
9953,798046
9954,798131
9955,798216
9956,798301
9957,798386
9958,798471
9959,798556
9960,798641
9961,798726
9962,798811
9963,798896
9964,798981
9965,799066
9966,799151
9967,799236
9968,799321
9969,799406
9970,799491
9971,799576
9972,799661
9973,799746
9974,799831
9975,799916
9976,800001
9977,800086
9978,800171
9979,800256
9980,800341
9981,800426
9982,800511
9983,800596
9984,800681
9985,800766
9986,800851
9987,800936
9988,801021
9989,801106
9990,801191
9991,801276
9992,801361
9993,801446
9994,801531
9995,801617
9996,801703
9997,801789
9998,801875
9999,801961
10000,802047
