KeywordCount, Counter, Storage(Bits)
1,1,1
2,1,2
3,1,3
4,1,4
5,1,5
6,1,6
7,1,7
8,1,8
9,1,9
10,1,10
11,1,11
12,1,12
13,1,13
14,1,14
15,1,15
16,1,16
17,1,17
18,1,18
19,1,19
20,1,20
21,1,21
22,1,22
23,1,23
24,1,24
25,1,25
26,1,26
27,1,27
28,1,28
29,1,29
30,1,30
31,1,31
32,1,32
33,1,33
34,1,34
35,1,35
36,1,36
37,1,37
38,1,38
39,1,39
40,1,40
41,1,41
42,1,42
43,1,43
44,1,44
45,1,45
46,1,46
47,1,47
48,1,48
49,1,49
50,1,50
51,1,51
52,1,52
53,1,53
54,1,54
55,1,55
56,1,56
57,1,57
58,1,58
59,1,59
60,1,60
61,1,61
62,1,62
63,1,63
64,1,64
65,1,65
66,1,66
67,1,67
68,1,68
69,1,69
70,1,70
71,1,71
72,1,72
73,1,73
74,1,74
75,1,75
76,1,76
77,1,77
78,1,78
79,1,79
80,1,80
81,1,81
82,1,82
83,1,83
84,1,84
85,1,85
86,1,86
87,1,87
88,1,88
89,1,89
90,1,90
91,1,91
92,1,92
93,1,93
94,1,94
95,1,95
96,1,96
97,1,97
98,1,98
99,1,99
100,1,100
101,1,101
102,1,102
103,1,103
104,1,104
105,1,105
106,1,106
107,1,107
108,1,108
109,1,109
110,1,110
111,1,111
112,1,112
113,1,113
114,1,114
115,1,115
116,1,116
117,1,117
118,1,118
119,1,119
120,1,120
121,1,121
122,1,122
123,1,123
124,1,124
125,1,125
126,1,126
127,1,127
128,1,128
129,1,129
130,1,130
131,1,131
132,1,132
133,1,133
134,1,134
135,1,135
136,1,136
137,1,137
138,1,138
139,1,139
140,1,140
141,1,141
142,1,142
143,1,143
144,1,144
145,1,145
146,1,146
147,1,147
148,1,148
149,1,149
150,1,150
151,1,151
152,1,152
153,1,153
154,1,154
155,1,155
156,1,156
157,1,157
158,1,158
159,1,159
160,1,160
161,1,161
162,1,162
163,1,163
164,1,164
165,1,165
166,1,166
167,1,167
168,1,168
169,1,169
170,1,170
171,1,171
172,1,172
173,1,173
174,1,174
175,1,175
176,1,176
177,1,177
178,1,178
179,1,179
180,1,180
181,1,181
182,1,182
183,1,183
184,1,184
185,1,185
186,1,186
187,1,187
188,1,188
189,1,189
190,1,190
191,1,191
192,1,192
193,1,193
194,1,194
195,1,195
196,1,196
197,1,197
198,1,198
199,1,199
200,1,200
201,1,201
202,1,202
203,1,203
204,1,204
205,1,205
206,1,206
207,1,207
208,1,208
209,1,209
210,1,210
211,1,211
212,1,212
213,1,213
214,1,214
215,1,215
216,1,216
217,1,217
218,1,218
219,1,219
220,1,220
221,1,221
222,1,222
223,1,223
224,1,224
225,1,225
226,1,226
227,1,227
228,1,228
229,1,229
230,1,230
231,1,231
232,1,232
233,1,233
234,1,234
235,1,235
236,1,236
237,1,237
238,1,238
239,1,239
240,1,240
241,1,241
242,1,242
243,1,243
244,1,244
245,1,245
246,1,246
247,1,247
248,1,248
249,1,249
250,1,250
251,1,251
252,1,252
253,1,253
254,1,254
255,1,255
256,1,256
257,1,257
258,1,258
259,1,259
260,1,260
261,1,261
262,1,262
263,1,263
264,1,264
265,1,265
266,1,266
267,1,267
268,1,268
269,1,269
270,1,270
271,1,271
272,1,272
273,1,273
274,1,274
275,1,275
276,1,276
277,1,277
278,1,278
279,1,279
280,1,280
281,1,281
282,1,282
283,1,283
284,1,284
285,1,285
286,1,286
287,1,287
288,1,288
289,1,289
290,1,290
291,1,291
292,1,292
293,1,293
294,1,294
295,1,295
296,1,296
297,1,297
298,1,298
299,1,299
300,1,300
301,1,301
302,1,302
303,1,303
304,1,304
305,1,305
306,1,306
307,1,307
308,1,308
309,1,309
310,1,310
311,1,311
312,1,312
313,1,313
314,1,314
315,1,315
316,1,316
317,1,317
318,1,318
319,1,319
320,1,320
321,1,321
322,1,322
323,1,323
324,1,324
325,1,325
326,1,326
327,1,327
328,1,328
329,1,329
330,1,330
331,1,331
332,1,332
333,1,333
334,1,334
335,1,335
336,1,336
337,1,337
338,1,338
339,1,339
340,1,340
341,1,341
342,1,342
343,1,343
344,1,344
345,1,345
346,1,346
347,1,347
348,1,348
349,1,349
350,1,350
351,1,351
352,1,352
353,1,353
354,1,354
355,1,355
356,1,356
357,1,357
358,1,358
359,1,359
360,1,360
361,1,361
362,1,362
363,1,363
364,1,364
365,1,365
366,1,366
367,1,367
368,1,368
369,1,369
370,1,370
371,1,371
372,1,372
373,1,373
374,1,374
375,1,375
376,1,376
377,1,377
378,1,378
379,1,379
380,1,380
381,1,381
382,1,382
383,1,383
384,1,384
385,1,385
386,1,386
387,1,387
388,1,388
389,1,389
390,1,390
391,1,391
392,1,392
393,1,393
394,1,394
395,1,395
396,1,396
397,1,397
398,1,398
399,1,399
400,1,400
401,1,401
402,1,402
403,1,403
404,1,404
405,1,405
406,1,406
407,1,407
408,1,408
409,1,409
410,1,410
411,1,411
412,1,412
413,1,413
414,1,414
415,1,415
416,1,416
417,1,417
418,1,418
419,1,419
420,1,420
421,1,421
422,1,422
423,1,423
424,1,424
425,1,425
426,1,426
427,1,427
428,1,428
429,1,429
430,1,430
431,1,431
432,1,432
433,1,433
434,1,434
435,1,435
436,1,436
437,1,437
438,1,438
439,1,439
440,1,440
441,1,441
442,1,442
443,1,443
444,1,444
445,1,445
446,1,446
447,1,447
448,1,448
449,1,449
450,1,450
451,1,451
452,1,452
453,1,453
454,1,454
455,1,455
456,1,456
457,1,457
458,1,458
459,1,459
460,1,460
461,1,461
462,1,462
463,1,463
464,1,464
465,1,465
466,1,466
467,1,467
468,1,468
469,1,469
470,1,470
471,1,471
472,1,472
473,1,473
474,1,474
475,1,475
476,1,476
477,1,477
478,1,478
479,1,479
480,1,480
481,1,481
482,1,482
483,1,483
484,1,484
485,1,485
486,1,486
487,1,487
488,1,488
489,1,489
490,1,490
491,1,491
492,1,492
493,1,493
494,1,494
495,1,495
496,1,496
497,1,497
498,1,498
499,1,499
500,1,500
501,1,501
502,1,502
503,1,503
504,1,504
505,1,505
506,1,506
507,1,507
508,1,508
509,1,509
510,1,510
511,1,511
512,1,512
513,1,513
514,1,514
515,1,515
516,1,516
517,1,517
518,1,518
519,1,519
520,1,520
521,1,521
522,1,522
523,1,523
524,1,524
525,1,525
526,1,526
527,1,527
528,1,528
529,1,529
530,1,530
531,1,531
532,1,532
533,1,533
534,1,534
535,1,535
536,1,536
537,1,537
538,1,538
539,1,539
540,1,540
541,1,541
542,1,542
543,1,543
544,1,544
545,1,545
546,1,546
547,1,547
548,1,548
549,1,549
550,1,550
551,1,551
552,1,552
553,1,553
554,1,554
555,1,555
556,1,556
557,1,557
558,1,558
559,1,559
560,1,560
561,1,561
562,1,562
563,1,563
564,1,564
565,1,565
566,1,566
567,1,567
568,1,568
569,1,569
570,1,570
571,1,571
572,1,572
573,1,573
574,1,574
575,1,575
576,1,576
577,1,577
578,1,578
579,1,579
580,1,580
581,1,581
582,1,582
583,1,583
584,1,584
585,1,585
586,1,586
587,1,587
588,1,588
589,1,589
590,1,590
591,1,591
592,1,592
593,1,593
594,1,594
595,1,595
596,1,596
597,1,597
598,1,598
599,1,599
600,1,600
601,1,601
602,1,602
603,1,603
604,1,604
605,1,605
606,1,606
607,1,607
608,1,608
609,1,609
610,1,610
611,1,611
612,1,612
613,1,613
614,1,614
615,1,615
616,1,616
617,1,617
618,1,618
619,1,619
620,1,620
621,1,621
622,1,622
623,1,623
624,1,624
625,1,625
626,1,626
627,1,627
628,1,628
629,1,629
630,1,630
631,1,631
632,1,632
633,1,633
634,1,634
635,1,635
636,1,636
637,1,637
638,1,638
639,1,639
640,1,640
641,1,641
642,1,642
643,1,643
644,1,644
645,1,645
646,1,646
647,1,647
648,1,648
649,1,649
650,1,650
651,1,651
652,1,652
653,1,653
654,1,654
655,1,655
656,1,656
657,1,657
658,1,658
659,1,659
660,1,660
661,1,661
662,1,662
663,1,663
664,1,664
665,1,665
666,1,666
667,1,667
668,1,668
669,1,669
670,1,670
671,1,671
672,1,672
673,1,673
674,1,674
675,1,675
676,1,676
677,1,677
678,1,678
679,1,679
680,1,680
681,1,681
682,1,682
683,1,683
684,1,684
685,1,685
686,1,686
687,1,687
688,1,688
689,1,689
690,1,690
691,1,691
692,1,692
693,1,693
694,1,694
695,1,695
696,1,696
697,1,697
698,1,698
699,1,699
700,1,700
701,1,701
702,1,702
703,1,703
704,1,704
705,1,705
706,1,706
707,1,707
708,1,708
709,1,709
710,1,710
711,1,711
712,1,712
713,1,713
714,1,714
715,1,715
716,1,716
717,1,717
718,1,718
719,1,719
720,1,720
721,1,721
722,1,722
723,1,723
724,1,724
725,1,725
726,1,726
727,1,727
728,1,728
729,1,729
730,1,730
731,1,731
732,1,732
733,1,733
734,1,734
735,1,735
736,1,736
737,1,737
738,1,738
739,1,739
740,1,740
741,1,741
742,1,742
743,1,743
744,1,744
745,1,745
746,1,746
747,1,747
748,1,748
749,1,749
750,1,750
751,1,751
752,1,752
753,1,753
754,1,754
755,1,755
756,1,756
757,1,757
758,1,758
759,1,759
760,1,760
761,1,761
762,1,762
763,1,763
764,1,764
765,1,765
766,1,766
767,1,767
768,1,768
769,1,769
770,1,770
771,1,771
772,1,772
773,1,773
774,1,774
775,1,775
776,1,776
777,1,777
778,1,778
779,1,779
780,1,780
781,1,781
782,1,782
783,1,783
784,1,784
785,1,785
786,1,786
787,1,787
788,1,788
789,1,789
790,1,790
791,1,791
792,1,792
793,1,793
794,1,794
795,1,795
796,1,796
797,1,797
798,1,798
799,1,799
800,1,800
801,1,801
802,1,802
803,1,803
804,1,804
805,1,805
806,1,806
807,1,807
808,1,808
809,1,809
810,1,810
811,1,811
812,1,812
813,1,813
814,1,814
815,1,815
816,1,816
817,1,817
818,1,818
819,1,819
820,1,820
821,1,821
822,1,822
823,1,823
824,1,824
825,1,825
826,1,826
827,1,827
828,1,828
829,1,829
830,1,830
831,1,831
832,1,832
833,1,833
834,1,834
835,1,835
836,1,836
837,1,837
838,1,838
839,1,839
840,1,840
841,1,841
842,1,842
843,1,843
844,1,844
845,1,845
846,1,846
847,1,847
848,1,848
849,1,849
850,1,850
851,1,851
852,1,852
853,1,853
854,1,854
855,1,855
856,1,856
857,1,857
858,1,858
859,1,859
860,1,860
861,1,861
862,1,862
863,1,863
864,1,864
865,1,865
866,1,866
867,1,867
868,1,868
869,1,869
870,1,870
871,1,871
872,1,872
873,1,873
874,1,874
875,1,875
876,1,876
877,1,877
878,1,878
879,1,879
880,1,880
881,1,881
882,1,882
883,1,883
884,1,884
885,1,885
886,1,886
887,1,887
888,1,888
889,1,889
890,1,890
891,1,891
892,1,892
893,1,893
894,1,894
895,1,895
896,1,896
897,1,897
898,1,898
899,1,899
900,1,900
901,1,901
902,1,902
903,1,903
904,1,904
905,1,905
906,1,906
907,1,907
908,1,908
909,1,909
910,1,910
911,1,911
912,1,912
913,1,913
914,1,914
915,1,915
916,1,916
917,1,917
918,1,918
919,1,919
920,1,920
921,1,921
922,1,922
923,1,923
924,1,924
925,1,925
926,1,926
927,1,927
928,1,928
929,1,929
930,1,930
931,1,931
932,1,932
933,1,933
934,1,934
935,1,935
936,1,936
937,1,937
938,1,938
939,1,939
940,1,940
941,1,941
942,1,942
943,1,943
944,1,944
945,1,945
946,1,946
947,1,947
948,1,948
949,1,949
950,1,950
951,1,951
952,1,952
953,1,953
954,1,954
955,1,955
956,1,956
957,1,957
958,1,958
959,1,959
960,1,960
961,1,961
962,1,962
963,1,963
964,1,964
965,1,965
966,1,966
967,1,967
968,1,968
969,1,969
970,1,970
971,1,971
972,1,972
973,1,973
974,1,974
975,1,975
976,1,976
977,1,977
978,1,978
979,1,979
980,1,980
981,1,981
982,1,982
983,1,983
984,1,984
985,1,985
986,1,986
987,1,987
988,1,988
989,1,989
990,1,990
991,1,991
992,1,992
993,1,993
994,1,994
995,1,995
996,1,996
997,1,997
998,1,998
999,1,999
1000,1,1000
1001,1,1001
1002,1,1002
1003,1,1003
1004,1,1004
1005,1,1005
1006,1,1006
1007,1,1007
1008,1,1008
1009,1,1009
1010,1,1010
1011,1,1011
1012,1,1012
1013,1,1013
1014,1,1014
1015,1,1015
1016,1,1016
1017,1,1017
1018,1,1018
1019,1,1019
1020,1,1020
1021,1,1021
1022,1,1022
1023,1,1023
1024,1,1024
1025,1,1025
1026,1,1026
1027,1,1027
1028,1,1028
1029,1,1029
1030,1,1030
1031,1,1031
1032,1,1032
1033,1,1033
1034,1,1034
1035,1,1035
1036,1,1036
1037,1,1037
1038,1,1038
1039,1,1039
1040,1,1040
1041,1,1041
1042,1,1042
1043,1,1043
1044,1,1044
1045,1,1045
1046,1,1046
1047,1,1047
1048,1,1048
1049,1,1049
1050,1,1050
1051,1,1051
1052,1,1052
1053,1,1053
1054,1,1054
1055,1,1055
1056,1,1056
1057,1,1057
1058,1,1058
1059,1,1059
1060,1,1060
1061,1,1061
1062,1,1062
1063,1,1063
1064,1,1064
1065,1,1065
1066,1,1066
1067,1,1067
1068,1,1068
1069,1,1069
1070,1,1070
1071,1,1071
1072,1,1072
1073,1,1073
1074,1,1074
1075,1,1075
1076,1,1076
1077,1,1077
1078,1,1078
1079,1,1079
1080,1,1080
1081,1,1081
1082,1,1082
1083,1,1083
1084,1,1084
1085,1,1085
1086,1,1086
1087,1,1087
1088,1,1088
1089,1,1089
1090,1,1090
1091,1,1091
1092,1,1092
1093,1,1093
1094,1,1094
1095,1,1095
1096,1,1096
1097,1,1097
1098,1,1098
1099,1,1099
1100,1,1100
1101,1,1101
1102,1,1102
1103,1,1103
1104,1,1104
1105,1,1105
1106,1,1106
1107,1,1107
1108,1,1108
1109,1,1109
1110,1,1110
1111,1,1111
1112,1,1112
1113,1,1113
1114,1,1114
1115,1,1115
1116,1,1116
1117,1,1117
1118,1,1118
1119,1,1119
1120,1,1120
1121,1,1121
1122,1,1122
1123,1,1123
1124,1,1124
1125,1,1125
1126,1,1126
1127,1,1127
1128,1,1128
1129,1,1129
1130,1,1130
1131,1,1131
1132,1,1132
1133,1,1133
1134,1,1134
1135,1,1135
1136,1,1136
1137,1,1137
1138,1,1138
1139,1,1139
1140,1,1140
1141,1,1141
1142,1,1142
1143,1,1143
1144,1,1144
1145,1,1145
1146,1,1146
1147,1,1147
1148,1,1148
1149,1,1149
1150,1,1150
1151,1,1151
1152,1,1152
1153,1,1153
1154,1,1154
1155,1,1155
1156,1,1156
1157,1,1157
1158,1,1158
1159,1,1159
1160,1,1160
1161,1,1161
1162,1,1162
1163,1,1163
1164,1,1164
1165,1,1165
1166,1,1166
1167,1,1167
1168,1,1168
1169,1,1169
1170,1,1170
1171,1,1171
1172,1,1172
1173,1,1173
1174,1,1174
1175,1,1175
1176,1,1176
1177,1,1177
1178,1,1178
1179,1,1179
1180,1,1180
1181,1,1181
1182,1,1182
1183,1,1183
1184,1,1184
1185,1,1185
1186,1,1186
1187,1,1187
1188,1,1188
1189,1,1189
1190,1,1190
1191,1,1191
1192,1,1192
1193,1,1193
1194,1,1194
1195,1,1195
1196,1,1196
1197,1,1197
1198,1,1198
1199,1,1199
1200,1,1200
1201,1,1201
1202,1,1202
1203,1,1203
1204,1,1204
1205,1,1205
1206,1,1206
1207,1,1207
1208,1,1208
1209,1,1209
1210,1,1210
1211,1,1211
1212,1,1212
1213,1,1213
1214,1,1214
1215,1,1215
1216,1,1216
1217,1,1217
1218,1,1218
1219,1,1219
1220,1,1220
1221,1,1221
1222,1,1222
1223,1,1223
1224,1,1224
1225,1,1225
1226,1,1226
1227,1,1227
1228,1,1228
1229,1,1229
1230,1,1230
1231,1,1231
1232,1,1232
1233,1,1233
1234,1,1234
1235,1,1235
1236,1,1236
1237,1,1237
1238,1,1238
1239,1,1239
1240,1,1240
1241,1,1241
1242,1,1242
1243,1,1243
1244,1,1244
1245,1,1245
1246,1,1246
1247,1,1247
1248,1,1248
1249,1,1249
1250,1,1250
1251,1,1251
1252,1,1252
1253,1,1253
1254,1,1254
1255,1,1255
1256,1,1256
1257,1,1257
1258,1,1258
1259,1,1259
1260,1,1260
1261,1,1261
1262,1,1262
1263,1,1263
1264,1,1264
1265,1,1265
1266,1,1266
1267,1,1267
1268,1,1268
1269,1,1269
1270,1,1270
1271,1,1271
1272,1,1272
1273,1,1273
1274,1,1274
1275,1,1275
1276,1,1276
1277,1,1277
1278,1,1278
1279,1,1279
1280,1,1280
1281,1,1281
1282,1,1282
1283,1,1283
1284,1,1284
1285,1,1285
1286,1,1286
1287,1,1287
1288,1,1288
1289,1,1289
1290,1,1290
1291,1,1291
1292,1,1292
1293,1,1293
1294,1,1294
1295,1,1295
1296,1,1296
1297,1,1297
1298,1,1298
1299,1,1299
1300,1,1300
1301,1,1301
1302,1,1302
1303,1,1303
1304,1,1304
1305,1,1305
1306,1,1306
1307,1,1307
1308,1,1308
1309,1,1309
1310,1,1310
1311,1,1311
1312,1,1312
1313,1,1313
1314,1,1314
1315,1,1315
1316,1,1316
1317,1,1317
1318,1,1318
1319,1,1319
1320,1,1320
1321,1,1321
1322,1,1322
1323,1,1323
1324,1,1324
1325,1,1325
1326,1,1326
1327,1,1327
1328,1,1328
1329,1,1329
1330,1,1330
1331,1,1331
1332,1,1332
1333,1,1333
1334,1,1334
1335,1,1335
1336,1,1336
1337,1,1337
1338,1,1338
1339,1,1339
1340,1,1340
1341,1,1341
1342,1,1342
1343,1,1343
1344,1,1344
1345,1,1345
1346,1,1346
1347,1,1347
1348,1,1348
1349,1,1349
1350,1,1350
1351,1,1351
1352,1,1352
1353,1,1353
1354,1,1354
1355,1,1355
1356,1,1356
1357,1,1357
1358,1,1358
1359,1,1359
1360,1,1360
1361,1,1361
1362,1,1362
1363,1,1363
1364,1,1364
1365,1,1365
1366,1,1366
1367,1,1367
1368,1,1368
1369,1,1369
1370,1,1370
1371,1,1371
1372,1,1372
1373,1,1373
1374,1,1374
1375,1,1375
1376,1,1376
1377,1,1377
1378,1,1378
1379,1,1379
1380,1,1380
1381,1,1381
1382,1,1382
1383,1,1383
1384,1,1384
1385,1,1385
1386,1,1386
1387,1,1387
1388,1,1388
1389,1,1389
1390,1,1390
1391,1,1391
1392,1,1392
1393,1,1393
1394,1,1394
1395,1,1395
1396,1,1396
1397,1,1397
1398,1,1398
1399,1,1399
1400,1,1400
1401,1,1401
1402,1,1402
1403,1,1403
1404,1,1404
1405,1,1405
1406,1,1406
1407,1,1407
1408,1,1408
1409,1,1409
1410,1,1410
1411,1,1411
1412,1,1412
1413,1,1413
1414,1,1414
1415,1,1415
1416,1,1416
1417,1,1417
1418,1,1418
1419,1,1419
1420,1,1420
1421,1,1421
1422,1,1422
1423,1,1423
1424,1,1424
1425,1,1425
1426,1,1426
1427,1,1427
1428,1,1428
1429,1,1429
1430,1,1430
1431,1,1431
1432,1,1432
1433,1,1433
1434,1,1434
1435,1,1435
1436,1,1436
1437,1,1437
1438,1,1438
1439,1,1439
1440,1,1440
1441,1,1441
1442,1,1442
1443,1,1443
1444,1,1444
1445,1,1445
1446,1,1446
1447,1,1447
1448,1,1448
1449,1,1449
1450,1,1450
1451,1,1451
1452,1,1452
1453,1,1453
1454,1,1454
1455,1,1455
1456,1,1456
1457,1,1457
1458,1,1458
1459,1,1459
1460,1,1460
1461,1,1461
1462,1,1462
1463,1,1463
1464,1,1464
1465,1,1465
1466,1,1466
1467,1,1467
1468,1,1468
1469,1,1469
1470,1,1470
1471,1,1471
1472,1,1472
1473,1,1473
1474,1,1474
1475,1,1475
1476,1,1476
1477,1,1477
1478,1,1478
1479,1,1479
1480,1,1480
1481,1,1481
1482,1,1482
1483,1,1483
1484,1,1484
1485,1,1485
1486,1,1486
1487,1,1487
1488,1,1488
1489,1,1489
1490,1,1490
1491,1,1491
1492,1,1492
1493,1,1493
1494,1,1494
1495,1,1495
1496,1,1496
1497,1,1497
1498,1,1498
1499,1,1499
1500,1,1500
1501,1,1501
1502,1,1502
1503,1,1503
1504,1,1504
1505,1,1505
1506,1,1506
1507,1,1507
1508,1,1508
1509,1,1509
1510,1,1510
1511,1,1511
1512,1,1512
1513,1,1513
1514,1,1514
1515,1,1515
1516,1,1516
1517,1,1517
1518,1,1518
1519,1,1519
1520,1,1520
1521,1,1521
1522,1,1522
1523,1,1523
1524,1,1524
1525,1,1525
1526,1,1526
1527,1,1527
1528,1,1528
1529,1,1529
1530,1,1530
1531,1,1531
1532,1,1532
1533,1,1533
1534,1,1534
1535,1,1535
1536,1,1536
1537,1,1537
1538,1,1538
1539,1,1539
1540,1,1540
1541,1,1541
1542,1,1542
1543,1,1543
1544,1,1544
1545,1,1545
1546,1,1546
1547,1,1547
1548,1,1548
1549,1,1549
1550,1,1550
1551,1,1551
1552,1,1552
1553,1,1553
1554,1,1554
1555,1,1555
1556,1,1556
1557,1,1557
1558,1,1558
1559,1,1559
1560,1,1560
1561,1,1561
1562,1,1562
1563,1,1563
1564,1,1564
1565,1,1565
1566,1,1566
1567,1,1567
1568,1,1568
1569,1,1569
1570,1,1570
1571,1,1571
1572,1,1572
1573,1,1573
1574,1,1574
1575,1,1575
1576,1,1576
1577,1,1577
1578,1,1578
1579,1,1579
1580,1,1580
1581,1,1581
1582,1,1582
1583,1,1583
1584,1,1584
1585,1,1585
1586,1,1586
1587,1,1587
1588,1,1588
1589,1,1589
1590,1,1590
1591,1,1591
1592,1,1592
1593,1,1593
1594,1,1594
1595,1,1595
1596,1,1596
1597,1,1597
1598,1,1598
1599,1,1599
1600,1,1600
1601,1,1601
1602,1,1602
1603,1,1603
1604,1,1604
1605,1,1605
1606,1,1606
1607,1,1607
1608,1,1608
1609,1,1609
1610,1,1610
1611,1,1611
1612,1,1612
1613,1,1613
1614,1,1614
1615,1,1615
1616,1,1616
1617,1,1617
1618,1,1618
1619,1,1619
1620,1,1620
1621,1,1621
1622,1,1622
1623,1,1623
1624,1,1624
1625,1,1625
1626,1,1626
1627,1,1627
1628,1,1628
1629,1,1629
1630,1,1630
1631,1,1631
1632,1,1632
1633,1,1633
1634,1,1634
1635,1,1635
1636,1,1636
1637,1,1637
1638,1,1638
1639,1,1639
1640,1,1640
1641,1,1641
1642,1,1642
1643,1,1643
1644,1,1644
1645,1,1645
1646,1,1646
1647,1,1647
1648,1,1648
1649,1,1649
1650,1,1650
1651,1,1651
1652,1,1652
1653,1,1653
1654,1,1654
1655,1,1655
1656,1,1656
1657,1,1657
1658,1,1658
1659,1,1659
1660,1,1660
1661,1,1661
1662,1,1662
1663,1,1663
1664,1,1664
1665,1,1665
1666,1,1666
1667,1,1667
1668,1,1668
1669,1,1669
1670,1,1670
1671,1,1671
1672,1,1672
1673,1,1673
1674,1,1674
1675,1,1675
1676,1,1676
1677,1,1677
1678,1,1678
1679,1,1679
1680,1,1680
1681,1,1681
1682,1,1682
1683,1,1683
1684,1,1684
1685,1,1685
1686,1,1686
1687,1,1687
1688,1,1688
1689,1,1689
1690,1,1690
1691,1,1691
1692,1,1692
1693,1,1693
1694,1,1694
1695,1,1695
1696,1,1696
1697,1,1697
1698,1,1698
1699,1,1699
1700,1,1700
1701,1,1701
1702,1,1702
1703,1,1703
1704,1,1704
1705,1,1705
1706,1,1706
1707,1,1707
1708,1,1708
1709,1,1709
1710,1,1710
1711,1,1711
1712,1,1712
1713,1,1713
1714,1,1714
1715,1,1715
1716,1,1716
1717,1,1717
1718,1,1718
1719,1,1719
1720,1,1720
1721,1,1721
1722,1,1722
1723,1,1723
1724,1,1724
1725,1,1725
1726,1,1726
1727,1,1727
1728,1,1728
1729,1,1729
1730,1,1730
1731,1,1731
1732,1,1732
1733,1,1733
1734,1,1734
1735,1,1735
1736,1,1736
1737,1,1737
1738,1,1738
1739,1,1739
1740,1,1740
1741,1,1741
1742,1,1742
1743,1,1743
1744,1,1744
1745,1,1745
1746,1,1746
1747,1,1747
1748,1,1748
1749,1,1749
1750,1,1750
1751,1,1751
1752,1,1752
1753,1,1753
1754,1,1754
1755,1,1755
1756,1,1756
1757,1,1757
1758,1,1758
1759,1,1759
1760,1,1760
1761,1,1761
1762,1,1762
1763,1,1763
1764,1,1764
1765,1,1765
1766,1,1766
1767,1,1767
1768,1,1768
1769,1,1769
1770,1,1770
1771,1,1771
1772,1,1772
1773,1,1773
1774,1,1774
1775,1,1775
1776,1,1776
1777,1,1777
1778,1,1778
1779,1,1779
1780,1,1780
1781,1,1781
1782,1,1782
1783,1,1783
1784,1,1784
1785,1,1785
1786,1,1786
1787,1,1787
1788,1,1788
1789,1,1789
1790,1,1790
1791,1,1791
1792,1,1792
1793,1,1793
1794,1,1794
1795,1,1795
1796,1,1796
1797,1,1797
1798,1,1798
1799,1,1799
1800,1,1800
1801,1,1801
1802,1,1802
1803,1,1803
1804,1,1804
1805,1,1805
1806,1,1806
1807,1,1807
1808,1,1808
1809,1,1809
1810,1,1810
1811,1,1811
1812,1,1812
1813,1,1813
1814,1,1814
1815,1,1815
1816,1,1816
1817,1,1817
1818,1,1818
1819,1,1819
1820,1,1820
1821,1,1821
1822,1,1822
1823,1,1823
1824,1,1824
1825,1,1825
1826,1,1826
1827,1,1827
1828,1,1828
1829,1,1829
1830,1,1830
1831,1,1831
1832,1,1832
1833,1,1833
1834,1,1834
1835,1,1835
1836,1,1836
1837,1,1837
1838,1,1838
1839,1,1839
1840,1,1840
1841,1,1841
1842,1,1842
1843,1,1843
1844,1,1844
1845,1,1845
1846,1,1846
1847,1,1847
1848,1,1848
1849,1,1849
1850,1,1850
1851,1,1851
1852,1,1852
1853,1,1853
1854,1,1854
1855,1,1855
1856,1,1856
1857,1,1857
1858,1,1858
1859,1,1859
1860,1,1860
1861,1,1861
1862,1,1862
1863,1,1863
1864,1,1864
1865,1,1865
1866,1,1866
1867,1,1867
1868,1,1868
1869,1,1869
1870,1,1870
1871,1,1871
1872,1,1872
1873,1,1873
1874,1,1874
1875,1,1875
1876,1,1876
1877,1,1877
1878,1,1878
1879,1,1879
1880,1,1880
1881,1,1881
1882,1,1882
1883,1,1883
1884,1,1884
1885,1,1885
1886,1,1886
1887,1,1887
1888,1,1888
1889,1,1889
1890,1,1890
1891,1,1891
1892,1,1892
1893,1,1893
1894,1,1894
1895,1,1895
1896,1,1896
1897,1,1897
1898,1,1898
1899,1,1899
1900,1,1900
1901,1,1901
1902,1,1902
1903,1,1903
1904,1,1904
1905,1,1905
1906,1,1906
1907,1,1907
1908,1,1908
1909,1,1909
1910,1,1910
1911,1,1911
1912,1,1912
1913,1,1913
1914,1,1914
1915,1,1915
1916,1,1916
1917,1,1917
1918,1,1918
1919,1,1919
1920,1,1920
1921,1,1921
1922,1,1922
1923,1,1923
1924,1,1924
1925,1,1925
1926,1,1926
1927,1,1927
1928,1,1928
1929,1,1929
1930,1,1930
1931,1,1931
1932,1,1932
1933,1,1933
1934,1,1934
1935,1,1935
1936,1,1936
1937,1,1937
1938,1,1938
1939,1,1939
1940,1,1940
1941,1,1941
1942,1,1942
1943,1,1943
1944,1,1944
1945,1,1945
1946,1,1946
1947,1,1947
1948,1,1948
1949,1,1949
1950,1,1950
1951,1,1951
1952,1,1952
1953,1,1953
1954,1,1954
1955,1,1955
1956,1,1956
1957,1,1957
1958,1,1958
1959,1,1959
1960,1,1960
1961,1,1961
1962,1,1962
1963,1,1963
1964,1,1964
1965,1,1965
1966,1,1966
1967,1,1967
1968,1,1968
1969,1,1969
1970,1,1970
1971,1,1971
1972,1,1972
1973,1,1973
1974,1,1974
1975,1,1975
1976,1,1976
1977,1,1977
1978,1,1978
1979,1,1979
1980,1,1980
1981,1,1981
1982,1,1982
1983,1,1983
1984,1,1984
1985,1,1985
1986,1,1986
1987,1,1987
1988,1,1988
1989,1,1989
1990,1,1990
1991,1,1991
1992,1,1992
1993,1,1993
1994,1,1994
1995,1,1995
1996,1,1996
1997,1,1997
1998,1,1998
1999,1,1999
2000,1,2000
2001,1,2001
2002,1,2002
2003,1,2003
2004,1,2004
2005,1,2005
2006,1,2006
2007,1,2007
2008,1,2008
2009,1,2009
2010,1,2010
2011,1,2011
2012,1,2012
2013,1,2013
2014,1,2014
2015,1,2015
2016,1,2016
2017,1,2017
2018,1,2018
2019,1,2019
2020,1,2020
2021,1,2021
2022,1,2022
2023,1,2023
2024,1,2024
2025,1,2025
2026,1,2026
2027,1,2027
2028,1,2028
2029,1,2029
2030,1,2030
2031,1,2031
2032,1,2032
2033,1,2033
2034,1,2034
2035,1,2035
2036,1,2036
2037,1,2037
2038,1,2038
2039,1,2039
2040,1,2040
2041,1,2041
2042,1,2042
2043,1,2043
2044,1,2044
2045,1,2045
2046,1,2046
2047,1,2047
2048,1,2048
2049,1,2049
2050,1,2050
2051,1,2051
2052,1,2052
2053,1,2053
2054,1,2054
2055,1,2055
2056,1,2056
2057,1,2057
2058,1,2058
2059,1,2059
2060,1,2060
2061,1,2061
2062,1,2062
2063,1,2063
2064,1,2064
2065,1,2065
2066,1,2066
2067,1,2067
2068,1,2068
2069,1,2069
2070,1,2070
2071,1,2071
2072,1,2072
2073,1,2073
2074,1,2074
2075,1,2075
2076,1,2076
2077,1,2077
2078,1,2078
2079,1,2079
2080,1,2080
2081,1,2081
2082,1,2082
2083,1,2083
2084,1,2084
2085,1,2085
2086,1,2086
2087,1,2087
2088,1,2088
2089,1,2089
2090,1,2090
2091,1,2091
2092,1,2092
2093,1,2093
2094,1,2094
2095,1,2095
2096,1,2096
2097,1,2097
2098,1,2098
2099,1,2099
2100,1,2100
2101,1,2101
2102,1,2102
2103,1,2103
2104,1,2104
2105,1,2105
2106,1,2106
2107,1,2107
2108,1,2108
2109,1,2109
2110,1,2110
2111,1,2111
2112,1,2112
2113,1,2113
2114,1,2114
2115,1,2115
2116,1,2116
2117,1,2117
2118,1,2118
2119,1,2119
2120,1,2120
2121,1,2121
2122,1,2122
2123,1,2123
2124,1,2124
2125,1,2125
2126,1,2126
2127,1,2127
2128,1,2128
2129,1,2129
2130,1,2130
2131,1,2131
2132,1,2132
2133,1,2133
2134,1,2134
2135,1,2135
2136,1,2136
2137,1,2137
2138,1,2138
2139,1,2139
2140,1,2140
2141,1,2141
2142,1,2142
2143,1,2143
2144,1,2144
2145,1,2145
2146,1,2146
2147,1,2147
2148,1,2148
2149,1,2149
2150,1,2150
2151,1,2151
2152,1,2152
2153,1,2153
2154,1,2154
2155,1,2155
2156,1,2156
2157,1,2157
2158,1,2158
2159,1,2159
2160,1,2160
2161,1,2161
2162,1,2162
2163,1,2163
2164,1,2164
2165,1,2165
2166,1,2166
2167,1,2167
2168,1,2168
2169,1,2169
2170,1,2170
2171,1,2171
2172,1,2172
2173,1,2173
2174,1,2174
2175,1,2175
2176,1,2176
2177,1,2177
2178,1,2178
2179,1,2179
2180,1,2180
2181,1,2181
2182,1,2182
2183,1,2183
2184,1,2184
2185,1,2185
2186,1,2186
2187,1,2187
2188,1,2188
2189,1,2189
2190,1,2190
2191,1,2191
2192,1,2192
2193,1,2193
2194,1,2194
2195,1,2195
2196,1,2196
2197,1,2197
2198,1,2198
2199,1,2199
2200,1,2200
2201,1,2201
2202,1,2202
2203,1,2203
2204,1,2204
2205,1,2205
2206,1,2206
2207,1,2207
2208,1,2208
2209,1,2209
2210,1,2210
2211,1,2211
2212,1,2212
2213,1,2213
2214,1,2214
2215,1,2215
2216,1,2216
2217,1,2217
2218,1,2218
2219,1,2219
2220,1,2220
2221,1,2221
2222,1,2222
2223,1,2223
2224,1,2224
2225,1,2225
2226,1,2226
2227,1,2227
2228,1,2228
2229,1,2229
2230,1,2230
2231,1,2231
2232,1,2232
2233,1,2233
2234,1,2234
2235,1,2235
2236,1,2236
2237,1,2237
2238,1,2238
2239,1,2239
2240,1,2240
2241,1,2241
2242,1,2242
2243,1,2243
2244,1,2244
2245,1,2245
2246,1,2246
2247,1,2247
2248,1,2248
2249,1,2249
2250,1,2250
2251,1,2251
2252,1,2252
2253,1,2253
2254,1,2254
2255,1,2255
2256,1,2256
2257,1,2257
2258,1,2258
2259,1,2259
2260,1,2260
2261,1,2261
2262,1,2262
2263,1,2263
2264,1,2264
2265,1,2265
2266,1,2266
2267,1,2267
2268,1,2268
2269,1,2269
2270,1,2270
2271,1,2271
2272,1,2272
2273,1,2273
2274,1,2274
2275,1,2275
2276,1,2276
2277,1,2277
2278,1,2278
2279,1,2279
2280,1,2280
2281,1,2281
2282,1,2282
2283,1,2283
2284,1,2284
2285,1,2285
2286,1,2286
2287,1,2287
2288,1,2288
2289,1,2289
2290,1,2290
2291,1,2291
2292,1,2292
2293,1,2293
2294,1,2294
2295,1,2295
2296,1,2296
2297,1,2297
2298,1,2298
2299,1,2299
2300,1,2300
2301,1,2301
2302,1,2302
2303,1,2303
2304,1,2304
2305,1,2305
2306,1,2306
2307,1,2307
2308,1,2308
2309,1,2309
2310,1,2310
2311,1,2311
2312,1,2312
2313,1,2313
2314,1,2314
2315,1,2315
2316,1,2316
2317,1,2317
2318,1,2318
2319,1,2319
2320,1,2320
2321,1,2321
2322,1,2322
2323,1,2323
2324,1,2324
2325,1,2325
2326,1,2326
2327,1,2327
2328,1,2328
2329,1,2329
2330,1,2330
2331,1,2331
2332,1,2332
2333,1,2333
2334,1,2334
2335,1,2335
2336,1,2336
2337,1,2337
2338,1,2338
2339,1,2339
2340,1,2340
2341,1,2341
2342,1,2342
2343,1,2343
2344,1,2344
2345,1,2345
2346,1,2346
2347,1,2347
2348,1,2348
2349,1,2349
2350,1,2350
2351,1,2351
2352,1,2352
2353,1,2353
2354,1,2354
2355,1,2355
2356,1,2356
2357,1,2357
2358,1,2358
2359,1,2359
2360,1,2360
2361,1,2361
2362,1,2362
2363,1,2363
2364,1,2364
2365,1,2365
2366,1,2366
2367,1,2367
2368,1,2368
2369,1,2369
2370,1,2370
2371,1,2371
2372,1,2372
2373,1,2373
2374,1,2374
2375,1,2375
2376,1,2376
2377,1,2377
2378,1,2378
2379,1,2379
2380,1,2380
2381,1,2381
2382,1,2382
2383,1,2383
2384,1,2384
2385,1,2385
2386,1,2386
2387,1,2387
2388,1,2388
2389,1,2389
2390,1,2390
2391,1,2391
2392,1,2392
2393,1,2393
2394,1,2394
2395,1,2395
2396,1,2396
2397,1,2397
2398,1,2398
2399,1,2399
2400,1,2400
2401,1,2401
2402,1,2402
2403,1,2403
2404,1,2404
2405,1,2405
2406,1,2406
2407,1,2407
2408,1,2408
2409,1,2409
2410,1,2410
2411,1,2411
2412,1,2412
2413,1,2413
2414,1,2414
2415,1,2415
2416,1,2416
2417,1,2417
2418,1,2418
2419,1,2419
2420,1,2420
2421,1,2421
2422,1,2422
2423,1,2423
2424,1,2424
2425,1,2425
2426,1,2426
2427,1,2427
2428,1,2428
2429,1,2429
2430,1,2430
2431,1,2431
2432,1,2432
2433,1,2433
2434,1,2434
2435,1,2435
2436,1,2436
2437,1,2437
2438,1,2438
2439,1,2439
2440,1,2440
2441,1,2441
2442,1,2442
2443,1,2443
2444,1,2444
2445,1,2445
2446,1,2446
2447,1,2447
2448,1,2448
2449,1,2449
2450,1,2450
2451,1,2451
2452,1,2452
2453,1,2453
2454,1,2454
2455,1,2455
2456,1,2456
2457,1,2457
2458,1,2458
2459,1,2459
2460,1,2460
2461,1,2461
2462,1,2462
2463,1,2463
2464,1,2464
2465,1,2465
2466,1,2466
2467,1,2467
2468,1,2468
2469,1,2469
2470,1,2470
2471,1,2471
2472,1,2472
2473,1,2473
2474,1,2474
2475,1,2475
2476,1,2476
2477,1,2477
2478,1,2478
2479,1,2479
2480,1,2480
2481,1,2481
2482,1,2482
2483,1,2483
2484,1,2484
2485,1,2485
2486,1,2486
2487,1,2487
2488,1,2488
2489,1,2489
2490,1,2490
2491,1,2491
2492,1,2492
2493,1,2493
2494,1,2494
2495,1,2495
2496,1,2496
2497,1,2497
2498,1,2498
2499,1,2499
2500,1,2500
2501,1,2501
2502,1,2502
2503,1,2503
2504,1,2504
2505,1,2505
2506,1,2506
2507,1,2507
2508,1,2508
2509,1,2509
2510,1,2510
2511,1,2511
2512,1,2512
2513,1,2513
2514,1,2514
2515,1,2515
2516,1,2516
2517,1,2517
2518,1,2518
2519,1,2519
2520,1,2520
2521,1,2521
2522,1,2522
2523,1,2523
2524,1,2524
2525,1,2525
2526,1,2526
2527,1,2527
2528,1,2528
2529,1,2529
2530,1,2530
2531,1,2531
2532,1,2532
2533,1,2533
2534,1,2534
2535,1,2535
2536,1,2536
2537,1,2537
2538,1,2538
2539,1,2539
2540,1,2540
2541,1,2541
2542,1,2542
2543,1,2543
2544,1,2544
2545,1,2545
2546,1,2546
2547,1,2547
2548,1,2548
2549,1,2549
2550,1,2550
2551,1,2551
2552,1,2552
2553,1,2553
2554,1,2554
2555,1,2555
2556,1,2556
2557,1,2557
2558,1,2558
2559,1,2559
2560,1,2560
2561,1,2561
2562,1,2562
2563,1,2563
2564,1,2564
2565,1,2565
2566,1,2566
2567,1,2567
2568,1,2568
2569,1,2569
2570,1,2570
2571,1,2571
2572,1,2572
2573,1,2573
2574,1,2574
2575,1,2575
2576,1,2576
2577,1,2577
2578,1,2578
2579,1,2579
2580,1,2580
2581,1,2581
2582,1,2582
2583,1,2583
2584,1,2584
2585,1,2585
2586,1,2586
2587,1,2587
2588,1,2588
2589,1,2589
2590,1,2590
2591,1,2591
2592,1,2592
2593,1,2593
2594,1,2594
2595,1,2595
2596,1,2596
2597,1,2597
2598,1,2598
2599,1,2599
2600,1,2600
2601,1,2601
2602,1,2602
2603,1,2603
2604,1,2604
2605,1,2605
2606,1,2606
2607,1,2607
2608,1,2608
2609,1,2609
2610,1,2610
2611,1,2611
2612,1,2612
2613,1,2613
2614,1,2614
2615,1,2615
2616,1,2616
2617,1,2617
2618,1,2618
2619,1,2619
2620,1,2620
2621,1,2621
2622,1,2622
2623,1,2623
2624,1,2624
2625,1,2625
2626,1,2626
2627,1,2627
2628,1,2628
2629,1,2629
2630,1,2630
2631,1,2631
2632,1,2632
2633,1,2633
2634,1,2634
2635,1,2635
2636,1,2636
2637,1,2637
2638,1,2638
2639,1,2639
2640,1,2640
2641,1,2641
2642,1,2642
2643,1,2643
2644,1,2644
2645,1,2645
2646,1,2646
2647,1,2647
2648,1,2648
2649,1,2649
2650,1,2650
2651,1,2651
2652,1,2652
2653,1,2653
2654,1,2654
2655,1,2655
2656,1,2656
2657,1,2657
2658,1,2658
2659,1,2659
2660,1,2660
2661,1,2661
2662,1,2662
2663,1,2663
2664,1,2664
2665,1,2665
2666,1,2666
2667,1,2667
2668,1,2668
2669,1,2669
2670,1,2670
2671,1,2671
2672,1,2672
2673,1,2673
2674,1,2674
2675,1,2675
2676,1,2676
2677,1,2677
2678,1,2678
2679,1,2679
2680,1,2680
2681,1,2681
2682,1,2682
2683,1,2683
2684,1,2684
2685,1,2685
2686,1,2686
2687,1,2687
2688,1,2688
2689,1,2689
2690,1,2690
2691,1,2691
2692,1,2692
2693,1,2693
2694,1,2694
2695,1,2695
2696,1,2696
2697,1,2697
2698,1,2698
2699,1,2699
2700,1,2700
2701,1,2701
2702,1,2702
2703,1,2703
2704,1,2704
2705,1,2705
2706,1,2706
2707,1,2707
2708,1,2708
2709,1,2709
2710,1,2710
2711,1,2711
2712,1,2712
2713,1,2713
2714,1,2714
2715,1,2715
2716,1,2716
2717,1,2717
2718,1,2718
2719,1,2719
2720,1,2720
2721,1,2721
2722,1,2722
2723,1,2723
2724,1,2724
2725,1,2725
2726,1,2726
2727,1,2727
2728,1,2728
2729,1,2729
2730,1,2730
2731,1,2731
2732,1,2732
2733,1,2733
2734,1,2734
2735,1,2735
2736,1,2736
2737,1,2737
2738,1,2738
2739,1,2739
2740,1,2740
2741,1,2741
2742,1,2742
2743,1,2743
2744,1,2744
2745,1,2745
2746,1,2746
2747,1,2747
2748,1,2748
2749,1,2749
2750,1,2750
2751,1,2751
2752,1,2752
2753,1,2753
2754,1,2754
2755,1,2755
2756,1,2756
2757,1,2757
2758,1,2758
2759,1,2759
2760,1,2760
2761,1,2761
2762,1,2762
2763,1,2763
2764,1,2764
2765,1,2765
2766,1,2766
2767,1,2767
2768,1,2768
2769,1,2769
2770,1,2770
2771,1,2771
2772,1,2772
2773,1,2773
2774,1,2774
2775,1,2775
2776,1,2776
2777,1,2777
2778,1,2778
2779,1,2779
2780,1,2780
2781,1,2781
2782,1,2782
2783,1,2783
2784,1,2784
2785,1,2785
2786,1,2786
2787,1,2787
2788,1,2788
2789,1,2789
2790,1,2790
2791,1,2791
2792,1,2792
2793,1,2793
2794,1,2794
2795,1,2795
2796,1,2796
2797,1,2797
2798,1,2798
2799,1,2799
2800,1,2800
2801,1,2801
2802,1,2802
2803,1,2803
2804,1,2804
2805,1,2805
2806,1,2806
2807,1,2807
2808,1,2808
2809,1,2809
2810,1,2810
2811,1,2811
2812,1,2812
2813,1,2813
2814,1,2814
2815,1,2815
2816,1,2816
2817,1,2817
2818,1,2818
2819,1,2819
2820,1,2820
2821,1,2821
2822,1,2822
2823,1,2823
2824,1,2824
2825,1,2825
2826,1,2826
2827,1,2827
2828,1,2828
2829,1,2829
2830,1,2830
2831,1,2831
2832,1,2832
2833,1,2833
2834,1,2834
2835,1,2835
2836,1,2836
2837,1,2837
2838,1,2838
2839,1,2839
2840,1,2840
2841,1,2841
2842,1,2842
2843,1,2843
2844,1,2844
2845,1,2845
2846,1,2846
2847,1,2847
2848,1,2848
2849,1,2849
2850,1,2850
2851,1,2851
2852,1,2852
2853,1,2853
2854,1,2854
2855,1,2855
2856,1,2856
2857,1,2857
2858,1,2858
2859,1,2859
2860,1,2860
2861,1,2861
2862,1,2862
2863,1,2863
2864,1,2864
2865,1,2865
2866,1,2866
2867,1,2867
2868,1,2868
2869,1,2869
2870,1,2870
2871,1,2871
2872,1,2872
2873,1,2873
2874,1,2874
2875,1,2875
2876,1,2876
2877,1,2877
2878,1,2878
2879,1,2879
2880,1,2880
2881,1,2881
2882,1,2882
2883,1,2883
2884,1,2884
2885,1,2885
2886,1,2886
2887,1,2887
2888,1,2888
2889,1,2889
2890,1,2890
2891,1,2891
2892,1,2892
2893,1,2893
2894,1,2894
2895,1,2895
2896,1,2896
2897,1,2897
2898,1,2898
2899,1,2899
2900,1,2900
2901,1,2901
2902,1,2902
2903,1,2903
2904,1,2904
2905,1,2905
2906,1,2906
2907,1,2907
2908,1,2908
2909,1,2909
2910,1,2910
2911,1,2911
2912,1,2912
2913,1,2913
2914,1,2914
2915,1,2915
2916,1,2916
2917,1,2917
2918,1,2918
2919,1,2919
2920,1,2920
2921,1,2921
2922,1,2922
2923,1,2923
2924,1,2924
2925,1,2925
2926,1,2926
2927,1,2927
2928,1,2928
2929,1,2929
2930,1,2930
2931,1,2931
2932,1,2932
2933,1,2933
2934,1,2934
2935,1,2935
2936,1,2936
2937,1,2937
2938,1,2938
2939,1,2939
2940,1,2940
2941,1,2941
2942,1,2942
2943,1,2943
2944,1,2944
2945,1,2945
2946,1,2946
2947,1,2947
2948,1,2948
2949,1,2949
2950,1,2950
2951,1,2951
2952,1,2952
2953,1,2953
2954,1,2954
2955,1,2955
2956,1,2956
2957,1,2957
2958,1,2958
2959,1,2959
2960,1,2960
2961,1,2961
2962,1,2962
2963,1,2963
2964,1,2964
2965,1,2965
2966,1,2966
2967,1,2967
2968,1,2968
2969,1,2969
2970,1,2970
2971,1,2971
2972,1,2972
2973,1,2973
2974,1,2974
2975,1,2975
2976,1,2976
2977,1,2977
2978,1,2978
2979,1,2979
2980,1,2980
2981,1,2981
2982,1,2982
2983,1,2983
2984,1,2984
2985,1,2985
2986,1,2986
2987,1,2987
2988,1,2988
2989,1,2989
2990,1,2990
2991,1,2991
2992,1,2992
2993,1,2993
2994,1,2994
2995,1,2995
2996,1,2996
2997,1,2997
2998,1,2998
2999,1,2999
3000,1,3000
3001,1,3001
3002,1,3002
3003,1,3003
3004,1,3004
3005,1,3005
3006,1,3006
3007,1,3007
3008,1,3008
3009,1,3009
3010,1,3010
3011,1,3011
3012,1,3012
3013,1,3013
3014,1,3014
3015,1,3015
3016,1,3016
3017,1,3017
3018,1,3018
3019,1,3019
3020,1,3020
3021,1,3021
3022,1,3022
3023,1,3023
3024,1,3024
3025,1,3025
3026,1,3026
3027,1,3027
3028,1,3028
3029,1,3029
3030,1,3030
3031,1,3031
3032,1,3032
3033,1,3033
3034,1,3034
3035,1,3035
3036,1,3036
3037,1,3037
3038,1,3038
3039,1,3039
3040,1,3040
3041,1,3041
3042,1,3042
3043,1,3043
3044,1,3044
3045,1,3045
3046,1,3046
3047,1,3047
3048,1,3048
3049,1,3049
3050,1,3050
3051,1,3051
3052,1,3052
3053,1,3053
3054,1,3054
3055,1,3055
3056,1,3056
3057,1,3057
3058,1,3058
3059,1,3059
3060,1,3060
3061,1,3061
3062,1,3062
3063,1,3063
3064,1,3064
3065,1,3065
3066,1,3066
3067,1,3067
3068,1,3068
3069,1,3069
3070,1,3070
3071,1,3071
3072,1,3072
3073,1,3073
3074,1,3074
3075,1,3075
3076,1,3076
3077,1,3077
3078,1,3078
3079,1,3079
3080,1,3080
3081,1,3081
3082,1,3082
3083,1,3083
3084,1,3084
3085,1,3085
3086,1,3086
3087,1,3087
3088,1,3088
3089,1,3089
3090,1,3090
3091,1,3091
3092,1,3092
3093,1,3093
3094,1,3094
3095,1,3095
3096,1,3096
3097,1,3097
3098,1,3098
3099,1,3099
3100,1,3100
3101,1,3101
3102,1,3102
3103,1,3103
3104,1,3104
3105,1,3105
3106,1,3106
3107,1,3107
3108,1,3108
3109,1,3109
3110,1,3110
3111,1,3111
3112,1,3112
3113,1,3113
3114,1,3114
3115,1,3115
3116,1,3116
3117,1,3117
3118,1,3118
3119,1,3119
3120,1,3120
3121,1,3121
3122,1,3122
3123,1,3123
3124,1,3124
3125,1,3125
3126,1,3126
3127,1,3127
3128,1,3128
3129,1,3129
3130,1,3130
3131,1,3131
3132,1,3132
3133,1,3133
3134,1,3134
3135,1,3135
3136,1,3136
3137,1,3137
3138,1,3138
3139,1,3139
3140,1,3140
3141,1,3141
3142,1,3142
3143,1,3143
3144,1,3144
3145,1,3145
3146,1,3146
3147,1,3147
3148,1,3148
3149,1,3149
3150,1,3150
3151,1,3151
3152,1,3152
3153,1,3153
3154,1,3154
3155,1,3155
3156,1,3156
3157,1,3157
3158,1,3158
3159,1,3159
3160,1,3160
3161,1,3161
3162,1,3162
3163,1,3163
3164,1,3164
3165,1,3165
3166,1,3166
3167,1,3167
3168,1,3168
3169,1,3169
3170,1,3170
3171,1,3171
3172,1,3172
3173,1,3173
3174,1,3174
3175,1,3175
3176,1,3176
3177,1,3177
3178,1,3178
3179,1,3179
3180,1,3180
3181,1,3181
3182,1,3182
3183,1,3183
3184,1,3184
3185,1,3185
3186,1,3186
3187,1,3187
3188,1,3188
3189,1,3189
3190,1,3190
3191,1,3191
3192,1,3192
3193,1,3193
3194,1,3194
3195,1,3195
3196,1,3196
3197,1,3197
3198,1,3198
3199,1,3199
3200,1,3200
3201,1,3201
3202,1,3202
3203,1,3203
3204,1,3204
3205,1,3205
3206,1,3206
3207,1,3207
3208,1,3208
3209,1,3209
3210,1,3210
3211,1,3211
3212,1,3212
3213,1,3213
3214,1,3214
3215,1,3215
3216,1,3216
3217,1,3217
3218,1,3218
3219,1,3219
3220,1,3220
3221,1,3221
3222,1,3222
3223,1,3223
3224,1,3224
3225,1,3225
3226,1,3226
3227,1,3227
3228,1,3228
3229,1,3229
3230,1,3230
3231,1,3231
3232,1,3232
3233,1,3233
3234,1,3234
3235,1,3235
3236,1,3236
3237,1,3237
3238,1,3238
3239,1,3239
3240,1,3240
3241,1,3241
3242,1,3242
3243,1,3243
3244,1,3244
3245,1,3245
3246,1,3246
3247,1,3247
3248,1,3248
3249,1,3249
3250,1,3250
3251,1,3251
3252,1,3252
3253,1,3253
3254,1,3254
3255,1,3255
3256,1,3256
3257,1,3257
3258,1,3258
3259,1,3259
3260,1,3260
3261,1,3261
3262,1,3262
3263,1,3263
3264,1,3264
3265,1,3265
3266,1,3266
3267,1,3267
3268,1,3268
3269,1,3269
3270,1,3270
3271,1,3271
3272,1,3272
3273,1,3273
3274,1,3274
3275,1,3275
3276,1,3276
3277,1,3277
3278,1,3278
3279,1,3279
3280,1,3280
3281,1,3281
3282,1,3282
3283,1,3283
3284,1,3284
3285,1,3285
3286,1,3286
3287,1,3287
3288,1,3288
3289,1,3289
3290,1,3290
3291,1,3291
3292,1,3292
3293,1,3293
3294,1,3294
3295,1,3295
3296,1,3296
3297,1,3297
3298,1,3298
3299,1,3299
3300,1,3300
3301,1,3301
3302,1,3302
3303,1,3303
3304,1,3304
3305,1,3305
3306,1,3306
3307,1,3307
3308,1,3308
3309,1,3309
3310,1,3310
3311,1,3311
3312,1,3312
3313,1,3313
3314,1,3314
3315,1,3315
3316,1,3316
3317,1,3317
3318,1,3318
3319,1,3319
3320,1,3320
3321,1,3321
3322,1,3322
3323,1,3323
3324,1,3324
3325,1,3325
3326,1,3326
3327,1,3327
3328,1,3328
3329,1,3329
3330,1,3330
3331,1,3331
3332,1,3332
3333,1,3333
3334,1,3334
3335,1,3335
3336,1,3336
3337,1,3337
3338,1,3338
3339,1,3339
3340,1,3340
3341,1,3341
3342,1,3342
3343,1,3343
3344,1,3344
3345,1,3345
3346,1,3346
3347,1,3347
3348,1,3348
3349,1,3349
3350,1,3350
3351,1,3351
3352,1,3352
3353,1,3353
3354,1,3354
3355,1,3355
3356,1,3356
3357,1,3357
3358,1,3358
3359,1,3359
3360,1,3360
3361,1,3361
3362,1,3362
3363,1,3363
3364,1,3364
3365,1,3365
3366,1,3366
3367,1,3367
3368,1,3368
3369,1,3369
3370,1,3370
3371,1,3371
3372,1,3372
3373,1,3373
3374,1,3374
3375,1,3375
3376,1,3376
3377,1,3377
3378,1,3378
3379,1,3379
3380,1,3380
3381,1,3381
3382,1,3382
3383,1,3383
3384,1,3384
3385,1,3385
3386,1,3386
3387,1,3387
3388,1,3388
3389,1,3389
3390,1,3390
3391,1,3391
3392,1,3392
3393,1,3393
3394,1,3394
3395,1,3395
3396,1,3396
3397,1,3397
3398,1,3398
3399,1,3399
3400,1,3400
3401,1,3401
3402,1,3402
3403,1,3403
3404,1,3404
3405,1,3405
3406,1,3406
3407,1,3407
3408,1,3408
3409,1,3409
3410,1,3410
3411,1,3411
3412,1,3412
3413,1,3413
3414,1,3414
3415,1,3415
3416,1,3416
3417,1,3417
3418,1,3418
3419,1,3419
3420,1,3420
3421,1,3421
3422,1,3422
3423,1,3423
3424,1,3424
3425,1,3425
3426,1,3426
3427,1,3427
3428,1,3428
3429,1,3429
3430,1,3430
3431,1,3431
3432,1,3432
3433,1,3433
3434,1,3434
3435,1,3435
3436,1,3436
3437,1,3437
3438,1,3438
3439,1,3439
3440,1,3440
3441,1,3441
3442,1,3442
3443,1,3443
3444,1,3444
3445,1,3445
3446,1,3446
3447,1,3447
3448,1,3448
3449,1,3449
3450,1,3450
3451,1,3451
3452,1,3452
3453,1,3453
3454,1,3454
3455,1,3455
3456,1,3456
3457,1,3457
3458,1,3458
3459,1,3459
3460,1,3460
3461,1,3461
3462,1,3462
3463,1,3463
3464,1,3464
3465,1,3465
3466,1,3466
3467,1,3467
3468,1,3468
3469,1,3469
3470,1,3470
3471,1,3471
3472,1,3472
3473,1,3473
3474,1,3474
3475,1,3475
3476,1,3476
3477,1,3477
3478,1,3478
3479,1,3479
3480,1,3480
3481,1,3481
3482,1,3482
3483,1,3483
3484,1,3484
3485,1,3485
3486,1,3486
3487,1,3487
3488,1,3488
3489,1,3489
3490,1,3490
3491,1,3491
3492,1,3492
3493,1,3493
3494,1,3494
3495,1,3495
3496,1,3496
3497,1,3497
3498,1,3498
3499,1,3499
3500,1,3500
3501,1,3501
3502,1,3502
3503,1,3503
3504,1,3504
3505,1,3505
3506,1,3506
3507,1,3507
3508,1,3508
3509,1,3509
3510,1,3510
3511,1,3511
3512,1,3512
3513,1,3513
3514,1,3514
3515,1,3515
3516,1,3516
3517,1,3517
3518,1,3518
3519,1,3519
3520,1,3520
3521,1,3521
3522,1,3522
3523,1,3523
3524,1,3524
3525,1,3525
3526,1,3526
3527,1,3527
3528,1,3528
3529,1,3529
3530,1,3530
3531,1,3531
3532,1,3532
3533,1,3533
3534,1,3534
3535,1,3535
3536,1,3536
3537,1,3537
3538,1,3538
3539,1,3539
3540,1,3540
3541,1,3541
3542,1,3542
3543,1,3543
3544,1,3544
3545,1,3545
3546,1,3546
3547,1,3547
3548,1,3548
3549,1,3549
3550,1,3550
3551,1,3551
3552,1,3552
3553,1,3553
3554,1,3554
3555,1,3555
3556,1,3556
3557,1,3557
3558,1,3558
3559,1,3559
3560,1,3560
3561,1,3561
3562,1,3562
3563,1,3563
3564,1,3564
3565,1,3565
3566,1,3566
3567,1,3567
3568,1,3568
3569,1,3569
3570,1,3570
3571,1,3571
3572,1,3572
3573,1,3573
3574,1,3574
3575,1,3575
3576,1,3576
3577,1,3577
3578,1,3578
3579,1,3579
3580,1,3580
3581,1,3581
3582,1,3582
3583,1,3583
3584,1,3584
3585,1,3585
3586,1,3586
3587,1,3587
3588,1,3588
3589,1,3589
3590,1,3590
3591,1,3591
3592,1,3592
3593,1,3593
3594,1,3594
3595,1,3595
3596,1,3596
3597,1,3597
3598,1,3598
3599,1,3599
3600,1,3600
3601,1,3601
3602,1,3602
3603,1,3603
3604,1,3604
3605,1,3605
3606,1,3606
3607,1,3607
3608,1,3608
3609,1,3609
3610,1,3610
3611,1,3611
3612,1,3612
3613,1,3613
3614,1,3614
3615,1,3615
3616,1,3616
3617,1,3617
3618,1,3618
3619,1,3619
3620,1,3620
3621,1,3621
3622,1,3622
3623,1,3623
3624,1,3624
3625,1,3625
3626,1,3626
3627,1,3627
3628,1,3628
3629,1,3629
3630,1,3630
3631,1,3631
3632,1,3632
3633,1,3633
3634,1,3634
3635,1,3635
3636,1,3636
3637,1,3637
3638,1,3638
3639,1,3639
3640,1,3640
3641,1,3641
3642,1,3642
3643,1,3643
3644,1,3644
3645,1,3645
3646,1,3646
3647,1,3647
3648,1,3648
3649,1,3649
3650,1,3650
3651,1,3651
3652,1,3652
3653,1,3653
3654,1,3654
3655,1,3655
3656,1,3656
3657,1,3657
3658,1,3658
3659,1,3659
3660,1,3660
3661,1,3661
3662,1,3662
3663,1,3663
3664,1,3664
3665,1,3665
3666,1,3666
3667,1,3667
3668,1,3668
3669,1,3669
3670,1,3670
3671,1,3671
3672,1,3672
3673,1,3673
3674,1,3674
3675,1,3675
3676,1,3676
3677,1,3677
3678,1,3678
3679,1,3679
3680,1,3680
3681,1,3681
3682,1,3682
3683,1,3683
3684,1,3684
3685,1,3685
3686,1,3686
3687,1,3687
3688,1,3688
3689,1,3689
3690,1,3690
3691,1,3691
3692,1,3692
3693,1,3693
3694,1,3694
3695,1,3695
3696,1,3696
3697,1,3697
3698,1,3698
3699,1,3699
3700,1,3700
3701,1,3701
3702,1,3702
3703,1,3703
3704,1,3704
3705,1,3705
3706,1,3706
3707,1,3707
3708,1,3708
3709,1,3709
3710,1,3710
3711,1,3711
3712,1,3712
3713,1,3713
3714,1,3714
3715,1,3715
3716,1,3716
3717,1,3717
3718,1,3718
3719,1,3719
3720,1,3720
3721,1,3721
3722,1,3722
3723,1,3723
3724,1,3724
3725,1,3725
3726,1,3726
3727,1,3727
3728,1,3728
3729,1,3729
3730,1,3730
3731,1,3731
3732,1,3732
3733,1,3733
3734,1,3734
3735,1,3735
3736,1,3736
3737,1,3737
3738,1,3738
3739,1,3739
3740,1,3740
3741,1,3741
3742,1,3742
3743,1,3743
3744,1,3744
3745,1,3745
3746,1,3746
3747,1,3747
3748,1,3748
3749,1,3749
3750,1,3750
3751,1,3751
3752,1,3752
3753,1,3753
3754,1,3754
3755,1,3755
3756,1,3756
3757,1,3757
3758,1,3758
3759,1,3759
3760,1,3760
3761,1,3761
3762,1,3762
3763,1,3763
3764,1,3764
3765,1,3765
3766,1,3766
3767,1,3767
3768,1,3768
3769,1,3769
3770,1,3770
3771,1,3771
3772,1,3772
3773,1,3773
3774,1,3774
3775,1,3775
3776,1,3776
3777,1,3777
3778,1,3778
3779,1,3779
3780,1,3780
3781,1,3781
3782,1,3782
3783,1,3783
3784,1,3784
3785,1,3785
3786,1,3786
3787,1,3787
3788,1,3788
3789,1,3789
3790,1,3790
3791,1,3791
3792,1,3792
3793,1,3793
3794,1,3794
3795,1,3795
3796,1,3796
3797,1,3797
3798,1,3798
3799,1,3799
3800,1,3800
3801,1,3801
3802,1,3802
3803,1,3803
3804,1,3804
3805,1,3805
3806,1,3806
3807,1,3807
3808,1,3808
3809,1,3809
3810,1,3810
3811,1,3811
3812,1,3812
3813,1,3813
3814,1,3814
3815,1,3815
3816,1,3816
3817,1,3817
3818,1,3818
3819,1,3819
3820,1,3820
3821,1,3821
3822,1,3822
3823,1,3823
3824,1,3824
3825,1,3825
3826,1,3826
3827,1,3827
3828,1,3828
3829,1,3829
3830,1,3830
3831,1,3831
3832,1,3832
3833,1,3833
3834,1,3834
3835,1,3835
3836,1,3836
3837,1,3837
3838,1,3838
3839,1,3839
3840,1,3840
3841,1,3841
3842,1,3842
3843,1,3843
3844,1,3844
3845,1,3845
3846,1,3846
3847,1,3847
3848,1,3848
3849,1,3849
3850,1,3850
3851,1,3851
3852,1,3852
3853,1,3853
3854,1,3854
3855,1,3855
3856,1,3856
3857,1,3857
3858,1,3858
3859,1,3859
3860,1,3860
3861,1,3861
3862,1,3862
3863,1,3863
3864,1,3864
3865,1,3865
3866,1,3866
3867,1,3867
3868,1,3868
3869,1,3869
3870,1,3870
3871,1,3871
3872,1,3872
3873,1,3873
3874,1,3874
3875,1,3875
3876,1,3876
3877,1,3877
3878,1,3878
3879,1,3879
3880,1,3880
3881,1,3881
3882,1,3882
3883,1,3883
3884,1,3884
3885,1,3885
3886,1,3886
3887,1,3887
3888,1,3888
3889,1,3889
3890,1,3890
3891,1,3891
3892,1,3892
3893,1,3893
3894,1,3894
3895,1,3895
3896,1,3896
3897,1,3897
3898,1,3898
3899,1,3899
3900,1,3900
3901,1,3901
3902,1,3902
3903,1,3903
3904,1,3904
3905,1,3905
3906,1,3906
3907,1,3907
3908,1,3908
3909,1,3909
3910,1,3910
3911,1,3911
3912,1,3912
3913,1,3913
3914,1,3914
3915,1,3915
3916,1,3916
3917,1,3917
3918,1,3918
3919,1,3919
3920,1,3920
3921,1,3921
3922,1,3922
3923,1,3923
3924,1,3924
3925,1,3925
3926,1,3926
3927,1,3927
3928,1,3928
3929,1,3929
3930,1,3930
3931,1,3931
3932,1,3932
3933,1,3933
3934,1,3934
3935,1,3935
3936,1,3936
3937,1,3937
3938,1,3938
3939,1,3939
3940,1,3940
3941,1,3941
3942,1,3942
3943,1,3943
3944,1,3944
3945,1,3945
3946,1,3946
3947,1,3947
3948,1,3948
3949,1,3949
3950,1,3950
3951,1,3951
3952,1,3952
3953,1,3953
3954,1,3954
3955,1,3955
3956,1,3956
3957,1,3957
3958,1,3958
3959,1,3959
3960,1,3960
3961,1,3961
3962,1,3962
3963,1,3963
3964,1,3964
3965,1,3965
3966,1,3966
3967,1,3967
3968,1,3968
3969,1,3969
3970,1,3970
3971,1,3971
3972,1,3972
3973,1,3973
3974,1,3974
3975,1,3975
3976,1,3976
3977,1,3977
3978,1,3978
3979,1,3979
3980,1,3980
3981,1,3981
3982,1,3982
3983,1,3983
3984,1,3984
3985,1,3985
3986,1,3986
3987,1,3987
3988,1,3988
3989,1,3989
3990,1,3990
3991,1,3991
3992,1,3992
3993,1,3993
3994,1,3994
3995,1,3995
3996,1,3996
3997,1,3997
3998,1,3998
3999,1,3999
4000,1,4000
4001,1,4001
4002,1,4002
4003,1,4003
4004,1,4004
4005,1,4005
4006,1,4006
4007,1,4007
4008,1,4008
4009,1,4009
4010,1,4010
4011,1,4011
4012,1,4012
4013,1,4013
4014,1,4014
4015,1,4015
4016,1,4016
4017,1,4017
4018,1,4018
4019,1,4019
4020,1,4020
4021,1,4021
4022,1,4022
4023,1,4023
4024,1,4024
4025,1,4025
4026,1,4026
4027,1,4027
4028,1,4028
4029,1,4029
4030,1,4030
4031,1,4031
4032,1,4032
4033,1,4033
4034,1,4034
4035,1,4035
4036,1,4036
4037,1,4037
4038,1,4038
4039,1,4039
4040,1,4040
4041,1,4041
4042,1,4042
4043,1,4043
4044,1,4044
4045,1,4045
4046,1,4046
4047,1,4047
4048,1,4048
4049,1,4049
4050,1,4050
4051,1,4051
4052,1,4052
4053,1,4053
4054,1,4054
4055,1,4055
4056,1,4056
4057,1,4057
4058,1,4058
4059,1,4059
4060,1,4060
4061,1,4061
4062,1,4062
4063,1,4063
4064,1,4064
4065,1,4065
4066,1,4066
4067,1,4067
4068,1,4068
4069,1,4069
4070,1,4070
4071,1,4071
4072,1,4072
4073,1,4073
4074,1,4074
4075,1,4075
4076,1,4076
4077,1,4077
4078,1,4078
4079,1,4079
4080,1,4080
4081,1,4081
4082,1,4082
4083,1,4083
4084,1,4084
4085,1,4085
4086,1,4086
4087,1,4087
4088,1,4088
4089,1,4089
4090,1,4090
4091,1,4091
4092,1,4092
4093,1,4093
4094,1,4094
4095,1,4095
4096,1,4096
4097,1,4097
4098,1,4098
4099,1,4099
4100,1,4100
4101,1,4101
4102,1,4102
4103,1,4103
4104,1,4104
4105,1,4105
4106,1,4106
4107,1,4107
4108,1,4108
4109,1,4109
4110,1,4110
4111,1,4111
4112,1,4112
4113,1,4113
4114,1,4114
4115,1,4115
4116,1,4116
4117,1,4117
4118,1,4118
4119,1,4119
4120,1,4120
4121,1,4121
4122,1,4122
4123,1,4123
4124,1,4124
4125,1,4125
4126,1,4126
4127,1,4127
4128,1,4128
4129,1,4129
4130,1,4130
4131,1,4131
4132,1,4132
4133,1,4133
4134,1,4134
4135,1,4135
4136,1,4136
4137,1,4137
4138,1,4138
4139,1,4139
4140,1,4140
4141,1,4141
4142,1,4142
4143,1,4143
4144,1,4144
4145,1,4145
4146,1,4146
4147,1,4147
4148,1,4148
4149,1,4149
4150,1,4150
4151,1,4151
4152,1,4152
4153,1,4153
4154,1,4154
4155,1,4155
4156,1,4156
4157,1,4157
4158,1,4158
4159,1,4159
4160,1,4160
4161,1,4161
4162,1,4162
4163,1,4163
4164,1,4164
4165,1,4165
4166,1,4166
4167,1,4167
4168,1,4168
4169,1,4169
4170,1,4170
4171,1,4171
4172,1,4172
4173,1,4173
4174,1,4174
4175,1,4175
4176,1,4176
4177,1,4177
4178,1,4178
4179,1,4179
4180,1,4180
4181,1,4181
4182,1,4182
4183,1,4183
4184,1,4184
4185,1,4185
4186,1,4186
4187,1,4187
4188,1,4188
4189,1,4189
4190,1,4190
4191,1,4191
4192,1,4192
4193,1,4193
4194,1,4194
4195,1,4195
4196,1,4196
4197,1,4197
4198,1,4198
4199,1,4199
4200,1,4200
4201,1,4201
4202,1,4202
4203,1,4203
4204,1,4204
4205,1,4205
4206,1,4206
4207,1,4207
4208,1,4208
4209,1,4209
4210,1,4210
4211,1,4211
4212,1,4212
4213,1,4213
4214,1,4214
4215,1,4215
4216,1,4216
4217,1,4217
4218,1,4218
4219,1,4219
4220,1,4220
4221,1,4221
4222,1,4222
4223,1,4223
4224,1,4224
4225,1,4225
4226,1,4226
4227,1,4227
4228,1,4228
4229,1,4229
4230,1,4230
4231,1,4231
4232,1,4232
4233,1,4233
4234,1,4234
4235,1,4235
4236,1,4236
4237,1,4237
4238,1,4238
4239,1,4239
4240,1,4240
4241,1,4241
4242,1,4242
4243,1,4243
4244,1,4244
4245,1,4245
4246,1,4246
4247,1,4247
4248,1,4248
4249,1,4249
4250,1,4250
4251,1,4251
4252,1,4252
4253,1,4253
4254,1,4254
4255,1,4255
4256,1,4256
4257,1,4257
4258,1,4258
4259,1,4259
4260,1,4260
4261,1,4261
4262,1,4262
4263,1,4263
4264,1,4264
4265,1,4265
4266,1,4266
4267,1,4267
4268,1,4268
4269,1,4269
4270,1,4270
4271,1,4271
4272,1,4272
4273,1,4273
4274,1,4274
4275,1,4275
4276,1,4276
4277,1,4277
4278,1,4278
4279,1,4279
4280,1,4280
4281,1,4281
4282,1,4282
4283,1,4283
4284,1,4284
4285,1,4285
4286,1,4286
4287,1,4287
4288,1,4288
4289,1,4289
4290,1,4290
4291,1,4291
4292,1,4292
4293,1,4293
4294,1,4294
4295,1,4295
4296,1,4296
4297,1,4297
4298,1,4298
4299,1,4299
4300,1,4300
4301,1,4301
4302,1,4302
4303,1,4303
4304,1,4304
4305,1,4305
4306,1,4306
4307,1,4307
4308,1,4308
4309,1,4309
4310,1,4310
4311,1,4311
4312,1,4312
4313,1,4313
4314,1,4314
4315,1,4315
4316,1,4316
4317,1,4317
4318,1,4318
4319,1,4319
4320,1,4320
4321,1,4321
4322,1,4322
4323,1,4323
4324,1,4324
4325,1,4325
4326,1,4326
4327,1,4327
4328,1,4328
4329,1,4329
4330,1,4330
4331,1,4331
4332,1,4332
4333,1,4333
4334,1,4334
4335,1,4335
4336,1,4336
4337,1,4337
4338,1,4338
4339,1,4339
4340,1,4340
4341,1,4341
4342,1,4342
4343,1,4343
4344,1,4344
4345,1,4345
4346,1,4346
4347,1,4347
4348,1,4348
4349,1,4349
4350,1,4350
4351,1,4351
4352,1,4352
4353,1,4353
4354,1,4354
4355,1,4355
4356,1,4356
4357,1,4357
4358,1,4358
4359,1,4359
4360,1,4360
4361,1,4361
4362,1,4362
4363,1,4363
4364,1,4364
4365,1,4365
4366,1,4366
4367,1,4367
4368,1,4368
4369,1,4369
4370,1,4370
4371,1,4371
4372,1,4372
4373,1,4373
4374,1,4374
4375,1,4375
4376,1,4376
4377,1,4377
4378,1,4378
4379,1,4379
4380,1,4380
4381,1,4381
4382,1,4382
4383,1,4383
4384,1,4384
4385,1,4385
4386,1,4386
4387,1,4387
4388,1,4388
4389,1,4389
4390,1,4390
4391,1,4391
4392,1,4392
4393,1,4393
4394,1,4394
4395,1,4395
4396,1,4396
4397,1,4397
4398,1,4398
4399,1,4399
4400,1,4400
4401,1,4401
4402,1,4402
4403,1,4403
4404,1,4404
4405,1,4405
4406,1,4406
4407,1,4407
4408,1,4408
4409,1,4409
4410,1,4410
4411,1,4411
4412,1,4412
4413,1,4413
4414,1,4414
4415,1,4415
4416,1,4416
4417,1,4417
4418,1,4418
4419,1,4419
4420,1,4420
4421,1,4421
4422,1,4422
4423,1,4423
4424,1,4424
4425,1,4425
4426,1,4426
4427,1,4427
4428,1,4428
4429,1,4429
4430,1,4430
4431,1,4431
4432,1,4432
4433,1,4433
4434,1,4434
4435,1,4435
4436,1,4436
4437,1,4437
4438,1,4438
4439,1,4439
4440,1,4440
4441,1,4441
4442,1,4442
4443,1,4443
4444,1,4444
4445,1,4445
4446,1,4446
4447,1,4447
4448,1,4448
4449,1,4449
4450,1,4450
4451,1,4451
4452,1,4452
4453,1,4453
4454,1,4454
4455,1,4455
4456,1,4456
4457,1,4457
4458,1,4458
4459,1,4459
4460,1,4460
4461,1,4461
4462,1,4462
4463,1,4463
4464,1,4464
4465,1,4465
4466,1,4466
4467,1,4467
4468,1,4468
4469,1,4469
4470,1,4470
4471,1,4471
4472,1,4472
4473,1,4473
4474,1,4474
4475,1,4475
4476,1,4476
4477,1,4477
4478,1,4478
4479,1,4479
4480,1,4480
4481,1,4481
4482,1,4482
4483,1,4483
4484,1,4484
4485,1,4485
4486,1,4486
4487,1,4487
4488,1,4488
4489,1,4489
4490,1,4490
4491,1,4491
4492,1,4492
4493,1,4493
4494,1,4494
4495,1,4495
4496,1,4496
4497,1,4497
4498,1,4498
4499,1,4499
4500,1,4500
4501,1,4501
4502,1,4502
4503,1,4503
4504,1,4504
4505,1,4505
4506,1,4506
4507,1,4507
4508,1,4508
4509,1,4509
4510,1,4510
4511,1,4511
4512,1,4512
4513,1,4513
4514,1,4514
4515,1,4515
4516,1,4516
4517,1,4517
4518,1,4518
4519,1,4519
4520,1,4520
4521,1,4521
4522,1,4522
4523,1,4523
4524,1,4524
4525,1,4525
4526,1,4526
4527,1,4527
4528,1,4528
4529,1,4529
4530,1,4530
4531,1,4531
4532,1,4532
4533,1,4533
4534,1,4534
4535,1,4535
4536,1,4536
4537,1,4537
4538,1,4538
4539,1,4539
4540,1,4540
4541,1,4541
4542,1,4542
4543,1,4543
4544,1,4544
4545,1,4545
4546,1,4546
4547,1,4547
4548,1,4548
4549,1,4549
4550,1,4550
4551,1,4551
4552,1,4552
4553,1,4553
4554,1,4554
4555,1,4555
4556,1,4556
4557,1,4557
4558,1,4558
4559,1,4559
4560,1,4560
4561,1,4561
4562,1,4562
4563,1,4563
4564,1,4564
4565,1,4565
4566,1,4566
4567,1,4567
4568,1,4568
4569,1,4569
4570,1,4570
4571,1,4571
4572,1,4572
4573,1,4573
4574,1,4574
4575,1,4575
4576,1,4576
4577,1,4577
4578,1,4578
4579,1,4579
4580,1,4580
4581,1,4581
4582,1,4582
4583,1,4583
4584,1,4584
4585,1,4585
4586,1,4586
4587,1,4587
4588,1,4588
4589,1,4589
4590,1,4590
4591,1,4591
4592,1,4592
4593,1,4593
4594,1,4594
4595,1,4595
4596,1,4596
4597,1,4597
4598,1,4598
4599,1,4599
4600,1,4600
4601,1,4601
4602,1,4602
4603,1,4603
4604,1,4604
4605,1,4605
4606,1,4606
4607,1,4607
4608,1,4608
4609,1,4609
4610,1,4610
4611,1,4611
4612,1,4612
4613,1,4613
4614,1,4614
4615,1,4615
4616,1,4616
4617,1,4617
4618,1,4618
4619,1,4619
4620,1,4620
4621,1,4621
4622,1,4622
4623,1,4623
4624,1,4624
4625,1,4625
4626,1,4626
4627,1,4627
4628,1,4628
4629,1,4629
4630,1,4630
4631,1,4631
4632,1,4632
4633,1,4633
4634,1,4634
4635,1,4635
4636,1,4636
4637,1,4637
4638,1,4638
4639,1,4639
4640,1,4640
4641,1,4641
4642,1,4642
4643,1,4643
4644,1,4644
4645,1,4645
4646,1,4646
4647,1,4647
4648,1,4648
4649,1,4649
4650,1,4650
4651,1,4651
4652,1,4652
4653,1,4653
4654,1,4654
4655,1,4655
4656,1,4656
4657,1,4657
4658,1,4658
4659,1,4659
4660,1,4660
4661,1,4661
4662,1,4662
4663,1,4663
4664,1,4664
4665,1,4665
4666,1,4666
4667,1,4667
4668,1,4668
4669,1,4669
4670,1,4670
4671,1,4671
4672,1,4672
4673,1,4673
4674,1,4674
4675,1,4675
4676,1,4676
4677,1,4677
4678,1,4678
4679,1,4679
4680,1,4680
4681,1,4681
4682,1,4682
4683,1,4683
4684,1,4684
4685,1,4685
4686,1,4686
4687,1,4687
4688,1,4688
4689,1,4689
4690,1,4690
4691,1,4691
4692,1,4692
4693,1,4693
4694,1,4694
4695,1,4695
4696,1,4696
4697,1,4697
4698,1,4698
4699,1,4699
4700,1,4700
4701,1,4701
4702,1,4702
4703,1,4703
4704,1,4704
4705,1,4705
4706,1,4706
4707,1,4707
4708,1,4708
4709,1,4709
4710,1,4710
4711,1,4711
4712,1,4712
4713,1,4713
4714,1,4714
4715,1,4715
4716,1,4716
4717,1,4717
4718,1,4718
4719,1,4719
4720,1,4720
4721,1,4721
4722,1,4722
4723,1,4723
4724,1,4724
4725,1,4725
4726,1,4726
4727,1,4727
4728,1,4728
4729,1,4729
4730,1,4730
4731,1,4731
4732,1,4732
4733,1,4733
4734,1,4734
4735,1,4735
4736,1,4736
4737,1,4737
4738,1,4738
4739,1,4739
4740,1,4740
4741,1,4741
4742,1,4742
4743,1,4743
4744,1,4744
4745,1,4745
4746,1,4746
4747,1,4747
4748,1,4748
4749,1,4749
4750,1,4750
4751,1,4751
4752,1,4752
4753,1,4753
4754,1,4754
4755,1,4755
4756,1,4756
4757,1,4757
4758,1,4758
4759,1,4759
4760,1,4760
4761,1,4761
4762,1,4762
4763,1,4763
4764,1,4764
4765,1,4765
4766,1,4766
4767,1,4767
4768,1,4768
4769,1,4769
4770,1,4770
4771,1,4771
4772,1,4772
4773,1,4773
4774,1,4774
4775,1,4775
4776,1,4776
4777,1,4777
4778,1,4778
4779,1,4779
4780,1,4780
4781,1,4781
4782,1,4782
4783,1,4783
4784,1,4784
4785,1,4785
4786,1,4786
4787,1,4787
4788,1,4788
4789,1,4789
4790,1,4790
4791,1,4791
4792,1,4792
4793,1,4793
4794,1,4794
4795,1,4795
4796,1,4796
4797,1,4797
4798,1,4798
4799,1,4799
4800,1,4800
4801,1,4801
4802,1,4802
4803,1,4803
4804,1,4804
4805,1,4805
4806,1,4806
4807,1,4807
4808,1,4808
4809,1,4809
4810,1,4810
4811,1,4811
4812,1,4812
4813,1,4813
4814,1,4814
4815,1,4815
4816,1,4816
4817,1,4817
4818,1,4818
4819,1,4819
4820,1,4820
4821,1,4821
4822,1,4822
4823,1,4823
4824,1,4824
4825,1,4825
4826,1,4826
4827,1,4827
4828,1,4828
4829,1,4829
4830,1,4830
4831,1,4831
4832,1,4832
4833,1,4833
4834,1,4834
4835,1,4835
4836,1,4836
4837,1,4837
4838,1,4838
4839,1,4839
4840,1,4840
4841,1,4841
4842,1,4842
4843,1,4843
4844,1,4844
4845,1,4845
4846,1,4846
4847,1,4847
4848,1,4848
4849,1,4849
4850,1,4850
4851,1,4851
4852,1,4852
4853,1,4853
4854,1,4854
4855,1,4855
4856,1,4856
4857,1,4857
4858,1,4858
4859,1,4859
4860,1,4860
4861,1,4861
4862,1,4862
4863,1,4863
4864,1,4864
4865,1,4865
4866,1,4866
4867,1,4867
4868,1,4868
4869,1,4869
4870,1,4870
4871,1,4871
4872,1,4872
4873,1,4873
4874,1,4874
4875,1,4875
4876,1,4876
4877,1,4877
4878,1,4878
4879,1,4879
4880,1,4880
4881,1,4881
4882,1,4882
4883,1,4883
4884,1,4884
4885,1,4885
4886,1,4886
4887,1,4887
4888,1,4888
4889,1,4889
4890,1,4890
4891,1,4891
4892,1,4892
4893,1,4893
4894,1,4894
4895,1,4895
4896,1,4896
4897,1,4897
4898,1,4898
4899,1,4899
4900,1,4900
4901,1,4901
4902,1,4902
4903,1,4903
4904,1,4904
4905,1,4905
4906,1,4906
4907,1,4907
4908,1,4908
4909,1,4909
4910,1,4910
4911,1,4911
4912,1,4912
4913,1,4913
4914,1,4914
4915,1,4915
4916,1,4916
4917,1,4917
4918,1,4918
4919,1,4919
4920,1,4920
4921,1,4921
4922,1,4922
4923,1,4923
4924,1,4924
4925,1,4925
4926,1,4926
4927,1,4927
4928,1,4928
4929,1,4929
4930,1,4930
4931,1,4931
4932,1,4932
4933,1,4933
4934,1,4934
4935,1,4935
4936,1,4936
4937,1,4937
4938,1,4938
4939,1,4939
4940,1,4940
4941,1,4941
4942,1,4942
4943,1,4943
4944,1,4944
4945,1,4945
4946,1,4946
4947,1,4947
4948,1,4948
4949,1,4949
4950,1,4950
4951,1,4951
4952,1,4952
4953,1,4953
4954,1,4954
4955,1,4955
4956,1,4956
4957,1,4957
4958,1,4958
4959,1,4959
4960,1,4960
4961,1,4961
4962,1,4962
4963,1,4963
4964,1,4964
4965,1,4965
4966,1,4966
4967,1,4967
4968,1,4968
4969,1,4969
4970,1,4970
4971,1,4971
4972,1,4972
4973,1,4973
4974,1,4974
4975,1,4975
4976,1,4976
4977,1,4977
4978,1,4978
4979,1,4979
4980,1,4980
4981,1,4981
4982,1,4982
4983,1,4983
4984,1,4984
4985,1,4985
4986,1,4986
4987,1,4987
4988,1,4988
4989,1,4989
4990,1,4990
4991,1,4991
4992,1,4992
4993,1,4993
4994,1,4994
4995,1,4995
4996,1,4996
4997,1,4997
4998,1,4998
4999,1,4999
5000,1,5000
5001,1,5001
5002,1,5002
5003,1,5003
5004,1,5004
5005,1,5005
5006,1,5006
5007,1,5007
5008,1,5008
5009,1,5009
5010,1,5010
5011,1,5011
5012,1,5012
5013,1,5013
5014,1,5014
5015,1,5015
5016,1,5016
5017,1,5017
5018,1,5018
5019,1,5019
5020,1,5020
5021,1,5021
5022,1,5022
5023,1,5023
5024,1,5024
5025,1,5025
5026,1,5026
5027,1,5027
5028,1,5028
5029,1,5029
5030,1,5030
5031,1,5031
5032,1,5032
5033,1,5033
5034,1,5034
5035,1,5035
5036,1,5036
5037,1,5037
5038,1,5038
5039,1,5039
5040,1,5040
5041,1,5041
5042,1,5042
5043,1,5043
5044,1,5044
5045,1,5045
5046,1,5046
5047,1,5047
5048,1,5048
5049,1,5049
5050,1,5050
5051,1,5051
5052,1,5052
5053,1,5053
5054,1,5054
5055,1,5055
5056,1,5056
5057,1,5057
5058,1,5058
5059,1,5059
5060,1,5060
5061,1,5061
5062,1,5062
5063,1,5063
5064,1,5064
5065,1,5065
5066,1,5066
5067,1,5067
5068,1,5068
5069,1,5069
5070,1,5070
5071,1,5071
5072,1,5072
5073,1,5073
5074,1,5074
5075,1,5075
5076,1,5076
5077,1,5077
5078,1,5078
5079,1,5079
5080,1,5080
5081,1,5081
5082,1,5082
5083,1,5083
5084,1,5084
5085,1,5085
5086,1,5086
5087,1,5087
5088,1,5088
5089,1,5089
5090,1,5090
5091,1,5091
5092,1,5092
5093,1,5093
5094,1,5094
5095,1,5095
5096,1,5096
5097,1,5097
5098,1,5098
5099,1,5099
5100,1,5100
5101,1,5101
5102,1,5102
5103,1,5103
5104,1,5104
5105,1,5105
5106,1,5106
5107,1,5107
5108,1,5108
5109,1,5109
5110,1,5110
5111,1,5111
5112,1,5112
5113,1,5113
5114,1,5114
5115,1,5115
5116,1,5116
5117,1,5117
5118,1,5118
5119,1,5119
5120,1,5120
5121,1,5121
5122,1,5122
5123,1,5123
5124,1,5124
5125,1,5125
5126,1,5126
5127,1,5127
5128,1,5128
5129,1,5129
5130,1,5130
5131,1,5131
5132,1,5132
5133,1,5133
5134,1,5134
5135,1,5135
5136,1,5136
5137,1,5137
5138,1,5138
5139,1,5139
5140,1,5140
5141,1,5141
5142,1,5142
5143,1,5143
5144,1,5144
5145,1,5145
5146,1,5146
5147,1,5147
5148,1,5148
5149,1,5149
5150,1,5150
5151,1,5151
5152,1,5152
5153,1,5153
5154,1,5154
5155,1,5155
5156,1,5156
5157,1,5157
5158,1,5158
5159,1,5159
5160,1,5160
5161,1,5161
5162,1,5162
5163,1,5163
5164,1,5164
5165,1,5165
5166,1,5166
5167,1,5167
5168,1,5168
5169,1,5169
5170,1,5170
5171,1,5171
5172,1,5172
5173,1,5173
5174,1,5174
5175,1,5175
5176,1,5176
5177,1,5177
5178,1,5178
5179,1,5179
5180,1,5180
5181,1,5181
5182,1,5182
5183,1,5183
5184,1,5184
5185,1,5185
5186,1,5186
5187,1,5187
5188,1,5188
5189,1,5189
5190,1,5190
5191,1,5191
5192,1,5192
5193,1,5193
5194,1,5194
5195,1,5195
5196,1,5196
5197,1,5197
5198,1,5198
5199,1,5199
5200,1,5200
5201,1,5201
5202,1,5202
5203,1,5203
5204,1,5204
5205,1,5205
5206,1,5206
5207,1,5207
5208,1,5208
5209,1,5209
5210,1,5210
5211,1,5211
5212,1,5212
5213,1,5213
5214,1,5214
5215,1,5215
5216,1,5216
5217,1,5217
5218,1,5218
5219,1,5219
5220,1,5220
5221,1,5221
5222,1,5222
5223,1,5223
5224,1,5224
5225,1,5225
5226,1,5226
5227,1,5227
5228,1,5228
5229,1,5229
5230,1,5230
5231,1,5231
5232,1,5232
5233,1,5233
5234,1,5234
5235,1,5235
5236,1,5236
5237,1,5237
5238,1,5238
5239,1,5239
5240,1,5240
5241,1,5241
5242,1,5242
5243,1,5243
5244,1,5244
5245,1,5245
5246,1,5246
5247,1,5247
5248,1,5248
5249,1,5249
5250,1,5250
5251,1,5251
5252,1,5252
5253,1,5253
5254,1,5254
5255,1,5255
5256,1,5256
5257,1,5257
5258,1,5258
5259,1,5259
5260,1,5260
5261,1,5261
5262,1,5262
5263,1,5263
5264,1,5264
5265,1,5265
5266,1,5266
5267,1,5267
5268,1,5268
5269,1,5269
5270,1,5270
5271,1,5271
5272,1,5272
5273,1,5273
5274,1,5274
5275,1,5275
5276,1,5276
5277,1,5277
5278,1,5278
5279,1,5279
5280,1,5280
5281,1,5281
5282,1,5282
5283,1,5283
5284,1,5284
5285,1,5285
5286,1,5286
5287,1,5287
5288,1,5288
5289,1,5289
5290,1,5290
5291,1,5291
5292,1,5292
5293,1,5293
5294,1,5294
5295,1,5295
5296,1,5296
5297,1,5297
5298,1,5298
5299,1,5299
5300,1,5300
5301,1,5301
5302,1,5302
5303,1,5303
5304,1,5304
5305,1,5305
5306,1,5306
5307,1,5307
5308,1,5308
5309,1,5309
5310,1,5310
5311,1,5311
5312,1,5312
5313,1,5313
5314,1,5314
5315,1,5315
5316,1,5316
5317,1,5317
5318,1,5318
5319,1,5319
5320,1,5320
5321,1,5321
5322,1,5322
5323,1,5323
5324,1,5324
5325,1,5325
5326,1,5326
5327,1,5327
5328,1,5328
5329,1,5329
5330,1,5330
5331,1,5331
5332,1,5332
5333,1,5333
5334,1,5334
5335,1,5335
5336,1,5336
5337,1,5337
5338,1,5338
5339,1,5339
5340,1,5340
5341,1,5341
5342,1,5342
5343,1,5343
5344,1,5344
5345,1,5345
5346,1,5346
5347,1,5347
5348,1,5348
5349,1,5349
5350,1,5350
5351,1,5351
5352,1,5352
5353,1,5353
5354,1,5354
5355,1,5355
5356,1,5356
5357,1,5357
5358,1,5358
5359,1,5359
5360,1,5360
5361,1,5361
5362,1,5362
5363,1,5363
5364,1,5364
5365,1,5365
5366,1,5366
5367,1,5367
5368,1,5368
5369,1,5369
5370,1,5370
5371,1,5371
5372,1,5372
5373,1,5373
5374,1,5374
5375,1,5375
5376,1,5376
5377,1,5377
5378,1,5378
5379,1,5379
5380,1,5380
5381,1,5381
5382,1,5382
5383,1,5383
5384,1,5384
5385,1,5385
5386,1,5386
5387,1,5387
5388,1,5388
5389,1,5389
5390,1,5390
5391,1,5391
5392,1,5392
5393,1,5393
5394,1,5394
5395,1,5395
5396,1,5396
5397,1,5397
5398,1,5398
5399,1,5399
5400,1,5400
5401,1,5401
5402,1,5402
5403,1,5403
5404,1,5404
5405,1,5405
5406,1,5406
5407,1,5407
5408,1,5408
5409,1,5409
5410,1,5410
5411,1,5411
5412,1,5412
5413,1,5413
5414,1,5414
5415,1,5415
5416,1,5416
5417,1,5417
5418,1,5418
5419,1,5419
5420,1,5420
5421,1,5421
5422,1,5422
5423,1,5423
5424,1,5424
5425,1,5425
5426,1,5426
5427,1,5427
5428,1,5428
5429,1,5429
5430,1,5430
5431,1,5431
5432,1,5432
5433,1,5433
5434,1,5434
5435,1,5435
5436,1,5436
5437,1,5437
5438,1,5438
5439,1,5439
5440,1,5440
5441,1,5441
5442,1,5442
5443,1,5443
5444,1,5444
5445,1,5445
5446,1,5446
5447,1,5447
5448,1,5448
5449,1,5449
5450,1,5450
5451,1,5451
5452,1,5452
5453,1,5453
5454,1,5454
5455,1,5455
5456,1,5456
5457,1,5457
5458,1,5458
5459,1,5459
5460,1,5460
5461,1,5461
5462,1,5462
5463,1,5463
5464,1,5464
5465,1,5465
5466,1,5466
5467,1,5467
5468,1,5468
5469,1,5469
5470,1,5470
5471,1,5471
5472,1,5472
5473,1,5473
5474,1,5474
5475,1,5475
5476,1,5476
5477,1,5477
5478,1,5478
5479,1,5479
5480,1,5480
5481,1,5481
5482,1,5482
5483,1,5483
5484,1,5484
5485,1,5485
5486,1,5486
5487,1,5487
5488,1,5488
5489,1,5489
5490,1,5490
5491,1,5491
5492,1,5492
5493,1,5493
5494,1,5494
5495,1,5495
5496,1,5496
5497,1,5497
5498,1,5498
5499,1,5499
5500,1,5500
5501,1,5501
5502,1,5502
5503,1,5503
5504,1,5504
5505,1,5505
5506,1,5506
5507,1,5507
5508,1,5508
5509,1,5509
5510,1,5510
5511,1,5511
5512,1,5512
5513,1,5513
5514,1,5514
5515,1,5515
5516,1,5516
5517,1,5517
5518,1,5518
5519,1,5519
5520,1,5520
5521,1,5521
5522,1,5522
5523,1,5523
5524,1,5524
5525,1,5525
5526,1,5526
5527,1,5527
5528,1,5528
5529,1,5529
5530,1,5530
5531,1,5531
5532,1,5532
5533,1,5533
5534,1,5534
5535,1,5535
5536,1,5536
5537,1,5537
5538,1,5538
5539,1,5539
5540,1,5540
5541,1,5541
5542,1,5542
5543,1,5543
5544,1,5544
5545,1,5545
5546,1,5546
5547,1,5547
5548,1,5548
5549,1,5549
5550,1,5550
5551,1,5551
5552,1,5552
5553,1,5553
5554,1,5554
5555,1,5555
5556,1,5556
5557,1,5557
5558,1,5558
5559,1,5559
5560,1,5560
5561,1,5561
5562,1,5562
5563,1,5563
5564,1,5564
5565,1,5565
5566,1,5566
5567,1,5567
5568,1,5568
5569,1,5569
5570,1,5570
5571,1,5571
5572,1,5572
5573,1,5573
5574,1,5574
5575,1,5575
5576,1,5576
5577,1,5577
5578,1,5578
5579,1,5579
5580,1,5580
5581,1,5581
5582,1,5582
5583,1,5583
5584,1,5584
5585,1,5585
5586,1,5586
5587,1,5587
5588,1,5588
5589,1,5589
5590,1,5590
5591,1,5591
5592,1,5592
5593,1,5593
5594,1,5594
5595,1,5595
5596,1,5596
5597,1,5597
5598,1,5598
5599,1,5599
5600,1,5600
5601,1,5601
5602,1,5602
5603,1,5603
5604,1,5604
5605,1,5605
5606,1,5606
5607,1,5607
5608,1,5608
5609,1,5609
5610,1,5610
5611,1,5611
5612,1,5612
5613,1,5613
5614,1,5614
5615,1,5615
5616,1,5616
5617,1,5617
5618,1,5618
5619,1,5619
5620,1,5620
5621,1,5621
5622,1,5622
5623,1,5623
5624,1,5624
5625,1,5625
5626,1,5626
5627,1,5627
5628,1,5628
5629,1,5629
5630,1,5630
5631,1,5631
5632,1,5632
5633,1,5633
5634,1,5634
5635,1,5635
5636,1,5636
5637,1,5637
5638,1,5638
5639,1,5639
5640,1,5640
5641,1,5641
5642,1,5642
5643,1,5643
5644,1,5644
5645,1,5645
5646,1,5646
5647,1,5647
5648,1,5648
5649,1,5649
5650,1,5650
5651,1,5651
5652,1,5652
5653,1,5653
5654,1,5654
5655,1,5655
5656,1,5656
5657,1,5657
5658,1,5658
5659,1,5659
5660,1,5660
5661,1,5661
5662,1,5662
5663,1,5663
5664,1,5664
5665,1,5665
5666,1,5666
5667,1,5667
5668,1,5668
5669,1,5669
5670,1,5670
5671,1,5671
5672,1,5672
5673,1,5673
5674,1,5674
5675,1,5675
5676,1,5676
5677,1,5677
5678,1,5678
5679,1,5679
5680,1,5680
5681,1,5681
5682,1,5682
5683,1,5683
5684,1,5684
5685,1,5685
5686,1,5686
5687,1,5687
5688,1,5688
5689,1,5689
5690,1,5690
5691,1,5691
5692,1,5692
5693,1,5693
5694,1,5694
5695,1,5695
5696,1,5696
5697,1,5697
5698,1,5698
5699,1,5699
5700,1,5700
5701,1,5701
5702,1,5702
5703,1,5703
5704,1,5704
5705,1,5705
5706,1,5706
5707,1,5707
5708,1,5708
5709,1,5709
5710,1,5710
5711,1,5711
5712,1,5712
5713,1,5713
5714,1,5714
5715,1,5715
5716,1,5716
5717,1,5717
5718,1,5718
5719,1,5719
5720,1,5720
5721,1,5721
5722,1,5722
5723,1,5723
5724,1,5724
5725,1,5725
5726,1,5726
5727,1,5727
5728,1,5728
5729,1,5729
5730,1,5730
5731,1,5731
5732,1,5732
5733,1,5733
5734,1,5734
5735,1,5735
5736,1,5736
5737,1,5737
5738,1,5738
5739,1,5739
5740,1,5740
5741,1,5741
5742,1,5742
5743,1,5743
5744,1,5744
5745,1,5745
5746,1,5746
5747,1,5747
5748,1,5748
5749,1,5749
5750,1,5750
5751,1,5751
5752,1,5752
5753,1,5753
5754,1,5754
5755,1,5755
5756,1,5756
5757,1,5757
5758,1,5758
5759,1,5759
5760,1,5760
5761,1,5761
5762,1,5762
5763,1,5763
5764,1,5764
5765,1,5765
5766,1,5766
5767,1,5767
5768,1,5768
5769,1,5769
5770,1,5770
5771,1,5771
5772,1,5772
5773,1,5773
5774,1,5774
5775,1,5775
5776,1,5776
5777,1,5777
5778,1,5778
5779,1,5779
5780,1,5780
5781,1,5781
5782,1,5782
5783,1,5783
5784,1,5784
5785,1,5785
5786,1,5786
5787,1,5787
5788,1,5788
5789,1,5789
5790,1,5790
5791,1,5791
5792,1,5792
5793,1,5793
5794,1,5794
5795,1,5795
5796,1,5796
5797,1,5797
5798,1,5798
5799,1,5799
5800,1,5800
5801,1,5801
5802,1,5802
5803,1,5803
5804,1,5804
5805,1,5805
5806,1,5806
5807,1,5807
5808,1,5808
5809,1,5809
5810,1,5810
5811,1,5811
5812,1,5812
5813,1,5813
5814,1,5814
5815,1,5815
5816,1,5816
5817,1,5817
5818,1,5818
5819,1,5819
5820,1,5820
5821,1,5821
5822,1,5822
5823,1,5823
5824,1,5824
5825,1,5825
5826,1,5826
5827,1,5827
5828,1,5828
5829,1,5829
5830,1,5830
5831,1,5831
5832,1,5832
5833,1,5833
5834,1,5834
5835,1,5835
5836,1,5836
5837,1,5837
5838,1,5838
5839,1,5839
5840,1,5840
5841,1,5841
5842,1,5842
5843,1,5843
5844,1,5844
5845,1,5845
5846,1,5846
5847,1,5847
5848,1,5848
5849,1,5849
5850,1,5850
5851,1,5851
5852,1,5852
5853,1,5853
5854,1,5854
5855,1,5855
5856,1,5856
5857,1,5857
5858,1,5858
5859,1,5859
5860,1,5860
5861,1,5861
5862,1,5862
5863,1,5863
5864,1,5864
5865,1,5865
5866,1,5866
5867,1,5867
5868,1,5868
5869,1,5869
5870,1,5870
5871,1,5871
5872,1,5872
5873,1,5873
5874,1,5874
5875,1,5875
5876,1,5876
5877,1,5877
5878,1,5878
5879,1,5879
5880,1,5880
5881,1,5881
5882,1,5882
5883,1,5883
5884,1,5884
5885,1,5885
5886,1,5886
5887,1,5887
5888,1,5888
5889,1,5889
5890,1,5890
5891,1,5891
5892,1,5892
5893,1,5893
5894,1,5894
5895,1,5895
5896,1,5896
5897,1,5897
5898,1,5898
5899,1,5899
5900,1,5900
5901,1,5901
5902,1,5902
5903,1,5903
5904,1,5904
5905,1,5905
5906,1,5906
5907,1,5907
5908,1,5908
5909,1,5909
5910,1,5910
5911,1,5911
5912,1,5912
5913,1,5913
5914,1,5914
5915,1,5915
5916,1,5916
5917,1,5917
5918,1,5918
5919,1,5919
5920,1,5920
5921,1,5921
5922,1,5922
5923,1,5923
5924,1,5924
5925,1,5925
5926,1,5926
5927,1,5927
5928,1,5928
5929,1,5929
5930,1,5930
5931,1,5931
5932,1,5932
5933,1,5933
5934,1,5934
5935,1,5935
5936,1,5936
5937,1,5937
5938,1,5938
5939,1,5939
5940,1,5940
5941,1,5941
5942,1,5942
5943,1,5943
5944,1,5944
5945,1,5945
5946,1,5946
5947,1,5947
5948,1,5948
5949,1,5949
5950,1,5950
5951,1,5951
5952,1,5952
5953,1,5953
5954,1,5954
5955,1,5955
5956,1,5956
5957,1,5957
5958,1,5958
5959,1,5959
5960,1,5960
5961,1,5961
5962,1,5962
5963,1,5963
5964,1,5964
5965,1,5965
5966,1,5966
5967,1,5967
5968,1,5968
5969,1,5969
5970,1,5970
5971,1,5971
5972,1,5972
5973,1,5973
5974,1,5974
5975,1,5975
5976,1,5976
5977,1,5977
5978,1,5978
5979,1,5979
5980,1,5980
5981,1,5981
5982,1,5982
5983,1,5983
5984,1,5984
5985,1,5985
5986,1,5986
5987,1,5987
5988,1,5988
5989,1,5989
5990,1,5990
5991,1,5991
5992,1,5992
5993,1,5993
5994,1,5994
5995,1,5995
5996,1,5996
5997,1,5997
5998,1,5998
5999,1,5999
6000,1,6000
6001,1,6001
6002,1,6002
6003,1,6003
6004,1,6004
6005,1,6005
6006,1,6006
6007,1,6007
6008,1,6008
6009,1,6009
6010,1,6010
6011,1,6011
6012,1,6012
6013,1,6013
6014,1,6014
6015,1,6015
6016,1,6016
6017,1,6017
6018,1,6018
6019,1,6019
6020,1,6020
6021,1,6021
6022,1,6022
6023,1,6023
6024,1,6024
6025,1,6025
6026,1,6026
6027,1,6027
6028,1,6028
6029,1,6029
6030,1,6030
6031,1,6031
6032,1,6032
6033,1,6033
6034,1,6034
6035,1,6035
6036,1,6036
6037,1,6037
6038,1,6038
6039,1,6039
6040,1,6040
6041,1,6041
6042,1,6042
6043,1,6043
6044,1,6044
6045,1,6045
6046,1,6046
6047,1,6047
6048,1,6048
6049,1,6049
6050,1,6050
6051,1,6051
6052,1,6052
6053,1,6053
6054,1,6054
6055,1,6055
6056,1,6056
6057,1,6057
6058,1,6058
6059,1,6059
6060,1,6060
6061,1,6061
6062,1,6062
6063,1,6063
6064,1,6064
6065,1,6065
6066,1,6066
6067,1,6067
6068,1,6068
6069,1,6069
6070,1,6070
6071,1,6071
6072,1,6072
6073,1,6073
6074,1,6074
6075,1,6075
6076,1,6076
6077,1,6077
6078,1,6078
6079,1,6079
6080,1,6080
6081,1,6081
6082,1,6082
6083,1,6083
6084,1,6084
6085,1,6085
6086,1,6086
6087,1,6087
6088,1,6088
6089,1,6089
6090,1,6090
6091,1,6091
6092,1,6092
6093,1,6093
6094,1,6094
6095,1,6095
6096,1,6096
6097,1,6097
6098,1,6098
6099,1,6099
6100,1,6100
6101,1,6101
6102,1,6102
6103,1,6103
6104,1,6104
6105,1,6105
6106,1,6106
6107,1,6107
6108,1,6108
6109,1,6109
6110,1,6110
6111,1,6111
6112,1,6112
6113,1,6113
6114,1,6114
6115,1,6115
6116,1,6116
6117,1,6117
6118,1,6118
6119,1,6119
6120,1,6120
6121,1,6121
6122,1,6122
6123,1,6123
6124,1,6124
6125,1,6125
6126,1,6126
6127,1,6127
6128,1,6128
6129,1,6129
6130,1,6130
6131,1,6131
6132,1,6132
6133,1,6133
6134,1,6134
6135,1,6135
6136,1,6136
6137,1,6137
6138,1,6138
6139,1,6139
6140,1,6140
6141,1,6141
6142,1,6142
6143,1,6143
6144,1,6144
6145,1,6145
6146,1,6146
6147,1,6147
6148,1,6148
6149,1,6149
6150,1,6150
6151,1,6151
6152,1,6152
6153,1,6153
6154,1,6154
6155,1,6155
6156,1,6156
6157,1,6157
6158,1,6158
6159,1,6159
6160,1,6160
6161,1,6161
6162,1,6162
6163,1,6163
6164,1,6164
6165,1,6165
6166,1,6166
6167,1,6167
6168,1,6168
6169,1,6169
6170,1,6170
6171,1,6171
6172,1,6172
6173,1,6173
6174,1,6174
6175,1,6175
6176,1,6176
6177,1,6177
6178,1,6178
6179,1,6179
6180,1,6180
6181,1,6181
6182,1,6182
6183,1,6183
6184,1,6184
6185,1,6185
6186,1,6186
6187,1,6187
6188,1,6188
6189,1,6189
6190,1,6190
6191,1,6191
6192,1,6192
6193,1,6193
6194,1,6194
6195,1,6195
6196,1,6196
6197,1,6197
6198,1,6198
6199,1,6199
6200,1,6200
6201,1,6201
6202,1,6202
6203,1,6203
6204,1,6204
6205,1,6205
6206,1,6206
6207,1,6207
6208,1,6208
6209,1,6209
6210,1,6210
6211,1,6211
6212,1,6212
6213,1,6213
6214,1,6214
6215,1,6215
6216,1,6216
6217,1,6217
6218,1,6218
6219,1,6219
6220,1,6220
6221,1,6221
6222,1,6222
6223,1,6223
6224,1,6224
6225,1,6225
6226,1,6226
6227,1,6227
6228,1,6228
6229,1,6229
6230,1,6230
6231,1,6231
6232,1,6232
6233,1,6233
6234,1,6234
6235,1,6235
6236,1,6236
6237,1,6237
6238,1,6238
6239,1,6239
6240,1,6240
6241,1,6241
6242,1,6242
6243,1,6243
6244,1,6244
6245,1,6245
6246,1,6246
6247,1,6247
6248,1,6248
6249,1,6249
6250,1,6250
6251,1,6251
6252,1,6252
6253,1,6253
6254,1,6254
6255,1,6255
6256,1,6256
6257,1,6257
6258,1,6258
6259,1,6259
6260,1,6260
6261,1,6261
6262,1,6262
6263,1,6263
6264,1,6264
6265,1,6265
6266,1,6266
6267,1,6267
6268,1,6268
6269,1,6269
6270,1,6270
6271,1,6271
6272,1,6272
6273,1,6273
6274,1,6274
6275,1,6275
6276,1,6276
6277,1,6277
6278,1,6278
6279,1,6279
6280,1,6280
6281,1,6281
6282,1,6282
6283,1,6283
6284,1,6284
6285,1,6285
6286,1,6286
6287,1,6287
6288,1,6288
6289,1,6289
6290,1,6290
6291,1,6291
6292,1,6292
6293,1,6293
6294,1,6294
6295,1,6295
6296,1,6296
6297,1,6297
6298,1,6298
6299,1,6299
6300,1,6300
6301,1,6301
6302,1,6302
6303,1,6303
6304,1,6304
6305,1,6305
6306,1,6306
6307,1,6307
6308,1,6308
6309,1,6309
6310,1,6310
6311,1,6311
6312,1,6312
6313,1,6313
6314,1,6314
6315,1,6315
6316,1,6316
6317,1,6317
6318,1,6318
6319,1,6319
6320,1,6320
6321,1,6321
6322,1,6322
6323,1,6323
6324,1,6324
6325,1,6325
6326,1,6326
6327,1,6327
6328,1,6328
6329,1,6329
6330,1,6330
6331,1,6331
6332,1,6332
6333,1,6333
6334,1,6334
6335,1,6335
6336,1,6336
6337,1,6337
6338,1,6338
6339,1,6339
6340,1,6340
6341,1,6341
6342,1,6342
6343,1,6343
6344,1,6344
6345,1,6345
6346,1,6346
6347,1,6347
6348,1,6348
6349,1,6349
6350,1,6350
6351,1,6351
6352,1,6352
6353,1,6353
6354,1,6354
6355,1,6355
6356,1,6356
6357,1,6357
6358,1,6358
6359,1,6359
6360,1,6360
6361,1,6361
6362,1,6362
6363,1,6363
6364,1,6364
6365,1,6365
6366,1,6366
6367,1,6367
6368,1,6368
6369,1,6369
6370,1,6370
6371,1,6371
6372,1,6372
6373,1,6373
6374,1,6374
6375,1,6375
6376,1,6376
6377,1,6377
6378,1,6378
6379,1,6379
6380,1,6380
6381,1,6381
6382,1,6382
6383,1,6383
6384,1,6384
6385,1,6385
6386,1,6386
6387,1,6387
6388,1,6388
6389,1,6389
6390,1,6390
6391,1,6391
6392,1,6392
6393,1,6393
6394,1,6394
6395,1,6395
6396,1,6396
6397,1,6397
6398,1,6398
6399,1,6399
6400,1,6400
6401,1,6401
6402,1,6402
6403,1,6403
6404,1,6404
6405,1,6405
6406,1,6406
6407,1,6407
6408,1,6408
6409,1,6409
6410,1,6410
6411,1,6411
6412,1,6412
6413,1,6413
6414,1,6414
6415,1,6415
6416,1,6416
6417,1,6417
6418,1,6418
6419,1,6419
6420,1,6420
6421,1,6421
6422,1,6422
6423,1,6423
6424,1,6424
6425,1,6425
6426,1,6426
6427,1,6427
6428,1,6428
6429,1,6429
6430,1,6430
6431,1,6431
6432,1,6432
6433,1,6433
6434,1,6434
6435,1,6435
6436,1,6436
6437,1,6437
6438,1,6438
6439,1,6439
6440,1,6440
6441,1,6441
6442,1,6442
6443,1,6443
6444,1,6444
6445,1,6445
6446,1,6446
6447,1,6447
6448,1,6448
6449,1,6449
6450,1,6450
6451,1,6451
6452,1,6452
6453,1,6453
6454,1,6454
6455,1,6455
6456,1,6456
6457,1,6457
6458,1,6458
6459,1,6459
6460,1,6460
6461,1,6461
6462,1,6462
6463,1,6463
6464,1,6464
6465,1,6465
6466,1,6466
6467,1,6467
6468,1,6468
6469,1,6469
6470,1,6470
6471,1,6471
6472,1,6472
6473,1,6473
6474,1,6474
6475,1,6475
6476,1,6476
6477,1,6477
6478,1,6478
6479,1,6479
6480,1,6480
6481,1,6481
6482,1,6482
6483,1,6483
6484,1,6484
6485,1,6485
6486,1,6486
6487,1,6487
6488,1,6488
6489,1,6489
6490,1,6490
6491,1,6491
6492,1,6492
6493,1,6493
6494,1,6494
6495,1,6495
6496,1,6496
6497,1,6497
6498,1,6498
6499,1,6499
6500,1,6500
6501,1,6501
6502,1,6502
6503,1,6503
6504,1,6504
6505,1,6505
6506,1,6506
6507,1,6507
6508,1,6508
6509,1,6509
6510,1,6510
6511,1,6511
6512,1,6512
6513,1,6513
6514,1,6514
6515,1,6515
6516,1,6516
6517,1,6517
6518,1,6518
6519,1,6519
6520,1,6520
6521,1,6521
6522,1,6522
6523,1,6523
6524,1,6524
6525,1,6525
6526,1,6526
6527,1,6527
6528,1,6528
6529,1,6529
6530,1,6530
6531,1,6531
6532,1,6532
6533,1,6533
6534,1,6534
6535,1,6535
6536,1,6536
6537,1,6537
6538,1,6538
6539,1,6539
6540,1,6540
6541,1,6541
6542,1,6542
6543,1,6543
6544,1,6544
6545,1,6545
6546,1,6546
6547,1,6547
6548,1,6548
6549,1,6549
6550,1,6550
6551,1,6551
6552,1,6552
6553,1,6553
6554,1,6554
6555,1,6555
6556,1,6556
6557,1,6557
6558,1,6558
6559,1,6559
6560,1,6560
6561,1,6561
6562,1,6562
6563,1,6563
6564,1,6564
6565,1,6565
6566,1,6566
6567,1,6567
6568,1,6568
6569,1,6569
6570,1,6570
6571,1,6571
6572,1,6572
6573,1,6573
6574,1,6574
6575,1,6575
6576,1,6576
6577,1,6577
6578,1,6578
6579,1,6579
6580,1,6580
6581,1,6581
6582,1,6582
6583,1,6583
6584,1,6584
6585,1,6585
6586,1,6586
6587,1,6587
6588,1,6588
6589,1,6589
6590,1,6590
6591,1,6591
6592,1,6592
6593,1,6593
6594,1,6594
6595,1,6595
6596,1,6596
6597,1,6597
6598,1,6598
6599,1,6599
6600,1,6600
6601,1,6601
6602,1,6602
6603,1,6603
6604,1,6604
6605,1,6605
6606,1,6606
6607,1,6607
6608,1,6608
6609,1,6609
6610,1,6610
6611,1,6611
6612,1,6612
6613,1,6613
6614,1,6614
6615,1,6615
6616,1,6616
6617,1,6617
6618,1,6618
6619,1,6619
6620,1,6620
6621,1,6621
6622,1,6622
6623,1,6623
6624,1,6624
6625,1,6625
6626,1,6626
6627,1,6627
6628,1,6628
6629,1,6629
6630,1,6630
6631,1,6631
6632,1,6632
6633,1,6633
6634,1,6634
6635,1,6635
6636,1,6636
6637,1,6637
6638,1,6638
6639,1,6639
6640,1,6640
6641,1,6641
6642,1,6642
6643,1,6643
6644,1,6644
6645,1,6645
6646,1,6646
6647,1,6647
6648,1,6648
6649,1,6649
6650,1,6650
6651,1,6651
6652,1,6652
6653,1,6653
6654,1,6654
6655,1,6655
6656,1,6656
6657,1,6657
6658,1,6658
6659,1,6659
6660,1,6660
6661,1,6661
6662,1,6662
6663,1,6663
6664,1,6664
6665,1,6665
6666,1,6666
6667,1,6667
6668,1,6668
6669,1,6669
6670,1,6670
6671,1,6671
6672,1,6672
6673,1,6673
6674,1,6674
6675,1,6675
6676,1,6676
6677,1,6677
6678,1,6678
6679,1,6679
6680,1,6680
6681,1,6681
6682,1,6682
6683,1,6683
6684,1,6684
6685,1,6685
6686,1,6686
6687,1,6687
6688,1,6688
6689,1,6689
6690,1,6690
6691,1,6691
6692,1,6692
6693,1,6693
6694,1,6694
6695,1,6695
6696,1,6696
6697,1,6697
6698,1,6698
6699,1,6699
6700,1,6700
6701,1,6701
6702,1,6702
6703,1,6703
6704,1,6704
6705,1,6705
6706,1,6706
6707,1,6707
6708,1,6708
6709,1,6709
6710,1,6710
6711,1,6711
6712,1,6712
6713,1,6713
6714,1,6714
6715,1,6715
6716,1,6716
6717,1,6717
6718,1,6718
6719,1,6719
6720,1,6720
6721,1,6721
6722,1,6722
6723,1,6723
6724,1,6724
6725,1,6725
6726,1,6726
6727,1,6727
6728,1,6728
6729,1,6729
6730,1,6730
6731,1,6731
6732,1,6732
6733,1,6733
6734,1,6734
6735,1,6735
6736,1,6736
6737,1,6737
6738,1,6738
6739,1,6739
6740,1,6740
6741,1,6741
6742,1,6742
6743,1,6743
6744,1,6744
6745,1,6745
6746,1,6746
6747,1,6747
6748,1,6748
6749,1,6749
6750,1,6750
6751,1,6751
6752,1,6752
6753,1,6753
6754,1,6754
6755,1,6755
6756,1,6756
6757,1,6757
6758,1,6758
6759,1,6759
6760,1,6760
6761,1,6761
6762,1,6762
6763,1,6763
6764,1,6764
6765,1,6765
6766,1,6766
6767,1,6767
6768,1,6768
6769,1,6769
6770,1,6770
6771,1,6771
6772,1,6772
6773,1,6773
6774,1,6774
6775,1,6775
6776,1,6776
6777,1,6777
6778,1,6778
6779,1,6779
6780,1,6780
6781,1,6781
6782,1,6782
6783,1,6783
6784,1,6784
6785,1,6785
6786,1,6786
6787,1,6787
6788,1,6788
6789,1,6789
6790,1,6790
6791,1,6791
6792,1,6792
6793,1,6793
6794,1,6794
6795,1,6795
6796,1,6796
6797,1,6797
6798,1,6798
6799,1,6799
6800,1,6800
6801,1,6801
6802,1,6802
6803,1,6803
6804,1,6804
6805,1,6805
6806,1,6806
6807,1,6807
6808,1,6808
6809,1,6809
6810,1,6810
6811,1,6811
6812,1,6812
6813,1,6813
6814,1,6814
6815,1,6815
6816,1,6816
6817,1,6817
6818,1,6818
6819,1,6819
6820,1,6820
6821,1,6821
6822,1,6822
6823,1,6823
6824,1,6824
6825,1,6825
6826,1,6826
6827,1,6827
6828,1,6828
6829,1,6829
6830,1,6830
6831,1,6831
6832,1,6832
6833,1,6833
6834,1,6834
6835,1,6835
6836,1,6836
6837,1,6837
6838,1,6838
6839,1,6839
6840,1,6840
6841,1,6841
6842,1,6842
6843,1,6843
6844,1,6844
6845,1,6845
6846,1,6846
6847,1,6847
6848,1,6848
6849,1,6849
6850,1,6850
6851,1,6851
6852,1,6852
6853,1,6853
6854,1,6854
6855,1,6855
6856,1,6856
6857,1,6857
6858,1,6858
6859,1,6859
6860,1,6860
6861,1,6861
6862,1,6862
6863,1,6863
6864,1,6864
6865,1,6865
6866,1,6866
6867,1,6867
6868,1,6868
6869,1,6869
6870,1,6870
6871,1,6871
6872,1,6872
6873,1,6873
6874,1,6874
6875,1,6875
6876,1,6876
6877,1,6877
6878,1,6878
6879,1,6879
6880,1,6880
6881,1,6881
6882,1,6882
6883,1,6883
6884,1,6884
6885,1,6885
6886,1,6886
6887,1,6887
6888,1,6888
6889,1,6889
6890,1,6890
6891,1,6891
6892,1,6892
6893,1,6893
6894,1,6894
6895,1,6895
6896,1,6896
6897,1,6897
6898,1,6898
6899,1,6899
6900,1,6900
6901,1,6901
6902,1,6902
6903,1,6903
6904,1,6904
6905,1,6905
6906,1,6906
6907,1,6907
6908,1,6908
6909,1,6909
6910,1,6910
6911,1,6911
6912,1,6912
6913,1,6913
6914,1,6914
6915,1,6915
6916,1,6916
6917,1,6917
6918,1,6918
6919,1,6919
6920,1,6920
6921,1,6921
6922,1,6922
6923,1,6923
6924,1,6924
6925,1,6925
6926,1,6926
6927,1,6927
6928,1,6928
6929,1,6929
6930,1,6930
6931,1,6931
6932,1,6932
6933,1,6933
6934,1,6934
6935,1,6935
6936,1,6936
6937,1,6937
6938,1,6938
6939,1,6939
6940,1,6940
6941,1,6941
6942,1,6942
6943,1,6943
6944,1,6944
6945,1,6945
6946,1,6946
6947,1,6947
6948,1,6948
6949,1,6949
6950,1,6950
6951,1,6951
6952,1,6952
6953,1,6953
6954,1,6954
6955,1,6955
6956,1,6956
6957,1,6957
6958,1,6958
6959,1,6959
6960,1,6960
6961,1,6961
6962,1,6962
6963,1,6963
6964,1,6964
6965,1,6965
6966,1,6966
6967,1,6967
6968,1,6968
6969,1,6969
6970,1,6970
6971,1,6971
6972,1,6972
6973,1,6973
6974,1,6974
6975,1,6975
6976,1,6976
6977,1,6977
6978,1,6978
6979,1,6979
6980,1,6980
6981,1,6981
6982,1,6982
6983,1,6983
6984,1,6984
6985,1,6985
6986,1,6986
6987,1,6987
6988,1,6988
6989,1,6989
6990,1,6990
6991,1,6991
6992,1,6992
6993,1,6993
6994,1,6994
6995,1,6995
6996,1,6996
6997,1,6997
6998,1,6998
6999,1,6999
7000,1,7000
7001,1,7001
7002,1,7002
7003,1,7003
7004,1,7004
7005,1,7005
7006,1,7006
7007,1,7007
7008,1,7008
7009,1,7009
7010,1,7010
7011,1,7011
7012,1,7012
7013,1,7013
7014,1,7014
7015,1,7015
7016,1,7016
7017,1,7017
7018,1,7018
7019,1,7019
7020,1,7020
7021,1,7021
7022,1,7022
7023,1,7023
7024,1,7024
7025,1,7025
7026,1,7026
7027,1,7027
7028,1,7028
7029,1,7029
7030,1,7030
7031,1,7031
7032,1,7032
7033,1,7033
7034,1,7034
7035,1,7035
7036,1,7036
7037,1,7037
7038,1,7038
7039,1,7039
7040,1,7040
7041,1,7041
7042,1,7042
7043,1,7043
7044,1,7044
7045,1,7045
7046,1,7046
7047,1,7047
7048,1,7048
7049,1,7049
7050,1,7050
7051,1,7051
7052,1,7052
7053,1,7053
7054,1,7054
7055,1,7055
7056,1,7056
7057,1,7057
7058,1,7058
7059,1,7059
7060,1,7060
7061,1,7061
7062,1,7062
7063,1,7063
7064,1,7064
7065,1,7065
7066,1,7066
7067,1,7067
7068,1,7068
7069,1,7069
7070,1,7070
7071,1,7071
7072,1,7072
7073,1,7073
7074,1,7074
7075,1,7075
7076,1,7076
7077,1,7077
7078,1,7078
7079,1,7079
7080,1,7080
7081,1,7081
7082,1,7082
7083,1,7083
7084,1,7084
7085,1,7085
7086,1,7086
7087,1,7087
7088,1,7088
7089,1,7089
7090,1,7090
7091,1,7091
7092,1,7092
7093,1,7093
7094,1,7094
7095,1,7095
7096,1,7096
7097,1,7097
7098,1,7098
7099,1,7099
7100,1,7100
7101,1,7101
7102,1,7102
7103,1,7103
7104,1,7104
7105,1,7105
7106,1,7106
7107,1,7107
7108,1,7108
7109,1,7109
7110,1,7110
7111,1,7111
7112,1,7112
7113,1,7113
7114,1,7114
7115,1,7115
7116,1,7116
7117,1,7117
7118,1,7118
7119,1,7119
7120,1,7120
7121,1,7121
7122,1,7122
7123,1,7123
7124,1,7124
7125,1,7125
7126,1,7126
7127,1,7127
7128,1,7128
7129,1,7129
7130,1,7130
7131,1,7131
7132,1,7132
7133,1,7133
7134,1,7134
7135,1,7135
7136,1,7136
7137,1,7137
7138,1,7138
7139,1,7139
7140,1,7140
7141,1,7141
7142,1,7142
7143,1,7143
7144,1,7144
7145,1,7145
7146,1,7146
7147,1,7147
7148,1,7148
7149,1,7149
7150,1,7150
7151,1,7151
7152,1,7152
7153,1,7153
7154,1,7154
7155,1,7155
7156,1,7156
7157,1,7157
7158,1,7158
7159,1,7159
7160,1,7160
7161,1,7161
7162,1,7162
7163,1,7163
7164,1,7164
7165,1,7165
7166,1,7166
7167,1,7167
7168,1,7168
7169,1,7169
7170,1,7170
7171,1,7171
7172,1,7172
7173,1,7173
7174,1,7174
7175,1,7175
7176,1,7176
7177,1,7177
7178,1,7178
7179,1,7179
7180,1,7180
7181,1,7181
7182,1,7182
7183,1,7183
7184,1,7184
7185,1,7185
7186,1,7186
7187,1,7187
7188,1,7188
7189,1,7189
7190,1,7190
7191,1,7191
7192,1,7192
7193,1,7193
7194,1,7194
7195,1,7195
7196,1,7196
7197,1,7197
7198,1,7198
7199,1,7199
7200,1,7200
7201,1,7201
7202,1,7202
7203,1,7203
7204,1,7204
7205,1,7205
7206,1,7206
7207,1,7207
7208,1,7208
7209,1,7209
7210,1,7210
7211,1,7211
7212,1,7212
7213,1,7213
7214,1,7214
7215,1,7215
7216,1,7216
7217,1,7217
7218,1,7218
7219,1,7219
7220,1,7220
7221,1,7221
7222,1,7222
7223,1,7223
7224,1,7224
7225,1,7225
7226,1,7226
7227,1,7227
7228,1,7228
7229,1,7229
7230,1,7230
7231,1,7231
7232,1,7232
7233,1,7233
7234,1,7234
7235,1,7235
7236,1,7236
7237,1,7237
7238,1,7238
7239,1,7239
7240,1,7240
7241,1,7241
7242,1,7242
7243,1,7243
7244,1,7244
7245,1,7245
7246,1,7246
7247,1,7247
7248,1,7248
7249,1,7249
7250,1,7250
7251,1,7251
7252,1,7252
7253,1,7253
7254,1,7254
7255,1,7255
7256,1,7256
7257,1,7257
7258,1,7258
7259,1,7259
7260,1,7260
7261,1,7261
7262,1,7262
7263,1,7263
7264,1,7264
7265,1,7265
7266,1,7266
7267,1,7267
7268,1,7268
7269,1,7269
7270,1,7270
7271,1,7271
7272,1,7272
7273,1,7273
7274,1,7274
7275,1,7275
7276,1,7276
7277,1,7277
7278,1,7278
7279,1,7279
7280,1,7280
7281,1,7281
7282,1,7282
7283,1,7283
7284,1,7284
7285,1,7285
7286,1,7286
7287,1,7287
7288,1,7288
7289,1,7289
7290,1,7290
7291,1,7291
7292,1,7292
7293,1,7293
7294,1,7294
7295,1,7295
7296,1,7296
7297,1,7297
7298,1,7298
7299,1,7299
7300,1,7300
7301,1,7301
7302,1,7302
7303,1,7303
7304,1,7304
7305,1,7305
7306,1,7306
7307,1,7307
7308,1,7308
7309,1,7309
7310,1,7310
7311,1,7311
7312,1,7312
7313,1,7313
7314,1,7314
7315,1,7315
7316,1,7316
7317,1,7317
7318,1,7318
7319,1,7319
7320,1,7320
7321,1,7321
7322,1,7322
7323,1,7323
7324,1,7324
7325,1,7325
7326,1,7326
7327,1,7327
7328,1,7328
7329,1,7329
7330,1,7330
7331,1,7331
7332,1,7332
7333,1,7333
7334,1,7334
7335,1,7335
7336,1,7336
7337,1,7337
7338,1,7338
7339,1,7339
7340,1,7340
7341,1,7341
7342,1,7342
7343,1,7343
7344,1,7344
7345,1,7345
7346,1,7346
7347,1,7347
7348,1,7348
7349,1,7349
7350,1,7350
7351,1,7351
7352,1,7352
7353,1,7353
7354,1,7354
7355,1,7355
7356,1,7356
7357,1,7357
7358,1,7358
7359,1,7359
7360,1,7360
7361,1,7361
7362,1,7362
7363,1,7363
7364,1,7364
7365,1,7365
7366,1,7366
7367,2,14734
7368,2,14736
7369,2,14738
7370,2,14740
7371,2,14742
7372,2,14744
7373,2,14746
7374,2,14748
7375,2,14750
7376,2,14752
7377,2,14754
7378,2,14756
7379,2,14758
7380,2,14760
7381,2,14762
7382,2,14764
7383,2,14766
7384,2,14768
7385,2,14770
7386,2,14772
7387,2,14774
7388,2,14776
7389,2,14778
7390,2,14780
7391,2,14782
7392,2,14784
7393,2,14786
7394,2,14788
7395,2,14790
7396,2,14792
7397,2,14794
7398,2,14796
7399,2,14798
7400,2,14800
7401,2,14802
7402,2,14804
7403,2,14806
7404,2,14808
7405,2,14810
7406,2,14812
7407,2,14814
7408,2,14816
7409,2,14818
7410,2,14820
7411,2,14822
7412,2,14824
7413,2,14826
7414,2,14828
7415,2,14830
7416,2,14832
7417,2,14834
7418,2,14836
7419,2,14838
7420,2,14840
7421,2,14842
7422,2,14844
7423,2,14846
7424,2,14848
7425,2,14850
7426,2,14852
7427,2,14854
7428,2,14856
7429,2,14858
7430,2,14860
7431,2,14862
7432,2,14864
7433,2,14866
7434,2,14868
7435,2,14870
7436,2,14872
7437,2,14874
7438,2,14876
7439,2,14878
7440,2,14880
7441,2,14882
7442,2,14884
7443,2,14886
7444,2,14888
7445,2,14890
7446,2,14892
7447,2,14894
7448,2,14896
7449,2,14898
7450,2,14900
7451,2,14902
7452,2,14904
7453,2,14906
7454,2,14908
7455,2,14910
7456,2,14912
7457,2,14914
7458,2,14916
7459,2,14918
7460,2,14920
7461,2,14922
7462,2,14924
7463,2,14926
7464,2,14928
7465,2,14930
7466,2,14932
7467,2,14934
7468,2,14936
7469,2,14938
7470,2,14940
7471,2,14942
7472,2,14944
7473,2,14946
7474,2,14948
7475,2,14950
7476,2,14952
7477,2,14954
7478,2,14956
7479,2,14958
7480,2,14960
7481,2,14962
7482,2,14964
7483,2,14966
7484,2,14968
7485,2,14970
7486,2,14972
7487,2,14974
7488,2,14976
7489,2,14978
7490,2,14980
7491,2,14982
7492,2,14984
7493,2,14986
7494,2,14988
7495,2,14990
7496,2,14992
7497,2,14994
7498,2,14996
7499,2,14998
7500,2,15000
7501,2,15002
7502,2,15004
7503,2,15006
7504,2,15008
7505,2,15010
7506,2,15012
7507,2,15014
7508,2,15016
7509,2,15018
7510,2,15020
7511,2,15022
7512,2,15024
7513,2,15026
7514,2,15028
7515,2,15030
7516,2,15032
7517,2,15034
7518,2,15036
7519,2,15038
7520,2,15040
7521,2,15042
7522,2,15044
7523,2,15046
7524,2,15048
7525,2,15050
7526,2,15052
7527,2,15054
7528,2,15056
7529,2,15058
7530,2,15060
7531,2,15062
7532,2,15064
7533,2,15066
7534,2,15068
7535,2,15070
7536,2,15072
7537,2,15074
7538,2,15076
7539,2,15078
7540,2,15080
7541,2,15082
7542,2,15084
7543,2,15086
7544,2,15088
7545,2,15090
7546,2,15092
7547,2,15094
7548,2,15096
7549,2,15098
7550,2,15100
7551,2,15102
7552,2,15104
7553,2,15106
7554,2,15108
7555,2,15110
7556,2,15112
7557,2,15114
7558,2,15116
7559,2,15118
7560,2,15120
7561,2,15122
7562,2,15124
7563,2,15126
7564,2,15128
7565,2,15130
7566,2,15132
7567,2,15134
7568,2,15136
7569,2,15138
7570,2,15140
7571,2,15142
7572,2,15144
7573,2,15146
7574,2,15148
7575,2,15150
7576,2,15152
7577,2,15154
7578,2,15156
7579,2,15158
7580,2,15160
7581,2,15162
7582,2,15164
7583,2,15166
7584,2,15168
7585,2,15170
7586,2,15172
7587,2,15174
7588,2,15176
7589,2,15178
7590,2,15180
7591,2,15182
7592,2,15184
7593,2,15186
7594,2,15188
7595,2,15190
7596,2,15192
7597,2,15194
7598,2,15196
7599,2,15198
7600,2,15200
7601,2,15202
7602,2,15204
7603,2,15206
7604,2,15208
7605,2,15210
7606,2,15212
7607,2,15214
7608,2,15216
7609,2,15218
7610,2,15220
7611,2,15222
7612,2,15224
7613,2,15226
7614,2,15228
7615,2,15230
7616,2,15232
7617,2,15234
7618,2,15236
7619,2,15238
7620,2,15240
7621,2,15242
7622,2,15244
7623,2,15246
7624,2,15248
7625,2,15250
7626,2,15252
7627,2,15254
7628,2,15256
7629,2,15258
7630,2,15260
7631,2,15262
7632,2,15264
7633,2,15266
7634,2,15268
7635,2,15270
7636,2,15272
7637,2,15274
7638,2,15276
7639,2,15278
7640,2,15280
7641,2,15282
7642,2,15284
7643,2,15286
7644,2,15288
7645,2,15290
7646,2,15292
7647,2,15294
7648,2,15296
7649,2,15298
7650,2,15300
7651,2,15302
7652,2,15304
7653,2,15306
7654,2,15308
7655,2,15310
7656,2,15312
7657,2,15314
7658,2,15316
7659,2,15318
7660,2,15320
7661,2,15322
7662,2,15324
7663,2,15326
7664,2,15328
7665,2,15330
7666,2,15332
7667,2,15334
7668,2,15336
7669,2,15338
7670,2,15340
7671,2,15342
7672,2,15344
7673,2,15346
7674,2,15348
7675,2,15350
7676,2,15352
7677,2,15354
7678,2,15356
7679,2,15358
7680,2,15360
7681,2,15362
7682,2,15364
7683,2,15366
7684,2,15368
7685,2,15370
7686,2,15372
7687,2,15374
7688,2,15376
7689,2,15378
7690,2,15380
7691,2,15382
7692,2,15384
7693,2,15386
7694,2,15388
7695,2,15390
7696,2,15392
7697,2,15394
7698,2,15396
7699,2,15398
7700,2,15400
7701,2,15402
7702,2,15404
7703,2,15406
7704,2,15408
7705,2,15410
7706,2,15412
7707,2,15414
7708,2,15416
7709,2,15418
7710,2,15420
7711,2,15422
7712,2,15424
7713,2,15426
7714,2,15428
7715,2,15430
7716,2,15432
7717,2,15434
7718,2,15436
7719,2,15438
7720,2,15440
7721,2,15442
7722,2,15444
7723,2,15446
7724,2,15448
7725,2,15450
7726,2,15452
7727,2,15454
7728,2,15456
7729,2,15458
7730,2,15460
7731,2,15462
7732,2,15464
7733,2,15466
7734,2,15468
7735,2,15470
7736,2,15472
7737,2,15474
7738,2,15476
7739,2,15478
7740,2,15480
7741,2,15482
7742,2,15484
7743,2,15486
7744,2,15488
7745,2,15490
7746,2,15492
7747,2,15494
7748,2,15496
7749,2,15498
7750,2,15500
7751,2,15502
7752,2,15504
7753,2,15506
7754,2,15508
7755,2,15510
7756,2,15512
7757,2,15514
7758,2,15516
7759,2,15518
7760,2,15520
7761,2,15522
7762,2,15524
7763,2,15526
7764,2,15528
7765,2,15530
7766,2,15532
7767,2,15534
7768,2,15536
7769,2,15538
7770,2,15540
7771,2,15542
7772,2,15544
7773,2,15546
7774,2,15548
7775,2,15550
7776,2,15552
7777,2,15554
7778,2,15556
7779,2,15558
7780,2,15560
7781,2,15562
7782,2,15564
7783,2,15566
7784,2,15568
7785,2,15570
7786,2,15572
7787,2,15574
7788,2,15576
7789,2,15578
7790,2,15580
7791,2,15582
7792,2,15584
7793,2,15586
7794,2,15588
7795,2,15590
7796,2,15592
7797,2,15594
7798,2,15596
7799,2,15598
7800,2,15600
7801,2,15602
7802,2,15604
7803,2,15606
7804,2,15608
7805,2,15610
7806,2,15612
7807,2,15614
7808,2,15616
7809,2,15618
7810,2,15620
7811,2,15622
7812,2,15624
7813,2,15626
7814,2,15628
7815,2,15630
7816,2,15632
7817,2,15634
7818,2,15636
7819,2,15638
7820,2,15640
7821,2,15642
7822,2,15644
7823,2,15646
7824,2,15648
7825,2,15650
7826,2,15652
7827,2,15654
7828,2,15656
7829,2,15658
7830,2,15660
7831,2,15662
7832,2,15664
7833,2,15666
7834,2,15668
7835,2,15670
7836,2,15672
7837,2,15674
7838,2,15676
7839,2,15678
7840,2,15680
7841,2,15682
7842,2,15684
7843,2,15686
7844,2,15688
7845,2,15690
7846,2,15692
7847,2,15694
7848,2,15696
7849,2,15698
7850,2,15700
7851,2,15702
7852,2,15704
7853,2,15706
7854,2,15708
7855,2,15710
7856,2,15712
7857,2,15714
7858,2,15716
7859,2,15718
7860,2,15720
7861,2,15722
7862,2,15724
7863,2,15726
7864,2,15728
7865,2,15730
7866,2,15732
7867,2,15734
7868,2,15736
7869,2,15738
7870,2,15740
7871,2,15742
7872,2,15744
7873,2,15746
7874,2,15748
7875,2,15750
7876,2,15752
7877,2,15754
7878,2,15756
7879,2,15758
7880,2,15760
7881,2,15762
7882,2,15764
7883,2,15766
7884,2,15768
7885,2,15770
7886,2,15772
7887,2,15774
7888,2,15776
7889,2,15778
7890,2,15780
7891,2,15782
7892,2,15784
7893,2,15786
7894,2,15788
7895,2,15790
7896,2,15792
7897,2,15794
7898,2,15796
7899,2,15798
7900,2,15800
7901,2,15802
7902,2,15804
7903,2,15806
7904,2,15808
7905,2,15810
7906,2,15812
7907,2,15814
7908,2,15816
7909,2,15818
7910,2,15820
7911,2,15822
7912,2,15824
7913,2,15826
7914,2,15828
7915,2,15830
7916,2,15832
7917,2,15834
7918,2,15836
7919,2,15838
7920,2,15840
7921,2,15842
7922,2,15844
7923,2,15846
7924,2,15848
7925,2,15850
7926,2,15852
7927,2,15854
7928,2,15856
7929,2,15858
7930,2,15860
7931,2,15862
7932,2,15864
7933,2,15866
7934,2,15868
7935,2,15870
7936,2,15872
7937,2,15874
7938,2,15876
7939,2,15878
7940,2,15880
7941,2,15882
7942,2,15884
7943,2,15886
7944,2,15888
7945,2,15890
7946,2,15892
7947,2,15894
7948,2,15896
7949,2,15898
7950,2,15900
7951,2,15902
7952,2,15904
7953,2,15906
7954,2,15908
7955,2,15910
7956,2,15912
7957,2,15914
7958,2,15916
7959,2,15918
7960,2,15920
7961,2,15922
7962,2,15924
7963,2,15926
7964,2,15928
7965,2,15930
7966,2,15932
7967,2,15934
7968,2,15936
7969,2,15938
7970,2,15940
7971,2,15942
7972,2,15944
7973,2,15946
7974,2,15948
7975,2,15950
7976,2,15952
7977,2,15954
7978,2,15956
7979,2,15958
7980,2,15960
7981,2,15962
7982,2,15964
7983,2,15966
7984,2,15968
7985,2,15970
7986,2,15972
7987,2,15974
7988,2,15976
7989,2,15978
7990,2,15980
7991,2,15982
7992,2,15984
7993,2,15986
7994,2,15988
7995,2,15990
7996,2,15992
7997,2,15994
7998,2,15996
7999,2,15998
8000,2,16000
8001,2,16002
8002,2,16004
8003,2,16006
8004,2,16008
8005,2,16010
8006,2,16012
8007,2,16014
8008,2,16016
8009,2,16018
8010,2,16020
8011,2,16022
8012,2,16024
8013,2,16026
8014,2,16028
8015,2,16030
8016,2,16032
8017,2,16034
8018,2,16036
8019,2,16038
8020,2,16040
8021,2,16042
8022,2,16044
8023,2,16046
8024,2,16048
8025,2,16050
8026,2,16052
8027,2,16054
8028,2,16056
8029,2,16058
8030,2,16060
8031,2,16062
8032,2,16064
8033,2,16066
8034,2,16068
8035,2,16070
8036,2,16072
8037,2,16074
8038,2,16076
8039,2,16078
8040,2,16080
8041,2,16082
8042,2,16084
8043,2,16086
8044,2,16088
8045,2,16090
8046,2,16092
8047,2,16094
8048,2,16096
8049,2,16098
8050,2,16100
8051,2,16102
8052,2,16104
8053,2,16106
8054,2,16108
8055,2,16110
8056,2,16112
8057,2,16114
8058,2,16116
8059,2,16118
8060,2,16120
8061,2,16122
8062,2,16124
8063,2,16126
8064,2,16128
8065,2,16130
8066,2,16132
8067,2,16134
8068,2,16136
8069,2,16138
8070,2,16140
8071,2,16142
8072,2,16144
8073,2,16146
8074,2,16148
8075,2,16150
8076,2,16152
8077,2,16154
8078,2,16156
8079,2,16158
8080,2,16160
8081,2,16162
8082,2,16164
8083,2,16166
8084,2,16168
8085,2,16170
8086,2,16172
8087,2,16174
8088,2,16176
8089,2,16178
8090,2,16180
8091,2,16182
8092,2,16184
8093,2,16186
8094,2,16188
8095,2,16190
8096,2,16192
8097,2,16194
8098,2,16196
8099,2,16198
8100,2,16200
8101,2,16202
8102,2,16204
8103,2,16206
8104,2,16208
8105,2,16210
8106,2,16212
8107,2,16214
8108,2,16216
8109,2,16218
8110,2,16220
8111,2,16222
8112,2,16224
8113,2,16226
8114,2,16228
8115,2,16230
8116,2,16232
8117,2,16234
8118,2,16236
8119,2,16238
8120,2,16240
8121,2,16242
8122,2,16244
8123,2,16246
8124,2,16248
8125,2,16250
8126,2,16252
8127,2,16254
8128,2,16256
8129,2,16258
8130,2,16260
8131,2,16262
8132,2,16264
8133,2,16266
8134,2,16268
8135,2,16270
8136,2,16272
8137,2,16274
8138,2,16276
8139,2,16278
8140,2,16280
8141,2,16282
8142,2,16284
8143,2,16286
8144,2,16288
8145,2,16290
8146,2,16292
8147,2,16294
8148,2,16296
8149,2,16298
8150,2,16300
8151,2,16302
8152,2,16304
8153,2,16306
8154,2,16308
8155,2,16310
8156,2,16312
8157,2,16314
8158,2,16316
8159,2,16318
8160,2,16320
8161,2,16322
8162,2,16324
8163,2,16326
8164,2,16328
8165,2,16330
8166,2,16332
8167,2,16334
8168,2,16336
8169,2,16338
8170,2,16340
8171,2,16342
8172,2,16344
8173,2,16346
8174,2,16348
8175,2,16350
8176,2,16352
8177,2,16354
8178,2,16356
8179,2,16358
8180,2,16360
8181,2,16362
8182,2,16364
8183,2,16366
8184,2,16368
8185,2,16370
8186,2,16372
8187,2,16374
8188,2,16376
8189,2,16378
8190,2,16380
8191,2,16382
8192,2,16384
8193,2,16386
8194,2,16388
8195,2,16390
8196,2,16392
8197,2,16394
8198,2,16396
8199,2,16398
8200,2,16400
8201,2,16402
8202,2,16404
8203,2,16406
8204,2,16408
8205,2,16410
8206,2,16412
8207,2,16414
8208,2,16416
8209,2,16418
8210,2,16420
8211,2,16422
8212,2,16424
8213,2,16426
8214,2,16428
8215,2,16430
8216,2,16432
8217,2,16434
8218,2,16436
8219,2,16438
8220,2,16440
8221,2,16442
8222,2,16444
8223,2,16446
8224,2,16448
8225,2,16450
8226,2,16452
8227,2,16454
8228,2,16456
8229,2,16458
8230,2,16460
8231,2,16462
8232,2,16464
8233,2,16466
8234,2,16468
8235,2,16470
8236,2,16472
8237,2,16474
8238,2,16476
8239,2,16478
8240,2,16480
8241,2,16482
8242,2,16484
8243,2,16486
8244,2,16488
8245,2,16490
8246,2,16492
8247,2,16494
8248,2,16496
8249,2,16498
8250,2,16500
8251,2,16502
8252,2,16504
8253,2,16506
8254,2,16508
8255,2,16510
8256,2,16512
8257,2,16514
8258,2,16516
8259,2,16518
8260,2,16520
8261,2,16522
8262,2,16524
8263,2,16526
8264,2,16528
8265,2,16530
8266,2,16532
8267,2,16534
8268,2,16536
8269,2,16538
8270,2,16540
8271,2,16542
8272,2,16544
8273,2,16546
8274,2,16548
8275,2,16550
8276,2,16552
8277,2,16554
8278,2,16556
8279,2,16558
8280,2,16560
8281,2,16562
8282,2,16564
8283,2,16566
8284,2,16568
8285,2,16570
8286,2,16572
8287,2,16574
8288,2,16576
8289,2,16578
8290,2,16580
8291,2,16582
8292,2,16584
8293,2,16586
8294,2,16588
8295,2,16590
8296,2,16592
8297,2,16594
8298,2,16596
8299,2,16598
8300,2,16600
8301,2,16602
8302,2,16604
8303,2,16606
8304,2,16608
8305,2,16610
8306,2,16612
8307,2,16614
8308,2,16616
8309,2,16618
8310,2,16620
8311,2,16622
8312,2,16624
8313,2,16626
8314,2,16628
8315,2,16630
8316,2,16632
8317,2,16634
8318,2,16636
8319,2,16638
8320,2,16640
8321,2,16642
8322,2,16644
8323,2,16646
8324,2,16648
8325,2,16650
8326,2,16652
8327,2,16654
8328,2,16656
8329,2,16658
8330,2,16660
8331,2,16662
8332,2,16664
8333,2,16666
8334,2,16668
8335,2,16670
8336,2,16672
8337,2,16674
8338,2,16676
8339,2,16678
8340,2,16680
8341,2,16682
8342,2,16684
8343,2,16686
8344,2,16688
8345,2,16690
8346,2,16692
8347,2,16694
8348,2,16696
8349,2,16698
8350,2,16700
8351,2,16702
8352,2,16704
8353,2,16706
8354,2,16708
8355,2,16710
8356,2,16712
8357,2,16714
8358,2,16716
8359,2,16718
8360,2,16720
8361,2,16722
8362,2,16724
8363,2,16726
8364,2,16728
8365,2,16730
8366,2,16732
8367,2,16734
8368,2,16736
8369,2,16738
8370,2,16740
8371,2,16742
8372,2,16744
8373,2,16746
8374,2,16748
8375,2,16750
8376,2,16752
8377,2,16754
8378,2,16756
8379,2,16758
8380,2,16760
8381,2,16762
8382,2,16764
8383,2,16766
8384,2,16768
8385,2,16770
8386,2,16772
8387,2,16774
8388,2,16776
8389,2,16778
8390,2,16780
8391,2,16782
8392,2,16784
8393,2,16786
8394,2,16788
8395,2,16790
8396,2,16792
8397,2,16794
8398,2,16796
8399,2,16798
8400,2,16800
8401,2,16802
8402,2,16804
8403,2,16806
8404,2,16808
8405,2,16810
8406,2,16812
8407,2,16814
8408,2,16816
8409,2,16818
8410,2,16820
8411,2,16822
8412,2,16824
8413,2,16826
8414,2,16828
8415,2,16830
8416,2,16832
8417,2,16834
8418,2,16836
8419,2,16838
8420,2,16840
8421,2,16842
8422,2,16844
8423,2,16846
8424,2,16848
8425,2,16850
8426,2,16852
8427,2,16854
8428,2,16856
8429,2,16858
8430,2,16860
8431,2,16862
8432,2,16864
8433,2,16866
8434,2,16868
8435,2,16870
8436,2,16872
8437,2,16874
8438,2,16876
8439,2,16878
8440,2,16880
8441,2,16882
8442,2,16884
8443,2,16886
8444,2,16888
8445,2,16890
8446,2,16892
8447,2,16894
8448,2,16896
8449,2,16898
8450,2,16900
8451,2,16902
8452,2,16904
8453,2,16906
8454,2,16908
8455,2,16910
8456,2,16912
8457,2,16914
8458,2,16916
8459,2,16918
8460,2,16920
8461,2,16922
8462,2,16924
8463,2,16926
8464,2,16928
8465,2,16930
8466,2,16932
8467,2,16934
8468,2,16936
8469,2,16938
8470,2,16940
8471,2,16942
8472,2,16944
8473,2,16946
8474,2,16948
8475,2,16950
8476,2,16952
8477,2,16954
8478,2,16956
8479,2,16958
8480,2,16960
8481,2,16962
8482,2,16964
8483,2,16966
8484,2,16968
8485,2,16970
8486,2,16972
8487,2,16974
8488,2,16976
8489,2,16978
8490,2,16980
8491,2,16982
8492,2,16984
8493,2,16986
8494,2,16988
8495,2,16990
8496,2,16992
8497,2,16994
8498,2,16996
8499,2,16998
8500,2,17000
8501,2,17002
8502,2,17004
8503,2,17006
8504,2,17008
8505,2,17010
8506,2,17012
8507,2,17014
8508,2,17016
8509,2,17018
8510,2,17020
8511,2,17022
8512,2,17024
8513,2,17026
8514,2,17028
8515,2,17030
8516,2,17032
8517,2,17034
8518,2,17036
8519,2,17038
8520,2,17040
8521,2,17042
8522,2,17044
8523,2,17046
8524,2,17048
8525,2,17050
8526,2,17052
8527,2,17054
8528,2,17056
8529,2,17058
8530,2,17060
8531,2,17062
8532,2,17064
8533,2,17066
8534,2,17068
8535,2,17070
8536,2,17072
8537,2,17074
8538,2,17076
8539,2,17078
8540,2,17080
8541,2,17082
8542,2,17084
8543,2,17086
8544,2,17088
8545,2,17090
8546,2,17092
8547,2,17094
8548,2,17096
8549,2,17098
8550,2,17100
8551,2,17102
8552,2,17104
8553,2,17106
8554,2,17108
8555,2,17110
8556,2,17112
8557,2,17114
8558,2,17116
8559,2,17118
8560,2,17120
8561,2,17122
8562,2,17124
8563,2,17126
8564,2,17128
8565,2,17130
8566,2,17132
8567,2,17134
8568,2,17136
8569,2,17138
8570,2,17140
8571,2,17142
8572,2,17144
8573,2,17146
8574,2,17148
8575,2,17150
8576,2,17152
8577,2,17154
8578,2,17156
8579,2,17158
8580,2,17160
8581,2,17162
8582,2,17164
8583,2,17166
8584,2,17168
8585,2,17170
8586,2,17172
8587,2,17174
8588,2,17176
8589,2,17178
8590,2,17180
8591,2,17182
8592,2,17184
8593,2,17186
8594,2,17188
8595,2,17190
8596,2,17192
8597,2,17194
8598,2,17196
8599,2,17198
8600,2,17200
8601,2,17202
8602,2,17204
8603,2,17206
8604,2,17208
8605,2,17210
8606,2,17212
8607,2,17214
8608,2,17216
8609,2,17218
8610,2,17220
8611,2,17222
8612,2,17224
8613,2,17226
8614,2,17228
8615,2,17230
8616,2,17232
8617,2,17234
8618,2,17236
8619,2,17238
8620,2,17240
8621,2,17242
8622,2,17244
8623,2,17246
8624,2,17248
8625,2,17250
8626,2,17252
8627,2,17254
8628,2,17256
8629,2,17258
8630,2,17260
8631,2,17262
8632,2,17264
8633,2,17266
8634,2,17268
8635,2,17270
8636,2,17272
8637,2,17274
8638,2,17276
8639,2,17278
8640,2,17280
8641,2,17282
8642,2,17284
8643,2,17286
8644,2,17288
8645,2,17290
8646,2,17292
8647,2,17294
8648,2,17296
8649,2,17298
8650,2,17300
8651,2,17302
8652,2,17304
8653,2,17306
8654,2,17308
8655,2,17310
8656,2,17312
8657,2,17314
8658,2,17316
8659,2,17318
8660,2,17320
8661,2,17322
8662,2,17324
8663,2,17326
8664,2,17328
8665,2,17330
8666,2,17332
8667,2,17334
8668,2,17336
8669,2,17338
8670,2,17340
8671,2,17342
8672,2,17344
8673,2,17346
8674,2,17348
8675,2,17350
8676,2,17352
8677,2,17354
8678,2,17356
8679,2,17358
8680,2,17360
8681,2,17362
8682,2,17364
8683,2,17366
8684,2,17368
8685,2,17370
8686,2,17372
8687,2,17374
8688,2,17376
8689,2,17378
8690,2,17380
8691,2,17382
8692,2,17384
8693,2,17386
8694,2,17388
8695,2,17390
8696,2,17392
8697,2,17394
8698,2,17396
8699,2,17398
8700,2,17400
8701,2,17402
8702,2,17404
8703,2,17406
8704,2,17408
8705,2,17410
8706,2,17412
8707,2,17414
8708,2,17416
8709,2,17418
8710,2,17420
8711,2,17422
8712,2,17424
8713,2,17426
8714,2,17428
8715,2,17430
8716,2,17432
8717,2,17434
8718,2,17436
8719,2,17438
8720,2,17440
8721,2,17442
8722,2,17444
8723,2,17446
8724,2,17448
8725,2,17450
8726,2,17452
8727,2,17454
8728,2,17456
8729,2,17458
8730,2,17460
8731,2,17462
8732,2,17464
8733,2,17466
8734,2,17468
8735,2,17470
8736,2,17472
8737,2,17474
8738,2,17476
8739,2,17478
8740,2,17480
8741,2,17482
8742,2,17484
8743,2,17486
8744,2,17488
8745,2,17490
8746,2,17492
8747,2,17494
8748,2,17496
8749,2,17498
8750,2,17500
8751,2,17502
8752,2,17504
8753,2,17506
8754,2,17508
8755,2,17510
8756,2,17512
8757,2,17514
8758,2,17516
8759,2,17518
8760,2,17520
8761,2,17522
8762,2,17524
8763,2,17526
8764,2,17528
8765,2,17530
8766,2,17532
8767,2,17534
8768,2,17536
8769,2,17538
8770,2,17540
8771,2,17542
8772,2,17544
8773,2,17546
8774,2,17548
8775,2,17550
8776,2,17552
8777,2,17554
8778,2,17556
8779,2,17558
8780,2,17560
8781,2,17562
8782,2,17564
8783,2,17566
8784,2,17568
8785,2,17570
8786,2,17572
8787,2,17574
8788,2,17576
8789,2,17578
8790,2,17580
8791,2,17582
8792,2,17584
8793,2,17586
8794,2,17588
8795,2,17590
8796,2,17592
8797,2,17594
8798,2,17596
8799,2,17598
8800,2,17600
8801,2,17602
8802,2,17604
8803,2,17606
8804,2,17608
8805,2,17610
8806,2,17612
8807,2,17614
8808,2,17616
8809,2,17618
8810,2,17620
8811,2,17622
8812,2,17624
8813,2,17626
8814,2,17628
8815,2,17630
8816,2,17632
8817,2,17634
8818,2,17636
8819,2,17638
8820,2,17640
8821,2,17642
8822,2,17644
8823,2,17646
8824,2,17648
8825,2,17650
8826,2,17652
8827,2,17654
8828,2,17656
8829,2,17658
8830,2,17660
8831,2,17662
8832,2,17664
8833,2,17666
8834,2,17668
8835,2,17670
8836,2,17672
8837,2,17674
8838,2,17676
8839,2,17678
8840,2,17680
8841,2,17682
8842,2,17684
8843,2,17686
8844,2,17688
8845,2,17690
8846,2,17692
8847,2,17694
8848,2,17696
8849,2,17698
8850,2,17700
8851,2,17702
8852,2,17704
8853,2,17706
8854,2,17708
8855,2,17710
8856,2,17712
8857,2,17714
8858,2,17716
8859,2,17718
8860,2,17720
8861,2,17722
8862,2,17724
8863,2,17726
8864,2,17728
8865,2,17730
8866,2,17732
8867,2,17734
8868,2,17736
8869,2,17738
8870,2,17740
8871,2,17742
8872,2,17744
8873,2,17746
8874,2,17748
8875,2,17750
8876,2,17752
8877,2,17754
8878,2,17756
8879,2,17758
8880,2,17760
8881,2,17762
8882,2,17764
8883,2,17766
8884,2,17768
8885,2,17770
8886,2,17772
8887,2,17774
8888,2,17776
8889,2,17778
8890,2,17780
8891,2,17782
8892,2,17784
8893,2,17786
8894,2,17788
8895,2,17790
8896,2,17792
8897,2,17794
8898,2,17796
8899,2,17798
8900,2,17800
8901,2,17802
8902,2,17804
8903,2,17806
8904,2,17808
8905,2,17810
8906,2,17812
8907,2,17814
8908,2,17816
8909,2,17818
8910,2,17820
8911,2,17822
8912,2,17824
8913,2,17826
8914,2,17828
8915,2,17830
8916,2,17832
8917,2,17834
8918,2,17836
8919,2,17838
8920,2,17840
8921,2,17842
8922,2,17844
8923,2,17846
8924,2,17848
8925,2,17850
8926,2,17852
8927,2,17854
8928,2,17856
8929,2,17858
8930,2,17860
8931,2,17862
8932,2,17864
8933,2,17866
8934,2,17868
8935,2,17870
8936,2,17872
8937,2,17874
8938,2,17876
8939,2,17878
8940,2,17880
8941,2,17882
8942,2,17884
8943,2,17886
8944,2,17888
8945,2,17890
8946,2,17892
8947,2,17894
8948,2,17896
8949,2,17898
8950,2,17900
8951,2,17902
8952,2,17904
8953,2,17906
8954,2,17908
8955,2,17910
8956,2,17912
8957,2,17914
8958,2,17916
8959,2,17918
8960,2,17920
8961,2,17922
8962,2,17924
8963,2,17926
8964,2,17928
8965,2,17930
8966,2,17932
8967,2,17934
8968,2,17936
8969,2,17938
8970,2,17940
8971,2,17942
8972,2,17944
8973,2,17946
8974,2,17948
8975,2,17950
8976,2,17952
8977,2,17954
8978,2,17956
8979,2,17958
8980,2,17960
8981,2,17962
8982,2,17964
8983,2,17966
8984,2,17968
8985,2,17970
8986,2,17972
8987,2,17974
8988,2,17976
8989,2,17978
8990,2,17980
8991,2,17982
8992,2,17984
8993,2,17986
8994,2,17988
8995,2,17990
8996,2,17992
8997,2,17994
8998,2,17996
8999,2,17998
9000,2,18000
9001,2,18002
9002,2,18004
9003,2,18006
9004,2,18008
9005,2,18010
9006,2,18012
9007,2,18014
9008,2,18016
9009,2,18018
9010,2,18020
9011,2,18022
9012,2,18024
9013,2,18026
9014,2,18028
9015,2,18030
9016,2,18032
9017,2,18034
9018,2,18036
9019,2,18038
9020,2,18040
9021,2,18042
9022,2,18044
9023,2,18046
9024,2,18048
9025,2,18050
9026,2,18052
9027,2,18054
9028,2,18056
9029,2,18058
9030,2,18060
9031,2,18062
9032,2,18064
9033,2,18066
9034,2,18068
9035,2,18070
9036,2,18072
9037,2,18074
9038,2,18076
9039,2,18078
9040,2,18080
9041,2,18082
9042,2,18084
9043,2,18086
9044,2,18088
9045,2,18090
9046,2,18092
9047,2,18094
9048,2,18096
9049,2,18098
9050,2,18100
9051,2,18102
9052,2,18104
9053,2,18106
9054,2,18108
9055,2,18110
9056,2,18112
9057,2,18114
9058,2,18116
9059,2,18118
9060,2,18120
9061,2,18122
9062,2,18124
9063,2,18126
9064,2,18128
9065,2,18130
9066,2,18132
9067,2,18134
9068,2,18136
9069,2,18138
9070,2,18140
9071,2,18142
9072,2,18144
9073,2,18146
9074,2,18148
9075,2,18150
9076,2,18152
9077,2,18154
9078,2,18156
9079,2,18158
9080,2,18160
9081,2,18162
9082,2,18164
9083,2,18166
9084,2,18168
9085,2,18170
9086,2,18172
9087,2,18174
9088,2,18176
9089,2,18178
9090,2,18180
9091,2,18182
9092,2,18184
9093,2,18186
9094,2,18188
9095,2,18190
9096,2,18192
9097,2,18194
9098,2,18196
9099,2,18198
9100,2,18200
9101,2,18202
9102,2,18204
9103,2,18206
9104,2,18208
9105,2,18210
9106,2,18212
9107,2,18214
9108,2,18216
9109,2,18218
9110,2,18220
9111,2,18222
9112,2,18224
9113,2,18226
9114,2,18228
9115,2,18230
9116,2,18232
9117,2,18234
9118,2,18236
9119,2,18238
9120,2,18240
9121,2,18242
9122,2,18244
9123,2,18246
9124,2,18248
9125,2,18250
9126,2,18252
9127,2,18254
9128,2,18256
9129,2,18258
9130,2,18260
9131,2,18262
9132,2,18264
9133,2,18266
9134,2,18268
9135,2,18270
9136,2,18272
9137,2,18274
9138,2,18276
9139,2,18278
9140,2,18280
9141,2,18282
9142,2,18284
9143,2,18286
9144,2,18288
9145,2,18290
9146,2,18292
9147,2,18294
9148,2,18296
9149,2,18298
9150,2,18300
9151,2,18302
9152,2,18304
9153,2,18306
9154,2,18308
9155,2,18310
9156,2,18312
9157,2,18314
9158,2,18316
9159,2,18318
9160,2,18320
9161,2,18322
9162,2,18324
9163,2,18326
9164,2,18328
9165,2,18330
9166,2,18332
9167,2,18334
9168,2,18336
9169,2,18338
9170,2,18340
9171,2,18342
9172,2,18344
9173,2,18346
9174,2,18348
9175,2,18350
9176,2,18352
9177,2,18354
9178,2,18356
9179,2,18358
9180,2,18360
9181,2,18362
9182,2,18364
9183,2,18366
9184,2,18368
9185,2,18370
9186,2,18372
9187,2,18374
9188,2,18376
9189,2,18378
9190,2,18380
9191,2,18382
9192,2,18384
9193,2,18386
9194,2,18388
9195,2,18390
9196,2,18392
9197,2,18394
9198,2,18396
9199,2,18398
9200,2,18400
9201,2,18402
9202,2,18404
9203,2,18406
9204,2,18408
9205,2,18410
9206,2,18412
9207,2,18414
9208,2,18416
9209,2,18418
9210,2,18420
9211,2,18422
9212,2,18424
9213,2,18426
9214,2,18428
9215,2,18430
9216,2,18432
9217,2,18434
9218,2,18436
9219,2,18438
9220,2,18440
9221,2,18442
9222,2,18444
9223,2,18446
9224,2,18448
9225,2,18450
9226,2,18452
9227,2,18454
9228,2,18456
9229,2,18458
9230,2,18460
9231,2,18462
9232,2,18464
9233,2,18466
9234,2,18468
9235,2,18470
9236,2,18472
9237,2,18474
9238,2,18476
9239,2,18478
9240,2,18480
9241,2,18482
9242,2,18484
9243,2,18486
9244,2,18488
9245,2,18490
9246,2,18492
9247,2,18494
9248,2,18496
9249,2,18498
9250,2,18500
9251,2,18502
9252,2,18504
9253,2,18506
9254,2,18508
9255,2,18510
9256,2,18512
9257,2,18514
9258,2,18516
9259,2,18518
9260,2,18520
9261,2,18522
9262,2,18524
9263,2,18526
9264,2,18528
9265,2,18530
9266,2,18532
9267,2,18534
9268,2,18536
9269,2,18538
9270,2,18540
9271,2,18542
9272,2,18544
9273,2,18546
9274,2,18548
9275,2,18550
9276,2,18552
9277,2,18554
9278,2,18556
9279,2,18558
9280,2,18560
9281,2,18562
9282,2,18564
9283,2,18566
9284,2,18568
9285,2,18570
9286,2,18572
9287,2,18574
9288,2,18576
9289,2,18578
9290,2,18580
9291,2,18582
9292,2,18584
9293,2,18586
9294,2,18588
9295,2,18590
9296,2,18592
9297,2,18594
9298,2,18596
9299,2,18598
9300,2,18600
9301,2,18602
9302,2,18604
9303,2,18606
9304,2,18608
9305,2,18610
9306,2,18612
9307,2,18614
9308,2,18616
9309,2,18618
9310,2,18620
9311,2,18622
9312,2,18624
9313,2,18626
9314,2,18628
9315,2,18630
9316,2,18632
9317,2,18634
9318,2,18636
9319,2,18638
9320,2,18640
9321,2,18642
9322,2,18644
9323,2,18646
9324,2,18648
9325,2,18650
9326,2,18652
9327,2,18654
9328,2,18656
9329,2,18658
9330,2,18660
9331,2,18662
9332,2,18664
9333,2,18666
9334,2,18668
9335,2,18670
9336,2,18672
9337,2,18674
9338,2,18676
9339,2,18678
9340,2,18680
9341,2,18682
9342,2,18684
9343,2,18686
9344,2,18688
9345,2,18690
9346,2,18692
9347,2,18694
9348,2,18696
9349,2,18698
9350,2,18700
9351,2,18702
9352,2,18704
9353,2,18706
9354,2,18708
9355,2,18710
9356,2,18712
9357,2,18714
9358,2,18716
9359,2,18718
9360,2,18720
9361,2,18722
9362,2,18724
9363,2,18726
9364,2,18728
9365,2,18730
9366,2,18732
9367,2,18734
9368,2,18736
9369,2,18738
9370,2,18740
9371,2,18742
9372,2,18744
9373,2,18746
9374,2,18748
9375,2,18750
9376,2,18752
9377,2,18754
9378,2,18756
9379,2,18758
9380,2,18760
9381,2,18762
9382,2,18764
9383,2,18766
9384,2,18768
9385,2,18770
9386,2,18772
9387,2,18774
9388,2,18776
9389,2,18778
9390,2,18780
9391,2,18782
9392,2,18784
9393,2,18786
9394,2,18788
9395,2,18790
9396,2,18792
9397,2,18794
9398,2,18796
9399,2,18798
9400,2,18800
9401,2,18802
9402,2,18804
9403,2,18806
9404,2,18808
9405,2,18810
9406,2,18812
9407,2,18814
9408,2,18816
9409,2,18818
9410,2,18820
9411,2,18822
9412,2,18824
9413,2,18826
9414,2,18828
9415,2,18830
9416,2,18832
9417,2,18834
9418,2,18836
9419,2,18838
9420,2,18840
9421,2,18842
9422,2,18844
9423,2,18846
9424,2,18848
9425,2,18850
9426,2,18852
9427,2,18854
9428,2,18856
9429,2,18858
9430,2,18860
9431,2,18862
9432,2,18864
9433,2,18866
9434,2,18868
9435,2,18870
9436,2,18872
9437,2,18874
9438,2,18876
9439,2,18878
9440,2,18880
9441,2,18882
9442,2,18884
9443,2,18886
9444,2,18888
9445,2,18890
9446,2,18892
9447,2,18894
9448,2,18896
9449,2,18898
9450,2,18900
9451,2,18902
9452,2,18904
9453,2,18906
9454,2,18908
9455,2,18910
9456,2,18912
9457,2,18914
9458,2,18916
9459,2,18918
9460,2,18920
9461,2,18922
9462,2,18924
9463,2,18926
9464,2,18928
9465,2,18930
9466,2,18932
9467,2,18934
9468,2,18936
9469,2,18938
9470,2,18940
9471,2,18942
9472,2,18944
9473,2,18946
9474,2,18948
9475,2,18950
9476,2,18952
9477,2,18954
9478,2,18956
9479,2,18958
9480,2,18960
9481,2,18962
9482,2,18964
9483,2,18966
9484,2,18968
9485,2,18970
9486,2,18972
9487,2,18974
9488,2,18976
9489,2,18978
9490,2,18980
9491,2,18982
9492,2,18984
9493,2,18986
9494,2,18988
9495,2,18990
9496,2,18992
9497,2,18994
9498,2,18996
9499,2,18998
9500,2,19000
9501,2,19002
9502,2,19004
9503,2,19006
9504,2,19008
9505,2,19010
9506,2,19012
9507,2,19014
9508,2,19016
9509,2,19018
9510,2,19020
9511,2,19022
9512,2,19024
9513,2,19026
9514,2,19028
9515,2,19030
9516,2,19032
9517,2,19034
9518,2,19036
9519,2,19038
9520,2,19040
9521,2,19042
9522,2,19044
9523,2,19046
9524,2,19048
9525,2,19050
9526,2,19052
9527,2,19054
9528,2,19056
9529,2,19058
9530,2,19060
9531,2,19062
9532,2,19064
9533,2,19066
9534,2,19068
9535,2,19070
9536,2,19072
9537,2,19074
9538,2,19076
9539,2,19078
9540,2,19080
9541,2,19082
9542,2,19084
9543,2,19086
9544,2,19088
9545,2,19090
9546,2,19092
9547,2,19094
9548,2,19096
9549,2,19098
9550,2,19100
9551,2,19102
9552,2,19104
9553,2,19106
9554,2,19108
9555,2,19110
9556,2,19112
9557,2,19114
9558,2,19116
9559,2,19118
9560,2,19120
9561,2,19122
9562,2,19124
9563,2,19126
9564,2,19128
9565,2,19130
9566,2,19132
9567,2,19134
9568,2,19136
9569,2,19138
9570,2,19140
9571,2,19142
9572,2,19144
9573,2,19146
9574,2,19148
9575,2,19150
9576,2,19152
9577,2,19154
9578,2,19156
9579,2,19158
9580,2,19160
9581,2,19162
9582,2,19164
9583,2,19166
9584,2,19168
9585,2,19170
9586,2,19172
9587,2,19174
9588,2,19176
9589,2,19178
9590,2,19180
9591,2,19182
9592,2,19184
9593,2,19186
9594,2,19188
9595,2,19190
9596,2,19192
9597,2,19194
9598,2,19196
9599,2,19198
9600,2,19200
9601,2,19202
9602,2,19204
9603,2,19206
9604,2,19208
9605,2,19210
9606,2,19212
9607,2,19214
9608,2,19216
9609,2,19218
9610,2,19220
9611,2,19222
9612,2,19224
9613,2,19226
9614,2,19228
9615,2,19230
9616,2,19232
9617,2,19234
9618,2,19236
9619,2,19238
9620,2,19240
9621,2,19242
9622,2,19244
9623,2,19246
9624,2,19248
9625,2,19250
9626,2,19252
9627,2,19254
9628,2,19256
9629,2,19258
9630,2,19260
9631,2,19262
9632,2,19264
9633,2,19266
9634,2,19268
9635,2,19270
9636,2,19272
9637,2,19274
9638,2,19276
9639,2,19278
9640,2,19280
9641,2,19282
9642,2,19284
9643,2,19286
9644,2,19288
9645,2,19290
9646,2,19292
9647,2,19294
9648,2,19296
9649,2,19298
9650,2,19300
9651,2,19302
9652,2,19304
9653,2,19306
9654,2,19308
9655,2,19310
9656,2,19312
9657,2,19314
9658,2,19316
9659,2,19318
9660,2,19320
9661,2,19322
9662,2,19324
9663,2,19326
9664,2,19328
9665,2,19330
9666,2,19332
9667,2,19334
9668,2,19336
9669,2,19338
9670,2,19340
9671,2,19342
9672,2,19344
9673,2,19346
9674,2,19348
9675,2,19350
9676,2,19352
9677,2,19354
9678,2,19356
9679,2,19358
9680,2,19360
9681,2,19362
9682,2,19364
9683,2,19366
9684,2,19368
9685,2,19370
9686,2,19372
9687,2,19374
9688,2,19376
9689,2,19378
9690,2,19380
9691,2,19382
9692,2,19384
9693,2,19386
9694,2,19388
9695,2,19390
9696,2,19392
9697,2,19394
9698,2,19396
9699,2,19398
9700,2,19400
9701,2,19402
9702,2,19404
9703,2,19406
9704,2,19408
9705,2,19410
9706,2,19412
9707,2,19414
9708,2,19416
9709,2,19418
9710,2,19420
9711,2,19422
9712,2,19424
9713,2,19426
9714,2,19428
9715,2,19430
9716,2,19432
9717,2,19434
9718,2,19436
9719,2,19438
9720,2,19440
9721,2,19442
9722,2,19444
9723,2,19446
9724,2,19448
9725,2,19450
9726,2,19452
9727,2,19454
9728,2,19456
9729,2,19458
9730,2,19460
9731,2,19462
9732,2,19464
9733,2,19466
9734,2,19468
9735,2,19470
9736,2,19472
9737,2,19474
9738,2,19476
9739,2,19478
9740,2,19480
9741,2,19482
9742,2,19484
9743,2,19486
9744,2,19488
9745,2,19490
9746,2,19492
9747,2,19494
9748,2,19496
9749,2,19498
9750,2,19500
9751,2,19502
9752,2,19504
9753,2,19506
9754,2,19508
9755,2,19510
9756,2,19512
9757,2,19514
9758,2,19516
9759,2,19518
9760,2,19520
9761,2,19522
9762,2,19524
9763,2,19526
9764,2,19528
9765,2,19530
9766,2,19532
9767,2,19534
9768,2,19536
9769,2,19538
9770,2,19540
9771,2,19542
9772,2,19544
9773,2,19546
9774,2,19548
9775,2,19550
9776,2,19552
9777,2,19554
9778,2,19556
9779,2,19558
9780,2,19560
9781,2,19562
9782,2,19564
9783,2,19566
9784,2,19568
9785,2,19570
9786,2,19572
9787,2,19574
9788,2,19576
9789,2,19578
9790,2,19580
9791,2,19582
9792,2,19584
9793,2,19586
9794,2,19588
9795,2,19590
9796,2,19592
9797,2,19594
9798,2,19596
9799,2,19598
9800,2,19600
9801,2,19602
9802,2,19604
9803,2,19606
9804,2,19608
9805,2,19610
9806,2,19612
9807,2,19614
9808,2,19616
9809,2,19618
9810,2,19620
9811,2,19622
9812,2,19624
9813,2,19626
9814,2,19628
9815,2,19630
9816,2,19632
9817,2,19634
9818,2,19636
9819,2,19638
9820,2,19640
9821,2,19642
9822,2,19644
9823,2,19646
9824,2,19648
9825,2,19650
9826,2,19652
9827,2,19654
9828,2,19656
9829,2,19658
9830,2,19660
9831,2,19662
9832,2,19664
9833,2,19666
9834,2,19668
9835,2,19670
9836,2,19672
9837,2,19674
9838,2,19676
9839,2,19678
9840,2,19680
9841,2,19682
9842,2,19684
9843,2,19686
9844,2,19688
9845,2,19690
9846,2,19692
9847,2,19694
9848,2,19696
9849,2,19698
9850,2,19700
9851,2,19702
9852,2,19704
9853,2,19706
9854,2,19708
9855,2,19710
9856,2,19712
9857,2,19714
9858,2,19716
9859,2,19718
9860,2,19720
9861,2,19722
9862,2,19724
9863,2,19726
9864,2,19728
9865,2,19730
9866,2,19732
9867,2,19734
9868,2,19736
9869,2,19738
9870,2,19740
9871,2,19742
9872,2,19744
9873,2,19746
9874,2,19748
9875,2,19750
9876,2,19752
9877,2,19754
9878,2,19756
9879,2,19758
9880,2,19760
9881,2,19762
9882,2,19764
9883,2,19766
9884,2,19768
9885,2,19770
9886,2,19772
9887,2,19774
9888,2,19776
9889,2,19778
9890,2,19780
9891,2,19782
9892,2,19784
9893,2,19786
9894,2,19788
9895,2,19790
9896,2,19792
9897,2,19794
9898,2,19796
9899,2,19798
9900,2,19800
9901,2,19802
9902,2,19804
9903,2,19806
9904,2,19808
9905,2,19810
9906,2,19812
9907,2,19814
9908,2,19816
9909,2,19818
9910,2,19820
9911,2,19822
9912,2,19824
9913,2,19826
9914,2,19828
9915,2,19830
9916,2,19832
9917,2,19834
9918,2,19836
9919,2,19838
9920,2,19840
9921,2,19842
9922,2,19844
9923,2,19846
9924,2,19848
9925,2,19850
9926,2,19852
9927,2,19854
9928,2,19856
9929,2,19858
9930,2,19860
9931,2,19862
9932,2,19864
9933,2,19866
9934,2,19868
9935,2,19870
9936,2,19872
9937,2,19874
9938,2,19876
9939,2,19878
9940,2,19880
9941,2,19882
9942,2,19884
9943,2,19886
9944,2,19888
9945,2,19890
9946,2,19892
9947,2,19894
9948,2,19896
9949,2,19898
9950,2,19900
9951,2,19902
9952,2,19904
9953,2,19906
9954,2,19908
9955,2,19910
9956,2,19912
9957,2,19914
9958,2,19916
9959,2,19918
9960,2,19920
9961,2,19922
9962,2,19924
9963,2,19926
9964,2,19928
9965,2,19930
9966,2,19932
9967,2,19934
9968,2,19936
9969,2,19938
9970,2,19940
9971,2,19942
9972,2,19944
9973,2,19946
9974,2,19948
9975,2,19950
9976,2,19952
9977,2,19954
9978,2,19956
9979,2,19958
9980,2,19960
9981,2,19962
9982,2,19964
9983,2,19966
9984,2,19968
9985,2,19970
9986,2,19972
9987,2,19974
9988,2,19976
9989,2,19978
9990,2,19980
9991,2,19982
9992,2,19984
9993,2,19986
9994,2,19988
9995,2,19990
9996,2,19992
9997,2,19994
9998,2,19996
9999,2,19998
10000,2,20000
10001,2,20002
10002,2,20004
10003,2,20006
10004,2,20008
10005,2,20010
10006,2,20012
10007,2,20014
10008,2,20016
10009,2,20018
10010,2,20020
10011,2,20022
10012,2,20024
10013,2,20026
10014,2,20028
10015,2,20030
10016,2,20032
10017,2,20034
10018,2,20036
10019,2,20038
10020,2,20040
10021,2,20042
10022,2,20044
10023,2,20046
10024,2,20048
10025,2,20050
10026,2,20052
10027,2,20054
10028,2,20056
10029,2,20058
10030,2,20060
10031,2,20062
10032,2,20064
10033,2,20066
10034,2,20068
10035,2,20070
10036,2,20072
10037,2,20074
10038,2,20076
10039,2,20078
10040,2,20080
10041,2,20082
10042,2,20084
10043,2,20086
10044,2,20088
10045,2,20090
10046,2,20092
10047,2,20094
10048,2,20096
10049,2,20098
10050,2,20100
10051,2,20102
10052,2,20104
10053,2,20106
10054,2,20108
10055,2,20110
10056,2,20112
10057,2,20114
10058,2,20116
10059,2,20118
10060,2,20120
10061,2,20122
10062,2,20124
10063,2,20126
10064,2,20128
10065,2,20130
10066,2,20132
10067,2,20134
10068,2,20136
10069,2,20138
10070,2,20140
10071,2,20142
10072,2,20144
10073,2,20146
10074,2,20148
10075,2,20150
10076,2,20152
10077,2,20154
10078,2,20156
10079,2,20158
10080,2,20160
10081,2,20162
10082,2,20164
10083,2,20166
10084,2,20168
10085,2,20170
10086,2,20172
10087,2,20174
10088,2,20176
10089,2,20178
10090,2,20180
10091,2,20182
10092,2,20184
10093,2,20186
10094,2,20188
10095,2,20190
10096,2,20192
10097,2,20194
10098,2,20196
10099,2,20198
10100,2,20200
10101,2,20202
10102,2,20204
10103,2,20206
10104,2,20208
10105,2,20210
10106,2,20212
10107,2,20214
10108,2,20216
10109,2,20218
10110,2,20220
10111,2,20222
10112,2,20224
10113,2,20226
10114,2,20228
10115,2,20230
10116,2,20232
10117,2,20234
10118,2,20236
10119,2,20238
10120,2,20240
10121,2,20242
10122,2,20244
10123,2,20246
10124,2,20248
10125,2,20250
10126,2,20252
10127,2,20254
10128,2,20256
10129,2,20258
10130,2,20260
10131,2,20262
10132,2,20264
10133,2,20266
10134,2,20268
10135,2,20270
10136,2,20272
10137,2,20274
10138,2,20276
10139,2,20278
10140,2,20280
10141,2,20282
10142,2,20284
10143,2,20286
10144,2,20288
10145,2,20290
10146,2,20292
10147,2,20294
10148,2,20296
10149,2,20298
10150,2,20300
10151,2,20302
10152,2,20304
10153,2,20306
10154,2,20308
10155,2,20310
10156,2,20312
10157,2,20314
10158,2,20316
10159,2,20318
10160,2,20320
10161,2,20322
10162,2,20324
10163,2,20326
10164,2,20328
10165,2,20330
10166,2,20332
10167,2,20334
10168,2,20336
10169,2,20338
10170,2,20340
10171,2,20342
10172,2,20344
10173,2,20346
10174,2,20348
10175,2,20350
10176,2,20352
10177,2,20354
10178,2,20356
10179,2,20358
10180,2,20360
10181,2,20362
10182,2,20364
10183,2,20366
10184,2,20368
10185,2,20370
10186,2,20372
10187,2,20374
10188,2,20376
10189,2,20378
10190,2,20380
10191,2,20382
10192,2,20384
10193,2,20386
10194,2,20388
10195,2,20390
10196,2,20392
10197,2,20394
10198,2,20396
10199,2,20398
10200,2,20400
10201,2,20402
10202,2,20404
10203,2,20406
10204,2,20408
10205,2,20410
10206,2,20412
10207,2,20414
10208,2,20416
10209,2,20418
10210,2,20420
10211,2,20422
10212,2,20424
10213,2,20426
10214,2,20428
10215,2,20430
10216,2,20432
10217,2,20434
10218,2,20436
10219,2,20438
10220,2,20440
10221,2,20442
10222,2,20444
10223,2,20446
10224,2,20448
10225,2,20450
10226,2,20452
10227,2,20454
10228,2,20456
10229,2,20458
10230,2,20460
10231,2,20462
10232,2,20464
10233,2,20466
10234,2,20468
10235,2,20470
10236,2,20472
10237,2,20474
10238,2,20476
10239,2,20478
10240,2,20480
10241,2,20482
10242,2,20484
10243,2,20486
10244,2,20488
10245,2,20490
10246,2,20492
10247,2,20494
10248,2,20496
10249,2,20498
10250,2,20500
10251,2,20502
10252,2,20504
10253,2,20506
10254,2,20508
10255,2,20510
10256,2,20512
10257,2,20514
10258,2,20516
10259,2,20518
10260,2,20520
10261,2,20522
10262,2,20524
10263,2,20526
10264,2,20528
10265,2,20530
10266,2,20532
10267,2,20534
10268,2,20536
10269,2,20538
10270,2,20540
10271,2,20542
10272,2,20544
10273,2,20546
10274,2,20548
10275,2,20550
10276,2,20552
10277,2,20554
10278,2,20556
10279,2,20558
10280,2,20560
10281,2,20562
10282,2,20564
10283,2,20566
10284,2,20568
10285,2,20570
10286,2,20572
10287,2,20574
10288,2,20576
10289,2,20578
10290,2,20580
10291,2,20582
10292,2,20584
10293,2,20586
10294,2,20588
10295,2,20590
10296,2,20592
10297,2,20594
10298,2,20596
10299,2,20598
10300,2,20600
10301,2,20602
10302,2,20604
10303,2,20606
10304,2,20608
10305,2,20610
10306,2,20612
10307,2,20614
10308,2,20616
10309,2,20618
10310,2,20620
10311,2,20622
10312,2,20624
10313,2,20626
10314,2,20628
10315,2,20630
10316,2,20632
10317,2,20634
10318,2,20636
10319,2,20638
10320,2,20640
10321,2,20642
10322,2,20644
10323,2,20646
10324,2,20648
10325,2,20650
10326,2,20652
10327,2,20654
10328,2,20656
10329,2,20658
10330,2,20660
10331,2,20662
10332,2,20664
10333,2,20666
10334,2,20668
10335,2,20670
10336,2,20672
10337,2,20674
10338,2,20676
10339,2,20678
10340,2,20680
10341,2,20682
10342,2,20684
10343,2,20686
10344,2,20688
10345,2,20690
10346,2,20692
10347,2,20694
10348,2,20696
10349,2,20698
10350,2,20700
10351,2,20702
10352,2,20704
10353,2,20706
10354,2,20708
10355,2,20710
10356,2,20712
10357,2,20714
10358,2,20716
10359,2,20718
10360,2,20720
10361,2,20722
10362,2,20724
10363,2,20726
10364,2,20728
10365,2,20730
10366,2,20732
10367,2,20734
10368,2,20736
10369,2,20738
10370,2,20740
10371,2,20742
10372,2,20744
10373,2,20746
10374,2,20748
10375,2,20750
10376,2,20752
10377,2,20754
10378,2,20756
10379,2,20758
10380,2,20760
10381,2,20762
10382,2,20764
10383,2,20766
10384,2,20768
10385,2,20770
10386,2,20772
10387,2,20774
10388,2,20776
10389,2,20778
10390,2,20780
10391,2,20782
10392,2,20784
10393,2,20786
10394,2,20788
10395,2,20790
10396,2,20792
10397,2,20794
10398,2,20796
10399,2,20798
10400,2,20800
10401,2,20802
10402,2,20804
10403,2,20806
10404,2,20808
10405,2,20810
10406,2,20812
10407,2,20814
10408,2,20816
10409,2,20818
10410,2,20820
10411,2,20822
10412,2,20824
10413,2,20826
10414,2,20828
10415,2,20830
10416,2,20832
10417,2,20834
10418,2,20836
10419,2,20838
10420,2,20840
10421,2,20842
10422,2,20844
10423,2,20846
10424,2,20848
10425,2,20850
10426,2,20852
10427,2,20854
10428,2,20856
10429,2,20858
10430,2,20860
10431,2,20862
10432,2,20864
10433,2,20866
10434,2,20868
10435,2,20870
10436,2,20872
10437,2,20874
10438,2,20876
10439,2,20878
10440,2,20880
10441,2,20882
10442,2,20884
10443,2,20886
10444,2,20888
10445,2,20890
10446,2,20892
10447,2,20894
10448,2,20896
10449,2,20898
10450,2,20900
10451,2,20902
10452,2,20904
10453,2,20906
10454,2,20908
10455,2,20910
10456,2,20912
10457,2,20914
10458,2,20916
10459,2,20918
10460,2,20920
10461,2,20922
10462,2,20924
10463,2,20926
10464,2,20928
10465,2,20930
10466,2,20932
10467,2,20934
10468,2,20936
10469,2,20938
10470,2,20940
10471,2,20942
10472,2,20944
10473,2,20946
10474,2,20948
10475,2,20950
10476,2,20952
10477,2,20954
10478,2,20956
10479,2,20958
10480,2,20960
10481,2,20962
10482,2,20964
10483,2,20966
10484,2,20968
10485,2,20970
10486,2,20972
10487,2,20974
10488,2,20976
10489,2,20978
10490,2,20980
10491,2,20982
10492,2,20984
10493,2,20986
10494,2,20988
10495,2,20990
10496,2,20992
10497,2,20994
10498,2,20996
10499,2,20998
10500,2,21000
10501,2,21002
10502,2,21004
10503,2,21006
10504,2,21008
10505,2,21010
10506,2,21012
10507,2,21014
10508,2,21016
10509,2,21018
10510,2,21020
10511,2,21022
10512,2,21024
10513,2,21026
10514,2,21028
10515,2,21030
10516,2,21032
10517,2,21034
10518,2,21036
10519,2,21038
10520,2,21040
10521,2,21042
10522,2,21044
10523,2,21046
10524,2,21048
10525,2,21050
10526,2,21052
10527,2,21054
10528,2,21056
10529,2,21058
10530,2,21060
10531,2,21062
10532,2,21064
10533,2,21066
10534,2,21068
10535,2,21070
10536,2,21072
10537,2,21074
10538,2,21076
10539,2,21078
10540,2,21080
10541,2,21082
10542,2,21084
10543,2,21086
10544,2,21088
10545,2,21090
10546,2,21092
10547,2,21094
10548,2,21096
10549,2,21098
10550,2,21100
10551,2,21102
10552,2,21104
10553,2,21106
10554,2,21108
10555,2,21110
10556,2,21112
10557,2,21114
10558,2,21116
10559,2,21118
10560,2,21120
10561,2,21122
10562,2,21124
10563,2,21126
10564,2,21128
10565,2,21130
10566,2,21132
10567,2,21134
10568,2,21136
10569,2,21138
10570,2,21140
10571,2,21142
10572,2,21144
10573,2,21146
10574,2,21148
10575,2,21150
10576,2,21152
10577,2,21154
10578,2,21156
10579,2,21158
10580,2,21160
10581,2,21162
10582,2,21164
10583,2,21166
10584,2,21168
10585,2,21170
10586,2,21172
10587,2,21174
10588,2,21176
10589,2,21178
10590,2,21180
10591,2,21182
10592,2,21184
10593,2,21186
10594,3,21188
10595,3,21190
10596,3,21192
10597,3,21194
10598,3,21196
10599,3,21198
10600,3,21200
10601,3,21202
10602,3,21204
10603,3,21206
10604,3,21208
10605,3,21210
10606,3,21212
10607,3,21214
10608,3,21216
10609,3,21218
10610,3,21220
10611,3,21222
10612,3,21224
10613,3,21226
10614,3,21228
10615,3,21230
10616,3,21232
10617,3,21234
10618,3,21236
10619,3,21238
10620,3,21240
10621,3,21242
10622,3,21244
10623,3,21246
10624,3,21248
10625,3,21250
10626,3,21252
10627,3,21254
10628,3,21256
10629,3,21258
10630,3,21260
10631,3,21262
10632,3,21264
10633,3,21266
10634,3,21268
10635,3,21270
10636,3,21272
10637,3,21274
10638,3,21276
10639,3,21278
10640,3,21280
10641,3,21282
10642,3,21284
10643,3,21286
10644,3,21288
10645,3,21290
10646,3,21292
10647,3,21294
10648,3,21296
10649,3,21298
10650,3,21300
10651,3,21302
10652,3,21304
10653,3,21306
10654,3,21308
10655,3,21310
10656,3,21312
10657,3,21314
10658,3,21316
10659,3,21318
10660,3,21320
10661,3,21322
10662,3,21324
10663,3,21326
10664,3,21328
10665,3,21330
10666,3,21332
10667,3,21334
10668,3,21336
10669,3,21338
10670,3,21340
10671,3,21342
10672,3,21344
10673,3,21346
10674,3,21348
10675,3,21350
10676,3,21352
10677,3,21354
10678,3,21356
10679,3,21358
10680,3,21360
10681,3,21362
10682,3,21364
10683,3,21366
10684,3,21368
10685,3,21370
10686,3,21372
10687,3,21374
10688,3,21376
10689,3,21378
10690,3,21380
10691,3,21382
10692,3,21384
10693,3,21386
10694,3,21388
10695,3,21390
10696,3,21392
10697,3,21394
10698,3,21396
10699,3,21398
10700,3,21400
10701,3,21402
10702,3,21404
10703,3,21406
10704,3,21408
10705,3,21410
10706,3,21412
10707,3,21414
10708,3,21416
10709,3,21418
10710,3,21420
10711,3,21422
10712,3,21424
10713,3,21426
10714,3,21428
10715,3,21430
10716,3,21432
10717,3,21434
10718,3,21436
10719,3,21438
10720,3,21440
10721,3,21442
10722,3,21444
10723,3,21446
10724,3,21448
10725,3,21450
10726,3,21452
10727,3,21454
10728,3,21456
10729,3,21458
10730,3,21460
10731,3,21462
10732,3,21464
10733,3,21466
10734,3,21468
10735,3,21470
10736,3,21472
10737,3,21474
10738,3,21476
10739,3,21478
10740,3,21480
10741,3,21482
10742,3,21484
10743,3,21486
10744,3,21488
10745,3,21490
10746,3,21492
10747,3,21494
10748,3,21496
10749,3,21498
10750,3,21500
10751,3,21502
10752,3,21504
10753,3,21506
10754,3,21508
10755,3,21510
10756,3,21512
10757,3,21514
10758,3,21516
10759,3,21518
10760,3,21520
10761,3,21522
10762,3,21524
10763,3,21526
10764,3,21528
10765,3,21530
10766,3,21532
10767,3,21534
10768,3,21536
10769,3,21538
10770,3,21540
10771,3,21542
10772,3,21544
10773,3,21546
10774,3,21548
10775,3,21550
10776,3,21552
10777,3,21554
10778,3,21556
10779,3,21558
10780,3,21560
10781,3,21562
10782,3,21564
10783,3,21566
10784,3,21568
10785,3,21570
10786,3,21572
10787,3,21574
10788,3,21576
10789,3,21578
10790,3,21580
10791,3,21582
10792,3,21584
10793,3,21586
10794,3,21588
10795,3,21590
10796,3,21592
10797,3,21594
10798,3,21596
10799,3,21598
10800,3,21600
10801,3,21602
10802,3,21604
10803,3,21606
10804,3,21608
10805,3,21610
10806,3,21612
10807,3,21614
10808,3,21616
10809,3,21618
10810,3,21620
10811,3,21622
10812,3,21624
10813,3,21626
10814,3,21628
10815,3,21630
10816,3,21632
10817,3,21634
10818,3,21636
10819,3,21638
10820,3,21640
10821,3,21642
10822,3,21644
10823,3,21646
10824,3,21648
10825,3,21650
10826,3,21652
10827,3,21654
10828,3,21656
10829,3,21658
10830,3,21660
10831,3,21662
10832,3,21664
10833,3,21666
10834,3,21668
10835,3,21670
10836,3,21672
10837,3,21674
10838,3,21676
10839,3,21678
10840,3,21680
10841,3,21682
10842,3,21684
10843,3,21686
10844,3,21688
10845,3,21690
10846,3,21692
10847,3,21694
10848,3,21696
10849,3,21698
10850,3,21700
10851,3,21702
10852,3,21704
10853,3,21706
10854,3,21708
10855,3,21710
10856,3,21712
10857,3,21714
10858,3,21716
10859,3,21718
10860,3,21720
10861,3,21722
10862,3,21724
10863,3,21726
10864,3,21728
10865,3,21730
10866,3,21732
10867,3,21734
10868,3,21736
10869,3,21738
10870,3,21740
10871,3,21742
10872,3,21744
10873,3,21746
10874,3,21748
10875,3,21750
10876,3,21752
10877,3,21754
10878,3,21756
10879,3,21758
10880,3,21760
10881,3,21762
10882,3,21764
10883,3,21766
10884,3,21768
10885,3,21770
10886,3,21772
10887,3,21774
10888,3,21776
10889,3,21778
10890,3,21780
10891,3,21782
10892,3,21784
10893,3,21786
10894,3,21788
10895,3,21790
10896,3,21792
10897,3,21794
10898,3,21796
10899,3,21798
10900,3,21800
10901,3,21802
10902,3,21804
10903,3,21806
10904,3,21808
10905,3,21810
10906,3,21812
10907,3,21814
10908,3,21816
10909,3,21818
10910,3,21820
10911,3,21822
10912,3,21824
10913,3,21826
10914,3,21828
10915,3,21830
10916,3,21832
10917,3,21834
10918,3,21836
10919,3,21838
10920,3,21840
10921,3,21842
10922,3,21844
10923,3,21846
10924,3,21848
10925,3,21850
10926,3,21852
10927,3,21854
10928,3,21856
10929,3,21858
10930,3,21860
10931,3,21862
10932,3,21864
10933,3,21866
10934,3,21868
10935,3,21870
10936,3,21872
10937,3,21874
10938,3,21876
10939,3,21878
10940,3,21880
10941,3,21882
10942,3,21884
10943,3,21886
10944,3,21888
10945,3,21890
10946,3,21892
10947,3,21894
10948,3,21896
10949,3,21898
10950,3,21900
10951,3,21902
10952,3,21904
10953,3,21906
10954,3,21908
10955,3,21910
10956,3,21912
10957,3,21914
10958,3,21916
10959,3,21918
10960,3,21920
10961,3,21922
10962,3,21924
10963,3,21926
10964,3,21928
10965,3,21930
10966,3,21932
10967,3,21934
10968,3,21936
10969,3,21938
10970,3,21940
10971,3,21942
10972,3,21944
10973,3,21946
10974,3,21948
10975,3,21950
10976,3,21952
10977,3,21954
10978,3,21956
10979,3,21958
10980,3,21960
10981,3,21962
10982,3,21964
10983,3,21966
10984,3,21968
10985,3,21970
10986,3,21972
10987,3,21974
10988,3,21976
10989,3,21978
10990,3,21980
10991,3,21982
10992,3,21984
10993,3,21986
10994,3,21988
10995,3,21990
10996,3,21992
10997,3,21994
10998,3,21996
10999,3,21998
11000,3,22000
11001,3,22002
11002,3,22004
11003,3,22006
11004,3,22008
11005,3,22010
11006,3,22012
11007,3,22014
11008,3,22016
11009,3,22018
11010,3,22020
11011,3,22022
11012,3,22024
11013,3,22026
11014,3,22028
11015,3,22030
11016,3,22032
11017,3,22034
11018,3,22036
11019,3,22038
11020,3,22040
11021,3,22042
11022,3,22044
11023,3,22046
11024,3,22048
11025,3,22050
11026,3,22052
11027,3,22054
11028,3,22056
11029,3,22058
11030,3,22060
11031,3,22062
11032,3,22064
11033,3,22066
11034,3,22068
11035,3,22070
11036,3,22072
11037,3,22074
11038,3,22076
11039,3,22078
11040,3,22080
11041,3,22082
11042,3,22084
11043,3,22086
11044,3,22088
11045,3,22090
11046,3,22092
11047,3,22094
11048,3,22096
11049,3,22098
11050,3,22100
11051,3,22102
11052,3,22104
11053,3,22106
11054,3,22108
11055,3,22110
11056,3,22112
11057,3,22114
11058,3,22116
11059,3,22118
11060,3,22120
11061,3,22122
11062,3,22124
11063,3,22126
11064,3,22128
11065,3,22130
11066,3,22132
11067,3,22134
11068,3,22136
11069,3,22138
11070,3,22140
11071,3,22142
11072,3,22144
11073,3,22146
11074,3,22148
11075,3,22150
11076,3,22152
11077,3,22154
11078,3,22156
11079,3,22158
11080,3,22160
11081,3,22162
11082,3,22164
11083,3,22166
11084,3,22168
11085,3,22170
11086,3,22172
11087,3,22174
11088,3,22176
11089,3,22178
11090,3,22180
11091,3,22182
11092,3,22184
11093,3,22186
11094,3,22188
11095,3,22190
11096,3,22192
11097,3,22194
11098,3,22196
11099,3,22198
11100,3,22200
11101,3,22202
11102,3,22204
11103,3,22206
11104,3,22208
11105,3,22210
11106,3,22212
11107,3,22214
11108,3,22216
11109,3,22218
11110,3,22220
11111,3,22222
11112,3,22224
11113,3,22226
11114,3,22228
11115,3,22230
11116,3,22232
11117,3,22234
11118,3,22236
11119,3,22238
11120,3,22240
11121,3,22242
11122,3,22244
11123,3,22246
11124,3,22248
11125,3,22250
11126,3,22252
11127,3,22254
11128,3,22256
11129,3,22258
11130,3,22260
11131,3,22262
11132,3,22264
11133,3,22266
11134,3,22268
11135,3,22270
11136,3,22272
11137,3,22274
11138,3,22276
11139,3,22278
11140,3,22280
11141,3,22282
11142,3,22284
11143,3,22286
11144,3,22288
11145,3,22290
11146,3,22292
11147,3,22294
11148,3,22296
11149,3,22298
11150,3,22300
11151,3,22302
11152,3,22304
11153,3,22306
11154,3,22308
11155,3,22310
11156,3,22312
11157,3,22314
11158,3,22316
11159,3,22318
11160,3,22320
11161,3,22322
11162,3,22324
11163,3,22326
11164,3,22328
11165,3,22330
11166,3,22332
11167,3,22334
11168,3,22336
11169,3,22338
11170,3,22340
11171,3,22342
11172,3,22344
11173,3,22346
11174,3,22348
11175,3,22350
11176,3,22352
11177,3,22354
11178,3,22356
11179,3,22358
11180,3,22360
11181,3,22362
11182,3,22364
11183,3,22366
11184,3,22368
11185,3,22370
11186,3,22372
11187,3,22374
11188,3,22376
11189,3,22378
11190,3,22380
11191,3,22382
11192,3,22384
11193,3,22386
11194,3,22388
11195,3,22390
11196,3,22392
11197,3,22394
11198,3,22396
11199,3,22398
11200,3,22400
11201,3,22402
11202,3,22404
11203,3,22406
11204,3,22408
11205,3,22410
11206,3,22412
11207,3,22414
11208,3,22416
11209,3,22418
11210,3,22420
11211,3,22422
11212,3,22424
11213,3,22426
11214,3,22428
11215,3,22430
11216,3,22432
11217,3,22434
11218,3,22436
11219,3,22438
11220,3,22440
11221,3,22442
11222,3,22444
11223,3,22446
11224,3,22448
11225,3,22450
11226,3,22452
11227,3,22454
11228,3,22456
11229,3,22458
11230,3,22460
11231,3,22462
11232,3,22464
11233,3,22466
11234,3,22468
11235,3,22470
11236,3,22472
11237,3,22474
11238,3,22476
11239,3,22478
11240,3,22480
11241,3,22482
11242,3,22484
11243,3,22486
11244,3,22488
11245,3,22490
11246,3,22492
11247,3,22494
11248,3,22496
11249,3,22498
11250,3,22500
11251,3,22502
11252,3,22504
11253,3,22506
11254,3,22508
11255,3,22510
11256,3,22512
11257,3,22514
11258,3,22516
11259,3,22518
11260,3,22520
11261,3,22522
11262,3,22524
11263,3,22526
11264,3,22528
11265,3,22530
11266,3,22532
11267,3,22534
11268,3,22536
11269,3,22538
11270,3,22540
11271,3,22542
11272,3,22544
11273,3,22546
11274,3,22548
11275,3,22550
11276,3,22552
11277,3,22554
11278,3,22556
11279,3,22558
11280,3,22560
11281,3,22562
11282,3,22564
11283,3,22566
11284,3,22568
11285,3,22570
11286,3,22572
11287,3,22574
11288,3,22576
11289,3,22578
11290,3,22580
11291,3,22582
11292,3,22584
11293,3,22586
11294,3,22588
11295,3,22590
11296,3,22592
11297,3,22594
11298,3,22596
11299,3,22598
11300,3,22600
11301,3,22602
11302,3,22604
11303,3,22606
11304,3,22608
11305,3,22610
11306,3,22612
11307,3,22614
11308,3,22616
11309,3,22618
11310,3,22620
11311,3,22622
11312,3,22624
11313,3,22626
11314,3,22628
11315,3,22630
11316,3,22632
11317,3,22634
11318,3,22636
11319,3,22638
11320,3,22640
11321,3,22642
11322,3,22644
11323,3,22646
11324,3,22648
11325,3,22650
11326,3,22652
11327,3,22654
11328,3,22656
11329,3,22658
11330,3,22660
11331,3,22662
11332,3,22664
11333,3,22666
11334,3,22668
11335,3,22670
11336,3,22672
11337,3,22674
11338,3,22676
11339,3,22678
11340,3,22680
11341,3,22682
11342,3,22684
11343,3,22686
11344,3,22688
11345,3,22690
11346,3,22692
11347,3,22694
11348,3,22696
11349,3,22698
11350,3,22700
11351,3,22702
11352,3,22704
11353,3,22706
11354,3,22708
11355,3,22710
11356,3,22712
11357,3,22714
11358,3,22716
11359,3,22718
11360,3,22720
11361,3,22722
11362,3,22724
11363,3,22726
11364,3,22728
11365,3,22730
11366,3,22732
11367,3,22734
11368,3,22736
11369,3,22738
11370,3,22740
11371,3,22742
11372,3,22744
11373,3,22746
11374,3,22748
11375,3,22750
11376,3,22752
11377,3,22754
11378,3,22756
11379,3,22758
11380,3,22760
11381,3,22762
11382,3,22764
11383,3,22766
11384,3,22768
11385,3,22770
11386,3,22772
11387,3,22774
11388,3,22776
11389,3,22778
11390,3,22780
11391,3,22782
11392,3,22784
11393,3,22786
11394,3,22788
11395,3,22790
11396,3,22792
11397,3,22794
11398,3,22796
11399,3,22798
11400,3,22800
11401,3,22802
11402,3,22804
11403,3,22806
11404,3,22808
11405,3,22810
11406,3,22812
11407,3,22814
11408,3,22816
11409,3,22818
11410,3,22820
11411,3,22822
11412,3,22824
11413,3,22826
11414,3,22828
11415,3,22830
11416,3,22832
11417,3,22834
11418,3,22836
11419,3,22838
11420,3,22840
11421,3,22842
11422,3,22844
11423,3,22846
11424,3,22848
11425,3,22850
11426,3,22852
11427,3,22854
11428,3,22856
11429,3,22858
11430,3,22860
11431,3,22862
11432,3,22864
11433,3,22866
11434,3,22868
11435,3,22870
11436,3,22872
11437,3,22874
11438,3,22876
11439,3,22878
11440,3,22880
11441,3,22882
11442,3,22884
11443,3,22886
11444,3,22888
11445,3,22890
11446,3,22892
11447,3,22894
11448,3,22896
11449,3,22898
11450,3,22900
11451,3,22902
11452,3,22904
11453,3,22906
11454,3,22908
11455,3,22910
11456,3,22912
11457,3,22914
11458,3,22916
11459,3,22918
11460,3,22920
11461,3,22922
11462,3,22924
11463,3,22926
11464,3,22928
11465,3,22930
11466,3,22932
11467,3,22934
11468,3,22936
11469,3,22938
11470,3,22940
11471,3,22942
11472,3,22944
11473,3,22946
11474,3,22948
11475,3,22950
11476,3,22952
11477,3,22954
11478,3,22956
11479,3,22958
11480,3,22960
11481,3,22962
11482,3,22964
11483,3,22966
11484,3,22968
11485,3,22970
11486,3,22972
11487,3,22974
11488,3,22976
11489,3,22978
11490,3,22980
11491,3,22982
11492,3,22984
11493,3,22986
11494,3,22988
11495,3,22990
11496,3,22992
11497,3,22994
11498,3,22996
11499,3,22998
11500,3,23000
11501,3,23002
11502,3,23004
11503,3,23006
11504,3,23008
11505,3,23010
11506,3,23012
11507,3,23014
11508,3,23016
11509,3,23018
11510,3,23020
11511,3,23022
11512,3,23024
11513,3,23026
11514,3,23028
11515,3,23030
11516,3,23032
11517,3,23034
11518,3,23036
11519,3,23038
11520,3,23040
11521,3,23042
11522,3,23044
11523,3,23046
11524,3,23048
11525,3,23050
11526,3,23052
11527,3,23054
11528,3,23056
11529,3,23058
11530,3,23060
11531,3,23062
11532,3,23064
11533,3,23066
11534,3,23068
11535,3,23070
11536,3,23072
11537,3,23074
11538,3,23076
11539,3,23078
11540,3,23080
11541,3,23082
11542,3,23084
11543,3,23086
11544,3,23088
11545,3,23090
11546,3,23092
11547,3,23094
11548,3,23096
11549,3,23098
11550,3,23100
11551,3,23102
11552,3,23104
11553,3,23106
11554,3,23108
11555,3,23110
11556,3,23112
11557,3,23114
11558,3,23116
11559,3,23118
11560,3,23120
11561,3,23122
11562,3,23124
11563,3,23126
11564,3,23128
11565,3,23130
11566,3,23132
11567,3,23134
11568,3,23136
11569,3,23138
11570,3,23140
11571,3,23142
11572,3,23144
11573,3,23146
11574,3,23148
11575,3,23150
11576,3,23152
11577,3,23154
11578,3,23156
11579,3,23158
11580,3,23160
11581,3,23162
11582,3,23164
11583,3,23166
11584,3,23168
11585,3,23170
11586,3,23172
11587,3,23174
11588,3,23176
11589,3,23178
11590,3,23180
11591,3,23182
11592,3,23184
11593,3,23186
11594,3,23188
11595,3,23190
11596,3,23192
11597,3,23194
11598,3,23196
11599,3,23198
11600,3,23200
11601,3,23202
11602,3,23204
11603,3,23206
11604,3,23208
11605,3,23210
11606,3,23212
11607,3,23214
11608,3,23216
11609,3,23218
11610,3,23220
11611,3,23222
11612,3,23224
11613,3,23226
11614,3,23228
11615,3,23230
11616,3,23232
11617,3,23234
11618,3,23236
11619,3,23238
11620,3,23240
11621,3,23242
11622,3,23244
11623,3,23246
11624,3,23248
11625,3,23250
11626,3,23252
11627,3,23254
11628,3,23256
11629,3,23258
11630,3,23260
11631,3,23262
11632,3,23264
11633,3,23266
11634,3,23268
11635,3,23270
11636,3,23272
11637,3,23274
11638,3,23276
11639,3,23278
11640,3,23280
11641,3,23282
11642,3,23284
11643,3,23286
11644,3,23288
11645,3,23290
11646,3,23292
11647,3,23294
11648,3,23296
11649,3,23298
11650,3,23300
11651,3,23302
11652,3,23304
11653,3,23306
11654,3,23308
11655,3,23310
11656,3,23312
11657,3,23314
11658,3,23316
11659,3,23318
11660,3,23320
11661,3,23322
11662,3,23324
11663,3,23326
11664,3,23328
11665,3,23330
11666,3,23332
11667,3,23334
11668,3,23336
11669,3,23338
11670,3,23340
11671,3,23342
11672,3,23344
11673,3,23346
11674,3,23348
11675,3,23350
11676,3,23352
11677,3,23354
11678,3,23356
11679,3,23358
11680,3,23360
11681,3,23362
11682,3,23364
11683,3,23366
11684,3,23368
11685,3,23370
11686,3,23372
11687,3,23374
11688,3,23376
11689,3,23378
11690,3,23380
11691,3,23382
11692,3,23384
11693,3,23386
11694,3,23388
11695,3,23390
11696,3,23392
11697,3,23394
11698,3,23396
11699,3,23398
11700,3,23400
11701,3,23402
11702,3,23404
11703,3,23406
11704,3,23408
11705,3,23410
11706,3,23412
11707,3,23414
11708,3,23416
11709,3,23418
11710,3,23420
11711,3,23422
11712,3,23424
11713,3,23426
11714,3,23428
11715,3,23430
11716,3,23432
11717,3,23434
11718,3,23436
11719,3,23438
11720,3,23440
11721,3,23442
11722,3,23444
11723,3,23446
11724,3,23448
11725,3,23450
11726,3,23452
11727,3,23454
11728,3,23456
11729,3,23458
11730,3,23460
11731,3,23462
11732,3,23464
11733,3,23466
11734,3,23468
11735,3,23470
11736,3,23472
11737,3,23474
11738,3,23476
11739,3,23478
11740,3,23480
11741,3,23482
11742,3,23484
11743,3,23486
11744,3,23488
11745,3,23490
11746,3,23492
11747,3,23494
11748,3,23496
11749,3,23498
11750,3,23500
11751,3,23502
11752,3,23504
11753,3,23506
11754,3,23508
11755,3,23510
11756,3,23512
11757,3,23514
11758,3,23516
11759,3,23518
11760,3,23520
11761,3,23522
11762,3,23524
11763,3,23526
11764,3,23528
11765,3,23530
11766,3,23532
11767,3,23534
11768,3,23536
11769,3,23538
11770,3,23540
11771,3,23542
11772,3,23544
11773,3,23546
11774,3,23548
11775,3,23550
11776,3,23552
11777,3,23554
11778,3,23556
11779,3,23558
11780,3,23560
11781,3,23562
11782,3,23564
11783,3,23566
11784,3,23568
11785,3,23570
11786,3,23572
11787,3,23574
11788,3,23576
11789,3,23578
11790,3,23580
11791,3,23582
11792,3,23584
11793,3,23586
11794,3,23588
11795,3,23590
11796,3,23592
11797,3,23594
11798,3,23596
11799,3,23598
11800,3,23600
11801,3,23602
11802,3,23604
11803,3,23606
11804,3,23608
11805,3,23610
11806,3,23612
11807,3,23614
11808,3,23616
11809,3,23618
11810,3,23620
11811,3,23622
11812,3,23624
11813,3,23626
11814,3,23628
11815,3,23630
11816,3,23632
11817,3,23634
11818,3,23636
11819,3,23638
11820,3,23640
11821,3,23642
11822,3,23644
11823,3,23646
11824,3,23648
11825,3,23650
11826,3,23652
11827,3,23654
11828,3,23656
11829,3,23658
11830,3,23660
11831,3,23662
11832,3,23664
11833,3,23666
11834,3,23668
11835,3,23670
11836,3,23672
11837,3,23674
11838,3,23676
11839,3,23678
11840,3,23680
11841,3,23682
11842,3,23684
11843,3,23686
11844,3,23688
11845,3,23690
11846,3,23692
11847,3,23694
11848,3,23696
11849,3,23698
11850,3,23700
11851,3,23702
11852,3,23704
11853,3,23706
11854,3,23708
11855,3,23710
11856,3,23712
11857,3,23714
11858,3,23716
11859,3,23718
11860,3,23720
11861,3,23722
11862,3,23724
11863,3,23726
11864,3,23728
11865,3,23730
11866,3,23732
11867,3,23734
11868,3,23736
11869,3,23738
11870,3,23740
11871,3,23742
11872,3,23744
11873,3,23746
11874,3,23748
11875,3,23750
11876,3,23752
11877,3,23754
11878,3,23756
11879,3,23758
11880,3,23760
11881,3,23762
11882,3,23764
11883,3,23766
11884,3,23768
11885,3,23770
11886,3,23772
11887,3,23774
11888,3,23776
11889,3,23778
11890,3,23780
11891,3,23782
11892,3,23784
11893,3,23786
11894,3,23788
11895,3,23790
11896,3,23792
11897,3,23794
11898,3,23796
11899,3,23798
11900,3,23800
11901,3,23802
11902,3,23804
11903,3,23806
11904,3,23808
11905,3,23810
11906,3,23812
11907,3,23814
11908,3,23816
11909,3,23818
11910,3,23820
11911,3,23822
11912,3,23824
11913,3,23826
11914,3,23828
11915,3,23830
11916,3,23832
11917,3,23834
11918,3,23836
11919,3,23838
11920,3,23840
11921,3,23842
11922,3,23844
11923,3,23846
11924,3,23848
11925,3,23850
11926,3,23852
11927,3,23854
11928,3,23856
11929,3,23858
11930,3,23860
11931,3,23862
11932,3,23864
11933,3,23866
11934,3,23868
11935,3,23870
11936,3,23872
11937,3,23874
11938,3,23876
11939,3,23878
11940,3,23880
11941,3,23882
11942,3,23884
11943,3,23886
11944,3,23888
11945,3,23890
11946,3,23892
11947,3,23894
11948,3,23896
11949,3,23898
11950,3,23900
11951,3,23902
11952,3,23904
11953,3,23906
11954,3,23908
11955,3,23910
11956,3,23912
11957,3,23914
11958,3,23916
11959,3,23918
11960,3,23920
11961,3,23922
11962,3,23924
11963,3,23926
11964,3,23928
11965,3,23930
11966,3,23932
11967,3,23934
11968,3,23936
11969,3,23938
11970,3,23940
11971,3,23942
11972,3,23944
11973,3,23946
11974,3,23948
11975,3,23950
11976,3,23952
11977,3,23954
11978,3,23956
11979,3,23958
11980,3,23960
11981,3,23962
11982,3,23964
11983,3,23966
11984,3,23968
11985,3,23970
11986,3,23972
11987,3,23974
11988,3,23976
11989,3,23978
11990,3,23980
11991,3,23982
11992,3,23984
11993,3,23986
11994,3,23988
11995,3,23990
11996,3,23992
11997,3,23994
11998,3,23996
11999,3,23998
12000,3,24000
12001,3,24002
12002,3,24004
12003,3,24006
12004,3,24008
12005,3,24010
12006,3,24012
12007,3,24014
12008,3,24016
12009,3,24018
12010,3,24020
12011,3,24022
12012,3,24024
12013,3,24026
12014,3,24028
12015,3,24030
12016,3,24032
12017,3,24034
12018,3,24036
12019,3,24038
12020,3,24040
12021,3,24042
12022,3,24044
12023,3,24046
12024,3,24048
12025,3,24050
12026,3,24052
12027,3,24054
12028,3,24056
12029,3,24058
12030,3,24060
12031,3,24062
12032,3,24064
12033,3,24066
12034,3,24068
12035,3,24070
12036,3,24072
12037,3,24074
12038,3,24076
12039,3,24078
12040,3,24080
12041,3,24082
12042,3,24084
12043,3,24086
12044,3,24088
12045,3,24090
12046,3,24092
12047,3,24094
12048,3,24096
12049,3,24098
12050,3,24100
12051,3,24102
12052,3,24104
12053,3,24106
12054,3,24108
12055,3,24110
12056,3,24112
12057,3,24114
12058,3,24116
12059,3,24118
12060,3,24120
12061,3,24122
12062,3,24124
12063,3,24126
12064,3,24128
12065,3,24130
12066,3,24132
12067,3,24134
12068,3,24136
12069,3,24138
12070,3,24140
12071,3,24142
12072,3,24144
12073,3,24146
12074,3,24148
12075,3,24150
12076,3,24152
12077,3,24154
12078,3,24156
12079,3,24158
12080,3,24160
12081,3,24162
12082,3,24164
12083,3,24166
12084,3,24168
12085,3,24170
12086,3,24172
12087,3,24174
12088,3,24176
12089,3,24178
12090,3,24180
12091,3,24182
12092,3,24184
12093,3,24186
12094,3,24188
12095,3,24190
12096,3,24192
12097,3,24194
12098,3,24196
12099,3,24198
12100,3,24200
12101,3,24202
12102,3,24204
12103,3,24206
12104,3,24208
12105,3,24210
12106,3,24212
12107,3,24214
12108,3,24216
12109,3,24218
12110,3,24220
12111,3,24222
12112,3,24224
12113,3,24226
12114,3,24228
12115,3,24230
12116,3,24232
12117,3,24234
12118,3,24236
12119,3,24238
12120,3,24240
12121,3,24242
12122,3,24244
12123,3,24246
12124,3,24248
12125,3,24250
12126,3,24252
12127,3,24254
12128,3,24256
12129,3,24258
12130,3,24260
12131,3,24262
12132,3,24264
12133,3,24266
12134,3,24268
12135,3,24270
12136,3,24272
12137,3,24274
12138,3,24276
12139,3,24278
12140,3,24280
12141,3,24282
12142,3,24284
12143,3,24286
12144,3,24288
12145,3,24290
12146,3,24292
12147,3,24294
12148,3,24296
12149,3,24298
12150,3,24300
12151,3,24302
12152,3,24304
12153,3,24306
12154,3,24308
12155,3,24310
12156,3,24312
12157,3,24314
12158,3,24316
12159,3,24318
12160,3,24320
12161,3,24322
12162,3,24324
12163,3,24326
12164,3,24328
12165,3,24330
12166,3,24332
12167,3,24334
12168,3,24336
12169,3,24338
12170,3,24340
12171,3,24342
12172,3,24344
12173,3,24346
12174,3,24348
12175,3,24350
12176,3,24352
12177,3,24354
12178,3,24356
12179,3,24358
12180,3,24360
12181,3,24362
12182,3,24364
12183,3,24366
12184,3,24368
12185,3,24370
12186,3,24372
12187,3,24374
12188,3,24376
12189,3,24378
12190,3,24380
12191,3,24382
12192,3,24384
12193,3,24386
12194,3,24388
12195,3,24390
12196,3,24392
12197,3,24394
12198,3,24396
12199,3,24398
12200,3,24400
12201,3,24402
12202,3,24404
12203,3,24406
12204,3,24408
12205,3,24410
12206,3,24412
12207,3,24414
12208,3,24416
12209,3,24418
12210,3,24420
12211,3,24422
12212,3,24424
12213,3,24426
12214,3,24428
12215,3,24430
12216,3,24432
12217,3,24434
12218,3,24436
12219,3,24438
12220,3,24440
12221,3,24442
12222,3,24444
12223,3,24446
12224,3,24448
12225,3,24450
12226,3,24452
12227,3,24454
12228,3,24456
12229,3,24458
12230,3,24460
12231,3,24462
12232,3,24464
12233,3,24466
12234,3,24468
12235,3,24470
12236,3,24472
12237,3,24474
12238,3,24476
12239,3,24478
12240,3,24480
12241,3,24482
12242,3,24484
12243,3,24486
12244,3,24488
12245,3,24490
12246,3,24492
12247,3,24494
12248,3,24496
12249,3,24498
12250,3,24500
12251,3,24502
12252,3,24504
12253,3,24506
12254,3,24508
12255,3,24510
12256,3,24512
12257,3,24514
12258,3,24516
12259,3,24518
12260,3,24520
12261,3,24522
12262,3,24524
12263,3,24526
12264,3,24528
12265,3,24530
12266,3,24532
12267,3,24534
12268,3,24536
12269,3,24538
12270,3,24540
12271,3,24542
12272,3,24544
12273,3,24546
12274,3,24548
12275,3,24550
12276,3,24552
12277,3,24554
12278,3,24556
12279,3,24558
12280,3,24560
12281,3,24562
12282,3,24564
12283,3,24566
12284,3,24568
12285,3,24570
12286,3,24572
12287,3,24574
12288,3,24576
12289,3,24578
12290,3,24580
12291,3,24582
12292,3,24584
12293,3,24586
12294,3,24588
12295,3,24590
12296,3,24592
12297,3,24594
12298,3,24596
12299,3,24598
12300,3,24600
12301,3,24602
12302,3,24604
12303,3,24606
12304,3,24608
12305,3,24610
12306,3,24612
12307,3,24614
12308,3,24616
12309,3,24618
12310,3,24620
12311,3,24622
12312,3,24624
12313,3,24626
12314,3,24628
12315,3,24630
12316,3,24632
12317,3,24634
12318,3,24636
12319,3,24638
12320,3,24640
12321,3,24642
12322,3,24644
12323,3,24646
12324,3,24648
12325,3,24650
12326,3,24652
12327,3,24654
12328,3,24656
12329,3,24658
12330,3,24660
12331,3,24662
12332,3,24664
12333,3,24666
12334,3,24668
12335,3,24670
12336,3,24672
12337,3,24674
12338,3,24676
12339,3,24678
12340,3,24680
12341,3,24682
12342,3,24684
12343,3,24686
12344,3,24688
12345,3,24690
12346,3,24692
12347,3,24694
12348,3,24696
12349,3,24698
12350,3,24700
12351,3,24702
12352,3,24704
12353,3,24706
12354,3,24708
12355,3,24710
12356,3,24712
12357,3,24714
12358,3,24716
12359,3,24718
12360,3,24720
12361,3,24722
12362,3,24724
12363,3,24726
12364,3,24728
12365,3,24730
12366,3,24732
12367,3,24734
12368,3,24736
12369,3,24738
12370,3,24740
12371,3,24742
12372,3,24744
12373,3,24746
12374,3,24748
12375,3,24750
12376,3,24752
12377,3,24754
12378,3,24756
12379,3,24758
12380,3,24760
12381,3,24762
12382,3,24764
12383,3,24766
12384,3,24768
12385,3,24770
12386,3,24772
12387,3,24774
12388,3,24776
12389,3,24778
12390,3,24780
12391,3,24782
12392,3,24784
12393,3,24786
12394,3,24788
12395,3,24790
12396,3,24792
12397,3,24794
12398,3,24796
12399,3,24798
12400,3,24800
12401,3,24802
12402,3,24804
12403,3,24806
12404,3,24808
12405,3,24810
12406,3,24812
12407,3,24814
12408,3,24816
12409,3,24818
12410,3,24820
12411,3,24822
12412,3,24824
12413,3,24826
12414,3,24828
12415,3,24830
12416,3,24832
12417,3,24834
12418,3,24836
12419,3,24838
12420,3,24840
12421,3,24842
12422,3,24844
12423,3,24846
12424,3,24848
12425,3,24850
12426,3,24852
12427,3,24854
12428,3,24856
12429,3,24858
12430,3,24860
12431,3,24862
12432,3,24864
12433,3,24866
12434,3,24868
12435,3,24870
12436,3,24872
12437,3,24874
12438,3,24876
12439,3,24878
12440,3,24880
12441,3,24882
12442,3,24884
12443,3,24886
12444,3,24888
12445,3,24890
12446,3,24892
12447,3,24894
12448,3,24896
12449,3,24898
12450,3,24900
12451,3,24902
12452,3,24904
12453,3,24906
12454,3,24908
12455,3,24910
12456,3,24912
12457,3,24914
12458,3,24916
12459,3,24918
12460,3,24920
12461,3,24922
12462,3,24924
12463,3,24926
12464,3,24928
12465,3,24930
12466,3,24932
12467,3,24934
12468,3,24936
12469,3,24938
12470,3,24940
12471,3,24942
12472,3,24944
12473,3,24946
12474,3,24948
12475,3,24950
12476,3,24952
12477,3,24954
12478,3,24956
12479,3,24958
12480,3,24960
12481,3,24962
12482,3,24964
12483,3,24966
12484,3,24968
12485,3,24970
12486,3,24972
12487,3,24974
12488,3,24976
12489,3,24978
12490,3,24980
12491,3,24982
12492,3,24984
12493,3,24986
12494,3,24988
12495,3,24990
12496,3,24992
12497,3,24994
12498,3,24996
12499,3,24998
12500,3,25000
12501,3,25002
12502,3,25004
12503,3,25006
12504,3,25008
12505,3,25010
12506,3,25012
12507,3,25014
12508,3,25016
12509,3,25018
12510,3,25020
12511,3,25022
12512,3,25024
12513,3,25026
12514,3,25028
12515,3,25030
12516,3,25032
12517,3,25034
12518,3,25036
12519,3,25038
12520,3,25040
12521,3,25042
12522,3,25044
12523,3,25046
12524,3,25048
12525,3,25050
12526,3,25052
12527,3,25054
12528,3,25056
12529,3,25058
12530,3,25060
12531,3,25062
12532,3,25064
12533,3,25066
12534,3,25068
12535,3,25070
12536,3,25072
12537,3,25074
12538,3,25076
12539,3,25078
12540,3,25080
12541,3,25082
12542,3,25084
12543,3,25086
12544,3,25088
12545,3,25090
12546,3,25092
12547,3,25094
12548,3,25096
12549,3,25098
12550,3,25100
12551,3,25102
12552,3,25104
12553,3,25106
12554,3,25108
12555,3,25110
12556,3,25112
12557,3,25114
12558,3,25116
12559,3,25118
12560,3,25120
12561,3,25122
12562,3,25124
12563,3,25126
12564,3,25128
12565,3,25130
12566,3,25132
12567,3,25134
12568,3,25136
12569,3,25138
12570,3,25140
12571,3,25142
12572,3,25144
12573,3,25146
12574,3,25148
12575,3,25150
12576,3,25152
12577,3,25154
12578,3,25156
12579,3,25158
12580,3,25160
12581,3,25162
12582,3,25164
12583,3,25166
12584,3,25168
12585,3,25170
12586,3,25172
12587,3,25174
12588,3,25176
12589,3,25178
12590,3,25180
12591,3,25182
12592,3,25184
12593,3,25186
12594,3,25188
12595,3,25190
12596,3,25192
12597,3,25194
12598,3,25196
12599,3,25198
12600,3,25200
12601,3,25202
12602,3,25204
12603,3,25206
12604,3,25208
12605,3,25210
12606,3,25212
12607,3,25214
12608,3,25216
12609,3,25218
12610,3,25220
12611,3,25222
12612,3,25224
12613,3,25226
12614,3,25228
12615,3,25230
12616,3,25232
12617,3,25234
12618,3,25236
12619,3,25238
12620,3,25240
12621,3,25242
12622,3,25244
12623,3,25246
12624,3,25248
12625,3,25250
12626,3,25252
12627,3,25254
12628,3,25256
12629,3,25258
12630,3,25260
12631,3,25262
12632,3,25264
12633,3,25266
12634,3,25268
12635,3,25270
12636,3,25272
12637,3,25274
12638,3,25276
12639,3,25278
12640,3,25280
12641,3,25282
12642,3,25284
12643,3,25286
12644,3,25288
12645,3,25290
12646,3,25292
12647,3,25294
12648,3,25296
12649,3,25298
12650,3,25300
12651,3,25302
12652,3,25304
12653,3,25306
12654,3,25308
12655,3,25310
12656,3,25312
12657,3,25314
12658,3,25316
12659,3,25318
12660,3,25320
12661,3,25322
12662,3,25324
12663,3,25326
12664,3,25328
12665,3,25330
12666,3,25332
12667,3,25334
12668,3,25336
12669,3,25338
12670,3,25340
12671,3,25342
12672,3,25344
12673,3,25346
12674,3,25348
12675,3,25350
12676,3,25352
12677,3,25354
12678,3,25356
12679,3,25358
12680,3,25360
12681,3,25362
12682,3,25364
12683,3,25366
12684,3,25368
12685,3,25370
12686,3,25372
12687,3,25374
12688,3,25376
12689,3,25378
12690,3,25380
12691,3,25382
12692,3,25384
12693,3,25386
12694,3,25388
12695,3,25390
12696,3,25392
12697,3,25394
12698,3,25396
12699,3,25398
12700,3,25400
12701,3,25402
12702,3,25404
12703,3,25406
12704,3,25408
12705,3,25410
12706,3,25412
12707,3,25414
12708,3,25416
12709,3,25418
12710,3,25420
12711,3,25422
12712,3,25424
12713,3,25426
12714,3,25428
12715,3,25430
12716,3,25432
12717,3,25434
12718,3,25436
12719,3,25438
12720,3,25440
12721,3,25442
12722,3,25444
12723,3,25446
12724,3,25448
12725,3,25450
12726,3,25452
12727,3,25454
12728,3,25456
12729,3,25458
12730,3,25460
12731,3,25462
12732,3,25464
12733,3,25466
12734,3,25468
12735,3,25470
12736,3,25472
12737,3,25474
12738,3,25476
12739,3,25478
12740,3,25480
12741,3,25482
12742,3,25484
12743,3,25486
12744,3,25488
12745,3,25490
12746,3,25492
12747,3,25494
12748,3,25496
12749,3,25498
12750,3,25500
12751,3,25502
12752,3,25504
12753,3,25506
12754,3,25508
12755,3,25510
12756,3,25512
12757,3,25514
12758,3,25516
12759,3,25518
12760,3,25520
12761,3,25522
12762,3,25524
12763,3,25526
12764,3,25528
12765,3,25530
12766,3,25532
12767,3,25534
12768,3,25536
12769,3,25538
12770,3,25540
12771,3,25542
12772,3,25544
12773,3,25546
12774,3,25548
12775,3,25550
12776,3,25552
12777,3,25554
12778,3,25556
12779,3,25558
12780,3,25560
12781,3,25562
12782,3,25564
12783,3,25566
12784,3,25568
12785,3,25570
12786,3,25572
12787,3,25574
12788,3,25576
12789,3,25578
12790,3,25580
12791,3,25582
12792,3,25584
12793,3,25586
12794,3,25588
12795,3,25590
12796,3,25592
12797,3,25594
12798,3,25596
12799,3,25598
12800,3,25600
12801,3,25602
12802,3,25604
12803,3,25606
12804,3,25608
12805,3,25610
12806,3,25612
12807,3,25614
12808,3,25616
12809,3,25618
12810,3,25620
12811,3,25622
12812,3,25624
12813,3,25626
12814,3,25628
12815,3,25630
12816,3,25632
12817,3,25634
12818,3,25636
12819,3,25638
12820,3,25640
12821,3,25642
12822,3,25644
12823,3,25646
12824,3,25648
12825,3,25650
12826,3,25652
12827,3,25654
12828,3,25656
12829,3,25658
12830,3,25660
12831,3,25662
12832,3,25664
12833,3,25666
12834,3,25668
12835,3,25670
12836,3,25672
12837,3,25674
12838,3,25676
12839,3,25678
12840,3,25680
12841,3,25682
12842,3,25684
12843,3,25686
12844,3,25688
12845,3,25690
12846,3,25692
12847,3,25694
12848,3,25696
12849,3,25698
12850,3,25700
12851,3,25702
12852,3,25704
12853,3,25706
12854,3,25708
12855,3,25710
12856,3,25712
12857,4,38571
12858,4,38574
12859,4,38577
12860,4,38580
12861,4,38583
12862,4,38586
12863,4,38589
12864,4,38592
12865,4,38595
12866,4,38598
12867,4,38601
12868,4,38604
12869,4,38607
12870,4,38610
12871,4,38613
12872,4,38616
12873,4,38619
12874,4,38622
12875,4,38625
12876,4,38628
12877,4,38631
12878,4,38634
12879,4,38637
12880,4,38640
12881,4,38643
12882,4,38646
12883,4,38649
12884,4,38652
12885,4,38655
12886,4,38658
12887,4,38661
12888,4,38664
12889,4,38667
12890,4,38670
12891,4,38673
12892,4,38676
12893,4,38679
12894,4,38682
12895,4,38685
12896,4,38688
12897,4,38691
12898,4,38694
12899,4,38697
12900,4,38700
12901,4,38703
12902,4,38706
12903,4,38709
12904,4,38712
12905,4,38715
12906,4,38718
12907,4,38721
12908,4,38724
12909,4,38727
12910,4,38730
12911,4,38733
12912,4,38736
12913,4,38739
12914,4,38742
12915,4,38745
12916,4,38748
12917,4,38751
12918,4,38754
12919,4,38757
12920,4,38760
12921,4,38763
12922,4,38766
12923,4,38769
12924,4,38772
12925,4,38775
12926,4,38778
12927,4,38781
12928,4,38784
12929,4,38787
12930,4,38790
12931,4,38793
12932,4,38796
12933,4,38799
12934,4,38802
12935,4,38805
12936,4,38808
12937,4,38811
12938,4,38814
12939,4,38817
12940,4,38820
12941,4,38823
12942,4,38826
12943,4,38829
12944,4,38832
12945,4,38835
12946,4,38838
12947,4,38841
12948,4,38844
12949,4,38847
12950,4,38850
12951,4,38853
12952,4,38856
12953,4,38859
12954,4,38862
12955,4,38865
12956,4,38868
12957,4,38871
12958,4,38874
12959,4,38877
12960,4,38880
12961,4,38883
12962,4,38886
12963,4,38889
12964,4,38892
12965,4,38895
12966,4,38898
12967,4,38901
12968,4,38904
12969,4,38907
12970,4,38910
12971,4,38913
12972,4,38916
12973,4,38919
12974,4,38922
12975,4,38925
12976,4,38928
12977,4,38931
12978,4,38934
12979,4,38937
12980,4,38940
12981,4,38943
12982,4,38946
12983,4,38949
12984,4,38952
12985,4,38955
12986,4,38958
12987,4,38961
12988,4,38964
12989,4,38967
12990,4,38970
12991,4,38973
12992,4,38976
12993,4,38979
12994,4,38982
12995,4,38985
12996,4,38988
12997,4,38991
12998,4,38994
12999,4,38997
13000,4,39000
13001,4,39003
13002,4,39006
13003,4,39009
13004,4,39012
13005,4,39015
13006,4,39018
13007,4,39021
13008,4,39024
13009,4,39027
13010,4,39030
13011,4,39033
13012,4,39036
13013,4,39039
13014,4,39042
13015,4,39045
13016,4,39048
13017,4,39051
13018,4,39054
13019,4,39057
13020,4,39060
13021,4,39063
13022,4,39066
13023,4,39069
13024,4,39072
13025,4,39075
13026,4,39078
13027,4,39081
13028,4,39084
13029,4,39087
13030,4,39090
13031,4,39093
13032,4,39096
13033,4,39099
13034,4,39102
13035,4,39105
13036,4,39108
13037,4,39111
13038,4,39114
13039,4,39117
13040,4,39120
13041,4,39123
13042,4,39126
13043,4,39129
13044,4,39132
13045,4,39135
13046,4,39138
13047,4,39141
13048,4,39144
13049,4,39147
13050,4,39150
13051,4,39153
13052,4,39156
13053,4,39159
13054,4,39162
13055,4,39165
13056,4,39168
13057,4,39171
13058,4,39174
13059,4,39177
13060,4,39180
13061,4,39183
13062,4,39186
13063,4,39189
13064,4,39192
13065,4,39195
13066,4,39198
13067,4,39201
13068,4,39204
13069,4,39207
13070,4,39210
13071,4,39213
13072,4,39216
13073,4,39219
13074,4,39222
13075,4,39225
13076,4,39228
13077,4,39231
13078,4,39234
13079,4,39237
13080,4,39240
13081,4,39243
13082,4,39246
13083,4,39249
13084,4,39252
13085,4,39255
13086,4,39258
13087,4,39261
13088,4,39264
13089,4,39267
13090,4,39270
13091,4,39273
13092,4,39276
13093,4,39279
13094,4,39282
13095,4,39285
13096,4,39288
13097,4,39291
13098,4,39294
13099,4,39297
13100,4,39300
13101,4,39303
13102,4,39306
13103,4,39309
13104,4,39312
13105,4,39315
13106,4,39318
13107,4,39321
13108,4,39324
13109,4,39327
13110,4,39330
13111,4,39333
13112,4,39336
13113,4,39339
13114,4,39342
13115,4,39345
13116,4,39348
13117,4,39351
13118,4,39354
13119,4,39357
13120,4,39360
13121,4,39363
13122,4,39366
13123,4,39369
13124,4,39372
13125,4,39375
13126,4,39378
13127,4,39381
13128,4,39384
13129,4,39387
13130,4,39390
13131,4,39393
13132,4,39396
13133,4,39399
13134,4,39402
13135,4,39405
13136,4,39408
13137,4,39411
13138,4,39414
13139,4,39417
13140,4,39420
13141,4,39423
13142,4,39426
13143,4,39429
13144,4,39432
13145,4,39435
13146,4,39438
13147,4,39441
13148,4,39444
13149,4,39447
13150,4,39450
13151,4,39453
13152,4,39456
13153,4,39459
13154,4,39462
13155,4,39465
13156,4,39468
13157,4,39471
13158,4,39474
13159,4,39477
13160,4,39480
13161,4,39483
13162,4,39486
13163,4,39489
13164,4,39492
13165,4,39495
13166,4,39498
13167,4,39501
13168,4,39504
13169,4,39507
13170,4,39510
13171,4,39513
13172,4,39516
13173,4,39519
13174,4,39522
13175,4,39525
13176,4,39528
13177,4,39531
13178,4,39534
13179,4,39537
13180,4,39540
13181,4,39543
13182,4,39546
13183,4,39549
13184,4,39552
13185,4,39555
13186,4,39558
13187,4,39561
13188,4,39564
13189,4,39567
13190,4,39570
13191,4,39573
13192,4,39576
13193,4,39579
13194,4,39582
13195,4,39585
13196,4,39588
13197,4,39591
13198,4,39594
13199,4,39597
13200,4,39600
13201,4,39603
13202,4,39606
13203,4,39609
13204,4,39612
13205,4,39615
13206,4,39618
13207,4,39621
13208,4,39624
13209,4,39627
13210,4,39630
13211,4,39633
13212,4,39636
13213,4,39639
13214,4,39642
13215,4,39645
13216,4,39648
13217,4,39651
13218,4,39654
13219,4,39657
13220,4,39660
13221,4,39663
13222,4,39666
13223,4,39669
13224,4,39672
13225,4,39675
13226,4,39678
13227,4,39681
13228,4,39684
13229,4,39687
13230,4,39690
13231,4,39693
13232,4,39696
13233,4,39699
13234,4,39702
13235,4,39705
13236,4,39708
13237,4,39711
13238,4,39714
13239,4,39717
13240,4,39720
13241,4,39723
13242,4,39726
13243,4,39729
13244,4,39732
13245,4,39735
13246,4,39738
13247,4,39741
13248,4,39744
13249,4,39747
13250,4,39750
13251,4,39753
13252,4,39756
13253,4,39759
13254,4,39762
13255,4,39765
13256,4,39768
13257,4,39771
13258,4,39774
13259,4,39777
13260,4,39780
13261,4,39783
13262,4,39786
13263,4,39789
13264,4,39792
13265,4,39795
13266,4,39798
13267,4,39801
13268,4,39804
13269,4,39807
13270,4,39810
13271,4,39813
13272,4,39816
13273,4,39819
13274,4,39822
13275,4,39825
13276,4,39828
13277,4,39831
13278,4,39834
13279,4,39837
13280,4,39840
13281,4,39843
13282,4,39846
13283,4,39849
13284,4,39852
13285,4,39855
13286,4,39858
13287,4,39861
13288,4,39864
13289,4,39867
13290,4,39870
13291,4,39873
13292,4,39876
13293,4,39879
13294,4,39882
13295,4,39885
13296,4,39888
13297,4,39891
13298,4,39894
13299,4,39897
13300,4,39900
13301,4,39903
13302,4,39906
13303,4,39909
13304,4,39912
13305,4,39915
13306,4,39918
13307,4,39921
13308,4,39924
13309,4,39927
13310,4,39930
13311,4,39933
13312,4,39936
13313,4,39939
13314,4,39942
13315,4,39945
13316,4,39948
13317,4,39951
13318,4,39954
13319,4,39957
13320,4,39960
13321,4,39963
13322,4,39966
13323,4,39969
13324,4,39972
13325,4,39975
13326,4,39978
13327,4,39981
13328,4,39984
13329,4,39987
13330,4,39990
13331,4,39993
13332,4,39996
13333,4,39999
13334,4,40002
13335,4,40005
13336,4,40008
13337,4,40011
13338,4,40014
13339,4,40017
13340,4,40020
13341,4,40023
13342,4,40026
13343,4,40029
13344,4,40032
13345,4,40035
13346,4,40038
13347,4,40041
13348,4,40044
13349,4,40047
13350,4,40050
13351,4,40053
13352,4,40056
13353,4,40059
13354,4,40062
13355,4,40065
13356,4,40068
13357,4,40071
13358,4,40074
13359,4,40077
13360,4,40080
13361,4,40083
13362,4,40086
13363,4,40089
13364,4,40092
13365,4,40095
13366,4,40098
13367,4,40101
13368,4,40104
13369,4,40107
13370,4,40110
13371,4,40113
13372,4,40116
13373,4,40119
13374,4,40122
13375,4,40125
13376,4,40128
13377,4,40131
13378,4,40134
13379,4,40137
13380,4,40140
13381,4,40143
13382,4,40146
13383,4,40149
13384,4,40152
13385,4,40155
13386,4,40158
13387,4,40161
13388,4,40164
13389,4,40167
13390,4,40170
13391,4,40173
13392,4,40176
13393,4,40179
13394,4,40182
13395,4,40185
13396,4,40188
13397,4,40191
13398,4,40194
13399,4,40197
13400,4,40200
13401,4,40203
13402,4,40206
13403,4,40209
13404,4,40212
13405,4,40215
13406,4,40218
13407,4,40221
13408,4,40224
13409,4,40227
13410,4,40230
13411,4,40233
13412,4,40236
13413,4,40239
13414,4,40242
13415,4,40245
13416,4,40248
13417,4,40251
13418,4,40254
13419,4,40257
13420,4,40260
13421,4,40263
13422,4,40266
13423,4,40269
13424,4,40272
13425,4,40275
13426,4,40278
13427,4,40281
13428,4,40284
13429,4,40287
13430,4,40290
13431,4,40293
13432,4,40296
13433,4,40299
13434,4,40302
13435,4,40305
13436,4,40308
13437,4,40311
13438,4,40314
13439,4,40317
13440,4,40320
13441,4,40323
13442,4,40326
13443,4,40329
13444,4,40332
13445,4,40335
13446,4,40338
13447,4,40341
13448,4,40344
13449,4,40347
13450,4,40350
13451,4,40353
13452,4,40356
13453,4,40359
13454,4,40362
13455,4,40365
13456,4,40368
13457,4,40371
13458,4,40374
13459,4,40377
13460,4,40380
13461,4,40383
13462,4,40386
13463,4,40389
13464,4,40392
13465,4,40395
13466,4,40398
13467,4,40401
13468,4,40404
13469,4,40407
13470,4,40410
13471,4,40413
13472,4,40416
13473,4,40419
13474,4,40422
13475,4,40425
13476,4,40428
13477,4,40431
13478,4,40434
13479,4,40437
13480,4,40440
13481,4,40443
13482,4,40446
13483,4,40449
13484,4,40452
13485,4,40455
13486,4,40458
13487,4,40461
13488,4,40464
13489,4,40467
13490,4,40470
13491,4,40473
13492,4,40476
13493,4,40479
13494,4,40482
13495,4,40485
13496,4,40488
13497,4,40491
13498,4,40494
13499,4,40497
13500,4,40500
13501,4,40503
13502,4,40506
13503,4,40509
13504,4,40512
13505,4,40515
13506,4,40518
13507,4,40521
13508,4,40524
13509,4,40527
13510,4,40530
13511,4,40533
13512,4,40536
13513,4,40539
13514,4,40542
13515,4,40545
13516,4,40548
13517,4,40551
13518,4,40554
13519,4,40557
13520,4,40560
13521,4,40563
13522,4,40566
13523,4,40569
13524,4,40572
13525,4,40575
13526,4,40578
13527,4,40581
13528,4,40584
13529,4,40587
13530,4,40590
13531,4,40593
13532,4,40596
13533,4,40599
13534,4,40602
13535,4,40605
13536,4,40608
13537,4,40611
13538,4,40614
13539,4,40617
13540,4,40620
13541,4,40623
13542,4,40626
13543,4,40629
13544,4,40632
13545,4,40635
13546,4,40638
13547,4,40641
13548,4,40644
13549,4,40647
13550,4,40650
13551,4,40653
13552,4,40656
13553,4,40659
13554,4,40662
13555,4,40665
13556,4,40668
13557,4,40671
13558,4,40674
13559,4,40677
13560,4,40680
13561,4,40683
13562,4,40686
13563,4,40689
13564,4,40692
13565,4,40695
13566,4,40698
13567,4,40701
13568,4,40704
13569,4,40707
13570,4,40710
13571,4,40713
13572,4,40716
13573,4,40719
13574,4,40722
13575,4,40725
13576,4,40728
13577,4,40731
13578,4,40734
13579,4,40737
13580,4,40740
13581,4,40743
13582,4,40746
13583,4,40749
13584,4,40752
13585,4,40755
13586,4,40758
13587,4,40761
13588,4,40764
13589,4,40767
13590,4,40770
13591,4,40773
13592,4,40776
13593,4,40779
13594,4,40782
13595,4,40785
13596,4,40788
13597,4,40791
13598,4,40794
13599,4,40797
13600,4,40800
13601,4,40803
13602,4,40806
13603,4,40809
13604,4,40812
13605,4,40815
13606,4,40818
13607,4,40821
13608,4,40824
13609,4,40827
13610,4,40830
13611,4,40833
13612,4,40836
13613,4,40839
13614,4,40842
13615,4,40845
13616,4,40848
13617,4,40851
13618,4,40854
13619,4,40857
13620,4,40860
13621,4,40863
13622,4,40866
13623,4,40869
13624,4,40872
13625,4,40875
13626,4,40878
13627,4,40881
13628,4,40884
13629,4,40887
13630,4,40890
13631,4,40893
13632,4,40896
13633,4,40899
13634,4,40902
13635,4,40905
13636,4,40908
13637,4,40911
13638,4,40914
13639,4,40917
13640,4,40920
13641,4,40923
13642,4,40926
13643,4,40929
13644,4,40932
13645,4,40935
13646,4,40938
13647,4,40941
13648,4,40944
13649,4,40947
13650,4,40950
13651,4,40953
13652,4,40956
13653,4,40959
13654,4,40962
13655,4,40965
13656,4,40968
13657,4,40971
13658,4,40974
13659,4,40977
13660,4,40980
13661,4,40983
13662,4,40986
13663,4,40989
13664,4,40992
13665,4,40995
13666,4,40998
13667,4,41001
13668,4,41004
13669,4,41007
13670,4,41010
13671,4,41013
13672,4,41016
13673,4,41019
13674,4,41022
13675,4,41025
13676,4,41028
13677,4,41031
13678,4,41034
13679,4,41037
13680,4,41040
13681,4,41043
13682,4,41046
13683,4,41049
13684,4,41052
13685,4,41055
13686,4,41058
13687,4,41061
13688,4,41064
13689,4,41067
13690,4,41070
13691,4,41073
13692,4,41076
13693,4,41079
13694,4,41082
13695,4,41085
13696,4,41088
13697,4,41091
13698,4,41094
13699,4,41097
13700,4,41100
13701,4,41103
13702,4,41106
13703,4,41109
13704,4,41112
13705,4,41115
13706,4,41118
13707,4,41121
13708,4,41124
13709,4,41127
13710,4,41130
13711,4,41133
13712,4,41136
13713,4,41139
13714,4,41142
13715,4,41145
13716,4,41148
13717,4,41151
13718,4,41154
13719,4,41157
13720,4,41160
13721,4,41163
13722,4,41166
13723,4,41169
13724,4,41172
13725,4,41175
13726,4,41178
13727,4,41181
13728,4,41184
13729,4,41187
13730,4,41190
13731,4,41193
13732,4,41196
13733,4,41199
13734,4,41202
13735,4,41205
13736,4,41208
13737,4,41211
13738,4,41214
13739,4,41217
13740,4,41220
13741,4,41223
13742,4,41226
13743,4,41229
13744,4,41232
13745,4,41235
13746,4,41238
13747,4,41241
13748,4,41244
13749,4,41247
13750,4,41250
13751,4,41253
13752,4,41256
13753,4,41259
13754,4,41262
13755,4,41265
13756,4,41268
13757,4,41271
13758,4,41274
13759,4,41277
13760,4,41280
13761,4,41283
13762,4,41286
13763,4,41289
13764,4,41292
13765,4,41295
13766,4,41298
13767,4,41301
13768,4,41304
13769,4,41307
13770,4,41310
13771,4,41313
13772,4,41316
13773,4,41319
13774,4,41322
13775,4,41325
13776,4,41328
13777,4,41331
13778,4,41334
13779,4,41337
13780,4,41340
13781,4,41343
13782,4,41346
13783,4,41349
13784,4,41352
13785,4,41355
13786,4,41358
13787,4,41361
13788,4,41364
13789,4,41367
13790,4,41370
13791,4,41373
13792,4,41376
13793,4,41379
13794,4,41382
13795,4,41385
13796,4,41388
13797,4,41391
13798,4,41394
13799,4,41397
13800,4,41400
13801,4,41403
13802,4,41406
13803,4,41409
13804,4,41412
13805,4,41415
13806,4,41418
13807,4,41421
13808,4,41424
13809,4,41427
13810,4,41430
13811,4,41433
13812,4,41436
13813,4,41439
13814,4,41442
13815,4,41445
13816,4,41448
13817,4,41451
13818,4,41454
13819,4,41457
13820,4,41460
13821,4,41463
13822,4,41466
13823,4,41469
13824,4,41472
13825,4,41475
13826,4,41478
13827,4,41481
13828,4,41484
13829,4,41487
13830,4,41490
13831,4,41493
13832,4,41496
13833,4,41499
13834,4,41502
13835,4,41505
13836,4,41508
13837,4,41511
13838,4,41514
13839,4,41517
13840,4,41520
13841,4,41523
13842,4,41526
13843,4,41529
13844,4,41532
13845,4,41535
13846,4,41538
13847,4,41541
13848,4,41544
13849,4,41547
13850,4,41550
13851,4,41553
13852,4,41556
13853,4,41559
13854,4,41562
13855,4,41565
13856,4,41568
13857,4,41571
13858,4,41574
13859,4,41577
13860,4,41580
13861,4,41583
13862,4,41586
13863,4,41589
13864,4,41592
13865,4,41595
13866,4,41598
13867,4,41601
13868,4,41604
13869,4,41607
13870,4,41610
13871,4,41613
13872,4,41616
13873,4,41619
13874,4,41622
13875,4,41625
13876,4,41628
13877,4,41631
13878,4,41634
13879,4,41637
13880,4,41640
13881,4,41643
13882,4,41646
13883,4,41649
13884,4,41652
13885,4,41655
13886,4,41658
13887,4,41661
13888,4,41664
13889,4,41667
13890,4,41670
13891,4,41673
13892,4,41676
13893,4,41679
13894,4,41682
13895,4,41685
13896,4,41688
13897,4,41691
13898,4,41694
13899,4,41697
13900,4,41700
13901,4,41703
13902,4,41706
13903,4,41709
13904,4,41712
13905,4,41715
13906,4,41718
13907,4,41721
13908,4,41724
13909,4,41727
13910,4,41730
13911,4,41733
13912,4,41736
13913,4,41739
13914,4,41742
13915,4,41745
13916,4,41748
13917,4,41751
13918,4,41754
13919,4,41757
13920,4,41760
13921,4,41763
13922,4,41766
13923,4,41769
13924,4,41772
13925,4,41775
13926,4,41778
13927,4,41781
13928,4,41784
13929,4,41787
13930,4,41790
13931,4,41793
13932,4,41796
13933,4,41799
13934,4,41802
13935,4,41805
13936,4,41808
13937,4,41811
13938,4,41814
13939,4,41817
13940,4,41820
13941,4,41823
13942,4,41826
13943,4,41829
13944,4,41832
13945,4,41835
13946,4,41838
13947,4,41841
13948,4,41844
13949,4,41847
13950,4,41850
13951,4,41853
13952,4,41856
13953,4,41859
13954,4,41862
13955,4,41865
13956,4,41868
13957,4,41871
13958,4,41874
13959,4,41877
13960,4,41880
13961,4,41883
13962,4,41886
13963,4,41889
13964,4,41892
13965,4,41895
13966,4,41898
13967,4,41901
13968,4,41904
13969,4,41907
13970,4,41910
13971,4,41913
13972,4,41916
13973,4,41919
13974,4,41922
13975,4,41925
13976,4,41928
13977,4,41931
13978,4,41934
13979,4,41937
13980,4,41940
13981,4,41943
13982,4,41946
13983,4,41949
13984,4,41952
13985,4,41955
13986,4,41958
13987,4,41961
13988,4,41964
13989,4,41967
13990,4,41970
13991,4,41973
13992,4,41976
13993,4,41979
13994,4,41982
13995,4,41985
13996,4,41988
13997,4,41991
13998,4,41994
13999,4,41997
14000,4,42000
14001,4,42003
14002,4,42006
14003,4,42009
14004,4,42012
14005,4,42015
14006,4,42018
14007,4,42021
14008,4,42024
14009,4,42027
14010,4,42030
14011,4,42033
14012,4,42036
14013,4,42039
14014,4,42042
14015,4,42045
14016,4,42048
14017,4,42051
14018,4,42054
14019,4,42057
14020,4,42060
14021,4,42063
14022,4,42066
14023,4,42069
14024,4,42072
14025,4,42075
14026,4,42078
14027,4,42081
14028,4,42084
14029,4,42087
14030,4,42090
14031,4,42093
14032,4,42096
14033,4,42099
14034,4,42102
14035,4,42105
14036,4,42108
14037,4,42111
14038,4,42114
14039,4,42117
14040,4,42120
14041,4,42123
14042,4,42126
14043,4,42129
14044,4,42132
14045,4,42135
14046,4,42138
14047,4,42141
14048,4,42144
14049,4,42147
14050,4,42150
14051,4,42153
14052,4,42156
14053,4,42159
14054,4,42162
14055,4,42165
14056,4,42168
14057,4,42171
14058,4,42174
14059,4,42177
14060,4,42180
14061,4,42183
14062,4,42186
14063,4,42189
14064,4,42192
14065,4,42195
14066,4,42198
14067,4,42201
14068,4,42204
14069,4,42207
14070,4,42210
14071,4,42213
14072,4,42216
14073,4,42219
14074,4,42222
14075,4,42225
14076,4,42228
14077,4,42231
14078,4,42234
14079,4,42237
14080,4,42240
14081,4,42243
14082,4,42246
14083,4,42249
14084,4,42252
14085,4,42255
14086,4,42258
14087,4,42261
14088,4,42264
14089,4,42267
14090,4,42270
14091,4,42273
14092,4,42276
14093,4,42279
14094,4,42282
14095,4,42285
14096,4,42288
14097,4,42291
14098,4,42294
14099,4,42297
14100,4,42300
14101,4,42303
14102,4,42306
14103,4,42309
14104,4,42312
14105,4,42315
14106,4,42318
14107,4,42321
14108,4,42324
14109,4,42327
14110,4,42330
14111,4,42333
14112,4,42336
14113,4,42339
14114,4,42342
14115,4,42345
14116,4,42348
14117,4,42351
14118,4,42354
14119,4,42357
14120,4,42360
14121,4,42363
14122,4,42366
14123,4,42369
14124,4,42372
14125,4,42375
14126,4,42378
14127,4,42381
14128,4,42384
14129,4,42387
14130,4,42390
14131,4,42393
14132,4,42396
14133,4,42399
14134,4,42402
14135,4,42405
14136,4,42408
14137,4,42411
14138,4,42414
14139,4,42417
14140,4,42420
14141,4,42423
14142,4,42426
14143,4,42429
14144,4,42432
14145,4,42435
14146,4,42438
14147,4,42441
14148,4,42444
14149,4,42447
14150,4,42450
14151,4,42453
14152,4,42456
14153,4,42459
14154,4,42462
14155,4,42465
14156,4,42468
14157,4,42471
14158,4,42474
14159,4,42477
14160,4,42480
14161,4,42483
14162,4,42486
14163,4,42489
14164,4,42492
14165,4,42495
14166,4,42498
14167,4,42501
14168,4,42504
14169,4,42507
14170,4,42510
14171,4,42513
14172,4,42516
14173,4,42519
14174,4,42522
14175,4,42525
14176,4,42528
14177,4,42531
14178,4,42534
14179,4,42537
14180,4,42540
14181,4,42543
14182,4,42546
14183,4,42549
14184,4,42552
14185,4,42555
14186,4,42558
14187,4,42561
14188,4,42564
14189,4,42567
14190,4,42570
14191,4,42573
14192,4,42576
14193,4,42579
14194,4,42582
14195,4,42585
14196,4,42588
14197,4,42591
14198,4,42594
14199,4,42597
14200,4,42600
14201,4,42603
14202,4,42606
14203,4,42609
14204,4,42612
14205,4,42615
14206,4,42618
14207,4,42621
14208,4,42624
14209,4,42627
14210,4,42630
14211,4,42633
14212,4,42636
14213,4,42639
14214,4,42642
14215,4,42645
14216,4,42648
14217,4,42651
14218,4,42654
14219,4,42657
14220,4,42660
14221,4,42663
14222,4,42666
14223,4,42669
14224,4,42672
14225,4,42675
14226,4,42678
14227,4,42681
14228,4,42684
14229,4,42687
14230,4,42690
14231,4,42693
14232,4,42696
14233,4,42699
14234,4,42702
14235,4,42705
14236,4,42708
14237,4,42711
14238,4,42714
14239,4,42717
14240,4,42720
14241,4,42723
14242,4,42726
14243,4,42729
14244,4,42732
14245,4,42735
14246,4,42738
14247,4,42741
14248,4,42744
14249,4,42747
14250,4,42750
14251,4,42753
14252,4,42756
14253,4,42759
14254,4,42762
14255,4,42765
14256,4,42768
14257,4,42771
14258,4,42774
14259,4,42777
14260,4,42780
14261,4,42783
14262,4,42786
14263,4,42789
14264,4,42792
14265,4,42795
14266,4,42798
14267,4,42801
14268,4,42804
14269,4,42807
14270,4,42810
14271,4,42813
14272,4,42816
14273,4,42819
14274,4,42822
14275,4,42825
14276,4,42828
14277,4,42831
14278,4,42834
14279,4,42837
14280,4,42840
14281,4,42843
14282,4,42846
14283,4,42849
14284,4,42852
14285,4,42855
14286,4,42858
14287,4,42861
14288,4,42864
14289,4,42867
14290,4,42870
14291,4,42873
14292,4,42876
14293,4,42879
14294,4,42882
14295,4,42885
14296,4,42888
14297,4,42891
14298,4,42894
14299,4,42897
14300,4,42900
14301,4,42903
14302,4,42906
14303,4,42909
14304,4,42912
14305,4,42915
14306,4,42918
14307,4,42921
14308,4,42924
14309,4,42927
14310,4,42930
14311,4,42933
14312,4,42936
14313,4,42939
14314,4,42942
14315,4,42945
14316,4,42948
14317,4,42951
14318,4,42954
14319,4,42957
14320,4,42960
14321,4,42963
14322,4,42966
14323,4,42969
14324,4,42972
14325,4,42975
14326,4,42978
14327,4,42981
14328,4,42984
14329,4,42987
14330,4,42990
14331,4,42993
14332,4,42996
14333,4,42999
14334,4,43002
14335,4,43005
14336,4,43008
14337,4,43011
14338,4,43014
14339,4,43017
14340,4,43020
14341,4,43023
14342,4,43026
14343,4,43029
14344,4,43032
14345,4,43035
14346,4,43038
14347,4,43041
14348,4,43044
14349,4,43047
14350,4,43050
14351,4,43053
14352,4,43056
14353,4,43059
14354,4,43062
14355,4,43065
14356,4,43068
14357,4,43071
14358,4,43074
14359,4,43077
14360,4,43080
14361,4,43083
14362,4,43086
14363,4,43089
14364,4,43092
14365,4,43095
14366,4,43098
14367,4,43101
14368,4,43104
14369,4,43107
14370,4,43110
14371,4,43113
14372,4,43116
14373,4,43119
14374,4,43122
14375,4,43125
14376,4,43128
14377,4,43131
14378,4,43134
14379,4,43137
14380,4,43140
14381,4,43143
14382,4,43146
14383,4,43149
14384,4,43152
14385,4,43155
14386,4,43158
14387,4,43161
14388,4,43164
14389,4,43167
14390,4,43170
14391,4,43173
14392,4,43176
14393,4,43179
14394,4,43182
14395,4,43185
14396,4,43188
14397,4,43191
14398,4,43194
14399,4,43197
14400,4,43200
14401,4,43203
14402,4,43206
14403,4,43209
14404,4,43212
14405,4,43215
14406,4,43218
14407,4,43221
14408,4,43224
14409,4,43227
14410,4,43230
14411,4,43233
14412,4,43236
14413,4,43239
14414,4,43242
14415,4,43245
14416,4,43248
14417,4,43251
14418,4,43254
14419,4,43257
14420,4,43260
14421,4,43263
14422,4,43266
14423,4,43269
14424,4,43272
14425,4,43275
14426,4,43278
14427,4,43281
14428,4,43284
14429,4,43287
14430,4,43290
14431,4,43293
14432,4,43296
14433,4,43299
14434,4,43302
14435,4,43305
14436,4,43308
14437,4,43311
14438,4,43314
14439,4,43317
14440,4,43320
14441,4,43323
14442,4,43326
14443,4,43329
14444,4,43332
14445,4,43335
14446,4,43338
14447,4,43341
14448,4,43344
14449,4,43347
14450,4,43350
14451,4,43353
14452,4,43356
14453,4,43359
14454,4,43362
14455,4,43365
14456,4,43368
14457,4,43371
14458,4,43374
14459,4,43377
14460,4,43380
14461,4,43383
14462,4,43386
14463,4,43389
14464,4,43392
14465,4,43395
14466,4,43398
14467,4,43401
14468,4,43404
14469,4,43407
14470,4,43410
14471,4,43413
14472,4,43416
14473,4,43419
14474,4,43422
14475,4,43425
14476,4,43428
14477,4,43431
14478,4,43434
14479,4,43437
14480,4,43440
14481,4,43443
14482,4,43446
14483,4,43449
14484,4,43452
14485,4,43455
14486,4,43458
14487,4,43461
14488,4,43464
14489,4,43467
14490,4,43470
14491,4,43473
14492,4,43476
14493,4,43479
14494,4,43482
14495,4,43485
14496,4,43488
14497,4,43491
14498,4,43494
14499,4,43497
14500,4,43500
14501,4,43503
14502,4,43506
14503,4,43509
14504,4,43512
14505,4,43515
14506,4,43518
14507,4,43521
14508,4,43524
14509,4,43527
14510,4,43530
14511,4,43533
14512,4,43536
14513,4,43539
14514,4,43542
14515,4,43545
14516,4,43548
14517,4,43551
14518,4,43554
14519,4,43557
14520,4,43560
14521,4,43563
14522,4,43566
14523,4,43569
14524,4,43572
14525,4,43575
14526,4,43578
14527,4,43581
14528,4,43584
14529,4,43587
14530,4,43590
14531,4,43593
14532,4,43596
14533,4,43599
14534,4,43602
14535,4,43605
14536,4,43608
14537,4,43611
14538,4,43614
14539,4,43617
14540,4,43620
14541,4,43623
14542,4,43626
14543,4,43629
14544,4,43632
14545,4,43635
14546,4,43638
14547,4,43641
14548,4,43644
14549,4,43647
14550,4,43650
14551,4,43653
14552,4,43656
14553,4,43659
14554,4,43662
14555,4,43665
14556,4,43668
14557,4,43671
14558,4,43674
14559,4,43677
14560,4,43680
14561,4,43683
14562,4,43686
14563,4,43689
14564,4,43692
14565,4,43695
14566,4,43698
14567,4,43701
14568,4,43704
14569,4,43707
14570,4,43710
14571,4,43713
14572,4,43716
14573,4,43719
14574,4,43722
14575,4,43725
14576,4,43728
14577,4,43731
14578,4,43734
14579,4,43737
14580,4,43740
14581,4,43743
14582,4,43746
14583,4,43749
14584,4,43752
14585,4,43755
14586,4,43758
14587,4,43761
14588,4,43764
14589,4,43767
14590,4,43770
14591,4,43773
14592,4,43776
14593,4,43779
14594,4,43782
14595,4,43785
14596,4,43788
14597,4,43791
14598,4,43794
14599,4,43797
14600,4,43800
14601,4,43803
14602,4,43806
14603,4,43809
14604,4,43812
14605,4,43815
14606,4,43818
14607,4,43821
14608,4,43824
14609,4,43827
14610,4,43830
14611,4,43833
14612,4,43836
14613,4,43839
14614,4,43842
14615,4,43845
14616,4,43848
14617,4,43851
14618,4,43854
14619,4,43857
14620,4,43860
14621,4,43863
14622,4,43866
14623,4,43869
14624,4,43872
14625,4,43875
14626,4,43878
14627,4,43881
14628,4,43884
14629,4,43887
14630,4,43890
14631,4,43893
14632,4,43896
14633,4,43899
14634,4,43902
14635,4,43905
14636,4,43908
14637,4,43911
14638,4,43914
14639,4,43917
14640,4,43920
14641,4,43923
14642,4,43926
14643,4,43929
14644,4,43932
14645,4,43935
14646,4,43938
14647,4,43941
14648,4,43944
14649,4,43947
14650,4,43950
14651,4,43953
14652,4,43956
14653,4,43959
14654,4,43962
14655,4,43965
14656,4,43968
14657,4,43971
14658,4,43974
14659,4,43977
14660,4,43980
14661,4,43983
14662,4,43986
14663,4,43989
14664,4,43992
14665,4,43995
14666,4,43998
14667,4,44001
14668,4,44004
14669,4,44007
14670,4,44010
14671,4,44013
14672,4,44016
14673,4,44019
14674,5,44022
14675,5,44025
14676,5,44028
14677,5,44031
14678,5,44034
14679,5,44037
14680,5,44040
14681,5,44043
14682,5,44046
14683,5,44049
14684,5,44052
14685,5,44055
14686,5,44058
14687,5,44061
14688,5,44064
14689,5,44067
14690,5,44070
14691,5,44073
14692,5,44076
14693,5,44079
14694,5,44082
14695,5,44085
14696,5,44088
14697,5,44091
14698,5,44094
14699,5,44097
14700,5,44100
14701,5,44103
14702,5,44106
14703,5,44109
14704,5,44112
14705,5,44115
14706,5,44118
14707,5,44121
14708,5,44124
14709,5,44127
14710,5,44130
14711,5,44133
14712,5,44136
14713,5,44139
14714,5,44142
14715,5,44145
14716,5,44148
14717,5,44151
14718,5,44154
14719,5,44157
14720,5,44160
14721,5,44163
14722,5,44166
14723,5,44169
14724,5,44172
14725,5,44175
14726,5,44178
14727,5,44181
14728,5,44184
14729,5,44187
14730,5,44190
14731,5,44193
14732,5,44196
14733,5,44199
14734,5,44202
14735,5,44205
14736,5,44208
14737,5,44211
14738,5,44214
14739,5,44217
14740,5,44220
14741,5,44223
14742,5,44226
14743,5,44229
14744,5,44232
14745,5,44235
14746,5,44238
14747,5,44241
14748,5,44244
14749,5,44247
14750,5,44250
14751,5,44253
14752,5,44256
14753,5,44259
14754,5,44262
14755,5,44265
14756,5,44268
14757,5,44271
14758,5,44274
14759,5,44277
14760,5,44280
14761,5,44283
14762,5,44286
14763,5,44289
14764,5,44292
14765,5,44295
14766,5,44298
14767,5,44301
14768,5,44304
14769,5,44307
14770,5,44310
14771,5,44313
14772,5,44316
14773,5,44319
14774,5,44322
14775,5,44325
14776,5,44328
14777,5,44331
14778,5,44334
14779,5,44337
14780,5,44340
14781,5,44343
14782,5,44346
14783,5,44349
14784,5,44352
14785,5,44355
14786,5,44358
14787,5,44361
14788,5,44364
14789,5,44367
14790,5,44370
14791,5,44373
14792,5,44376
14793,5,44379
14794,5,44382
14795,5,44385
14796,5,44388
14797,5,44391
14798,5,44394
14799,5,44397
14800,5,44400
14801,5,44403
14802,5,44406
14803,5,44409
14804,5,44412
14805,5,44415
14806,5,44418
14807,5,44421
14808,5,44424
14809,5,44427
14810,5,44430
14811,5,44433
14812,5,44436
14813,5,44439
14814,5,44442
14815,5,44445
14816,5,44448
14817,5,44451
14818,5,44454
14819,5,44457
14820,5,44460
14821,5,44463
14822,5,44466
14823,5,44469
14824,5,44472
14825,5,44475
14826,5,44478
14827,5,44481
14828,5,44484
14829,5,44487
14830,5,44490
14831,5,44493
14832,5,44496
14833,5,44499
14834,5,44502
14835,5,44505
14836,5,44508
14837,5,44511
14838,5,44514
14839,5,44517
14840,5,44520
14841,5,44523
14842,5,44526
14843,5,44529
14844,5,44532
14845,5,44535
14846,5,44538
14847,5,44541
14848,5,44544
14849,5,44547
14850,5,44550
14851,5,44553
14852,5,44556
14853,5,44559
14854,5,44562
14855,5,44565
14856,5,44568
14857,5,44571
14858,5,44574
14859,5,44577
14860,5,44580
14861,5,44583
14862,5,44586
14863,5,44589
14864,5,44592
14865,5,44595
14866,5,44598
14867,5,44601
14868,5,44604
14869,5,44607
14870,5,44610
14871,5,44613
14872,5,44616
14873,5,44619
14874,5,44622
14875,5,44625
14876,5,44628
14877,5,44631
14878,5,44634
14879,5,44637
14880,5,44640
14881,5,44643
14882,5,44646
14883,5,44649
14884,5,44652
14885,5,44655
14886,5,44658
14887,5,44661
14888,5,44664
14889,5,44667
14890,5,44670
14891,5,44673
14892,5,44676
14893,5,44679
14894,5,44682
14895,5,44685
14896,5,44688
14897,5,44691
14898,5,44694
14899,5,44697
14900,5,44700
14901,5,44703
14902,5,44706
14903,5,44709
14904,5,44712
14905,5,44715
14906,5,44718
14907,5,44721
14908,5,44724
14909,5,44727
14910,5,44730
14911,5,44733
14912,5,44736
14913,5,44739
14914,5,44742
14915,5,44745
14916,5,44748
14917,5,44751
14918,5,44754
14919,5,44757
14920,5,44760
14921,5,44763
14922,5,44766
14923,5,44769
14924,5,44772
14925,5,44775
14926,5,44778
14927,5,44781
14928,5,44784
14929,5,44787
14930,5,44790
14931,5,44793
14932,5,44796
14933,5,44799
14934,5,44802
14935,5,44805
14936,5,44808
14937,5,44811
14938,5,44814
14939,5,44817
14940,5,44820
14941,5,44823
14942,5,44826
14943,5,44829
14944,5,44832
14945,5,44835
14946,5,44838
14947,5,44841
14948,5,44844
14949,5,44847
14950,5,44850
14951,5,44853
14952,5,44856
14953,5,44859
14954,5,44862
14955,5,44865
14956,5,44868
14957,5,44871
14958,5,44874
14959,5,44877
14960,5,44880
14961,5,44883
14962,5,44886
14963,5,44889
14964,5,44892
14965,5,44895
14966,5,44898
14967,5,44901
14968,5,44904
14969,5,44907
14970,5,44910
14971,5,44913
14972,5,44916
14973,5,44919
14974,5,44922
14975,5,44925
14976,5,44928
14977,5,44931
14978,5,44934
14979,5,44937
14980,5,44940
14981,5,44943
14982,5,44946
14983,5,44949
14984,5,44952
14985,5,44955
14986,5,44958
14987,5,44961
14988,5,44964
14989,5,44967
14990,5,44970
14991,5,44973
14992,5,44976
14993,5,44979
14994,5,44982
14995,5,44985
14996,5,44988
14997,5,44991
14998,5,44994
14999,5,44997
15000,5,45000
15001,5,45003
15002,5,45006
15003,5,45009
15004,5,45012
15005,5,45015
15006,5,45018
15007,5,45021
15008,5,45024
15009,5,45027
15010,5,45030
15011,5,45033
15012,5,45036
15013,5,45039
15014,5,45042
15015,5,45045
15016,5,45048
15017,5,45051
15018,5,45054
15019,5,45057
15020,5,45060
15021,5,45063
15022,5,45066
15023,5,45069
15024,5,45072
15025,5,45075
15026,5,45078
15027,5,45081
15028,5,45084
15029,5,45087
15030,5,45090
15031,5,45093
15032,5,45096
15033,5,45099
15034,5,45102
15035,5,45105
15036,5,45108
15037,5,45111
15038,5,45114
15039,5,45117
15040,5,45120
15041,5,45123
15042,5,45126
15043,5,45129
15044,5,45132
15045,5,45135
15046,5,45138
15047,5,45141
15048,5,45144
15049,5,45147
15050,5,45150
15051,5,45153
15052,5,45156
15053,5,45159
15054,5,45162
15055,5,45165
15056,5,45168
15057,5,45171
15058,5,45174
15059,5,45177
15060,5,45180
15061,5,45183
15062,5,45186
15063,5,45189
15064,5,45192
15065,5,45195
15066,5,45198
15067,5,45201
15068,5,45204
15069,5,45207
15070,5,45210
15071,5,45213
15072,5,45216
15073,5,45219
15074,5,45222
15075,5,45225
15076,5,45228
15077,5,45231
15078,5,45234
15079,5,45237
15080,5,45240
15081,5,45243
15082,5,45246
15083,5,45249
15084,5,45252
15085,5,45255
15086,5,45258
15087,5,45261
15088,5,45264
15089,5,45267
15090,5,45270
15091,5,45273
15092,5,45276
15093,5,45279
15094,5,45282
15095,5,45285
15096,5,45288
15097,5,45291
15098,5,45294
15099,5,45297
15100,5,45300
15101,5,45303
15102,5,45306
15103,5,45309
15104,5,45312
15105,5,45315
15106,5,45318
15107,5,45321
15108,5,45324
15109,5,45327
15110,5,45330
15111,5,45333
15112,5,45336
15113,5,45339
15114,5,45342
15115,5,45345
15116,5,45348
15117,5,45351
15118,5,45354
15119,5,45357
15120,5,45360
15121,5,45363
15122,5,45366
15123,5,45369
15124,5,45372
15125,5,45375
15126,5,45378
15127,5,45381
15128,5,45384
15129,5,45387
15130,5,45390
15131,5,45393
15132,5,45396
15133,5,45399
15134,5,45402
15135,5,45405
15136,5,45408
15137,5,45411
15138,5,45414
15139,5,45417
15140,5,45420
15141,5,45423
15142,5,45426
15143,5,45429
15144,5,45432
15145,5,45435
15146,5,45438
15147,5,45441
15148,5,45444
15149,5,45447
15150,5,45450
15151,5,45453
15152,5,45456
15153,5,45459
15154,5,45462
15155,5,45465
15156,5,45468
15157,5,45471
15158,5,45474
15159,5,45477
15160,5,45480
15161,5,45483
15162,5,45486
15163,5,45489
15164,5,45492
15165,5,45495
15166,5,45498
15167,5,45501
15168,5,45504
15169,5,45507
15170,5,45510
15171,5,45513
15172,5,45516
15173,5,45519
15174,5,45522
15175,5,45525
15176,5,45528
15177,5,45531
15178,5,45534
15179,5,45537
15180,5,45540
15181,5,45543
15182,5,45546
15183,5,45549
15184,5,45552
15185,5,45555
15186,5,45558
15187,5,45561
15188,5,45564
15189,5,45567
15190,5,45570
15191,5,45573
15192,5,45576
15193,5,45579
15194,5,45582
15195,5,45585
15196,5,45588
15197,5,45591
15198,5,45594
15199,5,45597
15200,5,45600
15201,5,45603
15202,5,45606
15203,5,45609
15204,5,45612
15205,5,45615
15206,5,45618
15207,5,45621
15208,5,45624
15209,5,45627
15210,5,45630
15211,5,45633
15212,5,45636
15213,5,45639
15214,5,45642
15215,5,45645
15216,5,45648
15217,5,45651
15218,5,45654
15219,5,45657
15220,5,45660
15221,5,45663
15222,5,45666
15223,5,45669
15224,5,45672
15225,5,45675
15226,5,45678
15227,5,45681
15228,5,45684
15229,5,45687
15230,5,45690
15231,5,45693
15232,5,45696
15233,5,45699
15234,5,45702
15235,5,45705
15236,5,45708
15237,5,45711
15238,5,45714
15239,5,45717
15240,5,45720
15241,5,45723
15242,5,45726
15243,5,45729
15244,5,45732
15245,5,45735
15246,5,45738
15247,5,45741
15248,5,45744
15249,5,45747
15250,5,45750
15251,5,45753
15252,5,45756
15253,5,45759
15254,5,45762
15255,5,45765
15256,5,45768
15257,5,45771
15258,5,45774
15259,5,45777
15260,5,45780
15261,5,45783
15262,5,45786
15263,5,45789
15264,5,45792
15265,5,45795
15266,5,45798
15267,5,45801
15268,5,45804
15269,5,45807
15270,5,45810
15271,5,45813
15272,5,45816
15273,5,45819
15274,5,45822
15275,5,45825
15276,5,45828
15277,5,45831
15278,5,45834
15279,5,45837
15280,5,45840
15281,5,45843
15282,5,45846
15283,5,45849
15284,5,45852
15285,5,45855
15286,5,45858
15287,5,45861
15288,5,45864
15289,5,45867
15290,5,45870
15291,5,45873
15292,5,45876
15293,5,45879
15294,5,45882
15295,5,45885
15296,5,45888
15297,5,45891
15298,5,45894
15299,5,45897
15300,5,45900
15301,5,45903
15302,5,45906
15303,5,45909
15304,5,45912
15305,5,45915
15306,5,45918
15307,5,45921
15308,5,45924
15309,5,45927
15310,5,45930
15311,5,45933
15312,5,45936
15313,5,45939
15314,5,45942
15315,5,45945
15316,5,45948
15317,5,45951
15318,5,45954
15319,5,45957
15320,5,45960
15321,5,45963
15322,5,45966
15323,5,45969
15324,5,45972
15325,5,45975
15326,5,45978
15327,5,45981
15328,5,45984
15329,5,45987
15330,5,45990
15331,5,45993
15332,5,45996
15333,5,45999
15334,5,46002
15335,5,46005
15336,5,46008
15337,5,46011
15338,5,46014
15339,5,46017
15340,5,46020
15341,5,46023
15342,5,46026
15343,5,46029
15344,5,46032
15345,5,46035
15346,5,46038
15347,5,46041
15348,5,46044
15349,5,46047
15350,5,46050
15351,5,46053
15352,5,46056
15353,5,46059
15354,5,46062
15355,5,46065
15356,5,46068
15357,5,46071
15358,5,46074
15359,5,46077
15360,5,46080
15361,5,46083
15362,5,46086
15363,5,46089
15364,5,46092
15365,5,46095
15366,5,46098
15367,5,46101
15368,5,46104
15369,5,46107
15370,5,46110
15371,5,46113
15372,5,46116
15373,5,46119
15374,5,46122
15375,5,46125
15376,5,46128
15377,5,46131
15378,5,46134
15379,5,46137
15380,5,46140
15381,5,46143
15382,5,46146
15383,5,46149
15384,5,46152
15385,5,46155
15386,5,46158
15387,5,46161
15388,5,46164
15389,5,46167
15390,5,46170
15391,5,46173
15392,5,46176
15393,5,46179
15394,5,46182
15395,5,46185
15396,5,46188
15397,5,46191
15398,5,46194
15399,5,46197
15400,5,46200
15401,5,46203
15402,5,46206
15403,5,46209
15404,5,46212
15405,5,46215
15406,5,46218
15407,5,46221
15408,5,46224
15409,5,46227
15410,5,46230
15411,5,46233
15412,5,46236
15413,5,46239
15414,5,46242
15415,5,46245
15416,5,46248
15417,5,46251
15418,5,46254
15419,5,46257
15420,5,46260
15421,5,46263
15422,5,46266
15423,5,46269
15424,5,46272
15425,5,46275
15426,5,46278
15427,5,46281
15428,5,46284
15429,5,46287
15430,5,46290
15431,5,46293
15432,5,46296
15433,5,46299
15434,5,46302
15435,5,46305
15436,5,46308
15437,5,46311
15438,5,46314
15439,5,46317
15440,5,46320
15441,5,46323
15442,5,46326
15443,5,46329
15444,5,46332
15445,5,46335
15446,5,46338
15447,5,46341
15448,5,46344
15449,5,46347
15450,5,46350
15451,5,46353
15452,5,46356
15453,5,46359
15454,5,46362
15455,5,46365
15456,5,46368
15457,5,46371
15458,5,46374
15459,5,46377
15460,5,46380
15461,5,46383
15462,5,46386
15463,5,46389
15464,5,46392
15465,5,46395
15466,5,46398
15467,5,46401
15468,5,46404
15469,5,46407
15470,5,46410
15471,5,46413
15472,5,46416
15473,5,46419
15474,5,46422
15475,5,46425
15476,5,46428
15477,5,46431
15478,5,46434
15479,5,46437
15480,5,46440
15481,5,46443
15482,5,46446
15483,5,46449
15484,5,46452
15485,5,46455
15486,5,46458
15487,5,46461
15488,5,46464
15489,5,46467
15490,5,46470
15491,5,46473
15492,5,46476
15493,5,46479
15494,5,46482
15495,5,46485
15496,5,46488
15497,5,46491
15498,5,46494
15499,5,46497
15500,5,46500
15501,5,46503
15502,5,46506
15503,5,46509
15504,5,46512
15505,5,46515
15506,5,46518
15507,5,46521
15508,5,46524
15509,5,46527
15510,5,46530
15511,5,46533
15512,5,46536
15513,5,46539
15514,5,46542
15515,5,46545
15516,5,46548
15517,5,46551
15518,5,46554
15519,5,46557
15520,5,46560
15521,5,46563
15522,5,46566
15523,5,46569
15524,5,46572
15525,5,46575
15526,5,46578
15527,5,46581
15528,5,46584
15529,5,46587
15530,5,46590
15531,5,46593
15532,5,46596
15533,5,46599
15534,5,46602
15535,5,46605
15536,5,46608
15537,5,46611
15538,5,46614
15539,5,46617
15540,5,46620
15541,5,46623
15542,5,46626
15543,5,46629
15544,5,46632
15545,5,46635
15546,5,46638
15547,5,46641
15548,5,46644
15549,5,46647
15550,5,46650
15551,5,46653
15552,5,46656
15553,5,46659
15554,5,46662
15555,5,46665
15556,5,46668
15557,5,46671
15558,5,46674
15559,5,46677
15560,5,46680
15561,5,46683
15562,5,46686
15563,5,46689
15564,5,46692
15565,5,46695
15566,5,46698
15567,5,46701
15568,5,46704
15569,5,46707
15570,5,46710
15571,5,46713
15572,5,46716
15573,5,46719
15574,5,46722
15575,5,46725
15576,5,46728
15577,5,46731
15578,5,46734
15579,5,46737
15580,5,46740
15581,5,46743
15582,5,46746
15583,5,46749
15584,5,46752
15585,5,46755
15586,5,46758
15587,5,46761
15588,5,46764
15589,5,46767
15590,5,46770
15591,5,46773
15592,5,46776
15593,5,46779
15594,5,46782
15595,5,46785
15596,5,46788
15597,5,46791
15598,5,46794
15599,5,46797
15600,5,46800
15601,5,46803
15602,5,46806
15603,5,46809
15604,5,46812
15605,5,46815
15606,5,46818
15607,5,46821
15608,5,46824
15609,5,46827
15610,5,46830
15611,5,46833
15612,5,46836
15613,5,46839
15614,5,46842
15615,5,46845
15616,5,46848
15617,5,46851
15618,5,46854
15619,5,46857
15620,5,46860
15621,5,46863
15622,5,46866
15623,5,46869
15624,5,46872
15625,5,46875
15626,5,46878
15627,5,46881
15628,5,46884
15629,5,46887
15630,5,46890
15631,5,46893
15632,5,46896
15633,5,46899
15634,5,46902
15635,5,46905
15636,5,46908
15637,5,46911
15638,5,46914
15639,5,46917
15640,5,46920
15641,5,46923
15642,5,46926
15643,5,46929
15644,5,46932
15645,5,46935
15646,5,46938
15647,5,46941
15648,5,46944
15649,5,46947
15650,5,46950
15651,5,46953
15652,5,46956
15653,5,46959
15654,5,46962
15655,5,46965
15656,5,46968
15657,5,46971
15658,5,46974
15659,5,46977
15660,5,46980
15661,5,46983
15662,5,46986
15663,5,46989
15664,5,46992
15665,5,46995
15666,5,46998
15667,5,47001
15668,5,47004
15669,5,47007
15670,5,47010
15671,5,47013
15672,5,47016
15673,5,47019
15674,5,47022
15675,5,47025
15676,5,47028
15677,5,47031
15678,5,47034
15679,5,47037
15680,5,47040
15681,5,47043
15682,5,47046
15683,5,47049
15684,5,47052
15685,5,47055
15686,5,47058
15687,5,47061
15688,5,47064
15689,5,47067
15690,5,47070
15691,5,47073
15692,5,47076
15693,5,47079
15694,5,47082
15695,5,47085
15696,5,47088
15697,5,47091
15698,5,47094
15699,5,47097
15700,5,47100
15701,5,47103
15702,5,47106
15703,5,47109
15704,5,47112
15705,5,47115
15706,5,47118
15707,5,47121
15708,5,47124
15709,5,47127
15710,5,47130
15711,5,47133
15712,5,47136
15713,5,47139
15714,5,47142
15715,5,47145
15716,5,47148
15717,5,47151
15718,5,47154
15719,5,47157
15720,5,47160
15721,5,47163
15722,5,47166
15723,5,47169
15724,5,47172
15725,5,47175
15726,5,47178
15727,5,47181
15728,5,47184
15729,5,47187
15730,5,47190
15731,5,47193
15732,5,47196
15733,5,47199
15734,5,47202
15735,5,47205
15736,5,47208
15737,5,47211
15738,5,47214
15739,5,47217
15740,5,47220
15741,5,47223
15742,5,47226
15743,5,47229
15744,5,47232
15745,5,47235
15746,5,47238
15747,5,47241
15748,5,47244
15749,5,47247
15750,5,47250
15751,5,47253
15752,5,47256
15753,5,47259
15754,5,47262
15755,5,47265
15756,5,47268
15757,5,47271
15758,5,47274
15759,5,47277
15760,5,47280
15761,5,47283
15762,5,47286
15763,5,47289
15764,5,47292
15765,5,47295
15766,5,47298
15767,5,47301
15768,5,47304
15769,5,47307
15770,5,47310
15771,5,47313
15772,5,47316
15773,5,47319
15774,5,47322
15775,5,47325
15776,5,47328
15777,5,47331
15778,5,47334
15779,5,47337
15780,5,47340
15781,5,47343
15782,5,47346
15783,5,47349
15784,5,47352
15785,5,47355
15786,5,47358
15787,5,47361
15788,5,47364
15789,5,47367
15790,5,47370
15791,5,47373
15792,5,47376
15793,5,47379
15794,5,47382
15795,5,47385
15796,5,47388
15797,5,47391
15798,5,47394
15799,5,47397
15800,5,47400
15801,5,47403
15802,5,47406
15803,5,47409
15804,5,47412
15805,5,47415
15806,5,47418
15807,5,47421
15808,5,47424
15809,5,47427
15810,5,47430
15811,5,47433
15812,5,47436
15813,5,47439
15814,5,47442
15815,5,47445
15816,5,47448
15817,5,47451
15818,5,47454
15819,5,47457
15820,5,47460
15821,5,47463
15822,5,47466
15823,5,47469
15824,5,47472
15825,5,47475
15826,5,47478
15827,5,47481
15828,5,47484
15829,5,47487
15830,5,47490
15831,5,47493
15832,5,47496
15833,5,47499
15834,5,47502
15835,5,47505
15836,5,47508
15837,5,47511
15838,5,47514
15839,5,47517
15840,5,47520
15841,5,47523
15842,5,47526
15843,5,47529
15844,5,47532
15845,5,47535
15846,5,47538
15847,5,47541
15848,5,47544
15849,5,47547
15850,5,47550
15851,5,47553
15852,5,47556
15853,5,47559
15854,5,47562
15855,5,47565
15856,5,47568
15857,5,47571
15858,5,47574
15859,5,47577
15860,5,47580
15861,5,47583
15862,5,47586
15863,5,47589
15864,5,47592
15865,5,47595
15866,5,47598
15867,5,47601
15868,5,47604
15869,5,47607
15870,5,47610
15871,5,47613
15872,5,47616
15873,5,47619
15874,5,47622
15875,5,47625
15876,5,47628
15877,5,47631
15878,5,47634
15879,5,47637
15880,5,47640
15881,5,47643
15882,5,47646
15883,5,47649
15884,5,47652
15885,5,47655
15886,5,47658
15887,5,47661
15888,5,47664
15889,5,47667
15890,5,47670
15891,5,47673
15892,5,47676
15893,5,47679
15894,5,47682
15895,5,47685
15896,5,47688
15897,5,47691
15898,5,47694
15899,5,47697
15900,5,47700
15901,5,47703
15902,5,47706
15903,5,47709
15904,5,47712
15905,5,47715
15906,5,47718
15907,5,47721
15908,5,47724
15909,5,47727
15910,5,47730
15911,5,47733
15912,5,47736
15913,5,47739
15914,5,47742
15915,5,47745
15916,5,47748
15917,5,47751
15918,5,47754
15919,5,47757
15920,5,47760
15921,5,47763
15922,5,47766
15923,5,47769
15924,5,47772
15925,5,47775
15926,5,47778
15927,5,47781
15928,5,47784
15929,5,47787
15930,5,47790
15931,5,47793
15932,5,47796
15933,5,47799
15934,5,47802
15935,5,47805
15936,5,47808
15937,5,47811
15938,5,47814
15939,5,47817
15940,5,47820
15941,5,47823
15942,5,47826
15943,5,47829
15944,5,47832
15945,5,47835
15946,5,47838
15947,5,47841
15948,5,47844
15949,5,47847
15950,5,47850
15951,5,47853
15952,5,47856
15953,5,47859
15954,5,47862
15955,5,47865
15956,5,47868
15957,5,47871
15958,5,47874
15959,5,47877
15960,5,47880
15961,5,47883
15962,5,47886
15963,5,47889
15964,5,47892
15965,5,47895
15966,5,47898
15967,5,47901
15968,5,47904
15969,5,47907
15970,5,47910
15971,5,47913
15972,5,47916
15973,5,47919
15974,5,47922
15975,5,47925
15976,5,47928
15977,5,47931
15978,5,47934
15979,5,47937
15980,5,47940
15981,5,47943
15982,5,47946
15983,5,47949
15984,5,47952
15985,5,47955
15986,5,47958
15987,5,47961
15988,5,47964
15989,5,47967
15990,5,47970
15991,5,47973
15992,5,47976
15993,5,47979
15994,5,47982
15995,5,47985
15996,5,47988
15997,5,47991
15998,5,47994
15999,5,47997
16000,5,48000
16001,5,48003
16002,5,48006
16003,5,48009
16004,5,48012
16005,5,48015
16006,5,48018
16007,5,48021
16008,5,48024
16009,5,48027
16010,5,48030
16011,5,48033
16012,5,48036
16013,5,48039
16014,5,48042
16015,5,48045
16016,5,48048
16017,5,48051
16018,5,48054
16019,5,48057
16020,5,48060
16021,5,48063
16022,5,48066
16023,5,48069
16024,5,48072
16025,5,48075
16026,5,48078
16027,5,48081
16028,5,48084
16029,5,48087
16030,5,48090
16031,5,48093
16032,5,48096
16033,5,48099
16034,5,48102
16035,5,48105
16036,5,48108
16037,5,48111
16038,5,48114
16039,5,48117
16040,5,48120
16041,5,48123
16042,5,48126
16043,5,48129
16044,5,48132
16045,5,48135
16046,5,48138
16047,5,48141
16048,5,48144
16049,5,48147
16050,5,48150
16051,5,48153
16052,5,48156
16053,5,48159
16054,5,48162
16055,5,48165
16056,5,48168
16057,5,48171
16058,5,48174
16059,5,48177
16060,5,48180
16061,5,48183
16062,5,48186
16063,5,48189
16064,5,48192
16065,5,48195
16066,5,48198
16067,5,48201
16068,5,48204
16069,5,48207
16070,5,48210
16071,5,48213
16072,5,48216
16073,5,48219
16074,5,48222
16075,5,48225
16076,5,48228
16077,5,48231
16078,5,48234
16079,5,48237
16080,5,48240
16081,5,48243
16082,5,48246
16083,5,48249
16084,5,48252
16085,5,48255
16086,5,48258
16087,5,48261
16088,5,48264
16089,5,48267
16090,5,48270
16091,5,48273
16092,5,48276
16093,5,48279
16094,5,48282
16095,5,48285
16096,5,48288
16097,5,48291
16098,5,48294
16099,5,48297
16100,5,48300
16101,5,48303
16102,5,48306
16103,5,48309
16104,5,48312
16105,5,48315
16106,5,48318
16107,5,48321
16108,5,48324
16109,5,48327
16110,5,48330
16111,5,48333
16112,5,48336
16113,5,48339
16114,5,48342
16115,5,48345
16116,5,48348
16117,5,48351
16118,5,48354
16119,5,48357
16120,5,48360
16121,5,48363
16122,5,48366
16123,5,48369
16124,5,48372
16125,5,48375
16126,5,48378
16127,5,48381
16128,5,48384
16129,5,48387
16130,5,48390
16131,5,48393
16132,5,48396
16133,5,48399
16134,5,48402
16135,5,48405
16136,5,48408
16137,5,48411
16138,5,48414
16139,5,48417
16140,5,48420
16141,5,48423
16142,5,48426
16143,5,48429
16144,5,48432
16145,5,48435
16146,5,48438
16147,5,48441
16148,5,48444
16149,5,48447
16150,5,48450
16151,5,48453
16152,5,48456
16153,5,48459
16154,5,48462
16155,5,48465
16156,5,48468
16157,5,48471
16158,5,48474
16159,5,48477
16160,5,48480
16161,5,48483
16162,5,48486
16163,5,48489
16164,5,48492
16165,5,48495
16166,5,48498
16167,5,48501
16168,5,48504
16169,5,48507
16170,5,48510
16171,5,48513
16172,5,48516
16173,5,48519
16174,5,48522
16175,5,48525
16176,5,48528
16177,5,48531
16178,5,48534
16179,5,48537
16180,5,48540
16181,5,48543
16182,5,48546
16183,5,48549
16184,5,48552
16185,5,48555
16186,5,48558
16187,5,48561
16188,5,48564
16189,5,48567
16190,5,48570
16191,5,48573
16192,5,48576
16193,5,48579
16194,5,48582
16195,5,48585
16196,5,48588
16197,5,48591
16198,5,48594
16199,5,48597
16200,5,48600
16201,5,48603
16202,5,48606
16203,5,48609
16204,5,48612
16205,5,48615
16206,5,48618
16207,5,48621
16208,5,48624
16209,5,48627
16210,5,48630
16211,5,48633
16212,5,48636
16213,5,48639
16214,5,48642
16215,5,48645
16216,5,48648
16217,5,48651
16218,5,48654
16219,5,48657
16220,5,48660
16221,5,48663
16222,5,48666
16223,5,48669
16224,5,48672
16225,5,48675
16226,5,48678
16227,5,48681
16228,5,48684
16229,5,48687
16230,5,48690
16231,5,48693
16232,5,48696
16233,5,48699
16234,5,48702
16235,5,48705
16236,5,48708
16237,5,48711
16238,5,48714
16239,5,48717
16240,5,48720
16241,5,48723
16242,5,48726
16243,5,48729
16244,5,48732
16245,5,48735
16246,5,48738
16247,5,48741
16248,5,48744
16249,6,48747
16250,6,48750
16251,6,48753
16252,6,48756
16253,6,48759
16254,6,48762
16255,6,48765
16256,6,48768
16257,6,48771
16258,6,48774
16259,6,48777
16260,6,48780
16261,6,48783
16262,6,48786
16263,6,48789
16264,6,48792
16265,6,48795
16266,6,48798
16267,6,48801
16268,6,48804
16269,6,48807
16270,6,48810
16271,6,48813
16272,6,48816
16273,6,48819
16274,6,48822
16275,6,48825
16276,6,48828
16277,6,48831
16278,6,48834
16279,6,48837
16280,6,48840
16281,6,48843
16282,6,48846
16283,6,48849
16284,6,48852
16285,6,48855
16286,6,48858
16287,6,48861
16288,6,48864
16289,6,48867
16290,6,48870
16291,6,48873
16292,6,48876
16293,6,48879
16294,6,48882
16295,6,48885
16296,6,48888
16297,6,48891
16298,6,48894
16299,6,48897
16300,6,48900
16301,6,48903
16302,6,48906
16303,6,48909
16304,6,48912
16305,6,48915
16306,6,48918
16307,6,48921
16308,6,48924
16309,6,48927
16310,6,48930
16311,6,48933
16312,6,48936
16313,6,48939
16314,6,48942
16315,6,48945
16316,6,48948
16317,6,48951
16318,6,48954
16319,6,48957
16320,6,48960
16321,6,48963
16322,6,48966
16323,6,48969
16324,6,48972
16325,6,48975
16326,6,48978
16327,6,48981
16328,6,48984
16329,6,48987
16330,6,48990
16331,6,48993
16332,6,48996
16333,6,48999
16334,6,49002
16335,6,49005
16336,6,49008
16337,6,49011
16338,6,49014
16339,6,49017
16340,6,49020
16341,6,49023
16342,6,49026
16343,6,49029
16344,6,49032
16345,6,49035
16346,6,49038
16347,6,49041
16348,6,49044
16349,6,49047
16350,6,49050
16351,6,49053
16352,6,49056
16353,6,49059
16354,6,49062
16355,6,49065
16356,6,49068
16357,6,49071
16358,6,49074
16359,6,49077
16360,6,49080
16361,6,49083
16362,6,49086
16363,6,49089
16364,6,49092
16365,6,49095
16366,6,49098
16367,6,49101
16368,6,49104
16369,6,49107
16370,6,49110
16371,6,49113
16372,6,49116
16373,6,49119
16374,6,49122
16375,6,49125
16376,6,49128
16377,6,49131
16378,6,49134
16379,6,49137
16380,6,49140
16381,6,49143
16382,6,49146
16383,6,49149
16384,6,49152
16385,6,49155
16386,6,49158
16387,6,49161
16388,6,49164
16389,6,49167
16390,6,49170
16391,6,49173
16392,6,49176
16393,6,49179
16394,6,49182
16395,6,49185
16396,6,49188
16397,6,49191
16398,6,49194
16399,6,49197
16400,6,49200
16401,6,49203
16402,6,49206
16403,6,49209
16404,6,49212
16405,6,49215
16406,6,49218
16407,6,49221
16408,6,49224
16409,6,49227
16410,6,49230
16411,6,49233
16412,6,49236
16413,6,49239
16414,6,49242
16415,6,49245
16416,6,49248
16417,6,49251
16418,6,49254
16419,6,49257
16420,6,49260
16421,6,49263
16422,6,49266
16423,6,49269
16424,6,49272
16425,6,49275
16426,6,49278
16427,6,49281
16428,6,49284
16429,6,49287
16430,6,49290
16431,6,49293
16432,6,49296
16433,6,49299
16434,6,49302
16435,6,49305
16436,6,49308
16437,6,49311
16438,6,49314
16439,6,49317
16440,6,49320
16441,6,49323
16442,6,49326
16443,6,49329
16444,6,49332
16445,6,49335
16446,6,49338
16447,6,49341
16448,6,49344
16449,6,49347
16450,6,49350
16451,6,49353
16452,6,49356
16453,6,49359
16454,6,49362
16455,6,49365
16456,6,49368
16457,6,49371
16458,6,49374
16459,6,49377
16460,6,49380
16461,6,49383
16462,6,49386
16463,6,49389
16464,6,49392
16465,6,49395
16466,6,49398
16467,6,49401
16468,6,49404
16469,6,49407
16470,6,49410
16471,6,49413
16472,6,49416
16473,6,49419
16474,6,49422
16475,6,49425
16476,6,49428
16477,6,49431
16478,6,49434
16479,6,49437
16480,6,49440
16481,6,49443
16482,6,49446
16483,6,49449
16484,6,49452
16485,6,49455
16486,6,49458
16487,6,49461
16488,6,49464
16489,6,49467
16490,6,49470
16491,6,49473
16492,6,49476
16493,6,49479
16494,6,49482
16495,6,49485
16496,6,49488
16497,6,49491
16498,6,49494
16499,6,49497
16500,6,49500
16501,6,49503
16502,6,49506
16503,6,49509
16504,6,49512
16505,6,49515
16506,6,49518
16507,6,49521
16508,6,49524
16509,6,49527
16510,6,49530
16511,6,49533
16512,6,49536
16513,6,49539
16514,6,49542
16515,6,49545
16516,6,49548
16517,6,49551
16518,6,49554
16519,6,49557
16520,6,49560
16521,6,49563
16522,6,49566
16523,6,49569
16524,6,49572
16525,6,49575
16526,6,49578
16527,6,49581
16528,6,49584
16529,6,49587
16530,6,49590
16531,6,49593
16532,6,49596
16533,6,49599
16534,6,49602
16535,6,49605
16536,6,49608
16537,6,49611
16538,6,49614
16539,6,49617
16540,6,49620
16541,6,49623
16542,6,49626
16543,6,49629
16544,6,49632
16545,6,49635
16546,6,49638
16547,6,49641
16548,6,49644
16549,6,49647
16550,6,49650
16551,6,49653
16552,6,49656
16553,6,49659
16554,6,49662
16555,6,49665
16556,6,49668
16557,6,49671
16558,6,49674
16559,6,49677
16560,6,49680
16561,6,49683
16562,6,49686
16563,6,49689
16564,6,49692
16565,6,49695
16566,6,49698
16567,6,49701
16568,6,49704
16569,6,49707
16570,6,49710
16571,6,49713
16572,6,49716
16573,6,49719
16574,6,49722
16575,6,49725
16576,6,49728
16577,6,49731
16578,6,49734
16579,6,49737
16580,6,49740
16581,6,49743
16582,6,49746
16583,6,49749
16584,6,49752
16585,6,49755
16586,6,49758
16587,6,49761
16588,6,49764
16589,6,49767
16590,6,49770
16591,6,49773
16592,6,49776
16593,6,49779
16594,6,49782
16595,6,49785
16596,6,49788
16597,6,49791
16598,6,49794
16599,6,49797
16600,6,49800
16601,6,49803
16602,6,49806
16603,6,49809
16604,6,49812
16605,6,49815
16606,6,49818
16607,6,49821
16608,6,49824
16609,6,49827
16610,6,49830
16611,6,49833
16612,6,49836
16613,6,49839
16614,6,49842
16615,6,49845
16616,6,49848
16617,6,49851
16618,6,49854
16619,6,49857
16620,6,49860
16621,6,49863
16622,6,49866
16623,6,49869
16624,6,49872
16625,6,49875
16626,6,49878
16627,6,49881
16628,6,49884
16629,6,49887
16630,6,49890
16631,6,49893
16632,6,49896
16633,6,49899
16634,6,49902
16635,6,49905
16636,6,49908
16637,6,49911
16638,6,49914
16639,6,49917
16640,6,49920
16641,6,49923
16642,6,49926
16643,6,49929
16644,6,49932
16645,6,49935
16646,6,49938
16647,6,49941
16648,6,49944
16649,6,49947
16650,6,49950
16651,6,49953
16652,6,49956
16653,6,49959
16654,6,49962
16655,6,49965
16656,6,49968
16657,6,49971
16658,6,49974
16659,6,49977
16660,6,49980
16661,6,49983
16662,6,49986
16663,6,49989
16664,6,49992
16665,6,49995
16666,6,49998
16667,6,50001
16668,6,50004
16669,6,50007
16670,6,50010
16671,6,50013
16672,6,50016
16673,6,50019
16674,6,50022
16675,6,50025
16676,6,50028
16677,6,50031
16678,6,50034
16679,6,50037
16680,6,50040
16681,6,50043
16682,6,50046
16683,6,50049
16684,6,50052
16685,6,50055
16686,6,50058
16687,6,50061
16688,6,50064
16689,6,50067
16690,6,50070
16691,6,50073
16692,6,50076
16693,6,50079
16694,6,50082
16695,6,50085
16696,6,50088
16697,6,50091
16698,6,50094
16699,6,50097
16700,6,50100
16701,6,50103
16702,6,50106
16703,6,50109
16704,6,50112
16705,6,50115
16706,6,50118
16707,6,50121
16708,6,50124
16709,6,50127
16710,6,50130
16711,6,50133
16712,6,50136
16713,6,50139
16714,6,50142
16715,6,50145
16716,6,50148
16717,6,50151
16718,6,50154
16719,6,50157
16720,6,50160
16721,6,50163
16722,6,50166
16723,6,50169
16724,6,50172
16725,6,50175
16726,6,50178
16727,6,50181
16728,6,50184
16729,6,50187
16730,6,50190
16731,6,50193
16732,6,50196
16733,6,50199
16734,6,50202
16735,6,50205
16736,6,50208
16737,6,50211
16738,6,50214
16739,6,50217
16740,6,50220
16741,6,50223
16742,6,50226
16743,6,50229
16744,6,50232
16745,6,50235
16746,6,50238
16747,6,50241
16748,6,50244
16749,6,50247
16750,6,50250
16751,6,50253
16752,6,50256
16753,6,50259
16754,6,50262
16755,6,50265
16756,6,50268
16757,6,50271
16758,6,50274
16759,6,50277
16760,6,50280
16761,6,50283
16762,6,50286
16763,6,50289
16764,6,50292
16765,6,50295
16766,6,50298
16767,6,50301
16768,6,50304
16769,6,50307
16770,6,50310
16771,6,50313
16772,6,50316
16773,6,50319
16774,6,50322
16775,6,50325
16776,6,50328
16777,6,50331
16778,6,50334
16779,6,50337
16780,6,50340
16781,6,50343
16782,6,50346
16783,6,50349
16784,6,50352
16785,6,50355
16786,6,50358
16787,6,50361
16788,6,50364
16789,6,50367
16790,6,50370
16791,6,50373
16792,6,50376
16793,6,50379
16794,6,50382
16795,6,50385
16796,6,50388
16797,6,50391
16798,6,50394
16799,6,50397
16800,6,50400
16801,6,50403
16802,6,50406
16803,6,50409
16804,6,50412
16805,6,50415
16806,6,50418
16807,6,50421
16808,6,50424
16809,6,50427
16810,6,50430
16811,6,50433
16812,6,50436
16813,6,50439
16814,6,50442
16815,6,50445
16816,6,50448
16817,6,50451
16818,6,50454
16819,6,50457
16820,6,50460
16821,6,50463
16822,6,50466
16823,6,50469
16824,6,50472
16825,6,50475
16826,6,50478
16827,6,50481
16828,6,50484
16829,6,50487
16830,6,50490
16831,6,50493
16832,6,50496
16833,6,50499
16834,6,50502
16835,6,50505
16836,6,50508
16837,6,50511
16838,6,50514
16839,6,50517
16840,6,50520
16841,6,50523
16842,6,50526
16843,6,50529
16844,6,50532
16845,6,50535
16846,6,50538
16847,6,50541
16848,6,50544
16849,6,50547
16850,6,50550
16851,6,50553
16852,6,50556
16853,6,50559
16854,6,50562
16855,6,50565
16856,6,50568
16857,6,50571
16858,6,50574
16859,6,50577
16860,6,50580
16861,6,50583
16862,6,50586
16863,6,50589
16864,6,50592
16865,6,50595
16866,6,50598
16867,6,50601
16868,6,50604
16869,6,50607
16870,6,50610
16871,6,50613
16872,6,50616
16873,6,50619
16874,6,50622
16875,6,50625
16876,6,50628
16877,6,50631
16878,6,50634
16879,6,50637
16880,6,50640
16881,6,50643
16882,6,50646
16883,6,50649
16884,6,50652
16885,6,50655
16886,6,50658
16887,6,50661
16888,6,50664
16889,6,50667
16890,6,50670
16891,6,50673
16892,6,50676
16893,6,50679
16894,6,50682
16895,6,50685
16896,6,50688
16897,6,50691
16898,6,50694
16899,6,50697
16900,6,50700
16901,6,50703
16902,6,50706
16903,6,50709
16904,6,50712
16905,6,50715
16906,6,50718
16907,6,50721
16908,6,50724
16909,6,50727
16910,6,50730
16911,6,50733
16912,6,50736
16913,6,50739
16914,6,50742
16915,6,50745
16916,6,50748
16917,6,50751
16918,6,50754
16919,6,50757
16920,6,50760
16921,6,50763
16922,6,50766
16923,6,50769
16924,6,50772
16925,6,50775
16926,6,50778
16927,6,50781
16928,6,50784
16929,6,50787
16930,6,50790
16931,6,50793
16932,6,50796
16933,6,50799
16934,6,50802
16935,6,50805
16936,6,50808
16937,6,50811
16938,6,50814
16939,6,50817
16940,6,50820
16941,6,50823
16942,6,50826
16943,6,50829
16944,6,50832
16945,6,50835
16946,6,50838
16947,6,50841
16948,6,50844
16949,6,50847
16950,6,50850
16951,6,50853
16952,6,50856
16953,6,50859
16954,6,50862
16955,6,50865
16956,6,50868
16957,6,50871
16958,6,50874
16959,6,50877
16960,6,50880
16961,6,50883
16962,6,50886
16963,6,50889
16964,6,50892
16965,6,50895
16966,6,50898
16967,6,50901
16968,6,50904
16969,6,50907
16970,6,50910
16971,6,50913
16972,6,50916
16973,6,50919
16974,6,50922
16975,6,50925
16976,6,50928
16977,6,50931
16978,6,50934
16979,6,50937
16980,6,50940
16981,6,50943
16982,6,50946
16983,6,50949
16984,6,50952
16985,6,50955
16986,6,50958
16987,6,50961
16988,6,50964
16989,6,50967
16990,6,50970
16991,6,50973
16992,6,50976
16993,6,50979
16994,6,50982
16995,6,50985
16996,6,50988
16997,6,50991
16998,6,50994
16999,6,50997
17000,6,51000
17001,6,51003
17002,6,51006
17003,6,51009
17004,6,51012
17005,6,51015
17006,6,51018
17007,6,51021
17008,6,51024
17009,6,51027
17010,6,51030
17011,6,51033
17012,6,51036
17013,6,51039
17014,6,51042
17015,6,51045
17016,6,51048
17017,6,51051
17018,6,51054
17019,6,51057
17020,6,51060
17021,6,51063
17022,6,51066
17023,6,51069
17024,6,51072
17025,6,51075
17026,6,51078
17027,6,51081
17028,6,51084
17029,6,51087
17030,6,51090
17031,6,51093
17032,6,51096
17033,6,51099
17034,6,51102
17035,6,51105
17036,6,51108
17037,6,51111
17038,6,51114
17039,6,51117
17040,6,51120
17041,6,51123
17042,6,51126
17043,6,51129
17044,6,51132
17045,6,51135
17046,6,51138
17047,6,51141
17048,6,51144
17049,6,51147
17050,6,51150
17051,6,51153
17052,6,51156
17053,6,51159
17054,6,51162
17055,6,51165
17056,6,51168
17057,6,51171
17058,6,51174
17059,6,51177
17060,6,51180
17061,6,51183
17062,6,51186
17063,6,51189
17064,6,51192
17065,6,51195
17066,6,51198
17067,6,51201
17068,6,51204
17069,6,51207
17070,6,51210
17071,6,51213
17072,6,51216
17073,6,51219
17074,6,51222
17075,6,51225
17076,6,51228
17077,6,51231
17078,6,51234
17079,6,51237
17080,6,51240
17081,6,51243
17082,6,51246
17083,6,51249
17084,6,51252
17085,6,51255
17086,6,51258
17087,6,51261
17088,6,51264
17089,6,51267
17090,6,51270
17091,6,51273
17092,6,51276
17093,6,51279
17094,6,51282
17095,6,51285
17096,6,51288
17097,6,51291
17098,6,51294
17099,6,51297
17100,6,51300
17101,6,51303
17102,6,51306
17103,6,51309
17104,6,51312
17105,6,51315
17106,6,51318
17107,6,51321
17108,6,51324
17109,6,51327
17110,6,51330
17111,6,51333
17112,6,51336
17113,6,51339
17114,6,51342
17115,6,51345
17116,6,51348
17117,6,51351
17118,6,51354
17119,6,51357
17120,6,51360
17121,6,51363
17122,6,51366
17123,6,51369
17124,6,51372
17125,6,51375
17126,6,51378
17127,6,51381
17128,6,51384
17129,6,51387
17130,6,51390
17131,6,51393
17132,6,51396
17133,6,51399
17134,6,51402
17135,6,51405
17136,6,51408
17137,6,51411
17138,6,51414
17139,6,51417
17140,6,51420
17141,6,51423
17142,6,51426
17143,6,51429
17144,6,51432
17145,6,51435
17146,6,51438
17147,6,51441
17148,6,51444
17149,6,51447
17150,6,51450
17151,6,51453
17152,6,51456
17153,6,51459
17154,6,51462
17155,6,51465
17156,6,51468
17157,6,51471
17158,6,51474
17159,6,51477
17160,6,51480
17161,6,51483
17162,6,51486
17163,6,51489
17164,6,51492
17165,6,51495
17166,6,51498
17167,6,51501
17168,6,51504
17169,6,51507
17170,6,51510
17171,6,51513
17172,6,51516
17173,6,51519
17174,6,51522
17175,6,51525
17176,6,51528
17177,6,51531
17178,6,51534
17179,6,51537
17180,6,51540
17181,6,51543
17182,6,51546
17183,6,51549
17184,6,51552
17185,6,51555
17186,6,51558
17187,6,51561
17188,6,51564
17189,6,51567
17190,6,51570
17191,6,51573
17192,6,51576
17193,6,51579
17194,6,51582
17195,6,51585
17196,6,51588
17197,6,51591
17198,6,51594
17199,6,51597
17200,6,51600
17201,6,51603
17202,6,51606
17203,6,51609
17204,6,51612
17205,6,51615
17206,6,51618
17207,6,51621
17208,6,51624
17209,6,51627
17210,6,51630
17211,6,51633
17212,6,51636
17213,6,51639
17214,6,51642
17215,6,51645
17216,6,51648
17217,6,51651
17218,6,51654
17219,6,51657
17220,6,51660
17221,6,51663
17222,6,51666
17223,6,51669
17224,6,51672
17225,6,51675
17226,6,51678
17227,6,51681
17228,6,51684
17229,6,51687
17230,6,51690
17231,6,51693
17232,6,51696
17233,6,51699
17234,6,51702
17235,6,51705
17236,6,51708
17237,6,51711
17238,6,51714
17239,6,51717
17240,6,51720
17241,6,51723
17242,6,51726
17243,6,51729
17244,6,51732
17245,6,51735
17246,6,51738
17247,6,51741
17248,6,51744
17249,6,51747
17250,6,51750
17251,6,51753
17252,6,51756
17253,6,51759
17254,6,51762
17255,6,51765
17256,6,51768
17257,6,51771
17258,6,51774
17259,6,51777
17260,6,51780
17261,6,51783
17262,6,51786
17263,6,51789
17264,6,51792
17265,6,51795
17266,6,51798
17267,6,51801
17268,6,51804
17269,6,51807
17270,6,51810
17271,6,51813
17272,6,51816
17273,6,51819
17274,6,51822
17275,6,51825
17276,6,51828
17277,6,51831
17278,6,51834
17279,6,51837
17280,6,51840
17281,6,51843
17282,6,51846
17283,6,51849
17284,6,51852
17285,6,51855
17286,6,51858
17287,6,51861
17288,6,51864
17289,6,51867
17290,6,51870
17291,6,51873
17292,6,51876
17293,6,51879
17294,6,51882
17295,6,51885
17296,6,51888
17297,6,51891
17298,6,51894
17299,6,51897
17300,6,51900
17301,6,51903
17302,6,51906
17303,6,51909
17304,6,51912
17305,6,51915
17306,6,51918
17307,6,51921
17308,6,51924
17309,6,51927
17310,6,51930
17311,6,51933
17312,6,51936
17313,6,51939
17314,6,51942
17315,6,51945
17316,6,51948
17317,6,51951
17318,6,51954
17319,6,51957
17320,6,51960
17321,6,51963
17322,6,51966
17323,6,51969
17324,6,51972
17325,6,51975
17326,6,51978
17327,6,51981
17328,6,51984
17329,6,51987
17330,6,51990
17331,6,51993
17332,6,51996
17333,6,51999
17334,6,52002
17335,6,52005
17336,6,52008
17337,6,52011
17338,6,52014
17339,6,52017
17340,6,52020
17341,6,52023
17342,6,52026
17343,6,52029
17344,6,52032
17345,6,52035
17346,6,52038
17347,6,52041
17348,6,52044
17349,6,52047
17350,6,52050
17351,6,52053
17352,6,52056
17353,6,52059
17354,6,52062
17355,6,52065
17356,6,52068
17357,6,52071
17358,6,52074
17359,6,52077
17360,6,52080
17361,6,52083
17362,6,52086
17363,6,52089
17364,6,52092
17365,6,52095
17366,6,52098
17367,6,52101
17368,6,52104
17369,6,52107
17370,6,52110
17371,6,52113
17372,6,52116
17373,6,52119
17374,6,52122
17375,6,52125
17376,6,52128
17377,6,52131
17378,6,52134
17379,6,52137
17380,6,52140
17381,6,52143
17382,6,52146
17383,6,52149
17384,6,52152
17385,6,52155
17386,6,52158
17387,6,52161
17388,6,52164
17389,6,52167
17390,6,52170
17391,6,52173
17392,6,52176
17393,6,52179
17394,6,52182
17395,6,52185
17396,6,52188
17397,6,52191
17398,6,52194
17399,6,52197
17400,6,52200
17401,6,52203
17402,6,52206
17403,6,52209
17404,6,52212
17405,6,52215
17406,6,52218
17407,6,52221
17408,6,52224
17409,6,52227
17410,6,52230
17411,6,52233
17412,6,52236
17413,6,52239
17414,6,52242
17415,6,52245
17416,6,52248
17417,6,52251
17418,6,52254
17419,6,52257
17420,6,52260
17421,6,52263
17422,6,52266
17423,6,52269
17424,6,52272
17425,6,52275
17426,6,52278
17427,6,52281
17428,6,52284
17429,6,52287
17430,6,52290
17431,6,52293
17432,6,52296
17433,6,52299
17434,6,52302
17435,6,52305
17436,6,52308
17437,6,52311
17438,6,52314
17439,6,52317
17440,6,52320
17441,6,52323
17442,6,52326
17443,6,52329
17444,6,52332
17445,6,52335
17446,6,52338
17447,6,52341
17448,6,52344
17449,6,52347
17450,6,52350
17451,6,52353
17452,6,52356
17453,6,52359
17454,6,52362
17455,6,52365
17456,6,52368
17457,6,52371
17458,6,52374
17459,6,52377
17460,6,52380
17461,6,52383
17462,6,52386
17463,6,52389
17464,6,52392
17465,6,52395
17466,6,52398
17467,6,52401
17468,6,52404
17469,6,52407
17470,6,52410
17471,6,52413
17472,6,52416
17473,6,52419
17474,6,52422
17475,6,52425
17476,6,52428
17477,6,52431
17478,6,52434
17479,6,52437
17480,6,52440
17481,6,52443
17482,6,52446
17483,6,52449
17484,6,52452
17485,6,52455
17486,6,52458
17487,6,52461
17488,6,52464
17489,6,52467
17490,6,52470
17491,6,52473
17492,6,52476
17493,6,52479
17494,6,52482
17495,6,52485
17496,6,52488
17497,6,52491
17498,6,52494
17499,6,52497
17500,6,52500
17501,6,52503
17502,6,52506
17503,6,52509
17504,6,52512
17505,6,52515
17506,6,52518
17507,6,52521
17508,6,52524
17509,6,52527
17510,6,52530
17511,6,52533
17512,6,52536
17513,6,52539
17514,6,52542
17515,6,52545
17516,6,52548
17517,6,52551
17518,6,52554
17519,6,52557
17520,6,52560
17521,6,52563
17522,6,52566
17523,6,52569
17524,6,52572
17525,6,52575
17526,6,52578
17527,6,52581
17528,6,52584
17529,6,52587
17530,6,52590
17531,6,52593
17532,6,52596
17533,6,52599
17534,6,52602
17535,6,52605
17536,6,52608
17537,6,52611
17538,6,52614
17539,6,52617
17540,6,52620
17541,6,52623
17542,6,52626
17543,6,52629
17544,6,52632
17545,6,52635
17546,6,52638
17547,6,52641
17548,6,52644
17549,6,52647
17550,6,52650
17551,6,52653
17552,6,52656
17553,6,52659
17554,6,52662
17555,6,52665
17556,6,52668
17557,6,52671
17558,6,52674
17559,6,52677
17560,6,52680
17561,6,52683
17562,6,52686
17563,6,52689
17564,6,52692
17565,6,52695
17566,6,52698
17567,6,52701
17568,6,52704
17569,6,52707
17570,7,52710
17571,7,52713
17572,7,52716
17573,7,52719
17574,7,52722
17575,7,52725
17576,7,52728
17577,7,52731
17578,7,52734
17579,7,52737
17580,7,52740
17581,7,52743
17582,7,52746
17583,7,52749
17584,7,52752
17585,7,52755
17586,7,52758
17587,7,52761
17588,7,52764
17589,7,52767
17590,7,52770
17591,7,52773
17592,7,52776
17593,7,52779
17594,7,52782
17595,7,52785
17596,7,52788
17597,7,52791
17598,7,52794
17599,7,52797
17600,7,52800
17601,7,52803
17602,7,52806
17603,7,52809
17604,7,52812
17605,7,52815
17606,7,52818
17607,7,52821
17608,7,52824
17609,7,52827
17610,7,52830
17611,7,52833
17612,7,52836
17613,7,52839
17614,7,52842
17615,7,52845
17616,7,52848
17617,7,52851
17618,7,52854
17619,7,52857
17620,7,52860
17621,7,52863
17622,7,52866
17623,7,52869
17624,7,52872
17625,7,52875
17626,7,52878
17627,7,52881
17628,7,52884
17629,7,52887
17630,7,52890
17631,7,52893
17632,7,52896
17633,7,52899
17634,7,52902
17635,7,52905
17636,7,52908
17637,7,52911
17638,7,52914
17639,7,52917
17640,7,52920
17641,7,52923
17642,7,52926
17643,7,52929
17644,7,52932
17645,7,52935
17646,7,52938
17647,7,52941
17648,7,52944
17649,7,52947
17650,7,52950
17651,7,52953
17652,7,52956
17653,7,52959
17654,7,52962
17655,7,52965
17656,7,52968
17657,7,52971
17658,7,52974
17659,7,52977
17660,7,52980
17661,7,52983
17662,7,52986
17663,7,52989
17664,7,52992
17665,7,52995
17666,7,52998
17667,7,53001
17668,7,53004
17669,7,53007
17670,7,53010
17671,7,53013
17672,7,53016
17673,7,53019
17674,7,53022
17675,7,53025
17676,7,53028
17677,7,53031
17678,7,53034
17679,7,53037
17680,7,53040
17681,7,53043
17682,7,53046
17683,7,53049
17684,7,53052
17685,7,53055
17686,7,53058
17687,7,53061
17688,7,53064
17689,7,53067
17690,7,53070
17691,7,53073
17692,7,53076
17693,7,53079
17694,7,53082
17695,7,53085
17696,7,53088
17697,7,53091
17698,7,53094
17699,7,53097
17700,7,53100
17701,7,53103
17702,7,53106
17703,7,53109
17704,7,53112
17705,7,53115
17706,7,53118
17707,7,53121
17708,7,53124
17709,7,53127
17710,7,53130
17711,7,53133
17712,7,53136
17713,7,53139
17714,7,53142
17715,7,53145
17716,7,53148
17717,7,53151
17718,7,53154
17719,7,53157
17720,7,53160
17721,7,53163
17722,7,53166
17723,7,53169
17724,7,53172
17725,7,53175
17726,7,53178
17727,7,53181
17728,7,53184
17729,7,53187
17730,7,53190
17731,7,53193
17732,7,53196
17733,7,53199
17734,7,53202
17735,7,53205
17736,7,53208
17737,7,53211
17738,7,53214
17739,7,53217
17740,7,53220
17741,7,53223
17742,7,53226
17743,7,53229
17744,7,53232
17745,7,53235
17746,7,53238
17747,7,53241
17748,7,53244
17749,7,53247
17750,7,53250
17751,7,53253
17752,7,53256
17753,7,53259
17754,7,53262
17755,7,53265
17756,7,53268
17757,7,53271
17758,7,53274
17759,7,53277
17760,7,53280
17761,7,53283
17762,7,53286
17763,7,53289
17764,7,53292
17765,7,53295
17766,7,53298
17767,7,53301
17768,7,53304
17769,7,53307
17770,7,53310
17771,7,53313
17772,7,53316
17773,7,53319
17774,7,53322
17775,7,53325
17776,7,53328
17777,7,53331
17778,7,53334
17779,7,53337
17780,7,53340
17781,7,53343
17782,7,53346
17783,7,53349
17784,7,53352
17785,7,53355
17786,7,53358
17787,7,53361
17788,7,53364
17789,7,53367
17790,7,53370
17791,7,53373
17792,7,53376
17793,7,53379
17794,7,53382
17795,7,53385
17796,7,53388
17797,7,53391
17798,7,53394
17799,7,53397
17800,7,53400
17801,7,53403
17802,7,53406
17803,7,53409
17804,7,53412
17805,7,53415
17806,7,53418
17807,7,53421
17808,7,53424
17809,7,53427
17810,7,53430
17811,7,53433
17812,7,53436
17813,7,53439
17814,7,53442
17815,7,53445
17816,7,53448
17817,7,53451
17818,7,53454
17819,7,53457
17820,7,53460
17821,7,53463
17822,7,53466
17823,7,53469
17824,7,53472
17825,7,53475
17826,7,53478
17827,7,53481
17828,7,53484
17829,7,53487
17830,7,53490
17831,7,53493
17832,7,53496
17833,7,53499
17834,7,53502
17835,7,53505
17836,7,53508
17837,7,53511
17838,7,53514
17839,7,53517
17840,7,53520
17841,7,53523
17842,7,53526
17843,7,53529
17844,7,53532
17845,7,53535
17846,7,53538
17847,7,53541
17848,7,53544
17849,7,53547
17850,7,53550
17851,7,53553
17852,7,53556
17853,7,53559
17854,7,53562
17855,7,53565
17856,7,53568
17857,7,53571
17858,7,53574
17859,7,53577
17860,7,53580
17861,7,53583
17862,7,53586
17863,7,53589
17864,7,53592
17865,7,53595
17866,7,53598
17867,7,53601
17868,7,53604
17869,7,53607
17870,7,53610
17871,7,53613
17872,7,53616
17873,7,53619
17874,7,53622
17875,7,53625
17876,7,53628
17877,7,53631
17878,7,53634
17879,7,53637
17880,7,53640
17881,7,53643
17882,7,53646
17883,7,53649
17884,7,53652
17885,7,53655
17886,7,53658
17887,7,53661
17888,7,53664
17889,7,53667
17890,7,53670
17891,7,53673
17892,7,53676
17893,7,53679
17894,7,53682
17895,7,53685
17896,7,53688
17897,7,53691
17898,7,53694
17899,7,53697
17900,7,53700
17901,7,53703
17902,7,53706
17903,7,53709
17904,7,53712
17905,7,53715
17906,7,53718
17907,7,53721
17908,7,53724
17909,7,53727
17910,7,53730
17911,7,53733
17912,7,53736
17913,7,53739
17914,7,53742
17915,7,53745
17916,7,53748
17917,7,53751
17918,7,53754
17919,7,53757
17920,7,53760
17921,7,53763
17922,7,53766
17923,7,53769
17924,7,53772
17925,7,53775
17926,7,53778
17927,7,53781
17928,7,53784
17929,7,53787
17930,7,53790
17931,7,53793
17932,7,53796
17933,7,53799
17934,7,53802
17935,7,53805
17936,7,53808
17937,7,53811
17938,7,53814
17939,7,53817
17940,7,53820
17941,7,53823
17942,7,53826
17943,7,53829
17944,7,53832
17945,7,53835
17946,7,53838
17947,7,53841
17948,7,53844
17949,7,53847
17950,7,53850
17951,7,53853
17952,7,53856
17953,7,53859
17954,7,53862
17955,7,53865
17956,7,53868
17957,7,53871
17958,7,53874
17959,7,53877
17960,7,53880
17961,7,53883
17962,7,53886
17963,7,53889
17964,7,53892
17965,7,53895
17966,7,53898
17967,7,53901
17968,7,53904
17969,7,53907
17970,7,53910
17971,7,53913
17972,7,53916
17973,7,53919
17974,7,53922
17975,7,53925
17976,7,53928
17977,7,53931
17978,7,53934
17979,7,53937
17980,7,53940
17981,7,53943
17982,7,53946
17983,7,53949
17984,7,53952
17985,7,53955
17986,7,53958
17987,7,53961
17988,7,53964
17989,7,53967
17990,7,53970
17991,7,53973
17992,7,53976
17993,7,53979
17994,7,53982
17995,7,53985
17996,7,53988
17997,7,53991
17998,7,53994
17999,7,53997
18000,7,54000
18001,7,54003
18002,7,54006
18003,7,54009
18004,7,54012
18005,7,54015
18006,7,54018
18007,7,54021
18008,7,54024
18009,7,54027
18010,7,54030
18011,7,54033
18012,7,54036
18013,7,54039
18014,7,54042
18015,7,54045
18016,7,54048
18017,7,54051
18018,7,54054
18019,7,54057
18020,7,54060
18021,7,54063
18022,7,54066
18023,7,54069
18024,7,54072
18025,7,54075
18026,7,54078
18027,7,54081
18028,7,54084
18029,7,54087
18030,7,54090
18031,7,54093
18032,7,54096
18033,7,54099
18034,7,54102
18035,7,54105
18036,7,54108
18037,7,54111
18038,7,54114
18039,7,54117
18040,7,54120
18041,7,54123
18042,7,54126
18043,7,54129
18044,7,54132
18045,7,54135
18046,7,54138
18047,7,54141
18048,7,54144
18049,7,54147
18050,7,54150
18051,7,54153
18052,7,54156
18053,7,54159
18054,7,54162
18055,7,54165
18056,7,54168
18057,7,54171
18058,7,54174
18059,7,54177
18060,7,54180
18061,7,54183
18062,7,54186
18063,7,54189
18064,7,54192
18065,7,54195
18066,7,54198
18067,7,54201
18068,7,54204
18069,7,54207
18070,7,54210
18071,7,54213
18072,7,54216
18073,7,54219
18074,7,54222
18075,7,54225
18076,7,54228
18077,7,54231
18078,7,54234
18079,7,54237
18080,7,54240
18081,7,54243
18082,7,54246
18083,7,54249
18084,7,54252
18085,7,54255
18086,7,54258
18087,7,54261
18088,7,54264
18089,7,54267
18090,7,54270
18091,7,54273
18092,7,54276
18093,7,54279
18094,7,54282
18095,7,54285
18096,7,54288
18097,7,54291
18098,7,54294
18099,7,54297
18100,7,54300
18101,7,54303
18102,7,54306
18103,7,54309
18104,7,54312
18105,7,54315
18106,7,54318
18107,7,54321
18108,7,54324
18109,7,54327
18110,7,54330
18111,7,54333
18112,7,54336
18113,7,54339
18114,7,54342
18115,7,54345
18116,7,54348
18117,7,54351
18118,7,54354
18119,7,54357
18120,7,54360
18121,7,54363
18122,7,54366
18123,7,54369
18124,7,54372
18125,7,54375
18126,7,54378
18127,7,54381
18128,7,54384
18129,7,54387
18130,7,54390
18131,7,54393
18132,7,54396
18133,7,54399
18134,7,54402
18135,7,54405
18136,7,54408
18137,7,54411
18138,7,54414
18139,7,54417
18140,7,54420
18141,7,54423
18142,7,54426
18143,7,54429
18144,7,54432
18145,7,54435
18146,7,54438
18147,7,54441
18148,7,54444
18149,7,54447
18150,7,54450
18151,7,54453
18152,7,54456
18153,7,54459
18154,7,54462
18155,7,54465
18156,7,54468
18157,7,54471
18158,7,54474
18159,7,54477
18160,7,54480
18161,7,54483
18162,7,54486
18163,7,54489
18164,7,54492
18165,7,54495
18166,7,54498
18167,7,54501
18168,7,54504
18169,7,54507
18170,7,54510
18171,7,54513
18172,7,54516
18173,7,54519
18174,7,54522
18175,7,54525
18176,7,54528
18177,7,54531
18178,7,54534
18179,7,54537
18180,7,54540
18181,7,54543
18182,7,54546
18183,7,54549
18184,7,54552
18185,7,54555
18186,7,54558
18187,7,54561
18188,7,54564
18189,7,54567
18190,7,54570
18191,7,54573
18192,7,54576
18193,7,54579
18194,7,54582
18195,7,54585
18196,7,54588
18197,7,54591
18198,7,54594
18199,7,54597
18200,7,54600
18201,7,54603
18202,7,54606
18203,7,54609
18204,7,54612
18205,7,54615
18206,7,54618
18207,7,54621
18208,7,54624
18209,7,54627
18210,7,54630
18211,7,54633
18212,7,54636
18213,7,54639
18214,7,54642
18215,7,54645
18216,7,54648
18217,7,54651
18218,7,54654
18219,7,54657
18220,7,54660
18221,7,54663
18222,7,54666
18223,7,54669
18224,7,54672
18225,7,54675
18226,7,54678
18227,7,54681
18228,7,54684
18229,7,54687
18230,7,54690
18231,7,54693
18232,7,54696
18233,7,54699
18234,7,54702
18235,7,54705
18236,7,54708
18237,7,54711
18238,7,54714
18239,7,54717
18240,7,54720
18241,7,54723
18242,7,54726
18243,7,54729
18244,7,54732
18245,7,54735
18246,7,54738
18247,7,54741
18248,7,54744
18249,7,54747
18250,7,54750
18251,7,54753
18252,7,54756
18253,7,54759
18254,7,54762
18255,7,54765
18256,7,54768
18257,7,54771
18258,7,54774
18259,7,54777
18260,7,54780
18261,7,54783
18262,7,54786
18263,7,54789
18264,7,54792
18265,7,54795
18266,7,54798
18267,7,54801
18268,7,54804
18269,7,54807
18270,7,54810
18271,7,54813
18272,7,54816
18273,7,54819
18274,7,54822
18275,7,54825
18276,7,54828
18277,7,54831
18278,7,54834
18279,7,54837
18280,7,54840
18281,7,54843
18282,7,54846
18283,7,54849
18284,7,54852
18285,7,54855
18286,7,54858
18287,7,54861
18288,7,54864
18289,7,54867
18290,7,54870
18291,7,54873
18292,7,54876
18293,7,54879
18294,7,54882
18295,7,54885
18296,7,54888
18297,7,54891
18298,7,54894
18299,7,54897
18300,7,54900
18301,7,54903
18302,7,54906
18303,7,54909
18304,7,54912
18305,7,54915
18306,7,54918
18307,7,54921
18308,7,54924
18309,7,54927
18310,7,54930
18311,7,54933
18312,7,54936
18313,7,54939
18314,7,54942
18315,7,54945
18316,7,54948
18317,7,54951
18318,7,54954
18319,7,54957
18320,7,54960
18321,7,54963
18322,7,54966
18323,7,54969
18324,7,54972
18325,7,54975
18326,7,54978
18327,7,54981
18328,7,54984
18329,7,54987
18330,7,54990
18331,7,54993
18332,7,54996
18333,7,54999
18334,7,55002
18335,7,55005
18336,7,55008
18337,7,55011
18338,7,55014
18339,7,55017
18340,7,55020
18341,7,55023
18342,7,55026
18343,7,55029
18344,7,55032
18345,7,55035
18346,7,55038
18347,7,55041
18348,7,55044
18349,7,55047
18350,7,55050
18351,7,55053
18352,7,55056
18353,7,55059
18354,7,55062
18355,7,55065
18356,7,55068
18357,7,55071
18358,7,55074
18359,7,55077
18360,7,55080
18361,7,55083
18362,7,55086
18363,7,55089
18364,7,55092
18365,7,55095
18366,7,55098
18367,7,55101
18368,7,55104
18369,7,55107
18370,7,55110
18371,7,55113
18372,7,55116
18373,7,55119
18374,7,55122
18375,7,55125
18376,7,55128
18377,7,55131
18378,7,55134
18379,7,55137
18380,7,55140
18381,7,55143
18382,7,55146
18383,7,55149
18384,7,55152
18385,7,55155
18386,7,55158
18387,7,55161
18388,7,55164
18389,7,55167
18390,7,55170
18391,7,55173
18392,7,55176
18393,7,55179
18394,7,55182
18395,7,55185
18396,7,55188
18397,7,55191
18398,7,55194
18399,7,55197
18400,7,55200
18401,7,55203
18402,7,55206
18403,7,55209
18404,7,55212
18405,7,55215
18406,7,55218
18407,7,55221
18408,7,55224
18409,7,55227
18410,7,55230
18411,7,55233
18412,7,55236
18413,7,55239
18414,7,55242
18415,7,55245
18416,7,55248
18417,7,55251
18418,7,55254
18419,7,55257
18420,7,55260
18421,7,55263
18422,7,55266
18423,7,55269
18424,7,55272
18425,7,55275
18426,7,55278
18427,7,55281
18428,7,55284
18429,7,55287
18430,7,55290
18431,7,55293
18432,7,55296
18433,7,55299
18434,7,55302
18435,7,55305
18436,7,55308
18437,7,55311
18438,7,55314
18439,7,55317
18440,7,55320
18441,7,55323
18442,7,55326
18443,7,55329
18444,7,55332
18445,7,55335
18446,7,55338
18447,7,55341
18448,7,55344
18449,7,55347
18450,7,55350
18451,7,55353
18452,7,55356
18453,7,55359
18454,7,55362
18455,7,55365
18456,7,55368
18457,7,55371
18458,7,55374
18459,7,55377
18460,7,55380
18461,7,55383
18462,7,55386
18463,7,55389
18464,7,55392
18465,7,55395
18466,7,55398
18467,7,55401
18468,7,55404
18469,7,55407
18470,7,55410
18471,7,55413
18472,7,55416
18473,7,55419
18474,7,55422
18475,7,55425
18476,7,55428
18477,7,55431
18478,7,55434
18479,7,55437
18480,7,55440
18481,7,55443
18482,7,55446
18483,7,55449
18484,7,55452
18485,7,55455
18486,7,55458
18487,7,55461
18488,7,55464
18489,7,55467
18490,7,55470
18491,7,55473
18492,7,55476
18493,7,55479
18494,7,55482
18495,7,55485
18496,7,55488
18497,7,55491
18498,7,55494
18499,7,55497
18500,7,55500
18501,7,55503
18502,7,55506
18503,7,55509
18504,7,55512
18505,7,55515
18506,7,55518
18507,7,55521
18508,7,55524
18509,7,55527
18510,7,55530
18511,7,55533
18512,7,55536
18513,7,55539
18514,7,55542
18515,7,55545
18516,7,55548
18517,7,55551
18518,7,55554
18519,7,55557
18520,7,55560
18521,7,55563
18522,7,55566
18523,7,55569
18524,7,55572
18525,7,55575
18526,7,55578
18527,7,55581
18528,7,55584
18529,7,55587
18530,7,55590
18531,7,55593
18532,7,55596
18533,7,55599
18534,7,55602
18535,7,55605
18536,7,55608
18537,7,55611
18538,7,55614
18539,7,55617
18540,7,55620
18541,7,55623
18542,7,55626
18543,7,55629
18544,7,55632
18545,7,55635
18546,7,55638
18547,7,55641
18548,7,55644
18549,7,55647
18550,7,55650
18551,7,55653
18552,7,55656
18553,7,55659
18554,7,55662
18555,7,55665
18556,7,55668
18557,7,55671
18558,7,55674
18559,7,55677
18560,7,55680
18561,7,55683
18562,7,55686
18563,7,55689
18564,7,55692
18565,7,55695
18566,7,55698
18567,7,55701
18568,7,55704
18569,7,55707
18570,7,55710
18571,7,55713
18572,7,55716
18573,7,55719
18574,7,55722
18575,7,55725
18576,7,55728
18577,7,55731
18578,7,55734
18579,7,55737
18580,7,55740
18581,7,55743
18582,7,55746
18583,7,55749
18584,7,55752
18585,7,55755
18586,7,55758
18587,7,55761
18588,7,55764
18589,7,55767
18590,7,55770
18591,7,55773
18592,7,55776
18593,7,55779
18594,7,55782
18595,7,55785
18596,7,55788
18597,7,55791
18598,7,55794
18599,7,55797
18600,7,55800
18601,7,55803
18602,7,55806
18603,7,55809
18604,7,55812
18605,7,55815
18606,7,55818
18607,7,55821
18608,7,55824
18609,7,55827
18610,7,55830
18611,7,55833
18612,7,55836
18613,7,55839
18614,7,55842
18615,7,55845
18616,7,55848
18617,7,55851
18618,7,55854
18619,7,55857
18620,7,55860
18621,7,55863
18622,7,55866
18623,7,55869
18624,7,55872
18625,7,55875
18626,7,55878
18627,7,55881
18628,7,55884
18629,7,55887
18630,7,55890
18631,7,55893
18632,7,55896
18633,7,55899
18634,7,55902
18635,7,55905
18636,7,55908
18637,7,55911
18638,7,55914
18639,7,55917
18640,7,55920
18641,7,55923
18642,7,55926
18643,7,55929
18644,7,55932
18645,7,55935
18646,7,55938
18647,7,55941
18648,7,55944
18649,7,55947
18650,7,55950
18651,7,55953
18652,7,55956
18653,7,55959
18654,7,55962
18655,7,55965
18656,7,55968
18657,7,55971
18658,7,55974
18659,7,55977
18660,7,55980
18661,7,55983
18662,7,55986
18663,7,55989
18664,7,55992
18665,7,55995
18666,7,55998
18667,7,56001
18668,7,56004
18669,7,56007
18670,7,56010
18671,7,56013
18672,7,56016
18673,7,56019
18674,7,56022
18675,7,56025
18676,7,56028
18677,7,56031
18678,7,56034
18679,7,56037
18680,7,56040
18681,7,56043
18682,7,56046
18683,7,56049
18684,7,56052
18685,7,56055
18686,7,56058
18687,7,56061
18688,7,56064
18689,7,56067
18690,7,56070
18691,7,56073
18692,7,56076
18693,7,56079
18694,7,56082
18695,7,56085
18696,7,56088
18697,7,56091
18698,7,56094
18699,7,56097
18700,7,56100
18701,7,56103
18702,7,56106
18703,7,56109
18704,7,56112
18705,7,56115
18706,7,56118
18707,7,56121
18708,7,56124
18709,7,56127
18710,7,56130
18711,7,56133
18712,7,56136
18713,7,56139
18714,7,56142
18715,7,56145
18716,7,56148
18717,7,56151
18718,7,56154
18719,7,56157
18720,7,56160
18721,7,56163
18722,7,56166
18723,7,56169
18724,7,56172
18725,7,56175
18726,7,56178
18727,7,56181
18728,7,56184
18729,7,56187
18730,7,56190
18731,7,56193
18732,7,56196
18733,7,56199
18734,7,56202
18735,7,56205
18736,7,56208
18737,7,56211
18738,7,56214
18739,7,56217
18740,7,56220
18741,7,56223
18742,7,56226
18743,7,56229
18744,7,56232
18745,7,56235
18746,7,56238
18747,7,56241
18748,7,56244
18749,7,56247
18750,7,56250
18751,7,56253
18752,7,56256
18753,7,56259
18754,7,56262
18755,7,56265
18756,7,56268
18757,7,56271
18758,7,56274
18759,7,56277
18760,7,56280
18761,7,56283
18762,7,56286
18763,7,56289
18764,7,56292
18765,7,56295
18766,7,56298
18767,7,56301
18768,7,56304
18769,7,56307
18770,7,56310
18771,7,56313
18772,7,56316
18773,7,56319
18774,7,56322
18775,7,56325
18776,7,56328
18777,7,56331
18778,7,56334
18779,7,56337
18780,7,56340
18781,7,56343
18782,7,56346
18783,7,56349
18784,7,56352
18785,7,56355
18786,7,56358
18787,7,56361
18788,7,56364
18789,7,56367
18790,7,56370
18791,7,56373
18792,7,56376
18793,7,56379
18794,7,56382
18795,7,56385
18796,7,56388
18797,7,56391
18798,7,56394
18799,7,56397
18800,8,75200
18801,8,75204
18802,8,75208
18803,8,75212
18804,8,75216
18805,8,75220
18806,8,75224
18807,8,75228
18808,8,75232
18809,8,75236
18810,8,75240
18811,8,75244
18812,8,75248
18813,8,75252
18814,8,75256
18815,8,75260
18816,8,75264
18817,8,75268
18818,8,75272
18819,8,75276
18820,8,75280
18821,8,75284
18822,8,75288
18823,8,75292
18824,8,75296
18825,8,75300
18826,8,75304
18827,8,75308
18828,8,75312
18829,8,75316
18830,8,75320
18831,8,75324
18832,8,75328
18833,8,75332
18834,8,75336
18835,8,75340
18836,8,75344
18837,8,75348
18838,8,75352
18839,8,75356
18840,8,75360
18841,8,75364
18842,8,75368
18843,8,75372
18844,8,75376
18845,8,75380
18846,8,75384
18847,8,75388
18848,8,75392
18849,8,75396
18850,8,75400
18851,8,75404
18852,8,75408
18853,8,75412
18854,8,75416
18855,8,75420
18856,8,75424
18857,8,75428
18858,8,75432
18859,8,75436
18860,8,75440
18861,8,75444
18862,8,75448
18863,8,75452
18864,8,75456
18865,8,75460
18866,8,75464
18867,8,75468
18868,8,75472
18869,8,75476
18870,8,75480
18871,8,75484
18872,8,75488
18873,8,75492
18874,8,75496
18875,8,75500
18876,8,75504
18877,8,75508
18878,8,75512
18879,8,75516
18880,8,75520
18881,8,75524
18882,8,75528
18883,8,75532
18884,8,75536
18885,8,75540
18886,8,75544
18887,8,75548
18888,8,75552
18889,8,75556
18890,8,75560
18891,8,75564
18892,8,75568
18893,8,75572
18894,8,75576
18895,8,75580
18896,8,75584
18897,8,75588
18898,8,75592
18899,8,75596
18900,8,75600
18901,8,75604
18902,8,75608
18903,8,75612
18904,8,75616
18905,8,75620
18906,8,75624
18907,8,75628
18908,8,75632
18909,8,75636
18910,8,75640
18911,8,75644
18912,8,75648
18913,8,75652
18914,8,75656
18915,8,75660
18916,8,75664
18917,8,75668
18918,8,75672
18919,8,75676
18920,8,75680
18921,8,75684
18922,8,75688
18923,8,75692
18924,8,75696
18925,8,75700
18926,8,75704
18927,8,75708
18928,8,75712
18929,8,75716
18930,8,75720
18931,8,75724
18932,8,75728
18933,8,75732
18934,8,75736
18935,8,75740
18936,8,75744
18937,8,75748
18938,8,75752
18939,8,75756
18940,8,75760
18941,8,75764
18942,8,75768
18943,8,75772
18944,8,75776
18945,8,75780
18946,8,75784
18947,8,75788
18948,8,75792
18949,8,75796
18950,8,75800
18951,8,75804
18952,8,75808
18953,8,75812
18954,8,75816
18955,8,75820
18956,8,75824
18957,8,75828
18958,8,75832
18959,8,75836
18960,8,75840
18961,8,75844
18962,8,75848
18963,8,75852
18964,8,75856
18965,8,75860
18966,8,75864
18967,8,75868
18968,8,75872
18969,8,75876
18970,8,75880
18971,8,75884
18972,8,75888
18973,8,75892
18974,8,75896
18975,8,75900
18976,8,75904
18977,8,75908
18978,8,75912
18979,8,75916
18980,8,75920
18981,8,75924
18982,8,75928
18983,8,75932
18984,8,75936
18985,8,75940
18986,8,75944
18987,8,75948
18988,8,75952
18989,8,75956
18990,8,75960
18991,8,75964
18992,8,75968
18993,8,75972
18994,8,75976
18995,8,75980
18996,8,75984
18997,8,75988
18998,8,75992
18999,8,75996
19000,8,76000
19001,8,76004
19002,8,76008
19003,8,76012
19004,8,76016
19005,8,76020
19006,8,76024
19007,8,76028
19008,8,76032
19009,8,76036
19010,8,76040
19011,8,76044
19012,8,76048
19013,8,76052
19014,8,76056
19015,8,76060
19016,8,76064
19017,8,76068
19018,8,76072
19019,8,76076
19020,8,76080
19021,8,76084
19022,8,76088
19023,8,76092
19024,8,76096
19025,8,76100
19026,8,76104
19027,8,76108
19028,8,76112
19029,8,76116
19030,8,76120
19031,8,76124
19032,8,76128
19033,8,76132
19034,8,76136
19035,8,76140
19036,8,76144
19037,8,76148
19038,8,76152
19039,8,76156
19040,8,76160
19041,8,76164
19042,8,76168
19043,8,76172
19044,8,76176
19045,8,76180
19046,8,76184
19047,8,76188
19048,8,76192
19049,8,76196
19050,8,76200
19051,8,76204
19052,8,76208
19053,8,76212
19054,8,76216
19055,8,76220
19056,8,76224
19057,8,76228
19058,8,76232
19059,8,76236
19060,8,76240
19061,8,76244
19062,8,76248
19063,8,76252
19064,8,76256
19065,8,76260
19066,8,76264
19067,8,76268
19068,8,76272
19069,8,76276
19070,8,76280
19071,8,76284
19072,8,76288
19073,8,76292
19074,8,76296
19075,8,76300
19076,8,76304
19077,8,76308
19078,8,76312
19079,8,76316
19080,8,76320
19081,8,76324
19082,8,76328
19083,8,76332
19084,8,76336
19085,8,76340
19086,8,76344
19087,8,76348
19088,8,76352
19089,8,76356
19090,8,76360
19091,8,76364
19092,8,76368
19093,8,76372
19094,8,76376
19095,8,76380
19096,8,76384
19097,8,76388
19098,8,76392
19099,8,76396
19100,8,76400
19101,8,76404
19102,8,76408
19103,8,76412
19104,8,76416
19105,8,76420
19106,8,76424
19107,8,76428
19108,8,76432
19109,8,76436
19110,8,76440
19111,8,76444
19112,8,76448
19113,8,76452
19114,8,76456
19115,8,76460
19116,8,76464
19117,8,76468
19118,8,76472
19119,8,76476
19120,8,76480
19121,8,76484
19122,8,76488
19123,8,76492
19124,8,76496
19125,8,76500
19126,8,76504
19127,8,76508
19128,8,76512
19129,8,76516
19130,8,76520
19131,8,76524
19132,8,76528
19133,8,76532
19134,8,76536
19135,8,76540
19136,8,76544
19137,8,76548
19138,8,76552
19139,8,76556
19140,8,76560
19141,8,76564
19142,8,76568
19143,8,76572
19144,8,76576
19145,8,76580
19146,8,76584
19147,8,76588
19148,8,76592
19149,8,76596
19150,8,76600
19151,8,76604
19152,8,76608
19153,8,76612
19154,8,76616
19155,8,76620
19156,8,76624
19157,8,76628
19158,8,76632
19159,8,76636
19160,8,76640
19161,8,76644
19162,8,76648
19163,8,76652
19164,8,76656
19165,8,76660
19166,8,76664
19167,8,76668
19168,8,76672
19169,8,76676
19170,8,76680
19171,8,76684
19172,8,76688
19173,8,76692
19174,8,76696
19175,8,76700
19176,8,76704
19177,8,76708
19178,8,76712
19179,8,76716
19180,8,76720
19181,8,76724
19182,8,76728
19183,8,76732
19184,8,76736
19185,8,76740
19186,8,76744
19187,8,76748
19188,8,76752
19189,8,76756
19190,8,76760
19191,8,76764
19192,8,76768
19193,8,76772
19194,8,76776
19195,8,76780
19196,8,76784
19197,8,76788
19198,8,76792
19199,8,76796
19200,8,76800
19201,8,76804
19202,8,76808
19203,8,76812
19204,8,76816
19205,8,76820
19206,8,76824
19207,8,76828
19208,8,76832
19209,8,76836
19210,8,76840
19211,8,76844
19212,8,76848
19213,8,76852
19214,8,76856
19215,8,76860
19216,8,76864
19217,8,76868
19218,8,76872
19219,8,76876
19220,8,76880
19221,8,76884
19222,8,76888
19223,8,76892
19224,8,76896
19225,8,76900
19226,8,76904
19227,8,76908
19228,8,76912
19229,8,76916
19230,8,76920
19231,8,76924
19232,8,76928
19233,8,76932
19234,8,76936
19235,8,76940
19236,8,76944
19237,8,76948
19238,8,76952
19239,8,76956
19240,8,76960
19241,8,76964
19242,8,76968
19243,8,76972
19244,8,76976
19245,8,76980
19246,8,76984
19247,8,76988
19248,8,76992
19249,8,76996
19250,8,77000
19251,8,77004
19252,8,77008
19253,8,77012
19254,8,77016
19255,8,77020
19256,8,77024
19257,8,77028
19258,8,77032
19259,8,77036
19260,8,77040
19261,8,77044
19262,8,77048
19263,8,77052
19264,8,77056
19265,8,77060
19266,8,77064
19267,8,77068
19268,8,77072
19269,8,77076
19270,8,77080
19271,8,77084
19272,8,77088
19273,8,77092
19274,8,77096
19275,8,77100
19276,8,77104
19277,8,77108
19278,8,77112
19279,8,77116
19280,8,77120
19281,8,77124
19282,8,77128
19283,8,77132
19284,8,77136
19285,8,77140
19286,8,77144
19287,8,77148
19288,8,77152
19289,8,77156
19290,8,77160
19291,8,77164
19292,8,77168
19293,8,77172
19294,8,77176
19295,8,77180
19296,8,77184
19297,8,77188
19298,8,77192
19299,8,77196
19300,8,77200
19301,8,77204
19302,8,77208
19303,8,77212
19304,8,77216
19305,8,77220
19306,8,77224
19307,8,77228
19308,8,77232
19309,8,77236
19310,8,77240
19311,8,77244
19312,8,77248
19313,8,77252
19314,8,77256
19315,8,77260
19316,8,77264
19317,8,77268
19318,8,77272
19319,8,77276
19320,8,77280
19321,8,77284
19322,8,77288
19323,8,77292
19324,8,77296
19325,8,77300
19326,8,77304
19327,8,77308
19328,8,77312
19329,8,77316
19330,8,77320
19331,8,77324
19332,8,77328
19333,8,77332
19334,8,77336
19335,8,77340
19336,8,77344
19337,8,77348
19338,8,77352
19339,8,77356
19340,8,77360
19341,8,77364
19342,8,77368
19343,8,77372
19344,8,77376
19345,8,77380
19346,8,77384
19347,8,77388
19348,8,77392
19349,8,77396
19350,8,77400
19351,8,77404
19352,8,77408
19353,8,77412
19354,8,77416
19355,8,77420
19356,8,77424
19357,8,77428
19358,8,77432
19359,8,77436
19360,8,77440
19361,8,77444
19362,8,77448
19363,8,77452
19364,8,77456
19365,8,77460
19366,8,77464
19367,8,77468
19368,8,77472
19369,8,77476
19370,8,77480
19371,8,77484
19372,8,77488
19373,8,77492
19374,8,77496
19375,8,77500
19376,8,77504
19377,8,77508
19378,8,77512
19379,8,77516
19380,8,77520
19381,8,77524
19382,8,77528
19383,8,77532
19384,8,77536
19385,8,77540
19386,8,77544
19387,8,77548
19388,8,77552
19389,8,77556
19390,8,77560
19391,8,77564
19392,8,77568
19393,8,77572
19394,8,77576
19395,8,77580
19396,8,77584
19397,8,77588
19398,8,77592
19399,8,77596
19400,8,77600
19401,8,77604
19402,8,77608
19403,8,77612
19404,8,77616
19405,8,77620
19406,8,77624
19407,8,77628
19408,8,77632
19409,8,77636
19410,8,77640
19411,8,77644
19412,8,77648
19413,8,77652
19414,8,77656
19415,8,77660
19416,8,77664
19417,8,77668
19418,8,77672
19419,8,77676
19420,8,77680
19421,8,77684
19422,8,77688
19423,8,77692
19424,8,77696
19425,8,77700
19426,8,77704
19427,8,77708
19428,8,77712
19429,8,77716
19430,8,77720
19431,8,77724
19432,8,77728
19433,8,77732
19434,8,77736
19435,8,77740
19436,8,77744
19437,8,77748
19438,8,77752
19439,8,77756
19440,8,77760
19441,8,77764
19442,8,77768
19443,8,77772
19444,8,77776
19445,8,77780
19446,8,77784
19447,8,77788
19448,8,77792
19449,8,77796
19450,8,77800
19451,8,77804
19452,8,77808
19453,8,77812
19454,8,77816
19455,8,77820
19456,8,77824
19457,8,77828
19458,8,77832
19459,8,77836
19460,8,77840
19461,8,77844
19462,8,77848
19463,8,77852
19464,8,77856
19465,8,77860
19466,8,77864
19467,8,77868
19468,8,77872
19469,8,77876
19470,8,77880
19471,8,77884
19472,8,77888
19473,8,77892
19474,8,77896
19475,8,77900
19476,8,77904
19477,8,77908
19478,8,77912
19479,8,77916
19480,8,77920
19481,8,77924
19482,8,77928
19483,8,77932
19484,8,77936
19485,8,77940
19486,8,77944
19487,8,77948
19488,8,77952
19489,8,77956
19490,8,77960
19491,8,77964
19492,8,77968
19493,8,77972
19494,8,77976
19495,8,77980
19496,8,77984
19497,8,77988
19498,8,77992
19499,8,77996
19500,8,78000
19501,8,78004
19502,8,78008
19503,8,78012
19504,8,78016
19505,8,78020
19506,8,78024
19507,8,78028
19508,8,78032
19509,8,78036
19510,8,78040
19511,8,78044
19512,8,78048
19513,8,78052
19514,8,78056
19515,8,78060
19516,8,78064
19517,8,78068
19518,8,78072
19519,8,78076
19520,8,78080
19521,8,78084
19522,8,78088
19523,8,78092
19524,8,78096
19525,8,78100
19526,8,78104
19527,8,78108
19528,8,78112
19529,8,78116
19530,8,78120
19531,8,78124
19532,8,78128
19533,8,78132
19534,8,78136
19535,8,78140
19536,8,78144
19537,8,78148
19538,8,78152
19539,8,78156
19540,8,78160
19541,8,78164
19542,8,78168
19543,8,78172
19544,8,78176
19545,8,78180
19546,8,78184
19547,8,78188
19548,8,78192
19549,8,78196
19550,8,78200
19551,8,78204
19552,8,78208
19553,8,78212
19554,8,78216
19555,8,78220
19556,8,78224
19557,8,78228
19558,8,78232
19559,8,78236
19560,8,78240
19561,8,78244
19562,8,78248
19563,8,78252
19564,8,78256
19565,8,78260
19566,8,78264
19567,8,78268
19568,8,78272
19569,8,78276
19570,8,78280
19571,8,78284
19572,8,78288
19573,8,78292
19574,8,78296
19575,8,78300
19576,8,78304
19577,8,78308
19578,8,78312
19579,8,78316
19580,8,78320
19581,8,78324
19582,8,78328
19583,8,78332
19584,8,78336
19585,8,78340
19586,8,78344
19587,8,78348
19588,8,78352
19589,8,78356
19590,8,78360
19591,8,78364
19592,8,78368
19593,8,78372
19594,8,78376
19595,8,78380
19596,8,78384
19597,8,78388
19598,8,78392
19599,8,78396
19600,8,78400
19601,8,78404
19602,8,78408
19603,8,78412
19604,8,78416
19605,8,78420
19606,8,78424
19607,8,78428
19608,8,78432
19609,8,78436
19610,8,78440
19611,8,78444
19612,8,78448
19613,8,78452
19614,8,78456
19615,8,78460
19616,8,78464
19617,8,78468
19618,8,78472
19619,8,78476
19620,8,78480
19621,8,78484
19622,8,78488
19623,8,78492
19624,8,78496
19625,8,78500
19626,8,78504
19627,8,78508
19628,8,78512
19629,8,78516
19630,8,78520
19631,8,78524
19632,8,78528
19633,8,78532
19634,8,78536
19635,8,78540
19636,8,78544
19637,8,78548
19638,8,78552
19639,8,78556
19640,8,78560
19641,8,78564
19642,8,78568
19643,8,78572
19644,8,78576
19645,8,78580
19646,8,78584
19647,8,78588
19648,8,78592
19649,8,78596
19650,8,78600
19651,8,78604
19652,8,78608
19653,8,78612
19654,8,78616
19655,8,78620
19656,8,78624
19657,8,78628
19658,8,78632
19659,8,78636
19660,8,78640
19661,8,78644
19662,8,78648
19663,8,78652
19664,8,78656
19665,8,78660
19666,8,78664
19667,8,78668
19668,8,78672
19669,8,78676
19670,8,78680
19671,8,78684
19672,8,78688
19673,8,78692
19674,8,78696
19675,8,78700
19676,8,78704
19677,8,78708
19678,8,78712
19679,8,78716
19680,8,78720
19681,8,78724
19682,8,78728
19683,8,78732
19684,8,78736
19685,8,78740
19686,8,78744
19687,8,78748
19688,8,78752
19689,8,78756
19690,8,78760
19691,8,78764
19692,8,78768
19693,8,78772
19694,8,78776
19695,8,78780
19696,8,78784
19697,8,78788
19698,8,78792
19699,8,78796
19700,8,78800
19701,8,78804
19702,8,78808
19703,8,78812
19704,8,78816
19705,8,78820
19706,8,78824
19707,8,78828
19708,8,78832
19709,8,78836
19710,8,78840
19711,8,78844
19712,8,78848
19713,8,78852
19714,8,78856
19715,8,78860
19716,8,78864
19717,8,78868
19718,8,78872
19719,8,78876
19720,8,78880
19721,8,78884
19722,8,78888
19723,8,78892
19724,8,78896
19725,8,78900
19726,8,78904
19727,8,78908
19728,8,78912
19729,8,78916
19730,8,78920
19731,8,78924
19732,8,78928
19733,8,78932
19734,8,78936
19735,8,78940
19736,8,78944
19737,8,78948
19738,8,78952
19739,8,78956
19740,8,78960
19741,8,78964
19742,8,78968
19743,8,78972
19744,8,78976
19745,8,78980
19746,8,78984
19747,8,78988
19748,8,78992
19749,8,78996
19750,8,79000
19751,8,79004
19752,8,79008
19753,8,79012
19754,8,79016
19755,8,79020
19756,8,79024
19757,8,79028
19758,8,79032
19759,8,79036
19760,8,79040
19761,8,79044
19762,8,79048
19763,8,79052
19764,8,79056
19765,8,79060
19766,8,79064
19767,8,79068
19768,8,79072
19769,8,79076
19770,8,79080
19771,8,79084
19772,8,79088
19773,8,79092
19774,8,79096
19775,8,79100
19776,8,79104
19777,8,79108
19778,8,79112
19779,8,79116
19780,8,79120
19781,8,79124
19782,8,79128
19783,8,79132
19784,8,79136
19785,8,79140
19786,8,79144
19787,8,79148
19788,8,79152
19789,8,79156
19790,8,79160
19791,8,79164
19792,8,79168
19793,8,79172
19794,8,79176
19795,8,79180
19796,8,79184
19797,8,79188
19798,8,79192
19799,8,79196
19800,8,79200
19801,8,79204
19802,8,79208
19803,8,79212
19804,8,79216
19805,8,79220
19806,8,79224
19807,8,79228
19808,8,79232
19809,8,79236
19810,8,79240
19811,8,79244
19812,8,79248
19813,8,79252
19814,8,79256
19815,8,79260
19816,8,79264
19817,8,79268
19818,8,79272
19819,8,79276
19820,8,79280
19821,8,79284
19822,8,79288
19823,8,79292
19824,8,79296
19825,8,79300
19826,8,79304
19827,8,79308
19828,8,79312
19829,8,79316
19830,8,79320
19831,8,79324
19832,8,79328
19833,8,79332
19834,8,79336
19835,8,79340
19836,8,79344
19837,8,79348
19838,8,79352
19839,8,79356
19840,8,79360
19841,8,79364
19842,8,79368
19843,8,79372
19844,8,79376
19845,8,79380
19846,8,79384
19847,8,79388
19848,8,79392
19849,8,79396
19850,8,79400
19851,8,79404
19852,8,79408
19853,8,79412
19854,8,79416
19855,8,79420
19856,8,79424
19857,8,79428
19858,8,79432
19859,8,79436
19860,8,79440
19861,8,79444
19862,8,79448
19863,8,79452
19864,8,79456
19865,8,79460
19866,8,79464
19867,8,79468
19868,8,79472
19869,8,79476
19870,8,79480
19871,8,79484
19872,8,79488
19873,8,79492
19874,8,79496
19875,8,79500
19876,8,79504
19877,8,79508
19878,8,79512
19879,8,79516
19880,8,79520
19881,8,79524
19882,8,79528
19883,8,79532
19884,8,79536
19885,8,79540
19886,8,79544
19887,8,79548
19888,8,79552
19889,8,79556
19890,8,79560
19891,8,79564
19892,8,79568
19893,8,79572
19894,8,79576
19895,8,79580
19896,8,79584
19897,8,79588
19898,8,79592
19899,8,79596
19900,8,79600
19901,8,79604
19902,8,79608
19903,8,79612
19904,8,79616
19905,8,79620
19906,8,79624
19907,8,79628
19908,8,79632
19909,8,79636
19910,8,79640
19911,8,79644
19912,8,79648
19913,8,79652
19914,8,79656
19915,8,79660
19916,8,79664
19917,8,79668
19918,8,79672
19919,8,79676
19920,8,79680
19921,8,79684
19922,8,79688
19923,8,79692
19924,8,79696
19925,8,79700
19926,8,79704
19927,8,79708
19928,8,79712
19929,8,79716
19930,8,79720
19931,8,79724
19932,8,79728
19933,9,79732
19934,9,79736
19935,9,79740
19936,9,79744
19937,9,79748
19938,9,79752
19939,9,79756
19940,9,79760
19941,9,79764
19942,9,79768
19943,9,79772
19944,9,79776
19945,9,79780
19946,9,79784
19947,9,79788
19948,9,79792
19949,9,79796
19950,9,79800
19951,9,79804
19952,9,79808
19953,9,79812
19954,9,79816
19955,9,79820
19956,9,79824
19957,9,79828
19958,9,79832
19959,9,79836
19960,9,79840
19961,9,79844
19962,9,79848
19963,9,79852
19964,9,79856
19965,9,79860
19966,9,79864
19967,9,79868
19968,9,79872
19969,9,79876
19970,9,79880
19971,9,79884
19972,9,79888
19973,9,79892
19974,9,79896
19975,9,79900
19976,9,79904
19977,9,79908
19978,9,79912
19979,9,79916
19980,9,79920
19981,9,79924
19982,9,79928
19983,9,79932
19984,9,79936
19985,9,79940
19986,9,79944
19987,9,79948
19988,9,79952
19989,9,79956
19990,9,79960
19991,9,79964
19992,9,79968
19993,9,79972
19994,9,79976
19995,9,79980
19996,9,79984
19997,9,79988
19998,9,79992
19999,9,79996
20000,9,80000
20001,9,80004
20002,9,80008
20003,9,80012
20004,9,80016
20005,9,80020
20006,9,80024
20007,9,80028
20008,9,80032
20009,9,80036
20010,9,80040
20011,9,80044
20012,9,80048
20013,9,80052
20014,9,80056
20015,9,80060
20016,9,80064
20017,9,80068
20018,9,80072
20019,9,80076
20020,9,80080
20021,9,80084
20022,9,80088
20023,9,80092
20024,9,80096
20025,9,80100
20026,9,80104
20027,9,80108
20028,9,80112
20029,9,80116
20030,9,80120
20031,9,80124
20032,9,80128
20033,9,80132
20034,9,80136
20035,9,80140
20036,9,80144
20037,9,80148
20038,9,80152
20039,9,80156
20040,9,80160
20041,9,80164
20042,9,80168
20043,9,80172
20044,9,80176
20045,9,80180
20046,9,80184
20047,9,80188
20048,9,80192
20049,9,80196
20050,9,80200
20051,9,80204
20052,9,80208
20053,9,80212
20054,9,80216
20055,9,80220
20056,9,80224
20057,9,80228
20058,9,80232
20059,9,80236
20060,9,80240
20061,9,80244
20062,9,80248
20063,9,80252
20064,9,80256
20065,9,80260
20066,9,80264
20067,9,80268
20068,9,80272
20069,9,80276
20070,9,80280
20071,9,80284
20072,9,80288
20073,9,80292
20074,9,80296
20075,9,80300
20076,9,80304
20077,9,80308
20078,9,80312
20079,9,80316
20080,9,80320
20081,9,80324
20082,9,80328
20083,9,80332
20084,9,80336
20085,9,80340
20086,9,80344
20087,9,80348
20088,9,80352
20089,9,80356
20090,9,80360
20091,9,80364
20092,9,80368
20093,9,80372
20094,9,80376
20095,9,80380
20096,9,80384
20097,9,80388
20098,9,80392
20099,9,80396
20100,9,80400
20101,9,80404
20102,9,80408
20103,9,80412
20104,9,80416
20105,9,80420
20106,9,80424
20107,9,80428
20108,9,80432
20109,9,80436
20110,9,80440
20111,9,80444
20112,9,80448
20113,9,80452
20114,9,80456
20115,9,80460
20116,9,80464
20117,9,80468
20118,9,80472
20119,9,80476
20120,9,80480
20121,9,80484
20122,9,80488
20123,9,80492
20124,9,80496
20125,9,80500
20126,9,80504
20127,9,80508
20128,9,80512
20129,9,80516
20130,9,80520
20131,9,80524
20132,9,80528
20133,9,80532
20134,9,80536
20135,9,80540
20136,9,80544
20137,9,80548
20138,9,80552
20139,9,80556
20140,9,80560
20141,9,80564
20142,9,80568
20143,9,80572
20144,9,80576
20145,9,80580
20146,9,80584
20147,9,80588
20148,9,80592
20149,9,80596
20150,9,80600
20151,9,80604
20152,9,80608
20153,9,80612
20154,9,80616
20155,9,80620
20156,9,80624
20157,9,80628
20158,9,80632
20159,9,80636
20160,9,80640
20161,9,80644
20162,9,80648
20163,9,80652
20164,9,80656
20165,9,80660
20166,9,80664
20167,9,80668
20168,9,80672
20169,9,80676
20170,9,80680
20171,9,80684
20172,9,80688
20173,9,80692
20174,9,80696
20175,9,80700
20176,9,80704
20177,9,80708
20178,9,80712
20179,9,80716
20180,9,80720
20181,9,80724
20182,9,80728
20183,9,80732
20184,9,80736
20185,9,80740
20186,9,80744
20187,9,80748
20188,9,80752
20189,9,80756
20190,9,80760
20191,9,80764
20192,9,80768
20193,9,80772
20194,9,80776
20195,9,80780
20196,9,80784
20197,9,80788
20198,9,80792
20199,9,80796
20200,9,80800
20201,9,80804
20202,9,80808
20203,9,80812
20204,9,80816
20205,9,80820
20206,9,80824
20207,9,80828
20208,9,80832
20209,9,80836
20210,9,80840
20211,9,80844
20212,9,80848
20213,9,80852
20214,9,80856
20215,9,80860
20216,9,80864
20217,9,80868
20218,9,80872
20219,9,80876
20220,9,80880
20221,9,80884
20222,9,80888
20223,9,80892
20224,9,80896
20225,9,80900
20226,9,80904
20227,9,80908
20228,9,80912
20229,9,80916
20230,9,80920
20231,9,80924
20232,9,80928
20233,9,80932
20234,9,80936
20235,9,80940
20236,9,80944
20237,9,80948
20238,9,80952
20239,9,80956
20240,9,80960
20241,9,80964
20242,9,80968
20243,9,80972
20244,9,80976
20245,9,80980
20246,9,80984
20247,9,80988
20248,9,80992
20249,9,80996
20250,9,81000
20251,9,81004
20252,9,81008
20253,9,81012
20254,9,81016
20255,9,81020
20256,9,81024
20257,9,81028
20258,9,81032
20259,9,81036
20260,9,81040
20261,9,81044
20262,9,81048
20263,9,81052
20264,9,81056
20265,9,81060
20266,9,81064
20267,9,81068
20268,9,81072
20269,9,81076
20270,9,81080
20271,9,81084
20272,9,81088
20273,9,81092
20274,9,81096
20275,9,81100
20276,9,81104
20277,9,81108
20278,9,81112
20279,9,81116
20280,9,81120
20281,9,81124
20282,9,81128
20283,9,81132
20284,9,81136
20285,9,81140
20286,9,81144
20287,9,81148
20288,9,81152
20289,9,81156
20290,9,81160
20291,9,81164
20292,9,81168
20293,9,81172
20294,9,81176
20295,9,81180
20296,9,81184
20297,9,81188
20298,9,81192
20299,9,81196
20300,9,81200
20301,9,81204
20302,9,81208
20303,9,81212
20304,9,81216
20305,9,81220
20306,9,81224
20307,9,81228
20308,9,81232
20309,9,81236
20310,9,81240
20311,9,81244
20312,9,81248
20313,9,81252
20314,9,81256
20315,9,81260
20316,9,81264
20317,9,81268
20318,9,81272
20319,9,81276
20320,9,81280
20321,9,81284
20322,9,81288
20323,9,81292
20324,9,81296
20325,9,81300
20326,9,81304
20327,9,81308
20328,9,81312
20329,9,81316
20330,9,81320
20331,9,81324
20332,9,81328
20333,9,81332
20334,9,81336
20335,9,81340
20336,9,81344
20337,9,81348
20338,9,81352
20339,9,81356
20340,9,81360
20341,9,81364
20342,9,81368
20343,9,81372
20344,9,81376
20345,9,81380
20346,9,81384
20347,9,81388
20348,9,81392
20349,9,81396
20350,9,81400
20351,9,81404
20352,9,81408
20353,9,81412
20354,9,81416
20355,9,81420
20356,9,81424
20357,9,81428
20358,9,81432
20359,9,81436
20360,9,81440
20361,9,81444
20362,9,81448
20363,9,81452
20364,9,81456
20365,9,81460
20366,9,81464
20367,9,81468
20368,9,81472
20369,9,81476
20370,9,81480
20371,9,81484
20372,9,81488
20373,9,81492
20374,9,81496
20375,9,81500
20376,9,81504
20377,9,81508
20378,9,81512
20379,9,81516
20380,9,81520
20381,9,81524
20382,9,81528
20383,9,81532
20384,9,81536
20385,9,81540
20386,9,81544
20387,9,81548
20388,9,81552
20389,9,81556
20390,9,81560
20391,9,81564
20392,9,81568
20393,9,81572
20394,9,81576
20395,9,81580
20396,9,81584
20397,9,81588
20398,9,81592
20399,9,81596
20400,9,81600
20401,9,81604
20402,9,81608
20403,9,81612
20404,9,81616
20405,9,81620
20406,9,81624
20407,9,81628
20408,9,81632
20409,9,81636
20410,9,81640
20411,9,81644
20412,9,81648
20413,9,81652
20414,9,81656
20415,9,81660
20416,9,81664
20417,9,81668
20418,9,81672
20419,9,81676
20420,9,81680
20421,9,81684
20422,9,81688
20423,9,81692
20424,9,81696
20425,9,81700
20426,9,81704
20427,9,81708
20428,9,81712
20429,9,81716
20430,9,81720
20431,9,81724
20432,9,81728
20433,9,81732
20434,9,81736
20435,9,81740
20436,9,81744
20437,9,81748
20438,9,81752
20439,9,81756
20440,9,81760
20441,9,81764
20442,9,81768
20443,9,81772
20444,9,81776
20445,9,81780
20446,9,81784
20447,9,81788
20448,9,81792
20449,9,81796
20450,9,81800
20451,9,81804
20452,9,81808
20453,9,81812
20454,9,81816
20455,9,81820
20456,9,81824
20457,9,81828
20458,9,81832
20459,9,81836
20460,9,81840
20461,9,81844
20462,9,81848
20463,9,81852
20464,9,81856
20465,9,81860
20466,9,81864
20467,9,81868
20468,9,81872
20469,9,81876
20470,9,81880
20471,9,81884
20472,9,81888
20473,9,81892
20474,9,81896
20475,9,81900
20476,9,81904
20477,9,81908
20478,9,81912
20479,9,81916
20480,9,81920
20481,9,81924
20482,9,81928
20483,9,81932
20484,9,81936
20485,9,81940
20486,9,81944
20487,9,81948
20488,9,81952
20489,9,81956
20490,9,81960
20491,9,81964
20492,9,81968
20493,9,81972
20494,9,81976
20495,9,81980
20496,9,81984
20497,9,81988
20498,9,81992
20499,9,81996
20500,9,82000
20501,9,82004
20502,9,82008
20503,9,82012
20504,9,82016
20505,9,82020
20506,9,82024
20507,9,82028
20508,9,82032
20509,9,82036
20510,9,82040
20511,9,82044
20512,9,82048
20513,9,82052
20514,9,82056
20515,9,82060
20516,9,82064
20517,9,82068
20518,9,82072
20519,9,82076
20520,9,82080
20521,9,82084
20522,9,82088
20523,9,82092
20524,9,82096
20525,9,82100
20526,9,82104
20527,9,82108
20528,9,82112
20529,9,82116
20530,9,82120
20531,9,82124
20532,9,82128
20533,9,82132
20534,9,82136
20535,9,82140
20536,9,82144
20537,9,82148
20538,9,82152
20539,9,82156
20540,9,82160
20541,9,82164
20542,9,82168
20543,9,82172
20544,9,82176
20545,9,82180
20546,9,82184
20547,9,82188
20548,9,82192
20549,9,82196
20550,9,82200
20551,9,82204
20552,9,82208
20553,9,82212
20554,9,82216
20555,9,82220
20556,9,82224
20557,9,82228
20558,9,82232
20559,9,82236
20560,9,82240
20561,9,82244
20562,9,82248
20563,9,82252
20564,9,82256
20565,9,82260
20566,9,82264
20567,9,82268
20568,9,82272
20569,9,82276
20570,9,82280
20571,9,82284
20572,9,82288
20573,9,82292
20574,9,82296
20575,9,82300
20576,9,82304
20577,9,82308
20578,9,82312
20579,9,82316
20580,9,82320
20581,9,82324
20582,9,82328
20583,9,82332
20584,9,82336
20585,9,82340
20586,9,82344
20587,9,82348
20588,9,82352
20589,9,82356
20590,9,82360
20591,9,82364
20592,9,82368
20593,9,82372
20594,9,82376
20595,9,82380
20596,9,82384
20597,9,82388
20598,9,82392
20599,9,82396
20600,9,82400
20601,9,82404
20602,9,82408
20603,9,82412
20604,9,82416
20605,9,82420
20606,9,82424
20607,9,82428
20608,9,82432
20609,9,82436
20610,9,82440
20611,9,82444
20612,9,82448
20613,9,82452
20614,9,82456
20615,9,82460
20616,9,82464
20617,9,82468
20618,9,82472
20619,9,82476
20620,9,82480
20621,9,82484
20622,9,82488
20623,9,82492
20624,9,82496
20625,9,82500
20626,9,82504
20627,9,82508
20628,9,82512
20629,9,82516
20630,9,82520
20631,9,82524
20632,9,82528
20633,9,82532
20634,9,82536
20635,9,82540
20636,9,82544
20637,9,82548
20638,9,82552
20639,9,82556
20640,9,82560
20641,9,82564
20642,9,82568
20643,9,82572
20644,9,82576
20645,9,82580
20646,9,82584
20647,9,82588
20648,9,82592
20649,9,82596
20650,9,82600
20651,9,82604
20652,9,82608
20653,9,82612
20654,9,82616
20655,9,82620
20656,9,82624
20657,9,82628
20658,9,82632
20659,9,82636
20660,9,82640
20661,9,82644
20662,9,82648
20663,9,82652
20664,9,82656
20665,9,82660
20666,9,82664
20667,9,82668
20668,9,82672
20669,9,82676
20670,9,82680
20671,9,82684
20672,9,82688
20673,9,82692
20674,9,82696
20675,9,82700
20676,9,82704
20677,9,82708
20678,9,82712
20679,9,82716
20680,9,82720
20681,9,82724
20682,9,82728
20683,9,82732
20684,9,82736
20685,9,82740
20686,9,82744
20687,9,82748
20688,9,82752
20689,9,82756
20690,9,82760
20691,9,82764
20692,9,82768
20693,9,82772
20694,9,82776
20695,9,82780
20696,9,82784
20697,9,82788
20698,9,82792
20699,9,82796
20700,9,82800
20701,9,82804
20702,9,82808
20703,9,82812
20704,9,82816
20705,9,82820
20706,9,82824
20707,9,82828
20708,9,82832
20709,9,82836
20710,9,82840
20711,9,82844
20712,9,82848
20713,9,82852
20714,9,82856
20715,9,82860
20716,9,82864
20717,9,82868
20718,9,82872
20719,9,82876
20720,9,82880
20721,9,82884
20722,9,82888
20723,9,82892
20724,9,82896
20725,9,82900
20726,9,82904
20727,9,82908
20728,9,82912
20729,9,82916
20730,9,82920
20731,9,82924
20732,9,82928
20733,9,82932
20734,9,82936
20735,9,82940
20736,9,82944
20737,9,82948
20738,9,82952
20739,9,82956
20740,9,82960
20741,9,82964
20742,9,82968
20743,9,82972
20744,9,82976
20745,9,82980
20746,9,82984
20747,9,82988
20748,9,82992
20749,9,82996
20750,9,83000
20751,9,83004
20752,9,83008
20753,9,83012
20754,9,83016
20755,9,83020
20756,9,83024
20757,9,83028
20758,9,83032
20759,9,83036
20760,9,83040
20761,9,83044
20762,9,83048
20763,9,83052
20764,9,83056
20765,9,83060
20766,9,83064
20767,9,83068
20768,9,83072
20769,9,83076
20770,9,83080
20771,9,83084
20772,9,83088
20773,9,83092
20774,9,83096
20775,9,83100
20776,9,83104
20777,9,83108
20778,9,83112
20779,9,83116
20780,9,83120
20781,9,83124
20782,9,83128
20783,9,83132
20784,9,83136
20785,9,83140
20786,9,83144
20787,9,83148
20788,9,83152
20789,9,83156
20790,9,83160
20791,9,83164
20792,9,83168
20793,9,83172
20794,9,83176
20795,9,83180
20796,9,83184
20797,9,83188
20798,9,83192
20799,9,83196
20800,9,83200
20801,9,83204
20802,9,83208
20803,9,83212
20804,9,83216
20805,9,83220
20806,9,83224
20807,9,83228
20808,9,83232
20809,9,83236
20810,9,83240
20811,9,83244
20812,9,83248
20813,9,83252
20814,9,83256
20815,9,83260
20816,9,83264
20817,9,83268
20818,9,83272
20819,9,83276
20820,9,83280
20821,9,83284
20822,9,83288
20823,9,83292
20824,9,83296
20825,9,83300
20826,9,83304
20827,9,83308
20828,9,83312
20829,9,83316
20830,9,83320
20831,9,83324
20832,9,83328
20833,9,83332
20834,9,83336
20835,9,83340
20836,9,83344
20837,9,83348
20838,9,83352
20839,9,83356
20840,9,83360
20841,9,83364
20842,9,83368
20843,9,83372
20844,9,83376
20845,9,83380
20846,9,83384
20847,9,83388
20848,9,83392
20849,9,83396
20850,9,83400
20851,9,83404
20852,9,83408
20853,9,83412
20854,9,83416
20855,9,83420
20856,9,83424
20857,9,83428
20858,9,83432
20859,9,83436
20860,9,83440
20861,9,83444
20862,9,83448
20863,9,83452
20864,9,83456
20865,9,83460
20866,9,83464
20867,9,83468
20868,9,83472
20869,9,83476
20870,9,83480
20871,9,83484
20872,9,83488
20873,9,83492
20874,9,83496
20875,9,83500
20876,9,83504
20877,9,83508
20878,9,83512
20879,9,83516
20880,9,83520
20881,9,83524
20882,9,83528
20883,9,83532
20884,9,83536
20885,9,83540
20886,9,83544
20887,9,83548
20888,9,83552
20889,9,83556
20890,9,83560
20891,9,83564
20892,9,83568
20893,9,83572
20894,9,83576
20895,9,83580
20896,9,83584
20897,9,83588
20898,9,83592
20899,9,83596
20900,9,83600
20901,9,83604
20902,9,83608
20903,9,83612
20904,9,83616
20905,9,83620
20906,9,83624
20907,9,83628
20908,9,83632
20909,9,83636
20910,9,83640
20911,9,83644
20912,9,83648
20913,9,83652
20914,9,83656
20915,9,83660
20916,9,83664
20917,9,83668
20918,9,83672
20919,9,83676
20920,9,83680
20921,9,83684
20922,9,83688
20923,9,83692
20924,9,83696
20925,9,83700
20926,9,83704
20927,9,83708
20928,9,83712
20929,9,83716
20930,9,83720
20931,9,83724
20932,9,83728
20933,9,83732
20934,9,83736
20935,9,83740
20936,9,83744
20937,9,83748
20938,9,83752
20939,9,83756
20940,9,83760
20941,9,83764
20942,9,83768
20943,9,83772
20944,9,83776
20945,9,83780
20946,9,83784
20947,9,83788
20948,9,83792
20949,9,83796
20950,9,83800
20951,9,83804
20952,9,83808
20953,9,83812
20954,9,83816
20955,9,83820
20956,9,83824
20957,9,83828
20958,9,83832
20959,9,83836
20960,9,83840
20961,9,83844
20962,9,83848
20963,9,83852
20964,9,83856
20965,9,83860
20966,9,83864
20967,9,83868
20968,9,83872
20969,10,83876
20970,10,83880
20971,10,83884
20972,10,83888
20973,10,83892
20974,10,83896
20975,10,83900
20976,10,83904
20977,10,83908
20978,10,83912
20979,10,83916
20980,10,83920
20981,10,83924
20982,10,83928
20983,10,83932
20984,10,83936
20985,10,83940
20986,10,83944
20987,10,83948
20988,10,83952
20989,10,83956
20990,10,83960
20991,10,83964
20992,10,83968
20993,10,83972
20994,10,83976
20995,10,83980
20996,10,83984
20997,10,83988
20998,10,83992
20999,10,83996
21000,10,84000
21001,10,84004
21002,10,84008
21003,10,84012
21004,10,84016
21005,10,84020
21006,10,84024
21007,10,84028
21008,10,84032
21009,10,84036
21010,10,84040
21011,10,84044
21012,10,84048
21013,10,84052
21014,10,84056
21015,10,84060
21016,10,84064
21017,10,84068
21018,10,84072
21019,10,84076
21020,10,84080
21021,10,84084
21022,10,84088
21023,10,84092
21024,10,84096
21025,10,84100
21026,10,84104
21027,10,84108
21028,10,84112
21029,10,84116
21030,10,84120
21031,10,84124
21032,10,84128
21033,10,84132
21034,10,84136
21035,10,84140
21036,10,84144
21037,10,84148
21038,10,84152
21039,10,84156
21040,10,84160
21041,10,84164
21042,10,84168
21043,10,84172
21044,10,84176
21045,10,84180
21046,10,84184
21047,10,84188
21048,10,84192
21049,10,84196
21050,10,84200
21051,10,84204
21052,10,84208
21053,10,84212
21054,10,84216
21055,10,84220
21056,10,84224
21057,10,84228
21058,10,84232
21059,10,84236
21060,10,84240
21061,10,84244
21062,10,84248
21063,10,84252
21064,10,84256
21065,10,84260
21066,10,84264
21067,10,84268
21068,10,84272
21069,10,84276
21070,10,84280
21071,10,84284
21072,10,84288
21073,10,84292
21074,10,84296
21075,10,84300
21076,10,84304
21077,10,84308
21078,10,84312
21079,10,84316
21080,10,84320
21081,10,84324
21082,10,84328
21083,10,84332
21084,10,84336
21085,10,84340
21086,10,84344
21087,10,84348
21088,10,84352
21089,10,84356
21090,10,84360
21091,10,84364
21092,10,84368
21093,10,84372
21094,10,84376
21095,10,84380
21096,10,84384
21097,10,84388
21098,10,84392
21099,10,84396
21100,10,84400
21101,10,84404
21102,10,84408
21103,10,84412
21104,10,84416
21105,10,84420
21106,10,84424
21107,10,84428
21108,10,84432
21109,10,84436
21110,10,84440
21111,10,84444
21112,10,84448
21113,10,84452
21114,10,84456
21115,10,84460
21116,10,84464
21117,10,84468
21118,10,84472
21119,10,84476
21120,10,84480
21121,10,84484
21122,10,84488
21123,10,84492
21124,10,84496
21125,10,84500
21126,10,84504
21127,10,84508
21128,10,84512
21129,10,84516
21130,10,84520
21131,10,84524
21132,10,84528
21133,10,84532
21134,10,84536
21135,10,84540
21136,10,84544
21137,10,84548
21138,10,84552
21139,10,84556
21140,10,84560
21141,10,84564
21142,10,84568
21143,10,84572
21144,10,84576
21145,10,84580
21146,10,84584
21147,10,84588
21148,10,84592
21149,10,84596
21150,10,84600
21151,10,84604
21152,10,84608
21153,10,84612
21154,10,84616
21155,10,84620
21156,10,84624
21157,10,84628
21158,10,84632
21159,10,84636
21160,10,84640
21161,10,84644
21162,10,84648
21163,10,84652
21164,10,84656
21165,10,84660
21166,10,84664
21167,10,84668
21168,10,84672
21169,10,84676
21170,10,84680
21171,10,84684
21172,10,84688
21173,10,84692
21174,10,84696
21175,10,84700
21176,10,84704
21177,10,84708
21178,10,84712
21179,10,84716
21180,10,84720
21181,10,84724
21182,10,84728
21183,10,84732
21184,10,84736
21185,10,84740
21186,10,84744
21187,10,84748
21188,10,84752
21189,10,84756
21190,10,84760
21191,10,84764
21192,10,84768
21193,10,84772
21194,10,84776
21195,10,84780
21196,10,84784
21197,10,84788
21198,10,84792
21199,10,84796
21200,10,84800
21201,10,84804
21202,10,84808
21203,10,84812
21204,10,84816
21205,10,84820
21206,10,84824
21207,10,84828
21208,10,84832
21209,10,84836
21210,10,84840
21211,10,84844
21212,10,84848
21213,10,84852
21214,10,84856
21215,10,84860
21216,10,84864
21217,10,84868
21218,10,84872
21219,10,84876
21220,10,84880
21221,10,84884
21222,10,84888
21223,10,84892
21224,10,84896
21225,10,84900
21226,10,84904
21227,10,84908
21228,10,84912
21229,10,84916
21230,10,84920
21231,10,84924
21232,10,84928
21233,10,84932
21234,10,84936
21235,10,84940
21236,10,84944
21237,10,84948
21238,10,84952
21239,10,84956
21240,10,84960
21241,10,84964
21242,10,84968
21243,10,84972
21244,10,84976
21245,10,84980
21246,10,84984
21247,10,84988
21248,10,84992
21249,10,84996
21250,10,85000
21251,10,85004
21252,10,85008
21253,10,85012
21254,10,85016
21255,10,85020
21256,10,85024
21257,10,85028
21258,10,85032
21259,10,85036
21260,10,85040
21261,10,85044
21262,10,85048
21263,10,85052
21264,10,85056
21265,10,85060
21266,10,85064
21267,10,85068
21268,10,85072
21269,10,85076
21270,10,85080
21271,10,85084
21272,10,85088
21273,10,85092
21274,10,85096
21275,10,85100
21276,10,85104
21277,10,85108
21278,10,85112
21279,10,85116
21280,10,85120
21281,10,85124
21282,10,85128
21283,10,85132
21284,10,85136
21285,10,85140
21286,10,85144
21287,10,85148
21288,10,85152
21289,10,85156
21290,10,85160
21291,10,85164
21292,10,85168
21293,10,85172
21294,10,85176
21295,10,85180
21296,10,85184
21297,10,85188
21298,10,85192
21299,10,85196
21300,10,85200
21301,10,85204
21302,10,85208
21303,10,85212
21304,10,85216
21305,10,85220
21306,10,85224
21307,10,85228
21308,10,85232
21309,10,85236
21310,10,85240
21311,10,85244
21312,10,85248
21313,10,85252
21314,10,85256
21315,10,85260
21316,10,85264
21317,10,85268
21318,10,85272
21319,10,85276
21320,10,85280
21321,10,85284
21322,10,85288
21323,10,85292
21324,10,85296
21325,10,85300
21326,10,85304
21327,10,85308
21328,10,85312
21329,10,85316
21330,10,85320
21331,10,85324
21332,10,85328
21333,10,85332
21334,10,85336
21335,10,85340
21336,10,85344
21337,10,85348
21338,10,85352
21339,10,85356
21340,10,85360
21341,10,85364
21342,10,85368
21343,10,85372
21344,10,85376
21345,10,85380
21346,10,85384
21347,10,85388
21348,10,85392
21349,10,85396
21350,10,85400
21351,10,85404
21352,10,85408
21353,10,85412
21354,10,85416
21355,10,85420
21356,10,85424
21357,10,85428
21358,10,85432
21359,10,85436
21360,10,85440
21361,10,85444
21362,10,85448
21363,10,85452
21364,10,85456
21365,10,85460
21366,10,85464
21367,10,85468
21368,10,85472
21369,10,85476
21370,10,85480
21371,10,85484
21372,10,85488
21373,10,85492
21374,10,85496
21375,10,85500
21376,10,85504
21377,10,85508
21378,10,85512
21379,10,85516
21380,10,85520
21381,10,85524
21382,10,85528
21383,10,85532
21384,10,85536
21385,10,85540
21386,10,85544
21387,10,85548
21388,10,85552
21389,10,85556
21390,10,85560
21391,10,85564
21392,10,85568
21393,10,85572
21394,10,85576
21395,10,85580
21396,10,85584
21397,10,85588
21398,10,85592
21399,10,85596
21400,10,85600
21401,10,85604
21402,10,85608
21403,10,85612
21404,10,85616
21405,10,85620
21406,10,85624
21407,10,85628
21408,10,85632
21409,10,85636
21410,10,85640
21411,10,85644
21412,10,85648
21413,10,85652
21414,10,85656
21415,10,85660
21416,10,85664
21417,10,85668
21418,10,85672
21419,10,85676
21420,10,85680
21421,10,85684
21422,10,85688
21423,10,85692
21424,10,85696
21425,10,85700
21426,10,85704
21427,10,85708
21428,10,85712
21429,10,85716
21430,10,85720
21431,10,85724
21432,10,85728
21433,10,85732
21434,10,85736
21435,10,85740
21436,10,85744
21437,10,85748
21438,10,85752
21439,10,85756
21440,10,85760
21441,10,85764
21442,10,85768
21443,10,85772
21444,10,85776
21445,10,85780
21446,10,85784
21447,10,85788
21448,10,85792
21449,10,85796
21450,10,85800
21451,10,85804
21452,10,85808
21453,10,85812
21454,10,85816
21455,10,85820
21456,10,85824
21457,10,85828
21458,10,85832
21459,10,85836
21460,10,85840
21461,10,85844
21462,10,85848
21463,10,85852
21464,10,85856
21465,10,85860
21466,10,85864
21467,10,85868
21468,10,85872
21469,10,85876
21470,10,85880
21471,10,85884
21472,10,85888
21473,10,85892
21474,10,85896
21475,10,85900
21476,10,85904
21477,10,85908
21478,10,85912
21479,10,85916
21480,10,85920
21481,10,85924
21482,10,85928
21483,10,85932
21484,10,85936
21485,10,85940
21486,10,85944
21487,10,85948
21488,10,85952
21489,10,85956
21490,10,85960
21491,10,85964
21492,10,85968
21493,10,85972
21494,10,85976
21495,10,85980
21496,10,85984
21497,10,85988
21498,10,85992
21499,10,85996
21500,10,86000
21501,10,86004
21502,10,86008
21503,10,86012
21504,10,86016
21505,10,86020
21506,10,86024
21507,10,86028
21508,10,86032
21509,10,86036
21510,10,86040
21511,10,86044
21512,10,86048
21513,10,86052
21514,10,86056
21515,10,86060
21516,10,86064
21517,10,86068
21518,10,86072
21519,10,86076
21520,10,86080
21521,10,86084
21522,10,86088
21523,10,86092
21524,10,86096
21525,10,86100
21526,10,86104
21527,10,86108
21528,10,86112
21529,10,86116
21530,10,86120
21531,10,86124
21532,10,86128
21533,10,86132
21534,10,86136
21535,10,86140
21536,10,86144
21537,10,86148
21538,10,86152
21539,10,86156
21540,10,86160
21541,10,86164
21542,10,86168
21543,10,86172
21544,10,86176
21545,10,86180
21546,10,86184
21547,10,86188
21548,10,86192
21549,10,86196
21550,10,86200
21551,10,86204
21552,10,86208
21553,10,86212
21554,10,86216
21555,10,86220
21556,10,86224
21557,10,86228
21558,10,86232
21559,10,86236
21560,10,86240
21561,10,86244
21562,10,86248
21563,10,86252
21564,10,86256
21565,10,86260
21566,10,86264
21567,10,86268
21568,10,86272
21569,10,86276
21570,10,86280
21571,10,86284
21572,10,86288
21573,10,86292
21574,10,86296
21575,10,86300
21576,10,86304
21577,10,86308
21578,10,86312
21579,10,86316
21580,10,86320
21581,10,86324
21582,10,86328
21583,10,86332
21584,10,86336
21585,10,86340
21586,10,86344
21587,10,86348
21588,10,86352
21589,10,86356
21590,10,86360
21591,10,86364
21592,10,86368
21593,10,86372
21594,10,86376
21595,10,86380
21596,10,86384
21597,10,86388
21598,10,86392
21599,10,86396
21600,10,86400
21601,10,86404
21602,10,86408
21603,10,86412
21604,10,86416
21605,10,86420
21606,10,86424
21607,10,86428
21608,10,86432
21609,10,86436
21610,10,86440
21611,10,86444
21612,10,86448
21613,10,86452
21614,10,86456
21615,10,86460
21616,10,86464
21617,10,86468
21618,10,86472
21619,10,86476
21620,10,86480
21621,10,86484
21622,10,86488
21623,10,86492
21624,10,86496
21625,10,86500
21626,10,86504
21627,10,86508
21628,10,86512
21629,10,86516
21630,10,86520
21631,10,86524
21632,10,86528
21633,10,86532
21634,10,86536
21635,10,86540
21636,10,86544
21637,10,86548
21638,10,86552
21639,10,86556
21640,10,86560
21641,10,86564
21642,10,86568
21643,10,86572
21644,10,86576
21645,10,86580
21646,10,86584
21647,10,86588
21648,10,86592
21649,10,86596
21650,10,86600
21651,10,86604
21652,10,86608
21653,10,86612
21654,10,86616
21655,10,86620
21656,10,86624
21657,10,86628
21658,10,86632
21659,10,86636
21660,10,86640
21661,10,86644
21662,10,86648
21663,10,86652
21664,10,86656
21665,10,86660
21666,10,86664
21667,10,86668
21668,10,86672
21669,10,86676
21670,10,86680
21671,10,86684
21672,10,86688
21673,10,86692
21674,10,86696
21675,10,86700
21676,10,86704
21677,10,86708
21678,10,86712
21679,10,86716
21680,10,86720
21681,10,86724
21682,10,86728
21683,10,86732
21684,10,86736
21685,10,86740
21686,10,86744
21687,10,86748
21688,10,86752
21689,10,86756
21690,10,86760
21691,10,86764
21692,10,86768
21693,10,86772
21694,10,86776
21695,10,86780
21696,10,86784
21697,10,86788
21698,10,86792
21699,10,86796
21700,10,86800
21701,10,86804
21702,10,86808
21703,10,86812
21704,10,86816
21705,10,86820
21706,10,86824
21707,10,86828
21708,10,86832
21709,10,86836
21710,10,86840
21711,10,86844
21712,10,86848
21713,10,86852
21714,10,86856
21715,10,86860
21716,10,86864
21717,10,86868
21718,10,86872
21719,10,86876
21720,10,86880
21721,10,86884
21722,10,86888
21723,10,86892
21724,10,86896
21725,10,86900
21726,10,86904
21727,10,86908
21728,10,86912
21729,10,86916
21730,10,86920
21731,10,86924
21732,10,86928
21733,10,86932
21734,10,86936
21735,10,86940
21736,10,86944
21737,10,86948
21738,10,86952
21739,10,86956
21740,10,86960
21741,10,86964
21742,10,86968
21743,10,86972
21744,10,86976
21745,10,86980
21746,10,86984
21747,10,86988
21748,10,86992
21749,10,86996
21750,10,87000
21751,10,87004
21752,10,87008
21753,10,87012
21754,10,87016
21755,10,87020
21756,10,87024
21757,10,87028
21758,10,87032
21759,10,87036
21760,10,87040
21761,10,87044
21762,10,87048
21763,10,87052
21764,10,87056
21765,10,87060
21766,10,87064
21767,10,87068
21768,10,87072
21769,10,87076
21770,10,87080
21771,10,87084
21772,10,87088
21773,10,87092
21774,10,87096
21775,10,87100
21776,10,87104
21777,10,87108
21778,10,87112
21779,10,87116
21780,10,87120
21781,10,87124
21782,10,87128
21783,10,87132
21784,10,87136
21785,10,87140
21786,10,87144
21787,10,87148
21788,10,87152
21789,10,87156
21790,10,87160
21791,10,87164
21792,10,87168
21793,10,87172
21794,10,87176
21795,10,87180
21796,10,87184
21797,10,87188
21798,10,87192
21799,10,87196
21800,10,87200
21801,10,87204
21802,10,87208
21803,10,87212
21804,10,87216
21805,10,87220
21806,10,87224
21807,10,87228
21808,10,87232
21809,10,87236
21810,10,87240
21811,10,87244
21812,10,87248
21813,10,87252
21814,10,87256
21815,10,87260
21816,10,87264
21817,10,87268
21818,10,87272
21819,10,87276
21820,10,87280
21821,10,87284
21822,10,87288
21823,10,87292
21824,10,87296
21825,10,87300
21826,10,87304
21827,10,87308
21828,10,87312
21829,10,87316
21830,10,87320
21831,10,87324
21832,10,87328
21833,10,87332
21834,10,87336
21835,10,87340
21836,10,87344
21837,10,87348
21838,10,87352
21839,10,87356
21840,10,87360
21841,10,87364
21842,10,87368
21843,10,87372
21844,10,87376
21845,10,87380
21846,10,87384
21847,10,87388
21848,10,87392
21849,10,87396
21850,10,87400
21851,10,87404
21852,10,87408
21853,10,87412
21854,10,87416
21855,10,87420
21856,10,87424
21857,10,87428
21858,10,87432
21859,10,87436
21860,10,87440
21861,10,87444
21862,10,87448
21863,10,87452
21864,10,87456
21865,10,87460
21866,10,87464
21867,10,87468
21868,10,87472
21869,10,87476
21870,10,87480
21871,10,87484
21872,10,87488
21873,10,87492
21874,10,87496
21875,10,87500
21876,10,87504
21877,10,87508
21878,10,87512
21879,10,87516
21880,10,87520
21881,10,87524
21882,10,87528
21883,10,87532
21884,10,87536
21885,10,87540
21886,10,87544
21887,10,87548
21888,10,87552
21889,10,87556
21890,10,87560
21891,10,87564
21892,10,87568
21893,10,87572
21894,10,87576
21895,10,87580
21896,10,87584
21897,10,87588
21898,10,87592
21899,10,87596
21900,10,87600
21901,10,87604
21902,10,87608
21903,10,87612
21904,10,87616
21905,10,87620
21906,10,87624
21907,10,87628
21908,10,87632
21909,10,87636
21910,10,87640
21911,10,87644
21912,10,87648
21913,10,87652
21914,10,87656
21915,10,87660
21916,10,87664
21917,10,87668
21918,10,87672
21919,10,87676
21920,10,87680
21921,10,87684
21922,10,87688
21923,10,87692
21924,10,87696
21925,10,87700
21926,10,87704
21927,10,87708
21928,10,87712
21929,10,87716
21930,10,87720
21931,10,87724
21932,10,87728
21933,10,87732
21934,10,87736
21935,10,87740
21936,10,87744
21937,10,87748
21938,10,87752
21939,10,87756
21940,10,87760
21941,10,87764
21942,10,87768
21943,10,87772
21944,10,87776
21945,10,87780
21946,10,87784
21947,10,87788
21948,10,87792
21949,10,87796
21950,10,87800
21951,10,87804
21952,10,87808
21953,10,87812
21954,10,87816
21955,10,87820
21956,10,87824
21957,10,87828
21958,10,87832
21959,10,87836
21960,10,87840
21961,10,87844
21962,10,87848
21963,10,87852
21964,10,87856
21965,10,87860
21966,10,87864
21967,10,87868
21968,11,87872
21969,11,87876
21970,11,87880
21971,11,87884
21972,11,87888
21973,11,87892
21974,11,87896
21975,11,87900
21976,11,87904
21977,11,87908
21978,11,87912
21979,11,87916
21980,11,87920
21981,11,87924
21982,11,87928
21983,11,87932
21984,11,87936
21985,11,87940
21986,11,87944
21987,11,87948
21988,11,87952
21989,11,87956
21990,11,87960
21991,11,87964
21992,11,87968
21993,11,87972
21994,11,87976
21995,11,87980
21996,11,87984
21997,11,87988
21998,11,87992
21999,11,87996
22000,11,88000
22001,11,88004
22002,11,88008
22003,11,88012
22004,11,88016
22005,11,88020
22006,11,88024
22007,11,88028
22008,11,88032
22009,11,88036
22010,11,88040
22011,11,88044
22012,11,88048
22013,11,88052
22014,11,88056
22015,11,88060
22016,11,88064
22017,11,88068
22018,11,88072
22019,11,88076
22020,11,88080
22021,11,88084
22022,11,88088
22023,11,88092
22024,11,88096
22025,11,88100
22026,11,88104
22027,11,88108
22028,11,88112
22029,11,88116
22030,11,88120
22031,11,88124
22032,11,88128
22033,11,88132
22034,11,88136
22035,11,88140
22036,11,88144
22037,11,88148
22038,11,88152
22039,11,88156
22040,11,88160
22041,11,88164
22042,11,88168
22043,11,88172
22044,11,88176
22045,11,88180
22046,11,88184
22047,11,88188
22048,11,88192
22049,11,88196
22050,11,88200
22051,11,88204
22052,11,88208
22053,11,88212
22054,11,88216
22055,11,88220
22056,11,88224
22057,11,88228
22058,11,88232
22059,11,88236
22060,11,88240
22061,11,88244
22062,11,88248
22063,11,88252
22064,11,88256
22065,11,88260
22066,11,88264
22067,11,88268
22068,11,88272
22069,11,88276
22070,11,88280
22071,11,88284
22072,11,88288
22073,11,88292
22074,11,88296
22075,11,88300
22076,11,88304
22077,11,88308
22078,11,88312
22079,11,88316
22080,11,88320
22081,11,88324
22082,11,88328
22083,11,88332
22084,11,88336
22085,11,88340
22086,11,88344
22087,11,88348
22088,11,88352
22089,11,88356
22090,11,88360
22091,11,88364
22092,11,88368
22093,11,88372
22094,11,88376
22095,11,88380
22096,11,88384
22097,11,88388
22098,11,88392
22099,11,88396
22100,11,88400
22101,11,88404
22102,11,88408
22103,11,88412
22104,11,88416
22105,11,88420
22106,11,88424
22107,11,88428
22108,11,88432
22109,11,88436
22110,11,88440
22111,11,88444
22112,11,88448
22113,11,88452
22114,11,88456
22115,11,88460
22116,11,88464
22117,11,88468
22118,11,88472
22119,11,88476
22120,11,88480
22121,11,88484
22122,11,88488
22123,11,88492
22124,11,88496
22125,11,88500
22126,11,88504
22127,11,88508
22128,11,88512
22129,11,88516
22130,11,88520
22131,11,88524
22132,11,88528
22133,11,88532
22134,11,88536
22135,11,88540
22136,11,88544
22137,11,88548
22138,11,88552
22139,11,88556
22140,11,88560
22141,11,88564
22142,11,88568
22143,11,88572
22144,11,88576
22145,11,88580
22146,11,88584
22147,11,88588
22148,11,88592
22149,11,88596
22150,11,88600
22151,11,88604
22152,11,88608
22153,11,88612
22154,11,88616
22155,11,88620
22156,11,88624
22157,11,88628
22158,11,88632
22159,11,88636
22160,11,88640
22161,11,88644
22162,11,88648
22163,11,88652
22164,11,88656
22165,11,88660
22166,11,88664
22167,11,88668
22168,11,88672
22169,11,88676
22170,11,88680
22171,11,88684
22172,11,88688
22173,11,88692
22174,11,88696
22175,11,88700
22176,11,88704
22177,11,88708
22178,11,88712
22179,11,88716
22180,11,88720
22181,11,88724
22182,11,88728
22183,11,88732
22184,11,88736
22185,11,88740
22186,11,88744
22187,11,88748
22188,11,88752
22189,11,88756
22190,11,88760
22191,11,88764
22192,11,88768
22193,11,88772
22194,11,88776
22195,11,88780
22196,11,88784
22197,11,88788
22198,11,88792
22199,11,88796
22200,11,88800
22201,11,88804
22202,11,88808
22203,11,88812
22204,11,88816
22205,11,88820
22206,11,88824
22207,11,88828
22208,11,88832
22209,11,88836
22210,11,88840
22211,11,88844
22212,11,88848
22213,11,88852
22214,11,88856
22215,11,88860
22216,11,88864
22217,11,88868
22218,11,88872
22219,11,88876
22220,11,88880
22221,11,88884
22222,11,88888
22223,11,88892
22224,11,88896
22225,11,88900
22226,11,88904
22227,11,88908
22228,11,88912
22229,11,88916
22230,11,88920
22231,11,88924
22232,11,88928
22233,11,88932
22234,11,88936
22235,11,88940
22236,11,88944
22237,11,88948
22238,11,88952
22239,11,88956
22240,11,88960
22241,11,88964
22242,11,88968
22243,11,88972
22244,11,88976
22245,11,88980
22246,11,88984
22247,11,88988
22248,11,88992
22249,11,88996
22250,11,89000
22251,11,89004
22252,11,89008
22253,11,89012
22254,11,89016
22255,11,89020
22256,11,89024
22257,11,89028
22258,11,89032
22259,11,89036
22260,11,89040
22261,11,89044
22262,11,89048
22263,11,89052
22264,11,89056
22265,11,89060
22266,11,89064
22267,11,89068
22268,11,89072
22269,11,89076
22270,11,89080
22271,11,89084
22272,11,89088
22273,11,89092
22274,11,89096
22275,11,89100
22276,11,89104
22277,11,89108
22278,11,89112
22279,11,89116
22280,11,89120
22281,11,89124
22282,11,89128
22283,11,89132
22284,11,89136
22285,11,89140
22286,11,89144
22287,11,89148
22288,11,89152
22289,11,89156
22290,11,89160
22291,11,89164
22292,11,89168
22293,11,89172
22294,11,89176
22295,11,89180
22296,11,89184
22297,11,89188
22298,11,89192
22299,11,89196
22300,11,89200
22301,11,89204
22302,11,89208
22303,11,89212
22304,11,89216
22305,11,89220
22306,11,89224
22307,11,89228
22308,11,89232
22309,11,89236
22310,11,89240
22311,11,89244
22312,11,89248
22313,11,89252
22314,11,89256
22315,11,89260
22316,11,89264
22317,11,89268
22318,11,89272
22319,11,89276
22320,11,89280
22321,11,89284
22322,11,89288
22323,11,89292
22324,11,89296
22325,11,89300
22326,11,89304
22327,11,89308
22328,11,89312
22329,11,89316
22330,11,89320
22331,11,89324
22332,11,89328
22333,11,89332
22334,11,89336
22335,11,89340
22336,11,89344
22337,11,89348
22338,11,89352
22339,11,89356
22340,11,89360
22341,11,89364
22342,11,89368
22343,11,89372
22344,11,89376
22345,11,89380
22346,11,89384
22347,11,89388
22348,11,89392
22349,11,89396
22350,11,89400
22351,11,89404
22352,11,89408
22353,11,89412
22354,11,89416
22355,11,89420
22356,11,89424
22357,11,89428
22358,11,89432
22359,11,89436
22360,11,89440
22361,11,89444
22362,11,89448
22363,11,89452
22364,11,89456
22365,11,89460
22366,11,89464
22367,11,89468
22368,11,89472
22369,11,89476
22370,11,89480
22371,11,89484
22372,11,89488
22373,11,89492
22374,11,89496
22375,11,89500
22376,11,89504
22377,11,89508
22378,11,89512
22379,11,89516
22380,11,89520
22381,11,89524
22382,11,89528
22383,11,89532
22384,11,89536
22385,11,89540
22386,11,89544
22387,11,89548
22388,11,89552
22389,11,89556
22390,11,89560
22391,11,89564
22392,11,89568
22393,11,89572
22394,11,89576
22395,11,89580
22396,11,89584
22397,11,89588
22398,11,89592
22399,11,89596
22400,11,89600
22401,11,89604
22402,11,89608
22403,11,89612
22404,11,89616
22405,11,89620
22406,11,89624
22407,11,89628
22408,11,89632
22409,11,89636
22410,11,89640
22411,11,89644
22412,11,89648
22413,11,89652
22414,11,89656
22415,11,89660
22416,11,89664
22417,11,89668
22418,11,89672
22419,11,89676
22420,11,89680
22421,11,89684
22422,11,89688
22423,11,89692
22424,11,89696
22425,11,89700
22426,11,89704
22427,11,89708
22428,11,89712
22429,11,89716
22430,11,89720
22431,11,89724
22432,11,89728
22433,11,89732
22434,11,89736
22435,11,89740
22436,11,89744
22437,11,89748
22438,11,89752
22439,11,89756
22440,11,89760
22441,11,89764
22442,11,89768
22443,11,89772
22444,11,89776
22445,11,89780
22446,11,89784
22447,11,89788
22448,11,89792
22449,11,89796
22450,11,89800
22451,11,89804
22452,11,89808
22453,11,89812
22454,11,89816
22455,11,89820
22456,11,89824
22457,11,89828
22458,11,89832
22459,11,89836
22460,11,89840
22461,11,89844
22462,11,89848
22463,11,89852
22464,11,89856
22465,11,89860
22466,11,89864
22467,11,89868
22468,11,89872
22469,11,89876
22470,11,89880
22471,11,89884
22472,11,89888
22473,11,89892
22474,11,89896
22475,11,89900
22476,11,89904
22477,11,89908
22478,11,89912
22479,11,89916
22480,11,89920
22481,11,89924
22482,11,89928
22483,11,89932
22484,11,89936
22485,11,89940
22486,11,89944
22487,11,89948
22488,11,89952
22489,11,89956
22490,11,89960
22491,11,89964
22492,11,89968
22493,11,89972
22494,11,89976
22495,11,89980
22496,11,89984
22497,11,89988
22498,11,89992
22499,11,89996
22500,11,90000
22501,11,90004
22502,11,90008
22503,11,90012
22504,11,90016
22505,11,90020
22506,11,90024
22507,11,90028
22508,11,90032
22509,11,90036
22510,11,90040
22511,11,90044
22512,11,90048
22513,11,90052
22514,11,90056
22515,11,90060
22516,11,90064
22517,11,90068
22518,11,90072
22519,11,90076
22520,11,90080
22521,11,90084
22522,11,90088
22523,11,90092
22524,11,90096
22525,11,90100
22526,11,90104
22527,11,90108
22528,11,90112
22529,11,90116
22530,11,90120
22531,11,90124
22532,11,90128
22533,11,90132
22534,11,90136
22535,11,90140
22536,11,90144
22537,11,90148
22538,11,90152
22539,11,90156
22540,11,90160
22541,11,90164
22542,11,90168
22543,11,90172
22544,11,90176
22545,11,90180
22546,11,90184
22547,11,90188
22548,11,90192
22549,11,90196
22550,11,90200
22551,11,90204
22552,11,90208
22553,11,90212
22554,11,90216
22555,11,90220
22556,11,90224
22557,11,90228
22558,11,90232
22559,11,90236
22560,11,90240
22561,11,90244
22562,11,90248
22563,11,90252
22564,11,90256
22565,11,90260
22566,11,90264
22567,11,90268
22568,11,90272
22569,11,90276
22570,11,90280
22571,11,90284
22572,11,90288
22573,11,90292
22574,11,90296
22575,11,90300
22576,11,90304
22577,11,90308
22578,11,90312
22579,11,90316
22580,11,90320
22581,11,90324
22582,11,90328
22583,11,90332
22584,11,90336
22585,11,90340
22586,11,90344
22587,11,90348
22588,11,90352
22589,11,90356
22590,11,90360
22591,11,90364
22592,11,90368
22593,11,90372
22594,11,90376
22595,11,90380
22596,11,90384
22597,11,90388
22598,11,90392
22599,11,90396
22600,11,90400
22601,11,90404
22602,11,90408
22603,11,90412
22604,11,90416
22605,11,90420
22606,11,90424
22607,11,90428
22608,11,90432
22609,11,90436
22610,11,90440
22611,11,90444
22612,11,90448
22613,11,90452
22614,11,90456
22615,11,90460
22616,11,90464
22617,11,90468
22618,11,90472
22619,11,90476
22620,11,90480
22621,11,90484
22622,11,90488
22623,11,90492
22624,11,90496
22625,11,90500
22626,11,90504
22627,11,90508
22628,11,90512
22629,11,90516
22630,11,90520
22631,11,90524
22632,11,90528
22633,11,90532
22634,11,90536
22635,11,90540
22636,11,90544
22637,11,90548
22638,11,90552
22639,11,90556
22640,11,90560
22641,11,90564
22642,11,90568
22643,11,90572
22644,11,90576
22645,11,90580
22646,11,90584
22647,11,90588
22648,11,90592
22649,11,90596
22650,11,90600
22651,11,90604
22652,11,90608
22653,11,90612
22654,11,90616
22655,11,90620
22656,11,90624
22657,11,90628
22658,11,90632
22659,11,90636
22660,11,90640
22661,11,90644
22662,11,90648
22663,11,90652
22664,11,90656
22665,11,90660
22666,11,90664
22667,11,90668
22668,11,90672
22669,11,90676
22670,11,90680
22671,11,90684
22672,11,90688
22673,11,90692
22674,11,90696
22675,11,90700
22676,11,90704
22677,11,90708
22678,11,90712
22679,11,90716
22680,11,90720
22681,11,90724
22682,11,90728
22683,11,90732
22684,11,90736
22685,11,90740
22686,11,90744
22687,11,90748
22688,11,90752
22689,11,90756
22690,11,90760
22691,11,90764
22692,11,90768
22693,11,90772
22694,11,90776
22695,11,90780
22696,11,90784
22697,11,90788
22698,11,90792
22699,11,90796
22700,11,90800
22701,11,90804
22702,11,90808
22703,11,90812
22704,11,90816
22705,11,90820
22706,11,90824
22707,11,90828
22708,11,90832
22709,11,90836
22710,11,90840
22711,11,90844
22712,11,90848
22713,11,90852
22714,11,90856
22715,11,90860
22716,11,90864
22717,11,90868
22718,11,90872
22719,11,90876
22720,11,90880
22721,11,90884
22722,11,90888
22723,11,90892
22724,11,90896
22725,11,90900
22726,11,90904
22727,11,90908
22728,11,90912
22729,11,90916
22730,11,90920
22731,11,90924
22732,11,90928
22733,11,90932
22734,11,90936
22735,11,90940
22736,11,90944
22737,11,90948
22738,11,90952
22739,11,90956
22740,11,90960
22741,11,90964
22742,11,90968
22743,11,90972
22744,11,90976
22745,11,90980
22746,11,90984
22747,11,90988
22748,11,90992
22749,11,90996
22750,11,91000
22751,11,91004
22752,11,91008
22753,11,91012
22754,11,91016
22755,11,91020
22756,11,91024
22757,11,91028
22758,11,91032
22759,11,91036
22760,11,91040
22761,11,91044
22762,11,91048
22763,11,91052
22764,11,91056
22765,11,91060
22766,11,91064
22767,11,91068
22768,11,91072
22769,11,91076
22770,11,91080
22771,11,91084
22772,11,91088
22773,11,91092
22774,11,91096
22775,11,91100
22776,11,91104
22777,11,91108
22778,11,91112
22779,11,91116
22780,11,91120
22781,11,91124
22782,11,91128
22783,11,91132
22784,11,91136
22785,11,91140
22786,11,91144
22787,11,91148
22788,11,91152
22789,11,91156
22790,11,91160
22791,11,91164
22792,11,91168
22793,11,91172
22794,11,91176
22795,11,91180
22796,11,91184
22797,11,91188
22798,11,91192
22799,11,91196
22800,11,91200
22801,11,91204
22802,11,91208
22803,11,91212
22804,11,91216
22805,11,91220
22806,11,91224
22807,11,91228
22808,11,91232
22809,11,91236
22810,11,91240
22811,11,91244
22812,11,91248
22813,11,91252
22814,11,91256
22815,11,91260
22816,11,91264
22817,11,91268
22818,11,91272
22819,11,91276
22820,11,91280
22821,11,91284
22822,11,91288
22823,11,91292
22824,11,91296
22825,11,91300
22826,11,91304
22827,11,91308
22828,11,91312
22829,11,91316
22830,11,91320
22831,11,91324
22832,11,91328
22833,11,91332
22834,11,91336
22835,11,91340
22836,11,91344
22837,11,91348
22838,11,91352
22839,11,91356
22840,11,91360
22841,11,91364
22842,11,91368
22843,11,91372
22844,11,91376
22845,11,91380
22846,11,91384
22847,11,91388
22848,11,91392
22849,11,91396
22850,11,91400
22851,11,91404
22852,11,91408
22853,11,91412
22854,11,91416
22855,11,91420
22856,11,91424
22857,11,91428
22858,11,91432
22859,11,91436
22860,11,91440
22861,11,91444
22862,11,91448
22863,11,91452
22864,11,91456
22865,11,91460
22866,11,91464
22867,11,91468
22868,11,91472
22869,11,91476
22870,11,91480
22871,11,91484
22872,11,91488
22873,11,91492
22874,11,91496
22875,11,91500
22876,11,91504
22877,11,91508
22878,11,91512
22879,11,91516
22880,11,91520
22881,11,91524
22882,11,91528
22883,11,91532
22884,11,91536
22885,11,91540
22886,11,91544
22887,11,91548
22888,11,91552
22889,11,91556
22890,11,91560
22891,11,91564
22892,11,91568
22893,11,91572
22894,11,91576
22895,11,91580
22896,12,91584
22897,12,91588
22898,12,91592
22899,12,91596
22900,12,91600
22901,12,91604
22902,12,91608
22903,12,91612
22904,12,91616
22905,12,91620
22906,12,91624
22907,12,91628
22908,12,91632
22909,12,91636
22910,12,91640
22911,12,91644
22912,12,91648
22913,12,91652
22914,12,91656
22915,12,91660
22916,12,91664
22917,12,91668
22918,12,91672
22919,12,91676
22920,12,91680
22921,12,91684
22922,12,91688
22923,12,91692
22924,12,91696
22925,12,91700
22926,12,91704
22927,12,91708
22928,12,91712
22929,12,91716
22930,12,91720
22931,12,91724
22932,12,91728
22933,12,91732
22934,12,91736
22935,12,91740
22936,12,91744
22937,12,91748
22938,12,91752
22939,12,91756
22940,12,91760
22941,12,91764
22942,12,91768
22943,12,91772
22944,12,91776
22945,12,91780
22946,12,91784
22947,12,91788
22948,12,91792
22949,12,91796
22950,12,91800
22951,12,91804
22952,12,91808
22953,12,91812
22954,12,91816
22955,12,91820
22956,12,91824
22957,12,91828
22958,12,91832
22959,12,91836
22960,12,91840
22961,12,91844
22962,12,91848
22963,12,91852
22964,12,91856
22965,12,91860
22966,12,91864
22967,12,91868
22968,12,91872
22969,12,91876
22970,12,91880
22971,12,91884
22972,12,91888
22973,12,91892
22974,12,91896
22975,12,91900
22976,12,91904
22977,12,91908
22978,12,91912
22979,12,91916
22980,12,91920
22981,12,91924
22982,12,91928
22983,12,91932
22984,12,91936
22985,12,91940
22986,12,91944
22987,12,91948
22988,12,91952
22989,12,91956
22990,12,91960
22991,12,91964
22992,12,91968
22993,12,91972
22994,12,91976
22995,12,91980
22996,12,91984
22997,12,91988
22998,12,91992
22999,12,91996
23000,12,92000
23001,12,92004
23002,12,92008
23003,12,92012
23004,12,92016
23005,12,92020
23006,12,92024
23007,12,92028
23008,12,92032
23009,12,92036
23010,12,92040
23011,12,92044
23012,12,92048
23013,12,92052
23014,12,92056
23015,12,92060
23016,12,92064
23017,12,92068
23018,12,92072
23019,12,92076
23020,12,92080
23021,12,92084
23022,12,92088
23023,12,92092
23024,12,92096
23025,12,92100
23026,12,92104
23027,12,92108
23028,12,92112
23029,12,92116
23030,12,92120
23031,12,92124
23032,12,92128
23033,12,92132
23034,12,92136
23035,12,92140
23036,12,92144
23037,12,92148
23038,12,92152
23039,12,92156
23040,12,92160
23041,12,92164
23042,12,92168
23043,12,92172
23044,12,92176
23045,12,92180
23046,12,92184
23047,12,92188
23048,12,92192
23049,12,92196
23050,12,92200
23051,12,92204
23052,12,92208
23053,12,92212
23054,12,92216
23055,12,92220
23056,12,92224
23057,12,92228
23058,12,92232
23059,12,92236
23060,12,92240
23061,12,92244
23062,12,92248
23063,12,92252
23064,12,92256
23065,12,92260
23066,12,92264
23067,12,92268
23068,12,92272
23069,12,92276
23070,12,92280
23071,12,92284
23072,12,92288
23073,12,92292
23074,12,92296
23075,12,92300
23076,12,92304
23077,12,92308
23078,12,92312
23079,12,92316
23080,12,92320
23081,12,92324
23082,12,92328
23083,12,92332
23084,12,92336
23085,12,92340
23086,12,92344
23087,12,92348
23088,12,92352
23089,12,92356
23090,12,92360
23091,12,92364
23092,12,92368
23093,12,92372
23094,12,92376
23095,12,92380
23096,12,92384
23097,12,92388
23098,12,92392
23099,12,92396
23100,12,92400
23101,12,92404
23102,12,92408
23103,12,92412
23104,12,92416
23105,12,92420
23106,12,92424
23107,12,92428
23108,12,92432
23109,12,92436
23110,12,92440
23111,12,92444
23112,12,92448
23113,12,92452
23114,12,92456
23115,12,92460
23116,12,92464
23117,12,92468
23118,12,92472
23119,12,92476
23120,12,92480
23121,12,92484
23122,12,92488
23123,12,92492
23124,12,92496
23125,12,92500
23126,12,92504
23127,12,92508
23128,12,92512
23129,12,92516
23130,12,92520
23131,12,92524
23132,12,92528
23133,12,92532
23134,12,92536
23135,12,92540
23136,12,92544
23137,12,92548
23138,12,92552
23139,12,92556
23140,12,92560
23141,12,92564
23142,12,92568
23143,12,92572
23144,12,92576
23145,12,92580
23146,12,92584
23147,12,92588
23148,12,92592
23149,12,92596
23150,12,92600
23151,12,92604
23152,12,92608
23153,12,92612
23154,12,92616
23155,12,92620
23156,12,92624
23157,12,92628
23158,12,92632
23159,12,92636
23160,12,92640
23161,12,92644
23162,12,92648
23163,12,92652
23164,12,92656
23165,12,92660
23166,12,92664
23167,12,92668
23168,12,92672
23169,12,92676
23170,12,92680
23171,12,92684
23172,12,92688
23173,12,92692
23174,12,92696
23175,12,92700
23176,12,92704
23177,12,92708
23178,12,92712
23179,12,92716
23180,12,92720
23181,12,92724
23182,12,92728
23183,12,92732
23184,12,92736
23185,12,92740
23186,12,92744
23187,12,92748
23188,12,92752
23189,12,92756
23190,12,92760
23191,12,92764
23192,12,92768
23193,12,92772
23194,12,92776
23195,12,92780
23196,12,92784
23197,12,92788
23198,12,92792
23199,12,92796
23200,12,92800
23201,12,92804
23202,12,92808
23203,12,92812
23204,12,92816
23205,12,92820
23206,12,92824
23207,12,92828
23208,12,92832
23209,12,92836
23210,12,92840
23211,12,92844
23212,12,92848
23213,12,92852
23214,12,92856
23215,12,92860
23216,12,92864
23217,12,92868
23218,12,92872
23219,12,92876
23220,12,92880
23221,12,92884
23222,12,92888
23223,12,92892
23224,12,92896
23225,12,92900
23226,12,92904
23227,12,92908
23228,12,92912
23229,12,92916
23230,12,92920
23231,12,92924
23232,12,92928
23233,12,92932
23234,12,92936
23235,12,92940
23236,12,92944
23237,12,92948
23238,12,92952
23239,12,92956
23240,12,92960
23241,12,92964
23242,12,92968
23243,12,92972
23244,12,92976
23245,12,92980
23246,12,92984
23247,12,92988
23248,12,92992
23249,12,92996
23250,12,93000
23251,12,93004
23252,12,93008
23253,12,93012
23254,12,93016
23255,12,93020
23256,12,93024
23257,12,93028
23258,12,93032
23259,12,93036
23260,12,93040
23261,12,93044
23262,12,93048
23263,12,93052
23264,12,93056
23265,12,93060
23266,12,93064
23267,12,93068
23268,12,93072
23269,12,93076
23270,12,93080
23271,12,93084
23272,12,93088
23273,12,93092
23274,12,93096
23275,12,93100
23276,12,93104
23277,12,93108
23278,12,93112
23279,12,93116
23280,12,93120
23281,12,93124
23282,12,93128
23283,12,93132
23284,12,93136
23285,12,93140
23286,12,93144
23287,12,93148
23288,12,93152
23289,12,93156
23290,12,93160
23291,12,93164
23292,12,93168
23293,12,93172
23294,12,93176
23295,12,93180
23296,12,93184
23297,12,93188
23298,12,93192
23299,12,93196
23300,12,93200
23301,12,93204
23302,12,93208
23303,12,93212
23304,12,93216
23305,12,93220
23306,12,93224
23307,12,93228
23308,12,93232
23309,12,93236
23310,12,93240
23311,12,93244
23312,12,93248
23313,12,93252
23314,12,93256
23315,12,93260
23316,12,93264
23317,12,93268
23318,12,93272
23319,12,93276
23320,12,93280
23321,12,93284
23322,12,93288
23323,12,93292
23324,12,93296
23325,12,93300
23326,12,93304
23327,12,93308
23328,12,93312
23329,12,93316
23330,12,93320
23331,12,93324
23332,12,93328
23333,12,93332
23334,12,93336
23335,12,93340
23336,12,93344
23337,12,93348
23338,12,93352
23339,12,93356
23340,12,93360
23341,12,93364
23342,12,93368
23343,12,93372
23344,12,93376
23345,12,93380
23346,12,93384
23347,12,93388
23348,12,93392
23349,12,93396
23350,12,93400
23351,12,93404
23352,12,93408
23353,12,93412
23354,12,93416
23355,12,93420
23356,12,93424
23357,12,93428
23358,12,93432
23359,12,93436
23360,12,93440
23361,12,93444
23362,12,93448
23363,12,93452
23364,12,93456
23365,12,93460
23366,12,93464
23367,12,93468
23368,12,93472
23369,12,93476
23370,12,93480
23371,12,93484
23372,12,93488
23373,12,93492
23374,12,93496
23375,12,93500
23376,12,93504
23377,12,93508
23378,12,93512
23379,12,93516
23380,12,93520
23381,12,93524
23382,12,93528
23383,12,93532
23384,12,93536
23385,12,93540
23386,12,93544
23387,12,93548
23388,12,93552
23389,12,93556
23390,12,93560
23391,12,93564
23392,12,93568
23393,12,93572
23394,12,93576
23395,12,93580
23396,12,93584
23397,12,93588
23398,12,93592
23399,12,93596
23400,12,93600
23401,12,93604
23402,12,93608
23403,12,93612
23404,12,93616
23405,12,93620
23406,12,93624
23407,12,93628
23408,12,93632
23409,12,93636
23410,12,93640
23411,12,93644
23412,12,93648
23413,12,93652
23414,12,93656
23415,12,93660
23416,12,93664
23417,12,93668
23418,12,93672
23419,12,93676
23420,12,93680
23421,12,93684
23422,12,93688
23423,12,93692
23424,12,93696
23425,12,93700
23426,12,93704
23427,12,93708
23428,12,93712
23429,12,93716
23430,12,93720
23431,12,93724
23432,12,93728
23433,12,93732
23434,12,93736
23435,12,93740
23436,12,93744
23437,12,93748
23438,12,93752
23439,12,93756
23440,12,93760
23441,12,93764
23442,12,93768
23443,12,93772
23444,12,93776
23445,12,93780
23446,12,93784
23447,12,93788
23448,12,93792
23449,12,93796
23450,12,93800
23451,12,93804
23452,12,93808
23453,12,93812
23454,12,93816
23455,12,93820
23456,12,93824
23457,12,93828
23458,12,93832
23459,12,93836
23460,12,93840
23461,12,93844
23462,12,93848
23463,12,93852
23464,12,93856
23465,12,93860
23466,12,93864
23467,12,93868
23468,12,93872
23469,12,93876
23470,12,93880
23471,12,93884
23472,12,93888
23473,12,93892
23474,12,93896
23475,12,93900
23476,12,93904
23477,12,93908
23478,12,93912
23479,12,93916
23480,12,93920
23481,12,93924
23482,12,93928
23483,12,93932
23484,12,93936
23485,12,93940
23486,12,93944
23487,12,93948
23488,12,93952
23489,12,93956
23490,12,93960
23491,12,93964
23492,12,93968
23493,12,93972
23494,12,93976
23495,12,93980
23496,12,93984
23497,12,93988
23498,12,93992
23499,12,93996
23500,12,94000
23501,12,94004
23502,12,94008
23503,12,94012
23504,12,94016
23505,12,94020
23506,12,94024
23507,12,94028
23508,12,94032
23509,12,94036
23510,12,94040
23511,12,94044
23512,12,94048
23513,12,94052
23514,12,94056
23515,12,94060
23516,12,94064
23517,12,94068
23518,12,94072
23519,12,94076
23520,12,94080
23521,12,94084
23522,12,94088
23523,12,94092
23524,12,94096
23525,12,94100
23526,12,94104
23527,12,94108
23528,12,94112
23529,12,94116
23530,12,94120
23531,12,94124
23532,12,94128
23533,12,94132
23534,12,94136
23535,12,94140
23536,12,94144
23537,12,94148
23538,12,94152
23539,12,94156
23540,12,94160
23541,12,94164
23542,12,94168
23543,12,94172
23544,12,94176
23545,12,94180
23546,12,94184
23547,12,94188
23548,12,94192
23549,12,94196
23550,12,94200
23551,12,94204
23552,12,94208
23553,12,94212
23554,12,94216
23555,12,94220
23556,12,94224
23557,12,94228
23558,12,94232
23559,12,94236
23560,12,94240
23561,12,94244
23562,12,94248
23563,12,94252
23564,12,94256
23565,12,94260
23566,12,94264
23567,12,94268
23568,12,94272
23569,12,94276
23570,12,94280
23571,12,94284
23572,12,94288
23573,12,94292
23574,12,94296
23575,12,94300
23576,12,94304
23577,12,94308
23578,12,94312
23579,12,94316
23580,12,94320
23581,12,94324
23582,12,94328
23583,12,94332
23584,12,94336
23585,12,94340
23586,12,94344
23587,12,94348
23588,12,94352
23589,12,94356
23590,12,94360
23591,12,94364
23592,12,94368
23593,12,94372
23594,12,94376
23595,12,94380
23596,12,94384
23597,12,94388
23598,12,94392
23599,12,94396
23600,12,94400
23601,12,94404
23602,12,94408
23603,12,94412
23604,12,94416
23605,12,94420
23606,12,94424
23607,12,94428
23608,12,94432
23609,12,94436
23610,12,94440
23611,12,94444
23612,12,94448
23613,12,94452
23614,12,94456
23615,12,94460
23616,12,94464
23617,12,94468
23618,12,94472
23619,12,94476
23620,12,94480
23621,12,94484
23622,12,94488
23623,12,94492
23624,12,94496
23625,12,94500
23626,12,94504
23627,12,94508
23628,12,94512
23629,12,94516
23630,12,94520
23631,12,94524
23632,12,94528
23633,12,94532
23634,12,94536
23635,12,94540
23636,12,94544
23637,12,94548
23638,12,94552
23639,12,94556
23640,12,94560
23641,12,94564
23642,12,94568
23643,12,94572
23644,12,94576
23645,12,94580
23646,12,94584
23647,12,94588
23648,12,94592
23649,12,94596
23650,12,94600
23651,12,94604
23652,12,94608
23653,12,94612
23654,12,94616
23655,12,94620
23656,12,94624
23657,12,94628
23658,12,94632
23659,12,94636
23660,12,94640
23661,12,94644
23662,12,94648
23663,12,94652
23664,12,94656
23665,12,94660
23666,12,94664
23667,12,94668
23668,12,94672
23669,12,94676
23670,12,94680
23671,12,94684
23672,12,94688
23673,12,94692
23674,12,94696
23675,12,94700
23676,12,94704
23677,12,94708
23678,12,94712
23679,12,94716
23680,12,94720
23681,12,94724
23682,12,94728
23683,12,94732
23684,12,94736
23685,12,94740
23686,12,94744
23687,12,94748
23688,12,94752
23689,12,94756
23690,12,94760
23691,12,94764
23692,12,94768
23693,12,94772
23694,12,94776
23695,13,94780
23696,13,94784
23697,13,94788
23698,13,94792
23699,13,94796
23700,13,94800
23701,13,94804
23702,13,94808
23703,13,94812
23704,13,94816
23705,13,94820
23706,13,94824
23707,13,94828
23708,13,94832
23709,13,94836
23710,13,94840
23711,13,94844
23712,13,94848
23713,13,94852
23714,13,94856
23715,13,94860
23716,13,94864
23717,13,94868
23718,13,94872
23719,13,94876
23720,13,94880
23721,13,94884
23722,13,94888
23723,13,94892
23724,13,94896
23725,13,94900
23726,13,94904
23727,13,94908
23728,13,94912
23729,13,94916
23730,13,94920
23731,13,94924
23732,13,94928
23733,13,94932
23734,13,94936
23735,13,94940
23736,13,94944
23737,13,94948
23738,13,94952
23739,13,94956
23740,13,94960
23741,13,94964
23742,13,94968
23743,13,94972
23744,13,94976
23745,13,94980
23746,13,94984
23747,13,94988
23748,13,94992
23749,13,94996
23750,13,95000
23751,13,95004
23752,13,95008
23753,13,95012
23754,13,95016
23755,13,95020
23756,13,95024
23757,13,95028
23758,13,95032
23759,13,95036
23760,13,95040
23761,13,95044
23762,13,95048
23763,13,95052
23764,13,95056
23765,13,95060
23766,13,95064
23767,13,95068
23768,13,95072
23769,13,95076
23770,13,95080
23771,13,95084
23772,13,95088
23773,13,95092
23774,13,95096
23775,13,95100
23776,13,95104
23777,13,95108
23778,13,95112
23779,13,95116
23780,13,95120
23781,13,95124
23782,13,95128
23783,13,95132
23784,13,95136
23785,13,95140
23786,13,95144
23787,13,95148
23788,13,95152
23789,13,95156
23790,13,95160
23791,13,95164
23792,13,95168
23793,13,95172
23794,13,95176
23795,13,95180
23796,13,95184
23797,13,95188
23798,13,95192
23799,13,95196
23800,13,95200
23801,13,95204
23802,13,95208
23803,13,95212
23804,13,95216
23805,13,95220
23806,13,95224
23807,13,95228
23808,13,95232
23809,13,95236
23810,13,95240
23811,13,95244
23812,13,95248
23813,13,95252
23814,13,95256
23815,13,95260
23816,13,95264
23817,13,95268
23818,13,95272
23819,13,95276
23820,13,95280
23821,13,95284
23822,13,95288
23823,13,95292
23824,13,95296
23825,13,95300
23826,13,95304
23827,13,95308
23828,13,95312
23829,13,95316
23830,13,95320
23831,13,95324
23832,13,95328
23833,13,95332
23834,13,95336
23835,13,95340
23836,13,95344
23837,13,95348
23838,13,95352
23839,13,95356
23840,13,95360
23841,13,95364
23842,13,95368
23843,13,95372
23844,13,95376
23845,13,95380
23846,13,95384
23847,13,95388
23848,13,95392
23849,13,95396
23850,13,95400
23851,13,95404
23852,13,95408
23853,13,95412
23854,13,95416
23855,13,95420
23856,13,95424
23857,13,95428
23858,13,95432
23859,13,95436
23860,13,95440
23861,13,95444
23862,13,95448
23863,13,95452
23864,13,95456
23865,13,95460
23866,13,95464
23867,13,95468
23868,13,95472
23869,13,95476
23870,13,95480
23871,13,95484
23872,13,95488
23873,13,95492
23874,13,95496
23875,13,95500
23876,13,95504
23877,13,95508
23878,13,95512
23879,13,95516
23880,13,95520
23881,13,95524
23882,13,95528
23883,13,95532
23884,13,95536
23885,13,95540
23886,13,95544
23887,13,95548
23888,13,95552
23889,13,95556
23890,13,95560
23891,13,95564
23892,13,95568
23893,13,95572
23894,13,95576
23895,13,95580
23896,13,95584
23897,13,95588
23898,13,95592
23899,13,95596
23900,13,95600
23901,13,95604
23902,13,95608
23903,13,95612
23904,13,95616
23905,13,95620
23906,13,95624
23907,13,95628
23908,13,95632
23909,13,95636
23910,13,95640
23911,13,95644
23912,13,95648
23913,13,95652
23914,13,95656
23915,13,95660
23916,13,95664
23917,13,95668
23918,13,95672
23919,13,95676
23920,13,95680
23921,13,95684
23922,13,95688
23923,13,95692
23924,13,95696
23925,13,95700
23926,13,95704
23927,13,95708
23928,13,95712
23929,13,95716
23930,13,95720
23931,13,95724
23932,13,95728
23933,13,95732
23934,13,95736
23935,13,95740
23936,13,95744
23937,13,95748
23938,13,95752
23939,13,95756
23940,13,95760
23941,13,95764
23942,13,95768
23943,13,95772
23944,13,95776
23945,13,95780
23946,13,95784
23947,13,95788
23948,13,95792
23949,13,95796
23950,13,95800
23951,13,95804
23952,13,95808
23953,13,95812
23954,13,95816
23955,13,95820
23956,13,95824
23957,13,95828
23958,13,95832
23959,13,95836
23960,13,95840
23961,13,95844
23962,13,95848
23963,13,95852
23964,13,95856
23965,13,95860
23966,13,95864
23967,13,95868
23968,13,95872
23969,13,95876
23970,13,95880
23971,13,95884
23972,13,95888
23973,13,95892
23974,13,95896
23975,13,95900
23976,13,95904
23977,13,95908
23978,13,95912
23979,13,95916
23980,13,95920
23981,13,95924
23982,13,95928
23983,13,95932
23984,13,95936
23985,13,95940
23986,13,95944
23987,13,95948
23988,13,95952
23989,13,95956
23990,13,95960
23991,13,95964
23992,13,95968
23993,13,95972
23994,13,95976
23995,13,95980
23996,13,95984
23997,13,95988
23998,13,95992
23999,13,95996
24000,13,96000
24001,13,96004
24002,13,96008
24003,13,96012
24004,13,96016
24005,13,96020
24006,13,96024
24007,13,96028
24008,13,96032
24009,13,96036
24010,13,96040
24011,13,96044
24012,13,96048
24013,13,96052
24014,13,96056
24015,13,96060
24016,13,96064
24017,13,96068
24018,13,96072
24019,13,96076
24020,13,96080
24021,13,96084
24022,13,96088
24023,13,96092
24024,13,96096
24025,13,96100
24026,13,96104
24027,13,96108
24028,13,96112
24029,13,96116
24030,13,96120
24031,13,96124
24032,13,96128
24033,13,96132
24034,13,96136
24035,13,96140
24036,13,96144
24037,13,96148
24038,13,96152
24039,13,96156
24040,13,96160
24041,13,96164
24042,13,96168
24043,13,96172
24044,13,96176
24045,13,96180
24046,13,96184
24047,13,96188
24048,13,96192
24049,13,96196
24050,13,96200
24051,13,96204
24052,13,96208
24053,13,96212
24054,13,96216
24055,13,96220
24056,13,96224
24057,13,96228
24058,13,96232
24059,13,96236
24060,13,96240
24061,13,96244
24062,13,96248
24063,13,96252
24064,13,96256
24065,13,96260
24066,13,96264
24067,13,96268
24068,13,96272
24069,13,96276
24070,13,96280
24071,13,96284
24072,13,96288
24073,13,96292
24074,13,96296
24075,13,96300
24076,13,96304
24077,13,96308
24078,13,96312
24079,13,96316
24080,13,96320
24081,13,96324
24082,13,96328
24083,13,96332
24084,13,96336
24085,13,96340
24086,13,96344
24087,13,96348
24088,13,96352
24089,13,96356
24090,13,96360
24091,13,96364
24092,13,96368
24093,13,96372
24094,13,96376
24095,13,96380
24096,13,96384
24097,13,96388
24098,13,96392
24099,13,96396
24100,13,96400
24101,13,96404
24102,13,96408
24103,13,96412
24104,13,96416
24105,13,96420
24106,13,96424
24107,13,96428
24108,13,96432
24109,13,96436
24110,13,96440
24111,13,96444
24112,13,96448
24113,13,96452
24114,13,96456
24115,13,96460
24116,13,96464
24117,13,96468
24118,13,96472
24119,13,96476
24120,13,96480
24121,13,96484
24122,13,96488
24123,13,96492
24124,13,96496
24125,13,96500
24126,13,96504
24127,13,96508
24128,13,96512
24129,13,96516
24130,13,96520
24131,13,96524
24132,13,96528
24133,13,96532
24134,13,96536
24135,13,96540
24136,13,96544
24137,13,96548
24138,13,96552
24139,13,96556
24140,13,96560
24141,13,96564
24142,13,96568
24143,13,96572
24144,13,96576
24145,13,96580
24146,13,96584
24147,13,96588
24148,13,96592
24149,13,96596
24150,13,96600
24151,13,96604
24152,13,96608
24153,13,96612
24154,13,96616
24155,13,96620
24156,13,96624
24157,13,96628
24158,13,96632
24159,13,96636
24160,13,96640
24161,13,96644
24162,13,96648
24163,13,96652
24164,13,96656
24165,13,96660
24166,13,96664
24167,13,96668
24168,13,96672
24169,13,96676
24170,13,96680
24171,13,96684
24172,13,96688
24173,13,96692
24174,13,96696
24175,13,96700
24176,13,96704
24177,13,96708
24178,13,96712
24179,13,96716
24180,13,96720
24181,13,96724
24182,13,96728
24183,13,96732
24184,13,96736
24185,13,96740
24186,13,96744
24187,13,96748
24188,13,96752
24189,13,96756
24190,13,96760
24191,13,96764
24192,13,96768
24193,13,96772
24194,13,96776
24195,13,96780
24196,13,96784
24197,13,96788
24198,13,96792
24199,13,96796
24200,13,96800
24201,13,96804
24202,13,96808
24203,13,96812
24204,13,96816
24205,13,96820
24206,13,96824
24207,13,96828
24208,13,96832
24209,13,96836
24210,13,96840
24211,13,96844
24212,13,96848
24213,13,96852
24214,13,96856
24215,13,96860
24216,13,96864
24217,13,96868
24218,13,96872
24219,13,96876
24220,13,96880
24221,13,96884
24222,13,96888
24223,13,96892
24224,13,96896
24225,13,96900
24226,13,96904
24227,13,96908
24228,13,96912
24229,13,96916
24230,13,96920
24231,13,96924
24232,13,96928
24233,13,96932
24234,13,96936
24235,13,96940
24236,13,96944
24237,13,96948
24238,13,96952
24239,13,96956
24240,13,96960
24241,13,96964
24242,13,96968
24243,13,96972
24244,13,96976
24245,13,96980
24246,13,96984
24247,13,96988
24248,13,96992
24249,13,96996
24250,13,97000
24251,13,97004
24252,13,97008
24253,13,97012
24254,13,97016
24255,13,97020
24256,13,97024
24257,13,97028
24258,13,97032
24259,13,97036
24260,13,97040
24261,13,97044
24262,13,97048
24263,13,97052
24264,13,97056
24265,13,97060
24266,13,97064
24267,13,97068
24268,13,97072
24269,13,97076
24270,13,97080
24271,13,97084
24272,13,97088
24273,13,97092
24274,13,97096
24275,13,97100
24276,13,97104
24277,13,97108
24278,13,97112
24279,13,97116
24280,13,97120
24281,13,97124
24282,13,97128
24283,13,97132
24284,13,97136
24285,13,97140
24286,13,97144
24287,13,97148
24288,13,97152
24289,13,97156
24290,13,97160
24291,13,97164
24292,13,97168
24293,13,97172
24294,13,97176
24295,13,97180
24296,13,97184
24297,13,97188
24298,13,97192
24299,13,97196
24300,13,97200
24301,13,97204
24302,13,97208
24303,13,97212
24304,13,97216
24305,13,97220
24306,13,97224
24307,13,97228
24308,13,97232
24309,13,97236
24310,13,97240
24311,13,97244
24312,13,97248
24313,13,97252
24314,13,97256
24315,13,97260
24316,13,97264
24317,13,97268
24318,13,97272
24319,13,97276
24320,13,97280
24321,13,97284
24322,13,97288
24323,13,97292
24324,13,97296
24325,13,97300
24326,13,97304
24327,13,97308
24328,13,97312
24329,13,97316
24330,13,97320
24331,13,97324
24332,13,97328
24333,13,97332
24334,13,97336
24335,13,97340
24336,13,97344
24337,13,97348
24338,13,97352
24339,13,97356
24340,13,97360
24341,13,97364
24342,13,97368
24343,13,97372
24344,13,97376
24345,13,97380
24346,13,97384
24347,13,97388
24348,13,97392
24349,13,97396
24350,13,97400
24351,13,97404
24352,13,97408
24353,13,97412
24354,13,97416
24355,13,97420
24356,13,97424
24357,13,97428
24358,13,97432
24359,13,97436
24360,13,97440
24361,13,97444
24362,13,97448
24363,13,97452
24364,13,97456
24365,13,97460
24366,13,97464
24367,13,97468
24368,13,97472
24369,13,97476
24370,13,97480
24371,13,97484
24372,13,97488
24373,13,97492
24374,13,97496
24375,13,97500
24376,13,97504
24377,13,97508
24378,13,97512
24379,13,97516
24380,13,97520
24381,13,97524
24382,13,97528
24383,13,97532
24384,13,97536
24385,13,97540
24386,13,97544
24387,13,97548
24388,13,97552
24389,13,97556
24390,13,97560
24391,13,97564
24392,13,97568
24393,13,97572
24394,13,97576
24395,13,97580
24396,13,97584
24397,13,97588
24398,13,97592
24399,13,97596
24400,13,97600
24401,13,97604
24402,13,97608
24403,13,97612
24404,13,97616
24405,13,97620
24406,13,97624
24407,13,97628
24408,13,97632
24409,13,97636
24410,13,97640
24411,13,97644
24412,13,97648
24413,13,97652
24414,13,97656
24415,13,97660
24416,13,97664
24417,13,97668
24418,13,97672
24419,13,97676
24420,13,97680
24421,13,97684
24422,13,97688
24423,13,97692
24424,13,97696
24425,13,97700
24426,13,97704
24427,13,97708
24428,13,97712
24429,13,97716
24430,13,97720
24431,13,97724
24432,13,97728
24433,13,97732
24434,13,97736
24435,13,97740
24436,13,97744
24437,13,97748
24438,13,97752
24439,13,97756
24440,13,97760
24441,13,97764
24442,13,97768
24443,13,97772
24444,13,97776
24445,13,97780
24446,13,97784
24447,13,97788
24448,13,97792
24449,13,97796
24450,13,97800
24451,13,97804
24452,13,97808
24453,13,97812
24454,13,97816
24455,13,97820
24456,13,97824
24457,13,97828
24458,14,97832
24459,14,97836
24460,14,97840
24461,14,97844
24462,14,97848
24463,14,97852
24464,14,97856
24465,14,97860
24466,14,97864
24467,14,97868
24468,14,97872
24469,14,97876
24470,14,97880
24471,14,97884
24472,14,97888
24473,14,97892
24474,14,97896
24475,14,97900
24476,14,97904
24477,14,97908
24478,14,97912
24479,14,97916
24480,14,97920
24481,14,97924
24482,14,97928
24483,14,97932
24484,14,97936
24485,14,97940
24486,14,97944
24487,14,97948
24488,14,97952
24489,14,97956
24490,14,97960
24491,14,97964
24492,14,97968
24493,14,97972
24494,14,97976
24495,14,97980
24496,14,97984
24497,14,97988
24498,14,97992
24499,14,97996
24500,14,98000
24501,14,98004
24502,14,98008
24503,14,98012
24504,14,98016
24505,14,98020
24506,14,98024
24507,14,98028
24508,14,98032
24509,14,98036
24510,14,98040
24511,14,98044
24512,14,98048
24513,14,98052
24514,14,98056
24515,14,98060
24516,14,98064
24517,14,98068
24518,14,98072
24519,14,98076
24520,14,98080
24521,14,98084
24522,14,98088
24523,14,98092
24524,14,98096
24525,14,98100
24526,14,98104
24527,14,98108
24528,14,98112
24529,14,98116
24530,14,98120
24531,14,98124
24532,14,98128
24533,14,98132
24534,14,98136
24535,14,98140
24536,14,98144
24537,14,98148
24538,14,98152
24539,14,98156
24540,14,98160
24541,14,98164
24542,14,98168
24543,14,98172
24544,14,98176
24545,14,98180
24546,14,98184
24547,14,98188
24548,14,98192
24549,14,98196
24550,14,98200
24551,14,98204
24552,14,98208
24553,14,98212
24554,14,98216
24555,14,98220
24556,14,98224
24557,14,98228
24558,14,98232
24559,14,98236
24560,14,98240
24561,14,98244
24562,14,98248
24563,14,98252
24564,14,98256
24565,14,98260
24566,14,98264
24567,14,98268
24568,14,98272
24569,14,98276
24570,14,98280
24571,14,98284
24572,14,98288
24573,14,98292
24574,14,98296
24575,14,98300
24576,14,98304
24577,14,98308
24578,14,98312
24579,14,98316
24580,14,98320
24581,14,98324
24582,14,98328
24583,14,98332
24584,14,98336
24585,14,98340
24586,14,98344
24587,14,98348
24588,14,98352
24589,14,98356
24590,14,98360
24591,14,98364
24592,14,98368
24593,14,98372
24594,14,98376
24595,14,98380
24596,14,98384
24597,14,98388
24598,14,98392
24599,14,98396
24600,14,98400
24601,14,98404
24602,14,98408
24603,14,98412
24604,14,98416
24605,14,98420
24606,14,98424
24607,14,98428
24608,14,98432
24609,14,98436
24610,14,98440
24611,14,98444
24612,14,98448
24613,14,98452
24614,14,98456
24615,14,98460
24616,14,98464
24617,14,98468
24618,14,98472
24619,14,98476
24620,14,98480
24621,14,98484
24622,14,98488
24623,14,98492
24624,14,98496
24625,14,98500
24626,14,98504
24627,14,98508
24628,14,98512
24629,14,98516
24630,14,98520
24631,14,98524
24632,14,98528
24633,14,98532
24634,14,98536
24635,14,98540
24636,14,98544
24637,14,98548
24638,14,98552
24639,14,98556
24640,14,98560
24641,14,98564
24642,14,98568
24643,14,98572
24644,14,98576
24645,14,98580
24646,14,98584
24647,14,98588
24648,14,98592
24649,14,98596
24650,14,98600
24651,14,98604
24652,14,98608
24653,14,98612
24654,14,98616
24655,14,98620
24656,14,98624
24657,14,98628
24658,14,98632
24659,14,98636
24660,14,98640
24661,14,98644
24662,14,98648
24663,14,98652
24664,14,98656
24665,14,98660
24666,14,98664
24667,14,98668
24668,14,98672
24669,14,98676
24670,14,98680
24671,14,98684
24672,14,98688
24673,14,98692
24674,14,98696
24675,14,98700
24676,14,98704
24677,14,98708
24678,14,98712
24679,14,98716
24680,14,98720
24681,14,98724
24682,14,98728
24683,14,98732
24684,14,98736
24685,14,98740
24686,14,98744
24687,14,98748
24688,14,98752
24689,14,98756
24690,14,98760
24691,14,98764
24692,14,98768
24693,14,98772
24694,14,98776
24695,14,98780
24696,14,98784
24697,14,98788
24698,14,98792
24699,14,98796
24700,14,98800
24701,14,98804
24702,14,98808
24703,14,98812
24704,14,98816
24705,14,98820
24706,14,98824
24707,14,98828
24708,14,98832
24709,14,98836
24710,14,98840
24711,14,98844
24712,14,98848
24713,14,98852
24714,14,98856
24715,14,98860
24716,14,98864
24717,14,98868
24718,14,98872
24719,14,98876
24720,14,98880
24721,14,98884
24722,14,98888
24723,14,98892
24724,14,98896
24725,14,98900
24726,14,98904
24727,14,98908
24728,14,98912
24729,14,98916
24730,14,98920
24731,14,98924
24732,14,98928
24733,14,98932
24734,14,98936
24735,14,98940
24736,14,98944
24737,14,98948
24738,14,98952
24739,14,98956
24740,14,98960
24741,14,98964
24742,14,98968
24743,14,98972
24744,14,98976
24745,14,98980
24746,14,98984
24747,14,98988
24748,14,98992
24749,14,98996
24750,14,99000
24751,14,99004
24752,14,99008
24753,14,99012
24754,14,99016
24755,14,99020
24756,14,99024
24757,14,99028
24758,14,99032
24759,14,99036
24760,14,99040
24761,14,99044
24762,14,99048
24763,14,99052
24764,14,99056
24765,14,99060
24766,14,99064
24767,14,99068
24768,14,99072
24769,14,99076
24770,14,99080
24771,14,99084
24772,14,99088
24773,14,99092
24774,14,99096
24775,14,99100
24776,14,99104
24777,14,99108
24778,14,99112
24779,14,99116
24780,14,99120
24781,14,99124
24782,14,99128
24783,14,99132
24784,14,99136
24785,14,99140
24786,14,99144
24787,14,99148
24788,14,99152
24789,14,99156
24790,14,99160
24791,14,99164
24792,14,99168
24793,14,99172
24794,14,99176
24795,14,99180
24796,14,99184
24797,14,99188
24798,14,99192
24799,14,99196
24800,14,99200
24801,14,99204
24802,14,99208
24803,14,99212
24804,14,99216
24805,14,99220
24806,14,99224
24807,14,99228
24808,14,99232
24809,14,99236
24810,14,99240
24811,14,99244
24812,14,99248
24813,14,99252
24814,14,99256
24815,14,99260
24816,14,99264
24817,14,99268
24818,14,99272
24819,14,99276
24820,14,99280
24821,14,99284
24822,14,99288
24823,14,99292
24824,14,99296
24825,14,99300
24826,14,99304
24827,14,99308
24828,14,99312
24829,14,99316
24830,14,99320
24831,14,99324
24832,14,99328
24833,14,99332
24834,14,99336
24835,14,99340
24836,14,99344
24837,14,99348
24838,14,99352
24839,14,99356
24840,14,99360
24841,14,99364
24842,14,99368
24843,14,99372
24844,14,99376
24845,14,99380
24846,14,99384
24847,14,99388
24848,14,99392
24849,14,99396
24850,14,99400
24851,14,99404
24852,14,99408
24853,14,99412
24854,14,99416
24855,14,99420
24856,14,99424
24857,14,99428
24858,14,99432
24859,14,99436
24860,14,99440
24861,14,99444
24862,14,99448
24863,14,99452
24864,14,99456
24865,14,99460
24866,14,99464
24867,14,99468
24868,14,99472
24869,14,99476
24870,14,99480
24871,14,99484
24872,14,99488
24873,14,99492
24874,14,99496
24875,14,99500
24876,14,99504
24877,14,99508
24878,14,99512
24879,14,99516
24880,14,99520
24881,14,99524
24882,14,99528
24883,14,99532
24884,14,99536
24885,14,99540
24886,14,99544
24887,14,99548
24888,14,99552
24889,14,99556
24890,14,99560
24891,14,99564
24892,14,99568
24893,14,99572
24894,14,99576
24895,14,99580
24896,14,99584
24897,14,99588
24898,14,99592
24899,14,99596
24900,14,99600
24901,14,99604
24902,14,99608
24903,14,99612
24904,14,99616
24905,14,99620
24906,14,99624
24907,14,99628
24908,14,99632
24909,14,99636
24910,14,99640
24911,14,99644
24912,14,99648
24913,14,99652
24914,14,99656
24915,14,99660
24916,14,99664
24917,14,99668
24918,14,99672
24919,14,99676
24920,14,99680
24921,14,99684
24922,14,99688
24923,14,99692
24924,14,99696
24925,14,99700
24926,14,99704
24927,14,99708
24928,14,99712
24929,14,99716
24930,14,99720
24931,14,99724
24932,14,99728
24933,14,99732
24934,14,99736
24935,14,99740
24936,14,99744
24937,14,99748
24938,14,99752
24939,14,99756
24940,14,99760
24941,14,99764
24942,14,99768
24943,14,99772
24944,14,99776
24945,14,99780
24946,14,99784
24947,14,99788
24948,14,99792
24949,14,99796
24950,14,99800
24951,14,99804
24952,14,99808
24953,14,99812
24954,14,99816
24955,14,99820
24956,14,99824
24957,14,99828
24958,14,99832
24959,14,99836
24960,14,99840
24961,14,99844
24962,14,99848
24963,14,99852
24964,14,99856
24965,14,99860
24966,14,99864
24967,14,99868
24968,14,99872
24969,14,99876
24970,14,99880
24971,14,99884
24972,14,99888
24973,14,99892
24974,14,99896
24975,14,99900
24976,14,99904
24977,14,99908
24978,14,99912
24979,14,99916
24980,14,99920
24981,14,99924
24982,14,99928
24983,14,99932
24984,14,99936
24985,14,99940
24986,14,99944
24987,14,99948
24988,14,99952
24989,14,99956
24990,14,99960
24991,14,99964
24992,14,99968
24993,14,99972
24994,14,99976
24995,14,99980
24996,14,99984
24997,14,99988
24998,14,99992
24999,14,99996
25000,14,100000
25001,14,100004
25002,14,100008
25003,14,100012
25004,14,100016
25005,14,100020
25006,14,100024
25007,14,100028
25008,14,100032
25009,14,100036
25010,14,100040
25011,14,100044
25012,14,100048
25013,14,100052
25014,14,100056
25015,14,100060
25016,14,100064
25017,14,100068
25018,14,100072
25019,14,100076
25020,14,100080
25021,14,100084
25022,14,100088
25023,14,100092
25024,14,100096
25025,14,100100
25026,14,100104
25027,14,100108
25028,14,100112
25029,14,100116
25030,14,100120
25031,14,100124
25032,14,100128
25033,14,100132
25034,14,100136
25035,14,100140
25036,14,100144
25037,14,100148
25038,14,100152
25039,14,100156
25040,14,100160
25041,14,100164
25042,14,100168
25043,14,100172
25044,14,100176
25045,14,100180
25046,14,100184
25047,14,100188
25048,14,100192
25049,14,100196
25050,14,100200
25051,14,100204
25052,14,100208
25053,14,100212
25054,14,100216
25055,14,100220
25056,14,100224
25057,14,100228
25058,14,100232
25059,14,100236
25060,14,100240
25061,14,100244
25062,14,100248
25063,14,100252
25064,14,100256
25065,14,100260
25066,14,100264
25067,14,100268
25068,14,100272
25069,14,100276
25070,14,100280
25071,14,100284
25072,14,100288
25073,14,100292
25074,14,100296
25075,14,100300
25076,14,100304
25077,14,100308
25078,14,100312
25079,14,100316
25080,14,100320
25081,14,100324
25082,14,100328
25083,14,100332
25084,14,100336
25085,14,100340
25086,14,100344
25087,14,100348
25088,14,100352
25089,14,100356
25090,14,100360
25091,14,100364
25092,14,100368
25093,14,100372
25094,14,100376
25095,14,100380
25096,14,100384
25097,14,100388
25098,14,100392
25099,14,100396
25100,14,100400
25101,14,100404
25102,14,100408
25103,14,100412
25104,14,100416
25105,14,100420
25106,14,100424
25107,14,100428
25108,14,100432
25109,14,100436
25110,14,100440
25111,14,100444
25112,14,100448
25113,14,100452
25114,14,100456
25115,14,100460
25116,14,100464
25117,14,100468
25118,14,100472
25119,14,100476
25120,14,100480
25121,14,100484
25122,14,100488
25123,14,100492
25124,14,100496
25125,14,100500
25126,14,100504
25127,14,100508
25128,14,100512
25129,14,100516
25130,14,100520
25131,14,100524
25132,14,100528
25133,14,100532
25134,14,100536
25135,14,100540
25136,14,100544
25137,14,100548
25138,14,100552
25139,14,100556
25140,14,100560
25141,14,100564
25142,14,100568
25143,14,100572
25144,14,100576
25145,14,100580
25146,14,100584
25147,14,100588
25148,14,100592
25149,14,100596
25150,14,100600
25151,14,100604
25152,14,100608
25153,14,100612
25154,14,100616
25155,14,100620
25156,14,100624
25157,14,100628
25158,14,100632
25159,14,100636
25160,14,100640
25161,14,100644
25162,14,100648
25163,14,100652
25164,14,100656
25165,14,100660
25166,14,100664
25167,14,100668
25168,14,100672
25169,14,100676
25170,14,100680
25171,14,100684
25172,14,100688
25173,14,100692
25174,14,100696
25175,14,100700
25176,14,100704
25177,14,100708
25178,14,100712
25179,14,100716
25180,14,100720
25181,14,100724
25182,14,100728
25183,14,100732
25184,14,100736
25185,14,100740
25186,14,100744
25187,14,100748
25188,14,100752
25189,14,100756
25190,14,100760
25191,14,100764
25192,14,100768
25193,14,100772
25194,14,100776
25195,14,100780
25196,14,100784
25197,14,100788
25198,14,100792
25199,14,100796
25200,14,100800
25201,14,100804
25202,14,100808
25203,14,100812
25204,14,100816
25205,14,100820
25206,14,100824
25207,14,100828
25208,14,100832
25209,14,100836
25210,14,100840
25211,14,100844
25212,14,100848
25213,14,100852
25214,14,100856
25215,14,100860
25216,14,100864
25217,14,100868
25218,14,100872
25219,14,100876
25220,14,100880
25221,14,100884
25222,14,100888
25223,14,100892
25224,14,100896
25225,14,100900
25226,14,100904
25227,14,100908
25228,14,100912
25229,14,100916
25230,14,100920
25231,14,100924
25232,14,100928
25233,14,100932
25234,14,100936
25235,14,100940
25236,14,100944
25237,14,100948
25238,14,100952
25239,14,100956
25240,14,100960
25241,14,100964
25242,14,100968
25243,14,100972
25244,14,100976
25245,14,100980
25246,14,100984
25247,14,100988
25248,14,100992
25249,14,100996
25250,14,101000
25251,14,101004
25252,14,101008
25253,14,101012
25254,15,101016
25255,15,101020
25256,15,101024
25257,15,101028
25258,15,101032
25259,15,101036
25260,15,101040
25261,15,101044
25262,15,101048
25263,15,101052
25264,15,101056
25265,15,101060
25266,15,101064
25267,15,101068
25268,15,101072
25269,15,101076
25270,15,101080
25271,15,101084
25272,15,101088
25273,15,101092
25274,15,101096
25275,15,101100
25276,15,101104
25277,15,101108
25278,15,101112
25279,15,101116
25280,15,101120
25281,15,101124
25282,15,101128
25283,15,101132
25284,15,101136
25285,15,101140
25286,15,101144
25287,15,101148
25288,15,101152
25289,15,101156
25290,15,101160
25291,15,101164
25292,15,101168
25293,15,101172
25294,15,101176
25295,15,101180
25296,15,101184
25297,15,101188
25298,15,101192
25299,15,101196
25300,15,101200
25301,15,101204
25302,15,101208
25303,15,101212
25304,15,101216
25305,15,101220
25306,15,101224
25307,15,101228
25308,15,101232
25309,15,101236
25310,15,101240
25311,15,101244
25312,15,101248
25313,15,101252
25314,15,101256
25315,15,101260
25316,15,101264
25317,15,101268
25318,15,101272
25319,15,101276
25320,15,101280
25321,15,101284
25322,15,101288
25323,15,101292
25324,15,101296
25325,15,101300
25326,15,101304
25327,15,101308
25328,15,101312
25329,15,101316
25330,15,101320
25331,15,101324
25332,15,101328
25333,15,101332
25334,15,101336
25335,15,101340
25336,15,101344
25337,15,101348
25338,15,101352
25339,15,101356
25340,15,101360
25341,15,101364
25342,15,101368
25343,15,101372
25344,15,101376
25345,15,101380
25346,15,101384
25347,15,101388
25348,15,101392
25349,15,101396
25350,15,101400
25351,15,101404
25352,15,101408
25353,15,101412
25354,15,101416
25355,15,101420
25356,15,101424
25357,15,101428
25358,15,101432
25359,15,101436
25360,15,101440
25361,15,101444
25362,15,101448
25363,15,101452
25364,15,101456
25365,15,101460
25366,15,101464
25367,15,101468
25368,15,101472
25369,15,101476
25370,15,101480
25371,15,101484
25372,15,101488
25373,15,101492
25374,15,101496
25375,15,101500
25376,15,101504
25377,15,101508
25378,15,101512
25379,15,101516
25380,15,101520
25381,15,101524
25382,15,101528
25383,15,101532
25384,15,101536
25385,15,101540
25386,15,101544
25387,15,101548
25388,15,101552
25389,15,101556
25390,15,101560
25391,15,101564
25392,15,101568
25393,15,101572
25394,15,101576
25395,15,101580
25396,15,101584
25397,15,101588
25398,15,101592
25399,15,101596
25400,15,101600
25401,15,101604
25402,15,101608
25403,15,101612
25404,15,101616
25405,15,101620
25406,15,101624
25407,15,101628
25408,15,101632
25409,15,101636
25410,15,101640
25411,15,101644
25412,15,101648
25413,15,101652
25414,15,101656
25415,15,101660
25416,15,101664
25417,15,101668
25418,15,101672
25419,15,101676
25420,15,101680
25421,15,101684
25422,15,101688
25423,15,101692
25424,15,101696
25425,15,101700
25426,15,101704
25427,15,101708
25428,15,101712
25429,15,101716
25430,15,101720
25431,15,101724
25432,15,101728
25433,15,101732
25434,15,101736
25435,15,101740
25436,15,101744
25437,15,101748
25438,15,101752
25439,15,101756
25440,15,101760
25441,15,101764
25442,15,101768
25443,15,101772
25444,15,101776
25445,15,101780
25446,15,101784
25447,15,101788
25448,15,101792
25449,15,101796
25450,15,101800
25451,15,101804
25452,15,101808
25453,15,101812
25454,15,101816
25455,15,101820
25456,15,101824
25457,15,101828
25458,15,101832
25459,15,101836
25460,15,101840
25461,15,101844
25462,15,101848
25463,15,101852
25464,15,101856
25465,15,101860
25466,15,101864
25467,15,101868
25468,15,101872
25469,15,101876
25470,15,101880
25471,15,101884
25472,15,101888
25473,15,101892
25474,15,101896
25475,15,101900
25476,15,101904
25477,15,101908
25478,15,101912
25479,15,101916
25480,15,101920
25481,15,101924
25482,15,101928
25483,15,101932
25484,15,101936
25485,15,101940
25486,15,101944
25487,15,101948
25488,15,101952
25489,15,101956
25490,15,101960
25491,15,101964
25492,15,101968
25493,15,101972
25494,15,101976
25495,15,101980
25496,15,101984
25497,15,101988
25498,15,101992
25499,15,101996
25500,15,102000
25501,15,102004
25502,15,102008
25503,15,102012
25504,15,102016
25505,15,102020
25506,15,102024
25507,15,102028
25508,15,102032
25509,15,102036
25510,15,102040
25511,15,102044
25512,15,102048
25513,15,102052
25514,15,102056
25515,15,102060
25516,15,102064
25517,15,102068
25518,15,102072
25519,15,102076
25520,15,102080
25521,15,102084
25522,15,102088
25523,15,102092
25524,15,102096
25525,15,102100
25526,15,102104
25527,15,102108
25528,15,102112
25529,15,102116
25530,15,102120
25531,15,102124
25532,15,102128
25533,15,102132
25534,15,102136
25535,15,102140
25536,15,102144
25537,15,102148
25538,15,102152
25539,15,102156
25540,15,102160
25541,15,102164
25542,15,102168
25543,15,102172
25544,15,102176
25545,15,102180
25546,15,102184
25547,15,102188
25548,15,102192
25549,15,102196
25550,15,102200
25551,15,102204
25552,15,102208
25553,15,102212
25554,15,102216
25555,15,102220
25556,15,102224
25557,15,102228
25558,15,102232
25559,15,102236
25560,15,102240
25561,15,102244
25562,15,102248
25563,15,102252
25564,15,102256
25565,15,102260
25566,15,102264
25567,15,102268
25568,15,102272
25569,15,102276
25570,15,102280
25571,15,102284
25572,15,102288
25573,15,102292
25574,15,102296
25575,15,102300
25576,15,102304
25577,15,102308
25578,15,102312
25579,15,102316
25580,15,102320
25581,15,102324
25582,15,102328
25583,15,102332
25584,15,102336
25585,15,102340
25586,15,102344
25587,15,102348
25588,15,102352
25589,15,102356
25590,15,102360
25591,15,102364
25592,15,102368
25593,15,102372
25594,15,102376
25595,15,102380
25596,15,102384
25597,15,102388
25598,15,102392
25599,15,102396
25600,15,102400
25601,15,102404
25602,15,102408
25603,15,102412
25604,15,102416
25605,15,102420
25606,15,102424
25607,15,102428
25608,15,102432
25609,15,102436
25610,15,102440
25611,15,102444
25612,15,102448
25613,15,102452
25614,15,102456
25615,15,102460
25616,15,102464
25617,15,102468
25618,15,102472
25619,15,102476
25620,15,102480
25621,15,102484
25622,15,102488
25623,15,102492
25624,15,102496
25625,15,102500
25626,15,102504
25627,15,102508
25628,15,102512
25629,15,102516
25630,15,102520
25631,15,102524
25632,15,102528
25633,15,102532
25634,15,102536
25635,15,102540
25636,15,102544
25637,15,102548
25638,15,102552
25639,15,102556
25640,15,102560
25641,15,102564
25642,15,102568
25643,15,102572
25644,15,102576
25645,15,102580
25646,15,102584
25647,15,102588
25648,15,102592
25649,15,102596
25650,15,102600
25651,15,102604
25652,15,102608
25653,15,102612
25654,15,102616
25655,15,102620
25656,15,102624
25657,15,102628
25658,15,102632
25659,15,102636
25660,15,102640
25661,15,102644
25662,15,102648
25663,15,102652
25664,15,102656
25665,15,102660
25666,15,102664
25667,15,102668
25668,15,102672
25669,15,102676
25670,15,102680
25671,15,102684
25672,15,102688
25673,15,102692
25674,15,102696
25675,15,102700
25676,15,102704
25677,15,102708
25678,15,102712
25679,15,102716
25680,15,102720
25681,15,102724
25682,15,102728
25683,15,102732
25684,15,102736
25685,15,102740
25686,15,102744
25687,15,102748
25688,15,102752
25689,15,102756
25690,15,102760
25691,15,102764
25692,15,102768
25693,15,102772
25694,15,102776
25695,15,102780
25696,15,102784
25697,15,102788
25698,15,102792
25699,15,102796
25700,15,102800
25701,15,102804
25702,15,102808
25703,15,102812
25704,15,102816
25705,15,102820
25706,15,102824
25707,15,102828
25708,15,102832
25709,15,102836
25710,15,102840
25711,15,102844
25712,15,102848
25713,15,102852
25714,15,102856
25715,15,102860
25716,15,102864
25717,15,102868
25718,15,102872
25719,15,102876
25720,15,102880
25721,15,102884
25722,15,102888
25723,15,102892
25724,15,102896
25725,15,102900
25726,15,102904
25727,15,102908
25728,15,102912
25729,15,102916
25730,15,102920
25731,15,102924
25732,15,102928
25733,15,102932
25734,15,102936
25735,15,102940
25736,15,102944
25737,15,102948
25738,15,102952
25739,15,102956
25740,15,102960
25741,15,102964
25742,15,102968
25743,15,102972
25744,15,102976
25745,15,102980
25746,15,102984
25747,15,102988
25748,15,102992
25749,15,102996
25750,15,103000
25751,15,103004
25752,15,103008
25753,15,103012
25754,15,103016
25755,15,103020
25756,15,103024
25757,15,103028
25758,15,103032
25759,15,103036
25760,15,103040
25761,15,103044
25762,15,103048
25763,15,103052
25764,15,103056
25765,15,103060
25766,15,103064
25767,15,103068
25768,15,103072
25769,15,103076
25770,15,103080
25771,15,103084
25772,15,103088
25773,15,103092
25774,15,103096
25775,15,103100
25776,15,103104
25777,15,103108
25778,15,103112
25779,15,103116
25780,15,103120
25781,15,103124
25782,15,103128
25783,15,103132
25784,15,103136
25785,15,103140
25786,15,103144
25787,15,103148
25788,15,103152
25789,15,103156
25790,15,103160
25791,15,103164
25792,15,103168
25793,15,103172
25794,15,103176
25795,15,103180
25796,15,103184
25797,15,103188
25798,15,103192
25799,15,103196
25800,15,103200
25801,15,103204
25802,15,103208
25803,15,103212
25804,15,103216
25805,15,103220
25806,15,103224
25807,15,103228
25808,15,103232
25809,15,103236
25810,15,103240
25811,15,103244
25812,15,103248
25813,15,103252
25814,15,103256
25815,15,103260
25816,15,103264
25817,15,103268
25818,15,103272
25819,15,103276
25820,15,103280
25821,15,103284
25822,15,103288
25823,15,103292
25824,15,103296
25825,15,103300
25826,15,103304
25827,15,103308
25828,15,103312
25829,15,103316
25830,15,103320
25831,15,103324
25832,15,103328
25833,15,103332
25834,15,103336
25835,15,103340
25836,15,103344
25837,15,103348
25838,15,103352
25839,15,103356
25840,15,103360
25841,15,103364
25842,15,103368
25843,15,103372
25844,15,103376
25845,15,103380
25846,15,103384
25847,15,103388
25848,15,103392
25849,15,103396
25850,15,103400
25851,15,103404
25852,15,103408
25853,15,103412
25854,15,103416
25855,15,103420
25856,15,103424
25857,15,103428
25858,15,103432
25859,15,103436
25860,15,103440
25861,15,103444
25862,15,103448
25863,15,103452
25864,15,103456
25865,15,103460
25866,15,103464
25867,15,103468
25868,15,103472
25869,15,103476
25870,15,103480
25871,15,103484
25872,15,103488
25873,15,103492
25874,15,103496
25875,15,103500
25876,15,103504
25877,15,103508
25878,15,103512
25879,15,103516
25880,15,103520
25881,15,103524
25882,15,103528
25883,15,103532
25884,15,103536
25885,15,103540
25886,15,103544
25887,15,103548
25888,15,103552
25889,15,103556
25890,15,103560
25891,15,103564
25892,15,103568
25893,15,103572
25894,15,103576
25895,15,103580
25896,15,103584
25897,15,103588
25898,15,103592
25899,15,103596
25900,15,103600
25901,15,103604
25902,15,103608
25903,15,103612
25904,15,103616
25905,15,103620
25906,15,103624
25907,15,103628
25908,15,103632
25909,15,103636
25910,15,103640
25911,15,103644
25912,15,103648
25913,15,103652
25914,15,103656
25915,15,103660
25916,15,103664
25917,15,103668
25918,15,103672
25919,15,103676
25920,15,103680
25921,15,103684
25922,15,103688
25923,15,103692
25924,15,103696
25925,15,103700
25926,15,103704
25927,15,103708
25928,15,103712
25929,15,103716
25930,15,103720
25931,15,103724
25932,15,103728
25933,15,103732
25934,15,103736
25935,15,103740
25936,15,103744
25937,15,103748
25938,15,103752
25939,15,103756
25940,15,103760
25941,15,103764
25942,15,103768
25943,15,103772
25944,15,103776
25945,15,103780
25946,15,103784
25947,15,103788
25948,15,103792
25949,15,103796
25950,15,103800
25951,15,103804
25952,15,103808
25953,16,129765
25954,16,129770
25955,16,129775
25956,16,129780
25957,16,129785
25958,16,129790
25959,16,129795
25960,16,129800
25961,16,129805
25962,16,129810
25963,16,129815
25964,16,129820
25965,16,129825
25966,16,129830
25967,16,129835
25968,16,129840
25969,16,129845
25970,16,129850
25971,16,129855
25972,16,129860
25973,16,129865
25974,16,129870
25975,16,129875
25976,16,129880
25977,16,129885
25978,16,129890
25979,16,129895
25980,16,129900
25981,16,129905
25982,16,129910
25983,16,129915
25984,16,129920
25985,16,129925
25986,16,129930
25987,16,129935
25988,16,129940
25989,16,129945
25990,16,129950
25991,16,129955
25992,16,129960
25993,16,129965
25994,16,129970
25995,16,129975
25996,16,129980
25997,16,129985
25998,16,129990
25999,16,129995
26000,16,130000
26001,16,130005
26002,16,130010
26003,16,130015
26004,16,130020
26005,16,130025
26006,16,130030
26007,16,130035
26008,16,130040
26009,16,130045
26010,16,130050
26011,16,130055
26012,16,130060
26013,16,130065
26014,16,130070
26015,16,130075
26016,16,130080
26017,16,130085
26018,16,130090
26019,16,130095
26020,16,130100
26021,16,130105
26022,16,130110
26023,16,130115
26024,16,130120
26025,16,130125
26026,16,130130
26027,16,130135
26028,16,130140
26029,16,130145
26030,16,130150
26031,16,130155
26032,16,130160
26033,16,130165
26034,16,130170
26035,16,130175
26036,16,130180
26037,16,130185
26038,16,130190
26039,16,130195
26040,16,130200
26041,16,130205
26042,16,130210
26043,16,130215
26044,16,130220
26045,16,130225
26046,16,130230
26047,16,130235
26048,16,130240
26049,16,130245
26050,16,130250
26051,16,130255
26052,16,130260
26053,16,130265
26054,16,130270
26055,16,130275
26056,16,130280
26057,16,130285
26058,16,130290
26059,16,130295
26060,16,130300
26061,16,130305
26062,16,130310
26063,16,130315
26064,16,130320
26065,16,130325
26066,16,130330
26067,16,130335
26068,16,130340
26069,16,130345
26070,16,130350
26071,16,130355
26072,16,130360
26073,16,130365
26074,16,130370
26075,16,130375
26076,16,130380
26077,16,130385
26078,16,130390
26079,16,130395
26080,16,130400
26081,16,130405
26082,16,130410
26083,16,130415
26084,16,130420
26085,16,130425
26086,16,130430
26087,16,130435
26088,16,130440
26089,16,130445
26090,16,130450
26091,16,130455
26092,16,130460
26093,16,130465
26094,16,130470
26095,16,130475
26096,16,130480
26097,16,130485
26098,16,130490
26099,16,130495
26100,16,130500
26101,16,130505
26102,16,130510
26103,16,130515
26104,16,130520
26105,16,130525
26106,16,130530
26107,16,130535
26108,16,130540
26109,16,130545
26110,16,130550
26111,16,130555
26112,16,130560
26113,16,130565
26114,16,130570
26115,16,130575
26116,16,130580
26117,16,130585
26118,16,130590
26119,16,130595
26120,16,130600
26121,16,130605
26122,16,130610
26123,16,130615
26124,16,130620
26125,16,130625
26126,16,130630
26127,16,130635
26128,16,130640
26129,16,130645
26130,16,130650
26131,16,130655
26132,16,130660
26133,16,130665
26134,16,130670
26135,16,130675
26136,16,130680
26137,16,130685
26138,16,130690
26139,16,130695
26140,16,130700
26141,16,130705
26142,16,130710
26143,16,130715
26144,16,130720
26145,16,130725
26146,16,130730
26147,16,130735
26148,16,130740
26149,16,130745
26150,16,130750
26151,16,130755
26152,16,130760
26153,16,130765
26154,16,130770
26155,16,130775
26156,16,130780
26157,16,130785
26158,16,130790
26159,16,130795
26160,16,130800
26161,16,130805
26162,16,130810
26163,16,130815
26164,16,130820
26165,16,130825
26166,16,130830
26167,16,130835
26168,16,130840
26169,16,130845
26170,16,130850
26171,16,130855
26172,16,130860
26173,16,130865
26174,16,130870
26175,16,130875
26176,16,130880
26177,16,130885
26178,16,130890
26179,16,130895
26180,16,130900
26181,16,130905
26182,16,130910
26183,16,130915
26184,16,130920
26185,16,130925
26186,16,130930
26187,16,130935
26188,16,130940
26189,16,130945
26190,16,130950
26191,16,130955
26192,16,130960
26193,16,130965
26194,16,130970
26195,16,130975
26196,16,130980
26197,16,130985
26198,16,130990
26199,16,130995
26200,16,131000
26201,16,131005
26202,16,131010
26203,16,131015
26204,16,131020
26205,16,131025
26206,16,131030
26207,16,131035
26208,16,131040
26209,16,131045
26210,16,131050
26211,16,131055
26212,16,131060
26213,16,131065
26214,16,131070
26215,16,131075
26216,16,131080
26217,16,131085
26218,16,131090
26219,16,131095
26220,16,131100
26221,16,131105
26222,16,131110
26223,16,131115
26224,16,131120
26225,16,131125
26226,16,131130
26227,16,131135
26228,16,131140
26229,16,131145
26230,16,131150
26231,16,131155
26232,16,131160
26233,16,131165
26234,16,131170
26235,16,131175
26236,16,131180
26237,16,131185
26238,16,131190
26239,16,131195
26240,16,131200
26241,16,131205
26242,16,131210
26243,16,131215
26244,16,131220
26245,16,131225
26246,16,131230
26247,16,131235
26248,16,131240
26249,16,131245
26250,16,131250
26251,16,131255
26252,16,131260
26253,16,131265
26254,16,131270
26255,16,131275
26256,16,131280
26257,16,131285
26258,16,131290
26259,16,131295
26260,16,131300
26261,16,131305
26262,16,131310
26263,16,131315
26264,16,131320
26265,16,131325
26266,16,131330
26267,16,131335
26268,16,131340
26269,16,131345
26270,16,131350
26271,16,131355
26272,16,131360
26273,16,131365
26274,16,131370
26275,16,131375
26276,16,131380
26277,16,131385
26278,16,131390
26279,16,131395
26280,16,131400
26281,16,131405
26282,16,131410
26283,16,131415
26284,16,131420
26285,16,131425
26286,16,131430
26287,16,131435
26288,16,131440
26289,16,131445
26290,16,131450
26291,16,131455
26292,16,131460
26293,16,131465
26294,16,131470
26295,16,131475
26296,16,131480
26297,16,131485
26298,16,131490
26299,16,131495
26300,16,131500
26301,16,131505
26302,16,131510
26303,16,131515
26304,16,131520
26305,16,131525
26306,16,131530
26307,16,131535
26308,16,131540
26309,16,131545
26310,16,131550
26311,16,131555
26312,16,131560
26313,16,131565
26314,16,131570
26315,16,131575
26316,16,131580
26317,16,131585
26318,16,131590
26319,16,131595
26320,16,131600
26321,16,131605
26322,16,131610
26323,16,131615
26324,16,131620
26325,16,131625
26326,16,131630
26327,16,131635
26328,16,131640
26329,16,131645
26330,16,131650
26331,16,131655
26332,16,131660
26333,16,131665
26334,16,131670
26335,16,131675
26336,16,131680
26337,16,131685
26338,16,131690
26339,16,131695
26340,16,131700
26341,16,131705
26342,16,131710
26343,16,131715
26344,16,131720
26345,16,131725
26346,16,131730
26347,16,131735
26348,16,131740
26349,16,131745
26350,16,131750
26351,16,131755
26352,16,131760
26353,16,131765
26354,16,131770
26355,16,131775
26356,16,131780
26357,16,131785
26358,16,131790
26359,16,131795
26360,16,131800
26361,16,131805
26362,16,131810
26363,16,131815
26364,16,131820
26365,16,131825
26366,16,131830
26367,16,131835
26368,16,131840
26369,16,131845
26370,16,131850
26371,16,131855
26372,16,131860
26373,16,131865
26374,16,131870
26375,16,131875
26376,16,131880
26377,16,131885
26378,16,131890
26379,16,131895
26380,16,131900
26381,16,131905
26382,16,131910
26383,16,131915
26384,16,131920
26385,16,131925
26386,16,131930
26387,16,131935
26388,16,131940
26389,16,131945
26390,16,131950
26391,16,131955
26392,16,131960
26393,16,131965
26394,16,131970
26395,16,131975
26396,16,131980
26397,16,131985
26398,16,131990
26399,16,131995
26400,16,132000
26401,16,132005
26402,16,132010
26403,16,132015
26404,16,132020
26405,16,132025
26406,16,132030
26407,16,132035
26408,16,132040
26409,16,132045
26410,16,132050
26411,16,132055
26412,16,132060
26413,16,132065
26414,16,132070
26415,16,132075
26416,16,132080
26417,16,132085
26418,16,132090
26419,16,132095
26420,16,132100
26421,16,132105
26422,16,132110
26423,16,132115
26424,16,132120
26425,16,132125
26426,16,132130
26427,16,132135
26428,16,132140
26429,16,132145
26430,16,132150
26431,16,132155
26432,16,132160
26433,16,132165
26434,16,132170
26435,16,132175
26436,16,132180
26437,16,132185
26438,16,132190
26439,16,132195
26440,16,132200
26441,16,132205
26442,16,132210
26443,16,132215
26444,16,132220
26445,16,132225
26446,16,132230
26447,16,132235
26448,16,132240
26449,16,132245
26450,16,132250
26451,16,132255
26452,16,132260
26453,16,132265
26454,16,132270
26455,16,132275
26456,16,132280
26457,16,132285
26458,16,132290
26459,16,132295
26460,16,132300
26461,16,132305
26462,16,132310
26463,16,132315
26464,16,132320
26465,16,132325
26466,16,132330
26467,16,132335
26468,16,132340
26469,16,132345
26470,16,132350
26471,16,132355
26472,16,132360
26473,16,132365
26474,16,132370
26475,16,132375
26476,16,132380
26477,16,132385
26478,16,132390
26479,16,132395
26480,16,132400
26481,16,132405
26482,16,132410
26483,16,132415
26484,16,132420
26485,16,132425
26486,16,132430
26487,16,132435
26488,16,132440
26489,16,132445
26490,16,132450
26491,16,132455
26492,16,132460
26493,16,132465
26494,16,132470
26495,16,132475
26496,16,132480
26497,16,132485
26498,16,132490
26499,16,132495
26500,16,132500
26501,16,132505
26502,16,132510
26503,16,132515
26504,16,132520
26505,16,132525
26506,16,132530
26507,16,132535
26508,16,132540
26509,16,132545
26510,16,132550
26511,16,132555
26512,16,132560
26513,16,132565
26514,16,132570
26515,16,132575
26516,16,132580
26517,16,132585
26518,16,132590
26519,16,132595
26520,16,132600
26521,16,132605
26522,16,132610
26523,16,132615
26524,16,132620
26525,16,132625
26526,16,132630
26527,16,132635
26528,16,132640
26529,16,132645
26530,16,132650
26531,16,132655
26532,16,132660
26533,16,132665
26534,16,132670
26535,16,132675
26536,16,132680
26537,16,132685
26538,16,132690
26539,16,132695
26540,16,132700
26541,16,132705
26542,16,132710
26543,16,132715
26544,16,132720
26545,16,132725
26546,16,132730
26547,16,132735
26548,16,132740
26549,16,132745
26550,16,132750
26551,16,132755
26552,16,132760
26553,16,132765
26554,16,132770
26555,16,132775
26556,16,132780
26557,16,132785
26558,16,132790
26559,16,132795
26560,16,132800
26561,16,132805
26562,16,132810
26563,16,132815
26564,16,132820
26565,16,132825
26566,16,132830
26567,16,132835
26568,16,132840
26569,16,132845
26570,16,132850
26571,16,132855
26572,16,132860
26573,16,132865
26574,16,132870
26575,16,132875
26576,16,132880
26577,16,132885
26578,16,132890
26579,16,132895
26580,16,132900
26581,16,132905
26582,16,132910
26583,16,132915
26584,16,132920
26585,16,132925
26586,16,132930
26587,16,132935
26588,16,132940
26589,16,132945
26590,16,132950
26591,16,132955
26592,17,132960
26593,17,132965
26594,17,132970
26595,17,132975
26596,17,132980
26597,17,132985
26598,17,132990
26599,17,132995
26600,17,133000
26601,17,133005
26602,17,133010
26603,17,133015
26604,17,133020
26605,17,133025
26606,17,133030
26607,17,133035
26608,17,133040
26609,17,133045
26610,17,133050
26611,17,133055
26612,17,133060
26613,17,133065
26614,17,133070
26615,17,133075
26616,17,133080
26617,17,133085
26618,17,133090
26619,17,133095
26620,17,133100
26621,17,133105
26622,17,133110
26623,17,133115
26624,17,133120
26625,17,133125
26626,17,133130
26627,17,133135
26628,17,133140
26629,17,133145
26630,17,133150
26631,17,133155
26632,17,133160
26633,17,133165
26634,17,133170
26635,17,133175
26636,17,133180
26637,17,133185
26638,17,133190
26639,17,133195
26640,17,133200
26641,17,133205
26642,17,133210
26643,17,133215
26644,17,133220
26645,17,133225
26646,17,133230
26647,17,133235
26648,17,133240
26649,17,133245
26650,17,133250
26651,17,133255
26652,17,133260
26653,17,133265
26654,17,133270
26655,17,133275
26656,17,133280
26657,17,133285
26658,17,133290
26659,17,133295
26660,17,133300
26661,17,133305
26662,17,133310
26663,17,133315
26664,17,133320
26665,17,133325
26666,17,133330
26667,17,133335
26668,17,133340
26669,17,133345
26670,17,133350
26671,17,133355
26672,17,133360
26673,17,133365
26674,17,133370
26675,17,133375
26676,17,133380
26677,17,133385
26678,17,133390
26679,17,133395
26680,17,133400
26681,17,133405
26682,17,133410
26683,17,133415
26684,17,133420
26685,17,133425
26686,17,133430
26687,17,133435
26688,17,133440
26689,17,133445
26690,17,133450
26691,17,133455
26692,17,133460
26693,17,133465
26694,17,133470
26695,17,133475
26696,17,133480
26697,17,133485
26698,17,133490
26699,17,133495
26700,17,133500
26701,17,133505
26702,17,133510
26703,17,133515
26704,17,133520
26705,17,133525
26706,17,133530
26707,17,133535
26708,17,133540
26709,17,133545
26710,17,133550
26711,17,133555
26712,17,133560
26713,17,133565
26714,17,133570
26715,17,133575
26716,17,133580
26717,17,133585
26718,17,133590
26719,17,133595
26720,17,133600
26721,17,133605
26722,17,133610
26723,17,133615
26724,17,133620
26725,17,133625
26726,17,133630
26727,17,133635
26728,17,133640
26729,17,133645
26730,17,133650
26731,17,133655
26732,17,133660
26733,17,133665
26734,17,133670
26735,17,133675
26736,17,133680
26737,17,133685
26738,17,133690
26739,17,133695
26740,17,133700
26741,17,133705
26742,17,133710
26743,17,133715
26744,17,133720
26745,17,133725
26746,17,133730
26747,17,133735
26748,17,133740
26749,17,133745
26750,17,133750
26751,17,133755
26752,17,133760
26753,17,133765
26754,17,133770
26755,17,133775
26756,17,133780
26757,17,133785
26758,17,133790
26759,17,133795
26760,17,133800
26761,17,133805
26762,17,133810
26763,17,133815
26764,17,133820
26765,17,133825
26766,17,133830
26767,17,133835
26768,17,133840
26769,17,133845
26770,17,133850
26771,17,133855
26772,17,133860
26773,17,133865
26774,17,133870
26775,17,133875
26776,17,133880
26777,17,133885
26778,17,133890
26779,17,133895
26780,17,133900
26781,17,133905
26782,17,133910
26783,17,133915
26784,17,133920
26785,17,133925
26786,17,133930
26787,17,133935
26788,17,133940
26789,17,133945
26790,17,133950
26791,17,133955
26792,17,133960
26793,17,133965
26794,17,133970
26795,17,133975
26796,17,133980
26797,17,133985
26798,17,133990
26799,17,133995
26800,17,134000
26801,17,134005
26802,17,134010
26803,17,134015
26804,17,134020
26805,17,134025
26806,17,134030
26807,17,134035
26808,17,134040
26809,17,134045
26810,17,134050
26811,17,134055
26812,17,134060
26813,17,134065
26814,17,134070
26815,17,134075
26816,17,134080
26817,17,134085
26818,17,134090
26819,17,134095
26820,17,134100
26821,17,134105
26822,17,134110
26823,17,134115
26824,17,134120
26825,17,134125
26826,17,134130
26827,17,134135
26828,17,134140
26829,17,134145
26830,17,134150
26831,17,134155
26832,17,134160
26833,17,134165
26834,17,134170
26835,17,134175
26836,17,134180
26837,17,134185
26838,17,134190
26839,17,134195
26840,17,134200
26841,17,134205
26842,17,134210
26843,17,134215
26844,17,134220
26845,17,134225
26846,17,134230
26847,17,134235
26848,17,134240
26849,17,134245
26850,17,134250
26851,17,134255
26852,17,134260
26853,17,134265
26854,17,134270
26855,17,134275
26856,17,134280
26857,17,134285
26858,17,134290
26859,17,134295
26860,17,134300
26861,17,134305
26862,17,134310
26863,17,134315
26864,17,134320
26865,17,134325
26866,17,134330
26867,17,134335
26868,17,134340
26869,17,134345
26870,17,134350
26871,17,134355
26872,17,134360
26873,17,134365
26874,17,134370
26875,17,134375
26876,17,134380
26877,17,134385
26878,17,134390
26879,17,134395
26880,17,134400
26881,17,134405
26882,17,134410
26883,17,134415
26884,17,134420
26885,17,134425
26886,17,134430
26887,17,134435
26888,17,134440
26889,17,134445
26890,17,134450
26891,17,134455
26892,17,134460
26893,17,134465
26894,17,134470
26895,17,134475
26896,17,134480
26897,17,134485
26898,17,134490
26899,17,134495
26900,17,134500
26901,17,134505
26902,17,134510
26903,17,134515
26904,17,134520
26905,17,134525
26906,17,134530
26907,17,134535
26908,17,134540
26909,17,134545
26910,17,134550
26911,17,134555
26912,17,134560
26913,17,134565
26914,17,134570
26915,17,134575
26916,17,134580
26917,17,134585
26918,17,134590
26919,17,134595
26920,17,134600
26921,17,134605
26922,17,134610
26923,17,134615
26924,17,134620
26925,17,134625
26926,17,134630
26927,17,134635
26928,17,134640
26929,17,134645
26930,17,134650
26931,17,134655
26932,17,134660
26933,17,134665
26934,17,134670
26935,17,134675
26936,17,134680
26937,17,134685
26938,17,134690
26939,17,134695
26940,17,134700
26941,17,134705
26942,17,134710
26943,17,134715
26944,17,134720
26945,17,134725
26946,17,134730
26947,17,134735
26948,17,134740
26949,17,134745
26950,17,134750
26951,17,134755
26952,17,134760
26953,17,134765
26954,17,134770
26955,17,134775
26956,17,134780
26957,17,134785
26958,17,134790
26959,17,134795
26960,17,134800
26961,17,134805
26962,17,134810
26963,17,134815
26964,17,134820
26965,17,134825
26966,17,134830
26967,17,134835
26968,17,134840
26969,17,134845
26970,17,134850
26971,17,134855
26972,17,134860
26973,17,134865
26974,17,134870
26975,17,134875
26976,17,134880
26977,17,134885
26978,17,134890
26979,17,134895
26980,17,134900
26981,17,134905
26982,17,134910
26983,17,134915
26984,17,134920
26985,17,134925
26986,17,134930
26987,17,134935
26988,17,134940
26989,17,134945
26990,17,134950
26991,17,134955
26992,17,134960
26993,17,134965
26994,17,134970
26995,17,134975
26996,17,134980
26997,17,134985
26998,17,134990
26999,17,134995
27000,17,135000
27001,17,135005
27002,17,135010
27003,17,135015
27004,17,135020
27005,17,135025
27006,17,135030
27007,17,135035
27008,17,135040
27009,17,135045
27010,17,135050
27011,17,135055
27012,17,135060
27013,17,135065
27014,17,135070
27015,17,135075
27016,17,135080
27017,17,135085
27018,17,135090
27019,17,135095
27020,17,135100
27021,17,135105
27022,17,135110
27023,17,135115
27024,17,135120
27025,17,135125
27026,17,135130
27027,17,135135
27028,17,135140
27029,17,135145
27030,17,135150
27031,17,135155
27032,17,135160
27033,17,135165
27034,17,135170
27035,17,135175
27036,17,135180
27037,17,135185
27038,17,135190
27039,17,135195
27040,17,135200
27041,17,135205
27042,17,135210
27043,17,135215
27044,17,135220
27045,17,135225
27046,17,135230
27047,17,135235
27048,17,135240
27049,17,135245
27050,17,135250
27051,17,135255
27052,17,135260
27053,17,135265
27054,17,135270
27055,17,135275
27056,17,135280
27057,17,135285
27058,17,135290
27059,17,135295
27060,17,135300
27061,17,135305
27062,17,135310
27063,17,135315
27064,17,135320
27065,17,135325
27066,17,135330
27067,17,135335
27068,17,135340
27069,17,135345
27070,17,135350
27071,17,135355
27072,17,135360
27073,17,135365
27074,17,135370
27075,17,135375
27076,17,135380
27077,17,135385
27078,17,135390
27079,17,135395
27080,17,135400
27081,17,135405
27082,17,135410
27083,17,135415
27084,17,135420
27085,17,135425
27086,17,135430
27087,17,135435
27088,17,135440
27089,17,135445
27090,17,135450
27091,17,135455
27092,17,135460
27093,17,135465
27094,17,135470
27095,17,135475
27096,17,135480
27097,17,135485
27098,17,135490
27099,17,135495
27100,17,135500
27101,17,135505
27102,17,135510
27103,17,135515
27104,17,135520
27105,17,135525
27106,17,135530
27107,17,135535
27108,17,135540
27109,17,135545
27110,17,135550
27111,17,135555
27112,17,135560
27113,17,135565
27114,17,135570
27115,17,135575
27116,17,135580
27117,17,135585
27118,17,135590
27119,17,135595
27120,17,135600
27121,17,135605
27122,17,135610
27123,17,135615
27124,17,135620
27125,17,135625
27126,17,135630
27127,17,135635
27128,17,135640
27129,17,135645
27130,17,135650
27131,17,135655
27132,17,135660
27133,17,135665
27134,17,135670
27135,17,135675
27136,17,135680
27137,17,135685
27138,17,135690
27139,17,135695
27140,17,135700
27141,17,135705
27142,17,135710
27143,17,135715
27144,17,135720
27145,17,135725
27146,17,135730
27147,17,135735
27148,17,135740
27149,17,135745
27150,17,135750
27151,17,135755
27152,17,135760
27153,17,135765
27154,17,135770
27155,17,135775
27156,17,135780
27157,17,135785
27158,17,135790
27159,17,135795
27160,17,135800
27161,17,135805
27162,17,135810
27163,17,135815
27164,17,135820
27165,17,135825
27166,17,135830
27167,17,135835
27168,17,135840
27169,17,135845
27170,17,135850
27171,17,135855
27172,17,135860
27173,17,135865
27174,17,135870
27175,17,135875
27176,17,135880
27177,17,135885
27178,17,135890
27179,17,135895
27180,17,135900
27181,17,135905
27182,17,135910
27183,17,135915
27184,17,135920
27185,17,135925
27186,17,135930
27187,17,135935
27188,17,135940
27189,17,135945
27190,17,135950
27191,17,135955
27192,17,135960
27193,18,135965
27194,18,135970
27195,18,135975
27196,18,135980
27197,18,135985
27198,18,135990
27199,18,135995
27200,18,136000
27201,18,136005
27202,18,136010
27203,18,136015
27204,18,136020
27205,18,136025
27206,18,136030
27207,18,136035
27208,18,136040
27209,18,136045
27210,18,136050
27211,18,136055
27212,18,136060
27213,18,136065
27214,18,136070
27215,18,136075
27216,18,136080
27217,18,136085
27218,18,136090
27219,18,136095
27220,18,136100
27221,18,136105
27222,18,136110
27223,18,136115
27224,18,136120
27225,18,136125
27226,18,136130
27227,18,136135
27228,18,136140
27229,18,136145
27230,18,136150
27231,18,136155
27232,18,136160
27233,18,136165
27234,18,136170
27235,18,136175
27236,18,136180
27237,18,136185
27238,18,136190
27239,18,136195
27240,18,136200
27241,18,136205
27242,18,136210
27243,18,136215
27244,18,136220
27245,18,136225
27246,18,136230
27247,18,136235
27248,18,136240
27249,18,136245
27250,18,136250
27251,18,136255
27252,18,136260
27253,18,136265
27254,18,136270
27255,18,136275
27256,18,136280
27257,18,136285
27258,18,136290
27259,18,136295
27260,18,136300
27261,18,136305
27262,18,136310
27263,18,136315
27264,18,136320
27265,18,136325
27266,18,136330
27267,18,136335
27268,18,136340
27269,18,136345
27270,18,136350
27271,18,136355
27272,18,136360
27273,18,136365
27274,18,136370
27275,18,136375
27276,18,136380
27277,18,136385
27278,18,136390
27279,18,136395
27280,18,136400
27281,18,136405
27282,18,136410
27283,18,136415
27284,18,136420
27285,18,136425
27286,18,136430
27287,18,136435
27288,18,136440
27289,18,136445
27290,18,136450
27291,18,136455
27292,18,136460
27293,18,136465
27294,18,136470
27295,18,136475
27296,18,136480
27297,18,136485
27298,18,136490
27299,18,136495
27300,18,136500
27301,18,136505
27302,18,136510
27303,18,136515
27304,18,136520
27305,18,136525
27306,18,136530
27307,18,136535
27308,18,136540
27309,18,136545
27310,18,136550
27311,18,136555
27312,18,136560
27313,18,136565
27314,18,136570
27315,18,136575
27316,18,136580
27317,18,136585
27318,18,136590
27319,18,136595
27320,18,136600
27321,18,136605
27322,18,136610
27323,18,136615
27324,18,136620
27325,18,136625
27326,18,136630
27327,18,136635
27328,18,136640
27329,18,136645
27330,18,136650
27331,18,136655
27332,18,136660
27333,18,136665
27334,18,136670
27335,18,136675
27336,18,136680
27337,18,136685
27338,18,136690
27339,18,136695
27340,18,136700
27341,18,136705
27342,18,136710
27343,18,136715
27344,18,136720
27345,18,136725
27346,18,136730
27347,18,136735
27348,18,136740
27349,18,136745
27350,18,136750
27351,18,136755
27352,18,136760
27353,18,136765
27354,18,136770
27355,18,136775
27356,18,136780
27357,18,136785
27358,18,136790
27359,18,136795
27360,18,136800
27361,18,136805
27362,18,136810
27363,18,136815
27364,18,136820
27365,18,136825
27366,18,136830
27367,18,136835
27368,18,136840
27369,18,136845
27370,18,136850
27371,18,136855
27372,18,136860
27373,18,136865
27374,18,136870
27375,18,136875
27376,18,136880
27377,18,136885
27378,18,136890
27379,18,136895
27380,18,136900
27381,18,136905
27382,18,136910
27383,18,136915
27384,18,136920
27385,18,136925
27386,18,136930
27387,18,136935
27388,18,136940
27389,18,136945
27390,18,136950
27391,18,136955
27392,18,136960
27393,18,136965
27394,18,136970
27395,18,136975
27396,18,136980
27397,18,136985
27398,18,136990
27399,18,136995
27400,18,137000
27401,18,137005
27402,18,137010
27403,18,137015
27404,18,137020
27405,18,137025
27406,18,137030
27407,18,137035
27408,18,137040
27409,18,137045
27410,18,137050
27411,18,137055
27412,18,137060
27413,18,137065
27414,18,137070
27415,18,137075
27416,18,137080
27417,18,137085
27418,18,137090
27419,18,137095
27420,18,137100
27421,18,137105
27422,18,137110
27423,18,137115
27424,18,137120
27425,18,137125
27426,18,137130
27427,18,137135
27428,18,137140
27429,18,137145
27430,18,137150
27431,18,137155
27432,18,137160
27433,18,137165
27434,18,137170
27435,18,137175
27436,18,137180
27437,18,137185
27438,18,137190
27439,18,137195
27440,18,137200
27441,18,137205
27442,18,137210
27443,18,137215
27444,18,137220
27445,18,137225
27446,18,137230
27447,18,137235
27448,18,137240
27449,18,137245
27450,18,137250
27451,18,137255
27452,18,137260
27453,18,137265
27454,18,137270
27455,18,137275
27456,18,137280
27457,18,137285
27458,18,137290
27459,18,137295
27460,18,137300
27461,18,137305
27462,18,137310
27463,18,137315
27464,18,137320
27465,18,137325
27466,18,137330
27467,18,137335
27468,18,137340
27469,18,137345
27470,18,137350
27471,18,137355
27472,18,137360
27473,18,137365
27474,18,137370
27475,18,137375
27476,18,137380
27477,18,137385
27478,18,137390
27479,18,137395
27480,18,137400
27481,18,137405
27482,18,137410
27483,18,137415
27484,18,137420
27485,18,137425
27486,18,137430
27487,18,137435
27488,18,137440
27489,18,137445
27490,18,137450
27491,18,137455
27492,18,137460
27493,18,137465
27494,18,137470
27495,18,137475
27496,18,137480
27497,18,137485
27498,18,137490
27499,18,137495
27500,18,137500
27501,18,137505
27502,18,137510
27503,18,137515
27504,18,137520
27505,18,137525
27506,18,137530
27507,18,137535
27508,18,137540
27509,18,137545
27510,18,137550
27511,18,137555
27512,18,137560
27513,18,137565
27514,18,137570
27515,18,137575
27516,18,137580
27517,18,137585
27518,18,137590
27519,18,137595
27520,18,137600
27521,18,137605
27522,18,137610
27523,18,137615
27524,18,137620
27525,18,137625
27526,18,137630
27527,18,137635
27528,18,137640
27529,18,137645
27530,18,137650
27531,18,137655
27532,18,137660
27533,18,137665
27534,18,137670
27535,18,137675
27536,18,137680
27537,18,137685
27538,18,137690
27539,18,137695
27540,18,137700
27541,18,137705
27542,18,137710
27543,18,137715
27544,18,137720
27545,18,137725
27546,18,137730
27547,18,137735
27548,18,137740
27549,18,137745
27550,18,137750
27551,18,137755
27552,18,137760
27553,18,137765
27554,18,137770
27555,18,137775
27556,18,137780
27557,18,137785
27558,18,137790
27559,18,137795
27560,18,137800
27561,18,137805
27562,18,137810
27563,18,137815
27564,18,137820
27565,18,137825
27566,18,137830
27567,18,137835
27568,18,137840
27569,18,137845
27570,18,137850
27571,18,137855
27572,18,137860
27573,18,137865
27574,18,137870
27575,18,137875
27576,18,137880
27577,18,137885
27578,18,137890
27579,18,137895
27580,18,137900
27581,18,137905
27582,18,137910
27583,18,137915
27584,18,137920
27585,18,137925
27586,18,137930
27587,18,137935
27588,18,137940
27589,18,137945
27590,18,137950
27591,18,137955
27592,18,137960
27593,18,137965
27594,18,137970
27595,18,137975
27596,18,137980
27597,18,137985
27598,18,137990
27599,18,137995
27600,18,138000
27601,18,138005
27602,18,138010
27603,18,138015
27604,18,138020
27605,18,138025
27606,18,138030
27607,18,138035
27608,18,138040
27609,18,138045
27610,18,138050
27611,18,138055
27612,18,138060
27613,18,138065
27614,18,138070
27615,18,138075
27616,18,138080
27617,18,138085
27618,18,138090
27619,18,138095
27620,18,138100
27621,18,138105
27622,18,138110
27623,18,138115
27624,18,138120
27625,18,138125
27626,18,138130
27627,18,138135
27628,18,138140
27629,18,138145
27630,18,138150
27631,18,138155
27632,18,138160
27633,18,138165
27634,18,138170
27635,18,138175
27636,18,138180
27637,18,138185
27638,18,138190
27639,18,138195
27640,18,138200
27641,18,138205
27642,18,138210
27643,18,138215
27644,18,138220
27645,18,138225
27646,18,138230
27647,18,138235
27648,18,138240
27649,18,138245
27650,18,138250
27651,18,138255
27652,18,138260
27653,18,138265
27654,18,138270
27655,18,138275
27656,18,138280
27657,18,138285
27658,18,138290
27659,18,138295
27660,18,138300
27661,18,138305
27662,18,138310
27663,18,138315
27664,18,138320
27665,18,138325
27666,18,138330
27667,18,138335
27668,18,138340
27669,18,138345
27670,18,138350
27671,18,138355
27672,18,138360
27673,18,138365
27674,18,138370
27675,18,138375
27676,18,138380
27677,18,138385
27678,18,138390
27679,18,138395
27680,18,138400
27681,18,138405
27682,18,138410
27683,18,138415
27684,18,138420
27685,18,138425
27686,18,138430
27687,18,138435
27688,18,138440
27689,18,138445
27690,18,138450
27691,18,138455
27692,18,138460
27693,18,138465
27694,18,138470
27695,18,138475
27696,18,138480
27697,18,138485
27698,18,138490
27699,18,138495
27700,18,138500
27701,18,138505
27702,18,138510
27703,18,138515
27704,18,138520
27705,18,138525
27706,18,138530
27707,18,138535
27708,18,138540
27709,18,138545
27710,18,138550
27711,18,138555
27712,18,138560
27713,18,138565
27714,18,138570
27715,18,138575
27716,18,138580
27717,18,138585
27718,18,138590
27719,18,138595
27720,18,138600
27721,18,138605
27722,18,138610
27723,18,138615
27724,18,138620
27725,18,138625
27726,18,138630
27727,18,138635
27728,18,138640
27729,18,138645
27730,18,138650
27731,18,138655
27732,18,138660
27733,18,138665
27734,18,138670
27735,18,138675
27736,18,138680
27737,18,138685
27738,18,138690
27739,18,138695
27740,18,138700
27741,18,138705
27742,18,138710
27743,18,138715
27744,18,138720
27745,18,138725
27746,18,138730
27747,18,138735
27748,18,138740
27749,18,138745
27750,18,138750
27751,18,138755
27752,18,138760
27753,18,138765
27754,18,138770
27755,18,138775
27756,18,138780
27757,18,138785
27758,18,138790
27759,18,138795
27760,18,138800
27761,18,138805
27762,18,138810
27763,18,138815
27764,18,138820
27765,18,138825
27766,18,138830
27767,18,138835
27768,18,138840
27769,18,138845
27770,18,138850
27771,18,138855
27772,18,138860
27773,18,138865
27774,18,138870
27775,19,138875
27776,19,138880
27777,19,138885
27778,19,138890
27779,19,138895
27780,19,138900
27781,19,138905
27782,19,138910
27783,19,138915
27784,19,138920
27785,19,138925
27786,19,138930
27787,19,138935
27788,19,138940
27789,19,138945
27790,19,138950
27791,19,138955
27792,19,138960
27793,19,138965
27794,19,138970
27795,19,138975
27796,19,138980
27797,19,138985
27798,19,138990
27799,19,138995
27800,19,139000
27801,19,139005
27802,19,139010
27803,19,139015
27804,19,139020
27805,19,139025
27806,19,139030
27807,19,139035
27808,19,139040
27809,19,139045
27810,19,139050
27811,19,139055
27812,19,139060
27813,19,139065
27814,19,139070
27815,19,139075
27816,19,139080
27817,19,139085
27818,19,139090
27819,19,139095
27820,19,139100
27821,19,139105
27822,19,139110
27823,19,139115
27824,19,139120
27825,19,139125
27826,19,139130
27827,19,139135
27828,19,139140
27829,19,139145
27830,19,139150
27831,19,139155
27832,19,139160
27833,19,139165
27834,19,139170
27835,19,139175
27836,19,139180
27837,19,139185
27838,19,139190
27839,19,139195
27840,19,139200
27841,19,139205
27842,19,139210
27843,19,139215
27844,19,139220
27845,19,139225
27846,19,139230
27847,19,139235
27848,19,139240
27849,19,139245
27850,19,139250
27851,19,139255
27852,19,139260
27853,19,139265
27854,19,139270
27855,19,139275
27856,19,139280
27857,19,139285
27858,19,139290
27859,19,139295
27860,19,139300
27861,19,139305
27862,19,139310
27863,19,139315
27864,19,139320
27865,19,139325
27866,19,139330
27867,19,139335
27868,19,139340
27869,19,139345
27870,19,139350
27871,19,139355
27872,19,139360
27873,19,139365
27874,19,139370
27875,19,139375
27876,19,139380
27877,19,139385
27878,19,139390
27879,19,139395
27880,19,139400
27881,19,139405
27882,19,139410
27883,19,139415
27884,19,139420
27885,19,139425
27886,19,139430
27887,19,139435
27888,19,139440
27889,19,139445
27890,19,139450
27891,19,139455
27892,19,139460
27893,19,139465
27894,19,139470
27895,19,139475
27896,19,139480
27897,19,139485
27898,19,139490
27899,19,139495
27900,19,139500
27901,19,139505
27902,19,139510
27903,19,139515
27904,19,139520
27905,19,139525
27906,19,139530
27907,19,139535
27908,19,139540
27909,19,139545
27910,19,139550
27911,19,139555
27912,19,139560
27913,19,139565
27914,19,139570
27915,19,139575
27916,19,139580
27917,19,139585
27918,19,139590
27919,19,139595
27920,19,139600
27921,19,139605
27922,19,139610
27923,19,139615
27924,19,139620
27925,19,139625
27926,19,139630
27927,19,139635
27928,19,139640
27929,19,139645
27930,19,139650
27931,19,139655
27932,19,139660
27933,19,139665
27934,19,139670
27935,19,139675
27936,19,139680
27937,19,139685
27938,19,139690
27939,19,139695
27940,19,139700
27941,19,139705
27942,19,139710
27943,19,139715
27944,19,139720
27945,19,139725
27946,19,139730
27947,19,139735
27948,19,139740
27949,19,139745
27950,19,139750
27951,19,139755
27952,19,139760
27953,19,139765
27954,19,139770
27955,19,139775
27956,19,139780
27957,19,139785
27958,19,139790
27959,19,139795
27960,19,139800
27961,19,139805
27962,19,139810
27963,19,139815
27964,19,139820
27965,19,139825
27966,19,139830
27967,19,139835
27968,19,139840
27969,19,139845
27970,19,139850
27971,19,139855
27972,19,139860
27973,19,139865
27974,19,139870
27975,19,139875
27976,19,139880
27977,19,139885
27978,19,139890
27979,19,139895
27980,19,139900
27981,19,139905
27982,19,139910
27983,19,139915
27984,19,139920
27985,19,139925
27986,19,139930
27987,19,139935
27988,19,139940
27989,19,139945
27990,19,139950
27991,19,139955
27992,19,139960
27993,19,139965
27994,19,139970
27995,19,139975
27996,19,139980
27997,19,139985
27998,19,139990
27999,19,139995
28000,19,140000
28001,19,140005
28002,19,140010
28003,19,140015
28004,19,140020
28005,19,140025
28006,19,140030
28007,19,140035
28008,19,140040
28009,19,140045
28010,19,140050
28011,19,140055
28012,19,140060
28013,19,140065
28014,19,140070
28015,19,140075
28016,19,140080
28017,19,140085
28018,19,140090
28019,19,140095
28020,19,140100
28021,19,140105
28022,19,140110
28023,19,140115
28024,19,140120
28025,19,140125
28026,19,140130
28027,19,140135
28028,19,140140
28029,19,140145
28030,19,140150
28031,19,140155
28032,19,140160
28033,19,140165
28034,19,140170
28035,19,140175
28036,19,140180
28037,19,140185
28038,19,140190
28039,19,140195
28040,19,140200
28041,19,140205
28042,19,140210
28043,19,140215
28044,19,140220
28045,19,140225
28046,19,140230
28047,19,140235
28048,19,140240
28049,19,140245
28050,19,140250
28051,19,140255
28052,19,140260
28053,19,140265
28054,19,140270
28055,19,140275
28056,19,140280
28057,19,140285
28058,19,140290
28059,19,140295
28060,19,140300
28061,19,140305
28062,19,140310
28063,19,140315
28064,19,140320
28065,19,140325
28066,19,140330
28067,19,140335
28068,19,140340
28069,19,140345
28070,19,140350
28071,19,140355
28072,19,140360
28073,19,140365
28074,19,140370
28075,19,140375
28076,19,140380
28077,19,140385
28078,19,140390
28079,19,140395
28080,19,140400
28081,19,140405
28082,19,140410
28083,19,140415
28084,19,140420
28085,19,140425
28086,19,140430
28087,19,140435
28088,19,140440
28089,19,140445
28090,19,140450
28091,19,140455
28092,19,140460
28093,19,140465
28094,19,140470
28095,19,140475
28096,19,140480
28097,19,140485
28098,19,140490
28099,19,140495
28100,19,140500
28101,19,140505
28102,19,140510
28103,19,140515
28104,19,140520
28105,19,140525
28106,19,140530
28107,19,140535
28108,19,140540
28109,19,140545
28110,19,140550
28111,19,140555
28112,19,140560
28113,19,140565
28114,19,140570
28115,19,140575
28116,19,140580
28117,19,140585
28118,19,140590
28119,19,140595
28120,19,140600
28121,19,140605
28122,19,140610
28123,19,140615
28124,19,140620
28125,19,140625
28126,19,140630
28127,19,140635
28128,19,140640
28129,19,140645
28130,19,140650
28131,19,140655
28132,19,140660
28133,19,140665
28134,19,140670
28135,19,140675
28136,19,140680
28137,19,140685
28138,19,140690
28139,19,140695
28140,19,140700
28141,19,140705
28142,19,140710
28143,19,140715
28144,19,140720
28145,19,140725
28146,19,140730
28147,19,140735
28148,19,140740
28149,19,140745
28150,19,140750
28151,19,140755
28152,19,140760
28153,19,140765
28154,19,140770
28155,19,140775
28156,19,140780
28157,19,140785
28158,19,140790
28159,19,140795
28160,19,140800
28161,19,140805
28162,19,140810
28163,19,140815
28164,19,140820
28165,19,140825
28166,19,140830
28167,19,140835
28168,19,140840
28169,19,140845
28170,19,140850
28171,19,140855
28172,19,140860
28173,19,140865
28174,19,140870
28175,19,140875
28176,19,140880
28177,19,140885
28178,19,140890
28179,19,140895
28180,19,140900
28181,19,140905
28182,19,140910
28183,19,140915
28184,19,140920
28185,19,140925
28186,19,140930
28187,19,140935
28188,19,140940
28189,19,140945
28190,19,140950
28191,19,140955
28192,19,140960
28193,19,140965
28194,19,140970
28195,19,140975
28196,19,140980
28197,19,140985
28198,19,140990
28199,19,140995
28200,19,141000
28201,19,141005
28202,19,141010
28203,19,141015
28204,19,141020
28205,19,141025
28206,19,141030
28207,19,141035
28208,19,141040
28209,19,141045
28210,19,141050
28211,19,141055
28212,19,141060
28213,19,141065
28214,19,141070
28215,19,141075
28216,19,141080
28217,19,141085
28218,19,141090
28219,19,141095
28220,19,141100
28221,19,141105
28222,19,141110
28223,19,141115
28224,19,141120
28225,19,141125
28226,19,141130
28227,19,141135
28228,19,141140
28229,19,141145
28230,19,141150
28231,19,141155
28232,19,141160
28233,19,141165
28234,19,141170
28235,19,141175
28236,19,141180
28237,19,141185
28238,19,141190
28239,19,141195
28240,19,141200
28241,19,141205
28242,19,141210
28243,19,141215
28244,19,141220
28245,19,141225
28246,19,141230
28247,19,141235
28248,19,141240
28249,19,141245
28250,19,141250
28251,19,141255
28252,19,141260
28253,19,141265
28254,19,141270
28255,19,141275
28256,19,141280
28257,19,141285
28258,19,141290
28259,19,141295
28260,19,141300
28261,19,141305
28262,19,141310
28263,19,141315
28264,19,141320
28265,19,141325
28266,19,141330
28267,19,141335
28268,19,141340
28269,19,141345
28270,19,141350
28271,19,141355
28272,19,141360
28273,19,141365
28274,19,141370
28275,19,141375
28276,19,141380
28277,19,141385
28278,19,141390
28279,19,141395
28280,19,141400
28281,19,141405
28282,19,141410
28283,19,141415
28284,19,141420
28285,19,141425
28286,19,141430
28287,19,141435
28288,19,141440
28289,19,141445
28290,19,141450
28291,19,141455
28292,19,141460
28293,19,141465
28294,19,141470
28295,19,141475
28296,19,141480
28297,19,141485
28298,19,141490
28299,19,141495
28300,19,141500
28301,19,141505
28302,19,141510
28303,19,141515
28304,19,141520
28305,19,141525
28306,19,141530
28307,19,141535
28308,19,141540
28309,19,141545
28310,19,141550
28311,19,141555
28312,19,141560
28313,19,141565
28314,19,141570
28315,19,141575
28316,19,141580
28317,19,141585
28318,19,141590
28319,19,141595
28320,19,141600
28321,19,141605
28322,19,141610
28323,19,141615
28324,19,141620
28325,19,141625
28326,19,141630
28327,19,141635
28328,19,141640
28329,20,141645
28330,20,141650
28331,20,141655
28332,20,141660
28333,20,141665
28334,20,141670
28335,20,141675
28336,20,141680
28337,20,141685
28338,20,141690
28339,20,141695
28340,20,141700
28341,20,141705
28342,20,141710
28343,20,141715
28344,20,141720
28345,20,141725
28346,20,141730
28347,20,141735
28348,20,141740
28349,20,141745
28350,20,141750
28351,20,141755
28352,20,141760
28353,20,141765
28354,20,141770
28355,20,141775
28356,20,141780
28357,20,141785
28358,20,141790
28359,20,141795
28360,20,141800
28361,20,141805
28362,20,141810
28363,20,141815
28364,20,141820
28365,20,141825
28366,20,141830
28367,20,141835
28368,20,141840
28369,20,141845
28370,20,141850
28371,20,141855
28372,20,141860
28373,20,141865
28374,20,141870
28375,20,141875
28376,20,141880
28377,20,141885
28378,20,141890
28379,20,141895
28380,20,141900
28381,20,141905
28382,20,141910
28383,20,141915
28384,20,141920
28385,20,141925
28386,20,141930
28387,20,141935
28388,20,141940
28389,20,141945
28390,20,141950
28391,20,141955
28392,20,141960
28393,20,141965
28394,20,141970
28395,20,141975
28396,20,141980
28397,20,141985
28398,20,141990
28399,20,141995
28400,20,142000
28401,20,142005
28402,20,142010
28403,20,142015
28404,20,142020
28405,20,142025
28406,20,142030
28407,20,142035
28408,20,142040
28409,20,142045
28410,20,142050
28411,20,142055
28412,20,142060
28413,20,142065
28414,20,142070
28415,20,142075
28416,20,142080
28417,20,142085
28418,20,142090
28419,20,142095
28420,20,142100
28421,20,142105
28422,20,142110
28423,20,142115
28424,20,142120
28425,20,142125
28426,20,142130
28427,20,142135
28428,20,142140
28429,20,142145
28430,20,142150
28431,20,142155
28432,20,142160
28433,20,142165
28434,20,142170
28435,20,142175
28436,20,142180
28437,20,142185
28438,20,142190
28439,20,142195
28440,20,142200
28441,20,142205
28442,20,142210
28443,20,142215
28444,20,142220
28445,20,142225
28446,20,142230
28447,20,142235
28448,20,142240
28449,20,142245
28450,20,142250
28451,20,142255
28452,20,142260
28453,20,142265
28454,20,142270
28455,20,142275
28456,20,142280
28457,20,142285
28458,20,142290
28459,20,142295
28460,20,142300
28461,20,142305
28462,20,142310
28463,20,142315
28464,20,142320
28465,20,142325
28466,20,142330
28467,20,142335
28468,20,142340
28469,20,142345
28470,20,142350
28471,20,142355
28472,20,142360
28473,20,142365
28474,20,142370
28475,20,142375
28476,20,142380
28477,20,142385
28478,20,142390
28479,20,142395
28480,20,142400
28481,20,142405
28482,20,142410
28483,20,142415
28484,20,142420
28485,20,142425
28486,20,142430
28487,20,142435
28488,20,142440
28489,20,142445
28490,20,142450
28491,20,142455
28492,20,142460
28493,20,142465
28494,20,142470
28495,20,142475
28496,20,142480
28497,20,142485
28498,20,142490
28499,20,142495
28500,20,142500
28501,20,142505
28502,20,142510
28503,20,142515
28504,20,142520
28505,20,142525
28506,20,142530
28507,20,142535
28508,20,142540
28509,20,142545
28510,20,142550
28511,20,142555
28512,20,142560
28513,20,142565
28514,20,142570
28515,20,142575
28516,20,142580
28517,20,142585
28518,20,142590
28519,20,142595
28520,20,142600
28521,20,142605
28522,20,142610
28523,20,142615
28524,20,142620
28525,20,142625
28526,20,142630
28527,20,142635
28528,20,142640
28529,20,142645
28530,20,142650
28531,20,142655
28532,20,142660
28533,20,142665
28534,20,142670
28535,20,142675
28536,20,142680
28537,20,142685
28538,20,142690
28539,20,142695
28540,20,142700
28541,20,142705
28542,20,142710
28543,20,142715
28544,20,142720
28545,20,142725
28546,20,142730
28547,20,142735
28548,20,142740
28549,20,142745
28550,20,142750
28551,20,142755
28552,20,142760
28553,20,142765
28554,20,142770
28555,20,142775
28556,20,142780
28557,20,142785
28558,20,142790
28559,20,142795
28560,20,142800
28561,20,142805
28562,20,142810
28563,20,142815
28564,20,142820
28565,20,142825
28566,20,142830
28567,20,142835
28568,20,142840
28569,20,142845
28570,20,142850
28571,20,142855
28572,20,142860
28573,20,142865
28574,20,142870
28575,20,142875
28576,20,142880
28577,20,142885
28578,20,142890
28579,20,142895
28580,20,142900
28581,20,142905
28582,20,142910
28583,20,142915
28584,20,142920
28585,20,142925
28586,20,142930
28587,20,142935
28588,20,142940
28589,20,142945
28590,20,142950
28591,20,142955
28592,20,142960
28593,20,142965
28594,20,142970
28595,20,142975
28596,20,142980
28597,20,142985
28598,20,142990
28599,20,142995
28600,20,143000
28601,20,143005
28602,20,143010
28603,20,143015
28604,20,143020
28605,20,143025
28606,20,143030
28607,20,143035
28608,20,143040
28609,20,143045
28610,20,143050
28611,20,143055
28612,20,143060
28613,20,143065
28614,20,143070
28615,20,143075
28616,20,143080
28617,20,143085
28618,20,143090
28619,20,143095
28620,20,143100
28621,20,143105
28622,20,143110
28623,20,143115
28624,20,143120
28625,20,143125
28626,20,143130
28627,20,143135
28628,20,143140
28629,20,143145
28630,20,143150
28631,20,143155
28632,20,143160
28633,20,143165
28634,20,143170
28635,20,143175
28636,20,143180
28637,20,143185
28638,20,143190
28639,20,143195
28640,20,143200
28641,20,143205
28642,20,143210
28643,20,143215
28644,20,143220
28645,20,143225
28646,20,143230
28647,20,143235
28648,20,143240
28649,20,143245
28650,20,143250
28651,20,143255
28652,20,143260
28653,20,143265
28654,20,143270
28655,20,143275
28656,20,143280
28657,20,143285
28658,20,143290
28659,20,143295
28660,20,143300
28661,20,143305
28662,20,143310
28663,20,143315
28664,20,143320
28665,20,143325
28666,20,143330
28667,20,143335
28668,20,143340
28669,20,143345
28670,20,143350
28671,20,143355
28672,20,143360
28673,20,143365
28674,20,143370
28675,20,143375
28676,20,143380
28677,20,143385
28678,20,143390
28679,20,143395
28680,20,143400
28681,20,143405
28682,20,143410
28683,20,143415
28684,20,143420
28685,20,143425
28686,20,143430
28687,20,143435
28688,20,143440
28689,20,143445
28690,20,143450
28691,20,143455
28692,20,143460
28693,20,143465
28694,20,143470
28695,20,143475
28696,20,143480
28697,20,143485
28698,20,143490
28699,20,143495
28700,20,143500
28701,20,143505
28702,20,143510
28703,20,143515
28704,20,143520
28705,20,143525
28706,20,143530
28707,20,143535
28708,20,143540
28709,20,143545
28710,20,143550
28711,20,143555
28712,20,143560
28713,20,143565
28714,20,143570
28715,20,143575
28716,20,143580
28717,20,143585
28718,20,143590
28719,20,143595
28720,20,143600
28721,20,143605
28722,20,143610
28723,20,143615
28724,20,143620
28725,20,143625
28726,20,143630
28727,20,143635
28728,20,143640
28729,20,143645
28730,20,143650
28731,20,143655
28732,20,143660
28733,20,143665
28734,20,143670
28735,20,143675
28736,20,143680
28737,20,143685
28738,20,143690
28739,20,143695
28740,20,143700
28741,20,143705
28742,20,143710
28743,20,143715
28744,20,143720
28745,20,143725
28746,20,143730
28747,20,143735
28748,20,143740
28749,20,143745
28750,20,143750
28751,20,143755
28752,20,143760
28753,20,143765
28754,20,143770
28755,20,143775
28756,20,143780
28757,20,143785
28758,20,143790
28759,20,143795
28760,20,143800
28761,20,143805
28762,20,143810
28763,20,143815
28764,20,143820
28765,20,143825
28766,20,143830
28767,20,143835
28768,20,143840
28769,20,143845
28770,20,143850
28771,20,143855
28772,20,143860
28773,20,143865
28774,20,143870
28775,20,143875
28776,20,143880
28777,20,143885
28778,20,143890
28779,20,143895
28780,20,143900
28781,20,143905
28782,20,143910
28783,20,143915
28784,20,143920
28785,20,143925
28786,20,143930
28787,20,143935
28788,20,143940
28789,20,143945
28790,20,143950
28791,20,143955
28792,20,143960
28793,20,143965
28794,20,143970
28795,20,143975
28796,20,143980
28797,20,143985
28798,20,143990
28799,20,143995
28800,20,144000
28801,20,144005
28802,20,144010
28803,20,144015
28804,20,144020
28805,20,144025
28806,20,144030
28807,20,144035
28808,20,144040
28809,20,144045
28810,20,144050
28811,20,144055
28812,20,144060
28813,20,144065
28814,20,144070
28815,20,144075
28816,20,144080
28817,20,144085
28818,20,144090
28819,20,144095
28820,20,144100
28821,20,144105
28822,20,144110
28823,20,144115
28824,20,144120
28825,20,144125
28826,20,144130
28827,20,144135
28828,20,144140
28829,20,144145
28830,20,144150
28831,21,144155
28832,21,144160
28833,21,144165
28834,21,144170
28835,21,144175
28836,21,144180
28837,21,144185
28838,21,144190
28839,21,144195
28840,21,144200
28841,21,144205
28842,21,144210
28843,21,144215
28844,21,144220
28845,21,144225
28846,21,144230
28847,21,144235
28848,21,144240
28849,21,144245
28850,21,144250
28851,21,144255
28852,21,144260
28853,21,144265
28854,21,144270
28855,21,144275
28856,21,144280
28857,21,144285
28858,21,144290
28859,21,144295
28860,21,144300
28861,21,144305
28862,21,144310
28863,21,144315
28864,21,144320
28865,21,144325
28866,21,144330
28867,21,144335
28868,21,144340
28869,21,144345
28870,21,144350
28871,21,144355
28872,21,144360
28873,21,144365
28874,21,144370
28875,21,144375
28876,21,144380
28877,21,144385
28878,21,144390
28879,21,144395
28880,21,144400
28881,21,144405
28882,21,144410
28883,21,144415
28884,21,144420
28885,21,144425
28886,21,144430
28887,21,144435
28888,21,144440
28889,21,144445
28890,21,144450
28891,21,144455
28892,21,144460
28893,21,144465
28894,21,144470
28895,21,144475
28896,21,144480
28897,21,144485
28898,21,144490
28899,21,144495
28900,21,144500
28901,21,144505
28902,21,144510
28903,21,144515
28904,21,144520
28905,21,144525
28906,21,144530
28907,21,144535
28908,21,144540
28909,21,144545
28910,21,144550
28911,21,144555
28912,21,144560
28913,21,144565
28914,21,144570
28915,21,144575
28916,21,144580
28917,21,144585
28918,21,144590
28919,21,144595
28920,21,144600
28921,21,144605
28922,21,144610
28923,21,144615
28924,21,144620
28925,21,144625
28926,21,144630
28927,21,144635
28928,21,144640
28929,21,144645
28930,21,144650
28931,21,144655
28932,21,144660
28933,21,144665
28934,21,144670
28935,21,144675
28936,21,144680
28937,21,144685
28938,21,144690
28939,21,144695
28940,21,144700
28941,21,144705
28942,21,144710
28943,21,144715
28944,21,144720
28945,21,144725
28946,21,144730
28947,21,144735
28948,21,144740
28949,21,144745
28950,21,144750
28951,21,144755
28952,21,144760
28953,21,144765
28954,21,144770
28955,21,144775
28956,21,144780
28957,21,144785
28958,21,144790
28959,21,144795
28960,21,144800
28961,21,144805
28962,21,144810
28963,21,144815
28964,21,144820
28965,21,144825
28966,21,144830
28967,21,144835
28968,21,144840
28969,21,144845
28970,21,144850
28971,21,144855
28972,21,144860
28973,21,144865
28974,21,144870
28975,21,144875
28976,21,144880
28977,21,144885
28978,21,144890
28979,21,144895
28980,21,144900
28981,21,144905
28982,21,144910
28983,21,144915
28984,21,144920
28985,21,144925
28986,21,144930
28987,21,144935
28988,21,144940
28989,21,144945
28990,21,144950
28991,21,144955
28992,21,144960
28993,21,144965
28994,21,144970
28995,21,144975
28996,21,144980
28997,21,144985
28998,21,144990
28999,21,144995
29000,21,145000
29001,21,145005
29002,21,145010
29003,21,145015
29004,21,145020
29005,21,145025
29006,21,145030
29007,21,145035
29008,21,145040
29009,21,145045
29010,21,145050
29011,21,145055
29012,21,145060
29013,21,145065
29014,21,145070
29015,21,145075
29016,21,145080
29017,21,145085
29018,21,145090
29019,21,145095
29020,21,145100
29021,21,145105
29022,21,145110
29023,21,145115
29024,21,145120
29025,21,145125
29026,21,145130
29027,21,145135
29028,21,145140
29029,21,145145
29030,21,145150
29031,21,145155
29032,21,145160
29033,21,145165
29034,21,145170
29035,21,145175
29036,21,145180
29037,21,145185
29038,21,145190
29039,21,145195
29040,21,145200
29041,21,145205
29042,21,145210
29043,21,145215
29044,21,145220
29045,21,145225
29046,21,145230
29047,21,145235
29048,21,145240
29049,21,145245
29050,21,145250
29051,21,145255
29052,21,145260
29053,21,145265
29054,21,145270
29055,21,145275
29056,21,145280
29057,21,145285
29058,21,145290
29059,21,145295
29060,21,145300
29061,21,145305
29062,21,145310
29063,21,145315
29064,21,145320
29065,21,145325
29066,21,145330
29067,21,145335
29068,21,145340
29069,21,145345
29070,21,145350
29071,21,145355
29072,21,145360
29073,21,145365
29074,21,145370
29075,21,145375
29076,21,145380
29077,21,145385
29078,21,145390
29079,21,145395
29080,21,145400
29081,21,145405
29082,21,145410
29083,21,145415
29084,21,145420
29085,21,145425
29086,21,145430
29087,21,145435
29088,21,145440
29089,21,145445
29090,21,145450
29091,21,145455
29092,21,145460
29093,21,145465
29094,21,145470
29095,21,145475
29096,21,145480
29097,21,145485
29098,21,145490
29099,21,145495
29100,21,145500
29101,21,145505
29102,21,145510
29103,21,145515
29104,21,145520
29105,21,145525
29106,21,145530
29107,21,145535
29108,21,145540
29109,21,145545
29110,21,145550
29111,21,145555
29112,21,145560
29113,21,145565
29114,21,145570
29115,21,145575
29116,21,145580
29117,21,145585
29118,21,145590
29119,21,145595
29120,21,145600
29121,21,145605
29122,21,145610
29123,21,145615
29124,21,145620
29125,21,145625
29126,21,145630
29127,21,145635
29128,21,145640
29129,21,145645
29130,21,145650
29131,21,145655
29132,21,145660
29133,21,145665
29134,21,145670
29135,21,145675
29136,21,145680
29137,21,145685
29138,21,145690
29139,21,145695
29140,21,145700
29141,21,145705
29142,21,145710
29143,21,145715
29144,21,145720
29145,21,145725
29146,21,145730
29147,21,145735
29148,21,145740
29149,21,145745
29150,21,145750
29151,21,145755
29152,21,145760
29153,21,145765
29154,21,145770
29155,21,145775
29156,21,145780
29157,21,145785
29158,21,145790
29159,21,145795
29160,21,145800
29161,21,145805
29162,21,145810
29163,21,145815
29164,21,145820
29165,21,145825
29166,21,145830
29167,21,145835
29168,21,145840
29169,21,145845
29170,21,145850
29171,21,145855
29172,21,145860
29173,21,145865
29174,21,145870
29175,21,145875
29176,21,145880
29177,21,145885
29178,21,145890
29179,21,145895
29180,21,145900
29181,21,145905
29182,21,145910
29183,21,145915
29184,21,145920
29185,21,145925
29186,21,145930
29187,21,145935
29188,21,145940
29189,21,145945
29190,21,145950
29191,21,145955
29192,21,145960
29193,21,145965
29194,21,145970
29195,21,145975
29196,21,145980
29197,21,145985
29198,21,145990
29199,21,145995
29200,21,146000
29201,21,146005
29202,21,146010
29203,21,146015
29204,21,146020
29205,21,146025
29206,21,146030
29207,21,146035
29208,21,146040
29209,21,146045
29210,21,146050
29211,21,146055
29212,21,146060
29213,21,146065
29214,21,146070
29215,21,146075
29216,21,146080
29217,21,146085
29218,21,146090
29219,21,146095
29220,21,146100
29221,21,146105
29222,21,146110
29223,21,146115
29224,21,146120
29225,21,146125
29226,21,146130
29227,21,146135
29228,21,146140
29229,21,146145
29230,21,146150
29231,21,146155
29232,21,146160
29233,21,146165
29234,21,146170
29235,21,146175
29236,21,146180
29237,21,146185
29238,21,146190
29239,21,146195
29240,21,146200
29241,21,146205
29242,21,146210
29243,21,146215
29244,21,146220
29245,21,146225
29246,21,146230
29247,21,146235
29248,21,146240
29249,21,146245
29250,21,146250
29251,21,146255
29252,21,146260
29253,21,146265
29254,21,146270
29255,21,146275
29256,21,146280
29257,21,146285
29258,21,146290
29259,21,146295
29260,21,146300
29261,21,146305
29262,21,146310
29263,21,146315
29264,21,146320
29265,21,146325
29266,21,146330
29267,21,146335
29268,21,146340
29269,21,146345
29270,21,146350
29271,21,146355
29272,21,146360
29273,21,146365
29274,21,146370
29275,21,146375
29276,21,146380
29277,21,146385
29278,21,146390
29279,21,146395
29280,21,146400
29281,21,146405
29282,21,146410
29283,21,146415
29284,21,146420
29285,21,146425
29286,21,146430
29287,21,146435
29288,21,146440
29289,21,146445
29290,21,146450
29291,21,146455
29292,21,146460
29293,21,146465
29294,21,146470
29295,21,146475
29296,21,146480
29297,21,146485
29298,21,146490
29299,21,146495
29300,21,146500
29301,21,146505
29302,21,146510
29303,21,146515
29304,21,146520
29305,21,146525
29306,21,146530
29307,21,146535
29308,21,146540
29309,21,146545
29310,21,146550
29311,21,146555
29312,21,146560
29313,21,146565
29314,21,146570
29315,21,146575
29316,21,146580
29317,21,146585
29318,21,146590
29319,21,146595
29320,21,146600
29321,21,146605
29322,21,146610
29323,21,146615
29324,21,146620
29325,21,146625
29326,21,146630
29327,21,146635
29328,21,146640
29329,21,146645
29330,21,146650
29331,21,146655
29332,21,146660
29333,21,146665
29334,21,146670
29335,21,146675
29336,21,146680
29337,21,146685
29338,21,146690
29339,21,146695
29340,21,146700
29341,21,146705
29342,21,146710
29343,21,146715
29344,21,146720
29345,21,146725
29346,21,146730
29347,21,146735
29348,21,146740
29349,21,146745
29350,21,146750
29351,21,146755
29352,21,146760
29353,21,146765
29354,21,146770
29355,21,146775
29356,21,146780
29357,21,146785
29358,21,146790
29359,22,146795
29360,22,146800
29361,22,146805
29362,22,146810
29363,22,146815
29364,22,146820
29365,22,146825
29366,22,146830
29367,22,146835
29368,22,146840
29369,22,146845
29370,22,146850
29371,22,146855
29372,22,146860
29373,22,146865
29374,22,146870
29375,22,146875
29376,22,146880
29377,22,146885
29378,22,146890
29379,22,146895
29380,22,146900
29381,22,146905
29382,22,146910
29383,22,146915
29384,22,146920
29385,22,146925
29386,22,146930
29387,22,146935
29388,22,146940
29389,22,146945
29390,22,146950
29391,22,146955
29392,22,146960
29393,22,146965
29394,22,146970
29395,22,146975
29396,22,146980
29397,22,146985
29398,22,146990
29399,22,146995
29400,22,147000
29401,22,147005
29402,22,147010
29403,22,147015
29404,22,147020
29405,22,147025
29406,22,147030
29407,22,147035
29408,22,147040
29409,22,147045
29410,22,147050
29411,22,147055
29412,22,147060
29413,22,147065
29414,22,147070
29415,22,147075
29416,22,147080
29417,22,147085
29418,22,147090
29419,22,147095
29420,22,147100
29421,22,147105
29422,22,147110
29423,22,147115
29424,22,147120
29425,22,147125
29426,22,147130
29427,22,147135
29428,22,147140
29429,22,147145
29430,22,147150
29431,22,147155
29432,22,147160
29433,22,147165
29434,22,147170
29435,22,147175
29436,22,147180
29437,22,147185
29438,22,147190
29439,22,147195
29440,22,147200
29441,22,147205
29442,22,147210
29443,22,147215
29444,22,147220
29445,22,147225
29446,22,147230
29447,22,147235
29448,22,147240
29449,22,147245
29450,22,147250
29451,22,147255
29452,22,147260
29453,22,147265
29454,22,147270
29455,22,147275
29456,22,147280
29457,22,147285
29458,22,147290
29459,22,147295
29460,22,147300
29461,22,147305
29462,22,147310
29463,22,147315
29464,22,147320
29465,22,147325
29466,22,147330
29467,22,147335
29468,22,147340
29469,22,147345
29470,22,147350
29471,22,147355
29472,22,147360
29473,22,147365
29474,22,147370
29475,22,147375
29476,22,147380
29477,22,147385
29478,22,147390
29479,22,147395
29480,22,147400
29481,22,147405
29482,22,147410
29483,22,147415
29484,22,147420
29485,22,147425
29486,22,147430
29487,22,147435
29488,22,147440
29489,22,147445
29490,22,147450
29491,22,147455
29492,22,147460
29493,22,147465
29494,22,147470
29495,22,147475
29496,22,147480
29497,22,147485
29498,22,147490
29499,22,147495
29500,22,147500
29501,22,147505
29502,22,147510
29503,22,147515
29504,22,147520
29505,22,147525
29506,22,147530
29507,22,147535
29508,22,147540
29509,22,147545
29510,22,147550
29511,22,147555
29512,22,147560
29513,22,147565
29514,22,147570
29515,22,147575
29516,22,147580
29517,22,147585
29518,22,147590
29519,22,147595
29520,22,147600
29521,22,147605
29522,22,147610
29523,22,147615
29524,22,147620
29525,22,147625
29526,22,147630
29527,22,147635
29528,22,147640
29529,22,147645
29530,22,147650
29531,22,147655
29532,22,147660
29533,22,147665
29534,22,147670
29535,22,147675
29536,22,147680
29537,22,147685
29538,22,147690
29539,22,147695
29540,22,147700
29541,22,147705
29542,22,147710
29543,22,147715
29544,22,147720
29545,22,147725
29546,22,147730
29547,22,147735
29548,22,147740
29549,22,147745
29550,22,147750
29551,22,147755
29552,22,147760
29553,22,147765
29554,22,147770
29555,22,147775
29556,22,147780
29557,22,147785
29558,22,147790
29559,22,147795
29560,22,147800
29561,22,147805
29562,22,147810
29563,22,147815
29564,22,147820
29565,22,147825
29566,22,147830
29567,22,147835
29568,22,147840
29569,22,147845
29570,22,147850
29571,22,147855
29572,22,147860
29573,22,147865
29574,22,147870
29575,22,147875
29576,22,147880
29577,22,147885
29578,22,147890
29579,22,147895
29580,22,147900
29581,22,147905
29582,22,147910
29583,22,147915
29584,22,147920
29585,22,147925
29586,22,147930
29587,22,147935
29588,22,147940
29589,22,147945
29590,22,147950
29591,22,147955
29592,22,147960
29593,22,147965
29594,22,147970
29595,22,147975
29596,22,147980
29597,22,147985
29598,22,147990
29599,22,147995
29600,22,148000
29601,22,148005
29602,22,148010
29603,22,148015
29604,22,148020
29605,22,148025
29606,22,148030
29607,22,148035
29608,22,148040
29609,22,148045
29610,22,148050
29611,22,148055
29612,22,148060
29613,22,148065
29614,22,148070
29615,22,148075
29616,22,148080
29617,22,148085
29618,22,148090
29619,22,148095
29620,22,148100
29621,22,148105
29622,22,148110
29623,22,148115
29624,22,148120
29625,22,148125
29626,22,148130
29627,22,148135
29628,22,148140
29629,22,148145
29630,22,148150
29631,22,148155
29632,22,148160
29633,22,148165
29634,22,148170
29635,22,148175
29636,22,148180
29637,22,148185
29638,22,148190
29639,22,148195
29640,22,148200
29641,22,148205
29642,22,148210
29643,22,148215
29644,22,148220
29645,22,148225
29646,22,148230
29647,22,148235
29648,22,148240
29649,22,148245
29650,22,148250
29651,22,148255
29652,22,148260
29653,22,148265
29654,22,148270
29655,22,148275
29656,22,148280
29657,22,148285
29658,22,148290
29659,22,148295
29660,22,148300
29661,22,148305
29662,22,148310
29663,22,148315
29664,22,148320
29665,22,148325
29666,22,148330
29667,22,148335
29668,22,148340
29669,22,148345
29670,22,148350
29671,22,148355
29672,22,148360
29673,22,148365
29674,22,148370
29675,22,148375
29676,22,148380
29677,22,148385
29678,22,148390
29679,22,148395
29680,22,148400
29681,22,148405
29682,22,148410
29683,22,148415
29684,22,148420
29685,22,148425
29686,22,148430
29687,22,148435
29688,22,148440
29689,22,148445
29690,22,148450
29691,22,148455
29692,22,148460
29693,22,148465
29694,22,148470
29695,22,148475
29696,22,148480
29697,22,148485
29698,22,148490
29699,22,148495
29700,22,148500
29701,22,148505
29702,22,148510
29703,22,148515
29704,22,148520
29705,22,148525
29706,22,148530
29707,22,148535
29708,22,148540
29709,22,148545
29710,22,148550
29711,22,148555
29712,22,148560
29713,22,148565
29714,22,148570
29715,22,148575
29716,22,148580
29717,22,148585
29718,22,148590
29719,22,148595
29720,22,148600
29721,22,148605
29722,22,148610
29723,22,148615
29724,22,148620
29725,22,148625
29726,22,148630
29727,22,148635
29728,22,148640
29729,22,148645
29730,22,148650
29731,22,148655
29732,22,148660
29733,22,148665
29734,22,148670
29735,22,148675
29736,22,148680
29737,22,148685
29738,22,148690
29739,22,148695
29740,22,148700
29741,22,148705
29742,22,148710
29743,22,148715
29744,22,148720
29745,22,148725
29746,22,148730
29747,22,148735
29748,22,148740
29749,22,148745
29750,22,148750
29751,22,148755
29752,22,148760
29753,22,148765
29754,22,148770
29755,22,148775
29756,22,148780
29757,22,148785
29758,22,148790
29759,22,148795
29760,22,148800
29761,22,148805
29762,22,148810
29763,22,148815
29764,22,148820
29765,22,148825
29766,22,148830
29767,22,148835
29768,22,148840
29769,22,148845
29770,22,148850
29771,22,148855
29772,22,148860
29773,22,148865
29774,22,148870
29775,22,148875
29776,22,148880
29777,22,148885
29778,22,148890
29779,22,148895
29780,22,148900
29781,22,148905
29782,22,148910
29783,22,148915
29784,22,148920
29785,22,148925
29786,22,148930
29787,22,148935
29788,22,148940
29789,22,148945
29790,22,148950
29791,22,148955
29792,22,148960
29793,22,148965
29794,22,148970
29795,22,148975
29796,22,148980
29797,22,148985
29798,22,148990
29799,22,148995
29800,22,149000
29801,22,149005
29802,22,149010
29803,22,149015
29804,22,149020
29805,22,149025
29806,22,149030
29807,22,149035
29808,22,149040
29809,22,149045
29810,22,149050
29811,22,149055
29812,22,149060
29813,22,149065
29814,22,149070
29815,22,149075
29816,22,149080
29817,22,149085
29818,22,149090
29819,22,149095
29820,22,149100
29821,22,149105
29822,22,149110
29823,22,149115
29824,22,149120
29825,22,149125
29826,22,149130
29827,22,149135
29828,22,149140
29829,22,149145
29830,22,149150
29831,22,149155
29832,22,149160
29833,22,149165
29834,22,149170
29835,22,149175
29836,22,149180
29837,22,149185
29838,22,149190
29839,22,149195
29840,22,149200
29841,23,149205
29842,23,149210
29843,23,149215
29844,23,149220
29845,23,149225
29846,23,149230
29847,23,149235
29848,23,149240
29849,23,149245
29850,23,149250
29851,23,149255
29852,23,149260
29853,23,149265
29854,23,149270
29855,23,149275
29856,23,149280
29857,23,149285
29858,23,149290
29859,23,149295
29860,23,149300
29861,23,149305
29862,23,149310
29863,23,149315
29864,23,149320
29865,23,149325
29866,23,149330
29867,23,149335
29868,23,149340
29869,23,149345
29870,23,149350
29871,23,149355
29872,23,149360
29873,23,149365
29874,23,149370
29875,23,149375
29876,23,149380
29877,23,149385
29878,23,149390
29879,23,149395
29880,23,149400
29881,23,149405
29882,23,149410
29883,23,149415
29884,23,149420
29885,23,149425
29886,23,149430
29887,23,149435
29888,23,149440
29889,23,149445
29890,23,149450
29891,23,149455
29892,23,149460
29893,23,149465
29894,23,149470
29895,23,149475
29896,23,149480
29897,23,149485
29898,23,149490
29899,23,149495
29900,23,149500
29901,23,149505
29902,23,149510
29903,23,149515
29904,23,149520
29905,23,149525
29906,23,149530
29907,23,149535
29908,23,149540
29909,23,149545
29910,23,149550
29911,23,149555
29912,23,149560
29913,23,149565
29914,23,149570
29915,23,149575
29916,23,149580
29917,23,149585
29918,23,149590
29919,23,149595
29920,23,149600
29921,23,149605
29922,23,149610
29923,23,149615
29924,23,149620
29925,23,149625
29926,23,149630
29927,23,149635
29928,23,149640
29929,23,149645
29930,23,149650
29931,23,149655
29932,23,149660
29933,23,149665
29934,23,149670
29935,23,149675
29936,23,149680
29937,23,149685
29938,23,149690
29939,23,149695
29940,23,149700
29941,23,149705
29942,23,149710
29943,23,149715
29944,23,149720
29945,23,149725
29946,23,149730
29947,23,149735
29948,23,149740
29949,23,149745
29950,23,149750
29951,23,149755
29952,23,149760
29953,23,149765
29954,23,149770
29955,23,149775
29956,23,149780
29957,23,149785
29958,23,149790
29959,23,149795
29960,23,149800
29961,23,149805
29962,23,149810
29963,23,149815
29964,23,149820
29965,23,149825
29966,23,149830
29967,23,149835
29968,23,149840
29969,23,149845
29970,23,149850
29971,23,149855
29972,23,149860
29973,23,149865
29974,23,149870
29975,23,149875
29976,23,149880
29977,23,149885
29978,23,149890
29979,23,149895
29980,23,149900
29981,23,149905
29982,23,149910
29983,23,149915
29984,23,149920
29985,23,149925
29986,23,149930
29987,23,149935
29988,23,149940
29989,23,149945
29990,23,149950
29991,23,149955
29992,23,149960
29993,23,149965
29994,23,149970
29995,23,149975
29996,23,149980
29997,23,149985
29998,23,149990
29999,23,149995
30000,23,150000
30001,23,150005
30002,23,150010
30003,23,150015
30004,23,150020
30005,23,150025
30006,23,150030
30007,23,150035
30008,23,150040
30009,23,150045
30010,23,150050
30011,23,150055
30012,23,150060
30013,23,150065
30014,23,150070
30015,23,150075
30016,23,150080
30017,23,150085
30018,23,150090
30019,23,150095
30020,23,150100
30021,23,150105
30022,23,150110
30023,23,150115
30024,23,150120
30025,23,150125
30026,23,150130
30027,23,150135
30028,23,150140
30029,23,150145
30030,23,150150
30031,23,150155
30032,23,150160
30033,23,150165
30034,23,150170
30035,23,150175
30036,23,150180
30037,23,150185
30038,23,150190
30039,23,150195
30040,23,150200
30041,23,150205
30042,23,150210
30043,23,150215
30044,23,150220
30045,23,150225
30046,23,150230
30047,23,150235
30048,23,150240
30049,23,150245
30050,23,150250
30051,23,150255
30052,23,150260
30053,23,150265
30054,23,150270
30055,23,150275
30056,23,150280
30057,23,150285
30058,23,150290
30059,23,150295
30060,23,150300
30061,23,150305
30062,23,150310
30063,23,150315
30064,23,150320
30065,23,150325
30066,23,150330
30067,23,150335
30068,23,150340
30069,23,150345
30070,23,150350
30071,23,150355
30072,23,150360
30073,23,150365
30074,23,150370
30075,23,150375
30076,23,150380
30077,23,150385
30078,23,150390
30079,23,150395
30080,23,150400
30081,23,150405
30082,23,150410
30083,23,150415
30084,23,150420
30085,23,150425
30086,23,150430
30087,23,150435
30088,23,150440
30089,23,150445
30090,23,150450
30091,23,150455
30092,23,150460
30093,23,150465
30094,23,150470
30095,23,150475
30096,23,150480
30097,23,150485
30098,23,150490
30099,23,150495
30100,23,150500
30101,23,150505
30102,23,150510
30103,23,150515
30104,23,150520
30105,23,150525
30106,23,150530
30107,23,150535
30108,23,150540
30109,23,150545
30110,23,150550
30111,23,150555
30112,23,150560
30113,23,150565
30114,23,150570
30115,23,150575
30116,23,150580
30117,23,150585
30118,23,150590
30119,23,150595
30120,23,150600
30121,23,150605
30122,23,150610
30123,23,150615
30124,23,150620
30125,23,150625
30126,23,150630
30127,23,150635
30128,23,150640
30129,23,150645
30130,23,150650
30131,23,150655
30132,23,150660
30133,23,150665
30134,23,150670
30135,23,150675
30136,23,150680
30137,23,150685
30138,23,150690
30139,23,150695
30140,23,150700
30141,23,150705
30142,23,150710
30143,23,150715
30144,23,150720
30145,23,150725
30146,23,150730
30147,23,150735
30148,23,150740
30149,23,150745
30150,23,150750
30151,23,150755
30152,23,150760
30153,23,150765
30154,23,150770
30155,23,150775
30156,23,150780
30157,23,150785
30158,23,150790
30159,23,150795
30160,23,150800
30161,23,150805
30162,23,150810
30163,23,150815
30164,23,150820
30165,23,150825
30166,23,150830
30167,23,150835
30168,23,150840
30169,23,150845
30170,23,150850
30171,23,150855
30172,23,150860
30173,23,150865
30174,23,150870
30175,23,150875
30176,23,150880
30177,23,150885
30178,23,150890
30179,23,150895
30180,23,150900
30181,23,150905
30182,23,150910
30183,23,150915
30184,23,150920
30185,23,150925
30186,23,150930
30187,23,150935
30188,23,150940
30189,23,150945
30190,23,150950
30191,23,150955
30192,23,150960
30193,23,150965
30194,23,150970
30195,23,150975
30196,23,150980
30197,23,150985
30198,23,150990
30199,23,150995
30200,23,151000
30201,23,151005
30202,23,151010
30203,23,151015
30204,23,151020
30205,23,151025
30206,23,151030
30207,23,151035
30208,23,151040
30209,23,151045
30210,23,151050
30211,23,151055
30212,23,151060
30213,23,151065
30214,23,151070
30215,23,151075
30216,23,151080
30217,23,151085
30218,23,151090
30219,23,151095
30220,23,151100
30221,23,151105
30222,23,151110
30223,23,151115
30224,23,151120
30225,23,151125
30226,23,151130
30227,23,151135
30228,23,151140
30229,23,151145
30230,23,151150
30231,23,151155
30232,23,151160
30233,23,151165
30234,23,151170
30235,23,151175
30236,23,151180
30237,23,151185
30238,23,151190
30239,23,151195
30240,23,151200
30241,23,151205
30242,23,151210
30243,23,151215
30244,23,151220
30245,23,151225
30246,23,151230
30247,23,151235
30248,23,151240
30249,23,151245
30250,23,151250
30251,23,151255
30252,23,151260
30253,23,151265
30254,23,151270
30255,23,151275
30256,23,151280
30257,23,151285
30258,23,151290
30259,23,151295
30260,23,151300
30261,23,151305
30262,23,151310
30263,23,151315
30264,23,151320
30265,23,151325
30266,23,151330
30267,23,151335
30268,23,151340
30269,23,151345
30270,23,151350
30271,23,151355
30272,23,151360
30273,23,151365
30274,23,151370
30275,23,151375
30276,23,151380
30277,23,151385
30278,23,151390
30279,23,151395
30280,23,151400
30281,23,151405
30282,23,151410
30283,23,151415
30284,23,151420
30285,23,151425
30286,23,151430
30287,23,151435
30288,23,151440
30289,23,151445
30290,23,151450
30291,24,151455
30292,24,151460
30293,24,151465
30294,24,151470
30295,24,151475
30296,24,151480
30297,24,151485
30298,24,151490
30299,24,151495
30300,24,151500
30301,24,151505
30302,24,151510
30303,24,151515
30304,24,151520
30305,24,151525
30306,24,151530
30307,24,151535
30308,24,151540
30309,24,151545
30310,24,151550
30311,24,151555
30312,24,151560
30313,24,151565
30314,24,151570
30315,24,151575
30316,24,151580
30317,24,151585
30318,24,151590
30319,24,151595
30320,24,151600
30321,24,151605
30322,24,151610
30323,24,151615
30324,24,151620
30325,24,151625
30326,24,151630
30327,24,151635
30328,24,151640
30329,24,151645
30330,24,151650
30331,24,151655
30332,24,151660
30333,24,151665
30334,24,151670
30335,24,151675
30336,24,151680
30337,24,151685
30338,24,151690
30339,24,151695
30340,24,151700
30341,24,151705
30342,24,151710
30343,24,151715
30344,24,151720
30345,24,151725
30346,24,151730
30347,24,151735
30348,24,151740
30349,24,151745
30350,24,151750
30351,24,151755
30352,24,151760
30353,24,151765
30354,24,151770
30355,24,151775
30356,24,151780
30357,24,151785
30358,24,151790
30359,24,151795
30360,24,151800
30361,24,151805
30362,24,151810
30363,24,151815
30364,24,151820
30365,24,151825
30366,24,151830
30367,24,151835
30368,24,151840
30369,24,151845
30370,24,151850
30371,24,151855
30372,24,151860
30373,24,151865
30374,24,151870
30375,24,151875
30376,24,151880
30377,24,151885
30378,24,151890
30379,24,151895
30380,24,151900
30381,24,151905
30382,24,151910
30383,24,151915
30384,24,151920
30385,24,151925
30386,24,151930
30387,24,151935
30388,24,151940
30389,24,151945
30390,24,151950
30391,24,151955
30392,24,151960
30393,24,151965
30394,24,151970
30395,24,151975
30396,24,151980
30397,24,151985
30398,24,151990
30399,24,151995
30400,24,152000
30401,24,152005
30402,24,152010
30403,24,152015
30404,24,152020
30405,24,152025
30406,24,152030
30407,24,152035
30408,24,152040
30409,24,152045
30410,24,152050
30411,24,152055
30412,24,152060
30413,24,152065
30414,24,152070
30415,24,152075
30416,24,152080
30417,24,152085
30418,24,152090
30419,24,152095
30420,24,152100
30421,24,152105
30422,24,152110
30423,24,152115
30424,24,152120
30425,24,152125
30426,24,152130
30427,24,152135
30428,24,152140
30429,24,152145
30430,24,152150
30431,24,152155
30432,24,152160
30433,24,152165
30434,24,152170
30435,24,152175
30436,24,152180
30437,24,152185
30438,24,152190
30439,24,152195
30440,24,152200
30441,24,152205
30442,24,152210
30443,24,152215
30444,24,152220
30445,24,152225
30446,24,152230
30447,24,152235
30448,24,152240
30449,24,152245
30450,24,152250
30451,24,152255
30452,24,152260
30453,24,152265
30454,24,152270
30455,24,152275
30456,24,152280
30457,24,152285
30458,24,152290
30459,24,152295
30460,24,152300
30461,24,152305
30462,24,152310
30463,24,152315
30464,24,152320
30465,24,152325
30466,24,152330
30467,24,152335
30468,24,152340
30469,24,152345
30470,24,152350
30471,24,152355
30472,24,152360
30473,24,152365
30474,24,152370
30475,24,152375
30476,24,152380
30477,24,152385
30478,24,152390
30479,24,152395
30480,24,152400
30481,24,152405
30482,24,152410
30483,24,152415
30484,24,152420
30485,24,152425
30486,24,152430
30487,24,152435
30488,24,152440
30489,24,152445
30490,24,152450
30491,24,152455
30492,24,152460
30493,24,152465
30494,24,152470
30495,24,152475
30496,24,152480
30497,24,152485
30498,24,152490
30499,24,152495
30500,24,152500
30501,24,152505
30502,24,152510
30503,24,152515
30504,24,152520
30505,24,152525
30506,24,152530
30507,24,152535
30508,24,152540
30509,24,152545
30510,24,152550
30511,24,152555
30512,24,152560
30513,24,152565
30514,24,152570
30515,24,152575
30516,24,152580
30517,24,152585
30518,24,152590
30519,24,152595
30520,24,152600
30521,24,152605
30522,24,152610
30523,24,152615
30524,24,152620
30525,24,152625
30526,24,152630
30527,24,152635
30528,24,152640
30529,24,152645
30530,24,152650
30531,24,152655
30532,24,152660
30533,24,152665
30534,24,152670
30535,24,152675
30536,24,152680
30537,24,152685
30538,24,152690
30539,24,152695
30540,24,152700
30541,24,152705
30542,24,152710
30543,24,152715
30544,24,152720
30545,24,152725
30546,24,152730
30547,24,152735
30548,24,152740
30549,24,152745
30550,24,152750
30551,24,152755
30552,24,152760
30553,24,152765
30554,24,152770
30555,24,152775
30556,24,152780
30557,24,152785
30558,24,152790
30559,24,152795
30560,24,152800
30561,24,152805
30562,24,152810
30563,24,152815
30564,24,152820
30565,24,152825
30566,24,152830
30567,24,152835
30568,24,152840
30569,24,152845
30570,24,152850
30571,24,152855
30572,24,152860
30573,24,152865
30574,24,152870
30575,24,152875
30576,24,152880
30577,24,152885
30578,24,152890
30579,24,152895
30580,24,152900
30581,24,152905
30582,24,152910
30583,24,152915
30584,24,152920
30585,24,152925
30586,24,152930
30587,24,152935
30588,24,152940
30589,24,152945
30590,24,152950
30591,24,152955
30592,24,152960
30593,24,152965
30594,24,152970
30595,24,152975
30596,24,152980
30597,24,152985
30598,24,152990
30599,24,152995
30600,24,153000
30601,24,153005
30602,24,153010
30603,24,153015
30604,24,153020
30605,24,153025
30606,24,153030
30607,24,153035
30608,24,153040
30609,24,153045
30610,24,153050
30611,24,153055
30612,24,153060
30613,24,153065
30614,24,153070
30615,24,153075
30616,24,153080
30617,24,153085
30618,24,153090
30619,24,153095
30620,24,153100
30621,24,153105
30622,24,153110
30623,24,153115
30624,24,153120
30625,24,153125
30626,24,153130
30627,24,153135
30628,24,153140
30629,24,153145
30630,24,153150
30631,24,153155
30632,24,153160
30633,24,153165
30634,24,153170
30635,24,153175
30636,24,153180
30637,24,153185
30638,24,153190
30639,24,153195
30640,24,153200
30641,24,153205
30642,24,153210
30643,24,153215
30644,24,153220
30645,24,153225
30646,24,153230
30647,24,153235
30648,24,153240
30649,24,153245
30650,24,153250
30651,24,153255
30652,24,153260
30653,24,153265
30654,24,153270
30655,24,153275
30656,24,153280
30657,24,153285
30658,24,153290
30659,24,153295
30660,24,153300
30661,24,153305
30662,24,153310
30663,24,153315
30664,24,153320
30665,24,153325
30666,24,153330
30667,24,153335
30668,24,153340
30669,24,153345
30670,24,153350
30671,24,153355
30672,24,153360
30673,24,153365
30674,24,153370
30675,24,153375
30676,24,153380
30677,24,153385
30678,24,153390
30679,24,153395
30680,24,153400
30681,24,153405
30682,24,153410
30683,24,153415
30684,24,153420
30685,24,153425
30686,24,153430
30687,24,153435
30688,24,153440
30689,24,153445
30690,24,153450
30691,24,153455
30692,24,153460
30693,24,153465
30694,24,153470
30695,24,153475
30696,24,153480
30697,24,153485
30698,24,153490
30699,24,153495
30700,24,153500
30701,24,153505
30702,24,153510
30703,24,153515
30704,24,153520
30705,24,153525
30706,24,153530
30707,24,153535
30708,24,153540
30709,24,153545
30710,24,153550
30711,24,153555
30712,24,153560
30713,24,153565
30714,24,153570
30715,24,153575
30716,24,153580
30717,24,153585
30718,24,153590
30719,24,153595
30720,24,153600
30721,24,153605
30722,24,153610
30723,24,153615
30724,24,153620
30725,24,153625
30726,24,153630
30727,24,153635
30728,24,153640
30729,24,153645
30730,24,153650
30731,24,153655
30732,24,153660
30733,24,153665
30734,24,153670
30735,24,153675
30736,25,153680
30737,25,153685
30738,25,153690
30739,25,153695
30740,25,153700
30741,25,153705
30742,25,153710
30743,25,153715
30744,25,153720
30745,25,153725
30746,25,153730
30747,25,153735
30748,25,153740
30749,25,153745
30750,25,153750
30751,25,153755
30752,25,153760
30753,25,153765
30754,25,153770
30755,25,153775
30756,25,153780
30757,25,153785
30758,25,153790
30759,25,153795
30760,25,153800
30761,25,153805
30762,25,153810
30763,25,153815
30764,25,153820
30765,25,153825
30766,25,153830
30767,25,153835
30768,25,153840
30769,25,153845
30770,25,153850
30771,25,153855
30772,25,153860
30773,25,153865
30774,25,153870
30775,25,153875
30776,25,153880
30777,25,153885
30778,25,153890
30779,25,153895
30780,25,153900
30781,25,153905
30782,25,153910
30783,25,153915
30784,25,153920
30785,25,153925
30786,25,153930
30787,25,153935
30788,25,153940
30789,25,153945
30790,25,153950
30791,25,153955
30792,25,153960
30793,25,153965
30794,25,153970
30795,25,153975
30796,25,153980
30797,25,153985
30798,25,153990
30799,25,153995
30800,25,154000
30801,25,154005
30802,25,154010
30803,25,154015
30804,25,154020
30805,25,154025
30806,25,154030
30807,25,154035
30808,25,154040
30809,25,154045
30810,25,154050
30811,25,154055
30812,25,154060
30813,25,154065
30814,25,154070
30815,25,154075
30816,25,154080
30817,25,154085
30818,25,154090
30819,25,154095
30820,25,154100
30821,25,154105
30822,25,154110
30823,25,154115
30824,25,154120
30825,25,154125
30826,25,154130
30827,25,154135
30828,25,154140
30829,25,154145
30830,25,154150
30831,25,154155
30832,25,154160
30833,25,154165
30834,25,154170
30835,25,154175
30836,25,154180
30837,25,154185
30838,25,154190
30839,25,154195
30840,25,154200
30841,25,154205
30842,25,154210
30843,25,154215
30844,25,154220
30845,25,154225
30846,25,154230
30847,25,154235
30848,25,154240
30849,25,154245
30850,25,154250
30851,25,154255
30852,25,154260
30853,25,154265
30854,25,154270
30855,25,154275
30856,25,154280
30857,25,154285
30858,25,154290
30859,25,154295
30860,25,154300
30861,25,154305
30862,25,154310
30863,25,154315
30864,25,154320
30865,25,154325
30866,25,154330
30867,25,154335
30868,25,154340
30869,25,154345
30870,25,154350
30871,25,154355
30872,25,154360
30873,25,154365
30874,25,154370
30875,25,154375
30876,25,154380
30877,25,154385
30878,25,154390
30879,25,154395
30880,25,154400
30881,25,154405
30882,25,154410
30883,25,154415
30884,25,154420
30885,25,154425
30886,25,154430
30887,25,154435
30888,25,154440
30889,25,154445
30890,25,154450
30891,25,154455
30892,25,154460
30893,25,154465
30894,25,154470
30895,25,154475
30896,25,154480
30897,25,154485
30898,25,154490
30899,25,154495
30900,25,154500
30901,25,154505
30902,25,154510
30903,25,154515
30904,25,154520
30905,25,154525
30906,25,154530
30907,25,154535
30908,25,154540
30909,25,154545
30910,25,154550
30911,25,154555
30912,25,154560
30913,25,154565
30914,25,154570
30915,25,154575
30916,25,154580
30917,25,154585
30918,25,154590
30919,25,154595
30920,25,154600
30921,25,154605
30922,25,154610
30923,25,154615
30924,25,154620
30925,25,154625
30926,25,154630
30927,25,154635
30928,25,154640
30929,25,154645
30930,25,154650
30931,25,154655
30932,25,154660
30933,25,154665
30934,25,154670
30935,25,154675
30936,25,154680
30937,25,154685
30938,25,154690
30939,25,154695
30940,25,154700
30941,25,154705
30942,25,154710
30943,25,154715
30944,25,154720
30945,25,154725
30946,25,154730
30947,25,154735
30948,25,154740
30949,25,154745
30950,25,154750
30951,25,154755
30952,25,154760
30953,25,154765
30954,25,154770
30955,25,154775
30956,25,154780
30957,25,154785
30958,25,154790
30959,25,154795
30960,25,154800
30961,25,154805
30962,25,154810
30963,25,154815
30964,25,154820
30965,25,154825
30966,25,154830
30967,25,154835
30968,25,154840
30969,25,154845
30970,25,154850
30971,25,154855
30972,25,154860
30973,25,154865
30974,25,154870
30975,25,154875
30976,25,154880
30977,25,154885
30978,25,154890
30979,25,154895
30980,25,154900
30981,25,154905
30982,25,154910
30983,25,154915
30984,25,154920
30985,25,154925
30986,25,154930
30987,25,154935
30988,25,154940
30989,25,154945
30990,25,154950
30991,25,154955
30992,25,154960
30993,25,154965
30994,25,154970
30995,25,154975
30996,25,154980
30997,25,154985
30998,25,154990
30999,25,154995
31000,25,155000
31001,25,155005
31002,25,155010
31003,25,155015
31004,25,155020
31005,25,155025
31006,25,155030
31007,25,155035
31008,25,155040
31009,25,155045
31010,25,155050
31011,25,155055
31012,25,155060
31013,25,155065
31014,25,155070
31015,25,155075
31016,25,155080
31017,25,155085
31018,25,155090
31019,25,155095
31020,25,155100
31021,25,155105
31022,25,155110
31023,25,155115
31024,25,155120
31025,25,155125
31026,25,155130
31027,25,155135
31028,25,155140
31029,25,155145
31030,25,155150
31031,25,155155
31032,25,155160
31033,25,155165
31034,25,155170
31035,25,155175
31036,25,155180
31037,25,155185
31038,25,155190
31039,25,155195
31040,25,155200
31041,25,155205
31042,25,155210
31043,25,155215
31044,25,155220
31045,25,155225
31046,25,155230
31047,25,155235
31048,25,155240
31049,25,155245
31050,25,155250
31051,25,155255
31052,25,155260
31053,25,155265
31054,25,155270
31055,25,155275
31056,25,155280
31057,25,155285
31058,25,155290
31059,25,155295
31060,25,155300
31061,25,155305
31062,25,155310
31063,25,155315
31064,25,155320
31065,25,155325
31066,25,155330
31067,25,155335
31068,25,155340
31069,25,155345
31070,25,155350
31071,25,155355
31072,25,155360
31073,25,155365
31074,25,155370
31075,25,155375
31076,25,155380
31077,25,155385
31078,25,155390
31079,25,155395
31080,25,155400
31081,25,155405
31082,25,155410
31083,25,155415
31084,25,155420
31085,25,155425
31086,25,155430
31087,25,155435
31088,25,155440
31089,25,155445
31090,25,155450
31091,25,155455
31092,25,155460
31093,25,155465
31094,25,155470
31095,25,155475
31096,25,155480
31097,25,155485
31098,25,155490
31099,25,155495
31100,25,155500
31101,25,155505
31102,25,155510
31103,25,155515
31104,25,155520
31105,25,155525
31106,25,155530
31107,25,155535
31108,25,155540
31109,25,155545
31110,25,155550
31111,25,155555
31112,25,155560
31113,25,155565
31114,25,155570
31115,25,155575
31116,25,155580
31117,25,155585
31118,25,155590
31119,25,155595
31120,25,155600
31121,25,155605
31122,25,155610
31123,25,155615
31124,25,155620
31125,25,155625
31126,25,155630
31127,25,155635
31128,25,155640
31129,25,155645
31130,25,155650
31131,25,155655
31132,25,155660
31133,25,155665
31134,25,155670
31135,25,155675
31136,25,155680
31137,25,155685
31138,25,155690
31139,25,155695
31140,25,155700
31141,25,155705
31142,25,155710
31143,25,155715
31144,25,155720
31145,25,155725
31146,25,155730
31147,25,155735
31148,25,155740
31149,25,155745
31150,25,155750
31151,25,155755
31152,25,155760
31153,25,155765
31154,25,155770
31155,25,155775
31156,25,155780
31157,25,155785
31158,25,155790
31159,25,155795
31160,25,155800
31161,25,155805
31162,25,155810
31163,25,155815
31164,25,155820
31165,25,155825
31166,25,155830
31167,25,155835
31168,25,155840
31169,25,155845
31170,25,155850
31171,25,155855
31172,25,155860
31173,25,155865
31174,25,155870
31175,25,155875
31176,25,155880
31177,25,155885
31178,25,155890
31179,25,155895
31180,25,155900
31181,25,155905
31182,25,155910
31183,26,155915
31184,26,155920
31185,26,155925
31186,26,155930
31187,26,155935
31188,26,155940
31189,26,155945
31190,26,155950
31191,26,155955
31192,26,155960
31193,26,155965
31194,26,155970
31195,26,155975
31196,26,155980
31197,26,155985
31198,26,155990
31199,26,155995
31200,26,156000
31201,26,156005
31202,26,156010
31203,26,156015
31204,26,156020
31205,26,156025
31206,26,156030
31207,26,156035
31208,26,156040
31209,26,156045
31210,26,156050
31211,26,156055
31212,26,156060
31213,26,156065
31214,26,156070
31215,26,156075
31216,26,156080
31217,26,156085
31218,26,156090
31219,26,156095
31220,26,156100
31221,26,156105
31222,26,156110
31223,26,156115
31224,26,156120
31225,26,156125
31226,26,156130
31227,26,156135
31228,26,156140
31229,26,156145
31230,26,156150
31231,26,156155
31232,26,156160
31233,26,156165
31234,26,156170
31235,26,156175
31236,26,156180
31237,26,156185
31238,26,156190
31239,26,156195
31240,26,156200
31241,26,156205
31242,26,156210
31243,26,156215
31244,26,156220
31245,26,156225
31246,26,156230
31247,26,156235
31248,26,156240
31249,26,156245
31250,26,156250
31251,26,156255
31252,26,156260
31253,26,156265
31254,26,156270
31255,26,156275
31256,26,156280
31257,26,156285
31258,26,156290
31259,26,156295
31260,26,156300
31261,26,156305
31262,26,156310
31263,26,156315
31264,26,156320
31265,26,156325
31266,26,156330
31267,26,156335
31268,26,156340
31269,26,156345
31270,26,156350
31271,26,156355
31272,26,156360
31273,26,156365
31274,26,156370
31275,26,156375
31276,26,156380
31277,26,156385
31278,26,156390
31279,26,156395
31280,26,156400
31281,26,156405
31282,26,156410
31283,26,156415
31284,26,156420
31285,26,156425
31286,26,156430
31287,26,156435
31288,26,156440
31289,26,156445
31290,26,156450
31291,26,156455
31292,26,156460
31293,26,156465
31294,26,156470
31295,26,156475
31296,26,156480
31297,26,156485
31298,26,156490
31299,26,156495
31300,26,156500
31301,26,156505
31302,26,156510
31303,26,156515
31304,26,156520
31305,26,156525
31306,26,156530
31307,26,156535
31308,26,156540
31309,26,156545
31310,26,156550
31311,26,156555
31312,26,156560
31313,26,156565
31314,26,156570
31315,26,156575
31316,26,156580
31317,26,156585
31318,26,156590
31319,26,156595
31320,26,156600
31321,26,156605
31322,26,156610
31323,26,156615
31324,26,156620
31325,26,156625
31326,26,156630
31327,26,156635
31328,26,156640
31329,26,156645
31330,26,156650
31331,26,156655
31332,26,156660
31333,26,156665
31334,26,156670
31335,26,156675
31336,26,156680
31337,26,156685
31338,26,156690
31339,26,156695
31340,26,156700
31341,26,156705
31342,26,156710
31343,26,156715
31344,26,156720
31345,26,156725
31346,26,156730
31347,26,156735
31348,26,156740
31349,26,156745
31350,26,156750
31351,26,156755
31352,26,156760
31353,26,156765
31354,26,156770
31355,26,156775
31356,26,156780
31357,26,156785
31358,26,156790
31359,26,156795
31360,26,156800
31361,26,156805
31362,26,156810
31363,26,156815
31364,26,156820
31365,26,156825
31366,26,156830
31367,26,156835
31368,26,156840
31369,26,156845
31370,26,156850
31371,26,156855
31372,26,156860
31373,26,156865
31374,26,156870
31375,26,156875
31376,26,156880
31377,26,156885
31378,26,156890
31379,26,156895
31380,26,156900
31381,26,156905
31382,26,156910
31383,26,156915
31384,26,156920
31385,26,156925
31386,26,156930
31387,26,156935
31388,26,156940
31389,26,156945
31390,26,156950
31391,26,156955
31392,26,156960
31393,26,156965
31394,26,156970
31395,26,156975
31396,26,156980
31397,26,156985
31398,26,156990
31399,26,156995
31400,26,157000
31401,26,157005
31402,26,157010
31403,26,157015
31404,26,157020
31405,26,157025
31406,26,157030
31407,26,157035
31408,26,157040
31409,26,157045
31410,26,157050
31411,26,157055
31412,26,157060
31413,26,157065
31414,26,157070
31415,26,157075
31416,26,157080
31417,26,157085
31418,26,157090
31419,26,157095
31420,26,157100
31421,26,157105
31422,26,157110
31423,26,157115
31424,26,157120
31425,26,157125
31426,26,157130
31427,26,157135
31428,26,157140
31429,26,157145
31430,26,157150
31431,26,157155
31432,26,157160
31433,26,157165
31434,26,157170
31435,26,157175
31436,26,157180
31437,26,157185
31438,26,157190
31439,26,157195
31440,26,157200
31441,26,157205
31442,26,157210
31443,26,157215
31444,26,157220
31445,26,157225
31446,26,157230
31447,26,157235
31448,26,157240
31449,26,157245
31450,26,157250
31451,26,157255
31452,26,157260
31453,26,157265
31454,26,157270
31455,26,157275
31456,26,157280
31457,26,157285
31458,26,157290
31459,26,157295
31460,26,157300
31461,26,157305
31462,26,157310
31463,26,157315
31464,26,157320
31465,26,157325
31466,26,157330
31467,26,157335
31468,26,157340
31469,26,157345
31470,26,157350
31471,26,157355
31472,26,157360
31473,26,157365
31474,26,157370
31475,26,157375
31476,26,157380
31477,26,157385
31478,26,157390
31479,26,157395
31480,26,157400
31481,26,157405
31482,26,157410
31483,26,157415
31484,26,157420
31485,26,157425
31486,26,157430
31487,26,157435
31488,26,157440
31489,26,157445
31490,26,157450
31491,26,157455
31492,26,157460
31493,26,157465
31494,26,157470
31495,26,157475
31496,26,157480
31497,26,157485
31498,26,157490
31499,26,157495
31500,26,157500
31501,26,157505
31502,26,157510
31503,26,157515
31504,26,157520
31505,26,157525
31506,26,157530
31507,26,157535
31508,26,157540
31509,26,157545
31510,26,157550
31511,26,157555
31512,26,157560
31513,26,157565
31514,26,157570
31515,26,157575
31516,26,157580
31517,26,157585
31518,26,157590
31519,26,157595
31520,26,157600
31521,26,157605
31522,26,157610
31523,26,157615
31524,26,157620
31525,26,157625
31526,26,157630
31527,26,157635
31528,26,157640
31529,26,157645
31530,26,157650
31531,26,157655
31532,26,157660
31533,26,157665
31534,26,157670
31535,26,157675
31536,26,157680
31537,26,157685
31538,26,157690
31539,26,157695
31540,26,157700
31541,26,157705
31542,26,157710
31543,26,157715
31544,26,157720
31545,26,157725
31546,26,157730
31547,26,157735
31548,26,157740
31549,26,157745
31550,26,157750
31551,26,157755
31552,26,157760
31553,26,157765
31554,26,157770
31555,26,157775
31556,26,157780
31557,26,157785
31558,26,157790
31559,26,157795
31560,26,157800
31561,26,157805
31562,26,157810
31563,26,157815
31564,26,157820
31565,26,157825
31566,26,157830
31567,26,157835
31568,26,157840
31569,26,157845
31570,26,157850
31571,26,157855
31572,26,157860
31573,26,157865
31574,26,157870
31575,26,157875
31576,26,157880
31577,26,157885
31578,26,157890
31579,26,157895
31580,26,157900
31581,26,157905
31582,26,157910
31583,26,157915
31584,26,157920
31585,27,157925
31586,27,157930
31587,27,157935
31588,27,157940
31589,27,157945
31590,27,157950
31591,27,157955
31592,27,157960
31593,27,157965
31594,27,157970
31595,27,157975
31596,27,157980
31597,27,157985
31598,27,157990
31599,27,157995
31600,27,158000
31601,27,158005
31602,27,158010
31603,27,158015
31604,27,158020
31605,27,158025
31606,27,158030
31607,27,158035
31608,27,158040
31609,27,158045
31610,27,158050
31611,27,158055
31612,27,158060
31613,27,158065
31614,27,158070
31615,27,158075
31616,27,158080
31617,27,158085
31618,27,158090
31619,27,158095
31620,27,158100
31621,27,158105
31622,27,158110
31623,27,158115
31624,27,158120
31625,27,158125
31626,27,158130
31627,27,158135
31628,27,158140
31629,27,158145
31630,27,158150
31631,27,158155
31632,27,158160
31633,27,158165
31634,27,158170
31635,27,158175
31636,27,158180
31637,27,158185
31638,27,158190
31639,27,158195
31640,27,158200
31641,27,158205
31642,27,158210
31643,27,158215
31644,27,158220
31645,27,158225
31646,27,158230
31647,27,158235
31648,27,158240
31649,27,158245
31650,27,158250
31651,27,158255
31652,27,158260
31653,27,158265
31654,27,158270
31655,27,158275
31656,27,158280
31657,27,158285
31658,27,158290
31659,27,158295
31660,27,158300
31661,27,158305
31662,27,158310
31663,27,158315
31664,27,158320
31665,27,158325
31666,27,158330
31667,27,158335
31668,27,158340
31669,27,158345
31670,27,158350
31671,27,158355
31672,27,158360
31673,27,158365
31674,27,158370
31675,27,158375
31676,27,158380
31677,27,158385
31678,27,158390
31679,27,158395
31680,27,158400
31681,27,158405
31682,27,158410
31683,27,158415
31684,27,158420
31685,27,158425
31686,27,158430
31687,27,158435
31688,27,158440
31689,27,158445
31690,27,158450
31691,27,158455
31692,27,158460
31693,27,158465
31694,27,158470
31695,27,158475
31696,27,158480
31697,27,158485
31698,27,158490
31699,27,158495
31700,27,158500
31701,27,158505
31702,27,158510
31703,27,158515
31704,27,158520
31705,27,158525
31706,27,158530
31707,27,158535
31708,27,158540
31709,27,158545
31710,27,158550
31711,27,158555
31712,27,158560
31713,27,158565
31714,27,158570
31715,27,158575
31716,27,158580
31717,27,158585
31718,27,158590
31719,27,158595
31720,27,158600
31721,27,158605
31722,27,158610
31723,27,158615
31724,27,158620
31725,27,158625
31726,27,158630
31727,27,158635
31728,27,158640
31729,27,158645
31730,27,158650
31731,27,158655
31732,27,158660
31733,27,158665
31734,27,158670
31735,27,158675
31736,27,158680
31737,27,158685
31738,27,158690
31739,27,158695
31740,27,158700
31741,27,158705
31742,27,158710
31743,27,158715
31744,27,158720
31745,27,158725
31746,27,158730
31747,27,158735
31748,27,158740
31749,27,158745
31750,27,158750
31751,27,158755
31752,27,158760
31753,27,158765
31754,27,158770
31755,27,158775
31756,27,158780
31757,27,158785
31758,27,158790
31759,27,158795
31760,27,158800
31761,27,158805
31762,27,158810
31763,27,158815
31764,27,158820
31765,27,158825
31766,27,158830
31767,27,158835
31768,27,158840
31769,27,158845
31770,27,158850
31771,27,158855
31772,27,158860
31773,27,158865
31774,27,158870
31775,27,158875
31776,27,158880
31777,27,158885
31778,27,158890
31779,27,158895
31780,27,158900
31781,27,158905
31782,27,158910
31783,27,158915
31784,27,158920
31785,27,158925
31786,27,158930
31787,27,158935
31788,27,158940
31789,27,158945
31790,27,158950
31791,27,158955
31792,27,158960
31793,27,158965
31794,27,158970
31795,27,158975
31796,27,158980
31797,27,158985
31798,27,158990
31799,27,158995
31800,27,159000
31801,27,159005
31802,27,159010
31803,27,159015
31804,27,159020
31805,27,159025
31806,27,159030
31807,27,159035
31808,27,159040
31809,27,159045
31810,27,159050
31811,27,159055
31812,27,159060
31813,27,159065
31814,27,159070
31815,27,159075
31816,27,159080
31817,27,159085
31818,27,159090
31819,27,159095
31820,27,159100
31821,27,159105
31822,27,159110
31823,27,159115
31824,27,159120
31825,27,159125
31826,27,159130
31827,27,159135
31828,27,159140
31829,27,159145
31830,27,159150
31831,27,159155
31832,27,159160
31833,27,159165
31834,27,159170
31835,27,159175
31836,27,159180
31837,27,159185
31838,27,159190
31839,27,159195
31840,27,159200
31841,27,159205
31842,27,159210
31843,27,159215
31844,27,159220
31845,27,159225
31846,27,159230
31847,27,159235
31848,27,159240
31849,27,159245
31850,27,159250
31851,27,159255
31852,27,159260
31853,27,159265
31854,27,159270
31855,27,159275
31856,27,159280
31857,27,159285
31858,27,159290
31859,27,159295
31860,27,159300
31861,27,159305
31862,27,159310
31863,27,159315
31864,27,159320
31865,27,159325
31866,27,159330
31867,27,159335
31868,27,159340
31869,27,159345
31870,27,159350
31871,27,159355
31872,27,159360
31873,27,159365
31874,27,159370
31875,27,159375
31876,27,159380
31877,27,159385
31878,27,159390
31879,27,159395
31880,27,159400
31881,27,159405
31882,27,159410
31883,27,159415
31884,27,159420
31885,27,159425
31886,27,159430
31887,27,159435
31888,27,159440
31889,27,159445
31890,27,159450
31891,27,159455
31892,27,159460
31893,27,159465
31894,27,159470
31895,27,159475
31896,27,159480
31897,27,159485
31898,27,159490
31899,27,159495
31900,27,159500
31901,27,159505
31902,27,159510
31903,27,159515
31904,27,159520
31905,27,159525
31906,27,159530
31907,27,159535
31908,27,159540
31909,27,159545
31910,27,159550
31911,27,159555
31912,27,159560
31913,27,159565
31914,27,159570
31915,27,159575
31916,27,159580
31917,27,159585
31918,27,159590
31919,27,159595
31920,27,159600
31921,27,159605
31922,27,159610
31923,27,159615
31924,27,159620
31925,27,159625
31926,27,159630
31927,27,159635
31928,27,159640
31929,27,159645
31930,27,159650
31931,27,159655
31932,27,159660
31933,27,159665
31934,27,159670
31935,27,159675
31936,27,159680
31937,27,159685
31938,27,159690
31939,27,159695
31940,27,159700
31941,27,159705
31942,27,159710
31943,27,159715
31944,27,159720
31945,27,159725
31946,27,159730
31947,27,159735
31948,27,159740
31949,27,159745
31950,27,159750
31951,27,159755
31952,27,159760
31953,27,159765
31954,27,159770
31955,27,159775
31956,27,159780
31957,27,159785
31958,27,159790
31959,27,159795
31960,27,159800
31961,27,159805
31962,27,159810
31963,27,159815
31964,27,159820
31965,27,159825
31966,27,159830
31967,27,159835
31968,27,159840
31969,27,159845
31970,27,159850
31971,27,159855
31972,27,159860
31973,27,159865
31974,27,159870
31975,27,159875
31976,27,159880
31977,27,159885
31978,27,159890
31979,27,159895
31980,28,159900
31981,28,159905
31982,28,159910
31983,28,159915
31984,28,159920
31985,28,159925
31986,28,159930
31987,28,159935
31988,28,159940
31989,28,159945
31990,28,159950
31991,28,159955
31992,28,159960
31993,28,159965
31994,28,159970
31995,28,159975
31996,28,159980
31997,28,159985
31998,28,159990
31999,28,159995
32000,28,160000
32001,28,160005
32002,28,160010
32003,28,160015
32004,28,160020
32005,28,160025
32006,28,160030
32007,28,160035
32008,28,160040
32009,28,160045
32010,28,160050
32011,28,160055
32012,28,160060
32013,28,160065
32014,28,160070
32015,28,160075
32016,28,160080
32017,28,160085
32018,28,160090
32019,28,160095
32020,28,160100
32021,28,160105
32022,28,160110
32023,28,160115
32024,28,160120
32025,28,160125
32026,28,160130
32027,28,160135
32028,28,160140
32029,28,160145
32030,28,160150
32031,28,160155
32032,28,160160
32033,28,160165
32034,28,160170
32035,28,160175
32036,28,160180
32037,28,160185
32038,28,160190
32039,28,160195
32040,28,160200
32041,28,160205
32042,28,160210
32043,28,160215
32044,28,160220
32045,28,160225
32046,28,160230
32047,28,160235
32048,28,160240
32049,28,160245
32050,28,160250
32051,28,160255
32052,28,160260
32053,28,160265
32054,28,160270
32055,28,160275
32056,28,160280
32057,28,160285
32058,28,160290
32059,28,160295
32060,28,160300
32061,28,160305
32062,28,160310
32063,28,160315
32064,28,160320
32065,28,160325
32066,28,160330
32067,28,160335
32068,28,160340
32069,28,160345
32070,28,160350
32071,28,160355
32072,28,160360
32073,28,160365
32074,28,160370
32075,28,160375
32076,28,160380
32077,28,160385
32078,28,160390
32079,28,160395
32080,28,160400
32081,28,160405
32082,28,160410
32083,28,160415
32084,28,160420
32085,28,160425
32086,28,160430
32087,28,160435
32088,28,160440
32089,28,160445
32090,28,160450
32091,28,160455
32092,28,160460
32093,28,160465
32094,28,160470
32095,28,160475
32096,28,160480
32097,28,160485
32098,28,160490
32099,28,160495
32100,28,160500
32101,28,160505
32102,28,160510
32103,28,160515
32104,28,160520
32105,28,160525
32106,28,160530
32107,28,160535
32108,28,160540
32109,28,160545
32110,28,160550
32111,28,160555
32112,28,160560
32113,28,160565
32114,28,160570
32115,28,160575
32116,28,160580
32117,28,160585
32118,28,160590
32119,28,160595
32120,28,160600
32121,28,160605
32122,28,160610
32123,28,160615
32124,28,160620
32125,28,160625
32126,28,160630
32127,28,160635
32128,28,160640
32129,28,160645
32130,28,160650
32131,28,160655
32132,28,160660
32133,28,160665
32134,28,160670
32135,28,160675
32136,28,160680
32137,28,160685
32138,28,160690
32139,28,160695
32140,28,160700
32141,28,160705
32142,28,160710
32143,28,160715
32144,28,160720
32145,28,160725
32146,28,160730
32147,28,160735
32148,28,160740
32149,28,160745
32150,28,160750
32151,28,160755
32152,28,160760
32153,28,160765
32154,28,160770
32155,28,160775
32156,28,160780
32157,28,160785
32158,28,160790
32159,28,160795
32160,28,160800
32161,28,160805
32162,28,160810
32163,28,160815
32164,28,160820
32165,28,160825
32166,28,160830
32167,28,160835
32168,28,160840
32169,28,160845
32170,28,160850
32171,28,160855
32172,28,160860
32173,28,160865
32174,28,160870
32175,28,160875
32176,28,160880
32177,28,160885
32178,28,160890
32179,28,160895
32180,28,160900
32181,28,160905
32182,28,160910
32183,28,160915
32184,28,160920
32185,28,160925
32186,28,160930
32187,28,160935
32188,28,160940
32189,28,160945
32190,28,160950
32191,28,160955
32192,28,160960
32193,28,160965
32194,28,160970
32195,28,160975
32196,28,160980
32197,28,160985
32198,28,160990
32199,28,160995
32200,28,161000
32201,28,161005
32202,28,161010
32203,28,161015
32204,28,161020
32205,28,161025
32206,28,161030
32207,28,161035
32208,28,161040
32209,28,161045
32210,28,161050
32211,28,161055
32212,28,161060
32213,28,161065
32214,28,161070
32215,28,161075
32216,28,161080
32217,28,161085
32218,28,161090
32219,28,161095
32220,28,161100
32221,28,161105
32222,28,161110
32223,28,161115
32224,28,161120
32225,28,161125
32226,28,161130
32227,28,161135
32228,28,161140
32229,28,161145
32230,28,161150
32231,28,161155
32232,28,161160
32233,28,161165
32234,28,161170
32235,28,161175
32236,28,161180
32237,28,161185
32238,28,161190
32239,28,161195
32240,28,161200
32241,28,161205
32242,28,161210
32243,28,161215
32244,28,161220
32245,28,161225
32246,28,161230
32247,28,161235
32248,28,161240
32249,28,161245
32250,28,161250
32251,28,161255
32252,28,161260
32253,28,161265
32254,28,161270
32255,28,161275
32256,28,161280
32257,28,161285
32258,28,161290
32259,28,161295
32260,28,161300
32261,28,161305
32262,28,161310
32263,28,161315
32264,28,161320
32265,28,161325
32266,28,161330
32267,28,161335
32268,28,161340
32269,28,161345
32270,28,161350
32271,28,161355
32272,28,161360
32273,28,161365
32274,28,161370
32275,28,161375
32276,28,161380
32277,28,161385
32278,28,161390
32279,28,161395
32280,28,161400
32281,28,161405
32282,28,161410
32283,28,161415
32284,28,161420
32285,28,161425
32286,28,161430
32287,28,161435
32288,28,161440
32289,28,161445
32290,28,161450
32291,28,161455
32292,28,161460
32293,28,161465
32294,28,161470
32295,28,161475
32296,28,161480
32297,28,161485
32298,28,161490
32299,28,161495
32300,28,161500
32301,28,161505
32302,28,161510
32303,28,161515
32304,28,161520
32305,28,161525
32306,28,161530
32307,28,161535
32308,28,161540
32309,28,161545
32310,28,161550
32311,28,161555
32312,28,161560
32313,28,161565
32314,28,161570
32315,28,161575
32316,28,161580
32317,28,161585
32318,28,161590
32319,28,161595
32320,28,161600
32321,28,161605
32322,28,161610
32323,28,161615
32324,28,161620
32325,28,161625
32326,28,161630
32327,28,161635
32328,28,161640
32329,29,161645
32330,29,161650
32331,29,161655
32332,29,161660
32333,29,161665
32334,29,161670
32335,29,161675
32336,29,161680
32337,29,161685
32338,29,161690
32339,29,161695
32340,29,161700
32341,29,161705
32342,29,161710
32343,29,161715
32344,29,161720
32345,29,161725
32346,29,161730
32347,29,161735
32348,29,161740
32349,29,161745
32350,29,161750
32351,29,161755
32352,29,161760
32353,29,161765
32354,29,161770
32355,29,161775
32356,29,161780
32357,29,161785
32358,29,161790
32359,29,161795
32360,29,161800
32361,29,161805
32362,29,161810
32363,29,161815
32364,29,161820
32365,29,161825
32366,29,161830
32367,29,161835
32368,29,161840
32369,29,161845
32370,29,161850
32371,29,161855
32372,29,161860
32373,29,161865
32374,29,161870
32375,29,161875
32376,29,161880
32377,29,161885
32378,29,161890
32379,29,161895
32380,29,161900
32381,29,161905
32382,29,161910
32383,29,161915
32384,29,161920
32385,29,161925
32386,29,161930
32387,29,161935
32388,29,161940
32389,29,161945
32390,29,161950
32391,29,161955
32392,29,161960
32393,29,161965
32394,29,161970
32395,29,161975
32396,29,161980
32397,29,161985
32398,29,161990
32399,29,161995
32400,29,162000
32401,29,162005
32402,29,162010
32403,29,162015
32404,29,162020
32405,29,162025
32406,29,162030
32407,29,162035
32408,29,162040
32409,29,162045
32410,29,162050
32411,29,162055
32412,29,162060
32413,29,162065
32414,29,162070
32415,29,162075
32416,29,162080
32417,29,162085
32418,29,162090
32419,29,162095
32420,29,162100
32421,29,162105
32422,29,162110
32423,29,162115
32424,29,162120
32425,29,162125
32426,29,162130
32427,29,162135
32428,29,162140
32429,29,162145
32430,29,162150
32431,29,162155
32432,29,162160
32433,29,162165
32434,29,162170
32435,29,162175
32436,29,162180
32437,29,162185
32438,29,162190
32439,29,162195
32440,29,162200
32441,29,162205
32442,29,162210
32443,29,162215
32444,29,162220
32445,29,162225
32446,29,162230
32447,29,162235
32448,29,162240
32449,29,162245
32450,29,162250
32451,29,162255
32452,29,162260
32453,29,162265
32454,29,162270
32455,29,162275
32456,29,162280
32457,29,162285
32458,29,162290
32459,29,162295
32460,29,162300
32461,29,162305
32462,29,162310
32463,29,162315
32464,29,162320
32465,29,162325
32466,29,162330
32467,29,162335
32468,29,162340
32469,29,162345
32470,29,162350
32471,29,162355
32472,29,162360
32473,29,162365
32474,29,162370
32475,29,162375
32476,29,162380
32477,29,162385
32478,29,162390
32479,29,162395
32480,29,162400
32481,29,162405
32482,29,162410
32483,29,162415
32484,29,162420
32485,29,162425
32486,29,162430
32487,29,162435
32488,29,162440
32489,29,162445
32490,29,162450
32491,29,162455
32492,29,162460
32493,29,162465
32494,29,162470
32495,29,162475
32496,29,162480
32497,29,162485
32498,29,162490
32499,29,162495
32500,29,162500
32501,29,162505
32502,29,162510
32503,29,162515
32504,29,162520
32505,29,162525
32506,29,162530
32507,29,162535
32508,29,162540
32509,29,162545
32510,29,162550
32511,29,162555
32512,29,162560
32513,29,162565
32514,29,162570
32515,29,162575
32516,29,162580
32517,29,162585
32518,29,162590
32519,29,162595
32520,29,162600
32521,29,162605
32522,29,162610
32523,29,162615
32524,29,162620
32525,29,162625
32526,29,162630
32527,29,162635
32528,29,162640
32529,29,162645
32530,29,162650
32531,29,162655
32532,29,162660
32533,29,162665
32534,29,162670
32535,29,162675
32536,29,162680
32537,29,162685
32538,29,162690
32539,29,162695
32540,29,162700
32541,29,162705
32542,29,162710
32543,29,162715
32544,29,162720
32545,29,162725
32546,29,162730
32547,29,162735
32548,29,162740
32549,29,162745
32550,29,162750
32551,29,162755
32552,29,162760
32553,29,162765
32554,29,162770
32555,29,162775
32556,29,162780
32557,29,162785
32558,29,162790
32559,29,162795
32560,29,162800
32561,29,162805
32562,29,162810
32563,29,162815
32564,29,162820
32565,29,162825
32566,29,162830
32567,29,162835
32568,29,162840
32569,29,162845
32570,29,162850
32571,29,162855
32572,29,162860
32573,29,162865
32574,29,162870
32575,29,162875
32576,29,162880
32577,29,162885
32578,29,162890
32579,29,162895
32580,29,162900
32581,29,162905
32582,29,162910
32583,29,162915
32584,29,162920
32585,29,162925
32586,29,162930
32587,29,162935
32588,29,162940
32589,29,162945
32590,29,162950
32591,29,162955
32592,29,162960
32593,29,162965
32594,29,162970
32595,29,162975
32596,29,162980
32597,29,162985
32598,29,162990
32599,29,162995
32600,29,163000
32601,29,163005
32602,29,163010
32603,29,163015
32604,29,163020
32605,29,163025
32606,29,163030
32607,29,163035
32608,29,163040
32609,29,163045
32610,29,163050
32611,29,163055
32612,29,163060
32613,29,163065
32614,29,163070
32615,29,163075
32616,29,163080
32617,29,163085
32618,29,163090
32619,29,163095
32620,29,163100
32621,29,163105
32622,29,163110
32623,29,163115
32624,29,163120
32625,29,163125
32626,29,163130
32627,29,163135
32628,29,163140
32629,29,163145
32630,29,163150
32631,29,163155
32632,29,163160
32633,29,163165
32634,29,163170
32635,29,163175
32636,29,163180
32637,29,163185
32638,29,163190
32639,29,163195
32640,29,163200
32641,29,163205
32642,29,163210
32643,29,163215
32644,29,163220
32645,29,163225
32646,29,163230
32647,29,163235
32648,29,163240
32649,29,163245
32650,29,163250
32651,29,163255
32652,29,163260
32653,29,163265
32654,29,163270
32655,29,163275
32656,29,163280
32657,29,163285
32658,29,163290
32659,29,163295
32660,29,163300
32661,29,163305
32662,29,163310
32663,29,163315
32664,29,163320
32665,29,163325
32666,29,163330
32667,29,163335
32668,29,163340
32669,29,163345
32670,29,163350
32671,29,163355
32672,29,163360
32673,29,163365
32674,29,163370
32675,29,163375
32676,29,163380
32677,29,163385
32678,29,163390
32679,29,163395
32680,29,163400
32681,29,163405
32682,29,163410
32683,29,163415
32684,29,163420
32685,29,163425
32686,29,163430
32687,29,163435
32688,29,163440
32689,29,163445
32690,29,163450
32691,30,163455
32692,30,163460
32693,30,163465
32694,30,163470
32695,30,163475
32696,30,163480
32697,30,163485
32698,30,163490
32699,30,163495
32700,30,163500
32701,30,163505
32702,30,163510
32703,30,163515
32704,30,163520
32705,30,163525
32706,30,163530
32707,30,163535
32708,30,163540
32709,30,163545
32710,30,163550
32711,30,163555
32712,30,163560
32713,30,163565
32714,30,163570
32715,30,163575
32716,30,163580
32717,30,163585
32718,30,163590
32719,30,163595
32720,30,163600
32721,30,163605
32722,30,163610
32723,30,163615
32724,30,163620
32725,30,163625
32726,30,163630
32727,30,163635
32728,30,163640
32729,30,163645
32730,30,163650
32731,30,163655
32732,30,163660
32733,30,163665
32734,30,163670
32735,30,163675
32736,30,163680
32737,30,163685
32738,30,163690
32739,30,163695
32740,30,163700
32741,30,163705
32742,30,163710
32743,30,163715
32744,30,163720
32745,30,163725
32746,30,163730
32747,30,163735
32748,30,163740
32749,30,163745
32750,30,163750
32751,30,163755
32752,30,163760
32753,30,163765
32754,30,163770
32755,30,163775
32756,30,163780
32757,30,163785
32758,30,163790
32759,30,163795
32760,30,163800
32761,30,163805
32762,30,163810
32763,30,163815
32764,30,163820
32765,30,163825
32766,30,163830
32767,30,163835
32768,30,163840
32769,30,163845
32770,30,163850
32771,30,163855
32772,30,163860
32773,30,163865
32774,30,163870
32775,30,163875
32776,30,163880
32777,30,163885
32778,30,163890
32779,30,163895
32780,30,163900
32781,30,163905
32782,30,163910
32783,30,163915
32784,30,163920
32785,30,163925
32786,30,163930
32787,30,163935
32788,30,163940
32789,30,163945
32790,30,163950
32791,30,163955
32792,30,163960
32793,30,163965
32794,30,163970
32795,30,163975
32796,30,163980
32797,30,163985
32798,30,163990
32799,30,163995
32800,30,164000
32801,30,164005
32802,30,164010
32803,30,164015
32804,30,164020
32805,30,164025
32806,30,164030
32807,30,164035
32808,30,164040
32809,30,164045
32810,30,164050
32811,30,164055
32812,30,164060
32813,30,164065
32814,30,164070
32815,30,164075
32816,30,164080
32817,30,164085
32818,30,164090
32819,30,164095
32820,30,164100
32821,30,164105
32822,30,164110
32823,30,164115
32824,30,164120
32825,30,164125
32826,30,164130
32827,30,164135
32828,30,164140
32829,30,164145
32830,30,164150
32831,30,164155
32832,30,164160
32833,30,164165
32834,30,164170
32835,30,164175
32836,30,164180
32837,30,164185
32838,30,164190
32839,30,164195
32840,30,164200
32841,30,164205
32842,30,164210
32843,30,164215
32844,30,164220
32845,30,164225
32846,30,164230
32847,30,164235
32848,30,164240
32849,30,164245
32850,30,164250
32851,30,164255
32852,30,164260
32853,30,164265
32854,30,164270
32855,30,164275
32856,30,164280
32857,30,164285
32858,30,164290
32859,30,164295
32860,30,164300
32861,30,164305
32862,30,164310
32863,30,164315
32864,30,164320
32865,30,164325
32866,30,164330
32867,30,164335
32868,30,164340
32869,30,164345
32870,30,164350
32871,30,164355
32872,30,164360
32873,30,164365
32874,30,164370
32875,30,164375
32876,30,164380
32877,30,164385
32878,30,164390
32879,30,164395
32880,30,164400
32881,30,164405
32882,30,164410
32883,30,164415
32884,30,164420
32885,30,164425
32886,30,164430
32887,30,164435
32888,30,164440
32889,30,164445
32890,30,164450
32891,30,164455
32892,30,164460
32893,30,164465
32894,30,164470
32895,30,164475
32896,30,164480
32897,30,164485
32898,30,164490
32899,30,164495
32900,30,164500
32901,30,164505
32902,30,164510
32903,30,164515
32904,30,164520
32905,30,164525
32906,30,164530
32907,30,164535
32908,30,164540
32909,30,164545
32910,30,164550
32911,30,164555
32912,30,164560
32913,30,164565
32914,30,164570
32915,30,164575
32916,30,164580
32917,30,164585
32918,30,164590
32919,30,164595
32920,30,164600
32921,30,164605
32922,30,164610
32923,30,164615
32924,30,164620
32925,30,164625
32926,30,164630
32927,30,164635
32928,30,164640
32929,30,164645
32930,30,164650
32931,30,164655
32932,30,164660
32933,30,164665
32934,30,164670
32935,30,164675
32936,30,164680
32937,30,164685
32938,30,164690
32939,30,164695
32940,30,164700
32941,30,164705
32942,30,164710
32943,30,164715
32944,30,164720
32945,30,164725
32946,30,164730
32947,30,164735
32948,30,164740
32949,30,164745
32950,30,164750
32951,30,164755
32952,30,164760
32953,30,164765
32954,30,164770
32955,30,164775
32956,30,164780
32957,30,164785
32958,30,164790
32959,30,164795
32960,30,164800
32961,30,164805
32962,30,164810
32963,30,164815
32964,30,164820
32965,30,164825
32966,30,164830
32967,30,164835
32968,30,164840
32969,30,164845
32970,30,164850
32971,30,164855
32972,30,164860
32973,30,164865
32974,30,164870
32975,30,164875
32976,30,164880
32977,30,164885
32978,30,164890
32979,30,164895
32980,30,164900
32981,30,164905
32982,30,164910
32983,30,164915
32984,30,164920
32985,30,164925
32986,30,164930
32987,30,164935
32988,30,164940
32989,30,164945
32990,30,164950
32991,30,164955
32992,30,164960
32993,30,164965
32994,30,164970
32995,30,164975
32996,30,164980
32997,30,164985
32998,30,164990
32999,30,164995
33000,30,165000
33001,30,165005
33002,30,165010
33003,30,165015
33004,30,165020
33005,30,165025
33006,30,165030
33007,30,165035
33008,30,165040
33009,30,165045
33010,30,165050
33011,30,165055
33012,30,165060
33013,30,165065
33014,30,165070
33015,30,165075
33016,30,165080
33017,30,165085
33018,30,165090
33019,30,165095
33020,30,165100
33021,30,165105
33022,30,165110
33023,30,165115
33024,30,165120
33025,30,165125
33026,30,165130
33027,30,165135
33028,30,165140
33029,30,165145
33030,30,165150
33031,30,165155
33032,30,165160
33033,30,165165
33034,30,165170
33035,30,165175
33036,30,165180
33037,30,165185
33038,30,165190
33039,30,165195
33040,30,165200
33041,30,165205
33042,30,165210
33043,30,165215
33044,30,165220
33045,30,165225
33046,30,165230
33047,31,165235
33048,31,165240
33049,31,165245
33050,31,165250
33051,31,165255
33052,31,165260
33053,31,165265
33054,31,165270
33055,31,165275
33056,31,165280
33057,31,165285
33058,31,165290
33059,31,165295
33060,31,165300
33061,31,165305
33062,31,165310
33063,31,165315
33064,31,165320
33065,31,165325
33066,31,165330
33067,31,165335
33068,31,165340
33069,31,165345
33070,31,165350
33071,31,165355
33072,31,165360
33073,31,165365
33074,31,165370
33075,31,165375
33076,31,165380
33077,31,165385
33078,31,165390
33079,31,165395
33080,31,165400
33081,31,165405
33082,31,165410
33083,31,165415
33084,31,165420
33085,31,165425
33086,31,165430
33087,31,165435
33088,31,165440
33089,31,165445
33090,31,165450
33091,31,165455
33092,31,165460
33093,31,165465
33094,31,165470
33095,31,165475
33096,31,165480
33097,31,165485
33098,31,165490
33099,31,165495
33100,31,165500
33101,31,165505
33102,31,165510
33103,31,165515
33104,31,165520
33105,31,165525
33106,31,165530
33107,31,165535
33108,31,165540
33109,31,165545
33110,31,165550
33111,31,165555
33112,31,165560
33113,31,165565
33114,31,165570
33115,31,165575
33116,31,165580
33117,31,165585
33118,31,165590
33119,31,165595
33120,31,165600
33121,31,165605
33122,31,165610
33123,31,165615
33124,31,165620
33125,31,165625
33126,31,165630
33127,31,165635
33128,31,165640
33129,31,165645
33130,31,165650
33131,31,165655
33132,31,165660
33133,31,165665
33134,31,165670
33135,31,165675
33136,31,165680
33137,31,165685
33138,31,165690
33139,31,165695
33140,31,165700
33141,31,165705
33142,31,165710
33143,31,165715
33144,31,165720
33145,31,165725
33146,31,165730
33147,31,165735
33148,31,165740
33149,31,165745
33150,31,165750
33151,31,165755
33152,31,165760
33153,31,165765
33154,31,165770
33155,31,165775
33156,31,165780
33157,31,165785
33158,31,165790
33159,31,165795
33160,31,165800
33161,31,165805
33162,31,165810
33163,31,165815
33164,31,165820
33165,31,165825
33166,31,165830
33167,31,165835
33168,31,165840
33169,31,165845
33170,31,165850
33171,31,165855
33172,31,165860
33173,31,165865
33174,31,165870
33175,31,165875
33176,31,165880
33177,31,165885
33178,31,165890
33179,31,165895
33180,31,165900
33181,31,165905
33182,31,165910
33183,31,165915
33184,31,165920
33185,31,165925
33186,31,165930
33187,31,165935
33188,31,165940
33189,31,165945
33190,31,165950
33191,31,165955
33192,31,165960
33193,31,165965
33194,31,165970
33195,31,165975
33196,31,165980
33197,31,165985
33198,31,165990
33199,31,165995
33200,31,166000
33201,31,166005
33202,31,166010
33203,31,166015
33204,31,166020
33205,31,166025
33206,31,166030
33207,31,166035
33208,31,166040
33209,31,166045
33210,31,166050
33211,31,166055
33212,31,166060
33213,31,166065
33214,31,166070
33215,31,166075
33216,31,166080
33217,31,166085
33218,31,166090
33219,31,166095
33220,31,166100
33221,31,166105
33222,31,166110
33223,31,166115
33224,31,166120
33225,31,166125
33226,31,166130
33227,31,166135
33228,31,166140
33229,31,166145
33230,31,166150
33231,31,166155
33232,31,166160
33233,31,166165
33234,31,166170
33235,31,166175
33236,31,166180
33237,31,166185
33238,31,166190
33239,31,166195
33240,31,166200
33241,31,166205
33242,31,166210
33243,31,166215
33244,31,166220
33245,31,166225
33246,31,166230
33247,31,166235
33248,31,166240
33249,31,166245
33250,31,166250
33251,31,166255
33252,31,166260
33253,31,166265
33254,31,166270
33255,31,166275
33256,31,166280
33257,31,166285
33258,31,166290
33259,31,166295
33260,31,166300
33261,31,166305
33262,31,166310
33263,31,166315
33264,31,166320
33265,31,166325
33266,31,166330
33267,31,166335
33268,31,166340
33269,31,166345
33270,31,166350
33271,31,166355
33272,31,166360
33273,31,166365
33274,31,166370
33275,31,166375
33276,31,166380
33277,31,166385
33278,31,166390
33279,31,166395
33280,31,166400
33281,31,166405
33282,31,166410
33283,31,166415
33284,31,166420
33285,31,166425
33286,31,166430
33287,31,166435
33288,31,166440
33289,31,166445
33290,31,166450
33291,31,166455
33292,31,166460
33293,31,166465
33294,31,166470
33295,31,166475
33296,31,166480
33297,31,166485
33298,31,166490
33299,31,166495
33300,31,166500
33301,31,166505
33302,31,166510
33303,31,166515
33304,31,166520
33305,31,166525
33306,31,166530
33307,31,166535
33308,31,166540
33309,31,166545
33310,31,166550
33311,31,166555
33312,31,166560
33313,31,166565
33314,31,166570
33315,31,166575
33316,31,166580
33317,31,166585
33318,31,166590
33319,31,166595
33320,31,166600
33321,31,166605
33322,31,166610
33323,31,166615
33324,31,166620
33325,31,166625
33326,31,166630
33327,31,166635
33328,31,166640
33329,31,166645
33330,31,166650
33331,31,166655
33332,31,166660
33333,31,166665
33334,31,166670
33335,31,166675
33336,31,166680
33337,31,166685
33338,31,166690
33339,31,166695
33340,31,166700
33341,31,166705
33342,31,166710
33343,31,166715
33344,31,166720
33345,31,166725
33346,31,166730
33347,31,166735
33348,31,166740
33349,31,166745
33350,31,166750
33351,31,166755
33352,31,166760
33353,31,166765
33354,31,166770
33355,31,166775
33356,31,166780
33357,31,166785
33358,31,166790
33359,31,166795
33360,31,166800
33361,31,166805
33362,31,166810
33363,31,166815
33364,31,166820
33365,31,166825
33366,31,166830
33367,31,166835
33368,31,166840
33369,31,166845
33370,31,166850
33371,31,166855
33372,31,166860
33373,31,166865
33374,31,166870
33375,31,166875
33376,31,166880
33377,31,166885
33378,31,166890
33379,31,166895
33380,31,166900
33381,31,166905
33382,31,166910
33383,31,166915
33384,31,166920
33385,31,166925
33386,31,166930
33387,31,166935
33388,31,166940
33389,31,166945
33390,31,166950
33391,31,166955
33392,32,200352
33393,32,200358
33394,32,200364
33395,32,200370
33396,32,200376
33397,32,200382
33398,32,200388
33399,32,200394
33400,32,200400
33401,32,200406
33402,32,200412
33403,32,200418
33404,32,200424
33405,32,200430
33406,32,200436
33407,32,200442
33408,32,200448
33409,32,200454
33410,32,200460
33411,32,200466
33412,32,200472
33413,32,200478
33414,32,200484
33415,32,200490
33416,32,200496
33417,32,200502
33418,32,200508
33419,32,200514
33420,32,200520
33421,32,200526
33422,32,200532
33423,32,200538
33424,32,200544
33425,32,200550
33426,32,200556
33427,32,200562
33428,32,200568
33429,32,200574
33430,32,200580
33431,32,200586
33432,32,200592
33433,32,200598
33434,32,200604
33435,32,200610
33436,32,200616
33437,32,200622
33438,32,200628
33439,32,200634
33440,32,200640
33441,32,200646
33442,32,200652
33443,32,200658
33444,32,200664
33445,32,200670
33446,32,200676
33447,32,200682
33448,32,200688
33449,32,200694
33450,32,200700
33451,32,200706
33452,32,200712
33453,32,200718
33454,32,200724
33455,32,200730
33456,32,200736
33457,32,200742
33458,32,200748
33459,32,200754
33460,32,200760
33461,32,200766
33462,32,200772
33463,32,200778
33464,32,200784
33465,32,200790
33466,32,200796
33467,32,200802
33468,32,200808
33469,32,200814
33470,32,200820
33471,32,200826
33472,32,200832
33473,32,200838
33474,32,200844
33475,32,200850
33476,32,200856
33477,32,200862
33478,32,200868
33479,32,200874
33480,32,200880
33481,32,200886
33482,32,200892
33483,32,200898
33484,32,200904
33485,32,200910
33486,32,200916
33487,32,200922
33488,32,200928
33489,32,200934
33490,32,200940
33491,32,200946
33492,32,200952
33493,32,200958
33494,32,200964
33495,32,200970
33496,32,200976
33497,32,200982
33498,32,200988
33499,32,200994
33500,32,201000
33501,32,201006
33502,32,201012
33503,32,201018
33504,32,201024
33505,32,201030
33506,32,201036
33507,32,201042
33508,32,201048
33509,32,201054
33510,32,201060
33511,32,201066
33512,32,201072
33513,32,201078
33514,32,201084
33515,32,201090
33516,32,201096
33517,32,201102
33518,32,201108
33519,32,201114
33520,32,201120
33521,32,201126
33522,32,201132
33523,32,201138
33524,32,201144
33525,32,201150
33526,32,201156
33527,32,201162
33528,32,201168
33529,32,201174
33530,32,201180
33531,32,201186
33532,32,201192
33533,32,201198
33534,32,201204
33535,32,201210
33536,32,201216
33537,32,201222
33538,32,201228
33539,32,201234
33540,32,201240
33541,32,201246
33542,32,201252
33543,32,201258
33544,32,201264
33545,32,201270
33546,32,201276
33547,32,201282
33548,32,201288
33549,32,201294
33550,32,201300
33551,32,201306
33552,32,201312
33553,32,201318
33554,32,201324
33555,32,201330
33556,32,201336
33557,32,201342
33558,32,201348
33559,32,201354
33560,32,201360
33561,32,201366
33562,32,201372
33563,32,201378
33564,32,201384
33565,32,201390
33566,32,201396
33567,32,201402
33568,32,201408
33569,32,201414
33570,32,201420
33571,32,201426
33572,32,201432
33573,32,201438
33574,32,201444
33575,32,201450
33576,32,201456
33577,32,201462
33578,32,201468
33579,32,201474
33580,32,201480
33581,32,201486
33582,32,201492
33583,32,201498
33584,32,201504
33585,32,201510
33586,32,201516
33587,32,201522
33588,32,201528
33589,32,201534
33590,32,201540
33591,32,201546
33592,32,201552
33593,32,201558
33594,32,201564
33595,32,201570
33596,32,201576
33597,32,201582
33598,32,201588
33599,32,201594
33600,32,201600
33601,32,201606
33602,32,201612
33603,32,201618
33604,32,201624
33605,32,201630
33606,32,201636
33607,32,201642
33608,32,201648
33609,32,201654
33610,32,201660
33611,32,201666
33612,32,201672
33613,32,201678
33614,32,201684
33615,32,201690
33616,32,201696
33617,32,201702
33618,32,201708
33619,32,201714
33620,32,201720
33621,32,201726
33622,32,201732
33623,32,201738
33624,32,201744
33625,32,201750
33626,32,201756
33627,32,201762
33628,32,201768
33629,32,201774
33630,32,201780
33631,32,201786
33632,32,201792
33633,32,201798
33634,32,201804
33635,32,201810
33636,32,201816
33637,32,201822
33638,32,201828
33639,32,201834
33640,32,201840
33641,32,201846
33642,32,201852
33643,32,201858
33644,32,201864
33645,32,201870
33646,32,201876
33647,32,201882
33648,32,201888
33649,32,201894
33650,32,201900
33651,32,201906
33652,32,201912
33653,32,201918
33654,32,201924
33655,32,201930
33656,32,201936
33657,32,201942
33658,32,201948
33659,32,201954
33660,32,201960
33661,32,201966
33662,32,201972
33663,32,201978
33664,32,201984
33665,32,201990
33666,32,201996
33667,32,202002
33668,32,202008
33669,32,202014
33670,32,202020
33671,32,202026
33672,32,202032
33673,32,202038
33674,32,202044
33675,32,202050
33676,32,202056
33677,32,202062
33678,32,202068
33679,32,202074
33680,32,202080
33681,32,202086
33682,32,202092
33683,32,202098
33684,32,202104
33685,32,202110
33686,32,202116
33687,32,202122
33688,32,202128
33689,32,202134
33690,32,202140
33691,32,202146
33692,32,202152
33693,32,202158
33694,32,202164
33695,32,202170
33696,32,202176
33697,32,202182
33698,32,202188
33699,32,202194
33700,32,202200
33701,32,202206
33702,32,202212
33703,32,202218
33704,32,202224
33705,32,202230
33706,32,202236
33707,32,202242
33708,32,202248
33709,33,202254
33710,33,202260
33711,33,202266
33712,33,202272
33713,33,202278
33714,33,202284
33715,33,202290
33716,33,202296
33717,33,202302
33718,33,202308
33719,33,202314
33720,33,202320
33721,33,202326
33722,33,202332
33723,33,202338
33724,33,202344
33725,33,202350
33726,33,202356
33727,33,202362
33728,33,202368
33729,33,202374
33730,33,202380
33731,33,202386
33732,33,202392
33733,33,202398
33734,33,202404
33735,33,202410
33736,33,202416
33737,33,202422
33738,33,202428
33739,33,202434
33740,33,202440
33741,33,202446
33742,33,202452
33743,33,202458
33744,33,202464
33745,33,202470
33746,33,202476
33747,33,202482
33748,33,202488
33749,33,202494
33750,33,202500
33751,33,202506
33752,33,202512
33753,33,202518
33754,33,202524
33755,33,202530
33756,33,202536
33757,33,202542
33758,33,202548
33759,33,202554
33760,33,202560
33761,33,202566
33762,33,202572
33763,33,202578
33764,33,202584
33765,33,202590
33766,33,202596
33767,33,202602
33768,33,202608
33769,33,202614
33770,33,202620
33771,33,202626
33772,33,202632
33773,33,202638
33774,33,202644
33775,33,202650
33776,33,202656
33777,33,202662
33778,33,202668
33779,33,202674
33780,33,202680
33781,33,202686
33782,33,202692
33783,33,202698
33784,33,202704
33785,33,202710
33786,33,202716
33787,33,202722
33788,33,202728
33789,33,202734
33790,33,202740
33791,33,202746
33792,33,202752
33793,33,202758
33794,33,202764
33795,33,202770
33796,33,202776
33797,33,202782
33798,33,202788
33799,33,202794
33800,33,202800
33801,33,202806
33802,33,202812
33803,33,202818
33804,33,202824
33805,33,202830
33806,33,202836
33807,33,202842
33808,33,202848
33809,33,202854
33810,33,202860
33811,33,202866
33812,33,202872
33813,33,202878
33814,33,202884
33815,33,202890
33816,33,202896
33817,33,202902
33818,33,202908
33819,33,202914
33820,33,202920
33821,33,202926
33822,33,202932
33823,33,202938
33824,33,202944
33825,33,202950
33826,33,202956
33827,33,202962
33828,33,202968
33829,33,202974
33830,33,202980
33831,33,202986
33832,33,202992
33833,33,202998
33834,33,203004
33835,33,203010
33836,33,203016
33837,33,203022
33838,33,203028
33839,33,203034
33840,33,203040
33841,33,203046
33842,33,203052
33843,33,203058
33844,33,203064
33845,33,203070
33846,33,203076
33847,33,203082
33848,33,203088
33849,33,203094
33850,33,203100
33851,33,203106
33852,33,203112
33853,33,203118
33854,33,203124
33855,33,203130
33856,33,203136
33857,33,203142
33858,33,203148
33859,33,203154
33860,33,203160
33861,33,203166
33862,33,203172
33863,33,203178
33864,33,203184
33865,33,203190
33866,33,203196
33867,33,203202
33868,33,203208
33869,33,203214
33870,33,203220
33871,33,203226
33872,33,203232
33873,33,203238
33874,33,203244
33875,33,203250
33876,33,203256
33877,33,203262
33878,33,203268
33879,33,203274
33880,33,203280
33881,33,203286
33882,33,203292
33883,33,203298
33884,33,203304
33885,33,203310
33886,33,203316
33887,33,203322
33888,33,203328
33889,33,203334
33890,33,203340
33891,33,203346
33892,33,203352
33893,33,203358
33894,33,203364
33895,33,203370
33896,33,203376
33897,33,203382
33898,33,203388
33899,33,203394
33900,33,203400
33901,33,203406
33902,33,203412
33903,33,203418
33904,33,203424
33905,33,203430
33906,33,203436
33907,33,203442
33908,33,203448
33909,33,203454
33910,33,203460
33911,33,203466
33912,33,203472
33913,33,203478
33914,33,203484
33915,33,203490
33916,33,203496
33917,33,203502
33918,33,203508
33919,33,203514
33920,33,203520
33921,33,203526
33922,33,203532
33923,33,203538
33924,33,203544
33925,33,203550
33926,33,203556
33927,33,203562
33928,33,203568
33929,33,203574
33930,33,203580
33931,33,203586
33932,33,203592
33933,33,203598
33934,33,203604
33935,33,203610
33936,33,203616
33937,33,203622
33938,33,203628
33939,33,203634
33940,33,203640
33941,33,203646
33942,33,203652
33943,33,203658
33944,33,203664
33945,33,203670
33946,33,203676
33947,33,203682
33948,33,203688
33949,33,203694
33950,33,203700
33951,33,203706
33952,33,203712
33953,33,203718
33954,33,203724
33955,33,203730
33956,33,203736
33957,33,203742
33958,33,203748
33959,33,203754
33960,33,203760
33961,33,203766
33962,33,203772
33963,33,203778
33964,33,203784
33965,33,203790
33966,33,203796
33967,33,203802
33968,33,203808
33969,33,203814
33970,33,203820
33971,33,203826
33972,33,203832
33973,33,203838
33974,33,203844
33975,33,203850
33976,33,203856
33977,33,203862
33978,33,203868
33979,33,203874
33980,33,203880
33981,33,203886
33982,33,203892
33983,33,203898
33984,33,203904
33985,33,203910
33986,33,203916
33987,33,203922
33988,33,203928
33989,33,203934
33990,33,203940
33991,33,203946
33992,33,203952
33993,33,203958
33994,33,203964
33995,33,203970
33996,33,203976
33997,33,203982
33998,33,203988
33999,33,203994
34000,33,204000
34001,33,204006
34002,33,204012
34003,33,204018
34004,33,204024
34005,33,204030
34006,33,204036
34007,33,204042
34008,33,204048
34009,34,204054
34010,34,204060
34011,34,204066
34012,34,204072
34013,34,204078
34014,34,204084
34015,34,204090
34016,34,204096
34017,34,204102
34018,34,204108
34019,34,204114
34020,34,204120
34021,34,204126
34022,34,204132
34023,34,204138
34024,34,204144
34025,34,204150
34026,34,204156
34027,34,204162
34028,34,204168
34029,34,204174
34030,34,204180
34031,34,204186
34032,34,204192
34033,34,204198
34034,34,204204
34035,34,204210
34036,34,204216
34037,34,204222
34038,34,204228
34039,34,204234
34040,34,204240
34041,34,204246
34042,34,204252
34043,34,204258
34044,34,204264
34045,34,204270
34046,34,204276
34047,34,204282
34048,34,204288
34049,34,204294
34050,34,204300
34051,34,204306
34052,34,204312
34053,34,204318
34054,34,204324
34055,34,204330
34056,34,204336
34057,34,204342
34058,34,204348
34059,34,204354
34060,34,204360
34061,34,204366
34062,34,204372
34063,34,204378
34064,34,204384
34065,34,204390
34066,34,204396
34067,34,204402
34068,34,204408
34069,34,204414
34070,34,204420
34071,34,204426
34072,34,204432
34073,34,204438
34074,34,204444
34075,34,204450
34076,34,204456
34077,34,204462
34078,34,204468
34079,34,204474
34080,34,204480
34081,34,204486
34082,34,204492
34083,34,204498
34084,34,204504
34085,34,204510
34086,34,204516
34087,34,204522
34088,34,204528
34089,34,204534
34090,34,204540
34091,34,204546
34092,34,204552
34093,34,204558
34094,34,204564
34095,34,204570
34096,34,204576
34097,34,204582
34098,34,204588
34099,34,204594
34100,34,204600
34101,34,204606
34102,34,204612
34103,34,204618
34104,34,204624
34105,34,204630
34106,34,204636
34107,34,204642
34108,34,204648
34109,34,204654
34110,34,204660
34111,34,204666
34112,34,204672
34113,34,204678
34114,34,204684
34115,34,204690
34116,34,204696
34117,34,204702
34118,34,204708
34119,34,204714
34120,34,204720
34121,34,204726
34122,34,204732
34123,34,204738
34124,34,204744
34125,34,204750
34126,34,204756
34127,34,204762
34128,34,204768
34129,34,204774
34130,34,204780
34131,34,204786
34132,34,204792
34133,34,204798
34134,34,204804
34135,34,204810
34136,34,204816
34137,34,204822
34138,34,204828
34139,34,204834
34140,34,204840
34141,34,204846
34142,34,204852
34143,34,204858
34144,34,204864
34145,34,204870
34146,34,204876
34147,34,204882
34148,34,204888
34149,34,204894
34150,34,204900
34151,34,204906
34152,34,204912
34153,34,204918
34154,34,204924
34155,34,204930
34156,34,204936
34157,34,204942
34158,34,204948
34159,34,204954
34160,34,204960
34161,34,204966
34162,34,204972
34163,34,204978
34164,34,204984
34165,34,204990
34166,34,204996
34167,34,205002
34168,34,205008
34169,34,205014
34170,34,205020
34171,34,205026
34172,34,205032
34173,34,205038
34174,34,205044
34175,34,205050
34176,34,205056
34177,34,205062
34178,34,205068
34179,34,205074
34180,34,205080
34181,34,205086
34182,34,205092
34183,34,205098
34184,34,205104
34185,34,205110
34186,34,205116
34187,34,205122
34188,34,205128
34189,34,205134
34190,34,205140
34191,34,205146
34192,34,205152
34193,34,205158
34194,34,205164
34195,34,205170
34196,34,205176
34197,34,205182
34198,34,205188
34199,34,205194
34200,34,205200
34201,34,205206
34202,34,205212
34203,34,205218
34204,34,205224
34205,34,205230
34206,34,205236
34207,34,205242
34208,34,205248
34209,34,205254
34210,34,205260
34211,34,205266
34212,34,205272
34213,34,205278
34214,34,205284
34215,34,205290
34216,34,205296
34217,34,205302
34218,34,205308
34219,34,205314
34220,34,205320
34221,34,205326
34222,34,205332
34223,34,205338
34224,34,205344
34225,34,205350
34226,34,205356
34227,34,205362
34228,34,205368
34229,34,205374
34230,34,205380
34231,34,205386
34232,34,205392
34233,34,205398
34234,34,205404
34235,34,205410
34236,34,205416
34237,34,205422
34238,34,205428
34239,34,205434
34240,34,205440
34241,34,205446
34242,34,205452
34243,34,205458
34244,34,205464
34245,34,205470
34246,34,205476
34247,34,205482
34248,34,205488
34249,34,205494
34250,34,205500
34251,34,205506
34252,34,205512
34253,34,205518
34254,34,205524
34255,34,205530
34256,34,205536
34257,34,205542
34258,34,205548
34259,34,205554
34260,34,205560
34261,34,205566
34262,34,205572
34263,34,205578
34264,34,205584
34265,34,205590
34266,34,205596
34267,34,205602
34268,34,205608
34269,34,205614
34270,34,205620
34271,34,205626
34272,34,205632
34273,34,205638
34274,34,205644
34275,34,205650
34276,34,205656
34277,34,205662
34278,34,205668
34279,34,205674
34280,34,205680
34281,34,205686
34282,34,205692
34283,34,205698
34284,34,205704
34285,34,205710
34286,34,205716
34287,34,205722
34288,34,205728
34289,34,205734
34290,34,205740
34291,34,205746
34292,34,205752
34293,34,205758
34294,34,205764
34295,34,205770
34296,34,205776
34297,34,205782
34298,34,205788
34299,34,205794
34300,34,205800
34301,34,205806
34302,34,205812
34303,34,205818
34304,34,205824
34305,34,205830
34306,34,205836
34307,34,205842
34308,34,205848
34309,34,205854
34310,34,205860
34311,34,205866
34312,34,205872
34313,34,205878
34314,34,205884
34315,34,205890
34316,34,205896
34317,34,205902
34318,34,205908
34319,34,205914
34320,34,205920
34321,34,205926
34322,34,205932
34323,35,205938
34324,35,205944
34325,35,205950
34326,35,205956
34327,35,205962
34328,35,205968
34329,35,205974
34330,35,205980
34331,35,205986
34332,35,205992
34333,35,205998
34334,35,206004
34335,35,206010
34336,35,206016
34337,35,206022
34338,35,206028
34339,35,206034
34340,35,206040
34341,35,206046
34342,35,206052
34343,35,206058
34344,35,206064
34345,35,206070
34346,35,206076
34347,35,206082
34348,35,206088
34349,35,206094
34350,35,206100
34351,35,206106
34352,35,206112
34353,35,206118
34354,35,206124
34355,35,206130
34356,35,206136
34357,35,206142
34358,35,206148
34359,35,206154
34360,35,206160
34361,35,206166
34362,35,206172
34363,35,206178
34364,35,206184
34365,35,206190
34366,35,206196
34367,35,206202
34368,35,206208
34369,35,206214
34370,35,206220
34371,35,206226
34372,35,206232
34373,35,206238
34374,35,206244
34375,35,206250
34376,35,206256
34377,35,206262
34378,35,206268
34379,35,206274
34380,35,206280
34381,35,206286
34382,35,206292
34383,35,206298
34384,35,206304
34385,35,206310
34386,35,206316
34387,35,206322
34388,35,206328
34389,35,206334
34390,35,206340
34391,35,206346
34392,35,206352
34393,35,206358
34394,35,206364
34395,35,206370
34396,35,206376
34397,35,206382
34398,35,206388
34399,35,206394
34400,35,206400
34401,35,206406
34402,35,206412
34403,35,206418
34404,35,206424
34405,35,206430
34406,35,206436
34407,35,206442
34408,35,206448
34409,35,206454
34410,35,206460
34411,35,206466
34412,35,206472
34413,35,206478
34414,35,206484
34415,35,206490
34416,35,206496
34417,35,206502
34418,35,206508
34419,35,206514
34420,35,206520
34421,35,206526
34422,35,206532
34423,35,206538
34424,35,206544
34425,35,206550
34426,35,206556
34427,35,206562
34428,35,206568
34429,35,206574
34430,35,206580
34431,35,206586
34432,35,206592
34433,35,206598
34434,35,206604
34435,35,206610
34436,35,206616
34437,35,206622
34438,35,206628
34439,35,206634
34440,35,206640
34441,35,206646
34442,35,206652
34443,35,206658
34444,35,206664
34445,35,206670
34446,35,206676
34447,35,206682
34448,35,206688
34449,35,206694
34450,35,206700
34451,35,206706
34452,35,206712
34453,35,206718
34454,35,206724
34455,35,206730
34456,35,206736
34457,35,206742
34458,35,206748
34459,35,206754
34460,35,206760
34461,35,206766
34462,35,206772
34463,35,206778
34464,35,206784
34465,35,206790
34466,35,206796
34467,35,206802
34468,35,206808
34469,35,206814
34470,35,206820
34471,35,206826
34472,35,206832
34473,35,206838
34474,35,206844
34475,35,206850
34476,35,206856
34477,35,206862
34478,35,206868
34479,35,206874
34480,35,206880
34481,35,206886
34482,35,206892
34483,35,206898
34484,35,206904
34485,35,206910
34486,35,206916
34487,35,206922
34488,35,206928
34489,35,206934
34490,35,206940
34491,35,206946
34492,35,206952
34493,35,206958
34494,35,206964
34495,35,206970
34496,35,206976
34497,35,206982
34498,35,206988
34499,35,206994
34500,35,207000
34501,35,207006
34502,35,207012
34503,35,207018
34504,35,207024
34505,35,207030
34506,35,207036
34507,35,207042
34508,35,207048
34509,35,207054
34510,35,207060
34511,35,207066
34512,35,207072
34513,35,207078
34514,35,207084
34515,35,207090
34516,35,207096
34517,35,207102
34518,35,207108
34519,35,207114
34520,35,207120
34521,35,207126
34522,35,207132
34523,35,207138
34524,35,207144
34525,35,207150
34526,35,207156
34527,35,207162
34528,35,207168
34529,35,207174
34530,35,207180
34531,35,207186
34532,35,207192
34533,35,207198
34534,35,207204
34535,35,207210
34536,35,207216
34537,35,207222
34538,35,207228
34539,35,207234
34540,35,207240
34541,35,207246
34542,35,207252
34543,35,207258
34544,35,207264
34545,35,207270
34546,35,207276
34547,35,207282
34548,35,207288
34549,35,207294
34550,35,207300
34551,35,207306
34552,35,207312
34553,35,207318
34554,35,207324
34555,35,207330
34556,35,207336
34557,35,207342
34558,35,207348
34559,35,207354
34560,35,207360
34561,35,207366
34562,35,207372
34563,35,207378
34564,35,207384
34565,35,207390
34566,35,207396
34567,35,207402
34568,35,207408
34569,35,207414
34570,35,207420
34571,35,207426
34572,35,207432
34573,35,207438
34574,35,207444
34575,35,207450
34576,35,207456
34577,35,207462
34578,35,207468
34579,35,207474
34580,35,207480
34581,35,207486
34582,35,207492
34583,35,207498
34584,35,207504
34585,35,207510
34586,35,207516
34587,35,207522
34588,36,207528
34589,36,207534
34590,36,207540
34591,36,207546
34592,36,207552
34593,36,207558
34594,36,207564
34595,36,207570
34596,36,207576
34597,36,207582
34598,36,207588
34599,36,207594
34600,36,207600
34601,36,207606
34602,36,207612
34603,36,207618
34604,36,207624
34605,36,207630
34606,36,207636
34607,36,207642
34608,36,207648
34609,36,207654
34610,36,207660
34611,36,207666
34612,36,207672
34613,36,207678
34614,36,207684
34615,36,207690
34616,36,207696
34617,36,207702
34618,36,207708
34619,36,207714
34620,36,207720
34621,36,207726
34622,36,207732
34623,36,207738
34624,36,207744
34625,36,207750
34626,36,207756
34627,36,207762
34628,36,207768
34629,36,207774
34630,36,207780
34631,36,207786
34632,36,207792
34633,36,207798
34634,36,207804
34635,36,207810
34636,36,207816
34637,36,207822
34638,36,207828
34639,36,207834
34640,36,207840
34641,36,207846
34642,36,207852
34643,36,207858
34644,36,207864
34645,36,207870
34646,36,207876
34647,36,207882
34648,36,207888
34649,36,207894
34650,36,207900
34651,36,207906
34652,36,207912
34653,36,207918
34654,36,207924
34655,36,207930
34656,36,207936
34657,36,207942
34658,36,207948
34659,36,207954
34660,36,207960
34661,36,207966
34662,36,207972
34663,36,207978
34664,36,207984
34665,36,207990
34666,36,207996
34667,36,208002
34668,36,208008
34669,36,208014
34670,36,208020
34671,36,208026
34672,36,208032
34673,36,208038
34674,36,208044
34675,36,208050
34676,36,208056
34677,36,208062
34678,36,208068
34679,36,208074
34680,36,208080
34681,36,208086
34682,36,208092
34683,36,208098
34684,36,208104
34685,36,208110
34686,36,208116
34687,36,208122
34688,36,208128
34689,36,208134
34690,36,208140
34691,36,208146
34692,36,208152
34693,36,208158
34694,36,208164
34695,36,208170
34696,36,208176
34697,36,208182
34698,36,208188
34699,36,208194
34700,36,208200
34701,36,208206
34702,36,208212
34703,36,208218
34704,36,208224
34705,36,208230
34706,36,208236
34707,36,208242
34708,36,208248
34709,36,208254
34710,36,208260
34711,36,208266
34712,36,208272
34713,36,208278
34714,36,208284
34715,36,208290
34716,36,208296
34717,36,208302
34718,36,208308
34719,36,208314
34720,36,208320
34721,36,208326
34722,36,208332
34723,36,208338
34724,36,208344
34725,36,208350
34726,36,208356
34727,36,208362
34728,36,208368
34729,36,208374
34730,36,208380
34731,36,208386
34732,36,208392
34733,36,208398
34734,36,208404
34735,36,208410
34736,36,208416
34737,36,208422
34738,36,208428
34739,36,208434
34740,36,208440
34741,36,208446
34742,36,208452
34743,36,208458
34744,36,208464
34745,36,208470
34746,36,208476
34747,36,208482
34748,36,208488
34749,36,208494
34750,36,208500
34751,36,208506
34752,36,208512
34753,36,208518
34754,36,208524
34755,36,208530
34756,36,208536
34757,36,208542
34758,36,208548
34759,36,208554
34760,36,208560
34761,36,208566
34762,36,208572
34763,36,208578
34764,36,208584
34765,36,208590
34766,36,208596
34767,36,208602
34768,36,208608
34769,36,208614
34770,36,208620
34771,36,208626
34772,36,208632
34773,36,208638
34774,36,208644
34775,36,208650
34776,36,208656
34777,36,208662
34778,36,208668
34779,36,208674
34780,36,208680
34781,36,208686
34782,36,208692
34783,36,208698
34784,36,208704
34785,36,208710
34786,36,208716
34787,36,208722
34788,36,208728
34789,36,208734
34790,36,208740
34791,36,208746
34792,36,208752
34793,36,208758
34794,36,208764
34795,36,208770
34796,36,208776
34797,36,208782
34798,36,208788
34799,36,208794
34800,36,208800
34801,36,208806
34802,36,208812
34803,36,208818
34804,36,208824
34805,36,208830
34806,36,208836
34807,36,208842
34808,36,208848
34809,36,208854
34810,36,208860
34811,36,208866
34812,36,208872
34813,36,208878
34814,36,208884
34815,36,208890
34816,36,208896
34817,36,208902
34818,36,208908
34819,36,208914
34820,36,208920
34821,36,208926
34822,36,208932
34823,36,208938
34824,36,208944
34825,36,208950
34826,37,208956
34827,37,208962
34828,37,208968
34829,37,208974
34830,37,208980
34831,37,208986
34832,37,208992
34833,37,208998
34834,37,209004
34835,37,209010
34836,37,209016
34837,37,209022
34838,37,209028
34839,37,209034
34840,37,209040
34841,37,209046
34842,37,209052
34843,37,209058
34844,37,209064
34845,37,209070
34846,37,209076
34847,37,209082
34848,37,209088
34849,37,209094
34850,37,209100
34851,37,209106
34852,37,209112
34853,37,209118
34854,37,209124
34855,37,209130
34856,37,209136
34857,37,209142
34858,37,209148
34859,37,209154
34860,37,209160
34861,37,209166
34862,37,209172
34863,37,209178
34864,37,209184
34865,37,209190
34866,37,209196
34867,37,209202
34868,37,209208
34869,37,209214
34870,37,209220
34871,37,209226
34872,37,209232
34873,37,209238
34874,37,209244
34875,37,209250
34876,37,209256
34877,37,209262
34878,37,209268
34879,37,209274
34880,37,209280
34881,37,209286
34882,37,209292
34883,37,209298
34884,37,209304
34885,37,209310
34886,37,209316
34887,37,209322
34888,37,209328
34889,37,209334
34890,37,209340
34891,37,209346
34892,37,209352
34893,37,209358
34894,37,209364
34895,37,209370
34896,37,209376
34897,37,209382
34898,37,209388
34899,37,209394
34900,37,209400
34901,37,209406
34902,37,209412
34903,37,209418
34904,37,209424
34905,37,209430
34906,37,209436
34907,37,209442
34908,37,209448
34909,37,209454
34910,37,209460
34911,37,209466
34912,37,209472
34913,37,209478
34914,37,209484
34915,37,209490
34916,37,209496
34917,37,209502
34918,37,209508
34919,37,209514
34920,37,209520
34921,37,209526
34922,37,209532
34923,37,209538
34924,37,209544
34925,37,209550
34926,37,209556
34927,37,209562
34928,37,209568
34929,37,209574
34930,37,209580
34931,37,209586
34932,37,209592
34933,37,209598
34934,37,209604
34935,37,209610
34936,37,209616
34937,37,209622
34938,37,209628
34939,37,209634
34940,37,209640
34941,37,209646
34942,37,209652
34943,37,209658
34944,37,209664
34945,37,209670
34946,37,209676
34947,37,209682
34948,37,209688
34949,37,209694
34950,37,209700
34951,37,209706
34952,37,209712
34953,37,209718
34954,37,209724
34955,37,209730
34956,37,209736
34957,37,209742
34958,37,209748
34959,37,209754
34960,37,209760
34961,37,209766
34962,37,209772
34963,37,209778
34964,37,209784
34965,37,209790
34966,37,209796
34967,37,209802
34968,37,209808
34969,37,209814
34970,37,209820
34971,37,209826
34972,37,209832
34973,37,209838
34974,37,209844
34975,37,209850
34976,37,209856
34977,37,209862
34978,37,209868
34979,37,209874
34980,37,209880
34981,37,209886
34982,37,209892
34983,37,209898
34984,37,209904
34985,37,209910
34986,37,209916
34987,37,209922
34988,37,209928
34989,37,209934
34990,37,209940
34991,37,209946
34992,37,209952
34993,37,209958
34994,37,209964
34995,37,209970
34996,37,209976
34997,37,209982
34998,37,209988
34999,37,209994
35000,37,210000
35001,37,210006
35002,37,210012
35003,37,210018
35004,37,210024
35005,37,210030
35006,37,210036
35007,37,210042
35008,37,210048
35009,37,210054
35010,37,210060
35011,37,210066
35012,37,210072
35013,37,210078
35014,37,210084
35015,37,210090
35016,37,210096
35017,37,210102
35018,37,210108
35019,37,210114
35020,37,210120
35021,37,210126
35022,37,210132
35023,37,210138
35024,37,210144
35025,37,210150
35026,37,210156
35027,37,210162
35028,37,210168
35029,37,210174
35030,37,210180
35031,37,210186
35032,37,210192
35033,37,210198
35034,37,210204
35035,37,210210
35036,37,210216
35037,37,210222
35038,37,210228
35039,37,210234
35040,37,210240
35041,37,210246
35042,37,210252
35043,37,210258
35044,37,210264
35045,37,210270
35046,37,210276
35047,37,210282
35048,37,210288
35049,37,210294
35050,37,210300
35051,37,210306
35052,37,210312
35053,37,210318
35054,37,210324
35055,37,210330
35056,37,210336
35057,37,210342
35058,37,210348
35059,37,210354
35060,37,210360
35061,37,210366
35062,37,210372
35063,37,210378
35064,37,210384
35065,37,210390
35066,37,210396
35067,37,210402
35068,37,210408
35069,37,210414
35070,37,210420
35071,37,210426
35072,37,210432
35073,37,210438
35074,37,210444
35075,37,210450
35076,37,210456
35077,37,210462
35078,37,210468
35079,37,210474
35080,37,210480
35081,37,210486
35082,37,210492
35083,37,210498
35084,37,210504
35085,37,210510
35086,37,210516
35087,37,210522
35088,37,210528
35089,37,210534
35090,37,210540
35091,37,210546
35092,37,210552
35093,37,210558
35094,37,210564
35095,37,210570
35096,37,210576
35097,37,210582
35098,38,210588
35099,38,210594
35100,38,210600
35101,38,210606
35102,38,210612
35103,38,210618
35104,38,210624
35105,38,210630
35106,38,210636
35107,38,210642
35108,38,210648
35109,38,210654
35110,38,210660
35111,38,210666
35112,38,210672
35113,38,210678
35114,38,210684
35115,38,210690
35116,38,210696
35117,38,210702
35118,38,210708
35119,38,210714
35120,38,210720
35121,38,210726
35122,38,210732
35123,38,210738
35124,38,210744
35125,38,210750
35126,38,210756
35127,38,210762
35128,38,210768
35129,38,210774
35130,38,210780
35131,38,210786
35132,38,210792
35133,38,210798
35134,38,210804
35135,38,210810
35136,38,210816
35137,38,210822
35138,38,210828
35139,38,210834
35140,38,210840
35141,38,210846
35142,38,210852
35143,38,210858
35144,38,210864
35145,38,210870
35146,38,210876
35147,38,210882
35148,38,210888
35149,38,210894
35150,38,210900
35151,38,210906
35152,38,210912
35153,38,210918
35154,38,210924
35155,38,210930
35156,38,210936
35157,38,210942
35158,38,210948
35159,38,210954
35160,38,210960
35161,38,210966
35162,38,210972
35163,38,210978
35164,38,210984
35165,38,210990
35166,38,210996
35167,38,211002
35168,38,211008
35169,38,211014
35170,38,211020
35171,38,211026
35172,38,211032
35173,38,211038
35174,38,211044
35175,38,211050
35176,38,211056
35177,38,211062
35178,38,211068
35179,38,211074
35180,38,211080
35181,38,211086
35182,38,211092
35183,38,211098
35184,38,211104
35185,38,211110
35186,38,211116
35187,38,211122
35188,38,211128
35189,38,211134
35190,38,211140
35191,38,211146
35192,38,211152
35193,38,211158
35194,38,211164
35195,38,211170
35196,38,211176
35197,38,211182
35198,38,211188
35199,38,211194
35200,38,211200
35201,38,211206
35202,38,211212
35203,38,211218
35204,38,211224
35205,38,211230
35206,38,211236
35207,38,211242
35208,38,211248
35209,38,211254
35210,38,211260
35211,38,211266
35212,38,211272
35213,38,211278
35214,38,211284
35215,38,211290
35216,38,211296
35217,38,211302
35218,38,211308
35219,38,211314
35220,38,211320
35221,38,211326
35222,38,211332
35223,38,211338
35224,38,211344
35225,38,211350
35226,38,211356
35227,38,211362
35228,38,211368
35229,38,211374
35230,38,211380
35231,38,211386
35232,38,211392
35233,38,211398
35234,38,211404
35235,38,211410
35236,38,211416
35237,38,211422
35238,38,211428
35239,38,211434
35240,38,211440
35241,38,211446
35242,38,211452
35243,38,211458
35244,38,211464
35245,38,211470
35246,38,211476
35247,38,211482
35248,38,211488
35249,38,211494
35250,38,211500
35251,38,211506
35252,38,211512
35253,38,211518
35254,38,211524
35255,38,211530
35256,38,211536
35257,38,211542
35258,38,211548
35259,38,211554
35260,38,211560
35261,38,211566
35262,38,211572
35263,38,211578
35264,38,211584
35265,38,211590
35266,38,211596
35267,38,211602
35268,38,211608
35269,38,211614
35270,38,211620
35271,38,211626
35272,38,211632
35273,38,211638
35274,38,211644
35275,38,211650
35276,38,211656
35277,38,211662
35278,38,211668
35279,38,211674
35280,38,211680
35281,38,211686
35282,38,211692
35283,38,211698
35284,38,211704
35285,38,211710
35286,38,211716
35287,38,211722
35288,38,211728
35289,38,211734
35290,38,211740
35291,38,211746
35292,38,211752
35293,38,211758
35294,38,211764
35295,38,211770
35296,38,211776
35297,38,211782
35298,38,211788
35299,38,211794
35300,38,211800
35301,38,211806
35302,38,211812
35303,38,211818
35304,38,211824
35305,38,211830
35306,38,211836
35307,38,211842
35308,38,211848
35309,38,211854
35310,38,211860
35311,38,211866
35312,38,211872
35313,38,211878
35314,38,211884
35315,38,211890
35316,38,211896
35317,38,211902
35318,38,211908
35319,38,211914
35320,38,211920
35321,38,211926
35322,38,211932
35323,38,211938
35324,38,211944
35325,38,211950
35326,38,211956
35327,38,211962
35328,38,211968
35329,38,211974
35330,38,211980
35331,38,211986
35332,38,211992
35333,38,211998
35334,38,212004
35335,38,212010
35336,38,212016
35337,38,212022
35338,38,212028
35339,38,212034
35340,38,212040
35341,38,212046
35342,38,212052
35343,38,212058
35344,38,212064
35345,38,212070
35346,38,212076
35347,38,212082
35348,38,212088
35349,39,212094
35350,39,212100
35351,39,212106
35352,39,212112
35353,39,212118
35354,39,212124
35355,39,212130
35356,39,212136
35357,39,212142
35358,39,212148
35359,39,212154
35360,39,212160
35361,39,212166
35362,39,212172
35363,39,212178
35364,39,212184
35365,39,212190
35366,39,212196
35367,39,212202
35368,39,212208
35369,39,212214
35370,39,212220
35371,39,212226
35372,39,212232
35373,39,212238
35374,39,212244
35375,39,212250
35376,39,212256
35377,39,212262
35378,39,212268
35379,39,212274
35380,39,212280
35381,39,212286
35382,39,212292
35383,39,212298
35384,39,212304
35385,39,212310
35386,39,212316
35387,39,212322
35388,39,212328
35389,39,212334
35390,39,212340
35391,39,212346
35392,39,212352
35393,39,212358
35394,39,212364
35395,39,212370
35396,39,212376
35397,39,212382
35398,39,212388
35399,39,212394
35400,39,212400
35401,39,212406
35402,39,212412
35403,39,212418
35404,39,212424
35405,39,212430
35406,39,212436
35407,39,212442
35408,39,212448
35409,39,212454
35410,39,212460
35411,39,212466
35412,39,212472
35413,39,212478
35414,39,212484
35415,39,212490
35416,39,212496
35417,39,212502
35418,39,212508
35419,39,212514
35420,39,212520
35421,39,212526
35422,39,212532
35423,39,212538
35424,39,212544
35425,39,212550
35426,39,212556
35427,39,212562
35428,39,212568
35429,39,212574
35430,39,212580
35431,39,212586
35432,39,212592
35433,39,212598
35434,39,212604
35435,39,212610
35436,39,212616
35437,39,212622
35438,39,212628
35439,39,212634
35440,39,212640
35441,39,212646
35442,39,212652
35443,39,212658
35444,39,212664
35445,39,212670
35446,39,212676
35447,39,212682
35448,39,212688
35449,39,212694
35450,39,212700
35451,39,212706
35452,39,212712
35453,39,212718
35454,39,212724
35455,39,212730
35456,39,212736
35457,39,212742
35458,39,212748
35459,39,212754
35460,39,212760
35461,39,212766
35462,39,212772
35463,39,212778
35464,39,212784
35465,39,212790
35466,39,212796
35467,39,212802
35468,39,212808
35469,39,212814
35470,39,212820
35471,39,212826
35472,39,212832
35473,39,212838
35474,39,212844
35475,39,212850
35476,39,212856
35477,39,212862
35478,39,212868
35479,39,212874
35480,39,212880
35481,39,212886
35482,39,212892
35483,39,212898
35484,39,212904
35485,39,212910
35486,39,212916
35487,39,212922
35488,39,212928
35489,39,212934
35490,39,212940
35491,39,212946
35492,39,212952
35493,39,212958
35494,39,212964
35495,39,212970
35496,39,212976
35497,39,212982
35498,39,212988
35499,39,212994
35500,39,213000
35501,39,213006
35502,39,213012
35503,39,213018
35504,39,213024
35505,39,213030
35506,39,213036
35507,39,213042
35508,39,213048
35509,39,213054
35510,39,213060
35511,39,213066
35512,39,213072
35513,39,213078
35514,39,213084
35515,39,213090
35516,39,213096
35517,39,213102
35518,39,213108
35519,39,213114
35520,39,213120
35521,39,213126
35522,39,213132
35523,39,213138
35524,39,213144
35525,39,213150
35526,39,213156
35527,39,213162
35528,39,213168
35529,39,213174
35530,39,213180
35531,39,213186
35532,39,213192
35533,39,213198
35534,39,213204
35535,39,213210
35536,39,213216
35537,39,213222
35538,39,213228
35539,39,213234
35540,39,213240
35541,39,213246
35542,39,213252
35543,39,213258
35544,39,213264
35545,39,213270
35546,39,213276
35547,39,213282
35548,39,213288
35549,39,213294
35550,39,213300
35551,39,213306
35552,39,213312
35553,39,213318
35554,39,213324
35555,39,213330
35556,39,213336
35557,39,213342
35558,39,213348
35559,39,213354
35560,39,213360
35561,39,213366
35562,39,213372
35563,39,213378
35564,39,213384
35565,39,213390
35566,39,213396
35567,39,213402
35568,39,213408
35569,39,213414
35570,39,213420
35571,39,213426
35572,39,213432
35573,39,213438
35574,39,213444
35575,39,213450
35576,39,213456
35577,39,213462
35578,39,213468
35579,39,213474
35580,39,213480
35581,39,213486
35582,39,213492
35583,39,213498
35584,39,213504
35585,39,213510
35586,39,213516
35587,39,213522
35588,39,213528
35589,39,213534
35590,39,213540
35591,39,213546
35592,39,213552
35593,39,213558
35594,39,213564
35595,39,213570
35596,39,213576
35597,39,213582
35598,39,213588
35599,39,213594
35600,39,213600
35601,39,213606
35602,39,213612
35603,39,213618
35604,39,213624
35605,39,213630
35606,39,213636
35607,39,213642
35608,40,213648
35609,40,213654
35610,40,213660
35611,40,213666
35612,40,213672
35613,40,213678
35614,40,213684
35615,40,213690
35616,40,213696
35617,40,213702
35618,40,213708
35619,40,213714
35620,40,213720
35621,40,213726
35622,40,213732
35623,40,213738
35624,40,213744
35625,40,213750
35626,40,213756
35627,40,213762
35628,40,213768
35629,40,213774
35630,40,213780
35631,40,213786
35632,40,213792
35633,40,213798
35634,40,213804
35635,40,213810
35636,40,213816
35637,40,213822
35638,40,213828
35639,40,213834
35640,40,213840
35641,40,213846
35642,40,213852
35643,40,213858
35644,40,213864
35645,40,213870
35646,40,213876
35647,40,213882
35648,40,213888
35649,40,213894
35650,40,213900
35651,40,213906
35652,40,213912
35653,40,213918
35654,40,213924
35655,40,213930
35656,40,213936
35657,40,213942
35658,40,213948
35659,40,213954
35660,40,213960
35661,40,213966
35662,40,213972
35663,40,213978
35664,40,213984
35665,40,213990
35666,40,213996
35667,40,214002
35668,40,214008
35669,40,214014
35670,40,214020
35671,40,214026
35672,40,214032
35673,40,214038
35674,40,214044
35675,40,214050
35676,40,214056
35677,40,214062
35678,40,214068
35679,40,214074
35680,40,214080
35681,40,214086
35682,40,214092
35683,40,214098
35684,40,214104
35685,40,214110
35686,40,214116
35687,40,214122
35688,40,214128
35689,40,214134
35690,40,214140
35691,40,214146
35692,40,214152
35693,40,214158
35694,40,214164
35695,40,214170
35696,40,214176
35697,40,214182
35698,40,214188
35699,40,214194
35700,40,214200
35701,40,214206
35702,40,214212
35703,40,214218
35704,40,214224
35705,40,214230
35706,40,214236
35707,40,214242
35708,40,214248
35709,40,214254
35710,40,214260
35711,40,214266
35712,40,214272
35713,40,214278
35714,40,214284
35715,40,214290
35716,40,214296
35717,40,214302
35718,40,214308
35719,40,214314
35720,40,214320
35721,40,214326
35722,40,214332
35723,40,214338
35724,40,214344
35725,40,214350
35726,40,214356
35727,40,214362
35728,40,214368
35729,40,214374
35730,40,214380
35731,40,214386
35732,40,214392
35733,40,214398
35734,40,214404
35735,40,214410
35736,40,214416
35737,40,214422
35738,40,214428
35739,40,214434
35740,40,214440
35741,40,214446
35742,40,214452
35743,40,214458
35744,40,214464
35745,40,214470
35746,40,214476
35747,40,214482
35748,40,214488
35749,40,214494
35750,40,214500
35751,40,214506
35752,40,214512
35753,40,214518
35754,40,214524
35755,40,214530
35756,40,214536
35757,40,214542
35758,40,214548
35759,40,214554
35760,40,214560
35761,40,214566
35762,40,214572
35763,40,214578
35764,40,214584
35765,40,214590
35766,40,214596
35767,40,214602
35768,40,214608
35769,40,214614
35770,40,214620
35771,40,214626
35772,40,214632
35773,40,214638
35774,40,214644
35775,40,214650
35776,40,214656
35777,40,214662
35778,40,214668
35779,40,214674
35780,40,214680
35781,40,214686
35782,40,214692
35783,40,214698
35784,40,214704
35785,40,214710
35786,40,214716
35787,40,214722
35788,40,214728
35789,40,214734
35790,40,214740
35791,40,214746
35792,40,214752
35793,40,214758
35794,40,214764
35795,40,214770
35796,40,214776
35797,40,214782
35798,40,214788
35799,40,214794
35800,40,214800
35801,40,214806
35802,40,214812
35803,40,214818
35804,40,214824
35805,40,214830
35806,40,214836
35807,40,214842
35808,40,214848
35809,40,214854
35810,40,214860
35811,40,214866
35812,40,214872
35813,40,214878
35814,40,214884
35815,40,214890
35816,40,214896
35817,40,214902
35818,40,214908
35819,40,214914
35820,40,214920
35821,40,214926
35822,40,214932
35823,40,214938
35824,40,214944
35825,40,214950
35826,40,214956
35827,40,214962
35828,40,214968
35829,40,214974
35830,40,214980
35831,40,214986
35832,40,214992
35833,40,214998
35834,40,215004
35835,40,215010
35836,40,215016
35837,40,215022
35838,40,215028
35839,40,215034
35840,40,215040
35841,40,215046
35842,40,215052
35843,40,215058
35844,40,215064
35845,40,215070
35846,40,215076
35847,40,215082
35848,40,215088
35849,40,215094
35850,41,215100
35851,41,215106
35852,41,215112
35853,41,215118
35854,41,215124
35855,41,215130
35856,41,215136
35857,41,215142
35858,41,215148
35859,41,215154
35860,41,215160
35861,41,215166
35862,41,215172
35863,41,215178
35864,41,215184
35865,41,215190
35866,41,215196
35867,41,215202
35868,41,215208
35869,41,215214
35870,41,215220
35871,41,215226
35872,41,215232
35873,41,215238
35874,41,215244
35875,41,215250
35876,41,215256
35877,41,215262
35878,41,215268
35879,41,215274
35880,41,215280
35881,41,215286
35882,41,215292
35883,41,215298
35884,41,215304
35885,41,215310
35886,41,215316
35887,41,215322
35888,41,215328
35889,41,215334
35890,41,215340
35891,41,215346
35892,41,215352
35893,41,215358
35894,41,215364
35895,41,215370
35896,41,215376
35897,41,215382
35898,41,215388
35899,41,215394
35900,41,215400
35901,41,215406
35902,41,215412
35903,41,215418
35904,41,215424
35905,41,215430
35906,41,215436
35907,41,215442
35908,41,215448
35909,41,215454
35910,41,215460
35911,41,215466
35912,41,215472
35913,41,215478
35914,41,215484
35915,41,215490
35916,41,215496
35917,41,215502
35918,41,215508
35919,41,215514
35920,41,215520
35921,41,215526
35922,41,215532
35923,41,215538
35924,41,215544
35925,41,215550
35926,41,215556
35927,41,215562
35928,41,215568
35929,41,215574
35930,41,215580
35931,41,215586
35932,41,215592
35933,41,215598
35934,41,215604
35935,41,215610
35936,41,215616
35937,41,215622
35938,41,215628
35939,41,215634
35940,41,215640
35941,41,215646
35942,41,215652
35943,41,215658
35944,41,215664
35945,41,215670
35946,41,215676
35947,41,215682
35948,41,215688
35949,41,215694
35950,41,215700
35951,41,215706
35952,41,215712
35953,41,215718
35954,41,215724
35955,41,215730
35956,41,215736
35957,41,215742
35958,41,215748
35959,41,215754
35960,41,215760
35961,41,215766
35962,41,215772
35963,41,215778
35964,41,215784
35965,41,215790
35966,41,215796
35967,41,215802
35968,41,215808
35969,41,215814
35970,41,215820
35971,41,215826
35972,41,215832
35973,41,215838
35974,41,215844
35975,41,215850
35976,41,215856
35977,41,215862
35978,41,215868
35979,41,215874
35980,41,215880
35981,41,215886
35982,41,215892
35983,41,215898
35984,41,215904
35985,41,215910
35986,41,215916
35987,41,215922
35988,41,215928
35989,41,215934
35990,41,215940
35991,41,215946
35992,41,215952
35993,41,215958
35994,41,215964
35995,41,215970
35996,41,215976
35997,41,215982
35998,41,215988
35999,41,215994
36000,41,216000
36001,41,216006
36002,41,216012
36003,41,216018
36004,41,216024
36005,41,216030
36006,41,216036
36007,41,216042
36008,41,216048
36009,41,216054
36010,41,216060
36011,41,216066
36012,41,216072
36013,41,216078
36014,41,216084
36015,41,216090
36016,41,216096
36017,41,216102
36018,41,216108
36019,41,216114
36020,41,216120
36021,41,216126
36022,41,216132
36023,41,216138
36024,41,216144
36025,41,216150
36026,41,216156
36027,41,216162
36028,41,216168
36029,41,216174
36030,41,216180
36031,41,216186
36032,41,216192
36033,41,216198
36034,41,216204
36035,41,216210
36036,41,216216
36037,41,216222
36038,41,216228
36039,41,216234
36040,41,216240
36041,41,216246
36042,41,216252
36043,41,216258
36044,41,216264
36045,41,216270
36046,41,216276
36047,41,216282
36048,41,216288
36049,41,216294
36050,41,216300
36051,41,216306
36052,41,216312
36053,41,216318
36054,41,216324
36055,41,216330
36056,41,216336
36057,41,216342
36058,41,216348
36059,41,216354
36060,41,216360
36061,41,216366
36062,41,216372
36063,41,216378
36064,41,216384
36065,41,216390
36066,41,216396
36067,41,216402
36068,41,216408
36069,41,216414
36070,41,216420
36071,41,216426
36072,41,216432
36073,41,216438
36074,41,216444
36075,41,216450
36076,41,216456
36077,41,216462
36078,41,216468
36079,41,216474
36080,41,216480
36081,42,216486
36082,42,216492
36083,42,216498
36084,42,216504
36085,42,216510
36086,42,216516
36087,42,216522
36088,42,216528
36089,42,216534
36090,42,216540
36091,42,216546
36092,42,216552
36093,42,216558
36094,42,216564
36095,42,216570
36096,42,216576
36097,42,216582
36098,42,216588
36099,42,216594
36100,42,216600
36101,42,216606
36102,42,216612
36103,42,216618
36104,42,216624
36105,42,216630
36106,42,216636
36107,42,216642
36108,42,216648
36109,42,216654
36110,42,216660
36111,42,216666
36112,42,216672
36113,42,216678
36114,42,216684
36115,42,216690
36116,42,216696
36117,42,216702
36118,42,216708
36119,42,216714
36120,42,216720
36121,42,216726
36122,42,216732
36123,42,216738
36124,42,216744
36125,42,216750
36126,42,216756
36127,42,216762
36128,42,216768
36129,42,216774
36130,42,216780
36131,42,216786
36132,42,216792
36133,42,216798
36134,42,216804
36135,42,216810
36136,42,216816
36137,42,216822
36138,42,216828
36139,42,216834
36140,42,216840
36141,42,216846
36142,42,216852
36143,42,216858
36144,42,216864
36145,42,216870
36146,42,216876
36147,42,216882
36148,42,216888
36149,42,216894
36150,42,216900
36151,42,216906
36152,42,216912
36153,42,216918
36154,42,216924
36155,42,216930
36156,42,216936
36157,42,216942
36158,42,216948
36159,42,216954
36160,42,216960
36161,42,216966
36162,42,216972
36163,42,216978
36164,42,216984
36165,42,216990
36166,42,216996
36167,42,217002
36168,42,217008
36169,42,217014
36170,42,217020
36171,42,217026
36172,42,217032
36173,42,217038
36174,42,217044
36175,42,217050
36176,42,217056
36177,42,217062
36178,42,217068
36179,42,217074
36180,42,217080
36181,42,217086
36182,42,217092
36183,42,217098
36184,42,217104
36185,42,217110
36186,42,217116
36187,42,217122
36188,42,217128
36189,42,217134
36190,42,217140
36191,42,217146
36192,42,217152
36193,42,217158
36194,42,217164
36195,42,217170
36196,42,217176
36197,42,217182
36198,42,217188
36199,42,217194
36200,42,217200
36201,42,217206
36202,42,217212
36203,42,217218
36204,42,217224
36205,42,217230
36206,42,217236
36207,42,217242
36208,42,217248
36209,42,217254
36210,42,217260
36211,42,217266
36212,42,217272
36213,42,217278
36214,42,217284
36215,42,217290
36216,42,217296
36217,42,217302
36218,42,217308
36219,42,217314
36220,42,217320
36221,42,217326
36222,42,217332
36223,42,217338
36224,42,217344
36225,42,217350
36226,42,217356
36227,42,217362
36228,42,217368
36229,42,217374
36230,42,217380
36231,42,217386
36232,42,217392
36233,42,217398
36234,42,217404
36235,42,217410
36236,42,217416
36237,42,217422
36238,42,217428
36239,42,217434
36240,42,217440
36241,42,217446
36242,42,217452
36243,42,217458
36244,42,217464
36245,42,217470
36246,42,217476
36247,42,217482
36248,42,217488
36249,42,217494
36250,42,217500
36251,42,217506
36252,42,217512
36253,42,217518
36254,42,217524
36255,42,217530
36256,42,217536
36257,42,217542
36258,42,217548
36259,42,217554
36260,42,217560
36261,42,217566
36262,42,217572
36263,42,217578
36264,42,217584
36265,42,217590
36266,42,217596
36267,42,217602
36268,42,217608
36269,42,217614
36270,42,217620
36271,42,217626
36272,42,217632
36273,42,217638
36274,42,217644
36275,42,217650
36276,42,217656
36277,42,217662
36278,42,217668
36279,42,217674
36280,42,217680
36281,42,217686
36282,42,217692
36283,42,217698
36284,42,217704
36285,42,217710
36286,42,217716
36287,42,217722
36288,42,217728
36289,42,217734
36290,42,217740
36291,42,217746
36292,42,217752
36293,42,217758
36294,42,217764
36295,42,217770
36296,42,217776
36297,42,217782
36298,42,217788
36299,42,217794
36300,42,217800
36301,42,217806
36302,42,217812
36303,42,217818
36304,42,217824
36305,42,217830
36306,42,217836
36307,42,217842
36308,43,217848
36309,43,217854
36310,43,217860
36311,43,217866
36312,43,217872
36313,43,217878
36314,43,217884
36315,43,217890
36316,43,217896
36317,43,217902
36318,43,217908
36319,43,217914
36320,43,217920
36321,43,217926
36322,43,217932
36323,43,217938
36324,43,217944
36325,43,217950
36326,43,217956
36327,43,217962
36328,43,217968
36329,43,217974
36330,43,217980
36331,43,217986
36332,43,217992
36333,43,217998
36334,43,218004
36335,43,218010
36336,43,218016
36337,43,218022
36338,43,218028
36339,43,218034
36340,43,218040
36341,43,218046
36342,43,218052
36343,43,218058
36344,43,218064
36345,43,218070
36346,43,218076
36347,43,218082
36348,43,218088
36349,43,218094
36350,43,218100
36351,43,218106
36352,43,218112
36353,43,218118
36354,43,218124
36355,43,218130
36356,43,218136
36357,43,218142
36358,43,218148
36359,43,218154
36360,43,218160
36361,43,218166
36362,43,218172
36363,43,218178
36364,43,218184
36365,43,218190
36366,43,218196
36367,43,218202
36368,43,218208
36369,43,218214
36370,43,218220
36371,43,218226
36372,43,218232
36373,43,218238
36374,43,218244
36375,43,218250
36376,43,218256
36377,43,218262
36378,43,218268
36379,43,218274
36380,43,218280
36381,43,218286
36382,43,218292
36383,43,218298
36384,43,218304
36385,43,218310
36386,43,218316
36387,43,218322
36388,43,218328
36389,43,218334
36390,43,218340
36391,43,218346
36392,43,218352
36393,43,218358
36394,43,218364
36395,43,218370
36396,43,218376
36397,43,218382
36398,43,218388
36399,43,218394
36400,43,218400
36401,43,218406
36402,43,218412
36403,43,218418
36404,43,218424
36405,43,218430
36406,43,218436
36407,43,218442
36408,43,218448
36409,43,218454
36410,43,218460
36411,43,218466
36412,43,218472
36413,43,218478
36414,43,218484
36415,43,218490
36416,43,218496
36417,43,218502
36418,43,218508
36419,43,218514
36420,43,218520
36421,43,218526
36422,43,218532
36423,43,218538
36424,43,218544
36425,43,218550
36426,43,218556
36427,43,218562
36428,43,218568
36429,43,218574
36430,43,218580
36431,43,218586
36432,43,218592
36433,43,218598
36434,43,218604
36435,43,218610
36436,43,218616
36437,43,218622
36438,43,218628
36439,43,218634
36440,43,218640
36441,43,218646
36442,43,218652
36443,43,218658
36444,43,218664
36445,43,218670
36446,43,218676
36447,43,218682
36448,43,218688
36449,43,218694
36450,43,218700
36451,43,218706
36452,43,218712
36453,43,218718
36454,43,218724
36455,43,218730
36456,43,218736
36457,43,218742
36458,43,218748
36459,43,218754
36460,43,218760
36461,43,218766
36462,43,218772
36463,43,218778
36464,43,218784
36465,43,218790
36466,43,218796
36467,43,218802
36468,43,218808
36469,43,218814
36470,43,218820
36471,43,218826
36472,43,218832
36473,43,218838
36474,43,218844
36475,43,218850
36476,43,218856
36477,43,218862
36478,43,218868
36479,43,218874
36480,43,218880
36481,43,218886
36482,43,218892
36483,43,218898
36484,43,218904
36485,43,218910
36486,43,218916
36487,43,218922
36488,43,218928
36489,43,218934
36490,43,218940
36491,43,218946
36492,43,218952
36493,43,218958
36494,43,218964
36495,43,218970
36496,43,218976
36497,43,218982
36498,43,218988
36499,43,218994
36500,43,219000
36501,43,219006
36502,43,219012
36503,43,219018
36504,43,219024
36505,43,219030
36506,43,219036
36507,43,219042
36508,43,219048
36509,43,219054
36510,43,219060
36511,43,219066
36512,43,219072
36513,43,219078
36514,43,219084
36515,43,219090
36516,43,219096
36517,43,219102
36518,43,219108
36519,43,219114
36520,43,219120
36521,43,219126
36522,43,219132
36523,43,219138
36524,43,219144
36525,43,219150
36526,43,219156
36527,44,219162
36528,44,219168
36529,44,219174
36530,44,219180
36531,44,219186
36532,44,219192
36533,44,219198
36534,44,219204
36535,44,219210
36536,44,219216
36537,44,219222
36538,44,219228
36539,44,219234
36540,44,219240
36541,44,219246
36542,44,219252
36543,44,219258
36544,44,219264
36545,44,219270
36546,44,219276
36547,44,219282
36548,44,219288
36549,44,219294
36550,44,219300
36551,44,219306
36552,44,219312
36553,44,219318
36554,44,219324
36555,44,219330
36556,44,219336
36557,44,219342
36558,44,219348
36559,44,219354
36560,44,219360
36561,44,219366
36562,44,219372
36563,44,219378
36564,44,219384
36565,44,219390
36566,44,219396
36567,44,219402
36568,44,219408
36569,44,219414
36570,44,219420
36571,44,219426
36572,44,219432
36573,44,219438
36574,44,219444
36575,44,219450
36576,44,219456
36577,44,219462
36578,44,219468
36579,44,219474
36580,44,219480
36581,44,219486
36582,44,219492
36583,44,219498
36584,44,219504
36585,44,219510
36586,44,219516
36587,44,219522
36588,44,219528
36589,44,219534
36590,44,219540
36591,44,219546
36592,44,219552
36593,44,219558
36594,44,219564
36595,44,219570
36596,44,219576
36597,44,219582
36598,44,219588
36599,44,219594
36600,44,219600
36601,44,219606
36602,44,219612
36603,44,219618
36604,44,219624
36605,44,219630
36606,44,219636
36607,44,219642
36608,44,219648
36609,44,219654
36610,44,219660
36611,44,219666
36612,44,219672
36613,44,219678
36614,44,219684
36615,44,219690
36616,44,219696
36617,44,219702
36618,44,219708
36619,44,219714
36620,44,219720
36621,44,219726
36622,44,219732
36623,44,219738
36624,44,219744
36625,44,219750
36626,44,219756
36627,44,219762
36628,44,219768
36629,44,219774
36630,44,219780
36631,44,219786
36632,44,219792
36633,44,219798
36634,44,219804
36635,44,219810
36636,44,219816
36637,44,219822
36638,44,219828
36639,44,219834
36640,44,219840
36641,44,219846
36642,44,219852
36643,44,219858
36644,44,219864
36645,44,219870
36646,44,219876
36647,44,219882
36648,44,219888
36649,44,219894
36650,44,219900
36651,44,219906
36652,44,219912
36653,44,219918
36654,44,219924
36655,44,219930
36656,44,219936
36657,44,219942
36658,44,219948
36659,44,219954
36660,44,219960
36661,44,219966
36662,44,219972
36663,44,219978
36664,44,219984
36665,44,219990
36666,44,219996
36667,44,220002
36668,44,220008
36669,44,220014
36670,44,220020
36671,44,220026
36672,44,220032
36673,44,220038
36674,44,220044
36675,44,220050
36676,44,220056
36677,44,220062
36678,44,220068
36679,44,220074
36680,44,220080
36681,44,220086
36682,44,220092
36683,44,220098
36684,44,220104
36685,44,220110
36686,44,220116
36687,44,220122
36688,44,220128
36689,44,220134
36690,44,220140
36691,44,220146
36692,44,220152
36693,44,220158
36694,44,220164
36695,44,220170
36696,44,220176
36697,44,220182
36698,44,220188
36699,44,220194
36700,44,220200
36701,44,220206
36702,44,220212
36703,44,220218
36704,44,220224
36705,44,220230
36706,44,220236
36707,44,220242
36708,44,220248
36709,44,220254
36710,44,220260
36711,44,220266
36712,44,220272
36713,44,220278
36714,44,220284
36715,44,220290
36716,44,220296
36717,44,220302
36718,44,220308
36719,44,220314
36720,44,220320
36721,44,220326
36722,44,220332
36723,44,220338
36724,44,220344
36725,44,220350
36726,44,220356
36727,44,220362
36728,44,220368
36729,44,220374
36730,44,220380
36731,44,220386
36732,44,220392
36733,44,220398
36734,44,220404
36735,44,220410
36736,44,220416
36737,44,220422
36738,44,220428
36739,44,220434
36740,44,220440
36741,44,220446
36742,44,220452
36743,44,220458
36744,44,220464
36745,44,220470
36746,44,220476
36747,44,220482
36748,44,220488
36749,44,220494
36750,44,220500
36751,44,220506
36752,44,220512
36753,44,220518
36754,44,220524
36755,44,220530
36756,44,220536
36757,44,220542
36758,44,220548
36759,44,220554
36760,44,220560
36761,44,220566
36762,44,220572
36763,44,220578
36764,44,220584
36765,44,220590
36766,44,220596
36767,44,220602
36768,45,220608
36769,45,220614
36770,45,220620
36771,45,220626
36772,45,220632
36773,45,220638
36774,45,220644
36775,45,220650
36776,45,220656
36777,45,220662
36778,45,220668
36779,45,220674
36780,45,220680
36781,45,220686
36782,45,220692
36783,45,220698
36784,45,220704
36785,45,220710
36786,45,220716
36787,45,220722
36788,45,220728
36789,45,220734
36790,45,220740
36791,45,220746
36792,45,220752
36793,45,220758
36794,45,220764
36795,45,220770
36796,45,220776
36797,45,220782
36798,45,220788
36799,45,220794
36800,45,220800
36801,45,220806
36802,45,220812
36803,45,220818
36804,45,220824
36805,45,220830
36806,45,220836
36807,45,220842
36808,45,220848
36809,45,220854
36810,45,220860
36811,45,220866
36812,45,220872
36813,45,220878
36814,45,220884
36815,45,220890
36816,45,220896
36817,45,220902
36818,45,220908
36819,45,220914
36820,45,220920
36821,45,220926
36822,45,220932
36823,45,220938
36824,45,220944
36825,45,220950
36826,45,220956
36827,45,220962
36828,45,220968
36829,45,220974
36830,45,220980
36831,45,220986
36832,45,220992
36833,45,220998
36834,45,221004
36835,45,221010
36836,45,221016
36837,45,221022
36838,45,221028
36839,45,221034
36840,45,221040
36841,45,221046
36842,45,221052
36843,45,221058
36844,45,221064
36845,45,221070
36846,45,221076
36847,45,221082
36848,45,221088
36849,45,221094
36850,45,221100
36851,45,221106
36852,45,221112
36853,45,221118
36854,45,221124
36855,45,221130
36856,45,221136
36857,45,221142
36858,45,221148
36859,45,221154
36860,45,221160
36861,45,221166
36862,45,221172
36863,45,221178
36864,45,221184
36865,45,221190
36866,45,221196
36867,45,221202
36868,45,221208
36869,45,221214
36870,45,221220
36871,45,221226
36872,45,221232
36873,45,221238
36874,45,221244
36875,45,221250
36876,45,221256
36877,45,221262
36878,45,221268
36879,45,221274
36880,45,221280
36881,45,221286
36882,45,221292
36883,45,221298
36884,45,221304
36885,45,221310
36886,45,221316
36887,45,221322
36888,45,221328
36889,45,221334
36890,45,221340
36891,45,221346
36892,45,221352
36893,45,221358
36894,45,221364
36895,45,221370
36896,45,221376
36897,45,221382
36898,45,221388
36899,45,221394
36900,45,221400
36901,45,221406
36902,45,221412
36903,45,221418
36904,45,221424
36905,45,221430
36906,45,221436
36907,45,221442
36908,45,221448
36909,45,221454
36910,45,221460
36911,45,221466
36912,45,221472
36913,45,221478
36914,45,221484
36915,45,221490
36916,45,221496
36917,45,221502
36918,45,221508
36919,45,221514
36920,45,221520
36921,45,221526
36922,45,221532
36923,45,221538
36924,45,221544
36925,45,221550
36926,45,221556
36927,45,221562
36928,45,221568
36929,45,221574
36930,45,221580
36931,45,221586
36932,45,221592
36933,45,221598
36934,45,221604
36935,45,221610
36936,45,221616
36937,45,221622
36938,45,221628
36939,45,221634
36940,45,221640
36941,45,221646
36942,45,221652
36943,45,221658
36944,45,221664
36945,45,221670
36946,45,221676
36947,45,221682
36948,45,221688
36949,45,221694
36950,45,221700
36951,45,221706
36952,45,221712
36953,45,221718
36954,45,221724
36955,45,221730
36956,45,221736
36957,45,221742
36958,45,221748
36959,45,221754
36960,45,221760
36961,45,221766
36962,45,221772
36963,45,221778
36964,45,221784
36965,45,221790
36966,46,221796
36967,46,221802
36968,46,221808
36969,46,221814
36970,46,221820
36971,46,221826
36972,46,221832
36973,46,221838
36974,46,221844
36975,46,221850
36976,46,221856
36977,46,221862
36978,46,221868
36979,46,221874
36980,46,221880
36981,46,221886
36982,46,221892
36983,46,221898
36984,46,221904
36985,46,221910
36986,46,221916
36987,46,221922
36988,46,221928
36989,46,221934
36990,46,221940
36991,46,221946
36992,46,221952
36993,46,221958
36994,46,221964
36995,46,221970
36996,46,221976
36997,46,221982
36998,46,221988
36999,46,221994
37000,46,222000
37001,46,222006
37002,46,222012
37003,46,222018
37004,46,222024
37005,46,222030
37006,46,222036
37007,46,222042
37008,46,222048
37009,46,222054
37010,46,222060
37011,46,222066
37012,46,222072
37013,46,222078
37014,46,222084
37015,46,222090
37016,46,222096
37017,46,222102
37018,46,222108
37019,46,222114
37020,46,222120
37021,46,222126
37022,46,222132
37023,46,222138
37024,46,222144
37025,46,222150
37026,46,222156
37027,46,222162
37028,46,222168
37029,46,222174
37030,46,222180
37031,46,222186
37032,46,222192
37033,46,222198
37034,46,222204
37035,46,222210
37036,46,222216
37037,46,222222
37038,46,222228
37039,46,222234
37040,46,222240
37041,46,222246
37042,46,222252
37043,46,222258
37044,46,222264
37045,46,222270
37046,46,222276
37047,46,222282
37048,46,222288
37049,46,222294
37050,46,222300
37051,46,222306
37052,46,222312
37053,46,222318
37054,46,222324
37055,46,222330
37056,46,222336
37057,46,222342
37058,46,222348
37059,46,222354
37060,46,222360
37061,46,222366
37062,46,222372
37063,46,222378
37064,46,222384
37065,46,222390
37066,46,222396
37067,46,222402
37068,46,222408
37069,46,222414
37070,46,222420
37071,46,222426
37072,46,222432
37073,46,222438
37074,46,222444
37075,46,222450
37076,46,222456
37077,46,222462
37078,46,222468
37079,46,222474
37080,46,222480
37081,46,222486
37082,46,222492
37083,46,222498
37084,46,222504
37085,46,222510
37086,46,222516
37087,46,222522
37088,46,222528
37089,46,222534
37090,46,222540
37091,46,222546
37092,46,222552
37093,46,222558
37094,46,222564
37095,46,222570
37096,46,222576
37097,46,222582
37098,46,222588
37099,46,222594
37100,46,222600
37101,46,222606
37102,46,222612
37103,46,222618
37104,46,222624
37105,46,222630
37106,46,222636
37107,46,222642
37108,46,222648
37109,46,222654
37110,46,222660
37111,46,222666
37112,46,222672
37113,46,222678
37114,46,222684
37115,46,222690
37116,46,222696
37117,46,222702
37118,46,222708
37119,46,222714
37120,46,222720
37121,46,222726
37122,46,222732
37123,46,222738
37124,46,222744
37125,46,222750
37126,46,222756
37127,46,222762
37128,46,222768
37129,46,222774
37130,46,222780
37131,46,222786
37132,46,222792
37133,46,222798
37134,46,222804
37135,46,222810
37136,46,222816
37137,46,222822
37138,46,222828
37139,46,222834
37140,46,222840
37141,46,222846
37142,46,222852
37143,46,222858
37144,46,222864
37145,46,222870
37146,46,222876
37147,46,222882
37148,46,222888
37149,46,222894
37150,46,222900
37151,46,222906
37152,46,222912
37153,46,222918
37154,46,222924
37155,46,222930
37156,46,222936
37157,46,222942
37158,46,222948
37159,46,222954
37160,46,222960
37161,46,222966
37162,46,222972
37163,46,222978
37164,46,222984
37165,46,222990
37166,46,222996
37167,46,223002
37168,46,223008
37169,46,223014
37170,46,223020
37171,46,223026
37172,46,223032
37173,46,223038
37174,46,223044
37175,46,223050
37176,46,223056
37177,46,223062
37178,46,223068
37179,46,223074
37180,46,223080
37181,46,223086
37182,46,223092
37183,47,223098
37184,47,223104
37185,47,223110
37186,47,223116
37187,47,223122
37188,47,223128
37189,47,223134
37190,47,223140
37191,47,223146
37192,47,223152
37193,47,223158
37194,47,223164
37195,47,223170
37196,47,223176
37197,47,223182
37198,47,223188
37199,47,223194
37200,47,223200
37201,47,223206
37202,47,223212
37203,47,223218
37204,47,223224
37205,47,223230
37206,47,223236
37207,47,223242
37208,47,223248
37209,47,223254
37210,47,223260
37211,47,223266
37212,47,223272
37213,47,223278
37214,47,223284
37215,47,223290
37216,47,223296
37217,47,223302
37218,47,223308
37219,47,223314
37220,47,223320
37221,47,223326
37222,47,223332
37223,47,223338
37224,47,223344
37225,47,223350
37226,47,223356
37227,47,223362
37228,47,223368
37229,47,223374
37230,47,223380
37231,47,223386
37232,47,223392
37233,47,223398
37234,47,223404
37235,47,223410
37236,47,223416
37237,47,223422
37238,47,223428
37239,47,223434
37240,47,223440
37241,47,223446
37242,47,223452
37243,47,223458
37244,47,223464
37245,47,223470
37246,47,223476
37247,47,223482
37248,47,223488
37249,47,223494
37250,47,223500
37251,47,223506
37252,47,223512
37253,47,223518
37254,47,223524
37255,47,223530
37256,47,223536
37257,47,223542
37258,47,223548
37259,47,223554
37260,47,223560
37261,47,223566
37262,47,223572
37263,47,223578
37264,47,223584
37265,47,223590
37266,47,223596
37267,47,223602
37268,47,223608
37269,47,223614
37270,47,223620
37271,47,223626
37272,47,223632
37273,47,223638
37274,47,223644
37275,47,223650
37276,47,223656
37277,47,223662
37278,47,223668
37279,47,223674
37280,47,223680
37281,47,223686
37282,47,223692
37283,47,223698
37284,47,223704
37285,47,223710
37286,47,223716
37287,47,223722
37288,47,223728
37289,47,223734
37290,47,223740
37291,47,223746
37292,47,223752
37293,47,223758
37294,47,223764
37295,47,223770
37296,47,223776
37297,47,223782
37298,47,223788
37299,47,223794
37300,47,223800
37301,47,223806
37302,47,223812
37303,47,223818
37304,47,223824
37305,47,223830
37306,47,223836
37307,47,223842
37308,47,223848
37309,47,223854
37310,47,223860
37311,47,223866
37312,47,223872
37313,47,223878
37314,47,223884
37315,47,223890
37316,47,223896
37317,47,223902
37318,47,223908
37319,47,223914
37320,47,223920
37321,47,223926
37322,47,223932
37323,47,223938
37324,47,223944
37325,47,223950
37326,47,223956
37327,47,223962
37328,47,223968
37329,47,223974
37330,47,223980
37331,47,223986
37332,47,223992
37333,47,223998
37334,47,224004
37335,47,224010
37336,47,224016
37337,47,224022
37338,47,224028
37339,47,224034
37340,47,224040
37341,47,224046
37342,47,224052
37343,47,224058
37344,47,224064
37345,47,224070
37346,47,224076
37347,47,224082
37348,47,224088
37349,47,224094
37350,47,224100
37351,47,224106
37352,47,224112
37353,47,224118
37354,47,224124
37355,47,224130
37356,47,224136
37357,47,224142
37358,47,224148
37359,47,224154
37360,47,224160
37361,47,224166
37362,47,224172
37363,47,224178
37364,47,224184
37365,47,224190
37366,47,224196
37367,47,224202
37368,47,224208
37369,47,224214
37370,47,224220
37371,47,224226
37372,47,224232
37373,47,224238
37374,47,224244
37375,47,224250
37376,47,224256
37377,47,224262
37378,47,224268
37379,47,224274
37380,47,224280
37381,47,224286
37382,47,224292
37383,47,224298
37384,47,224304
37385,47,224310
37386,48,224316
37387,48,224322
37388,48,224328
37389,48,224334
37390,48,224340
37391,48,224346
37392,48,224352
37393,48,224358
37394,48,224364
37395,48,224370
37396,48,224376
37397,48,224382
37398,48,224388
37399,48,224394
37400,48,224400
37401,48,224406
37402,48,224412
37403,48,224418
37404,48,224424
37405,48,224430
37406,48,224436
37407,48,224442
37408,48,224448
37409,48,224454
37410,48,224460
37411,48,224466
37412,48,224472
37413,48,224478
37414,48,224484
37415,48,224490
37416,48,224496
37417,48,224502
37418,48,224508
37419,48,224514
37420,48,224520
37421,48,224526
37422,48,224532
37423,48,224538
37424,48,224544
37425,48,224550
37426,48,224556
37427,48,224562
37428,48,224568
37429,48,224574
37430,48,224580
37431,48,224586
37432,48,224592
37433,48,224598
37434,48,224604
37435,48,224610
37436,48,224616
37437,48,224622
37438,48,224628
37439,48,224634
37440,48,224640
37441,48,224646
37442,48,224652
37443,48,224658
37444,48,224664
37445,48,224670
37446,48,224676
37447,48,224682
37448,48,224688
37449,48,224694
37450,48,224700
37451,48,224706
37452,48,224712
37453,48,224718
37454,48,224724
37455,48,224730
37456,48,224736
37457,48,224742
37458,48,224748
37459,48,224754
37460,48,224760
37461,48,224766
37462,48,224772
37463,48,224778
37464,48,224784
37465,48,224790
37466,48,224796
37467,48,224802
37468,48,224808
37469,48,224814
37470,48,224820
37471,48,224826
37472,48,224832
37473,48,224838
37474,48,224844
37475,48,224850
37476,48,224856
37477,48,224862
37478,48,224868
37479,48,224874
37480,48,224880
37481,48,224886
37482,48,224892
37483,48,224898
37484,48,224904
37485,48,224910
37486,48,224916
37487,48,224922
37488,48,224928
37489,48,224934
37490,48,224940
37491,48,224946
37492,48,224952
37493,48,224958
37494,48,224964
37495,48,224970
37496,48,224976
37497,48,224982
37498,48,224988
37499,48,224994
37500,48,225000
37501,48,225006
37502,48,225012
37503,48,225018
37504,48,225024
37505,48,225030
37506,48,225036
37507,48,225042
37508,48,225048
37509,48,225054
37510,48,225060
37511,48,225066
37512,48,225072
37513,48,225078
37514,48,225084
37515,48,225090
37516,48,225096
37517,48,225102
37518,48,225108
37519,48,225114
37520,48,225120
37521,48,225126
37522,48,225132
37523,48,225138
37524,48,225144
37525,48,225150
37526,48,225156
37527,48,225162
37528,48,225168
37529,48,225174
37530,48,225180
37531,48,225186
37532,48,225192
37533,48,225198
37534,48,225204
37535,48,225210
37536,48,225216
37537,48,225222
37538,48,225228
37539,48,225234
37540,48,225240
37541,48,225246
37542,48,225252
37543,48,225258
37544,48,225264
37545,48,225270
37546,48,225276
37547,48,225282
37548,48,225288
37549,48,225294
37550,48,225300
37551,48,225306
37552,48,225312
37553,48,225318
37554,48,225324
37555,48,225330
37556,48,225336
37557,48,225342
37558,48,225348
37559,48,225354
37560,48,225360
37561,48,225366
37562,48,225372
37563,48,225378
37564,48,225384
37565,48,225390
37566,48,225396
37567,48,225402
37568,48,225408
37569,48,225414
37570,48,225420
37571,48,225426
37572,48,225432
37573,48,225438
37574,48,225444
37575,49,225450
37576,49,225456
37577,49,225462
37578,49,225468
37579,49,225474
37580,49,225480
37581,49,225486
37582,49,225492
37583,49,225498
37584,49,225504
37585,49,225510
37586,49,225516
37587,49,225522
37588,49,225528
37589,49,225534
37590,49,225540
37591,49,225546
37592,49,225552
37593,49,225558
37594,49,225564
37595,49,225570
37596,49,225576
37597,49,225582
37598,49,225588
37599,49,225594
37600,49,225600
37601,49,225606
37602,49,225612
37603,49,225618
37604,49,225624
37605,49,225630
37606,49,225636
37607,49,225642
37608,49,225648
37609,49,225654
37610,49,225660
37611,49,225666
37612,49,225672
37613,49,225678
37614,49,225684
37615,49,225690
37616,49,225696
37617,49,225702
37618,49,225708
37619,49,225714
37620,49,225720
37621,49,225726
37622,49,225732
37623,49,225738
37624,49,225744
37625,49,225750
37626,49,225756
37627,49,225762
37628,49,225768
37629,49,225774
37630,49,225780
37631,49,225786
37632,49,225792
37633,49,225798
37634,49,225804
37635,49,225810
37636,49,225816
37637,49,225822
37638,49,225828
37639,49,225834
37640,49,225840
37641,49,225846
37642,49,225852
37643,49,225858
37644,49,225864
37645,49,225870
37646,49,225876
37647,49,225882
37648,49,225888
37649,49,225894
37650,49,225900
37651,49,225906
37652,49,225912
37653,49,225918
37654,49,225924
37655,49,225930
37656,49,225936
37657,49,225942
37658,49,225948
37659,49,225954
37660,49,225960
37661,49,225966
37662,49,225972
37663,49,225978
37664,49,225984
37665,49,225990
37666,49,225996
37667,49,226002
37668,49,226008
37669,49,226014
37670,49,226020
37671,49,226026
37672,49,226032
37673,49,226038
37674,49,226044
37675,49,226050
37676,49,226056
37677,49,226062
37678,49,226068
37679,49,226074
37680,49,226080
37681,49,226086
37682,49,226092
37683,49,226098
37684,49,226104
37685,49,226110
37686,49,226116
37687,49,226122
37688,49,226128
37689,49,226134
37690,49,226140
37691,49,226146
37692,49,226152
37693,49,226158
37694,49,226164
37695,49,226170
37696,49,226176
37697,49,226182
37698,49,226188
37699,49,226194
37700,49,226200
37701,49,226206
37702,49,226212
37703,49,226218
37704,49,226224
37705,49,226230
37706,49,226236
37707,49,226242
37708,49,226248
37709,49,226254
37710,49,226260
37711,49,226266
37712,49,226272
37713,49,226278
37714,49,226284
37715,49,226290
37716,49,226296
37717,49,226302
37718,49,226308
37719,49,226314
37720,49,226320
37721,49,226326
37722,49,226332
37723,49,226338
37724,49,226344
37725,49,226350
37726,49,226356
37727,49,226362
37728,49,226368
37729,49,226374
37730,49,226380
37731,49,226386
37732,49,226392
37733,49,226398
37734,49,226404
37735,49,226410
37736,49,226416
37737,49,226422
37738,49,226428
37739,49,226434
37740,49,226440
37741,49,226446
37742,49,226452
37743,49,226458
37744,49,226464
37745,49,226470
37746,49,226476
37747,49,226482
37748,49,226488
37749,49,226494
37750,49,226500
37751,49,226506
37752,49,226512
37753,49,226518
37754,49,226524
37755,49,226530
37756,49,226536
37757,49,226542
37758,49,226548
37759,50,226554
37760,50,226560
37761,50,226566
37762,50,226572
37763,50,226578
37764,50,226584
37765,50,226590
37766,50,226596
37767,50,226602
37768,50,226608
37769,50,226614
37770,50,226620
37771,50,226626
37772,50,226632
37773,50,226638
37774,50,226644
37775,50,226650
37776,50,226656
37777,50,226662
37778,50,226668
37779,50,226674
37780,50,226680
37781,50,226686
37782,50,226692
37783,50,226698
37784,50,226704
37785,50,226710
37786,50,226716
37787,50,226722
37788,50,226728
37789,50,226734
37790,50,226740
37791,50,226746
37792,50,226752
37793,50,226758
37794,50,226764
37795,50,226770
37796,50,226776
37797,50,226782
37798,50,226788
37799,50,226794
37800,50,226800
37801,50,226806
37802,50,226812
37803,50,226818
37804,50,226824
37805,50,226830
37806,50,226836
37807,50,226842
37808,50,226848
37809,50,226854
37810,50,226860
37811,50,226866
37812,50,226872
37813,50,226878
37814,50,226884
37815,50,226890
37816,50,226896
37817,50,226902
37818,50,226908
37819,50,226914
37820,50,226920
37821,50,226926
37822,50,226932
37823,50,226938
37824,50,226944
37825,50,226950
37826,50,226956
37827,50,226962
37828,50,226968
37829,50,226974
37830,50,226980
37831,50,226986
37832,50,226992
37833,50,226998
37834,50,227004
37835,50,227010
37836,50,227016
37837,50,227022
37838,50,227028
37839,50,227034
37840,50,227040
37841,50,227046
37842,50,227052
37843,50,227058
37844,50,227064
37845,50,227070
37846,50,227076
37847,50,227082
37848,50,227088
37849,50,227094
37850,50,227100
37851,50,227106
37852,50,227112
37853,50,227118
37854,50,227124
37855,50,227130
37856,50,227136
37857,50,227142
37858,50,227148
37859,50,227154
37860,50,227160
37861,50,227166
37862,50,227172
37863,50,227178
37864,50,227184
37865,50,227190
37866,50,227196
37867,50,227202
37868,50,227208
37869,50,227214
37870,50,227220
37871,50,227226
37872,50,227232
37873,50,227238
37874,50,227244
37875,50,227250
37876,50,227256
37877,50,227262
37878,50,227268
37879,50,227274
37880,50,227280
37881,50,227286
37882,50,227292
37883,50,227298
37884,50,227304
37885,50,227310
37886,50,227316
37887,50,227322
37888,50,227328
37889,50,227334
37890,50,227340
37891,50,227346
37892,50,227352
37893,50,227358
37894,50,227364
37895,50,227370
37896,50,227376
37897,50,227382
37898,50,227388
37899,50,227394
37900,50,227400
37901,50,227406
37902,50,227412
37903,50,227418
37904,50,227424
37905,50,227430
37906,50,227436
37907,50,227442
37908,50,227448
37909,50,227454
37910,50,227460
37911,50,227466
37912,50,227472
37913,50,227478
37914,50,227484
37915,50,227490
37916,50,227496
37917,50,227502
37918,50,227508
37919,50,227514
37920,50,227520
37921,50,227526
37922,50,227532
37923,50,227538
37924,50,227544
37925,50,227550
37926,50,227556
37927,50,227562
37928,50,227568
37929,50,227574
37930,50,227580
37931,50,227586
37932,50,227592
37933,50,227598
37934,50,227604
37935,50,227610
37936,50,227616
37937,50,227622
37938,50,227628
37939,50,227634
37940,50,227640
37941,50,227646
37942,50,227652
37943,50,227658
37944,50,227664
37945,50,227670
37946,50,227676
37947,50,227682
37948,50,227688
37949,50,227694
37950,50,227700
37951,50,227706
37952,50,227712
37953,50,227718
37954,50,227724
37955,50,227730
37956,50,227736
37957,50,227742
37958,50,227748
37959,51,227754
37960,51,227760
37961,51,227766
37962,51,227772
37963,51,227778
37964,51,227784
37965,51,227790
37966,51,227796
37967,51,227802
37968,51,227808
37969,51,227814
37970,51,227820
37971,51,227826
37972,51,227832
37973,51,227838
37974,51,227844
37975,51,227850
37976,51,227856
37977,51,227862
37978,51,227868
37979,51,227874
37980,51,227880
37981,51,227886
37982,51,227892
37983,51,227898
37984,51,227904
37985,51,227910
37986,51,227916
37987,51,227922
37988,51,227928
37989,51,227934
37990,51,227940
37991,51,227946
37992,51,227952
37993,51,227958
37994,51,227964
37995,51,227970
37996,51,227976
37997,51,227982
37998,51,227988
37999,51,227994
38000,51,228000
38001,51,228006
38002,51,228012
38003,51,228018
38004,51,228024
38005,51,228030
38006,51,228036
38007,51,228042
38008,51,228048
38009,51,228054
38010,51,228060
38011,51,228066
38012,51,228072
38013,51,228078
38014,51,228084
38015,51,228090
38016,51,228096
38017,51,228102
38018,51,228108
38019,51,228114
38020,51,228120
38021,51,228126
38022,51,228132
38023,51,228138
38024,51,228144
38025,51,228150
38026,51,228156
38027,51,228162
38028,51,228168
38029,51,228174
38030,51,228180
38031,51,228186
38032,51,228192
38033,51,228198
38034,51,228204
38035,51,228210
38036,51,228216
38037,51,228222
38038,51,228228
38039,51,228234
38040,51,228240
38041,51,228246
38042,51,228252
38043,51,228258
38044,51,228264
38045,51,228270
38046,51,228276
38047,51,228282
38048,51,228288
38049,51,228294
38050,51,228300
38051,51,228306
38052,51,228312
38053,51,228318
38054,51,228324
38055,51,228330
38056,51,228336
38057,51,228342
38058,51,228348
38059,51,228354
38060,51,228360
38061,51,228366
38062,51,228372
38063,51,228378
38064,51,228384
38065,51,228390
38066,51,228396
38067,51,228402
38068,51,228408
38069,51,228414
38070,51,228420
38071,51,228426
38072,51,228432
38073,51,228438
38074,51,228444
38075,51,228450
38076,51,228456
38077,51,228462
38078,51,228468
38079,51,228474
38080,51,228480
38081,51,228486
38082,51,228492
38083,51,228498
38084,51,228504
38085,51,228510
38086,51,228516
38087,51,228522
38088,51,228528
38089,51,228534
38090,51,228540
38091,51,228546
38092,51,228552
38093,51,228558
38094,51,228564
38095,51,228570
38096,51,228576
38097,51,228582
38098,51,228588
38099,51,228594
38100,51,228600
38101,51,228606
38102,51,228612
38103,51,228618
38104,51,228624
38105,51,228630
38106,51,228636
38107,51,228642
38108,51,228648
38109,51,228654
38110,51,228660
38111,51,228666
38112,51,228672
38113,51,228678
38114,51,228684
38115,51,228690
38116,51,228696
38117,51,228702
38118,51,228708
38119,51,228714
38120,51,228720
38121,51,228726
38122,51,228732
38123,51,228738
38124,51,228744
38125,51,228750
38126,51,228756
38127,51,228762
38128,51,228768
38129,51,228774
38130,51,228780
38131,51,228786
38132,51,228792
38133,51,228798
38134,51,228804
38135,51,228810
38136,51,228816
38137,51,228822
38138,51,228828
38139,51,228834
38140,52,228840
38141,52,228846
38142,52,228852
38143,52,228858
38144,52,228864
38145,52,228870
38146,52,228876
38147,52,228882
38148,52,228888
38149,52,228894
38150,52,228900
38151,52,228906
38152,52,228912
38153,52,228918
38154,52,228924
38155,52,228930
38156,52,228936
38157,52,228942
38158,52,228948
38159,52,228954
38160,52,228960
38161,52,228966
38162,52,228972
38163,52,228978
38164,52,228984
38165,52,228990
38166,52,228996
38167,52,229002
38168,52,229008
38169,52,229014
38170,52,229020
38171,52,229026
38172,52,229032
38173,52,229038
38174,52,229044
38175,52,229050
38176,52,229056
38177,52,229062
38178,52,229068
38179,52,229074
38180,52,229080
38181,52,229086
38182,52,229092
38183,52,229098
38184,52,229104
38185,52,229110
38186,52,229116
38187,52,229122
38188,52,229128
38189,52,229134
38190,52,229140
38191,52,229146
38192,52,229152
38193,52,229158
38194,52,229164
38195,52,229170
38196,52,229176
38197,52,229182
38198,52,229188
38199,52,229194
38200,52,229200
38201,52,229206
38202,52,229212
38203,52,229218
38204,52,229224
38205,52,229230
38206,52,229236
38207,52,229242
38208,52,229248
38209,52,229254
38210,52,229260
38211,52,229266
38212,52,229272
38213,52,229278
38214,52,229284
38215,52,229290
38216,52,229296
38217,52,229302
38218,52,229308
38219,52,229314
38220,52,229320
38221,52,229326
38222,52,229332
38223,52,229338
38224,52,229344
38225,52,229350
38226,52,229356
38227,52,229362
38228,52,229368
38229,52,229374
38230,52,229380
38231,52,229386
38232,52,229392
38233,52,229398
38234,52,229404
38235,52,229410
38236,52,229416
38237,52,229422
38238,52,229428
38239,52,229434
38240,52,229440
38241,52,229446
38242,52,229452
38243,52,229458
38244,52,229464
38245,52,229470
38246,52,229476
38247,52,229482
38248,52,229488
38249,52,229494
38250,52,229500
38251,52,229506
38252,52,229512
38253,52,229518
38254,52,229524
38255,52,229530
38256,52,229536
38257,52,229542
38258,52,229548
38259,52,229554
38260,52,229560
38261,52,229566
38262,52,229572
38263,52,229578
38264,52,229584
38265,52,229590
38266,52,229596
38267,52,229602
38268,52,229608
38269,52,229614
38270,52,229620
38271,52,229626
38272,52,229632
38273,52,229638
38274,52,229644
38275,52,229650
38276,52,229656
38277,52,229662
38278,52,229668
38279,52,229674
38280,52,229680
38281,52,229686
38282,52,229692
38283,52,229698
38284,52,229704
38285,52,229710
38286,52,229716
38287,52,229722
38288,52,229728
38289,52,229734
38290,52,229740
38291,52,229746
38292,52,229752
38293,52,229758
38294,52,229764
38295,52,229770
38296,52,229776
38297,52,229782
38298,52,229788
38299,52,229794
38300,52,229800
38301,52,229806
38302,52,229812
38303,52,229818
38304,52,229824
38305,52,229830
38306,52,229836
38307,52,229842
38308,52,229848
38309,52,229854
38310,52,229860
38311,52,229866
38312,52,229872
38313,52,229878
38314,52,229884
38315,52,229890
38316,52,229896
38317,52,229902
38318,52,229908
38319,52,229914
38320,52,229920
38321,52,229926
38322,52,229932
38323,52,229938
38324,52,229944
38325,52,229950
38326,52,229956
38327,52,229962
38328,52,229968
38329,52,229974
38330,52,229980
38331,52,229986
38332,52,229992
38333,52,229998
38334,52,230004
38335,52,230010
38336,52,230016
38337,52,230022
38338,52,230028
38339,52,230034
38340,53,230040
38341,53,230046
38342,53,230052
38343,53,230058
38344,53,230064
38345,53,230070
38346,53,230076
38347,53,230082
38348,53,230088
38349,53,230094
38350,53,230100
38351,53,230106
38352,53,230112
38353,53,230118
38354,53,230124
38355,53,230130
38356,53,230136
38357,53,230142
38358,53,230148
38359,53,230154
38360,53,230160
38361,53,230166
38362,53,230172
38363,53,230178
38364,53,230184
38365,53,230190
38366,53,230196
38367,53,230202
38368,53,230208
38369,53,230214
38370,53,230220
38371,53,230226
38372,53,230232
38373,53,230238
38374,53,230244
38375,53,230250
38376,53,230256
38377,53,230262
38378,53,230268
38379,53,230274
38380,53,230280
38381,53,230286
38382,53,230292
38383,53,230298
38384,53,230304
38385,53,230310
38386,53,230316
38387,53,230322
38388,53,230328
38389,53,230334
38390,53,230340
38391,53,230346
38392,53,230352
38393,53,230358
38394,53,230364
38395,53,230370
38396,53,230376
38397,53,230382
38398,53,230388
38399,53,230394
38400,53,230400
38401,53,230406
38402,53,230412
38403,53,230418
38404,53,230424
38405,53,230430
38406,53,230436
38407,53,230442
38408,53,230448
38409,53,230454
38410,53,230460
38411,53,230466
38412,53,230472
38413,53,230478
38414,53,230484
38415,53,230490
38416,53,230496
38417,53,230502
38418,53,230508
38419,53,230514
38420,53,230520
38421,53,230526
38422,53,230532
38423,53,230538
38424,53,230544
38425,53,230550
38426,53,230556
38427,53,230562
38428,53,230568
38429,53,230574
38430,53,230580
38431,53,230586
38432,53,230592
38433,53,230598
38434,53,230604
38435,53,230610
38436,53,230616
38437,53,230622
38438,53,230628
38439,53,230634
38440,53,230640
38441,53,230646
38442,53,230652
38443,53,230658
38444,53,230664
38445,53,230670
38446,53,230676
38447,53,230682
38448,53,230688
38449,53,230694
38450,53,230700
38451,53,230706
38452,53,230712
38453,53,230718
38454,53,230724
38455,53,230730
38456,53,230736
38457,53,230742
38458,53,230748
38459,53,230754
38460,53,230760
38461,53,230766
38462,53,230772
38463,53,230778
38464,53,230784
38465,53,230790
38466,53,230796
38467,53,230802
38468,53,230808
38469,53,230814
38470,53,230820
38471,53,230826
38472,53,230832
38473,53,230838
38474,53,230844
38475,53,230850
38476,53,230856
38477,53,230862
38478,53,230868
38479,53,230874
38480,53,230880
38481,53,230886
38482,53,230892
38483,53,230898
38484,53,230904
38485,53,230910
38486,53,230916
38487,53,230922
38488,53,230928
38489,53,230934
38490,53,230940
38491,53,230946
38492,53,230952
38493,53,230958
38494,53,230964
38495,53,230970
38496,53,230976
38497,53,230982
38498,53,230988
38499,53,230994
38500,53,231000
38501,53,231006
38502,53,231012
38503,53,231018
38504,53,231024
38505,53,231030
38506,53,231036
38507,53,231042
38508,53,231048
38509,53,231054
38510,53,231060
38511,53,231066
38512,53,231072
38513,53,231078
38514,53,231084
38515,53,231090
38516,53,231096
38517,54,231102
38518,54,231108
38519,54,231114
38520,54,231120
38521,54,231126
38522,54,231132
38523,54,231138
38524,54,231144
38525,54,231150
38526,54,231156
38527,54,231162
38528,54,231168
38529,54,231174
38530,54,231180
38531,54,231186
38532,54,231192
38533,54,231198
38534,54,231204
38535,54,231210
38536,54,231216
38537,54,231222
38538,54,231228
38539,54,231234
38540,54,231240
38541,54,231246
38542,54,231252
38543,54,231258
38544,54,231264
38545,54,231270
38546,54,231276
38547,54,231282
38548,54,231288
38549,54,231294
38550,54,231300
38551,54,231306
38552,54,231312
38553,54,231318
38554,54,231324
38555,54,231330
38556,54,231336
38557,54,231342
38558,54,231348
38559,54,231354
38560,54,231360
38561,54,231366
38562,54,231372
38563,54,231378
38564,54,231384
38565,54,231390
38566,54,231396
38567,54,231402
38568,54,231408
38569,54,231414
38570,54,231420
38571,54,231426
38572,54,231432
38573,54,231438
38574,54,231444
38575,54,231450
38576,54,231456
38577,54,231462
38578,54,231468
38579,54,231474
38580,54,231480
38581,54,231486
38582,54,231492
38583,54,231498
38584,54,231504
38585,54,231510
38586,54,231516
38587,54,231522
38588,54,231528
38589,54,231534
38590,54,231540
38591,54,231546
38592,54,231552
38593,54,231558
38594,54,231564
38595,54,231570
38596,54,231576
38597,54,231582
38598,54,231588
38599,54,231594
38600,54,231600
38601,54,231606
38602,54,231612
38603,54,231618
38604,54,231624
38605,54,231630
38606,54,231636
38607,54,231642
38608,54,231648
38609,54,231654
38610,54,231660
38611,54,231666
38612,54,231672
38613,54,231678
38614,54,231684
38615,54,231690
38616,54,231696
38617,54,231702
38618,54,231708
38619,54,231714
38620,54,231720
38621,54,231726
38622,54,231732
38623,54,231738
38624,54,231744
38625,54,231750
38626,54,231756
38627,54,231762
38628,54,231768
38629,54,231774
38630,54,231780
38631,54,231786
38632,54,231792
38633,54,231798
38634,54,231804
38635,54,231810
38636,54,231816
38637,54,231822
38638,54,231828
38639,54,231834
38640,54,231840
38641,54,231846
38642,54,231852
38643,54,231858
38644,54,231864
38645,54,231870
38646,54,231876
38647,54,231882
38648,54,231888
38649,54,231894
38650,54,231900
38651,54,231906
38652,54,231912
38653,54,231918
38654,54,231924
38655,54,231930
38656,54,231936
38657,54,231942
38658,54,231948
38659,54,231954
38660,54,231960
38661,54,231966
38662,54,231972
38663,54,231978
38664,54,231984
38665,54,231990
38666,54,231996
38667,54,232002
38668,54,232008
38669,54,232014
38670,54,232020
38671,54,232026
38672,54,232032
38673,54,232038
38674,54,232044
38675,54,232050
38676,54,232056
38677,54,232062
38678,54,232068
38679,54,232074
38680,54,232080
38681,54,232086
38682,54,232092
38683,54,232098
38684,54,232104
38685,54,232110
38686,54,232116
38687,54,232122
38688,54,232128
38689,54,232134
38690,54,232140
38691,54,232146
38692,54,232152
38693,54,232158
38694,54,232164
38695,54,232170
38696,54,232176
38697,54,232182
38698,54,232188
38699,54,232194
38700,54,232200
38701,54,232206
38702,54,232212
38703,54,232218
38704,55,232224
38705,55,232230
38706,55,232236
38707,55,232242
38708,55,232248
38709,55,232254
38710,55,232260
38711,55,232266
38712,55,232272
38713,55,232278
38714,55,232284
38715,55,232290
38716,55,232296
38717,55,232302
38718,55,232308
38719,55,232314
38720,55,232320
38721,55,232326
38722,55,232332
38723,55,232338
38724,55,232344
38725,55,232350
38726,55,232356
38727,55,232362
38728,55,232368
38729,55,232374
38730,55,232380
38731,55,232386
38732,55,232392
38733,55,232398
38734,55,232404
38735,55,232410
38736,55,232416
38737,55,232422
38738,55,232428
38739,55,232434
38740,55,232440
38741,55,232446
38742,55,232452
38743,55,232458
38744,55,232464
38745,55,232470
38746,55,232476
38747,55,232482
38748,55,232488
38749,55,232494
38750,55,232500
38751,55,232506
38752,55,232512
38753,55,232518
38754,55,232524
38755,55,232530
38756,55,232536
38757,55,232542
38758,55,232548
38759,55,232554
38760,55,232560
38761,55,232566
38762,55,232572
38763,55,232578
38764,55,232584
38765,55,232590
38766,55,232596
38767,55,232602
38768,55,232608
38769,55,232614
38770,55,232620
38771,55,232626
38772,55,232632
38773,55,232638
38774,55,232644
38775,55,232650
38776,55,232656
38777,55,232662
38778,55,232668
38779,55,232674
38780,55,232680
38781,55,232686
38782,55,232692
38783,55,232698
38784,55,232704
38785,55,232710
38786,55,232716
38787,55,232722
38788,55,232728
38789,55,232734
38790,55,232740
38791,55,232746
38792,55,232752
38793,55,232758
38794,55,232764
38795,55,232770
38796,55,232776
38797,55,232782
38798,55,232788
38799,55,232794
38800,55,232800
38801,55,232806
38802,55,232812
38803,55,232818
38804,55,232824
38805,55,232830
38806,55,232836
38807,55,232842
38808,55,232848
38809,55,232854
38810,55,232860
38811,55,232866
38812,55,232872
38813,55,232878
38814,55,232884
38815,55,232890
38816,55,232896
38817,55,232902
38818,55,232908
38819,55,232914
38820,55,232920
38821,55,232926
38822,55,232932
38823,55,232938
38824,55,232944
38825,55,232950
38826,55,232956
38827,55,232962
38828,55,232968
38829,55,232974
38830,55,232980
38831,55,232986
38832,55,232992
38833,55,232998
38834,55,233004
38835,55,233010
38836,55,233016
38837,55,233022
38838,55,233028
38839,55,233034
38840,55,233040
38841,55,233046
38842,55,233052
38843,55,233058
38844,55,233064
38845,55,233070
38846,55,233076
38847,55,233082
38848,55,233088
38849,55,233094
38850,55,233100
38851,55,233106
38852,55,233112
38853,55,233118
38854,55,233124
38855,55,233130
38856,55,233136
38857,55,233142
38858,55,233148
38859,55,233154
38860,55,233160
38861,55,233166
38862,55,233172
38863,55,233178
38864,55,233184
38865,55,233190
38866,55,233196
38867,55,233202
38868,55,233208
38869,55,233214
38870,56,233220
38871,56,233226
38872,56,233232
38873,56,233238
38874,56,233244
38875,56,233250
38876,56,233256
38877,56,233262
38878,56,233268
38879,56,233274
38880,56,233280
38881,56,233286
38882,56,233292
38883,56,233298
38884,56,233304
38885,56,233310
38886,56,233316
38887,56,233322
38888,56,233328
38889,56,233334
38890,56,233340
38891,56,233346
38892,56,233352
38893,56,233358
38894,56,233364
38895,56,233370
38896,56,233376
38897,56,233382
38898,56,233388
38899,56,233394
38900,56,233400
38901,56,233406
38902,56,233412
38903,56,233418
38904,56,233424
38905,56,233430
38906,56,233436
38907,56,233442
38908,56,233448
38909,56,233454
38910,56,233460
38911,56,233466
38912,56,233472
38913,56,233478
38914,56,233484
38915,56,233490
38916,56,233496
38917,56,233502
38918,56,233508
38919,56,233514
38920,56,233520
38921,56,233526
38922,56,233532
38923,56,233538
38924,56,233544
38925,56,233550
38926,56,233556
38927,56,233562
38928,56,233568
38929,56,233574
38930,56,233580
38931,56,233586
38932,56,233592
38933,56,233598
38934,56,233604
38935,56,233610
38936,56,233616
38937,56,233622
38938,56,233628
38939,56,233634
38940,56,233640
38941,56,233646
38942,56,233652
38943,56,233658
38944,56,233664
38945,56,233670
38946,56,233676
38947,56,233682
38948,56,233688
38949,56,233694
38950,56,233700
38951,56,233706
38952,56,233712
38953,56,233718
38954,56,233724
38955,56,233730
38956,56,233736
38957,56,233742
38958,56,233748
38959,56,233754
38960,56,233760
38961,56,233766
38962,56,233772
38963,56,233778
38964,56,233784
38965,56,233790
38966,56,233796
38967,56,233802
38968,56,233808
38969,56,233814
38970,56,233820
38971,56,233826
38972,56,233832
38973,56,233838
38974,56,233844
38975,56,233850
38976,56,233856
38977,56,233862
38978,56,233868
38979,56,233874
38980,56,233880
38981,56,233886
38982,56,233892
38983,56,233898
38984,56,233904
38985,56,233910
38986,56,233916
38987,56,233922
38988,56,233928
38989,56,233934
38990,56,233940
38991,56,233946
38992,56,233952
38993,56,233958
38994,56,233964
38995,56,233970
38996,56,233976
38997,56,233982
38998,56,233988
38999,56,233994
39000,56,234000
39001,56,234006
39002,56,234012
39003,56,234018
39004,56,234024
39005,56,234030
39006,56,234036
39007,56,234042
39008,56,234048
39009,56,234054
39010,56,234060
39011,56,234066
39012,56,234072
39013,56,234078
39014,56,234084
39015,56,234090
39016,56,234096
39017,56,234102
39018,56,234108
39019,56,234114
39020,56,234120
39021,56,234126
39022,56,234132
39023,56,234138
39024,56,234144
39025,56,234150
39026,56,234156
39027,56,234162
39028,56,234168
39029,56,234174
39030,56,234180
39031,56,234186
39032,56,234192
39033,56,234198
39034,56,234204
39035,56,234210
39036,56,234216
39037,56,234222
39038,56,234228
39039,56,234234
39040,56,234240
39041,56,234246
39042,56,234252
39043,56,234258
39044,57,234264
39045,57,234270
39046,57,234276
39047,57,234282
39048,57,234288
39049,57,234294
39050,57,234300
39051,57,234306
39052,57,234312
39053,57,234318
39054,57,234324
39055,57,234330
39056,57,234336
39057,57,234342
39058,57,234348
39059,57,234354
39060,57,234360
39061,57,234366
39062,57,234372
39063,57,234378
39064,57,234384
39065,57,234390
39066,57,234396
39067,57,234402
39068,57,234408
39069,57,234414
39070,57,234420
39071,57,234426
39072,57,234432
39073,57,234438
39074,57,234444
39075,57,234450
39076,57,234456
39077,57,234462
39078,57,234468
39079,57,234474
39080,57,234480
39081,57,234486
39082,57,234492
39083,57,234498
39084,57,234504
39085,57,234510
39086,57,234516
39087,57,234522
39088,57,234528
39089,57,234534
39090,57,234540
39091,57,234546
39092,57,234552
39093,57,234558
39094,57,234564
39095,57,234570
39096,57,234576
39097,57,234582
39098,57,234588
39099,57,234594
39100,57,234600
39101,57,234606
39102,57,234612
39103,57,234618
39104,57,234624
39105,57,234630
39106,57,234636
39107,57,234642
39108,57,234648
39109,57,234654
39110,57,234660
39111,57,234666
39112,57,234672
39113,57,234678
39114,57,234684
39115,57,234690
39116,57,234696
39117,57,234702
39118,57,234708
39119,57,234714
39120,57,234720
39121,57,234726
39122,57,234732
39123,57,234738
39124,57,234744
39125,57,234750
39126,57,234756
39127,57,234762
39128,57,234768
39129,57,234774
39130,57,234780
39131,57,234786
39132,57,234792
39133,57,234798
39134,57,234804
39135,57,234810
39136,57,234816
39137,57,234822
39138,57,234828
39139,57,234834
39140,57,234840
39141,57,234846
39142,57,234852
39143,57,234858
39144,57,234864
39145,57,234870
39146,57,234876
39147,57,234882
39148,57,234888
39149,57,234894
39150,57,234900
39151,57,234906
39152,57,234912
39153,57,234918
39154,57,234924
39155,57,234930
39156,57,234936
39157,57,234942
39158,57,234948
39159,57,234954
39160,57,234960
39161,57,234966
39162,57,234972
39163,57,234978
39164,57,234984
39165,57,234990
39166,57,234996
39167,57,235002
39168,57,235008
39169,57,235014
39170,57,235020
39171,57,235026
39172,57,235032
39173,57,235038
39174,57,235044
39175,57,235050
39176,57,235056
39177,57,235062
39178,57,235068
39179,57,235074
39180,57,235080
39181,57,235086
39182,57,235092
39183,57,235098
39184,57,235104
39185,57,235110
39186,57,235116
39187,57,235122
39188,57,235128
39189,57,235134
39190,57,235140
39191,57,235146
39192,57,235152
39193,57,235158
39194,57,235164
39195,57,235170
39196,57,235176
39197,57,235182
39198,57,235188
39199,57,235194
39200,57,235200
39201,57,235206
39202,57,235212
39203,57,235218
39204,57,235224
39205,57,235230
39206,57,235236
39207,57,235242
39208,57,235248
39209,57,235254
39210,57,235260
39211,57,235266
39212,57,235272
39213,57,235278
39214,57,235284
39215,58,235290
39216,58,235296
39217,58,235302
39218,58,235308
39219,58,235314
39220,58,235320
39221,58,235326
39222,58,235332
39223,58,235338
39224,58,235344
39225,58,235350
39226,58,235356
39227,58,235362
39228,58,235368
39229,58,235374
39230,58,235380
39231,58,235386
39232,58,235392
39233,58,235398
39234,58,235404
39235,58,235410
39236,58,235416
39237,58,235422
39238,58,235428
39239,58,235434
39240,58,235440
39241,58,235446
39242,58,235452
39243,58,235458
39244,58,235464
39245,58,235470
39246,58,235476
39247,58,235482
39248,58,235488
39249,58,235494
39250,58,235500
39251,58,235506
39252,58,235512
39253,58,235518
39254,58,235524
39255,58,235530
39256,58,235536
39257,58,235542
39258,58,235548
39259,58,235554
39260,58,235560
39261,58,235566
39262,58,235572
39263,58,235578
39264,58,235584
39265,58,235590
39266,58,235596
39267,58,235602
39268,58,235608
39269,58,235614
39270,58,235620
39271,58,235626
39272,58,235632
39273,58,235638
39274,58,235644
39275,58,235650
39276,58,235656
39277,58,235662
39278,58,235668
39279,58,235674
39280,58,235680
39281,58,235686
39282,58,235692
39283,58,235698
39284,58,235704
39285,58,235710
39286,58,235716
39287,58,235722
39288,58,235728
39289,58,235734
39290,58,235740
39291,58,235746
39292,58,235752
39293,58,235758
39294,58,235764
39295,58,235770
39296,58,235776
39297,58,235782
39298,58,235788
39299,58,235794
39300,58,235800
39301,58,235806
39302,58,235812
39303,58,235818
39304,58,235824
39305,58,235830
39306,58,235836
39307,58,235842
39308,58,235848
39309,58,235854
39310,58,235860
39311,58,235866
39312,58,235872
39313,58,235878
39314,58,235884
39315,58,235890
39316,58,235896
39317,58,235902
39318,58,235908
39319,58,235914
39320,58,235920
39321,58,235926
39322,58,235932
39323,58,235938
39324,58,235944
39325,58,235950
39326,58,235956
39327,58,235962
39328,58,235968
39329,58,235974
39330,58,235980
39331,58,235986
39332,58,235992
39333,58,235998
39334,58,236004
39335,58,236010
39336,58,236016
39337,58,236022
39338,58,236028
39339,58,236034
39340,58,236040
39341,58,236046
39342,58,236052
39343,58,236058
39344,58,236064
39345,58,236070
39346,58,236076
39347,58,236082
39348,58,236088
39349,58,236094
39350,58,236100
39351,58,236106
39352,58,236112
39353,58,236118
39354,58,236124
39355,58,236130
39356,58,236136
39357,58,236142
39358,58,236148
39359,58,236154
39360,58,236160
39361,58,236166
39362,58,236172
39363,58,236178
39364,58,236184
39365,58,236190
39366,58,236196
39367,58,236202
39368,58,236208
39369,58,236214
39370,58,236220
39371,58,236226
39372,58,236232
39373,58,236238
39374,58,236244
39375,58,236250
39376,58,236256
39377,58,236262
39378,58,236268
39379,58,236274
39380,58,236280
39381,58,236286
39382,58,236292
39383,58,236298
39384,59,236304
39385,59,236310
39386,59,236316
39387,59,236322
39388,59,236328
39389,59,236334
39390,59,236340
39391,59,236346
39392,59,236352
39393,59,236358
39394,59,236364
39395,59,236370
39396,59,236376
39397,59,236382
39398,59,236388
39399,59,236394
39400,59,236400
39401,59,236406
39402,59,236412
39403,59,236418
39404,59,236424
39405,59,236430
39406,59,236436
39407,59,236442
39408,59,236448
39409,59,236454
39410,59,236460
39411,59,236466
39412,59,236472
39413,59,236478
39414,59,236484
39415,59,236490
39416,59,236496
39417,59,236502
39418,59,236508
39419,59,236514
39420,59,236520
39421,59,236526
39422,59,236532
39423,59,236538
39424,59,236544
39425,59,236550
39426,59,236556
39427,59,236562
39428,59,236568
39429,59,236574
39430,59,236580
39431,59,236586
39432,59,236592
39433,59,236598
39434,59,236604
39435,59,236610
39436,59,236616
39437,59,236622
39438,59,236628
39439,59,236634
39440,59,236640
39441,59,236646
39442,59,236652
39443,59,236658
39444,59,236664
39445,59,236670
39446,59,236676
39447,59,236682
39448,59,236688
39449,59,236694
39450,59,236700
39451,59,236706
39452,59,236712
39453,59,236718
39454,59,236724
39455,59,236730
39456,59,236736
39457,59,236742
39458,59,236748
39459,59,236754
39460,59,236760
39461,59,236766
39462,59,236772
39463,59,236778
39464,59,236784
39465,59,236790
39466,59,236796
39467,59,236802
39468,59,236808
39469,59,236814
39470,59,236820
39471,59,236826
39472,59,236832
39473,59,236838
39474,59,236844
39475,59,236850
39476,59,236856
39477,59,236862
39478,59,236868
39479,59,236874
39480,59,236880
39481,59,236886
39482,59,236892
39483,59,236898
39484,59,236904
39485,59,236910
39486,59,236916
39487,59,236922
39488,59,236928
39489,59,236934
39490,59,236940
39491,59,236946
39492,59,236952
39493,59,236958
39494,59,236964
39495,59,236970
39496,59,236976
39497,59,236982
39498,59,236988
39499,59,236994
39500,59,237000
39501,59,237006
39502,59,237012
39503,59,237018
39504,59,237024
39505,59,237030
39506,59,237036
39507,59,237042
39508,59,237048
39509,59,237054
39510,59,237060
39511,59,237066
39512,59,237072
39513,59,237078
39514,59,237084
39515,59,237090
39516,59,237096
39517,59,237102
39518,59,237108
39519,59,237114
39520,59,237120
39521,59,237126
39522,59,237132
39523,59,237138
39524,59,237144
39525,59,237150
39526,59,237156
39527,59,237162
39528,59,237168
39529,59,237174
39530,59,237180
39531,59,237186
39532,59,237192
39533,59,237198
39534,59,237204
39535,59,237210
39536,59,237216
39537,59,237222
39538,59,237228
39539,59,237234
39540,59,237240
39541,59,237246
39542,59,237252
39543,59,237258
39544,59,237264
39545,59,237270
39546,59,237276
39547,59,237282
39548,59,237288
39549,59,237294
39550,59,237300
39551,59,237306
39552,59,237312
39553,59,237318
39554,59,237324
39555,59,237330
39556,59,237336
39557,59,237342
39558,59,237348
39559,59,237354
39560,59,237360
39561,59,237366
39562,59,237372
39563,59,237378
39564,59,237384
39565,59,237390
39566,60,237396
39567,60,237402
39568,60,237408
39569,60,237414
39570,60,237420
39571,60,237426
39572,60,237432
39573,60,237438
39574,60,237444
39575,60,237450
39576,60,237456
39577,60,237462
39578,60,237468
39579,60,237474
39580,60,237480
39581,60,237486
39582,60,237492
39583,60,237498
39584,60,237504
39585,60,237510
39586,60,237516
39587,60,237522
39588,60,237528
39589,60,237534
39590,60,237540
39591,60,237546
39592,60,237552
39593,60,237558
39594,60,237564
39595,60,237570
39596,60,237576
39597,60,237582
39598,60,237588
39599,60,237594
39600,60,237600
39601,60,237606
39602,60,237612
39603,60,237618
39604,60,237624
39605,60,237630
39606,60,237636
39607,60,237642
39608,60,237648
39609,60,237654
39610,60,237660
39611,60,237666
39612,60,237672
39613,60,237678
39614,60,237684
39615,60,237690
39616,60,237696
39617,60,237702
39618,60,237708
39619,60,237714
39620,60,237720
39621,60,237726
39622,60,237732
39623,60,237738
39624,60,237744
39625,60,237750
39626,60,237756
39627,60,237762
39628,60,237768
39629,60,237774
39630,60,237780
39631,60,237786
39632,60,237792
39633,60,237798
39634,60,237804
39635,60,237810
39636,60,237816
39637,60,237822
39638,60,237828
39639,60,237834
39640,60,237840
39641,60,237846
39642,60,237852
39643,60,237858
39644,60,237864
39645,60,237870
39646,60,237876
39647,60,237882
39648,60,237888
39649,60,237894
39650,60,237900
39651,60,237906
39652,60,237912
39653,60,237918
39654,60,237924
39655,60,237930
39656,60,237936
39657,60,237942
39658,60,237948
39659,60,237954
39660,60,237960
39661,60,237966
39662,60,237972
39663,60,237978
39664,60,237984
39665,60,237990
39666,60,237996
39667,60,238002
39668,60,238008
39669,60,238014
39670,60,238020
39671,60,238026
39672,60,238032
39673,60,238038
39674,60,238044
39675,60,238050
39676,60,238056
39677,60,238062
39678,60,238068
39679,60,238074
39680,60,238080
39681,60,238086
39682,60,238092
39683,60,238098
39684,60,238104
39685,60,238110
39686,60,238116
39687,60,238122
39688,60,238128
39689,60,238134
39690,60,238140
39691,60,238146
39692,60,238152
39693,60,238158
39694,60,238164
39695,60,238170
39696,60,238176
39697,60,238182
39698,60,238188
39699,60,238194
39700,60,238200
39701,60,238206
39702,60,238212
39703,60,238218
39704,60,238224
39705,60,238230
39706,60,238236
39707,60,238242
39708,60,238248
39709,60,238254
39710,60,238260
39711,60,238266
39712,60,238272
39713,60,238278
39714,60,238284
39715,60,238290
39716,60,238296
39717,60,238302
39718,60,238308
39719,60,238314
39720,60,238320
39721,60,238326
39722,60,238332
39723,60,238338
39724,61,238344
39725,61,238350
39726,61,238356
39727,61,238362
39728,61,238368
39729,61,238374
39730,61,238380
39731,61,238386
39732,61,238392
39733,61,238398
39734,61,238404
39735,61,238410
39736,61,238416
39737,61,238422
39738,61,238428
39739,61,238434
39740,61,238440
39741,61,238446
39742,61,238452
39743,61,238458
39744,61,238464
39745,61,238470
39746,61,238476
39747,61,238482
39748,61,238488
39749,61,238494
39750,61,238500
39751,61,238506
39752,61,238512
39753,61,238518
39754,61,238524
39755,61,238530
39756,61,238536
39757,61,238542
39758,61,238548
39759,61,238554
39760,61,238560
39761,61,238566
39762,61,238572
39763,61,238578
39764,61,238584
39765,61,238590
39766,61,238596
39767,61,238602
39768,61,238608
39769,61,238614
39770,61,238620
39771,61,238626
39772,61,238632
39773,61,238638
39774,61,238644
39775,61,238650
39776,61,238656
39777,61,238662
39778,61,238668
39779,61,238674
39780,61,238680
39781,61,238686
39782,61,238692
39783,61,238698
39784,61,238704
39785,61,238710
39786,61,238716
39787,61,238722
39788,61,238728
39789,61,238734
39790,61,238740
39791,61,238746
39792,61,238752
39793,61,238758
39794,61,238764
39795,61,238770
39796,61,238776
39797,61,238782
39798,61,238788
39799,61,238794
39800,61,238800
39801,61,238806
39802,61,238812
39803,61,238818
39804,61,238824
39805,61,238830
39806,61,238836
39807,61,238842
39808,61,238848
39809,61,238854
39810,61,238860
39811,61,238866
39812,61,238872
39813,61,238878
39814,61,238884
39815,61,238890
39816,61,238896
39817,61,238902
39818,61,238908
39819,61,238914
39820,61,238920
39821,61,238926
39822,61,238932
39823,61,238938
39824,61,238944
39825,61,238950
39826,61,238956
39827,61,238962
39828,61,238968
39829,61,238974
39830,61,238980
39831,61,238986
39832,61,238992
39833,61,238998
39834,61,239004
39835,61,239010
39836,61,239016
39837,61,239022
39838,61,239028
39839,61,239034
39840,61,239040
39841,61,239046
39842,61,239052
39843,61,239058
39844,61,239064
39845,61,239070
39846,61,239076
39847,61,239082
39848,61,239088
39849,61,239094
39850,61,239100
39851,61,239106
39852,61,239112
39853,61,239118
39854,61,239124
39855,61,239130
39856,61,239136
39857,61,239142
39858,61,239148
39859,61,239154
39860,61,239160
39861,61,239166
39862,61,239172
39863,61,239178
39864,61,239184
39865,61,239190
39866,61,239196
39867,62,239202
39868,62,239208
39869,62,239214
39870,62,239220
39871,62,239226
39872,62,239232
39873,62,239238
39874,62,239244
39875,62,239250
39876,62,239256
39877,62,239262
39878,62,239268
39879,62,239274
39880,62,239280
39881,62,239286
39882,62,239292
39883,62,239298
39884,62,239304
39885,62,239310
39886,62,239316
39887,62,239322
39888,62,239328
39889,62,239334
39890,62,239340
39891,62,239346
39892,62,239352
39893,62,239358
39894,62,239364
39895,62,239370
39896,62,239376
39897,62,239382
39898,62,239388
39899,62,239394
39900,62,239400
39901,62,239406
39902,62,239412
39903,62,239418
39904,62,239424
39905,62,239430
39906,62,239436
39907,62,239442
39908,62,239448
39909,62,239454
39910,62,239460
39911,62,239466
39912,62,239472
39913,62,239478
39914,62,239484
39915,62,239490
39916,62,239496
39917,62,239502
39918,62,239508
39919,62,239514
39920,62,239520
39921,62,239526
39922,62,239532
39923,62,239538
39924,62,239544
39925,62,239550
39926,62,239556
39927,62,239562
39928,62,239568
39929,62,239574
39930,62,239580
39931,62,239586
39932,62,239592
39933,62,239598
39934,62,239604
39935,62,239610
39936,62,239616
39937,62,239622
39938,62,239628
39939,62,239634
39940,62,239640
39941,62,239646
39942,62,239652
39943,62,239658
39944,62,239664
39945,62,239670
39946,62,239676
39947,62,239682
39948,62,239688
39949,62,239694
39950,62,239700
39951,62,239706
39952,62,239712
39953,62,239718
39954,62,239724
39955,62,239730
39956,62,239736
39957,62,239742
39958,62,239748
39959,62,239754
39960,62,239760
39961,62,239766
39962,62,239772
39963,62,239778
39964,62,239784
39965,62,239790
39966,62,239796
39967,62,239802
39968,62,239808
39969,62,239814
39970,62,239820
39971,62,239826
39972,62,239832
39973,62,239838
39974,62,239844
39975,62,239850
39976,62,239856
39977,62,239862
39978,62,239868
39979,62,239874
39980,62,239880
39981,62,239886
39982,62,239892
39983,62,239898
39984,62,239904
39985,62,239910
39986,62,239916
39987,62,239922
39988,62,239928
39989,62,239934
39990,62,239940
39991,62,239946
39992,62,239952
39993,62,239958
39994,62,239964
39995,62,239970
39996,62,239976
39997,62,239982
39998,62,239988
39999,62,239994
40000,62,240000
40001,62,240006
40002,62,240012
40003,62,240018
40004,62,240024
40005,62,240030
40006,62,240036
40007,62,240042
40008,62,240048
40009,62,240054
40010,62,240060
40011,62,240066
40012,62,240072
40013,62,240078
40014,62,240084
40015,62,240090
40016,62,240096
40017,62,240102
40018,62,240108
40019,62,240114
40020,62,240120
40021,63,240126
40022,63,240132
40023,63,240138
40024,63,240144
40025,63,240150
40026,63,240156
40027,63,240162
40028,63,240168
40029,63,240174
40030,63,240180
40031,63,240186
40032,63,240192
40033,63,240198
40034,63,240204
40035,63,240210
40036,63,240216
40037,63,240222
40038,63,240228
40039,63,240234
40040,63,240240
40041,63,240246
40042,63,240252
40043,63,240258
40044,63,240264
40045,63,240270
40046,63,240276
40047,63,240282
40048,63,240288
40049,63,240294
40050,63,240300
40051,63,240306
40052,63,240312
40053,63,240318
40054,63,240324
40055,63,240330
40056,63,240336
40057,63,240342
40058,63,240348
40059,63,240354
40060,63,240360
40061,63,240366
40062,63,240372
40063,63,240378
40064,63,240384
40065,63,240390
40066,63,240396
40067,63,240402
40068,63,240408
40069,63,240414
40070,63,240420
40071,63,240426
40072,63,240432
40073,63,240438
40074,63,240444
40075,63,240450
40076,63,240456
40077,63,240462
40078,63,240468
40079,63,240474
40080,63,240480
40081,63,240486
40082,63,240492
40083,63,240498
40084,63,240504
40085,63,240510
40086,63,240516
40087,63,240522
40088,63,240528
40089,63,240534
40090,63,240540
40091,63,240546
40092,63,240552
40093,63,240558
40094,63,240564
40095,63,240570
40096,63,240576
40097,63,240582
40098,63,240588
40099,63,240594
40100,63,240600
40101,63,240606
40102,63,240612
40103,63,240618
40104,63,240624
40105,63,240630
40106,63,240636
40107,63,240642
40108,63,240648
40109,63,240654
40110,63,240660
40111,63,240666
40112,63,240672
40113,63,240678
40114,63,240684
40115,63,240690
40116,63,240696
40117,63,240702
40118,63,240708
40119,63,240714
40120,63,240720
40121,63,240726
40122,63,240732
40123,63,240738
40124,63,240744
40125,63,240750
40126,63,240756
40127,63,240762
40128,63,240768
40129,63,240774
40130,63,240780
40131,63,240786
40132,63,240792
40133,63,240798
40134,63,240804
40135,63,240810
40136,63,240816
40137,63,240822
40138,63,240828
40139,63,240834
40140,63,240840
40141,63,240846
40142,63,240852
40143,63,240858
40144,63,240864
40145,63,240870
40146,63,240876
40147,63,240882
40148,63,240888
40149,63,240894
40150,63,240900
40151,63,240906
40152,63,240912
40153,63,240918
40154,63,240924
40155,63,240930
40156,64,281092
40157,64,281099
40158,64,281106
40159,64,281113
40160,64,281120
40161,64,281127
40162,64,281134
40163,64,281141
40164,64,281148
40165,64,281155
40166,64,281162
40167,64,281169
40168,64,281176
40169,64,281183
40170,64,281190
40171,64,281197
40172,64,281204
40173,64,281211
40174,64,281218
40175,64,281225
40176,64,281232
40177,64,281239
40178,64,281246
40179,64,281253
40180,64,281260
40181,64,281267
40182,64,281274
40183,64,281281
40184,64,281288
40185,64,281295
40186,64,281302
40187,64,281309
40188,64,281316
40189,64,281323
40190,64,281330
40191,64,281337
40192,64,281344
40193,64,281351
40194,64,281358
40195,64,281365
40196,64,281372
40197,64,281379
40198,64,281386
40199,64,281393
40200,64,281400
40201,64,281407
40202,64,281414
40203,64,281421
40204,64,281428
40205,64,281435
40206,64,281442
40207,64,281449
40208,64,281456
40209,64,281463
40210,64,281470
40211,64,281477
40212,64,281484
40213,64,281491
40214,64,281498
40215,64,281505
40216,64,281512
40217,64,281519
40218,64,281526
40219,64,281533
40220,64,281540
40221,64,281547
40222,64,281554
40223,64,281561
40224,64,281568
40225,64,281575
40226,64,281582
40227,64,281589
40228,64,281596
40229,64,281603
40230,64,281610
40231,64,281617
40232,64,281624
40233,64,281631
40234,64,281638
40235,64,281645
40236,64,281652
40237,64,281659
40238,64,281666
40239,64,281673
40240,64,281680
40241,64,281687
40242,64,281694
40243,64,281701
40244,64,281708
40245,64,281715
40246,64,281722
40247,64,281729
40248,64,281736
40249,64,281743
40250,64,281750
40251,64,281757
40252,64,281764
40253,64,281771
40254,64,281778
40255,64,281785
40256,64,281792
40257,64,281799
40258,64,281806
40259,64,281813
40260,64,281820
40261,64,281827
40262,64,281834
40263,64,281841
40264,64,281848
40265,64,281855
40266,64,281862
40267,64,281869
40268,64,281876
40269,64,281883
40270,64,281890
40271,64,281897
40272,64,281904
40273,64,281911
40274,64,281918
40275,64,281925
40276,64,281932
40277,64,281939
40278,64,281946
40279,64,281953
40280,64,281960
40281,64,281967
40282,64,281974
40283,64,281981
40284,64,281988
40285,64,281995
40286,64,282002
40287,64,282009
40288,64,282016
40289,64,282023
40290,64,282030
40291,64,282037
40292,64,282044
40293,64,282051
40294,64,282058
40295,64,282065
40296,64,282072
40297,64,282079
40298,64,282086
40299,64,282093
40300,64,282100
40301,64,282107
40302,64,282114
40303,64,282121
40304,64,282128
40305,64,282135
40306,64,282142
40307,64,282149
40308,64,282156
40309,64,282163
40310,64,282170
40311,65,282177
40312,65,282184
40313,65,282191
40314,65,282198
40315,65,282205
40316,65,282212
40317,65,282219
40318,65,282226
40319,65,282233
40320,65,282240
40321,65,282247
40322,65,282254
40323,65,282261
40324,65,282268
40325,65,282275
40326,65,282282
40327,65,282289
40328,65,282296
40329,65,282303
40330,65,282310
40331,65,282317
40332,65,282324
40333,65,282331
40334,65,282338
40335,65,282345
40336,65,282352
40337,65,282359
40338,65,282366
40339,65,282373
40340,65,282380
40341,65,282387
40342,65,282394
40343,65,282401
40344,65,282408
40345,65,282415
40346,65,282422
40347,65,282429
40348,65,282436
40349,65,282443
40350,65,282450
40351,65,282457
40352,65,282464
40353,65,282471
40354,65,282478
40355,65,282485
40356,65,282492
40357,65,282499
40358,65,282506
40359,65,282513
40360,65,282520
40361,65,282527
40362,65,282534
40363,65,282541
40364,65,282548
40365,65,282555
40366,65,282562
40367,65,282569
40368,65,282576
40369,65,282583
40370,65,282590
40371,65,282597
40372,65,282604
40373,65,282611
40374,65,282618
40375,65,282625
40376,65,282632
40377,65,282639
40378,65,282646
40379,65,282653
40380,65,282660
40381,65,282667
40382,65,282674
40383,65,282681
40384,65,282688
40385,65,282695
40386,65,282702
40387,65,282709
40388,65,282716
40389,65,282723
40390,65,282730
40391,65,282737
40392,65,282744
40393,65,282751
40394,65,282758
40395,65,282765
40396,65,282772
40397,65,282779
40398,65,282786
40399,65,282793
40400,65,282800
40401,65,282807
40402,65,282814
40403,65,282821
40404,65,282828
40405,65,282835
40406,65,282842
40407,65,282849
40408,65,282856
40409,65,282863
40410,65,282870
40411,65,282877
40412,65,282884
40413,65,282891
40414,65,282898
40415,65,282905
40416,65,282912
40417,65,282919
40418,65,282926
40419,65,282933
40420,65,282940
40421,65,282947
40422,65,282954
40423,65,282961
40424,65,282968
40425,65,282975
40426,65,282982
40427,65,282989
40428,65,282996
40429,65,283003
40430,65,283010
40431,65,283017
40432,65,283024
40433,65,283031
40434,65,283038
40435,65,283045
40436,65,283052
40437,65,283059
40438,65,283066
40439,65,283073
40440,65,283080
40441,65,283087
40442,65,283094
40443,65,283101
40444,65,283108
40445,65,283115
40446,65,283122
40447,65,283129
40448,65,283136
40449,65,283143
40450,65,283150
40451,65,283157
40452,65,283164
40453,65,283171
40454,65,283178
40455,65,283185
40456,65,283192
40457,65,283199
40458,65,283206
40459,65,283213
40460,65,283220
40461,65,283227
40462,65,283234
40463,65,283241
40464,66,283248
40465,66,283255
40466,66,283262
40467,66,283269
40468,66,283276
40469,66,283283
40470,66,283290
40471,66,283297
40472,66,283304
40473,66,283311
40474,66,283318
40475,66,283325
40476,66,283332
40477,66,283339
40478,66,283346
40479,66,283353
40480,66,283360
40481,66,283367
40482,66,283374
40483,66,283381
40484,66,283388
40485,66,283395
40486,66,283402
40487,66,283409
40488,66,283416
40489,66,283423
40490,66,283430
40491,66,283437
40492,66,283444
40493,66,283451
40494,66,283458
40495,66,283465
40496,66,283472
40497,66,283479
40498,66,283486
40499,66,283493
40500,66,283500
40501,66,283507
40502,66,283514
40503,66,283521
40504,66,283528
40505,66,283535
40506,66,283542
40507,66,283549
40508,66,283556
40509,66,283563
40510,66,283570
40511,66,283577
40512,66,283584
40513,66,283591
40514,66,283598
40515,66,283605
40516,66,283612
40517,66,283619
40518,66,283626
40519,66,283633
40520,66,283640
40521,66,283647
40522,66,283654
40523,66,283661
40524,66,283668
40525,66,283675
40526,66,283682
40527,66,283689
40528,66,283696
40529,66,283703
40530,66,283710
40531,66,283717
40532,66,283724
40533,66,283731
40534,66,283738
40535,66,283745
40536,66,283752
40537,66,283759
40538,66,283766
40539,66,283773
40540,66,283780
40541,66,283787
40542,66,283794
40543,66,283801
40544,66,283808
40545,66,283815
40546,66,283822
40547,66,283829
40548,66,283836
40549,66,283843
40550,66,283850
40551,66,283857
40552,66,283864
40553,66,283871
40554,66,283878
40555,66,283885
40556,66,283892
40557,66,283899
40558,66,283906
40559,66,283913
40560,66,283920
40561,66,283927
40562,66,283934
40563,66,283941
40564,66,283948
40565,66,283955
40566,66,283962
40567,66,283969
40568,66,283976
40569,66,283983
40570,66,283990
40571,66,283997
40572,66,284004
40573,66,284011
40574,66,284018
40575,66,284025
40576,66,284032
40577,66,284039
40578,66,284046
40579,66,284053
40580,66,284060
40581,66,284067
40582,66,284074
40583,66,284081
40584,66,284088
40585,66,284095
40586,66,284102
40587,66,284109
40588,66,284116
40589,66,284123
40590,66,284130
40591,66,284137
40592,66,284144
40593,66,284151
40594,66,284158
40595,66,284165
40596,66,284172
40597,66,284179
40598,66,284186
40599,66,284193
40600,66,284200
40601,66,284207
40602,66,284214
40603,66,284221
40604,66,284228
40605,66,284235
40606,66,284242
40607,66,284249
40608,66,284256
40609,66,284263
40610,66,284270
40611,66,284277
40612,67,284284
40613,67,284291
40614,67,284298
40615,67,284305
40616,67,284312
40617,67,284319
40618,67,284326
40619,67,284333
40620,67,284340
40621,67,284347
40622,67,284354
40623,67,284361
40624,67,284368
40625,67,284375
40626,67,284382
40627,67,284389
40628,67,284396
40629,67,284403
40630,67,284410
40631,67,284417
40632,67,284424
40633,67,284431
40634,67,284438
40635,67,284445
40636,67,284452
40637,67,284459
40638,67,284466
40639,67,284473
40640,67,284480
40641,67,284487
40642,67,284494
40643,67,284501
40644,67,284508
40645,67,284515
40646,67,284522
40647,67,284529
40648,67,284536
40649,67,284543
40650,67,284550
40651,67,284557
40652,67,284564
40653,67,284571
40654,67,284578
40655,67,284585
40656,67,284592
40657,67,284599
40658,67,284606
40659,67,284613
40660,67,284620
40661,67,284627
40662,67,284634
40663,67,284641
40664,67,284648
40665,67,284655
40666,67,284662
40667,67,284669
40668,67,284676
40669,67,284683
40670,67,284690
40671,67,284697
40672,67,284704
40673,67,284711
40674,67,284718
40675,67,284725
40676,67,284732
40677,67,284739
40678,67,284746
40679,67,284753
40680,67,284760
40681,67,284767
40682,67,284774
40683,67,284781
40684,67,284788
40685,67,284795
40686,67,284802
40687,67,284809
40688,67,284816
40689,67,284823
40690,67,284830
40691,67,284837
40692,67,284844
40693,67,284851
40694,67,284858
40695,67,284865
40696,67,284872
40697,67,284879
40698,67,284886
40699,67,284893
40700,67,284900
40701,67,284907
40702,67,284914
40703,67,284921
40704,67,284928
40705,67,284935
40706,67,284942
40707,67,284949
40708,67,284956
40709,67,284963
40710,67,284970
40711,67,284977
40712,67,284984
40713,67,284991
40714,67,284998
40715,67,285005
40716,67,285012
40717,67,285019
40718,67,285026
40719,67,285033
40720,67,285040
40721,67,285047
40722,67,285054
40723,67,285061
40724,67,285068
40725,67,285075
40726,67,285082
40727,67,285089
40728,67,285096
40729,67,285103
40730,67,285110
40731,67,285117
40732,67,285124
40733,67,285131
40734,67,285138
40735,67,285145
40736,67,285152
40737,67,285159
40738,67,285166
40739,67,285173
40740,67,285180
40741,67,285187
40742,67,285194
40743,67,285201
40744,67,285208
40745,67,285215
40746,67,285222
40747,67,285229
40748,67,285236
40749,67,285243
40750,67,285250
40751,67,285257
40752,67,285264
40753,67,285271
40754,67,285278
40755,68,285285
40756,68,285292
40757,68,285299
40758,68,285306
40759,68,285313
40760,68,285320
40761,68,285327
40762,68,285334
40763,68,285341
40764,68,285348
40765,68,285355
40766,68,285362
40767,68,285369
40768,68,285376
40769,68,285383
40770,68,285390
40771,68,285397
40772,68,285404
40773,68,285411
40774,68,285418
40775,68,285425
40776,68,285432
40777,68,285439
40778,68,285446
40779,68,285453
40780,68,285460
40781,68,285467
40782,68,285474
40783,68,285481
40784,68,285488
40785,68,285495
40786,68,285502
40787,68,285509
40788,68,285516
40789,68,285523
40790,68,285530
40791,68,285537
40792,68,285544
40793,68,285551
40794,68,285558
40795,68,285565
40796,68,285572
40797,68,285579
40798,68,285586
40799,68,285593
40800,68,285600
40801,68,285607
40802,68,285614
40803,68,285621
40804,68,285628
40805,68,285635
40806,68,285642
40807,68,285649
40808,68,285656
40809,68,285663
40810,68,285670
40811,68,285677
40812,68,285684
40813,68,285691
40814,68,285698
40815,68,285705
40816,68,285712
40817,68,285719
40818,68,285726
40819,68,285733
40820,68,285740
40821,68,285747
40822,68,285754
40823,68,285761
40824,68,285768
40825,68,285775
40826,68,285782
40827,68,285789
40828,68,285796
40829,68,285803
40830,68,285810
40831,68,285817
40832,68,285824
40833,68,285831
40834,68,285838
40835,68,285845
40836,68,285852
40837,68,285859
40838,68,285866
40839,68,285873
40840,68,285880
40841,68,285887
40842,68,285894
40843,68,285901
40844,68,285908
40845,68,285915
40846,68,285922
40847,68,285929
40848,68,285936
40849,68,285943
40850,68,285950
40851,68,285957
40852,68,285964
40853,68,285971
40854,68,285978
40855,68,285985
40856,68,285992
40857,68,285999
40858,68,286006
40859,68,286013
40860,68,286020
40861,68,286027
40862,68,286034
40863,68,286041
40864,68,286048
40865,68,286055
40866,68,286062
40867,68,286069
40868,68,286076
40869,68,286083
40870,68,286090
40871,68,286097
40872,68,286104
40873,68,286111
40874,68,286118
40875,68,286125
40876,68,286132
40877,68,286139
40878,68,286146
40879,68,286153
40880,68,286160
40881,68,286167
40882,68,286174
40883,68,286181
40884,68,286188
40885,68,286195
40886,68,286202
40887,69,286209
40888,69,286216
40889,69,286223
40890,69,286230
40891,69,286237
40892,69,286244
40893,69,286251
40894,69,286258
40895,69,286265
40896,69,286272
40897,69,286279
40898,69,286286
40899,69,286293
40900,69,286300
40901,69,286307
40902,69,286314
40903,69,286321
40904,69,286328
40905,69,286335
40906,69,286342
40907,69,286349
40908,69,286356
40909,69,286363
40910,69,286370
40911,69,286377
40912,69,286384
40913,69,286391
40914,69,286398
40915,69,286405
40916,69,286412
40917,69,286419
40918,69,286426
40919,69,286433
40920,69,286440
40921,69,286447
40922,69,286454
40923,69,286461
40924,69,286468
40925,69,286475
40926,69,286482
40927,69,286489
40928,69,286496
40929,69,286503
40930,69,286510
40931,69,286517
40932,69,286524
40933,69,286531
40934,69,286538
40935,69,286545
40936,69,286552
40937,69,286559
40938,69,286566
40939,69,286573
40940,69,286580
40941,69,286587
40942,69,286594
40943,69,286601
40944,69,286608
40945,69,286615
40946,69,286622
40947,69,286629
40948,69,286636
40949,69,286643
40950,69,286650
40951,69,286657
40952,69,286664
40953,69,286671
40954,69,286678
40955,69,286685
40956,69,286692
40957,69,286699
40958,69,286706
40959,69,286713
40960,69,286720
40961,69,286727
40962,69,286734
40963,69,286741
40964,69,286748
40965,69,286755
40966,69,286762
40967,69,286769
40968,69,286776
40969,69,286783
40970,69,286790
40971,69,286797
40972,69,286804
40973,69,286811
40974,69,286818
40975,69,286825
40976,69,286832
40977,69,286839
40978,69,286846
40979,69,286853
40980,69,286860
40981,69,286867
40982,69,286874
40983,69,286881
40984,69,286888
40985,69,286895
40986,69,286902
40987,69,286909
40988,69,286916
40989,69,286923
40990,69,286930
40991,69,286937
40992,69,286944
40993,69,286951
40994,69,286958
40995,69,286965
40996,69,286972
40997,69,286979
40998,69,286986
40999,69,286993
41000,69,287000
41001,69,287007
41002,69,287014
41003,69,287021
41004,69,287028
41005,69,287035
41006,69,287042
41007,69,287049
41008,69,287056
41009,69,287063
41010,69,287070
41011,69,287077
41012,69,287084
41013,69,287091
41014,69,287098
41015,69,287105
41016,69,287112
41017,69,287119
41018,69,287126
41019,69,287133
41020,70,287140
41021,70,287147
41022,70,287154
41023,70,287161
41024,70,287168
41025,70,287175
41026,70,287182
41027,70,287189
41028,70,287196
41029,70,287203
41030,70,287210
41031,70,287217
41032,70,287224
41033,70,287231
41034,70,287238
41035,70,287245
41036,70,287252
41037,70,287259
41038,70,287266
41039,70,287273
41040,70,287280
41041,70,287287
41042,70,287294
41043,70,287301
41044,70,287308
41045,70,287315
41046,70,287322
41047,70,287329
41048,70,287336
41049,70,287343
41050,70,287350
41051,70,287357
41052,70,287364
41053,70,287371
41054,70,287378
41055,70,287385
41056,70,287392
41057,70,287399
41058,70,287406
41059,70,287413
41060,70,287420
41061,70,287427
41062,70,287434
41063,70,287441
41064,70,287448
41065,70,287455
41066,70,287462
41067,70,287469
41068,70,287476
41069,70,287483
41070,70,287490
41071,70,287497
41072,70,287504
41073,70,287511
41074,70,287518
41075,70,287525
41076,70,287532
41077,70,287539
41078,70,287546
41079,70,287553
41080,70,287560
41081,70,287567
41082,70,287574
41083,70,287581
41084,70,287588
41085,70,287595
41086,70,287602
41087,70,287609
41088,70,287616
41089,70,287623
41090,70,287630
41091,70,287637
41092,70,287644
41093,70,287651
41094,70,287658
41095,70,287665
41096,70,287672
41097,70,287679
41098,70,287686
41099,70,287693
41100,70,287700
41101,70,287707
41102,70,287714
41103,70,287721
41104,70,287728
41105,70,287735
41106,70,287742
41107,70,287749
41108,70,287756
41109,70,287763
41110,70,287770
41111,70,287777
41112,70,287784
41113,70,287791
41114,70,287798
41115,70,287805
41116,70,287812
41117,70,287819
41118,70,287826
41119,70,287833
41120,70,287840
41121,70,287847
41122,70,287854
41123,70,287861
41124,70,287868
41125,70,287875
41126,70,287882
41127,70,287889
41128,70,287896
41129,70,287903
41130,70,287910
41131,70,287917
41132,70,287924
41133,70,287931
41134,70,287938
41135,70,287945
41136,70,287952
41137,70,287959
41138,70,287966
41139,70,287973
41140,70,287980
41141,70,287987
41142,70,287994
41143,70,288001
41144,71,288008
41145,71,288015
41146,71,288022
41147,71,288029
41148,71,288036
41149,71,288043
41150,71,288050
41151,71,288057
41152,71,288064
41153,71,288071
41154,71,288078
41155,71,288085
41156,71,288092
41157,71,288099
41158,71,288106
41159,71,288113
41160,71,288120
41161,71,288127
41162,71,288134
41163,71,288141
41164,71,288148
41165,71,288155
41166,71,288162
41167,71,288169
41168,71,288176
41169,71,288183
41170,71,288190
41171,71,288197
41172,71,288204
41173,71,288211
41174,71,288218
41175,71,288225
41176,71,288232
41177,71,288239
41178,71,288246
41179,71,288253
41180,71,288260
41181,71,288267
41182,71,288274
41183,71,288281
41184,71,288288
41185,71,288295
41186,71,288302
41187,71,288309
41188,71,288316
41189,71,288323
41190,71,288330
41191,71,288337
41192,71,288344
41193,71,288351
41194,71,288358
41195,71,288365
41196,71,288372
41197,71,288379
41198,71,288386
41199,71,288393
41200,71,288400
41201,71,288407
41202,71,288414
41203,71,288421
41204,71,288428
41205,71,288435
41206,71,288442
41207,71,288449
41208,71,288456
41209,71,288463
41210,71,288470
41211,71,288477
41212,71,288484
41213,71,288491
41214,71,288498
41215,71,288505
41216,71,288512
41217,71,288519
41218,71,288526
41219,71,288533
41220,71,288540
41221,71,288547
41222,71,288554
41223,71,288561
41224,71,288568
41225,71,288575
41226,71,288582
41227,71,288589
41228,71,288596
41229,71,288603
41230,71,288610
41231,71,288617
41232,71,288624
41233,71,288631
41234,71,288638
41235,71,288645
41236,71,288652
41237,71,288659
41238,71,288666
41239,71,288673
41240,71,288680
41241,71,288687
41242,71,288694
41243,71,288701
41244,71,288708
41245,71,288715
41246,71,288722
41247,71,288729
41248,71,288736
41249,71,288743
41250,71,288750
41251,71,288757
41252,71,288764
41253,71,288771
41254,71,288778
41255,71,288785
41256,71,288792
41257,71,288799
41258,71,288806
41259,71,288813
41260,72,288820
41261,72,288827
41262,72,288834
41263,72,288841
41264,72,288848
41265,72,288855
41266,72,288862
41267,72,288869
41268,72,288876
41269,72,288883
41270,72,288890
41271,72,288897
41272,72,288904
41273,72,288911
41274,72,288918
41275,72,288925
41276,72,288932
41277,72,288939
41278,72,288946
41279,72,288953
41280,72,288960
41281,72,288967
41282,72,288974
41283,72,288981
41284,72,288988
41285,72,288995
41286,72,289002
41287,72,289009
41288,72,289016
41289,72,289023
41290,72,289030
41291,72,289037
41292,72,289044
41293,72,289051
41294,72,289058
41295,72,289065
41296,72,289072
41297,72,289079
41298,72,289086
41299,72,289093
41300,72,289100
41301,72,289107
41302,72,289114
41303,72,289121
41304,72,289128
41305,72,289135
41306,72,289142
41307,72,289149
41308,72,289156
41309,72,289163
41310,72,289170
41311,72,289177
41312,72,289184
41313,72,289191
41314,72,289198
41315,72,289205
41316,72,289212
41317,72,289219
41318,72,289226
41319,72,289233
41320,72,289240
41321,72,289247
41322,72,289254
41323,72,289261
41324,72,289268
41325,72,289275
41326,72,289282
41327,72,289289
41328,72,289296
41329,72,289303
41330,72,289310
41331,72,289317
41332,72,289324
41333,72,289331
41334,72,289338
41335,72,289345
41336,72,289352
41337,72,289359
41338,72,289366
41339,72,289373
41340,72,289380
41341,72,289387
41342,72,289394
41343,72,289401
41344,72,289408
41345,72,289415
41346,72,289422
41347,72,289429
41348,72,289436
41349,72,289443
41350,72,289450
41351,72,289457
41352,72,289464
41353,72,289471
41354,72,289478
41355,72,289485
41356,72,289492
41357,72,289499
41358,72,289506
41359,72,289513
41360,72,289520
41361,72,289527
41362,72,289534
41363,72,289541
41364,72,289548
41365,72,289555
41366,72,289562
41367,72,289569
41368,72,289576
41369,72,289583
41370,72,289590
41371,72,289597
41372,72,289604
41373,72,289611
41374,72,289618
41375,72,289625
41376,72,289632
41377,72,289639
41378,72,289646
41379,72,289653
41380,72,289660
41381,72,289667
41382,72,289674
41383,72,289681
41384,72,289688
41385,72,289695
41386,72,289702
41387,72,289709
41388,72,289716
41389,72,289723
41390,72,289730
41391,72,289737
41392,72,289744
41393,72,289751
41394,72,289758
41395,72,289765
41396,72,289772
41397,73,289779
41398,73,289786
41399,73,289793
41400,73,289800
41401,73,289807
41402,73,289814
41403,73,289821
41404,73,289828
41405,73,289835
41406,73,289842
41407,73,289849
41408,73,289856
41409,73,289863
41410,73,289870
41411,73,289877
41412,73,289884
41413,73,289891
41414,73,289898
41415,73,289905
41416,73,289912
41417,73,289919
41418,73,289926
41419,73,289933
41420,73,289940
41421,73,289947
41422,73,289954
41423,73,289961
41424,73,289968
41425,73,289975
41426,73,289982
41427,73,289989
41428,73,289996
41429,73,290003
41430,73,290010
41431,73,290017
41432,73,290024
41433,73,290031
41434,73,290038
41435,73,290045
41436,73,290052
41437,73,290059
41438,73,290066
41439,73,290073
41440,73,290080
41441,73,290087
41442,73,290094
41443,73,290101
41444,73,290108
41445,73,290115
41446,73,290122
41447,73,290129
41448,73,290136
41449,73,290143
41450,73,290150
41451,73,290157
41452,73,290164
41453,73,290171
41454,73,290178
41455,73,290185
41456,73,290192
41457,73,290199
41458,73,290206
41459,73,290213
41460,73,290220
41461,73,290227
41462,73,290234
41463,73,290241
41464,73,290248
41465,73,290255
41466,73,290262
41467,73,290269
41468,73,290276
41469,73,290283
41470,73,290290
41471,73,290297
41472,73,290304
41473,73,290311
41474,73,290318
41475,73,290325
41476,73,290332
41477,73,290339
41478,73,290346
41479,73,290353
41480,73,290360
41481,73,290367
41482,73,290374
41483,73,290381
41484,73,290388
41485,73,290395
41486,73,290402
41487,73,290409
41488,73,290416
41489,73,290423
41490,73,290430
41491,73,290437
41492,73,290444
41493,73,290451
41494,73,290458
41495,73,290465
41496,73,290472
41497,73,290479
41498,73,290486
41499,73,290493
41500,73,290500
41501,73,290507
41502,73,290514
41503,73,290521
41504,73,290528
41505,73,290535
41506,73,290542
41507,73,290549
41508,73,290556
41509,73,290563
41510,73,290570
41511,73,290577
41512,73,290584
41513,73,290591
41514,73,290598
41515,73,290605
41516,73,290612
41517,73,290619
41518,73,290626
41519,73,290633
41520,73,290640
41521,73,290647
41522,73,290654
41523,73,290661
41524,73,290668
41525,73,290675
41526,73,290682
41527,73,290689
41528,73,290696
41529,73,290703
41530,73,290710
41531,73,290717
41532,73,290724
41533,73,290731
41534,73,290738
41535,73,290745
41536,74,290752
41537,74,290759
41538,74,290766
41539,74,290773
41540,74,290780
41541,74,290787
41542,74,290794
41543,74,290801
41544,74,290808
41545,74,290815
41546,74,290822
41547,74,290829
41548,74,290836
41549,74,290843
41550,74,290850
41551,74,290857
41552,74,290864
41553,74,290871
41554,74,290878
41555,74,290885
41556,74,290892
41557,74,290899
41558,74,290906
41559,74,290913
41560,74,290920
41561,74,290927
41562,74,290934
41563,74,290941
41564,74,290948
41565,74,290955
41566,74,290962
41567,74,290969
41568,74,290976
41569,74,290983
41570,74,290990
41571,74,290997
41572,74,291004
41573,74,291011
41574,74,291018
41575,74,291025
41576,74,291032
41577,74,291039
41578,74,291046
41579,74,291053
41580,74,291060
41581,74,291067
41582,74,291074
41583,74,291081
41584,74,291088
41585,74,291095
41586,74,291102
41587,74,291109
41588,74,291116
41589,74,291123
41590,74,291130
41591,74,291137
41592,74,291144
41593,74,291151
41594,74,291158
41595,74,291165
41596,74,291172
41597,74,291179
41598,74,291186
41599,74,291193
41600,74,291200
41601,74,291207
41602,74,291214
41603,74,291221
41604,74,291228
41605,74,291235
41606,74,291242
41607,74,291249
41608,74,291256
41609,74,291263
41610,74,291270
41611,74,291277
41612,74,291284
41613,74,291291
41614,74,291298
41615,74,291305
41616,74,291312
41617,74,291319
41618,74,291326
41619,74,291333
41620,74,291340
41621,74,291347
41622,74,291354
41623,74,291361
41624,74,291368
41625,74,291375
41626,74,291382
41627,74,291389
41628,74,291396
41629,74,291403
41630,74,291410
41631,74,291417
41632,74,291424
41633,74,291431
41634,74,291438
41635,74,291445
41636,74,291452
41637,74,291459
41638,74,291466
41639,74,291473
41640,74,291480
41641,74,291487
41642,74,291494
41643,74,291501
41644,74,291508
41645,74,291515
41646,74,291522
41647,74,291529
41648,74,291536
41649,74,291543
41650,74,291550
41651,74,291557
41652,74,291564
41653,75,291571
41654,75,291578
41655,75,291585
41656,75,291592
41657,75,291599
41658,75,291606
41659,75,291613
41660,75,291620
41661,75,291627
41662,75,291634
41663,75,291641
41664,75,291648
41665,75,291655
41666,75,291662
41667,75,291669
41668,75,291676
41669,75,291683
41670,75,291690
41671,75,291697
41672,75,291704
41673,75,291711
41674,75,291718
41675,75,291725
41676,75,291732
41677,75,291739
41678,75,291746
41679,75,291753
41680,75,291760
41681,75,291767
41682,75,291774
41683,75,291781
41684,75,291788
41685,75,291795
41686,75,291802
41687,75,291809
41688,75,291816
41689,75,291823
41690,75,291830
41691,75,291837
41692,75,291844
41693,75,291851
41694,75,291858
41695,75,291865
41696,75,291872
41697,75,291879
41698,75,291886
41699,75,291893
41700,75,291900
41701,75,291907
41702,75,291914
41703,75,291921
41704,75,291928
41705,75,291935
41706,75,291942
41707,75,291949
41708,75,291956
41709,75,291963
41710,75,291970
41711,75,291977
41712,75,291984
41713,75,291991
41714,75,291998
41715,75,292005
41716,75,292012
41717,75,292019
41718,75,292026
41719,75,292033
41720,75,292040
41721,75,292047
41722,75,292054
41723,75,292061
41724,75,292068
41725,75,292075
41726,75,292082
41727,75,292089
41728,75,292096
41729,75,292103
41730,75,292110
41731,75,292117
41732,75,292124
41733,75,292131
41734,75,292138
41735,75,292145
41736,75,292152
41737,75,292159
41738,75,292166
41739,75,292173
41740,75,292180
41741,75,292187
41742,75,292194
41743,75,292201
41744,75,292208
41745,75,292215
41746,75,292222
41747,75,292229
41748,75,292236
41749,75,292243
41750,75,292250
41751,75,292257
41752,75,292264
41753,75,292271
41754,75,292278
41755,75,292285
41756,75,292292
41757,75,292299
41758,75,292306
41759,75,292313
41760,75,292320
41761,75,292327
41762,75,292334
41763,75,292341
41764,75,292348
41765,75,292355
41766,75,292362
41767,75,292369
41768,75,292376
41769,75,292383
41770,75,292390
41771,75,292397
41772,75,292404
41773,75,292411
41774,75,292418
41775,75,292425
41776,75,292432
41777,75,292439
41778,75,292446
41779,75,292453
41780,75,292460
41781,75,292467
41782,75,292474
41783,75,292481
41784,75,292488
41785,75,292495
41786,75,292502
41787,75,292509
41788,75,292516
41789,75,292523
41790,75,292530
41791,75,292537
41792,75,292544
41793,75,292551
41794,75,292558
41795,75,292565
41796,75,292572
41797,75,292579
41798,75,292586
41799,75,292593
41800,75,292600
41801,76,292607
41802,76,292614
41803,76,292621
41804,76,292628
41805,76,292635
41806,76,292642
41807,76,292649
41808,76,292656
41809,76,292663
41810,76,292670
41811,76,292677
41812,76,292684
41813,76,292691
41814,76,292698
41815,76,292705
41816,76,292712
41817,76,292719
41818,76,292726
41819,76,292733
41820,76,292740
41821,76,292747
41822,76,292754
41823,76,292761
41824,76,292768
41825,76,292775
41826,76,292782
41827,76,292789
41828,76,292796
41829,76,292803
41830,76,292810
41831,76,292817
41832,76,292824
41833,76,292831
41834,76,292838
41835,76,292845
41836,76,292852
41837,76,292859
41838,76,292866
41839,76,292873
41840,76,292880
41841,76,292887
41842,76,292894
41843,76,292901
41844,76,292908
41845,76,292915
41846,76,292922
41847,76,292929
41848,76,292936
41849,76,292943
41850,76,292950
41851,76,292957
41852,76,292964
41853,76,292971
41854,76,292978
41855,76,292985
41856,76,292992
41857,76,292999
41858,76,293006
41859,76,293013
41860,76,293020
41861,76,293027
41862,76,293034
41863,76,293041
41864,76,293048
41865,76,293055
41866,76,293062
41867,76,293069
41868,76,293076
41869,76,293083
41870,76,293090
41871,76,293097
41872,76,293104
41873,76,293111
41874,76,293118
41875,76,293125
41876,76,293132
41877,76,293139
41878,76,293146
41879,76,293153
41880,76,293160
41881,76,293167
41882,76,293174
41883,76,293181
41884,76,293188
41885,76,293195
41886,76,293202
41887,76,293209
41888,76,293216
41889,76,293223
41890,76,293230
41891,76,293237
41892,76,293244
41893,76,293251
41894,76,293258
41895,76,293265
41896,76,293272
41897,76,293279
41898,76,293286
41899,76,293293
41900,76,293300
41901,76,293307
41902,76,293314
41903,76,293321
41904,76,293328
41905,76,293335
41906,76,293342
41907,76,293349
41908,76,293356
41909,76,293363
41910,76,293370
41911,76,293377
41912,76,293384
41913,76,293391
41914,76,293398
41915,76,293405
41916,76,293412
41917,76,293419
41918,76,293426
41919,77,293433
41920,77,293440
41921,77,293447
41922,77,293454
41923,77,293461
41924,77,293468
41925,77,293475
41926,77,293482
41927,77,293489
41928,77,293496
41929,77,293503
41930,77,293510
41931,77,293517
41932,77,293524
41933,77,293531
41934,77,293538
41935,77,293545
41936,77,293552
41937,77,293559
41938,77,293566
41939,77,293573
41940,77,293580
41941,77,293587
41942,77,293594
41943,77,293601
41944,77,293608
41945,77,293615
41946,77,293622
41947,77,293629
41948,77,293636
41949,77,293643
41950,77,293650
41951,77,293657
41952,77,293664
41953,77,293671
41954,77,293678
41955,77,293685
41956,77,293692
41957,77,293699
41958,77,293706
41959,77,293713
41960,77,293720
41961,77,293727
41962,77,293734
41963,77,293741
41964,77,293748
41965,77,293755
41966,77,293762
41967,77,293769
41968,77,293776
41969,77,293783
41970,77,293790
41971,77,293797
41972,77,293804
41973,77,293811
41974,77,293818
41975,77,293825
41976,77,293832
41977,77,293839
41978,77,293846
41979,77,293853
41980,77,293860
41981,77,293867
41982,77,293874
41983,77,293881
41984,77,293888
41985,77,293895
41986,77,293902
41987,77,293909
41988,77,293916
41989,77,293923
41990,77,293930
41991,77,293937
41992,77,293944
41993,77,293951
41994,77,293958
41995,77,293965
41996,77,293972
41997,77,293979
41998,77,293986
41999,77,293993
42000,77,294000
42001,77,294007
42002,77,294014
42003,77,294021
42004,77,294028
42005,77,294035
42006,77,294042
42007,77,294049
42008,77,294056
42009,77,294063
42010,77,294070
42011,77,294077
42012,77,294084
42013,77,294091
42014,77,294098
42015,77,294105
42016,77,294112
42017,77,294119
42018,77,294126
42019,77,294133
42020,77,294140
42021,77,294147
42022,77,294154
42023,77,294161
42024,77,294168
42025,77,294175
42026,77,294182
42027,77,294189
42028,77,294196
42029,77,294203
42030,77,294210
42031,77,294217
42032,77,294224
42033,78,294231
42034,78,294238
42035,78,294245
42036,78,294252
42037,78,294259
42038,78,294266
42039,78,294273
42040,78,294280
42041,78,294287
42042,78,294294
42043,78,294301
42044,78,294308
42045,78,294315
42046,78,294322
42047,78,294329
42048,78,294336
42049,78,294343
42050,78,294350
42051,78,294357
42052,78,294364
42053,78,294371
42054,78,294378
42055,78,294385
42056,78,294392
42057,78,294399
42058,78,294406
42059,78,294413
42060,78,294420
42061,78,294427
42062,78,294434
42063,78,294441
42064,78,294448
42065,78,294455
42066,78,294462
42067,78,294469
42068,78,294476
42069,78,294483
42070,78,294490
42071,78,294497
42072,78,294504
42073,78,294511
42074,78,294518
42075,78,294525
42076,78,294532
42077,78,294539
42078,78,294546
42079,78,294553
42080,78,294560
42081,78,294567
42082,78,294574
42083,78,294581
42084,78,294588
42085,78,294595
42086,78,294602
42087,78,294609
42088,78,294616
42089,78,294623
42090,78,294630
42091,78,294637
42092,78,294644
42093,78,294651
42094,78,294658
42095,78,294665
42096,78,294672
42097,78,294679
42098,78,294686
42099,78,294693
42100,78,294700
42101,78,294707
42102,78,294714
42103,78,294721
42104,78,294728
42105,78,294735
42106,78,294742
42107,78,294749
42108,78,294756
42109,78,294763
42110,78,294770
42111,78,294777
42112,78,294784
42113,78,294791
42114,78,294798
42115,78,294805
42116,78,294812
42117,78,294819
42118,78,294826
42119,78,294833
42120,78,294840
42121,78,294847
42122,78,294854
42123,78,294861
42124,78,294868
42125,78,294875
42126,78,294882
42127,78,294889
42128,78,294896
42129,78,294903
42130,78,294910
42131,78,294917
42132,78,294924
42133,78,294931
42134,78,294938
42135,78,294945
42136,78,294952
42137,78,294959
42138,78,294966
42139,78,294973
42140,78,294980
42141,78,294987
42142,78,294994
42143,78,295001
42144,78,295008
42145,78,295015
42146,79,295022
42147,79,295029
42148,79,295036
42149,79,295043
42150,79,295050
42151,79,295057
42152,79,295064
42153,79,295071
42154,79,295078
42155,79,295085
42156,79,295092
42157,79,295099
42158,79,295106
42159,79,295113
42160,79,295120
42161,79,295127
42162,79,295134
42163,79,295141
42164,79,295148
42165,79,295155
42166,79,295162
42167,79,295169
42168,79,295176
42169,79,295183
42170,79,295190
42171,79,295197
42172,79,295204
42173,79,295211
42174,79,295218
42175,79,295225
42176,79,295232
42177,79,295239
42178,79,295246
42179,79,295253
42180,79,295260
42181,79,295267
42182,79,295274
42183,79,295281
42184,79,295288
42185,79,295295
42186,79,295302
42187,79,295309
42188,79,295316
42189,79,295323
42190,79,295330
42191,79,295337
42192,79,295344
42193,79,295351
42194,79,295358
42195,79,295365
42196,79,295372
42197,79,295379
42198,79,295386
42199,79,295393
42200,79,295400
42201,79,295407
42202,79,295414
42203,79,295421
42204,79,295428
42205,79,295435
42206,79,295442
42207,79,295449
42208,79,295456
42209,79,295463
42210,79,295470
42211,79,295477
42212,79,295484
42213,79,295491
42214,79,295498
42215,79,295505
42216,79,295512
42217,79,295519
42218,79,295526
42219,79,295533
42220,79,295540
42221,79,295547
42222,79,295554
42223,79,295561
42224,79,295568
42225,79,295575
42226,79,295582
42227,79,295589
42228,79,295596
42229,79,295603
42230,79,295610
42231,79,295617
42232,79,295624
42233,79,295631
42234,79,295638
42235,79,295645
42236,79,295652
42237,79,295659
42238,79,295666
42239,79,295673
42240,79,295680
42241,79,295687
42242,79,295694
42243,79,295701
42244,79,295708
42245,79,295715
42246,79,295722
42247,79,295729
42248,79,295736
42249,79,295743
42250,79,295750
42251,79,295757
42252,79,295764
42253,79,295771
42254,79,295778
42255,79,295785
42256,79,295792
42257,79,295799
42258,80,295806
42259,80,295813
42260,80,295820
42261,80,295827
42262,80,295834
42263,80,295841
42264,80,295848
42265,80,295855
42266,80,295862
42267,80,295869
42268,80,295876
42269,80,295883
42270,80,295890
42271,80,295897
42272,80,295904
42273,80,295911
42274,80,295918
42275,80,295925
42276,80,295932
42277,80,295939
42278,80,295946
42279,80,295953
42280,80,295960
42281,80,295967
42282,80,295974
42283,80,295981
42284,80,295988
42285,80,295995
42286,80,296002
42287,80,296009
42288,80,296016
42289,80,296023
42290,80,296030
42291,80,296037
42292,80,296044
42293,80,296051
42294,80,296058
42295,80,296065
42296,80,296072
42297,80,296079
42298,80,296086
42299,80,296093
42300,80,296100
42301,80,296107
42302,80,296114
42303,80,296121
42304,80,296128
42305,80,296135
42306,80,296142
42307,80,296149
42308,80,296156
42309,80,296163
42310,80,296170
42311,80,296177
42312,80,296184
42313,80,296191
42314,80,296198
42315,80,296205
42316,80,296212
42317,80,296219
42318,80,296226
42319,80,296233
42320,80,296240
42321,80,296247
42322,80,296254
42323,80,296261
42324,80,296268
42325,80,296275
42326,80,296282
42327,80,296289
42328,80,296296
42329,80,296303
42330,80,296310
42331,80,296317
42332,80,296324
42333,80,296331
42334,80,296338
42335,80,296345
42336,80,296352
42337,80,296359
42338,80,296366
42339,80,296373
42340,80,296380
42341,80,296387
42342,80,296394
42343,80,296401
42344,80,296408
42345,80,296415
42346,80,296422
42347,80,296429
42348,80,296436
42349,80,296443
42350,80,296450
42351,80,296457
42352,80,296464
42353,80,296471
42354,80,296478
42355,80,296485
42356,80,296492
42357,80,296499
42358,80,296506
42359,80,296513
42360,80,296520
42361,80,296527
42362,80,296534
42363,80,296541
42364,80,296548
42365,80,296555
42366,80,296562
42367,80,296569
42368,80,296576
42369,81,296583
42370,81,296590
42371,81,296597
42372,81,296604
42373,81,296611
42374,81,296618
42375,81,296625
42376,81,296632
42377,81,296639
42378,81,296646
42379,81,296653
42380,81,296660
42381,81,296667
42382,81,296674
42383,81,296681
42384,81,296688
42385,81,296695
42386,81,296702
42387,81,296709
42388,81,296716
42389,81,296723
42390,81,296730
42391,81,296737
42392,81,296744
42393,81,296751
42394,81,296758
42395,81,296765
42396,81,296772
42397,81,296779
42398,81,296786
42399,81,296793
42400,81,296800
42401,81,296807
42402,81,296814
42403,81,296821
42404,81,296828
42405,81,296835
42406,81,296842
42407,81,296849
42408,81,296856
42409,81,296863
42410,81,296870
42411,81,296877
42412,81,296884
42413,81,296891
42414,81,296898
42415,81,296905
42416,81,296912
42417,81,296919
42418,81,296926
42419,81,296933
42420,81,296940
42421,81,296947
42422,81,296954
42423,81,296961
42424,81,296968
42425,81,296975
42426,81,296982
42427,81,296989
42428,81,296996
42429,81,297003
42430,81,297010
42431,81,297017
42432,81,297024
42433,81,297031
42434,81,297038
42435,81,297045
42436,81,297052
42437,81,297059
42438,81,297066
42439,81,297073
42440,81,297080
42441,81,297087
42442,81,297094
42443,81,297101
42444,81,297108
42445,81,297115
42446,81,297122
42447,81,297129
42448,81,297136
42449,81,297143
42450,81,297150
42451,81,297157
42452,81,297164
42453,81,297171
42454,81,297178
42455,81,297185
42456,81,297192
42457,81,297199
42458,81,297206
42459,81,297213
42460,81,297220
42461,81,297227
42462,81,297234
42463,81,297241
42464,81,297248
42465,81,297255
42466,81,297262
42467,81,297269
42468,81,297276
42469,81,297283
42470,81,297290
42471,81,297297
42472,81,297304
42473,81,297311
42474,81,297318
42475,81,297325
42476,81,297332
42477,81,297339
42478,81,297346
42479,81,297353
42480,81,297360
42481,81,297367
42482,81,297374
42483,81,297381
42484,81,297388
42485,81,297395
42486,81,297402
42487,81,297409
42488,81,297416
42489,81,297423
42490,81,297430
42491,81,297437
42492,81,297444
42493,82,297451
42494,82,297458
42495,82,297465
42496,82,297472
42497,82,297479
42498,82,297486
42499,82,297493
42500,82,297500
42501,82,297507
42502,82,297514
42503,82,297521
42504,82,297528
42505,82,297535
42506,82,297542
42507,82,297549
42508,82,297556
42509,82,297563
42510,82,297570
42511,82,297577
42512,82,297584
42513,82,297591
42514,82,297598
42515,82,297605
42516,82,297612
42517,82,297619
42518,82,297626
42519,82,297633
42520,82,297640
42521,82,297647
42522,82,297654
42523,82,297661
42524,82,297668
42525,82,297675
42526,82,297682
42527,82,297689
42528,82,297696
42529,82,297703
42530,82,297710
42531,82,297717
42532,82,297724
42533,82,297731
42534,82,297738
42535,82,297745
42536,82,297752
42537,82,297759
42538,82,297766
42539,82,297773
42540,82,297780
42541,82,297787
42542,82,297794
42543,82,297801
42544,82,297808
42545,82,297815
42546,82,297822
42547,82,297829
42548,82,297836
42549,82,297843
42550,82,297850
42551,82,297857
42552,82,297864
42553,82,297871
42554,82,297878
42555,82,297885
42556,82,297892
42557,82,297899
42558,82,297906
42559,82,297913
42560,82,297920
42561,82,297927
42562,82,297934
42563,82,297941
42564,82,297948
42565,82,297955
42566,82,297962
42567,82,297969
42568,82,297976
42569,82,297983
42570,82,297990
42571,82,297997
42572,82,298004
42573,82,298011
42574,82,298018
42575,82,298025
42576,82,298032
42577,82,298039
42578,82,298046
42579,82,298053
42580,82,298060
42581,82,298067
42582,82,298074
42583,82,298081
42584,82,298088
42585,82,298095
42586,82,298102
42587,82,298109
42588,82,298116
42589,82,298123
42590,82,298130
42591,82,298137
42592,82,298144
42593,82,298151
42594,82,298158
42595,82,298165
42596,82,298172
42597,82,298179
42598,82,298186
42599,82,298193
42600,82,298200
42601,83,298207
42602,83,298214
42603,83,298221
42604,83,298228
42605,83,298235
42606,83,298242
42607,83,298249
42608,83,298256
42609,83,298263
42610,83,298270
42611,83,298277
42612,83,298284
42613,83,298291
42614,83,298298
42615,83,298305
42616,83,298312
42617,83,298319
42618,83,298326
42619,83,298333
42620,83,298340
42621,83,298347
42622,83,298354
42623,83,298361
42624,83,298368
42625,83,298375
42626,83,298382
42627,83,298389
42628,83,298396
42629,83,298403
42630,83,298410
42631,83,298417
42632,83,298424
42633,83,298431
42634,83,298438
42635,83,298445
42636,83,298452
42637,83,298459
42638,83,298466
42639,83,298473
42640,83,298480
42641,83,298487
42642,83,298494
42643,83,298501
42644,83,298508
42645,83,298515
42646,83,298522
42647,83,298529
42648,83,298536
42649,83,298543
42650,83,298550
42651,83,298557
42652,83,298564
42653,83,298571
42654,83,298578
42655,83,298585
42656,83,298592
42657,83,298599
42658,83,298606
42659,83,298613
42660,83,298620
42661,83,298627
42662,83,298634
42663,83,298641
42664,83,298648
42665,83,298655
42666,83,298662
42667,83,298669
42668,83,298676
42669,83,298683
42670,83,298690
42671,83,298697
42672,83,298704
42673,83,298711
42674,83,298718
42675,83,298725
42676,83,298732
42677,83,298739
42678,83,298746
42679,83,298753
42680,83,298760
42681,83,298767
42682,83,298774
42683,83,298781
42684,83,298788
42685,83,298795
42686,83,298802
42687,83,298809
42688,83,298816
42689,83,298823
42690,83,298830
42691,83,298837
42692,83,298844
42693,83,298851
42694,83,298858
42695,83,298865
42696,83,298872
42697,83,298879
42698,83,298886
42699,83,298893
42700,83,298900
42701,83,298907
42702,83,298914
42703,83,298921
42704,83,298928
42705,83,298935
42706,83,298942
42707,83,298949
42708,83,298956
42709,83,298963
42710,83,298970
42711,83,298977
42712,83,298984
42713,83,298991
42714,83,298998
42715,83,299005
42716,83,299012
42717,83,299019
42718,83,299026
42719,83,299033
42720,83,299040
42721,83,299047
42722,83,299054
42723,83,299061
42724,83,299068
42725,83,299075
42726,83,299082
42727,83,299089
42728,83,299096
42729,84,299103
42730,84,299110
42731,84,299117
42732,84,299124
42733,84,299131
42734,84,299138
42735,84,299145
42736,84,299152
42737,84,299159
42738,84,299166
42739,84,299173
42740,84,299180
42741,84,299187
42742,84,299194
42743,84,299201
42744,84,299208
42745,84,299215
42746,84,299222
42747,84,299229
42748,84,299236
42749,84,299243
42750,84,299250
42751,84,299257
42752,84,299264
42753,84,299271
42754,84,299278
42755,84,299285
42756,84,299292
42757,84,299299
42758,84,299306
42759,84,299313
42760,84,299320
42761,84,299327
42762,84,299334
42763,84,299341
42764,84,299348
42765,84,299355
42766,84,299362
42767,84,299369
42768,84,299376
42769,84,299383
42770,84,299390
42771,84,299397
42772,84,299404
42773,84,299411
42774,84,299418
42775,84,299425
42776,84,299432
42777,84,299439
42778,84,299446
42779,84,299453
42780,84,299460
42781,84,299467
42782,84,299474
42783,84,299481
42784,84,299488
42785,84,299495
42786,84,299502
42787,84,299509
42788,84,299516
42789,84,299523
42790,84,299530
42791,84,299537
42792,84,299544
42793,84,299551
42794,84,299558
42795,84,299565
42796,84,299572
42797,84,299579
42798,84,299586
42799,84,299593
42800,84,299600
42801,84,299607
42802,84,299614
42803,84,299621
42804,84,299628
42805,84,299635
42806,84,299642
42807,84,299649
42808,84,299656
42809,84,299663
42810,84,299670
42811,84,299677
42812,84,299684
42813,84,299691
42814,84,299698
42815,84,299705
42816,84,299712
42817,84,299719
42818,84,299726
42819,84,299733
42820,84,299740
42821,84,299747
42822,84,299754
42823,84,299761
42824,84,299768
42825,84,299775
42826,84,299782
42827,84,299789
42828,84,299796
42829,84,299803
42830,84,299810
42831,84,299817
42832,84,299824
42833,84,299831
42834,84,299838
42835,84,299845
42836,84,299852
42837,84,299859
42838,84,299866
42839,84,299873
42840,85,299880
42841,85,299887
42842,85,299894
42843,85,299901
42844,85,299908
42845,85,299915
42846,85,299922
42847,85,299929
42848,85,299936
42849,85,299943
42850,85,299950
42851,85,299957
42852,85,299964
42853,85,299971
42854,85,299978
42855,85,299985
42856,85,299992
42857,85,299999
42858,85,300006
42859,85,300013
42860,85,300020
42861,85,300027
42862,85,300034
42863,85,300041
42864,85,300048
42865,85,300055
42866,85,300062
42867,85,300069
42868,85,300076
42869,85,300083
42870,85,300090
42871,85,300097
42872,85,300104
42873,85,300111
42874,85,300118
42875,85,300125
42876,85,300132
42877,85,300139
42878,85,300146
42879,85,300153
42880,85,300160
42881,85,300167
42882,85,300174
42883,85,300181
42884,85,300188
42885,85,300195
42886,85,300202
42887,85,300209
42888,85,300216
42889,85,300223
42890,85,300230
42891,85,300237
42892,85,300244
42893,85,300251
42894,85,300258
42895,85,300265
42896,85,300272
42897,85,300279
42898,85,300286
42899,85,300293
42900,85,300300
42901,85,300307
42902,85,300314
42903,85,300321
42904,85,300328
42905,85,300335
42906,85,300342
42907,85,300349
42908,85,300356
42909,85,300363
42910,85,300370
42911,85,300377
42912,85,300384
42913,85,300391
42914,85,300398
42915,85,300405
42916,85,300412
42917,85,300419
42918,85,300426
42919,85,300433
42920,85,300440
42921,85,300447
42922,85,300454
42923,85,300461
42924,85,300468
42925,85,300475
42926,85,300482
42927,85,300489
42928,85,300496
42929,85,300503
42930,85,300510
42931,85,300517
42932,85,300524
42933,85,300531
42934,85,300538
42935,85,300545
42936,85,300552
42937,85,300559
42938,85,300566
42939,85,300573
42940,85,300580
42941,85,300587
42942,85,300594
42943,85,300601
42944,85,300608
42945,85,300615
42946,85,300622
42947,85,300629
42948,85,300636
42949,85,300643
42950,85,300650
42951,85,300657
42952,86,300664
42953,86,300671
42954,86,300678
42955,86,300685
42956,86,300692
42957,86,300699
42958,86,300706
42959,86,300713
42960,86,300720
42961,86,300727
42962,86,300734
42963,86,300741
42964,86,300748
42965,86,300755
42966,86,300762
42967,86,300769
42968,86,300776
42969,86,300783
42970,86,300790
42971,86,300797
42972,86,300804
42973,86,300811
42974,86,300818
42975,86,300825
42976,86,300832
42977,86,300839
42978,86,300846
42979,86,300853
42980,86,300860
42981,86,300867
42982,86,300874
42983,86,300881
42984,86,300888
42985,86,300895
42986,86,300902
42987,86,300909
42988,86,300916
42989,86,300923
42990,86,300930
42991,86,300937
42992,86,300944
42993,86,300951
42994,86,300958
42995,86,300965
42996,86,300972
42997,86,300979
42998,86,300986
42999,86,300993
43000,86,301000
43001,86,301007
43002,86,301014
43003,86,301021
43004,86,301028
43005,86,301035
43006,86,301042
43007,86,301049
43008,86,301056
43009,86,301063
43010,86,301070
43011,86,301077
43012,86,301084
43013,86,301091
43014,86,301098
43015,86,301105
43016,86,301112
43017,86,301119
43018,86,301126
43019,86,301133
43020,86,301140
43021,86,301147
43022,86,301154
43023,86,301161
43024,86,301168
43025,86,301175
43026,86,301182
43027,86,301189
43028,86,301196
43029,86,301203
43030,86,301210
43031,86,301217
43032,86,301224
43033,86,301231
43034,86,301238
43035,86,301245
43036,86,301252
43037,86,301259
43038,86,301266
43039,86,301273
43040,86,301280
43041,86,301287
43042,86,301294
43043,86,301301
43044,86,301308
43045,86,301315
43046,86,301322
43047,86,301329
43048,86,301336
43049,86,301343
43050,86,301350
43051,86,301357
43052,86,301364
43053,86,301371
43054,86,301378
43055,86,301385
43056,86,301392
43057,86,301399
43058,86,301406
43059,86,301413
43060,86,301420
43061,86,301427
43062,86,301434
43063,86,301441
43064,86,301448
43065,87,301455
43066,87,301462
43067,87,301469
43068,87,301476
43069,87,301483
43070,87,301490
43071,87,301497
43072,87,301504
43073,87,301511
43074,87,301518
43075,87,301525
43076,87,301532
43077,87,301539
43078,87,301546
43079,87,301553
43080,87,301560
43081,87,301567
43082,87,301574
43083,87,301581
43084,87,301588
43085,87,301595
43086,87,301602
43087,87,301609
43088,87,301616
43089,87,301623
43090,87,301630
43091,87,301637
43092,87,301644
43093,87,301651
43094,87,301658
43095,87,301665
43096,87,301672
43097,87,301679
43098,87,301686
43099,87,301693
43100,87,301700
43101,87,301707
43102,87,301714
43103,87,301721
43104,87,301728
43105,87,301735
43106,87,301742
43107,87,301749
43108,87,301756
43109,87,301763
43110,87,301770
43111,87,301777
43112,87,301784
43113,87,301791
43114,87,301798
43115,87,301805
43116,87,301812
43117,87,301819
43118,87,301826
43119,87,301833
43120,87,301840
43121,87,301847
43122,87,301854
43123,87,301861
43124,87,301868
43125,87,301875
43126,87,301882
43127,87,301889
43128,87,301896
43129,87,301903
43130,87,301910
43131,87,301917
43132,87,301924
43133,87,301931
43134,87,301938
43135,87,301945
43136,87,301952
43137,87,301959
43138,87,301966
43139,87,301973
43140,87,301980
43141,87,301987
43142,87,301994
43143,87,302001
43144,87,302008
43145,87,302015
43146,87,302022
43147,87,302029
43148,87,302036
43149,87,302043
43150,87,302050
43151,87,302057
43152,87,302064
43153,87,302071
43154,87,302078
43155,87,302085
43156,87,302092
43157,87,302099
43158,87,302106
43159,87,302113
43160,87,302120
43161,87,302127
43162,87,302134
43163,87,302141
43164,87,302148
43165,87,302155
43166,87,302162
43167,87,302169
43168,87,302176
43169,87,302183
43170,87,302190
43171,87,302197
43172,87,302204
43173,87,302211
43174,87,302218
43175,87,302225
43176,87,302232
43177,87,302239
43178,87,302246
43179,87,302253
43180,87,302260
43181,87,302267
43182,88,302274
43183,88,302281
43184,88,302288
43185,88,302295
43186,88,302302
43187,88,302309
43188,88,302316
43189,88,302323
43190,88,302330
43191,88,302337
43192,88,302344
43193,88,302351
43194,88,302358
43195,88,302365
43196,88,302372
43197,88,302379
43198,88,302386
43199,88,302393
43200,88,302400
43201,88,302407
43202,88,302414
43203,88,302421
43204,88,302428
43205,88,302435
43206,88,302442
43207,88,302449
43208,88,302456
43209,88,302463
43210,88,302470
43211,88,302477
43212,88,302484
43213,88,302491
43214,88,302498
43215,88,302505
43216,88,302512
43217,88,302519
43218,88,302526
43219,88,302533
43220,88,302540
43221,88,302547
43222,88,302554
43223,88,302561
43224,88,302568
43225,88,302575
43226,88,302582
43227,88,302589
43228,88,302596
43229,88,302603
43230,88,302610
43231,88,302617
43232,88,302624
43233,88,302631
43234,88,302638
43235,88,302645
43236,88,302652
43237,88,302659
43238,88,302666
43239,88,302673
43240,88,302680
43241,88,302687
43242,88,302694
43243,88,302701
43244,88,302708
43245,88,302715
43246,88,302722
43247,88,302729
43248,88,302736
43249,88,302743
43250,88,302750
43251,88,302757
43252,88,302764
43253,88,302771
43254,88,302778
43255,88,302785
43256,88,302792
43257,88,302799
43258,88,302806
43259,88,302813
43260,88,302820
43261,88,302827
43262,88,302834
43263,88,302841
43264,88,302848
43265,88,302855
43266,88,302862
43267,88,302869
43268,88,302876
43269,88,302883
43270,88,302890
43271,88,302897
43272,88,302904
43273,88,302911
43274,88,302918
43275,88,302925
43276,88,302932
43277,88,302939
43278,88,302946
43279,88,302953
43280,88,302960
43281,88,302967
43282,88,302974
43283,88,302981
43284,89,302988
43285,89,302995
43286,89,303002
43287,89,303009
43288,89,303016
43289,89,303023
43290,89,303030
43291,89,303037
43292,89,303044
43293,89,303051
43294,89,303058
43295,89,303065
43296,89,303072
43297,89,303079
43298,89,303086
43299,89,303093
43300,89,303100
43301,89,303107
43302,89,303114
43303,89,303121
43304,89,303128
43305,89,303135
43306,89,303142
43307,89,303149
43308,89,303156
43309,89,303163
43310,89,303170
43311,89,303177
43312,89,303184
43313,89,303191
43314,89,303198
43315,89,303205
43316,89,303212
43317,89,303219
43318,89,303226
43319,89,303233
43320,89,303240
43321,89,303247
43322,89,303254
43323,89,303261
43324,89,303268
43325,89,303275
43326,89,303282
43327,89,303289
43328,89,303296
43329,89,303303
43330,89,303310
43331,89,303317
43332,89,303324
43333,89,303331
43334,89,303338
43335,89,303345
43336,89,303352
43337,89,303359
43338,89,303366
43339,89,303373
43340,89,303380
43341,89,303387
43342,89,303394
43343,89,303401
43344,89,303408
43345,89,303415
43346,89,303422
43347,89,303429
43348,89,303436
43349,89,303443
43350,89,303450
43351,89,303457
43352,89,303464
43353,89,303471
43354,89,303478
43355,89,303485
43356,89,303492
43357,89,303499
43358,89,303506
43359,89,303513
43360,89,303520
43361,89,303527
43362,89,303534
43363,89,303541
43364,89,303548
43365,89,303555
43366,89,303562
43367,89,303569
43368,89,303576
43369,89,303583
43370,89,303590
43371,89,303597
43372,89,303604
43373,89,303611
43374,89,303618
43375,89,303625
43376,89,303632
43377,89,303639
43378,89,303646
43379,89,303653
43380,89,303660
43381,89,303667
43382,89,303674
43383,89,303681
43384,89,303688
43385,89,303695
43386,89,303702
43387,89,303709
43388,89,303716
43389,89,303723
43390,90,303730
43391,90,303737
43392,90,303744
43393,90,303751
43394,90,303758
43395,90,303765
43396,90,303772
43397,90,303779
43398,90,303786
43399,90,303793
43400,90,303800
43401,90,303807
43402,90,303814
43403,90,303821
43404,90,303828
43405,90,303835
43406,90,303842
43407,90,303849
43408,90,303856
43409,90,303863
43410,90,303870
43411,90,303877
43412,90,303884
43413,90,303891
43414,90,303898
43415,90,303905
43416,90,303912
43417,90,303919
43418,90,303926
43419,90,303933
43420,90,303940
43421,90,303947
43422,90,303954
43423,90,303961
43424,90,303968
43425,90,303975
43426,90,303982
43427,90,303989
43428,90,303996
43429,90,304003
43430,90,304010
43431,90,304017
43432,90,304024
43433,90,304031
43434,90,304038
43435,90,304045
43436,90,304052
43437,90,304059
43438,90,304066
43439,90,304073
43440,90,304080
43441,90,304087
43442,90,304094
43443,90,304101
43444,90,304108
43445,90,304115
43446,90,304122
43447,90,304129
43448,90,304136
43449,90,304143
43450,90,304150
43451,90,304157
43452,90,304164
43453,90,304171
43454,90,304178
43455,90,304185
43456,90,304192
43457,90,304199
43458,90,304206
43459,90,304213
43460,90,304220
43461,90,304227
43462,90,304234
43463,90,304241
43464,90,304248
43465,90,304255
43466,90,304262
43467,90,304269
43468,90,304276
43469,90,304283
43470,90,304290
43471,90,304297
43472,90,304304
43473,90,304311
43474,90,304318
43475,90,304325
43476,90,304332
43477,90,304339
43478,90,304346
43479,90,304353
43480,90,304360
43481,90,304367
43482,90,304374
43483,90,304381
43484,90,304388
43485,90,304395
43486,90,304402
43487,90,304409
43488,90,304416
43489,90,304423
43490,90,304430
43491,90,304437
43492,90,304444
43493,90,304451
43494,90,304458
43495,90,304465
43496,90,304472
43497,90,304479
43498,90,304486
43499,90,304493
43500,90,304500
43501,90,304507
43502,90,304514
43503,90,304521
43504,90,304528
43505,90,304535
43506,91,304542
43507,91,304549
43508,91,304556
43509,91,304563
43510,91,304570
43511,91,304577
43512,91,304584
43513,91,304591
43514,91,304598
43515,91,304605
43516,91,304612
43517,91,304619
43518,91,304626
43519,91,304633
43520,91,304640
43521,91,304647
43522,91,304654
43523,91,304661
43524,91,304668
43525,91,304675
43526,91,304682
43527,91,304689
43528,91,304696
43529,91,304703
43530,91,304710
43531,91,304717
43532,91,304724
43533,91,304731
43534,91,304738
43535,91,304745
43536,91,304752
43537,91,304759
43538,91,304766
43539,91,304773
43540,91,304780
43541,91,304787
43542,91,304794
43543,91,304801
43544,91,304808
43545,91,304815
43546,91,304822
43547,91,304829
43548,91,304836
43549,91,304843
43550,91,304850
43551,91,304857
43552,91,304864
43553,91,304871
43554,91,304878
43555,91,304885
43556,91,304892
43557,91,304899
43558,91,304906
43559,91,304913
43560,91,304920
43561,91,304927
43562,91,304934
43563,91,304941
43564,91,304948
43565,91,304955
43566,91,304962
43567,91,304969
43568,91,304976
43569,91,304983
43570,91,304990
43571,91,304997
43572,91,305004
43573,91,305011
43574,91,305018
43575,91,305025
43576,91,305032
43577,91,305039
43578,91,305046
43579,91,305053
43580,91,305060
43581,91,305067
43582,91,305074
43583,91,305081
43584,91,305088
43585,91,305095
43586,91,305102
43587,91,305109
43588,91,305116
43589,91,305123
43590,91,305130
43591,91,305137
43592,91,305144
43593,91,305151
43594,91,305158
43595,91,305165
43596,91,305172
43597,91,305179
43598,91,305186
43599,91,305193
43600,91,305200
43601,91,305207
43602,91,305214
43603,91,305221
43604,91,305228
43605,92,305235
43606,92,305242
43607,92,305249
43608,92,305256
43609,92,305263
43610,92,305270
43611,92,305277
43612,92,305284
43613,92,305291
43614,92,305298
43615,92,305305
43616,92,305312
43617,92,305319
43618,92,305326
43619,92,305333
43620,92,305340
43621,92,305347
43622,92,305354
43623,92,305361
43624,92,305368
43625,92,305375
43626,92,305382
43627,92,305389
43628,92,305396
43629,92,305403
43630,92,305410
43631,92,305417
43632,92,305424
43633,92,305431
43634,92,305438
43635,92,305445
43636,92,305452
43637,92,305459
43638,92,305466
43639,92,305473
43640,92,305480
43641,92,305487
43642,92,305494
43643,92,305501
43644,92,305508
43645,92,305515
43646,92,305522
43647,92,305529
43648,92,305536
43649,92,305543
43650,92,305550
43651,92,305557
43652,92,305564
43653,92,305571
43654,92,305578
43655,92,305585
43656,92,305592
43657,92,305599
43658,92,305606
43659,92,305613
43660,92,305620
43661,92,305627
43662,92,305634
43663,92,305641
43664,92,305648
43665,92,305655
43666,92,305662
43667,92,305669
43668,92,305676
43669,92,305683
43670,92,305690
43671,92,305697
43672,92,305704
43673,92,305711
43674,92,305718
43675,92,305725
43676,92,305732
43677,92,305739
43678,92,305746
43679,92,305753
43680,92,305760
43681,92,305767
43682,92,305774
43683,92,305781
43684,92,305788
43685,92,305795
43686,92,305802
43687,92,305809
43688,92,305816
43689,92,305823
43690,92,305830
43691,92,305837
43692,92,305844
43693,92,305851
43694,92,305858
43695,92,305865
43696,92,305872
43697,92,305879
43698,92,305886
43699,92,305893
43700,92,305900
43701,92,305907
43702,92,305914
43703,92,305921
43704,92,305928
43705,92,305935
43706,92,305942
43707,92,305949
43708,92,305956
43709,92,305963
43710,92,305970
43711,92,305977
43712,92,305984
43713,92,305991
43714,92,305998
43715,92,306005
43716,92,306012
43717,92,306019
43718,92,306026
43719,92,306033
43720,93,306040
43721,93,306047
43722,93,306054
43723,93,306061
43724,93,306068
43725,93,306075
43726,93,306082
43727,93,306089
43728,93,306096
43729,93,306103
43730,93,306110
43731,93,306117
43732,93,306124
43733,93,306131
43734,93,306138
43735,93,306145
43736,93,306152
43737,93,306159
43738,93,306166
43739,93,306173
43740,93,306180
43741,93,306187
43742,93,306194
43743,93,306201
43744,93,306208
43745,93,306215
43746,93,306222
43747,93,306229
43748,93,306236
43749,93,306243
43750,93,306250
43751,93,306257
43752,93,306264
43753,93,306271
43754,93,306278
43755,93,306285
43756,93,306292
43757,93,306299
43758,93,306306
43759,93,306313
43760,93,306320
43761,93,306327
43762,93,306334
43763,93,306341
43764,93,306348
43765,93,306355
43766,93,306362
43767,93,306369
43768,93,306376
43769,93,306383
43770,93,306390
43771,93,306397
43772,93,306404
43773,93,306411
43774,93,306418
43775,93,306425
43776,93,306432
43777,93,306439
43778,93,306446
43779,93,306453
43780,93,306460
43781,93,306467
43782,93,306474
43783,93,306481
43784,93,306488
43785,93,306495
43786,93,306502
43787,93,306509
43788,93,306516
43789,93,306523
43790,93,306530
43791,93,306537
43792,93,306544
43793,93,306551
43794,93,306558
43795,93,306565
43796,93,306572
43797,93,306579
43798,93,306586
43799,93,306593
43800,93,306600
43801,93,306607
43802,93,306614
43803,93,306621
43804,93,306628
43805,93,306635
43806,93,306642
43807,93,306649
43808,93,306656
43809,93,306663
43810,93,306670
43811,93,306677
43812,93,306684
43813,93,306691
43814,93,306698
43815,93,306705
43816,93,306712
43817,93,306719
43818,94,306726
43819,94,306733
43820,94,306740
43821,94,306747
43822,94,306754
43823,94,306761
43824,94,306768
43825,94,306775
43826,94,306782
43827,94,306789
43828,94,306796
43829,94,306803
43830,94,306810
43831,94,306817
43832,94,306824
43833,94,306831
43834,94,306838
43835,94,306845
43836,94,306852
43837,94,306859
43838,94,306866
43839,94,306873
43840,94,306880
43841,94,306887
43842,94,306894
43843,94,306901
43844,94,306908
43845,94,306915
43846,94,306922
43847,94,306929
43848,94,306936
43849,94,306943
43850,94,306950
43851,94,306957
43852,94,306964
43853,94,306971
43854,94,306978
43855,94,306985
43856,94,306992
43857,94,306999
43858,94,307006
43859,94,307013
43860,94,307020
43861,94,307027
43862,94,307034
43863,94,307041
43864,94,307048
43865,94,307055
43866,94,307062
43867,94,307069
43868,94,307076
43869,94,307083
43870,94,307090
43871,94,307097
43872,94,307104
43873,94,307111
43874,94,307118
43875,94,307125
43876,94,307132
43877,94,307139
43878,94,307146
43879,94,307153
43880,94,307160
43881,94,307167
43882,94,307174
43883,94,307181
43884,94,307188
43885,94,307195
43886,94,307202
43887,94,307209
43888,94,307216
43889,94,307223
43890,94,307230
43891,94,307237
43892,94,307244
43893,94,307251
43894,94,307258
43895,94,307265
43896,94,307272
43897,94,307279
43898,94,307286
43899,94,307293
43900,94,307300
43901,94,307307
43902,94,307314
43903,94,307321
43904,94,307328
43905,94,307335
43906,94,307342
43907,94,307349
43908,94,307356
43909,94,307363
43910,94,307370
43911,94,307377
43912,94,307384
43913,94,307391
43914,94,307398
43915,94,307405
43916,94,307412
43917,94,307419
43918,94,307426
43919,94,307433
43920,94,307440
43921,94,307447
43922,95,307454
43923,95,307461
43924,95,307468
43925,95,307475
43926,95,307482
43927,95,307489
43928,95,307496
43929,95,307503
43930,95,307510
43931,95,307517
43932,95,307524
43933,95,307531
43934,95,307538
43935,95,307545
43936,95,307552
43937,95,307559
43938,95,307566
43939,95,307573
43940,95,307580
43941,95,307587
43942,95,307594
43943,95,307601
43944,95,307608
43945,95,307615
43946,95,307622
43947,95,307629
43948,95,307636
43949,95,307643
43950,95,307650
43951,95,307657
43952,95,307664
43953,95,307671
43954,95,307678
43955,95,307685
43956,95,307692
43957,95,307699
43958,95,307706
43959,95,307713
43960,95,307720
43961,95,307727
43962,95,307734
43963,95,307741
43964,95,307748
43965,95,307755
43966,95,307762
43967,95,307769
43968,95,307776
43969,95,307783
43970,95,307790
43971,95,307797
43972,95,307804
43973,95,307811
43974,95,307818
43975,95,307825
43976,95,307832
43977,95,307839
43978,95,307846
43979,95,307853
43980,95,307860
43981,95,307867
43982,95,307874
43983,95,307881
43984,95,307888
43985,95,307895
43986,95,307902
43987,95,307909
43988,95,307916
43989,95,307923
43990,95,307930
43991,95,307937
43992,95,307944
43993,95,307951
43994,95,307958
43995,95,307965
43996,95,307972
43997,95,307979
43998,95,307986
43999,95,307993
44000,95,308000
44001,95,308007
44002,95,308014
44003,95,308021
44004,95,308028
44005,95,308035
44006,95,308042
44007,95,308049
44008,95,308056
44009,95,308063
44010,95,308070
44011,95,308077
44012,95,308084
44013,95,308091
44014,95,308098
44015,95,308105
44016,95,308112
44017,95,308119
44018,95,308126
44019,95,308133
44020,95,308140
44021,95,308147
44022,95,308154
44023,96,308161
44024,96,308168
44025,96,308175
44026,96,308182
44027,96,308189
44028,96,308196
44029,96,308203
44030,96,308210
44031,96,308217
44032,96,308224
44033,96,308231
44034,96,308238
44035,96,308245
44036,96,308252
44037,96,308259
44038,96,308266
44039,96,308273
44040,96,308280
44041,96,308287
44042,96,308294
44043,96,308301
44044,96,308308
44045,96,308315
44046,96,308322
44047,96,308329
44048,96,308336
44049,96,308343
44050,96,308350
44051,96,308357
44052,96,308364
44053,96,308371
44054,96,308378
44055,96,308385
44056,96,308392
44057,96,308399
44058,96,308406
44059,96,308413
44060,96,308420
44061,96,308427
44062,96,308434
44063,96,308441
44064,96,308448
44065,96,308455
44066,96,308462
44067,96,308469
44068,96,308476
44069,96,308483
44070,96,308490
44071,96,308497
44072,96,308504
44073,96,308511
44074,96,308518
44075,96,308525
44076,96,308532
44077,96,308539
44078,96,308546
44079,96,308553
44080,96,308560
44081,96,308567
44082,96,308574
44083,96,308581
44084,96,308588
44085,96,308595
44086,96,308602
44087,96,308609
44088,96,308616
44089,96,308623
44090,96,308630
44091,96,308637
44092,96,308644
44093,96,308651
44094,96,308658
44095,96,308665
44096,96,308672
44097,96,308679
44098,96,308686
44099,96,308693
44100,96,308700
44101,96,308707
44102,96,308714
44103,96,308721
44104,96,308728
44105,96,308735
44106,96,308742
44107,96,308749
44108,96,308756
44109,96,308763
44110,96,308770
44111,96,308777
44112,96,308784
44113,96,308791
44114,96,308798
44115,96,308805
44116,96,308812
44117,96,308819
44118,96,308826
44119,96,308833
44120,96,308840
44121,96,308847
44122,96,308854
44123,96,308861
44124,96,308868
44125,97,308875
44126,97,308882
44127,97,308889
44128,97,308896
44129,97,308903
44130,97,308910
44131,97,308917
44132,97,308924
44133,97,308931
44134,97,308938
44135,97,308945
44136,97,308952
44137,97,308959
44138,97,308966
44139,97,308973
44140,97,308980
44141,97,308987
44142,97,308994
44143,97,309001
44144,97,309008
44145,97,309015
44146,97,309022
44147,97,309029
44148,97,309036
44149,97,309043
44150,97,309050
44151,97,309057
44152,97,309064
44153,97,309071
44154,97,309078
44155,97,309085
44156,97,309092
44157,97,309099
44158,97,309106
44159,97,309113
44160,97,309120
44161,97,309127
44162,97,309134
44163,97,309141
44164,97,309148
44165,97,309155
44166,97,309162
44167,97,309169
44168,97,309176
44169,97,309183
44170,97,309190
44171,97,309197
44172,97,309204
44173,97,309211
44174,97,309218
44175,97,309225
44176,97,309232
44177,97,309239
44178,97,309246
44179,97,309253
44180,97,309260
44181,97,309267
44182,97,309274
44183,97,309281
44184,97,309288
44185,97,309295
44186,97,309302
44187,97,309309
44188,97,309316
44189,97,309323
44190,97,309330
44191,97,309337
44192,97,309344
44193,97,309351
44194,97,309358
44195,97,309365
44196,97,309372
44197,97,309379
44198,97,309386
44199,97,309393
44200,97,309400
44201,97,309407
44202,97,309414
44203,97,309421
44204,97,309428
44205,97,309435
44206,97,309442
44207,97,309449
44208,97,309456
44209,97,309463
44210,97,309470
44211,97,309477
44212,97,309484
44213,97,309491
44214,97,309498
44215,97,309505
44216,97,309512
44217,97,309519
44218,97,309526
44219,97,309533
44220,97,309540
44221,98,309547
44222,98,309554
44223,98,309561
44224,98,309568
44225,98,309575
44226,98,309582
44227,98,309589
44228,98,309596
44229,98,309603
44230,98,309610
44231,98,309617
44232,98,309624
44233,98,309631
44234,98,309638
44235,98,309645
44236,98,309652
44237,98,309659
44238,98,309666
44239,98,309673
44240,98,309680
44241,98,309687
44242,98,309694
44243,98,309701
44244,98,309708
44245,98,309715
44246,98,309722
44247,98,309729
44248,98,309736
44249,98,309743
44250,98,309750
44251,98,309757
44252,98,309764
44253,98,309771
44254,98,309778
44255,98,309785
44256,98,309792
44257,98,309799
44258,98,309806
44259,98,309813
44260,98,309820
44261,98,309827
44262,98,309834
44263,98,309841
44264,98,309848
44265,98,309855
44266,98,309862
44267,98,309869
44268,98,309876
44269,98,309883
44270,98,309890
44271,98,309897
44272,98,309904
44273,98,309911
44274,98,309918
44275,98,309925
44276,98,309932
44277,98,309939
44278,98,309946
44279,98,309953
44280,98,309960
44281,98,309967
44282,98,309974
44283,98,309981
44284,98,309988
44285,98,309995
44286,98,310002
44287,98,310009
44288,98,310016
44289,98,310023
44290,98,310030
44291,98,310037
44292,98,310044
44293,98,310051
44294,98,310058
44295,98,310065
44296,98,310072
44297,98,310079
44298,98,310086
44299,98,310093
44300,98,310100
44301,98,310107
44302,98,310114
44303,98,310121
44304,98,310128
44305,98,310135
44306,98,310142
44307,98,310149
44308,98,310156
44309,98,310163
44310,98,310170
44311,98,310177
44312,98,310184
44313,98,310191
44314,98,310198
44315,98,310205
44316,98,310212
44317,98,310219
44318,98,310226
44319,99,310233
44320,99,310240
44321,99,310247
44322,99,310254
44323,99,310261
44324,99,310268
44325,99,310275
44326,99,310282
44327,99,310289
44328,99,310296
44329,99,310303
44330,99,310310
44331,99,310317
44332,99,310324
44333,99,310331
44334,99,310338
44335,99,310345
44336,99,310352
44337,99,310359
44338,99,310366
44339,99,310373
44340,99,310380
44341,99,310387
44342,99,310394
44343,99,310401
44344,99,310408
44345,99,310415
44346,99,310422
44347,99,310429
44348,99,310436
44349,99,310443
44350,99,310450
44351,99,310457
44352,99,310464
44353,99,310471
44354,99,310478
44355,99,310485
44356,99,310492
44357,99,310499
44358,99,310506
44359,99,310513
44360,99,310520
44361,99,310527
44362,99,310534
44363,99,310541
44364,99,310548
44365,99,310555
44366,99,310562
44367,99,310569
44368,99,310576
44369,99,310583
44370,99,310590
44371,99,310597
44372,99,310604
44373,99,310611
44374,99,310618
44375,99,310625
44376,99,310632
44377,99,310639
44378,99,310646
44379,99,310653
44380,99,310660
44381,99,310667
44382,99,310674
44383,99,310681
44384,99,310688
44385,99,310695
44386,99,310702
44387,99,310709
44388,99,310716
44389,99,310723
44390,99,310730
44391,99,310737
44392,99,310744
44393,99,310751
44394,99,310758
44395,99,310765
44396,99,310772
44397,99,310779
44398,99,310786
44399,99,310793
44400,99,310800
44401,99,310807
44402,99,310814
44403,99,310821
44404,99,310828
44405,99,310835
44406,99,310842
44407,99,310849
44408,99,310856
44409,99,310863
44410,99,310870
44411,99,310877
44412,99,310884
44413,99,310891
44414,99,310898
44415,99,310905
44416,99,310912
44417,99,310919
44418,99,310926
44419,99,310933
44420,99,310940
44421,99,310947
44422,99,310954
44423,99,310961
44424,99,310968
44425,99,310975
44426,99,310982
44427,100,310989
44428,100,310996
44429,100,311003
44430,100,311010
44431,100,311017
44432,100,311024
44433,100,311031
44434,100,311038
44435,100,311045
44436,100,311052
44437,100,311059
44438,100,311066
44439,100,311073
44440,100,311080
44441,100,311087
44442,100,311094
44443,100,311101
44444,100,311108
44445,100,311115
44446,100,311122
44447,100,311129
44448,100,311136
44449,100,311143
44450,100,311150
44451,100,311157
44452,100,311164
44453,100,311171
44454,100,311178
44455,100,311185
44456,100,311192
44457,100,311199
44458,100,311206
44459,100,311213
44460,100,311220
44461,100,311227
44462,100,311234
44463,100,311241
44464,100,311248
44465,100,311255
44466,100,311262
44467,100,311269
44468,100,311276
44469,100,311283
44470,100,311290
44471,100,311297
44472,100,311304
44473,100,311311
44474,100,311318
44475,100,311325
44476,100,311332
44477,100,311339
44478,100,311346
44479,100,311353
44480,100,311360
44481,100,311367
44482,100,311374
44483,100,311381
44484,100,311388
44485,100,311395
44486,100,311402
44487,100,311409
44488,100,311416
44489,100,311423
44490,100,311430
44491,100,311437
44492,100,311444
44493,100,311451
44494,100,311458
44495,100,311465
44496,100,311472
44497,100,311479
44498,100,311486
44499,100,311493
44500,100,311500
44501,100,311507
44502,100,311514
44503,100,311521
44504,100,311528
44505,100,311535
44506,100,311542
44507,100,311549
44508,100,311556
44509,100,311563
44510,100,311570
44511,100,311577
44512,101,311584
44513,101,311591
44514,101,311598
44515,101,311605
44516,101,311612
44517,101,311619
44518,101,311626
44519,101,311633
44520,101,311640
44521,101,311647
44522,101,311654
44523,101,311661
44524,101,311668
44525,101,311675
44526,101,311682
44527,101,311689
44528,101,311696
44529,101,311703
44530,101,311710
44531,101,311717
44532,101,311724
44533,101,311731
44534,101,311738
44535,101,311745
44536,101,311752
44537,101,311759
44538,101,311766
44539,101,311773
44540,101,311780
44541,101,311787
44542,101,311794
44543,101,311801
44544,101,311808
44545,101,311815
44546,101,311822
44547,101,311829
44548,101,311836
44549,101,311843
44550,101,311850
44551,101,311857
44552,101,311864
44553,101,311871
44554,101,311878
44555,101,311885
44556,101,311892
44557,101,311899
44558,101,311906
44559,101,311913
44560,101,311920
44561,101,311927
44562,101,311934
44563,101,311941
44564,101,311948
44565,101,311955
44566,101,311962
44567,101,311969
44568,101,311976
44569,101,311983
44570,101,311990
44571,101,311997
44572,101,312004
44573,101,312011
44574,101,312018
44575,101,312025
44576,101,312032
44577,101,312039
44578,101,312046
44579,101,312053
44580,101,312060
44581,101,312067
44582,101,312074
44583,101,312081
44584,101,312088
44585,101,312095
44586,101,312102
44587,101,312109
44588,101,312116
44589,101,312123
44590,101,312130
44591,101,312137
44592,101,312144
44593,101,312151
44594,101,312158
44595,101,312165
44596,101,312172
44597,101,312179
44598,101,312186
44599,101,312193
44600,101,312200
44601,101,312207
44602,101,312214
44603,101,312221
44604,101,312228
44605,101,312235
44606,101,312242
44607,101,312249
44608,101,312256
44609,101,312263
44610,101,312270
44611,101,312277
44612,101,312284
44613,101,312291
44614,102,312298
44615,102,312305
44616,102,312312
44617,102,312319
44618,102,312326
44619,102,312333
44620,102,312340
44621,102,312347
44622,102,312354
44623,102,312361
44624,102,312368
44625,102,312375
44626,102,312382
44627,102,312389
44628,102,312396
44629,102,312403
44630,102,312410
44631,102,312417
44632,102,312424
44633,102,312431
44634,102,312438
44635,102,312445
44636,102,312452
44637,102,312459
44638,102,312466
44639,102,312473
44640,102,312480
44641,102,312487
44642,102,312494
44643,102,312501
44644,102,312508
44645,102,312515
44646,102,312522
44647,102,312529
44648,102,312536
44649,102,312543
44650,102,312550
44651,102,312557
44652,102,312564
44653,102,312571
44654,102,312578
44655,102,312585
44656,102,312592
44657,102,312599
44658,102,312606
44659,102,312613
44660,102,312620
44661,102,312627
44662,102,312634
44663,102,312641
44664,102,312648
44665,102,312655
44666,102,312662
44667,102,312669
44668,102,312676
44669,102,312683
44670,102,312690
44671,102,312697
44672,102,312704
44673,102,312711
44674,102,312718
44675,102,312725
44676,102,312732
44677,102,312739
44678,102,312746
44679,102,312753
44680,102,312760
44681,102,312767
44682,102,312774
44683,102,312781
44684,102,312788
44685,102,312795
44686,102,312802
44687,102,312809
44688,102,312816
44689,102,312823
44690,102,312830
44691,102,312837
44692,102,312844
44693,102,312851
44694,102,312858
44695,102,312865
44696,102,312872
44697,102,312879
44698,102,312886
44699,102,312893
44700,102,312900
44701,102,312907
44702,102,312914
44703,102,312921
44704,102,312928
44705,102,312935
44706,102,312942
44707,102,312949
44708,102,312956
44709,102,312963
44710,102,312970
44711,102,312977
44712,102,312984
44713,102,312991
44714,102,312998
44715,102,313005
44716,102,313012
44717,102,313019
44718,102,313026
44719,102,313033
44720,102,313040
44721,102,313047
44722,102,313054
44723,103,313061
44724,103,313068
44725,103,313075
44726,103,313082
44727,103,313089
44728,103,313096
44729,103,313103
44730,103,313110
44731,103,313117
44732,103,313124
44733,103,313131
44734,103,313138
44735,103,313145
44736,103,313152
44737,103,313159
44738,103,313166
44739,103,313173
44740,103,313180
44741,103,313187
44742,103,313194
44743,103,313201
44744,103,313208
44745,103,313215
44746,103,313222
44747,103,313229
44748,103,313236
44749,103,313243
44750,103,313250
44751,103,313257
44752,103,313264
44753,103,313271
44754,103,313278
44755,103,313285
44756,103,313292
44757,103,313299
44758,103,313306
44759,103,313313
44760,103,313320
44761,103,313327
44762,103,313334
44763,103,313341
44764,103,313348
44765,103,313355
44766,103,313362
44767,103,313369
44768,103,313376
44769,103,313383
44770,103,313390
44771,103,313397
44772,103,313404
44773,103,313411
44774,103,313418
44775,103,313425
44776,103,313432
44777,103,313439
44778,103,313446
44779,103,313453
44780,103,313460
44781,103,313467
44782,103,313474
44783,103,313481
44784,103,313488
44785,103,313495
44786,103,313502
44787,103,313509
44788,103,313516
44789,103,313523
44790,103,313530
44791,103,313537
44792,103,313544
44793,103,313551
44794,103,313558
44795,103,313565
44796,103,313572
44797,103,313579
44798,103,313586
44799,103,313593
44800,103,313600
44801,103,313607
44802,103,313614
44803,103,313621
44804,104,313628
44805,104,313635
44806,104,313642
44807,104,313649
44808,104,313656
44809,104,313663
44810,104,313670
44811,104,313677
44812,104,313684
44813,104,313691
44814,104,313698
44815,104,313705
44816,104,313712
44817,104,313719
44818,104,313726
44819,104,313733
44820,104,313740
44821,104,313747
44822,104,313754
44823,104,313761
44824,104,313768
44825,104,313775
44826,104,313782
44827,104,313789
44828,104,313796
44829,104,313803
44830,104,313810
44831,104,313817
44832,104,313824
44833,104,313831
44834,104,313838
44835,104,313845
44836,104,313852
44837,104,313859
44838,104,313866
44839,104,313873
44840,104,313880
44841,104,313887
44842,104,313894
44843,104,313901
44844,104,313908
44845,104,313915
44846,104,313922
44847,104,313929
44848,104,313936
44849,104,313943
44850,104,313950
44851,104,313957
44852,104,313964
44853,104,313971
44854,104,313978
44855,104,313985
44856,104,313992
44857,104,313999
44858,104,314006
44859,104,314013
44860,104,314020
44861,104,314027
44862,104,314034
44863,104,314041
44864,104,314048
44865,104,314055
44866,104,314062
44867,104,314069
44868,104,314076
44869,104,314083
44870,104,314090
44871,104,314097
44872,104,314104
44873,104,314111
44874,104,314118
44875,104,314125
44876,104,314132
44877,104,314139
44878,104,314146
44879,104,314153
44880,104,314160
44881,104,314167
44882,104,314174
44883,104,314181
44884,104,314188
44885,104,314195
44886,104,314202
44887,104,314209
44888,104,314216
44889,104,314223
44890,104,314230
44891,104,314237
44892,104,314244
44893,104,314251
44894,105,314258
44895,105,314265
44896,105,314272
44897,105,314279
44898,105,314286
44899,105,314293
44900,105,314300
44901,105,314307
44902,105,314314
44903,105,314321
44904,105,314328
44905,105,314335
44906,105,314342
44907,105,314349
44908,105,314356
44909,105,314363
44910,105,314370
44911,105,314377
44912,105,314384
44913,105,314391
44914,105,314398
44915,105,314405
44916,105,314412
44917,105,314419
44918,105,314426
44919,105,314433
44920,105,314440
44921,105,314447
44922,105,314454
44923,105,314461
44924,105,314468
44925,105,314475
44926,105,314482
44927,105,314489
44928,105,314496
44929,105,314503
44930,105,314510
44931,105,314517
44932,105,314524
44933,105,314531
44934,105,314538
44935,105,314545
44936,105,314552
44937,105,314559
44938,105,314566
44939,105,314573
44940,105,314580
44941,105,314587
44942,105,314594
44943,105,314601
44944,105,314608
44945,105,314615
44946,105,314622
44947,105,314629
44948,105,314636
44949,105,314643
44950,105,314650
44951,105,314657
44952,105,314664
44953,105,314671
44954,105,314678
44955,105,314685
44956,105,314692
44957,105,314699
44958,105,314706
44959,105,314713
44960,105,314720
44961,105,314727
44962,105,314734
44963,105,314741
44964,105,314748
44965,105,314755
44966,105,314762
44967,105,314769
44968,105,314776
44969,105,314783
44970,105,314790
44971,105,314797
44972,105,314804
44973,105,314811
44974,105,314818
44975,105,314825
44976,105,314832
44977,105,314839
44978,105,314846
44979,105,314853
44980,105,314860
44981,105,314867
44982,105,314874
44983,105,314881
44984,105,314888
44985,105,314895
44986,106,314902
44987,106,314909
44988,106,314916
44989,106,314923
44990,106,314930
44991,106,314937
44992,106,314944
44993,106,314951
44994,106,314958
44995,106,314965
44996,106,314972
44997,106,314979
44998,106,314986
44999,106,314993
45000,106,315000
45001,106,315007
45002,106,315014
45003,106,315021
45004,106,315028
45005,106,315035
45006,106,315042
45007,106,315049
45008,106,315056
45009,106,315063
45010,106,315070
45011,106,315077
45012,106,315084
45013,106,315091
45014,106,315098
45015,106,315105
45016,106,315112
45017,106,315119
45018,106,315126
45019,106,315133
45020,106,315140
45021,106,315147
45022,106,315154
45023,106,315161
45024,106,315168
45025,106,315175
45026,106,315182
45027,106,315189
45028,106,315196
45029,106,315203
45030,106,315210
45031,106,315217
45032,106,315224
45033,106,315231
45034,106,315238
45035,106,315245
45036,106,315252
45037,106,315259
45038,106,315266
45039,106,315273
45040,106,315280
45041,106,315287
45042,106,315294
45043,106,315301
45044,106,315308
45045,106,315315
45046,106,315322
45047,106,315329
45048,106,315336
45049,106,315343
45050,106,315350
45051,106,315357
45052,106,315364
45053,106,315371
45054,106,315378
45055,106,315385
45056,106,315392
45057,106,315399
45058,106,315406
45059,106,315413
45060,106,315420
45061,106,315427
45062,106,315434
45063,106,315441
45064,106,315448
45065,106,315455
45066,106,315462
45067,106,315469
45068,106,315476
45069,106,315483
45070,106,315490
45071,106,315497
45072,106,315504
45073,106,315511
45074,106,315518
45075,106,315525
45076,107,315532
45077,107,315539
45078,107,315546
45079,107,315553
45080,107,315560
45081,107,315567
45082,107,315574
45083,107,315581
45084,107,315588
45085,107,315595
45086,107,315602
45087,107,315609
45088,107,315616
45089,107,315623
45090,107,315630
45091,107,315637
45092,107,315644
45093,107,315651
45094,107,315658
45095,107,315665
45096,107,315672
45097,107,315679
45098,107,315686
45099,107,315693
45100,107,315700
45101,107,315707
45102,107,315714
45103,107,315721
45104,107,315728
45105,107,315735
45106,107,315742
45107,107,315749
45108,107,315756
45109,107,315763
45110,107,315770
45111,107,315777
45112,107,315784
45113,107,315791
45114,107,315798
45115,107,315805
45116,107,315812
45117,107,315819
45118,107,315826
45119,107,315833
45120,107,315840
45121,107,315847
45122,107,315854
45123,107,315861
45124,107,315868
45125,107,315875
45126,107,315882
45127,107,315889
45128,107,315896
45129,107,315903
45130,107,315910
45131,107,315917
45132,107,315924
45133,107,315931
45134,107,315938
45135,107,315945
45136,107,315952
45137,107,315959
45138,107,315966
45139,107,315973
45140,107,315980
45141,107,315987
45142,107,315994
45143,107,316001
45144,107,316008
45145,107,316015
45146,107,316022
45147,107,316029
45148,107,316036
45149,107,316043
45150,107,316050
45151,107,316057
45152,107,316064
45153,107,316071
45154,107,316078
45155,107,316085
45156,107,316092
45157,107,316099
45158,107,316106
45159,107,316113
45160,107,316120
45161,107,316127
45162,107,316134
45163,107,316141
45164,107,316148
45165,107,316155
45166,107,316162
45167,107,316169
45168,107,316176
45169,107,316183
45170,107,316190
45171,108,316197
45172,108,316204
45173,108,316211
45174,108,316218
45175,108,316225
45176,108,316232
45177,108,316239
45178,108,316246
45179,108,316253
45180,108,316260
45181,108,316267
45182,108,316274
45183,108,316281
45184,108,316288
45185,108,316295
45186,108,316302
45187,108,316309
45188,108,316316
45189,108,316323
45190,108,316330
45191,108,316337
45192,108,316344
45193,108,316351
45194,108,316358
45195,108,316365
45196,108,316372
45197,108,316379
45198,108,316386
45199,108,316393
45200,108,316400
45201,108,316407
45202,108,316414
45203,108,316421
45204,108,316428
45205,108,316435
45206,108,316442
45207,108,316449
45208,108,316456
45209,108,316463
45210,108,316470
45211,108,316477
45212,108,316484
45213,108,316491
45214,108,316498
45215,108,316505
45216,108,316512
45217,108,316519
45218,108,316526
45219,108,316533
45220,108,316540
45221,108,316547
45222,108,316554
45223,108,316561
45224,108,316568
45225,108,316575
45226,108,316582
45227,108,316589
45228,108,316596
45229,108,316603
45230,108,316610
45231,108,316617
45232,108,316624
45233,108,316631
45234,108,316638
45235,108,316645
45236,108,316652
45237,108,316659
45238,108,316666
45239,108,316673
45240,108,316680
45241,108,316687
45242,108,316694
45243,108,316701
45244,108,316708
45245,108,316715
45246,108,316722
45247,108,316729
45248,108,316736
45249,108,316743
45250,108,316750
45251,108,316757
45252,108,316764
45253,108,316771
45254,108,316778
45255,108,316785
45256,108,316792
45257,108,316799
45258,108,316806
45259,108,316813
45260,108,316820
45261,108,316827
45262,108,316834
45263,108,316841
45264,108,316848
45265,108,316855
45266,108,316862
45267,108,316869
45268,108,316876
45269,108,316883
45270,108,316890
45271,108,316897
45272,108,316904
45273,108,316911
45274,108,316918
45275,108,316925
45276,108,316932
45277,108,316939
45278,108,316946
45279,108,316953
45280,108,316960
45281,108,316967
45282,108,316974
45283,108,316981
45284,108,316988
45285,108,316995
45286,108,317002
45287,108,317009
45288,108,317016
45289,108,317023
45290,109,317030
45291,109,317037
45292,109,317044
45293,109,317051
45294,109,317058
45295,109,317065
45296,109,317072
45297,109,317079
45298,109,317086
45299,109,317093
45300,109,317100
45301,109,317107
45302,109,317114
45303,109,317121
45304,109,317128
45305,109,317135
45306,109,317142
45307,109,317149
45308,109,317156
45309,109,317163
45310,109,317170
45311,109,317177
45312,109,317184
45313,109,317191
45314,109,317198
45315,109,317205
45316,109,317212
45317,109,317219
45318,109,317226
45319,109,317233
45320,109,317240
45321,109,317247
45322,109,317254
45323,109,317261
45324,109,317268
45325,109,317275
45326,109,317282
45327,109,317289
45328,109,317296
45329,109,317303
45330,109,317310
45331,109,317317
45332,109,317324
45333,109,317331
45334,109,317338
45335,109,317345
45336,109,317352
45337,109,317359
45338,109,317366
45339,109,317373
45340,109,317380
45341,109,317387
45342,109,317394
45343,109,317401
45344,109,317408
45345,109,317415
45346,109,317422
45347,109,317429
45348,109,317436
45349,109,317443
45350,109,317450
45351,109,317457
45352,109,317464
45353,109,317471
45354,109,317478
45355,109,317485
45356,109,317492
45357,109,317499
45358,109,317506
45359,109,317513
45360,109,317520
45361,109,317527
45362,109,317534
45363,109,317541
45364,109,317548
45365,109,317555
45366,109,317562
45367,109,317569
45368,109,317576
45369,109,317583
45370,109,317590
45371,109,317597
45372,109,317604
45373,109,317611
45374,109,317618
45375,109,317625
45376,109,317632
45377,109,317639
45378,109,317646
45379,109,317653
45380,109,317660
45381,109,317667
45382,109,317674
45383,109,317681
45384,109,317688
45385,109,317695
45386,109,317702
45387,109,317709
45388,110,317716
45389,110,317723
45390,110,317730
45391,110,317737
45392,110,317744
45393,110,317751
45394,110,317758
45395,110,317765
45396,110,317772
45397,110,317779
45398,110,317786
45399,110,317793
45400,110,317800
45401,110,317807
45402,110,317814
45403,110,317821
45404,110,317828
45405,110,317835
45406,110,317842
45407,110,317849
45408,110,317856
45409,110,317863
45410,110,317870
45411,110,317877
45412,110,317884
45413,110,317891
45414,110,317898
45415,110,317905
45416,110,317912
45417,110,317919
45418,110,317926
45419,110,317933
45420,110,317940
45421,110,317947
45422,110,317954
45423,110,317961
45424,110,317968
45425,110,317975
45426,110,317982
45427,110,317989
45428,110,317996
45429,110,318003
45430,110,318010
45431,110,318017
45432,110,318024
45433,110,318031
45434,110,318038
45435,110,318045
45436,110,318052
45437,110,318059
45438,110,318066
45439,110,318073
45440,110,318080
45441,110,318087
45442,110,318094
45443,110,318101
45444,110,318108
45445,110,318115
45446,110,318122
45447,110,318129
45448,110,318136
45449,110,318143
45450,110,318150
45451,110,318157
45452,110,318164
45453,110,318171
45454,110,318178
45455,110,318185
45456,110,318192
45457,110,318199
45458,110,318206
45459,110,318213
45460,110,318220
45461,110,318227
45462,110,318234
45463,110,318241
45464,110,318248
45465,110,318255
45466,110,318262
45467,110,318269
45468,110,318276
45469,110,318283
45470,110,318290
45471,110,318297
45472,110,318304
45473,110,318311
45474,111,318318
45475,111,318325
45476,111,318332
45477,111,318339
45478,111,318346
45479,111,318353
45480,111,318360
45481,111,318367
45482,111,318374
45483,111,318381
45484,111,318388
45485,111,318395
45486,111,318402
45487,111,318409
45488,111,318416
45489,111,318423
45490,111,318430
45491,111,318437
45492,111,318444
45493,111,318451
45494,111,318458
45495,111,318465
45496,111,318472
45497,111,318479
45498,111,318486
45499,111,318493
45500,111,318500
45501,111,318507
45502,111,318514
45503,111,318521
45504,111,318528
45505,111,318535
45506,111,318542
45507,111,318549
45508,111,318556
45509,111,318563
45510,111,318570
45511,111,318577
45512,111,318584
45513,111,318591
45514,111,318598
45515,111,318605
45516,111,318612
45517,111,318619
45518,111,318626
45519,111,318633
45520,111,318640
45521,111,318647
45522,111,318654
45523,111,318661
45524,111,318668
45525,111,318675
45526,111,318682
45527,111,318689
45528,111,318696
45529,111,318703
45530,111,318710
45531,111,318717
45532,111,318724
45533,111,318731
45534,111,318738
45535,111,318745
45536,111,318752
45537,111,318759
45538,111,318766
45539,111,318773
45540,111,318780
45541,111,318787
45542,111,318794
45543,111,318801
45544,111,318808
45545,111,318815
45546,111,318822
45547,111,318829
45548,111,318836
45549,111,318843
45550,111,318850
45551,111,318857
45552,111,318864
45553,111,318871
45554,111,318878
45555,111,318885
45556,111,318892
45557,111,318899
45558,111,318906
45559,111,318913
45560,111,318920
45561,111,318927
45562,111,318934
45563,111,318941
45564,111,318948
45565,111,318955
45566,111,318962
45567,111,318969
45568,111,318976
45569,111,318983
45570,111,318990
45571,111,318997
45572,111,319004
45573,111,319011
45574,112,319018
45575,112,319025
45576,112,319032
45577,112,319039
45578,112,319046
45579,112,319053
45580,112,319060
45581,112,319067
45582,112,319074
45583,112,319081
45584,112,319088
45585,112,319095
45586,112,319102
45587,112,319109
45588,112,319116
45589,112,319123
45590,112,319130
45591,112,319137
45592,112,319144
45593,112,319151
45594,112,319158
45595,112,319165
45596,112,319172
45597,112,319179
45598,112,319186
45599,112,319193
45600,112,319200
45601,112,319207
45602,112,319214
45603,112,319221
45604,112,319228
45605,112,319235
45606,112,319242
45607,112,319249
45608,112,319256
45609,112,319263
45610,112,319270
45611,112,319277
45612,112,319284
45613,112,319291
45614,112,319298
45615,112,319305
45616,112,319312
45617,112,319319
45618,112,319326
45619,112,319333
45620,112,319340
45621,112,319347
45622,112,319354
45623,112,319361
45624,112,319368
45625,112,319375
45626,112,319382
45627,112,319389
45628,112,319396
45629,112,319403
45630,112,319410
45631,112,319417
45632,112,319424
45633,112,319431
45634,112,319438
45635,112,319445
45636,112,319452
45637,112,319459
45638,112,319466
45639,112,319473
45640,112,319480
45641,112,319487
45642,112,319494
45643,112,319501
45644,112,319508
45645,112,319515
45646,112,319522
45647,112,319529
45648,112,319536
45649,112,319543
45650,112,319550
45651,112,319557
45652,112,319564
45653,112,319571
45654,112,319578
45655,112,319585
45656,112,319592
45657,112,319599
45658,112,319606
45659,112,319613
45660,112,319620
45661,112,319627
45662,112,319634
45663,112,319641
45664,112,319648
45665,112,319655
45666,113,319662
45667,113,319669
45668,113,319676
45669,113,319683
45670,113,319690
45671,113,319697
45672,113,319704
45673,113,319711
45674,113,319718
45675,113,319725
45676,113,319732
45677,113,319739
45678,113,319746
45679,113,319753
45680,113,319760
45681,113,319767
45682,113,319774
45683,113,319781
45684,113,319788
45685,113,319795
45686,113,319802
45687,113,319809
45688,113,319816
45689,113,319823
45690,113,319830
45691,113,319837
45692,113,319844
45693,113,319851
45694,113,319858
45695,113,319865
45696,113,319872
45697,113,319879
45698,113,319886
45699,113,319893
45700,113,319900
45701,113,319907
45702,113,319914
45703,113,319921
45704,113,319928
45705,113,319935
45706,113,319942
45707,113,319949
45708,113,319956
45709,113,319963
45710,113,319970
45711,113,319977
45712,113,319984
45713,113,319991
45714,113,319998
45715,113,320005
45716,113,320012
45717,113,320019
45718,113,320026
45719,113,320033
45720,113,320040
45721,113,320047
45722,113,320054
45723,113,320061
45724,113,320068
45725,113,320075
45726,113,320082
45727,113,320089
45728,113,320096
45729,113,320103
45730,113,320110
45731,113,320117
45732,113,320124
45733,113,320131
45734,113,320138
45735,113,320145
45736,113,320152
45737,113,320159
45738,113,320166
45739,113,320173
45740,113,320180
45741,113,320187
45742,113,320194
45743,113,320201
45744,113,320208
45745,113,320215
45746,113,320222
45747,113,320229
45748,113,320236
45749,113,320243
45750,113,320250
45751,113,320257
45752,114,320264
45753,114,320271
45754,114,320278
45755,114,320285
45756,114,320292
45757,114,320299
45758,114,320306
45759,114,320313
45760,114,320320
45761,114,320327
45762,114,320334
45763,114,320341
45764,114,320348
45765,114,320355
45766,114,320362
45767,114,320369
45768,114,320376
45769,114,320383
45770,114,320390
45771,114,320397
45772,114,320404
45773,114,320411
45774,114,320418
45775,114,320425
45776,114,320432
45777,114,320439
45778,114,320446
45779,114,320453
45780,114,320460
45781,114,320467
45782,114,320474
45783,114,320481
45784,114,320488
45785,114,320495
45786,114,320502
45787,114,320509
45788,114,320516
45789,114,320523
45790,114,320530
45791,114,320537
45792,114,320544
45793,114,320551
45794,114,320558
45795,114,320565
45796,114,320572
45797,114,320579
45798,114,320586
45799,114,320593
45800,114,320600
45801,114,320607
45802,114,320614
45803,114,320621
45804,114,320628
45805,114,320635
45806,114,320642
45807,114,320649
45808,114,320656
45809,114,320663
45810,114,320670
45811,114,320677
45812,114,320684
45813,114,320691
45814,114,320698
45815,114,320705
45816,114,320712
45817,114,320719
45818,114,320726
45819,114,320733
45820,114,320740
45821,114,320747
45822,114,320754
45823,114,320761
45824,114,320768
45825,114,320775
45826,114,320782
45827,114,320789
45828,114,320796
45829,114,320803
45830,114,320810
45831,114,320817
45832,114,320824
45833,114,320831
45834,114,320838
45835,114,320845
45836,114,320852
45837,114,320859
45838,114,320866
45839,114,320873
45840,115,320880
45841,115,320887
45842,115,320894
45843,115,320901
45844,115,320908
45845,115,320915
45846,115,320922
45847,115,320929
45848,115,320936
45849,115,320943
45850,115,320950
45851,115,320957
45852,115,320964
45853,115,320971
45854,115,320978
45855,115,320985
45856,115,320992
45857,115,320999
45858,115,321006
45859,115,321013
45860,115,321020
45861,115,321027
45862,115,321034
45863,115,321041
45864,115,321048
45865,115,321055
45866,115,321062
45867,115,321069
45868,115,321076
45869,115,321083
45870,115,321090
45871,115,321097
45872,115,321104
45873,115,321111
45874,115,321118
45875,115,321125
45876,115,321132
45877,115,321139
45878,115,321146
45879,115,321153
45880,115,321160
45881,115,321167
45882,115,321174
45883,115,321181
45884,115,321188
45885,115,321195
45886,115,321202
45887,115,321209
45888,115,321216
45889,115,321223
45890,115,321230
45891,115,321237
45892,115,321244
45893,115,321251
45894,115,321258
45895,115,321265
45896,115,321272
45897,115,321279
45898,115,321286
45899,115,321293
45900,115,321300
45901,115,321307
45902,115,321314
45903,115,321321
45904,115,321328
45905,115,321335
45906,115,321342
45907,115,321349
45908,115,321356
45909,115,321363
45910,115,321370
45911,115,321377
45912,115,321384
45913,115,321391
45914,115,321398
45915,115,321405
45916,115,321412
45917,115,321419
45918,115,321426
45919,115,321433
45920,115,321440
45921,115,321447
45922,115,321454
45923,115,321461
45924,115,321468
45925,115,321475
45926,115,321482
45927,115,321489
45928,115,321496
45929,115,321503
45930,115,321510
45931,115,321517
45932,115,321524
45933,115,321531
45934,115,321538
45935,115,321545
45936,116,321552
45937,116,321559
45938,116,321566
45939,116,321573
45940,116,321580
45941,116,321587
45942,116,321594
45943,116,321601
45944,116,321608
45945,116,321615
45946,116,321622
45947,116,321629
45948,116,321636
45949,116,321643
45950,116,321650
45951,116,321657
45952,116,321664
45953,116,321671
45954,116,321678
45955,116,321685
45956,116,321692
45957,116,321699
45958,116,321706
45959,116,321713
45960,116,321720
45961,116,321727
45962,116,321734
45963,116,321741
45964,116,321748
45965,116,321755
45966,116,321762
45967,116,321769
45968,116,321776
45969,116,321783
45970,116,321790
45971,116,321797
45972,116,321804
45973,116,321811
45974,116,321818
45975,116,321825
45976,116,321832
45977,116,321839
45978,116,321846
45979,116,321853
45980,116,321860
45981,116,321867
45982,116,321874
45983,116,321881
45984,116,321888
45985,116,321895
45986,116,321902
45987,116,321909
45988,116,321916
45989,116,321923
45990,116,321930
45991,116,321937
45992,116,321944
45993,116,321951
45994,116,321958
45995,116,321965
45996,116,321972
45997,116,321979
45998,116,321986
45999,116,321993
46000,116,322000
46001,116,322007
46002,116,322014
46003,116,322021
46004,116,322028
46005,116,322035
46006,116,322042
46007,116,322049
46008,116,322056
46009,116,322063
46010,116,322070
46011,116,322077
46012,116,322084
46013,116,322091
46014,116,322098
46015,116,322105
46016,116,322112
46017,116,322119
46018,116,322126
46019,116,322133
46020,116,322140
46021,116,322147
46022,116,322154
46023,116,322161
46024,116,322168
46025,116,322175
46026,116,322182
46027,116,322189
46028,117,322196
46029,117,322203
46030,117,322210
46031,117,322217
46032,117,322224
46033,117,322231
46034,117,322238
46035,117,322245
46036,117,322252
46037,117,322259
46038,117,322266
46039,117,322273
46040,117,322280
46041,117,322287
46042,117,322294
46043,117,322301
46044,117,322308
46045,117,322315
46046,117,322322
46047,117,322329
46048,117,322336
46049,117,322343
46050,117,322350
46051,117,322357
46052,117,322364
46053,117,322371
46054,117,322378
46055,117,322385
46056,117,322392
46057,117,322399
46058,117,322406
46059,117,322413
46060,117,322420
46061,117,322427
46062,117,322434
46063,117,322441
46064,117,322448
46065,117,322455
46066,117,322462
46067,117,322469
46068,117,322476
46069,117,322483
46070,117,322490
46071,117,322497
46072,117,322504
46073,117,322511
46074,117,322518
46075,117,322525
46076,117,322532
46077,117,322539
46078,117,322546
46079,117,322553
46080,117,322560
46081,117,322567
46082,117,322574
46083,117,322581
46084,117,322588
46085,117,322595
46086,117,322602
46087,117,322609
46088,117,322616
46089,117,322623
46090,117,322630
46091,117,322637
46092,117,322644
46093,117,322651
46094,117,322658
46095,117,322665
46096,117,322672
46097,117,322679
46098,117,322686
46099,117,322693
46100,117,322700
46101,117,322707
46102,117,322714
46103,117,322721
46104,117,322728
46105,117,322735
46106,117,322742
46107,117,322749
46108,117,322756
46109,117,322763
46110,117,322770
46111,117,322777
46112,117,322784
46113,117,322791
46114,117,322798
46115,117,322805
46116,117,322812
46117,117,322819
46118,117,322826
46119,117,322833
46120,117,322840
46121,118,322847
46122,118,322854
46123,118,322861
46124,118,322868
46125,118,322875
46126,118,322882
46127,118,322889
46128,118,322896
46129,118,322903
46130,118,322910
46131,118,322917
46132,118,322924
46133,118,322931
46134,118,322938
46135,118,322945
46136,118,322952
46137,118,322959
46138,118,322966
46139,118,322973
46140,118,322980
46141,118,322987
46142,118,322994
46143,118,323001
46144,118,323008
46145,118,323015
46146,118,323022
46147,118,323029
46148,118,323036
46149,118,323043
46150,118,323050
46151,118,323057
46152,118,323064
46153,118,323071
46154,118,323078
46155,118,323085
46156,118,323092
46157,118,323099
46158,118,323106
46159,118,323113
46160,118,323120
46161,118,323127
46162,118,323134
46163,118,323141
46164,118,323148
46165,118,323155
46166,118,323162
46167,118,323169
46168,118,323176
46169,118,323183
46170,118,323190
46171,118,323197
46172,118,323204
46173,118,323211
46174,118,323218
46175,118,323225
46176,118,323232
46177,118,323239
46178,118,323246
46179,118,323253
46180,118,323260
46181,118,323267
46182,118,323274
46183,118,323281
46184,118,323288
46185,118,323295
46186,118,323302
46187,118,323309
46188,118,323316
46189,118,323323
46190,118,323330
46191,118,323337
46192,118,323344
46193,118,323351
46194,118,323358
46195,118,323365
46196,118,323372
46197,118,323379
46198,118,323386
46199,118,323393
46200,118,323400
46201,118,323407
46202,118,323414
46203,118,323421
46204,118,323428
46205,119,323435
46206,119,323442
46207,119,323449
46208,119,323456
46209,119,323463
46210,119,323470
46211,119,323477
46212,119,323484
46213,119,323491
46214,119,323498
46215,119,323505
46216,119,323512
46217,119,323519
46218,119,323526
46219,119,323533
46220,119,323540
46221,119,323547
46222,119,323554
46223,119,323561
46224,119,323568
46225,119,323575
46226,119,323582
46227,119,323589
46228,119,323596
46229,119,323603
46230,119,323610
46231,119,323617
46232,119,323624
46233,119,323631
46234,119,323638
46235,119,323645
46236,119,323652
46237,119,323659
46238,119,323666
46239,119,323673
46240,119,323680
46241,119,323687
46242,119,323694
46243,119,323701
46244,119,323708
46245,119,323715
46246,119,323722
46247,119,323729
46248,119,323736
46249,119,323743
46250,119,323750
46251,119,323757
46252,119,323764
46253,119,323771
46254,119,323778
46255,119,323785
46256,119,323792
46257,119,323799
46258,119,323806
46259,119,323813
46260,119,323820
46261,119,323827
46262,119,323834
46263,119,323841
46264,119,323848
46265,119,323855
46266,119,323862
46267,119,323869
46268,119,323876
46269,119,323883
46270,119,323890
46271,119,323897
46272,119,323904
46273,119,323911
46274,119,323918
46275,119,323925
46276,119,323932
46277,119,323939
46278,119,323946
46279,119,323953
46280,119,323960
46281,119,323967
46282,119,323974
46283,119,323981
46284,119,323988
46285,119,323995
46286,119,324002
46287,119,324009
46288,119,324016
46289,119,324023
46290,119,324030
46291,119,324037
46292,119,324044
46293,119,324051
46294,119,324058
46295,119,324065
46296,119,324072
46297,119,324079
46298,119,324086
46299,119,324093
46300,119,324100
46301,119,324107
46302,119,324114
46303,119,324121
46304,119,324128
46305,119,324135
46306,119,324142
46307,119,324149
46308,120,324156
46309,120,324163
46310,120,324170
46311,120,324177
46312,120,324184
46313,120,324191
46314,120,324198
46315,120,324205
46316,120,324212
46317,120,324219
46318,120,324226
46319,120,324233
46320,120,324240
46321,120,324247
46322,120,324254
46323,120,324261
46324,120,324268
46325,120,324275
46326,120,324282
46327,120,324289
46328,120,324296
46329,120,324303
46330,120,324310
46331,120,324317
46332,120,324324
46333,120,324331
46334,120,324338
46335,120,324345
46336,120,324352
46337,120,324359
46338,120,324366
46339,120,324373
46340,120,324380
46341,120,324387
46342,120,324394
46343,120,324401
46344,120,324408
46345,120,324415
46346,120,324422
46347,120,324429
46348,120,324436
46349,120,324443
46350,120,324450
46351,120,324457
46352,120,324464
46353,120,324471
46354,120,324478
46355,120,324485
46356,120,324492
46357,120,324499
46358,120,324506
46359,120,324513
46360,120,324520
46361,120,324527
46362,120,324534
46363,120,324541
46364,120,324548
46365,120,324555
46366,120,324562
46367,120,324569
46368,120,324576
46369,120,324583
46370,120,324590
46371,120,324597
46372,120,324604
46373,120,324611
46374,120,324618
46375,120,324625
46376,120,324632
46377,120,324639
46378,120,324646
46379,120,324653
46380,120,324660
46381,120,324667
46382,120,324674
46383,120,324681
46384,120,324688
46385,120,324695
46386,120,324702
46387,120,324709
46388,120,324716
46389,120,324723
46390,121,324730
46391,121,324737
46392,121,324744
46393,121,324751
46394,121,324758
46395,121,324765
46396,121,324772
46397,121,324779
46398,121,324786
46399,121,324793
46400,121,324800
46401,121,324807
46402,121,324814
46403,121,324821
46404,121,324828
46405,121,324835
46406,121,324842
46407,121,324849
46408,121,324856
46409,121,324863
46410,121,324870
46411,121,324877
46412,121,324884
46413,121,324891
46414,121,324898
46415,121,324905
46416,121,324912
46417,121,324919
46418,121,324926
46419,121,324933
46420,121,324940
46421,121,324947
46422,121,324954
46423,121,324961
46424,121,324968
46425,121,324975
46426,121,324982
46427,121,324989
46428,121,324996
46429,121,325003
46430,121,325010
46431,121,325017
46432,121,325024
46433,121,325031
46434,121,325038
46435,121,325045
46436,121,325052
46437,121,325059
46438,121,325066
46439,121,325073
46440,121,325080
46441,121,325087
46442,121,325094
46443,121,325101
46444,121,325108
46445,121,325115
46446,121,325122
46447,121,325129
46448,121,325136
46449,121,325143
46450,121,325150
46451,121,325157
46452,121,325164
46453,121,325171
46454,121,325178
46455,121,325185
46456,121,325192
46457,121,325199
46458,121,325206
46459,121,325213
46460,121,325220
46461,121,325227
46462,121,325234
46463,121,325241
46464,121,325248
46465,121,325255
46466,121,325262
46467,121,325269
46468,121,325276
46469,121,325283
46470,121,325290
46471,121,325297
46472,121,325304
46473,121,325311
46474,121,325318
46475,121,325325
46476,121,325332
46477,121,325339
46478,122,325346
46479,122,325353
46480,122,325360
46481,122,325367
46482,122,325374
46483,122,325381
46484,122,325388
46485,122,325395
46486,122,325402
46487,122,325409
46488,122,325416
46489,122,325423
46490,122,325430
46491,122,325437
46492,122,325444
46493,122,325451
46494,122,325458
46495,122,325465
46496,122,325472
46497,122,325479
46498,122,325486
46499,122,325493
46500,122,325500
46501,122,325507
46502,122,325514
46503,122,325521
46504,122,325528
46505,122,325535
46506,122,325542
46507,122,325549
46508,122,325556
46509,122,325563
46510,122,325570
46511,122,325577
46512,122,325584
46513,122,325591
46514,122,325598
46515,122,325605
46516,122,325612
46517,122,325619
46518,122,325626
46519,122,325633
46520,122,325640
46521,122,325647
46522,122,325654
46523,122,325661
46524,122,325668
46525,122,325675
46526,122,325682
46527,122,325689
46528,122,325696
46529,122,325703
46530,122,325710
46531,122,325717
46532,122,325724
46533,122,325731
46534,122,325738
46535,122,325745
46536,122,325752
46537,122,325759
46538,122,325766
46539,122,325773
46540,122,325780
46541,122,325787
46542,122,325794
46543,122,325801
46544,122,325808
46545,122,325815
46546,122,325822
46547,122,325829
46548,122,325836
46549,122,325843
46550,122,325850
46551,122,325857
46552,122,325864
46553,122,325871
46554,122,325878
46555,122,325885
46556,122,325892
46557,122,325899
46558,122,325906
46559,122,325913
46560,122,325920
46561,122,325927
46562,122,325934
46563,122,325941
46564,122,325948
46565,122,325955
46566,122,325962
46567,123,325969
46568,123,325976
46569,123,325983
46570,123,325990
46571,123,325997
46572,123,326004
46573,123,326011
46574,123,326018
46575,123,326025
46576,123,326032
46577,123,326039
46578,123,326046
46579,123,326053
46580,123,326060
46581,123,326067
46582,123,326074
46583,123,326081
46584,123,326088
46585,123,326095
46586,123,326102
46587,123,326109
46588,123,326116
46589,123,326123
46590,123,326130
46591,123,326137
46592,123,326144
46593,123,326151
46594,123,326158
46595,123,326165
46596,123,326172
46597,123,326179
46598,123,326186
46599,123,326193
46600,123,326200
46601,123,326207
46602,123,326214
46603,123,326221
46604,123,326228
46605,123,326235
46606,123,326242
46607,123,326249
46608,123,326256
46609,123,326263
46610,123,326270
46611,123,326277
46612,123,326284
46613,123,326291
46614,123,326298
46615,123,326305
46616,123,326312
46617,123,326319
46618,123,326326
46619,123,326333
46620,123,326340
46621,123,326347
46622,123,326354
46623,123,326361
46624,123,326368
46625,123,326375
46626,123,326382
46627,123,326389
46628,123,326396
46629,123,326403
46630,123,326410
46631,123,326417
46632,123,326424
46633,123,326431
46634,123,326438
46635,123,326445
46636,123,326452
46637,123,326459
46638,123,326466
46639,123,326473
46640,123,326480
46641,124,326487
46642,124,326494
46643,124,326501
46644,124,326508
46645,124,326515
46646,124,326522
46647,124,326529
46648,124,326536
46649,124,326543
46650,124,326550
46651,124,326557
46652,124,326564
46653,124,326571
46654,124,326578
46655,124,326585
46656,124,326592
46657,124,326599
46658,124,326606
46659,124,326613
46660,124,326620
46661,124,326627
46662,124,326634
46663,124,326641
46664,124,326648
46665,124,326655
46666,124,326662
46667,124,326669
46668,124,326676
46669,124,326683
46670,124,326690
46671,124,326697
46672,124,326704
46673,124,326711
46674,124,326718
46675,124,326725
46676,124,326732
46677,124,326739
46678,124,326746
46679,124,326753
46680,124,326760
46681,124,326767
46682,124,326774
46683,124,326781
46684,124,326788
46685,124,326795
46686,124,326802
46687,124,326809
46688,124,326816
46689,124,326823
46690,124,326830
46691,124,326837
46692,124,326844
46693,124,326851
46694,124,326858
46695,124,326865
46696,124,326872
46697,124,326879
46698,124,326886
46699,124,326893
46700,124,326900
46701,124,326907
46702,124,326914
46703,124,326921
46704,124,326928
46705,124,326935
46706,124,326942
46707,124,326949
46708,125,326956
46709,125,326963
46710,125,326970
46711,125,326977
46712,125,326984
46713,125,326991
46714,125,326998
46715,125,327005
46716,125,327012
46717,125,327019
46718,125,327026
46719,125,327033
46720,125,327040
46721,125,327047
46722,125,327054
46723,125,327061
46724,125,327068
46725,125,327075
46726,125,327082
46727,125,327089
46728,125,327096
46729,125,327103
46730,125,327110
46731,125,327117
46732,125,327124
46733,125,327131
46734,125,327138
46735,125,327145
46736,125,327152
46737,125,327159
46738,125,327166
46739,125,327173
46740,125,327180
46741,125,327187
46742,125,327194
46743,125,327201
46744,125,327208
46745,125,327215
46746,125,327222
46747,125,327229
46748,125,327236
46749,125,327243
46750,125,327250
46751,125,327257
46752,125,327264
46753,125,327271
46754,125,327278
46755,125,327285
46756,125,327292
46757,125,327299
46758,125,327306
46759,125,327313
46760,125,327320
46761,125,327327
46762,125,327334
46763,125,327341
46764,125,327348
46765,125,327355
46766,125,327362
46767,125,327369
46768,125,327376
46769,125,327383
46770,125,327390
46771,125,327397
46772,125,327404
46773,125,327411
46774,125,327418
46775,125,327425
46776,125,327432
46777,125,327439
46778,125,327446
46779,125,327453
46780,125,327460
46781,125,327467
46782,125,327474
46783,125,327481
46784,125,327488
46785,125,327495
46786,125,327502
46787,125,327509
46788,125,327516
46789,125,327523
46790,125,327530
46791,125,327537
46792,125,327544
46793,125,327551
46794,125,327558
46795,125,327565
46796,125,327572
46797,125,327579
46798,125,327586
46799,125,327593
46800,125,327600
46801,125,327607
46802,125,327614
46803,125,327621
46804,125,327628
46805,125,327635
46806,125,327642
46807,125,327649
46808,125,327656
46809,125,327663
46810,125,327670
46811,126,327677
46812,126,327684
46813,126,327691
46814,126,327698
46815,126,327705
46816,126,327712
46817,126,327719
46818,126,327726
46819,126,327733
46820,126,327740
46821,126,327747
46822,126,327754
46823,126,327761
46824,126,327768
46825,126,327775
46826,126,327782
46827,126,327789
46828,126,327796
46829,126,327803
46830,126,327810
46831,126,327817
46832,126,327824
46833,126,327831
46834,126,327838
46835,126,327845
46836,126,327852
46837,126,327859
46838,126,327866
46839,126,327873
46840,126,327880
46841,126,327887
46842,126,327894
46843,126,327901
46844,126,327908
46845,126,327915
46846,126,327922
46847,126,327929
46848,126,327936
46849,126,327943
46850,126,327950
46851,126,327957
46852,126,327964
46853,126,327971
46854,126,327978
46855,126,327985
46856,126,327992
46857,126,327999
46858,126,328006
46859,126,328013
46860,126,328020
46861,126,328027
46862,126,328034
46863,126,328041
46864,126,328048
46865,126,328055
46866,126,328062
46867,126,328069
46868,126,328076
46869,126,328083
46870,126,328090
46871,126,328097
46872,126,328104
46873,126,328111
46874,126,328118
46875,126,328125
46876,126,328132
46877,126,328139
46878,126,328146
46879,126,328153
46880,126,328160
46881,126,328167
46882,126,328174
46883,126,328181
46884,126,328188
46885,126,328195
46886,126,328202
46887,126,328209
46888,126,328216
46889,126,328223
46890,126,328230
46891,126,328237
46892,126,328244
46893,126,328251
46894,126,328258
46895,126,328265
46896,126,328272
46897,126,328279
46898,126,328286
46899,126,328293
46900,126,328300
46901,126,328307
46902,126,328314
46903,127,328321
46904,127,328328
46905,127,328335
46906,127,328342
46907,127,328349
46908,127,328356
46909,127,328363
46910,127,328370
46911,127,328377
46912,127,328384
46913,127,328391
46914,127,328398
46915,127,328405
46916,127,328412
46917,127,328419
46918,127,328426
46919,127,328433
46920,127,328440
46921,127,328447
46922,127,328454
46923,127,328461
46924,127,328468
46925,127,328475
46926,127,328482
46927,127,328489
46928,127,328496
46929,127,328503
46930,127,328510
46931,127,328517
46932,127,328524
46933,127,328531
46934,127,328538
46935,127,328545
46936,127,328552
46937,127,328559
46938,127,328566
46939,127,328573
46940,127,328580
46941,127,328587
46942,127,328594
46943,127,328601
46944,127,328608
46945,127,328615
46946,127,328622
46947,127,328629
46948,127,328636
46949,127,328643
46950,127,328650
46951,127,328657
46952,127,328664
46953,127,328671
46954,127,328678
46955,127,328685
46956,127,328692
46957,127,328699
46958,127,328706
46959,127,328713
46960,127,328720
46961,127,328727
46962,127,328734
46963,127,328741
46964,127,328748
46965,127,328755
46966,127,328762
46967,127,328769
46968,127,328776
46969,127,328783
46970,127,328790
46971,127,328797
46972,127,328804
46973,127,328811
46974,127,328818
46975,127,328825
46976,127,328832
46977,127,328839
46978,127,328846
46979,127,328853
46980,127,328860
46981,127,328867
46982,127,328874
46983,127,328881
46984,127,328888
46985,127,328895
46986,127,328902
46987,127,328909
46988,127,328916
46989,127,328923
46990,127,328930
46991,127,328937
46992,127,328944
46993,127,328951
46994,127,328958
46995,127,328965
46996,127,328972
46997,127,328979
46998,127,328986
46999,127,328993
47000,127,329000
47001,127,329007
47002,128,376016
47003,128,376024
47004,128,376032
47005,128,376040
47006,128,376048
47007,128,376056
47008,128,376064
47009,128,376072
47010,128,376080
47011,128,376088
47012,128,376096
47013,128,376104
47014,128,376112
47015,128,376120
47016,128,376128
47017,128,376136
47018,128,376144
47019,128,376152
47020,128,376160
47021,128,376168
47022,128,376176
47023,128,376184
47024,128,376192
47025,128,376200
47026,128,376208
47027,128,376216
47028,128,376224
47029,128,376232
47030,128,376240
47031,128,376248
47032,128,376256
47033,128,376264
47034,128,376272
47035,128,376280
47036,128,376288
47037,128,376296
47038,128,376304
47039,128,376312
47040,128,376320
47041,128,376328
47042,128,376336
47043,128,376344
47044,128,376352
47045,128,376360
47046,128,376368
47047,128,376376
47048,128,376384
47049,128,376392
47050,128,376400
47051,128,376408
47052,128,376416
47053,128,376424
47054,128,376432
47055,128,376440
47056,128,376448
47057,128,376456
47058,128,376464
47059,128,376472
47060,128,376480
47061,128,376488
47062,128,376496
47063,128,376504
47064,128,376512
47065,128,376520
47066,128,376528
47067,128,376536
47068,128,376544
47069,128,376552
47070,128,376560
47071,128,376568
47072,128,376576
47073,128,376584
47074,128,376592
47075,128,376600
47076,128,376608
47077,128,376616
47078,128,376624
47079,128,376632
47080,128,376640
47081,128,376648
47082,128,376656
47083,128,376664
47084,128,376672
47085,129,376680
47086,129,376688
47087,129,376696
47088,129,376704
47089,129,376712
47090,129,376720
47091,129,376728
47092,129,376736
47093,129,376744
47094,129,376752
47095,129,376760
47096,129,376768
47097,129,376776
47098,129,376784
47099,129,376792
47100,129,376800
47101,129,376808
47102,129,376816
47103,129,376824
47104,129,376832
47105,129,376840
47106,129,376848
47107,129,376856
47108,129,376864
47109,129,376872
47110,129,376880
47111,129,376888
47112,129,376896
47113,129,376904
47114,129,376912
47115,129,376920
47116,129,376928
47117,129,376936
47118,129,376944
47119,129,376952
47120,129,376960
47121,129,376968
47122,129,376976
47123,129,376984
47124,129,376992
47125,129,377000
47126,129,377008
47127,129,377016
47128,129,377024
47129,129,377032
47130,129,377040
47131,129,377048
47132,129,377056
47133,129,377064
47134,129,377072
47135,129,377080
47136,129,377088
47137,129,377096
47138,129,377104
47139,129,377112
47140,129,377120
47141,129,377128
47142,129,377136
47143,129,377144
47144,129,377152
47145,129,377160
47146,129,377168
47147,129,377176
47148,129,377184
47149,129,377192
47150,129,377200
47151,129,377208
47152,129,377216
47153,129,377224
47154,129,377232
47155,129,377240
47156,129,377248
47157,129,377256
47158,129,377264
47159,129,377272
47160,129,377280
47161,129,377288
47162,129,377296
47163,129,377304
47164,130,377312
47165,130,377320
47166,130,377328
47167,130,377336
47168,130,377344
47169,130,377352
47170,130,377360
47171,130,377368
47172,130,377376
47173,130,377384
47174,130,377392
47175,130,377400
47176,130,377408
47177,130,377416
47178,130,377424
47179,130,377432
47180,130,377440
47181,130,377448
47182,130,377456
47183,130,377464
47184,130,377472
47185,130,377480
47186,130,377488
47187,130,377496
47188,130,377504
47189,130,377512
47190,130,377520
47191,130,377528
47192,130,377536
47193,130,377544
47194,130,377552
47195,130,377560
47196,130,377568
47197,130,377576
47198,130,377584
47199,130,377592
47200,130,377600
47201,130,377608
47202,130,377616
47203,130,377624
47204,130,377632
47205,130,377640
47206,130,377648
47207,130,377656
47208,130,377664
47209,130,377672
47210,130,377680
47211,130,377688
47212,130,377696
47213,130,377704
47214,130,377712
47215,130,377720
47216,130,377728
47217,130,377736
47218,130,377744
47219,130,377752
47220,130,377760
47221,130,377768
47222,130,377776
47223,130,377784
47224,130,377792
47225,130,377800
47226,130,377808
47227,130,377816
47228,130,377824
47229,130,377832
47230,130,377840
47231,130,377848
47232,130,377856
47233,130,377864
47234,130,377872
47235,130,377880
47236,130,377888
47237,130,377896
47238,131,377904
47239,131,377912
47240,131,377920
47241,131,377928
47242,131,377936
47243,131,377944
47244,131,377952
47245,131,377960
47246,131,377968
47247,131,377976
47248,131,377984
47249,131,377992
47250,131,378000
47251,131,378008
47252,131,378016
47253,131,378024
47254,131,378032
47255,131,378040
47256,131,378048
47257,131,378056
47258,131,378064
47259,131,378072
47260,131,378080
47261,131,378088
47262,131,378096
47263,131,378104
47264,131,378112
47265,131,378120
47266,131,378128
47267,131,378136
47268,131,378144
47269,131,378152
47270,131,378160
47271,131,378168
47272,131,378176
47273,131,378184
47274,131,378192
47275,131,378200
47276,131,378208
47277,131,378216
47278,131,378224
47279,131,378232
47280,131,378240
47281,131,378248
47282,131,378256
47283,131,378264
47284,131,378272
47285,131,378280
47286,131,378288
47287,131,378296
47288,131,378304
47289,131,378312
47290,131,378320
47291,131,378328
47292,131,378336
47293,131,378344
47294,131,378352
47295,131,378360
47296,131,378368
47297,131,378376
47298,131,378384
47299,131,378392
47300,131,378400
47301,131,378408
47302,131,378416
47303,131,378424
47304,131,378432
47305,131,378440
47306,131,378448
47307,131,378456
47308,131,378464
47309,131,378472
47310,131,378480
47311,131,378488
47312,131,378496
47313,131,378504
47314,131,378512
47315,131,378520
47316,131,378528
47317,131,378536
47318,131,378544
47319,131,378552
47320,131,378560
47321,131,378568
47322,131,378576
47323,132,378584
47324,132,378592
47325,132,378600
47326,132,378608
47327,132,378616
47328,132,378624
47329,132,378632
47330,132,378640
47331,132,378648
47332,132,378656
47333,132,378664
47334,132,378672
47335,132,378680
47336,132,378688
47337,132,378696
47338,132,378704
47339,132,378712
47340,132,378720
47341,132,378728
47342,132,378736
47343,132,378744
47344,132,378752
47345,132,378760
47346,132,378768
47347,132,378776
47348,132,378784
47349,132,378792
47350,132,378800
47351,132,378808
47352,132,378816
47353,132,378824
47354,132,378832
47355,132,378840
47356,132,378848
47357,132,378856
47358,132,378864
47359,132,378872
47360,132,378880
47361,132,378888
47362,132,378896
47363,132,378904
47364,132,378912
47365,132,378920
47366,132,378928
47367,132,378936
47368,132,378944
47369,132,378952
47370,132,378960
47371,132,378968
47372,132,378976
47373,132,378984
47374,132,378992
47375,132,379000
47376,132,379008
47377,132,379016
47378,132,379024
47379,132,379032
47380,132,379040
47381,132,379048
47382,132,379056
47383,132,379064
47384,132,379072
47385,132,379080
47386,132,379088
47387,132,379096
47388,132,379104
47389,132,379112
47390,132,379120
47391,132,379128
47392,132,379136
47393,132,379144
47394,132,379152
47395,132,379160
47396,132,379168
47397,132,379176
47398,132,379184
47399,132,379192
47400,132,379200
47401,132,379208
47402,132,379216
47403,132,379224
47404,133,379232
47405,133,379240
47406,133,379248
47407,133,379256
47408,133,379264
47409,133,379272
47410,133,379280
47411,133,379288
47412,133,379296
47413,133,379304
47414,133,379312
47415,133,379320
47416,133,379328
47417,133,379336
47418,133,379344
47419,133,379352
47420,133,379360
47421,133,379368
47422,133,379376
47423,133,379384
47424,133,379392
47425,133,379400
47426,133,379408
47427,133,379416
47428,133,379424
47429,133,379432
47430,133,379440
47431,133,379448
47432,133,379456
47433,133,379464
47434,133,379472
47435,133,379480
47436,133,379488
47437,133,379496
47438,133,379504
47439,133,379512
47440,133,379520
47441,133,379528
47442,133,379536
47443,133,379544
47444,133,379552
47445,133,379560
47446,133,379568
47447,133,379576
47448,133,379584
47449,133,379592
47450,133,379600
47451,133,379608
47452,133,379616
47453,133,379624
47454,133,379632
47455,133,379640
47456,133,379648
47457,133,379656
47458,133,379664
47459,133,379672
47460,133,379680
47461,133,379688
47462,133,379696
47463,133,379704
47464,133,379712
47465,133,379720
47466,133,379728
47467,133,379736
47468,133,379744
47469,133,379752
47470,133,379760
47471,133,379768
47472,133,379776
47473,133,379784
47474,133,379792
47475,133,379800
47476,134,379808
47477,134,379816
47478,134,379824
47479,134,379832
47480,134,379840
47481,134,379848
47482,134,379856
47483,134,379864
47484,134,379872
47485,134,379880
47486,134,379888
47487,134,379896
47488,134,379904
47489,134,379912
47490,134,379920
47491,134,379928
47492,134,379936
47493,134,379944
47494,134,379952
47495,134,379960
47496,134,379968
47497,134,379976
47498,134,379984
47499,134,379992
47500,134,380000
47501,134,380008
47502,134,380016
47503,134,380024
47504,134,380032
47505,134,380040
47506,134,380048
47507,134,380056
47508,134,380064
47509,134,380072
47510,134,380080
47511,134,380088
47512,134,380096
47513,134,380104
47514,134,380112
47515,134,380120
47516,134,380128
47517,134,380136
47518,134,380144
47519,134,380152
47520,134,380160
47521,134,380168
47522,134,380176
47523,134,380184
47524,134,380192
47525,134,380200
47526,134,380208
47527,134,380216
47528,134,380224
47529,134,380232
47530,134,380240
47531,134,380248
47532,134,380256
47533,134,380264
47534,134,380272
47535,134,380280
47536,134,380288
47537,134,380296
47538,134,380304
47539,134,380312
47540,134,380320
47541,134,380328
47542,134,380336
47543,134,380344
47544,134,380352
47545,134,380360
47546,134,380368
47547,134,380376
47548,134,380384
47549,134,380392
47550,134,380400
47551,134,380408
47552,134,380416
47553,134,380424
47554,134,380432
47555,134,380440
47556,134,380448
47557,134,380456
47558,134,380464
47559,134,380472
47560,134,380480
47561,134,380488
47562,134,380496
47563,134,380504
47564,134,380512
47565,135,380520
47566,135,380528
47567,135,380536
47568,135,380544
47569,135,380552
47570,135,380560
47571,135,380568
47572,135,380576
47573,135,380584
47574,135,380592
47575,135,380600
47576,135,380608
47577,135,380616
47578,135,380624
47579,135,380632
47580,135,380640
47581,135,380648
47582,135,380656
47583,135,380664
47584,135,380672
47585,135,380680
47586,135,380688
47587,135,380696
47588,135,380704
47589,135,380712
47590,135,380720
47591,135,380728
47592,135,380736
47593,135,380744
47594,135,380752
47595,135,380760
47596,135,380768
47597,135,380776
47598,135,380784
47599,135,380792
47600,135,380800
47601,135,380808
47602,135,380816
47603,135,380824
47604,135,380832
47605,135,380840
47606,135,380848
47607,135,380856
47608,135,380864
47609,135,380872
47610,135,380880
47611,135,380888
47612,135,380896
47613,135,380904
47614,135,380912
47615,135,380920
47616,135,380928
47617,135,380936
47618,135,380944
47619,135,380952
47620,135,380960
47621,135,380968
47622,135,380976
47623,135,380984
47624,135,380992
47625,135,381000
47626,135,381008
47627,135,381016
47628,135,381024
47629,135,381032
47630,135,381040
47631,135,381048
47632,135,381056
47633,135,381064
47634,135,381072
47635,135,381080
47636,135,381088
47637,135,381096
47638,136,381104
47639,136,381112
47640,136,381120
47641,136,381128
47642,136,381136
47643,136,381144
47644,136,381152
47645,136,381160
47646,136,381168
47647,136,381176
47648,136,381184
47649,136,381192
47650,136,381200
47651,136,381208
47652,136,381216
47653,136,381224
47654,136,381232
47655,136,381240
47656,136,381248
47657,136,381256
47658,136,381264
47659,136,381272
47660,136,381280
47661,136,381288
47662,136,381296
47663,136,381304
47664,136,381312
47665,136,381320
47666,136,381328
47667,136,381336
47668,136,381344
47669,136,381352
47670,136,381360
47671,136,381368
47672,136,381376
47673,136,381384
47674,136,381392
47675,136,381400
47676,136,381408
47677,136,381416
47678,136,381424
47679,136,381432
47680,136,381440
47681,136,381448
47682,136,381456
47683,136,381464
47684,136,381472
47685,136,381480
47686,136,381488
47687,136,381496
47688,136,381504
47689,136,381512
47690,136,381520
47691,136,381528
47692,136,381536
47693,136,381544
47694,136,381552
47695,136,381560
47696,136,381568
47697,136,381576
47698,136,381584
47699,136,381592
47700,136,381600
47701,137,381608
47702,137,381616
47703,137,381624
47704,137,381632
47705,137,381640
47706,137,381648
47707,137,381656
47708,137,381664
47709,137,381672
47710,137,381680
47711,137,381688
47712,137,381696
47713,137,381704
47714,137,381712
47715,137,381720
47716,137,381728
47717,137,381736
47718,137,381744
47719,137,381752
47720,137,381760
47721,137,381768
47722,137,381776
47723,137,381784
47724,137,381792
47725,137,381800
47726,137,381808
47727,137,381816
47728,137,381824
47729,137,381832
47730,137,381840
47731,137,381848
47732,137,381856
47733,137,381864
47734,137,381872
47735,137,381880
47736,137,381888
47737,137,381896
47738,137,381904
47739,137,381912
47740,137,381920
47741,137,381928
47742,137,381936
47743,137,381944
47744,137,381952
47745,137,381960
47746,137,381968
47747,137,381976
47748,137,381984
47749,137,381992
47750,137,382000
47751,137,382008
47752,137,382016
47753,137,382024
47754,137,382032
47755,137,382040
47756,137,382048
47757,137,382056
47758,137,382064
47759,137,382072
47760,137,382080
47761,137,382088
47762,137,382096
47763,137,382104
47764,137,382112
47765,137,382120
47766,137,382128
47767,137,382136
47768,137,382144
47769,137,382152
47770,137,382160
47771,137,382168
47772,137,382176
47773,137,382184
47774,137,382192
47775,137,382200
47776,137,382208
47777,137,382216
47778,137,382224
47779,137,382232
47780,137,382240
47781,137,382248
47782,137,382256
47783,137,382264
47784,137,382272
47785,137,382280
47786,137,382288
47787,137,382296
47788,137,382304
47789,137,382312
47790,137,382320
47791,137,382328
47792,137,382336
47793,137,382344
47794,137,382352
47795,137,382360
47796,137,382368
47797,137,382376
47798,137,382384
47799,137,382392
47800,137,382400
47801,137,382408
47802,137,382416
47803,138,382424
47804,138,382432
47805,138,382440
47806,138,382448
47807,138,382456
47808,138,382464
47809,138,382472
47810,138,382480
47811,138,382488
47812,138,382496
47813,138,382504
47814,138,382512
47815,138,382520
47816,138,382528
47817,138,382536
47818,138,382544
47819,138,382552
47820,138,382560
47821,138,382568
47822,138,382576
47823,138,382584
47824,138,382592
47825,138,382600
47826,138,382608
47827,138,382616
47828,138,382624
47829,138,382632
47830,138,382640
47831,138,382648
47832,138,382656
47833,138,382664
47834,138,382672
47835,138,382680
47836,138,382688
47837,138,382696
47838,138,382704
47839,138,382712
47840,138,382720
47841,138,382728
47842,138,382736
47843,138,382744
47844,138,382752
47845,138,382760
47846,138,382768
47847,138,382776
47848,138,382784
47849,138,382792
47850,138,382800
47851,138,382808
47852,138,382816
47853,138,382824
47854,138,382832
47855,138,382840
47856,138,382848
47857,138,382856
47858,138,382864
47859,138,382872
47860,138,382880
47861,138,382888
47862,138,382896
47863,138,382904
47864,138,382912
47865,138,382920
47866,138,382928
47867,138,382936
47868,138,382944
47869,138,382952
47870,138,382960
47871,138,382968
47872,138,382976
47873,138,382984
47874,138,382992
47875,138,383000
47876,138,383008
47877,138,383016
47878,138,383024
47879,138,383032
47880,138,383040
47881,138,383048
47882,138,383056
47883,138,383064
47884,138,383072
47885,138,383080
47886,138,383088
47887,138,383096
47888,138,383104
47889,139,383112
47890,139,383120
47891,139,383128
47892,139,383136
47893,139,383144
47894,139,383152
47895,139,383160
47896,139,383168
47897,139,383176
47898,139,383184
47899,139,383192
47900,139,383200
47901,139,383208
47902,139,383216
47903,139,383224
47904,139,383232
47905,139,383240
47906,139,383248
47907,139,383256
47908,139,383264
47909,139,383272
47910,139,383280
47911,139,383288
47912,139,383296
47913,139,383304
47914,139,383312
47915,139,383320
47916,139,383328
47917,139,383336
47918,139,383344
47919,139,383352
47920,139,383360
47921,139,383368
47922,139,383376
47923,139,383384
47924,139,383392
47925,139,383400
47926,139,383408
47927,139,383416
47928,139,383424
47929,139,383432
47930,139,383440
47931,139,383448
47932,139,383456
47933,139,383464
47934,139,383472
47935,139,383480
47936,139,383488
47937,139,383496
47938,139,383504
47939,139,383512
47940,139,383520
47941,139,383528
47942,139,383536
47943,139,383544
47944,139,383552
47945,139,383560
47946,139,383568
47947,139,383576
47948,139,383584
47949,139,383592
47950,139,383600
47951,139,383608
47952,139,383616
47953,139,383624
47954,139,383632
47955,139,383640
47956,139,383648
47957,139,383656
47958,139,383664
47959,139,383672
47960,139,383680
47961,139,383688
47962,139,383696
47963,139,383704
47964,139,383712
47965,139,383720
47966,139,383728
47967,140,383736
47968,140,383744
47969,140,383752
47970,140,383760
47971,140,383768
47972,140,383776
47973,140,383784
47974,140,383792
47975,140,383800
47976,140,383808
47977,140,383816
47978,140,383824
47979,140,383832
47980,140,383840
47981,140,383848
47982,140,383856
47983,140,383864
47984,140,383872
47985,140,383880
47986,140,383888
47987,140,383896
47988,140,383904
47989,140,383912
47990,140,383920
47991,140,383928
47992,140,383936
47993,140,383944
47994,140,383952
47995,140,383960
47996,140,383968
47997,140,383976
47998,140,383984
47999,140,383992
48000,140,384000
48001,140,384008
48002,140,384016
48003,140,384024
48004,140,384032
48005,140,384040
48006,140,384048
48007,140,384056
48008,140,384064
48009,140,384072
48010,140,384080
48011,140,384088
48012,140,384096
48013,140,384104
48014,140,384112
48015,140,384120
48016,140,384128
48017,140,384136
48018,140,384144
48019,140,384152
48020,140,384160
48021,140,384168
48022,140,384176
48023,140,384184
48024,140,384192
48025,140,384200
48026,140,384208
48027,140,384216
48028,140,384224
48029,140,384232
48030,140,384240
48031,140,384248
48032,140,384256
48033,140,384264
48034,140,384272
48035,140,384280
48036,140,384288
48037,140,384296
48038,140,384304
48039,140,384312
48040,140,384320
48041,140,384328
48042,140,384336
48043,140,384344
48044,140,384352
48045,140,384360
48046,140,384368
48047,140,384376
48048,140,384384
48049,140,384392
48050,140,384400
48051,140,384408
48052,140,384416
48053,140,384424
48054,140,384432
48055,141,384440
48056,141,384448
48057,141,384456
48058,141,384464
48059,141,384472
48060,141,384480
48061,141,384488
48062,141,384496
48063,141,384504
48064,141,384512
48065,141,384520
48066,141,384528
48067,141,384536
48068,141,384544
48069,141,384552
48070,141,384560
48071,141,384568
48072,141,384576
48073,141,384584
48074,141,384592
48075,141,384600
48076,141,384608
48077,141,384616
48078,141,384624
48079,141,384632
48080,141,384640
48081,141,384648
48082,141,384656
48083,141,384664
48084,141,384672
48085,141,384680
48086,141,384688
48087,141,384696
48088,141,384704
48089,141,384712
48090,141,384720
48091,141,384728
48092,141,384736
48093,141,384744
48094,141,384752
48095,141,384760
48096,141,384768
48097,141,384776
48098,141,384784
48099,141,384792
48100,141,384800
48101,141,384808
48102,141,384816
48103,141,384824
48104,141,384832
48105,141,384840
48106,141,384848
48107,141,384856
48108,141,384864
48109,141,384872
48110,141,384880
48111,141,384888
48112,141,384896
48113,141,384904
48114,141,384912
48115,141,384920
48116,141,384928
48117,141,384936
48118,141,384944
48119,141,384952
48120,141,384960
48121,141,384968
48122,141,384976
48123,142,384984
48124,142,384992
48125,142,385000
48126,142,385008
48127,142,385016
48128,142,385024
48129,142,385032
48130,142,385040
48131,142,385048
48132,142,385056
48133,142,385064
48134,142,385072
48135,142,385080
48136,142,385088
48137,142,385096
48138,142,385104
48139,142,385112
48140,142,385120
48141,142,385128
48142,142,385136
48143,142,385144
48144,142,385152
48145,142,385160
48146,142,385168
48147,142,385176
48148,142,385184
48149,142,385192
48150,142,385200
48151,142,385208
48152,142,385216
48153,142,385224
48154,142,385232
48155,142,385240
48156,142,385248
48157,142,385256
48158,142,385264
48159,142,385272
48160,142,385280
48161,142,385288
48162,142,385296
48163,142,385304
48164,142,385312
48165,142,385320
48166,142,385328
48167,142,385336
48168,142,385344
48169,142,385352
48170,142,385360
48171,142,385368
48172,142,385376
48173,142,385384
48174,142,385392
48175,142,385400
48176,142,385408
48177,142,385416
48178,142,385424
48179,142,385432
48180,142,385440
48181,142,385448
48182,142,385456
48183,142,385464
48184,142,385472
48185,142,385480
48186,142,385488
48187,142,385496
48188,142,385504
48189,142,385512
48190,143,385520
48191,143,385528
48192,143,385536
48193,143,385544
48194,143,385552
48195,143,385560
48196,143,385568
48197,143,385576
48198,143,385584
48199,143,385592
48200,143,385600
48201,143,385608
48202,143,385616
48203,143,385624
48204,143,385632
48205,143,385640
48206,143,385648
48207,143,385656
48208,143,385664
48209,143,385672
48210,143,385680
48211,143,385688
48212,143,385696
48213,143,385704
48214,143,385712
48215,143,385720
48216,143,385728
48217,143,385736
48218,143,385744
48219,143,385752
48220,143,385760
48221,143,385768
48222,143,385776
48223,143,385784
48224,143,385792
48225,143,385800
48226,143,385808
48227,143,385816
48228,143,385824
48229,143,385832
48230,143,385840
48231,143,385848
48232,143,385856
48233,143,385864
48234,143,385872
48235,143,385880
48236,143,385888
48237,143,385896
48238,143,385904
48239,143,385912
48240,143,385920
48241,143,385928
48242,143,385936
48243,143,385944
48244,143,385952
48245,143,385960
48246,143,385968
48247,143,385976
48248,143,385984
48249,143,385992
48250,143,386000
48251,143,386008
48252,143,386016
48253,143,386024
48254,143,386032
48255,143,386040
48256,143,386048
48257,143,386056
48258,143,386064
48259,144,386072
48260,144,386080
48261,144,386088
48262,144,386096
48263,144,386104
48264,144,386112
48265,144,386120
48266,144,386128
48267,144,386136
48268,144,386144
48269,144,386152
48270,144,386160
48271,144,386168
48272,144,386176
48273,144,386184
48274,144,386192
48275,144,386200
48276,144,386208
48277,144,386216
48278,144,386224
48279,144,386232
48280,144,386240
48281,144,386248
48282,144,386256
48283,144,386264
48284,144,386272
48285,144,386280
48286,144,386288
48287,144,386296
48288,144,386304
48289,144,386312
48290,144,386320
48291,144,386328
48292,144,386336
48293,144,386344
48294,144,386352
48295,144,386360
48296,144,386368
48297,144,386376
48298,144,386384
48299,144,386392
48300,144,386400
48301,144,386408
48302,144,386416
48303,144,386424
48304,144,386432
48305,144,386440
48306,144,386448
48307,144,386456
48308,144,386464
48309,144,386472
48310,144,386480
48311,144,386488
48312,144,386496
48313,144,386504
48314,144,386512
48315,144,386520
48316,144,386528
48317,144,386536
48318,144,386544
48319,144,386552
48320,144,386560
48321,144,386568
48322,144,386576
48323,144,386584
48324,144,386592
48325,144,386600
48326,144,386608
48327,144,386616
48328,144,386624
48329,144,386632
48330,144,386640
48331,144,386648
48332,144,386656
48333,144,386664
48334,144,386672
48335,144,386680
48336,144,386688
48337,145,386696
48338,145,386704
48339,145,386712
48340,145,386720
48341,145,386728
48342,145,386736
48343,145,386744
48344,145,386752
48345,145,386760
48346,145,386768
48347,145,386776
48348,145,386784
48349,145,386792
48350,145,386800
48351,145,386808
48352,145,386816
48353,145,386824
48354,145,386832
48355,145,386840
48356,145,386848
48357,145,386856
48358,145,386864
48359,145,386872
48360,145,386880
48361,145,386888
48362,145,386896
48363,145,386904
48364,145,386912
48365,145,386920
48366,145,386928
48367,145,386936
48368,145,386944
48369,145,386952
48370,145,386960
48371,145,386968
48372,145,386976
48373,145,386984
48374,145,386992
48375,145,387000
48376,145,387008
48377,145,387016
48378,145,387024
48379,145,387032
48380,145,387040
48381,145,387048
48382,145,387056
48383,145,387064
48384,145,387072
48385,145,387080
48386,145,387088
48387,145,387096
48388,145,387104
48389,145,387112
48390,145,387120
48391,145,387128
48392,145,387136
48393,145,387144
48394,145,387152
48395,145,387160
48396,145,387168
48397,145,387176
48398,145,387184
48399,145,387192
48400,145,387200
48401,145,387208
48402,145,387216
48403,145,387224
48404,145,387232
48405,145,387240
48406,145,387248
48407,145,387256
48408,146,387264
48409,146,387272
48410,146,387280
48411,146,387288
48412,146,387296
48413,146,387304
48414,146,387312
48415,146,387320
48416,146,387328
48417,146,387336
48418,146,387344
48419,146,387352
48420,146,387360
48421,146,387368
48422,146,387376
48423,146,387384
48424,146,387392
48425,146,387400
48426,146,387408
48427,146,387416
48428,146,387424
48429,146,387432
48430,146,387440
48431,146,387448
48432,146,387456
48433,146,387464
48434,146,387472
48435,146,387480
48436,146,387488
48437,146,387496
48438,146,387504
48439,146,387512
48440,146,387520
48441,146,387528
48442,146,387536
48443,146,387544
48444,146,387552
48445,146,387560
48446,146,387568
48447,146,387576
48448,146,387584
48449,146,387592
48450,146,387600
48451,146,387608
48452,146,387616
48453,146,387624
48454,146,387632
48455,146,387640
48456,146,387648
48457,146,387656
48458,146,387664
48459,146,387672
48460,146,387680
48461,146,387688
48462,146,387696
48463,146,387704
48464,146,387712
48465,146,387720
48466,146,387728
48467,146,387736
48468,146,387744
48469,147,387752
48470,147,387760
48471,147,387768
48472,147,387776
48473,147,387784
48474,147,387792
48475,147,387800
48476,147,387808
48477,147,387816
48478,147,387824
48479,147,387832
48480,147,387840
48481,147,387848
48482,147,387856
48483,147,387864
48484,147,387872
48485,147,387880
48486,147,387888
48487,147,387896
48488,147,387904
48489,147,387912
48490,147,387920
48491,147,387928
48492,147,387936
48493,147,387944
48494,147,387952
48495,147,387960
48496,147,387968
48497,147,387976
48498,147,387984
48499,147,387992
48500,147,388000
48501,147,388008
48502,147,388016
48503,147,388024
48504,147,388032
48505,147,388040
48506,147,388048
48507,147,388056
48508,147,388064
48509,147,388072
48510,147,388080
48511,147,388088
48512,147,388096
48513,147,388104
48514,147,388112
48515,147,388120
48516,147,388128
48517,147,388136
48518,147,388144
48519,147,388152
48520,147,388160
48521,147,388168
48522,147,388176
48523,147,388184
48524,147,388192
48525,147,388200
48526,147,388208
48527,147,388216
48528,147,388224
48529,147,388232
48530,147,388240
48531,147,388248
48532,147,388256
48533,147,388264
48534,147,388272
48535,147,388280
48536,147,388288
48537,147,388296
48538,147,388304
48539,147,388312
48540,147,388320
48541,147,388328
48542,147,388336
48543,147,388344
48544,147,388352
48545,147,388360
48546,147,388368
48547,147,388376
48548,147,388384
48549,147,388392
48550,147,388400
48551,147,388408
48552,147,388416
48553,147,388424
48554,147,388432
48555,147,388440
48556,147,388448
48557,147,388456
48558,147,388464
48559,147,388472
48560,147,388480
48561,147,388488
48562,147,388496
48563,148,388504
48564,148,388512
48565,148,388520
48566,148,388528
48567,148,388536
48568,148,388544
48569,148,388552
48570,148,388560
48571,148,388568
48572,148,388576
48573,148,388584
48574,148,388592
48575,148,388600
48576,148,388608
48577,148,388616
48578,148,388624
48579,148,388632
48580,148,388640
48581,148,388648
48582,148,388656
48583,148,388664
48584,148,388672
48585,148,388680
48586,148,388688
48587,148,388696
48588,148,388704
48589,148,388712
48590,148,388720
48591,148,388728
48592,148,388736
48593,148,388744
48594,148,388752
48595,148,388760
48596,148,388768
48597,148,388776
48598,148,388784
48599,148,388792
48600,148,388800
48601,148,388808
48602,148,388816
48603,148,388824
48604,148,388832
48605,148,388840
48606,148,388848
48607,148,388856
48608,148,388864
48609,148,388872
48610,148,388880
48611,148,388888
48612,148,388896
48613,148,388904
48614,148,388912
48615,148,388920
48616,148,388928
48617,148,388936
48618,148,388944
48619,148,388952
48620,148,388960
48621,148,388968
48622,148,388976
48623,148,388984
48624,148,388992
48625,148,389000
48626,148,389008
48627,148,389016
48628,148,389024
48629,148,389032
48630,148,389040
48631,148,389048
48632,148,389056
48633,148,389064
48634,148,389072
48635,148,389080
48636,148,389088
48637,148,389096
48638,148,389104
48639,148,389112
48640,148,389120
48641,148,389128
48642,148,389136
48643,149,389144
48644,149,389152
48645,149,389160
48646,149,389168
48647,149,389176
48648,149,389184
48649,149,389192
48650,149,389200
48651,149,389208
48652,149,389216
48653,149,389224
48654,149,389232
48655,149,389240
48656,149,389248
48657,149,389256
48658,149,389264
48659,149,389272
48660,149,389280
48661,149,389288
48662,149,389296
48663,149,389304
48664,149,389312
48665,149,389320
48666,149,389328
48667,149,389336
48668,149,389344
48669,149,389352
48670,149,389360
48671,149,389368
48672,149,389376
48673,149,389384
48674,149,389392
48675,149,389400
48676,149,389408
48677,149,389416
48678,149,389424
48679,149,389432
48680,149,389440
48681,149,389448
48682,149,389456
48683,149,389464
48684,149,389472
48685,149,389480
48686,149,389488
48687,149,389496
48688,149,389504
48689,149,389512
48690,149,389520
48691,149,389528
48692,149,389536
48693,149,389544
48694,149,389552
48695,149,389560
48696,149,389568
48697,149,389576
48698,149,389584
48699,149,389592
48700,149,389600
48701,149,389608
48702,149,389616
48703,149,389624
48704,149,389632
48705,149,389640
48706,149,389648
48707,149,389656
48708,149,389664
48709,149,389672
48710,149,389680
48711,149,389688
48712,149,389696
48713,149,389704
48714,150,389712
48715,150,389720
48716,150,389728
48717,150,389736
48718,150,389744
48719,150,389752
48720,150,389760
48721,150,389768
48722,150,389776
48723,150,389784
48724,150,389792
48725,150,389800
48726,150,389808
48727,150,389816
48728,150,389824
48729,150,389832
48730,150,389840
48731,150,389848
48732,150,389856
48733,150,389864
48734,150,389872
48735,150,389880
48736,150,389888
48737,150,389896
48738,150,389904
48739,150,389912
48740,150,389920
48741,150,389928
48742,150,389936
48743,150,389944
48744,150,389952
48745,150,389960
48746,150,389968
48747,150,389976
48748,150,389984
48749,150,389992
48750,150,390000
48751,150,390008
48752,150,390016
48753,150,390024
48754,150,390032
48755,150,390040
48756,150,390048
48757,150,390056
48758,150,390064
48759,150,390072
48760,150,390080
48761,150,390088
48762,150,390096
48763,150,390104
48764,150,390112
48765,150,390120
48766,150,390128
48767,150,390136
48768,150,390144
48769,150,390152
48770,150,390160
48771,150,390168
48772,150,390176
48773,150,390184
48774,150,390192
48775,150,390200
48776,150,390208
48777,150,390216
48778,150,390224
48779,150,390232
48780,150,390240
48781,150,390248
48782,150,390256
48783,150,390264
48784,150,390272
48785,150,390280
48786,150,390288
48787,150,390296
48788,150,390304
48789,150,390312
48790,151,390320
48791,151,390328
48792,151,390336
48793,151,390344
48794,151,390352
48795,151,390360
48796,151,390368
48797,151,390376
48798,151,390384
48799,151,390392
48800,151,390400
48801,151,390408
48802,151,390416
48803,151,390424
48804,151,390432
48805,151,390440
48806,151,390448
48807,151,390456
48808,151,390464
48809,151,390472
48810,151,390480
48811,151,390488
48812,151,390496
48813,151,390504
48814,151,390512
48815,151,390520
48816,151,390528
48817,151,390536
48818,151,390544
48819,151,390552
48820,151,390560
48821,151,390568
48822,151,390576
48823,151,390584
48824,151,390592
48825,151,390600
48826,151,390608
48827,151,390616
48828,151,390624
48829,151,390632
48830,151,390640
48831,151,390648
48832,151,390656
48833,151,390664
48834,151,390672
48835,151,390680
48836,151,390688
48837,151,390696
48838,151,390704
48839,151,390712
48840,151,390720
48841,151,390728
48842,151,390736
48843,151,390744
48844,151,390752
48845,151,390760
48846,151,390768
48847,151,390776
48848,151,390784
48849,151,390792
48850,151,390800
48851,151,390808
48852,151,390816
48853,151,390824
48854,151,390832
48855,151,390840
48856,151,390848
48857,151,390856
48858,151,390864
48859,151,390872
48860,151,390880
48861,151,390888
48862,151,390896
48863,152,390904
48864,152,390912
48865,152,390920
48866,152,390928
48867,152,390936
48868,152,390944
48869,152,390952
48870,152,390960
48871,152,390968
48872,152,390976
48873,152,390984
48874,152,390992
48875,152,391000
48876,152,391008
48877,152,391016
48878,152,391024
48879,152,391032
48880,152,391040
48881,152,391048
48882,152,391056
48883,152,391064
48884,152,391072
48885,152,391080
48886,152,391088
48887,152,391096
48888,152,391104
48889,152,391112
48890,152,391120
48891,152,391128
48892,152,391136
48893,152,391144
48894,152,391152
48895,152,391160
48896,152,391168
48897,152,391176
48898,152,391184
48899,152,391192
48900,152,391200
48901,152,391208
48902,152,391216
48903,152,391224
48904,152,391232
48905,152,391240
48906,152,391248
48907,152,391256
48908,152,391264
48909,152,391272
48910,152,391280
48911,152,391288
48912,152,391296
48913,152,391304
48914,152,391312
48915,152,391320
48916,152,391328
48917,152,391336
48918,152,391344
48919,152,391352
48920,152,391360
48921,152,391368
48922,152,391376
48923,152,391384
48924,152,391392
48925,152,391400
48926,152,391408
48927,152,391416
48928,152,391424
48929,152,391432
48930,152,391440
48931,152,391448
48932,152,391456
48933,152,391464
48934,152,391472
48935,152,391480
48936,152,391488
48937,152,391496
48938,152,391504
48939,152,391512
48940,152,391520
48941,152,391528
48942,153,391536
48943,153,391544
48944,153,391552
48945,153,391560
48946,153,391568
48947,153,391576
48948,153,391584
48949,153,391592
48950,153,391600
48951,153,391608
48952,153,391616
48953,153,391624
48954,153,391632
48955,153,391640
48956,153,391648
48957,153,391656
48958,153,391664
48959,153,391672
48960,153,391680
48961,153,391688
48962,153,391696
48963,153,391704
48964,153,391712
48965,153,391720
48966,153,391728
48967,153,391736
48968,153,391744
48969,153,391752
48970,153,391760
48971,153,391768
48972,153,391776
48973,153,391784
48974,153,391792
48975,153,391800
48976,153,391808
48977,153,391816
48978,153,391824
48979,153,391832
48980,153,391840
48981,153,391848
48982,153,391856
48983,153,391864
48984,153,391872
48985,153,391880
48986,153,391888
48987,153,391896
48988,153,391904
48989,153,391912
48990,153,391920
48991,153,391928
48992,153,391936
48993,153,391944
48994,153,391952
48995,153,391960
48996,153,391968
48997,153,391976
48998,153,391984
48999,153,391992
49000,153,392000
49001,153,392008
49002,153,392016
49003,153,392024
49004,153,392032
49005,154,392040
49006,154,392048
49007,154,392056
49008,154,392064
49009,154,392072
49010,154,392080
49011,154,392088
49012,154,392096
49013,154,392104
49014,154,392112
49015,154,392120
49016,154,392128
49017,154,392136
49018,154,392144
49019,154,392152
49020,154,392160
49021,154,392168
49022,154,392176
49023,154,392184
49024,154,392192
49025,154,392200
49026,154,392208
49027,154,392216
49028,154,392224
49029,154,392232
49030,154,392240
49031,154,392248
49032,154,392256
49033,154,392264
49034,154,392272
49035,154,392280
49036,154,392288
49037,154,392296
49038,154,392304
49039,154,392312
49040,154,392320
49041,154,392328
49042,154,392336
49043,154,392344
49044,154,392352
49045,154,392360
49046,154,392368
49047,154,392376
49048,154,392384
49049,154,392392
49050,154,392400
49051,154,392408
49052,154,392416
49053,154,392424
49054,154,392432
49055,154,392440
49056,154,392448
49057,154,392456
49058,154,392464
49059,154,392472
49060,154,392480
49061,154,392488
49062,154,392496
49063,154,392504
49064,154,392512
49065,154,392520
49066,154,392528
49067,154,392536
49068,154,392544
49069,154,392552
49070,154,392560
49071,155,392568
49072,155,392576
49073,155,392584
49074,155,392592
49075,155,392600
49076,155,392608
49077,155,392616
49078,155,392624
49079,155,392632
49080,155,392640
49081,155,392648
49082,155,392656
49083,155,392664
49084,155,392672
49085,155,392680
49086,155,392688
49087,155,392696
49088,155,392704
49089,155,392712
49090,155,392720
49091,155,392728
49092,155,392736
49093,155,392744
49094,155,392752
49095,155,392760
49096,155,392768
49097,155,392776
49098,155,392784
49099,155,392792
49100,155,392800
49101,155,392808
49102,155,392816
49103,155,392824
49104,155,392832
49105,155,392840
49106,155,392848
49107,155,392856
49108,155,392864
49109,155,392872
49110,155,392880
49111,155,392888
49112,155,392896
49113,155,392904
49114,155,392912
49115,155,392920
49116,155,392928
49117,155,392936
49118,155,392944
49119,155,392952
49120,155,392960
49121,155,392968
49122,155,392976
49123,155,392984
49124,155,392992
49125,155,393000
49126,155,393008
49127,155,393016
49128,155,393024
49129,155,393032
49130,155,393040
49131,155,393048
49132,155,393056
49133,155,393064
49134,155,393072
49135,155,393080
49136,155,393088
49137,155,393096
49138,155,393104
49139,155,393112
49140,155,393120
49141,155,393128
49142,155,393136
49143,155,393144
49144,155,393152
49145,155,393160
49146,155,393168
49147,156,393176
49148,156,393184
49149,156,393192
49150,156,393200
49151,156,393208
49152,156,393216
49153,156,393224
49154,156,393232
49155,156,393240
49156,156,393248
49157,156,393256
49158,156,393264
49159,156,393272
49160,156,393280
49161,156,393288
49162,156,393296
49163,156,393304
49164,156,393312
49165,156,393320
49166,156,393328
49167,156,393336
49168,156,393344
49169,156,393352
49170,156,393360
49171,156,393368
49172,156,393376
49173,156,393384
49174,156,393392
49175,156,393400
49176,156,393408
49177,156,393416
49178,156,393424
49179,156,393432
49180,156,393440
49181,156,393448
49182,156,393456
49183,156,393464
49184,156,393472
49185,156,393480
49186,156,393488
49187,156,393496
49188,156,393504
49189,156,393512
49190,156,393520
49191,156,393528
49192,156,393536
49193,156,393544
49194,156,393552
49195,156,393560
49196,156,393568
49197,156,393576
49198,156,393584
49199,156,393592
49200,156,393600
49201,156,393608
49202,156,393616
49203,156,393624
49204,156,393632
49205,156,393640
49206,156,393648
49207,157,393656
49208,157,393664
49209,157,393672
49210,157,393680
49211,157,393688
49212,157,393696
49213,157,393704
49214,157,393712
49215,157,393720
49216,157,393728
49217,157,393736
49218,157,393744
49219,157,393752
49220,157,393760
49221,157,393768
49222,157,393776
49223,157,393784
49224,157,393792
49225,157,393800
49226,157,393808
49227,157,393816
49228,157,393824
49229,157,393832
49230,157,393840
49231,157,393848
49232,157,393856
49233,157,393864
49234,157,393872
49235,157,393880
49236,157,393888
49237,157,393896
49238,157,393904
49239,157,393912
49240,157,393920
49241,157,393928
49242,157,393936
49243,157,393944
49244,157,393952
49245,157,393960
49246,157,393968
49247,157,393976
49248,157,393984
49249,157,393992
49250,157,394000
49251,157,394008
49252,157,394016
49253,157,394024
49254,157,394032
49255,157,394040
49256,157,394048
49257,157,394056
49258,157,394064
49259,157,394072
49260,157,394080
49261,157,394088
49262,157,394096
49263,157,394104
49264,157,394112
49265,157,394120
49266,157,394128
49267,157,394136
49268,157,394144
49269,157,394152
49270,157,394160
49271,157,394168
49272,157,394176
49273,157,394184
49274,157,394192
49275,157,394200
49276,157,394208
49277,157,394216
49278,157,394224
49279,157,394232
49280,157,394240
49281,157,394248
49282,157,394256
49283,157,394264
49284,157,394272
49285,157,394280
49286,157,394288
49287,157,394296
49288,157,394304
49289,158,394312
49290,158,394320
49291,158,394328
49292,158,394336
49293,158,394344
49294,158,394352
49295,158,394360
49296,158,394368
49297,158,394376
49298,158,394384
49299,158,394392
49300,158,394400
49301,158,394408
49302,158,394416
49303,158,394424
49304,158,394432
49305,158,394440
49306,158,394448
49307,158,394456
49308,158,394464
49309,158,394472
49310,158,394480
49311,158,394488
49312,158,394496
49313,158,394504
49314,158,394512
49315,158,394520
49316,158,394528
49317,158,394536
49318,158,394544
49319,158,394552
49320,158,394560
49321,158,394568
49322,158,394576
49323,158,394584
49324,158,394592
49325,158,394600
49326,158,394608
49327,158,394616
49328,158,394624
49329,158,394632
49330,158,394640
49331,158,394648
49332,158,394656
49333,158,394664
49334,158,394672
49335,158,394680
49336,158,394688
49337,158,394696
49338,158,394704
49339,158,394712
49340,158,394720
49341,158,394728
49342,158,394736
49343,158,394744
49344,158,394752
49345,158,394760
49346,158,394768
49347,158,394776
49348,158,394784
49349,158,394792
49350,158,394800
49351,158,394808
49352,158,394816
49353,158,394824
49354,158,394832
49355,158,394840
49356,159,394848
49357,159,394856
49358,159,394864
49359,159,394872
49360,159,394880
49361,159,394888
49362,159,394896
49363,159,394904
49364,159,394912
49365,159,394920
49366,159,394928
49367,159,394936
49368,159,394944
49369,159,394952
49370,159,394960
49371,159,394968
49372,159,394976
49373,159,394984
49374,159,394992
49375,159,395000
49376,159,395008
49377,159,395016
49378,159,395024
49379,159,395032
49380,159,395040
49381,159,395048
49382,159,395056
49383,159,395064
49384,159,395072
49385,159,395080
49386,159,395088
49387,159,395096
49388,159,395104
49389,159,395112
49390,159,395120
49391,159,395128
49392,159,395136
49393,159,395144
49394,159,395152
49395,159,395160
49396,159,395168
49397,159,395176
49398,159,395184
49399,159,395192
49400,159,395200
49401,159,395208
49402,159,395216
49403,159,395224
49404,159,395232
49405,159,395240
49406,159,395248
49407,159,395256
49408,159,395264
49409,159,395272
49410,159,395280
49411,159,395288
49412,159,395296
49413,159,395304
49414,159,395312
49415,159,395320
49416,159,395328
49417,159,395336
49418,159,395344
49419,159,395352
49420,159,395360
49421,159,395368
49422,159,395376
49423,159,395384
49424,159,395392
49425,160,395400
49426,160,395408
49427,160,395416
49428,160,395424
49429,160,395432
49430,160,395440
49431,160,395448
49432,160,395456
49433,160,395464
49434,160,395472
49435,160,395480
49436,160,395488
49437,160,395496
49438,160,395504
49439,160,395512
49440,160,395520
49441,160,395528
49442,160,395536
49443,160,395544
49444,160,395552
49445,160,395560
49446,160,395568
49447,160,395576
49448,160,395584
49449,160,395592
49450,160,395600
49451,160,395608
49452,160,395616
49453,160,395624
49454,160,395632
49455,160,395640
49456,160,395648
49457,160,395656
49458,160,395664
49459,160,395672
49460,160,395680
49461,160,395688
49462,160,395696
49463,160,395704
49464,160,395712
49465,160,395720
49466,160,395728
49467,160,395736
49468,160,395744
49469,160,395752
49470,160,395760
49471,160,395768
49472,160,395776
49473,160,395784
49474,160,395792
49475,160,395800
49476,160,395808
49477,160,395816
49478,160,395824
49479,160,395832
49480,160,395840
49481,160,395848
49482,160,395856
49483,160,395864
49484,160,395872
49485,160,395880
49486,160,395888
49487,160,395896
49488,160,395904
49489,160,395912
49490,160,395920
49491,161,395928
49492,161,395936
49493,161,395944
49494,161,395952
49495,161,395960
49496,161,395968
49497,161,395976
49498,161,395984
49499,161,395992
49500,161,396000
49501,161,396008
49502,161,396016
49503,161,396024
49504,161,396032
49505,161,396040
49506,161,396048
49507,161,396056
49508,161,396064
49509,161,396072
49510,161,396080
49511,161,396088
49512,161,396096
49513,161,396104
49514,161,396112
49515,161,396120
49516,161,396128
49517,161,396136
49518,161,396144
49519,161,396152
49520,161,396160
49521,161,396168
49522,161,396176
49523,161,396184
49524,161,396192
49525,161,396200
49526,161,396208
49527,161,396216
49528,161,396224
49529,161,396232
49530,161,396240
49531,161,396248
49532,161,396256
49533,161,396264
49534,161,396272
49535,161,396280
49536,161,396288
49537,161,396296
49538,161,396304
49539,161,396312
49540,161,396320
49541,161,396328
49542,161,396336
49543,161,396344
49544,161,396352
49545,161,396360
49546,161,396368
49547,161,396376
49548,161,396384
49549,161,396392
49550,161,396400
49551,161,396408
49552,161,396416
49553,161,396424
49554,161,396432
49555,162,396440
49556,162,396448
49557,162,396456
49558,162,396464
49559,162,396472
49560,162,396480
49561,162,396488
49562,162,396496
49563,162,396504
49564,162,396512
49565,162,396520
49566,162,396528
49567,162,396536
49568,162,396544
49569,162,396552
49570,162,396560
49571,162,396568
49572,162,396576
49573,162,396584
49574,162,396592
49575,162,396600
49576,162,396608
49577,162,396616
49578,162,396624
49579,162,396632
49580,162,396640
49581,162,396648
49582,162,396656
49583,162,396664
49584,162,396672
49585,162,396680
49586,162,396688
49587,162,396696
49588,162,396704
49589,162,396712
49590,162,396720
49591,162,396728
49592,162,396736
49593,162,396744
49594,162,396752
49595,162,396760
49596,162,396768
49597,162,396776
49598,162,396784
49599,162,396792
49600,162,396800
49601,162,396808
49602,162,396816
49603,162,396824
49604,162,396832
49605,162,396840
49606,162,396848
49607,162,396856
49608,162,396864
49609,162,396872
49610,162,396880
49611,162,396888
49612,162,396896
49613,162,396904
49614,162,396912
49615,162,396920
49616,162,396928
49617,162,396936
49618,162,396944
49619,162,396952
49620,162,396960
49621,162,396968
49622,162,396976
49623,162,396984
49624,163,396992
49625,163,397000
49626,163,397008
49627,163,397016
49628,163,397024
49629,163,397032
49630,163,397040
49631,163,397048
49632,163,397056
49633,163,397064
49634,163,397072
49635,163,397080
49636,163,397088
49637,163,397096
49638,163,397104
49639,163,397112
49640,163,397120
49641,163,397128
49642,163,397136
49643,163,397144
49644,163,397152
49645,163,397160
49646,163,397168
49647,163,397176
49648,163,397184
49649,163,397192
49650,163,397200
49651,163,397208
49652,163,397216
49653,163,397224
49654,163,397232
49655,163,397240
49656,163,397248
49657,163,397256
49658,163,397264
49659,163,397272
49660,163,397280
49661,163,397288
49662,163,397296
49663,163,397304
49664,163,397312
49665,163,397320
49666,163,397328
49667,163,397336
49668,163,397344
49669,163,397352
49670,163,397360
49671,163,397368
49672,163,397376
49673,163,397384
49674,163,397392
49675,163,397400
49676,163,397408
49677,163,397416
49678,163,397424
49679,163,397432
49680,163,397440
49681,163,397448
49682,163,397456
49683,163,397464
49684,163,397472
49685,163,397480
49686,163,397488
49687,163,397496
49688,163,397504
49689,163,397512
49690,163,397520
49691,163,397528
49692,163,397536
49693,163,397544
49694,163,397552
49695,163,397560
49696,163,397568
49697,163,397576
49698,163,397584
49699,163,397592
49700,163,397600
49701,163,397608
49702,163,397616
49703,163,397624
49704,163,397632
49705,164,397640
49706,164,397648
49707,164,397656
49708,164,397664
49709,164,397672
49710,164,397680
49711,164,397688
49712,164,397696
49713,164,397704
49714,164,397712
49715,164,397720
49716,164,397728
49717,164,397736
49718,164,397744
49719,164,397752
49720,164,397760
49721,164,397768
49722,164,397776
49723,164,397784
49724,164,397792
49725,164,397800
49726,164,397808
49727,164,397816
49728,164,397824
49729,164,397832
49730,164,397840
49731,164,397848
49732,164,397856
49733,164,397864
49734,164,397872
49735,164,397880
49736,164,397888
49737,164,397896
49738,164,397904
49739,164,397912
49740,164,397920
49741,164,397928
49742,164,397936
49743,164,397944
49744,164,397952
49745,164,397960
49746,164,397968
49747,164,397976
49748,164,397984
49749,164,397992
49750,164,398000
49751,164,398008
49752,164,398016
49753,164,398024
49754,164,398032
49755,164,398040
49756,164,398048
49757,164,398056
49758,164,398064
49759,164,398072
49760,164,398080
49761,164,398088
49762,164,398096
49763,164,398104
49764,164,398112
49765,164,398120
49766,164,398128
49767,164,398136
49768,164,398144
49769,164,398152
49770,164,398160
49771,164,398168
49772,164,398176
49773,164,398184
49774,164,398192
49775,164,398200
49776,164,398208
49777,164,398216
49778,164,398224
49779,164,398232
49780,164,398240
49781,164,398248
49782,165,398256
49783,165,398264
49784,165,398272
49785,165,398280
49786,165,398288
49787,165,398296
49788,165,398304
49789,165,398312
49790,165,398320
49791,165,398328
49792,165,398336
49793,165,398344
49794,165,398352
49795,165,398360
49796,165,398368
49797,165,398376
49798,165,398384
49799,165,398392
49800,165,398400
49801,165,398408
49802,165,398416
49803,165,398424
49804,165,398432
49805,165,398440
49806,165,398448
49807,165,398456
49808,165,398464
49809,165,398472
49810,165,398480
49811,165,398488
49812,165,398496
49813,165,398504
49814,165,398512
49815,165,398520
49816,165,398528
49817,165,398536
49818,165,398544
49819,165,398552
49820,165,398560
49821,165,398568
49822,165,398576
49823,165,398584
49824,165,398592
49825,165,398600
49826,165,398608
49827,165,398616
49828,165,398624
49829,165,398632
49830,165,398640
49831,165,398648
49832,165,398656
49833,165,398664
49834,165,398672
49835,165,398680
49836,165,398688
49837,165,398696
49838,165,398704
49839,165,398712
49840,165,398720
49841,165,398728
49842,165,398736
49843,165,398744
49844,165,398752
49845,165,398760
49846,165,398768
49847,165,398776
49848,165,398784
49849,165,398792
49850,165,398800
49851,166,398808
49852,166,398816
49853,166,398824
49854,166,398832
49855,166,398840
49856,166,398848
49857,166,398856
49858,166,398864
49859,166,398872
49860,166,398880
49861,166,398888
49862,166,398896
49863,166,398904
49864,166,398912
49865,166,398920
49866,166,398928
49867,166,398936
49868,166,398944
49869,166,398952
49870,166,398960
49871,166,398968
49872,166,398976
49873,166,398984
49874,166,398992
49875,166,399000
49876,166,399008
49877,166,399016
49878,166,399024
49879,166,399032
49880,166,399040
49881,166,399048
49882,166,399056
49883,166,399064
49884,166,399072
49885,166,399080
49886,166,399088
49887,166,399096
49888,166,399104
49889,166,399112
49890,166,399120
49891,166,399128
49892,166,399136
49893,166,399144
49894,166,399152
49895,166,399160
49896,166,399168
49897,166,399176
49898,166,399184
49899,166,399192
49900,166,399200
49901,166,399208
49902,166,399216
49903,166,399224
49904,166,399232
49905,166,399240
49906,167,399248
49907,167,399256
49908,167,399264
49909,167,399272
49910,167,399280
49911,167,399288
49912,167,399296
49913,167,399304
49914,167,399312
49915,167,399320
49916,167,399328
49917,167,399336
49918,167,399344
49919,167,399352
49920,167,399360
49921,167,399368
49922,167,399376
49923,167,399384
49924,167,399392
49925,167,399400
49926,167,399408
49927,167,399416
49928,167,399424
49929,167,399432
49930,167,399440
49931,167,399448
49932,167,399456
49933,167,399464
49934,167,399472
49935,167,399480
49936,167,399488
49937,167,399496
49938,167,399504
49939,167,399512
49940,167,399520
49941,167,399528
49942,167,399536
49943,167,399544
49944,167,399552
49945,167,399560
49946,167,399568
49947,167,399576
49948,167,399584
49949,167,399592
49950,167,399600
49951,167,399608
49952,167,399616
49953,167,399624
49954,167,399632
49955,167,399640
49956,167,399648
49957,167,399656
49958,167,399664
49959,167,399672
49960,167,399680
49961,167,399688
49962,167,399696
49963,167,399704
49964,167,399712
49965,167,399720
49966,167,399728
49967,167,399736
49968,167,399744
49969,167,399752
49970,167,399760
49971,167,399768
49972,167,399776
49973,167,399784
49974,167,399792
49975,167,399800
49976,168,399808
49977,168,399816
49978,168,399824
49979,168,399832
49980,168,399840
49981,168,399848
49982,168,399856
49983,168,399864
49984,168,399872
49985,168,399880
49986,168,399888
49987,168,399896
49988,168,399904
49989,168,399912
49990,168,399920
49991,168,399928
49992,168,399936
49993,168,399944
49994,168,399952
49995,168,399960
49996,168,399968
49997,168,399976
49998,168,399984
49999,168,399992
50000,168,400000
50001,168,400008
50002,168,400016
50003,168,400024
50004,168,400032
50005,168,400040
50006,168,400048
50007,168,400056
50008,168,400064
50009,168,400072
50010,168,400080
50011,168,400088
50012,168,400096
50013,168,400104
50014,168,400112
50015,168,400120
50016,168,400128
50017,168,400136
50018,168,400144
50019,168,400152
50020,168,400160
50021,168,400168
50022,168,400176
50023,168,400184
50024,168,400192
50025,168,400200
50026,168,400208
50027,168,400216
50028,168,400224
50029,168,400232
50030,168,400240
50031,168,400248
50032,168,400256
50033,168,400264
50034,168,400272
50035,168,400280
50036,168,400288
50037,168,400296
50038,169,400304
50039,169,400312
50040,169,400320
50041,169,400328
50042,169,400336
50043,169,400344
50044,169,400352
50045,169,400360
50046,169,400368
50047,169,400376
50048,169,400384
50049,169,400392
50050,169,400400
50051,169,400408
50052,169,400416
50053,169,400424
50054,169,400432
50055,169,400440
50056,169,400448
50057,169,400456
50058,169,400464
50059,169,400472
50060,169,400480
50061,169,400488
50062,169,400496
50063,169,400504
50064,169,400512
50065,169,400520
50066,169,400528
50067,169,400536
50068,169,400544
50069,169,400552
50070,169,400560
50071,169,400568
50072,169,400576
50073,169,400584
50074,169,400592
50075,169,400600
50076,169,400608
50077,169,400616
50078,169,400624
50079,169,400632
50080,169,400640
50081,169,400648
50082,169,400656
50083,169,400664
50084,169,400672
50085,169,400680
50086,169,400688
50087,169,400696
50088,169,400704
50089,169,400712
50090,169,400720
50091,169,400728
50092,169,400736
50093,169,400744
50094,169,400752
50095,169,400760
50096,169,400768
50097,169,400776
50098,169,400784
50099,169,400792
50100,169,400800
50101,169,400808
50102,169,400816
50103,169,400824
50104,169,400832
50105,169,400840
50106,169,400848
50107,170,400856
50108,170,400864
50109,170,400872
50110,170,400880
50111,170,400888
50112,170,400896
50113,170,400904
50114,170,400912
50115,170,400920
50116,170,400928
50117,170,400936
50118,170,400944
50119,170,400952
50120,170,400960
50121,170,400968
50122,170,400976
50123,170,400984
50124,170,400992
50125,170,401000
50126,170,401008
50127,170,401016
50128,170,401024
50129,170,401032
50130,170,401040
50131,170,401048
50132,170,401056
50133,170,401064
50134,170,401072
50135,170,401080
50136,170,401088
50137,170,401096
50138,170,401104
50139,170,401112
50140,170,401120
50141,170,401128
50142,170,401136
50143,170,401144
50144,170,401152
50145,170,401160
50146,170,401168
50147,170,401176
50148,170,401184
50149,170,401192
50150,170,401200
50151,170,401208
50152,170,401216
50153,170,401224
50154,170,401232
50155,170,401240
50156,170,401248
50157,170,401256
50158,170,401264
50159,170,401272
50160,170,401280
50161,170,401288
50162,170,401296
50163,170,401304
50164,170,401312
50165,170,401320
50166,170,401328
50167,170,401336
50168,170,401344
50169,170,401352
50170,170,401360
50171,170,401368
50172,170,401376
50173,170,401384
50174,170,401392
50175,170,401400
50176,170,401408
50177,170,401416
50178,170,401424
50179,171,401432
50180,171,401440
50181,171,401448
50182,171,401456
50183,171,401464
50184,171,401472
50185,171,401480
50186,171,401488
50187,171,401496
50188,171,401504
50189,171,401512
50190,171,401520
50191,171,401528
50192,171,401536
50193,171,401544
50194,171,401552
50195,171,401560
50196,171,401568
50197,171,401576
50198,171,401584
50199,171,401592
50200,171,401600
50201,171,401608
50202,171,401616
50203,171,401624
50204,171,401632
50205,171,401640
50206,171,401648
50207,171,401656
50208,171,401664
50209,171,401672
50210,171,401680
50211,171,401688
50212,171,401696
50213,171,401704
50214,171,401712
50215,171,401720
50216,171,401728
50217,171,401736
50218,171,401744
50219,171,401752
50220,171,401760
50221,171,401768
50222,171,401776
50223,171,401784
50224,171,401792
50225,171,401800
50226,171,401808
50227,171,401816
50228,171,401824
50229,171,401832
50230,171,401840
50231,171,401848
50232,171,401856
50233,171,401864
50234,171,401872
50235,171,401880
50236,171,401888
50237,171,401896
50238,171,401904
50239,171,401912
50240,172,401920
50241,172,401928
50242,172,401936
50243,172,401944
50244,172,401952
50245,172,401960
50246,172,401968
50247,172,401976
50248,172,401984
50249,172,401992
50250,172,402000
50251,172,402008
50252,172,402016
50253,172,402024
50254,172,402032
50255,172,402040
50256,172,402048
50257,172,402056
50258,172,402064
50259,172,402072
50260,172,402080
50261,172,402088
50262,172,402096
50263,172,402104
50264,172,402112
50265,172,402120
50266,172,402128
50267,172,402136
50268,172,402144
50269,172,402152
50270,172,402160
50271,172,402168
50272,172,402176
50273,172,402184
50274,172,402192
50275,172,402200
50276,172,402208
50277,172,402216
50278,172,402224
50279,172,402232
50280,172,402240
50281,172,402248
50282,172,402256
50283,172,402264
50284,172,402272
50285,172,402280
50286,172,402288
50287,172,402296
50288,172,402304
50289,172,402312
50290,172,402320
50291,172,402328
50292,172,402336
50293,172,402344
50294,172,402352
50295,172,402360
50296,172,402368
50297,172,402376
50298,172,402384
50299,172,402392
50300,172,402400
50301,172,402408
50302,172,402416
50303,172,402424
50304,172,402432
50305,172,402440
50306,172,402448
50307,172,402456
50308,172,402464
50309,173,402472
50310,173,402480
50311,173,402488
50312,173,402496
50313,173,402504
50314,173,402512
50315,173,402520
50316,173,402528
50317,173,402536
50318,173,402544
50319,173,402552
50320,173,402560
50321,173,402568
50322,173,402576
50323,173,402584
50324,173,402592
50325,173,402600
50326,173,402608
50327,173,402616
50328,173,402624
50329,173,402632
50330,173,402640
50331,173,402648
50332,173,402656
50333,173,402664
50334,173,402672
50335,173,402680
50336,173,402688
50337,173,402696
50338,173,402704
50339,173,402712
50340,173,402720
50341,173,402728
50342,173,402736
50343,173,402744
50344,173,402752
50345,173,402760
50346,173,402768
50347,173,402776
50348,173,402784
50349,173,402792
50350,173,402800
50351,173,402808
50352,173,402816
50353,173,402824
50354,173,402832
50355,173,402840
50356,173,402848
50357,173,402856
50358,173,402864
50359,173,402872
50360,173,402880
50361,173,402888
50362,173,402896
50363,173,402904
50364,173,402912
50365,173,402920
50366,173,402928
50367,173,402936
50368,173,402944
50369,173,402952
50370,173,402960
50371,173,402968
50372,173,402976
50373,173,402984
50374,174,402992
50375,174,403000
50376,174,403008
50377,174,403016
50378,174,403024
50379,174,403032
50380,174,403040
50381,174,403048
50382,174,403056
50383,174,403064
50384,174,403072
50385,174,403080
50386,174,403088
50387,174,403096
50388,174,403104
50389,174,403112
50390,174,403120
50391,174,403128
50392,174,403136
50393,174,403144
50394,174,403152
50395,174,403160
50396,174,403168
50397,174,403176
50398,174,403184
50399,174,403192
50400,174,403200
50401,174,403208
50402,174,403216
50403,174,403224
50404,174,403232
50405,174,403240
50406,174,403248
50407,174,403256
50408,174,403264
50409,174,403272
50410,174,403280
50411,174,403288
50412,174,403296
50413,174,403304
50414,174,403312
50415,174,403320
50416,174,403328
50417,174,403336
50418,174,403344
50419,174,403352
50420,174,403360
50421,174,403368
50422,174,403376
50423,174,403384
50424,174,403392
50425,174,403400
50426,174,403408
50427,174,403416
50428,174,403424
50429,175,403432
50430,175,403440
50431,175,403448
50432,175,403456
50433,175,403464
50434,175,403472
50435,175,403480
50436,175,403488
50437,175,403496
50438,175,403504
50439,175,403512
50440,175,403520
50441,175,403528
50442,175,403536
50443,175,403544
50444,175,403552
50445,175,403560
50446,175,403568
50447,175,403576
50448,175,403584
50449,175,403592
50450,175,403600
50451,175,403608
50452,175,403616
50453,175,403624
50454,175,403632
50455,175,403640
50456,175,403648
50457,175,403656
50458,175,403664
50459,175,403672
50460,175,403680
50461,175,403688
50462,175,403696
50463,175,403704
50464,175,403712
50465,175,403720
50466,175,403728
50467,175,403736
50468,175,403744
50469,175,403752
50470,175,403760
50471,175,403768
50472,175,403776
50473,175,403784
50474,175,403792
50475,175,403800
50476,175,403808
50477,175,403816
50478,175,403824
50479,175,403832
50480,175,403840
50481,175,403848
50482,175,403856
50483,175,403864
50484,175,403872
50485,175,403880
50486,175,403888
50487,175,403896
50488,175,403904
50489,175,403912
50490,175,403920
50491,175,403928
50492,175,403936
50493,175,403944
50494,175,403952
50495,175,403960
50496,175,403968
50497,175,403976
50498,175,403984
50499,175,403992
50500,175,404000
50501,175,404008
50502,175,404016
50503,175,404024
50504,175,404032
50505,176,404040
50506,176,404048
50507,176,404056
50508,176,404064
50509,176,404072
50510,176,404080
50511,176,404088
50512,176,404096
50513,176,404104
50514,176,404112
50515,176,404120
50516,176,404128
50517,176,404136
50518,176,404144
50519,176,404152
50520,176,404160
50521,176,404168
50522,176,404176
50523,176,404184
50524,176,404192
50525,176,404200
50526,176,404208
50527,176,404216
50528,176,404224
50529,176,404232
50530,176,404240
50531,176,404248
50532,176,404256
50533,176,404264
50534,176,404272
50535,176,404280
50536,176,404288
50537,176,404296
50538,176,404304
50539,176,404312
50540,176,404320
50541,176,404328
50542,176,404336
50543,176,404344
50544,176,404352
50545,176,404360
50546,176,404368
50547,176,404376
50548,176,404384
50549,176,404392
50550,176,404400
50551,176,404408
50552,176,404416
50553,176,404424
50554,176,404432
50555,176,404440
50556,176,404448
50557,176,404456
50558,176,404464
50559,176,404472
50560,176,404480
50561,176,404488
50562,176,404496
50563,176,404504
50564,176,404512
50565,176,404520
50566,176,404528
50567,176,404536
50568,176,404544
50569,176,404552
50570,176,404560
50571,176,404568
50572,176,404576
50573,176,404584
50574,176,404592
50575,176,404600
50576,176,404608
50577,176,404616
50578,176,404624
50579,176,404632
50580,176,404640
50581,176,404648
50582,176,404656
50583,176,404664
50584,177,404672
50585,177,404680
50586,177,404688
50587,177,404696
50588,177,404704
50589,177,404712
50590,177,404720
50591,177,404728
50592,177,404736
50593,177,404744
50594,177,404752
50595,177,404760
50596,177,404768
50597,177,404776
50598,177,404784
50599,177,404792
50600,177,404800
50601,177,404808
50602,177,404816
50603,177,404824
50604,177,404832
50605,177,404840
50606,177,404848
50607,177,404856
50608,177,404864
50609,177,404872
50610,177,404880
50611,177,404888
50612,177,404896
50613,177,404904
50614,177,404912
50615,177,404920
50616,177,404928
50617,177,404936
50618,177,404944
50619,177,404952
50620,177,404960
50621,177,404968
50622,177,404976
50623,177,404984
50624,177,404992
50625,177,405000
50626,177,405008
50627,177,405016
50628,177,405024
50629,177,405032
50630,177,405040
50631,177,405048
50632,177,405056
50633,177,405064
50634,177,405072
50635,177,405080
50636,177,405088
50637,178,405096
50638,178,405104
50639,178,405112
50640,178,405120
50641,178,405128
50642,178,405136
50643,178,405144
50644,178,405152
50645,178,405160
50646,178,405168
50647,178,405176
50648,178,405184
50649,178,405192
50650,178,405200
50651,178,405208
50652,178,405216
50653,178,405224
50654,178,405232
50655,178,405240
50656,178,405248
50657,178,405256
50658,178,405264
50659,178,405272
50660,178,405280
50661,178,405288
50662,178,405296
50663,178,405304
50664,178,405312
50665,178,405320
50666,178,405328
50667,178,405336
50668,178,405344
50669,178,405352
50670,178,405360
50671,178,405368
50672,178,405376
50673,178,405384
50674,178,405392
50675,178,405400
50676,178,405408
50677,178,405416
50678,178,405424
50679,178,405432
50680,178,405440
50681,178,405448
50682,178,405456
50683,178,405464
50684,178,405472
50685,178,405480
50686,178,405488
50687,178,405496
50688,178,405504
50689,178,405512
50690,178,405520
50691,178,405528
50692,178,405536
50693,178,405544
50694,178,405552
50695,178,405560
50696,178,405568
50697,179,405576
50698,179,405584
50699,179,405592
50700,179,405600
50701,179,405608
50702,179,405616
50703,179,405624
50704,179,405632
50705,179,405640
50706,179,405648
50707,179,405656
50708,179,405664
50709,179,405672
50710,179,405680
50711,179,405688
50712,179,405696
50713,179,405704
50714,179,405712
50715,179,405720
50716,179,405728
50717,179,405736
50718,179,405744
50719,179,405752
50720,179,405760
50721,179,405768
50722,179,405776
50723,179,405784
50724,179,405792
50725,179,405800
50726,179,405808
50727,179,405816
50728,179,405824
50729,179,405832
50730,179,405840
50731,179,405848
50732,179,405856
50733,179,405864
50734,179,405872
50735,179,405880
50736,179,405888
50737,179,405896
50738,179,405904
50739,179,405912
50740,179,405920
50741,179,405928
50742,179,405936
50743,179,405944
50744,179,405952
50745,179,405960
50746,179,405968
50747,179,405976
50748,179,405984
50749,179,405992
50750,179,406000
50751,179,406008
50752,179,406016
50753,179,406024
50754,179,406032
50755,179,406040
50756,179,406048
50757,179,406056
50758,179,406064
50759,179,406072
50760,179,406080
50761,179,406088
50762,180,406096
50763,180,406104
50764,180,406112
50765,180,406120
50766,180,406128
50767,180,406136
50768,180,406144
50769,180,406152
50770,180,406160
50771,180,406168
50772,180,406176
50773,180,406184
50774,180,406192
50775,180,406200
50776,180,406208
50777,180,406216
50778,180,406224
50779,180,406232
50780,180,406240
50781,180,406248
50782,180,406256
50783,180,406264
50784,180,406272
50785,180,406280
50786,180,406288
50787,180,406296
50788,180,406304
50789,180,406312
50790,180,406320
50791,180,406328
50792,180,406336
50793,180,406344
50794,180,406352
50795,180,406360
50796,180,406368
50797,180,406376
50798,180,406384
50799,180,406392
50800,180,406400
50801,180,406408
50802,180,406416
50803,180,406424
50804,180,406432
50805,180,406440
50806,180,406448
50807,180,406456
50808,180,406464
50809,180,406472
50810,180,406480
50811,180,406488
50812,180,406496
50813,180,406504
50814,180,406512
50815,180,406520
50816,180,406528
50817,180,406536
50818,180,406544
50819,180,406552
50820,180,406560
50821,180,406568
50822,180,406576
50823,180,406584
50824,181,406592
50825,181,406600
50826,181,406608
50827,181,406616
50828,181,406624
50829,181,406632
50830,181,406640
50831,181,406648
50832,181,406656
50833,181,406664
50834,181,406672
50835,181,406680
50836,181,406688
50837,181,406696
50838,181,406704
50839,181,406712
50840,181,406720
50841,181,406728
50842,181,406736
50843,181,406744
50844,181,406752
50845,181,406760
50846,181,406768
50847,181,406776
50848,181,406784
50849,181,406792
50850,181,406800
50851,181,406808
50852,181,406816
50853,181,406824
50854,181,406832
50855,181,406840
50856,181,406848
50857,181,406856
50858,181,406864
50859,181,406872
50860,181,406880
50861,181,406888
50862,181,406896
50863,181,406904
50864,181,406912
50865,181,406920
50866,181,406928
50867,181,406936
50868,181,406944
50869,181,406952
50870,181,406960
50871,181,406968
50872,181,406976
50873,181,406984
50874,181,406992
50875,181,407000
50876,182,407008
50877,182,407016
50878,182,407024
50879,182,407032
50880,182,407040
50881,182,407048
50882,182,407056
50883,182,407064
50884,182,407072
50885,182,407080
50886,182,407088
50887,182,407096
50888,182,407104
50889,182,407112
50890,182,407120
50891,182,407128
50892,182,407136
50893,182,407144
50894,182,407152
50895,182,407160
50896,182,407168
50897,182,407176
50898,182,407184
50899,182,407192
50900,182,407200
50901,182,407208
50902,182,407216
50903,182,407224
50904,182,407232
50905,182,407240
50906,182,407248
50907,182,407256
50908,182,407264
50909,182,407272
50910,182,407280
50911,182,407288
50912,182,407296
50913,182,407304
50914,182,407312
50915,182,407320
50916,182,407328
50917,182,407336
50918,182,407344
50919,182,407352
50920,182,407360
50921,182,407368
50922,182,407376
50923,182,407384
50924,182,407392
50925,182,407400
50926,182,407408
50927,182,407416
50928,182,407424
50929,182,407432
50930,182,407440
50931,182,407448
50932,182,407456
50933,182,407464
50934,182,407472
50935,182,407480
50936,182,407488
50937,182,407496
50938,182,407504
50939,182,407512
50940,182,407520
50941,183,407528
50942,183,407536
50943,183,407544
50944,183,407552
50945,183,407560
50946,183,407568
50947,183,407576
50948,183,407584
50949,183,407592
50950,183,407600
50951,183,407608
50952,183,407616
50953,183,407624
50954,183,407632
50955,183,407640
50956,183,407648
50957,183,407656
50958,183,407664
50959,183,407672
50960,183,407680
50961,183,407688
50962,183,407696
50963,183,407704
50964,183,407712
50965,183,407720
50966,183,407728
50967,183,407736
50968,183,407744
50969,183,407752
50970,183,407760
50971,183,407768
50972,183,407776
50973,183,407784
50974,183,407792
50975,183,407800
50976,183,407808
50977,183,407816
50978,183,407824
50979,183,407832
50980,183,407840
50981,183,407848
50982,183,407856
50983,183,407864
50984,183,407872
50985,183,407880
50986,183,407888
50987,183,407896
50988,183,407904
50989,183,407912
50990,183,407920
50991,183,407928
50992,183,407936
50993,183,407944
50994,183,407952
50995,183,407960
50996,184,407968
50997,184,407976
50998,184,407984
50999,184,407992
51000,184,408000
51001,184,408008
51002,184,408016
51003,184,408024
51004,184,408032
51005,184,408040
51006,184,408048
51007,184,408056
51008,184,408064
51009,184,408072
51010,184,408080
51011,184,408088
51012,184,408096
51013,184,408104
51014,184,408112
51015,184,408120
51016,184,408128
51017,184,408136
51018,184,408144
51019,184,408152
51020,184,408160
51021,184,408168
51022,184,408176
51023,184,408184
51024,184,408192
51025,184,408200
51026,184,408208
51027,184,408216
51028,184,408224
51029,184,408232
51030,184,408240
51031,184,408248
51032,184,408256
51033,184,408264
51034,184,408272
51035,184,408280
51036,184,408288
51037,184,408296
51038,184,408304
51039,184,408312
51040,184,408320
51041,184,408328
51042,184,408336
51043,185,408344
51044,185,408352
51045,185,408360
51046,185,408368
51047,185,408376
51048,185,408384
51049,185,408392
51050,185,408400
51051,185,408408
51052,185,408416
51053,185,408424
51054,185,408432
51055,185,408440
51056,185,408448
51057,185,408456
51058,185,408464
51059,185,408472
51060,185,408480
51061,185,408488
51062,185,408496
51063,185,408504
51064,185,408512
51065,185,408520
51066,185,408528
51067,185,408536
51068,185,408544
51069,185,408552
51070,185,408560
51071,185,408568
51072,185,408576
51073,185,408584
51074,185,408592
51075,185,408600
51076,185,408608
51077,185,408616
51078,185,408624
51079,185,408632
51080,185,408640
51081,185,408648
51082,185,408656
51083,185,408664
51084,185,408672
51085,185,408680
51086,185,408688
51087,185,408696
51088,185,408704
51089,185,408712
51090,185,408720
51091,185,408728
51092,186,408736
51093,186,408744
51094,186,408752
51095,186,408760
51096,186,408768
51097,186,408776
51098,186,408784
51099,186,408792
51100,186,408800
51101,186,408808
51102,186,408816
51103,186,408824
51104,186,408832
51105,186,408840
51106,186,408848
51107,186,408856
51108,186,408864
51109,186,408872
51110,186,408880
51111,186,408888
51112,186,408896
51113,186,408904
51114,186,408912
51115,186,408920
51116,186,408928
51117,186,408936
51118,186,408944
51119,186,408952
51120,186,408960
51121,186,408968
51122,186,408976
51123,186,408984
51124,186,408992
51125,186,409000
51126,186,409008
51127,186,409016
51128,186,409024
51129,186,409032
51130,186,409040
51131,186,409048
51132,186,409056
51133,186,409064
51134,186,409072
51135,186,409080
51136,186,409088
51137,186,409096
51138,186,409104
51139,186,409112
51140,186,409120
51141,186,409128
51142,186,409136
51143,186,409144
51144,186,409152
51145,186,409160
51146,186,409168
51147,186,409176
51148,186,409184
51149,186,409192
51150,186,409200
51151,186,409208
51152,186,409216
51153,186,409224
51154,186,409232
51155,186,409240
51156,186,409248
51157,186,409256
51158,186,409264
51159,186,409272
51160,187,409280
51161,187,409288
51162,187,409296
51163,187,409304
51164,187,409312
51165,187,409320
51166,187,409328
51167,187,409336
51168,187,409344
51169,187,409352
51170,187,409360
51171,187,409368
51172,187,409376
51173,187,409384
51174,187,409392
51175,187,409400
51176,187,409408
51177,187,409416
51178,187,409424
51179,187,409432
51180,187,409440
51181,187,409448
51182,187,409456
51183,187,409464
51184,187,409472
51185,187,409480
51186,187,409488
51187,187,409496
51188,187,409504
51189,187,409512
51190,187,409520
51191,187,409528
51192,187,409536
51193,187,409544
51194,187,409552
51195,187,409560
51196,187,409568
51197,187,409576
51198,187,409584
51199,187,409592
51200,187,409600
51201,187,409608
51202,187,409616
51203,187,409624
51204,187,409632
51205,187,409640
51206,187,409648
51207,187,409656
51208,187,409664
51209,187,409672
51210,187,409680
51211,187,409688
51212,187,409696
51213,187,409704
51214,187,409712
51215,187,409720
51216,187,409728
51217,187,409736
51218,187,409744
51219,187,409752
51220,187,409760
51221,187,409768
51222,187,409776
51223,187,409784
51224,187,409792
51225,187,409800
51226,187,409808
51227,187,409816
51228,187,409824
51229,187,409832
51230,187,409840
51231,187,409848
51232,187,409856
51233,188,409864
51234,188,409872
51235,188,409880
51236,188,409888
51237,188,409896
51238,188,409904
51239,188,409912
51240,188,409920
51241,188,409928
51242,188,409936
51243,188,409944
51244,188,409952
51245,188,409960
51246,188,409968
51247,188,409976
51248,188,409984
51249,188,409992
51250,188,410000
51251,188,410008
51252,188,410016
51253,188,410024
51254,188,410032
51255,188,410040
51256,188,410048
51257,188,410056
51258,188,410064
51259,188,410072
51260,188,410080
51261,188,410088
51262,188,410096
51263,188,410104
51264,188,410112
51265,188,410120
51266,188,410128
51267,188,410136
51268,188,410144
51269,188,410152
51270,188,410160
51271,188,410168
51272,188,410176
51273,188,410184
51274,188,410192
51275,188,410200
51276,188,410208
51277,188,410216
51278,188,410224
51279,188,410232
51280,188,410240
51281,188,410248
51282,188,410256
51283,188,410264
51284,188,410272
51285,188,410280
51286,188,410288
51287,188,410296
51288,188,410304
51289,188,410312
51290,188,410320
51291,188,410328
51292,188,410336
51293,188,410344
51294,188,410352
51295,188,410360
51296,188,410368
51297,188,410376
51298,188,410384
51299,188,410392
51300,188,410400
51301,188,410408
51302,188,410416
51303,188,410424
51304,188,410432
51305,189,410440
51306,189,410448
51307,189,410456
51308,189,410464
51309,189,410472
51310,189,410480
51311,189,410488
51312,189,410496
51313,189,410504
51314,189,410512
51315,189,410520
51316,189,410528
51317,189,410536
51318,189,410544
51319,189,410552
51320,189,410560
51321,189,410568
51322,189,410576
51323,189,410584
51324,189,410592
51325,189,410600
51326,189,410608
51327,189,410616
51328,189,410624
51329,189,410632
51330,189,410640
51331,189,410648
51332,189,410656
51333,189,410664
51334,189,410672
51335,189,410680
51336,189,410688
51337,189,410696
51338,189,410704
51339,189,410712
51340,189,410720
51341,189,410728
51342,189,410736
51343,189,410744
51344,189,410752
51345,189,410760
51346,189,410768
51347,189,410776
51348,189,410784
51349,189,410792
51350,189,410800
51351,189,410808
51352,189,410816
51353,189,410824
51354,189,410832
51355,189,410840
51356,189,410848
51357,189,410856
51358,189,410864
51359,189,410872
51360,189,410880
51361,189,410888
51362,189,410896
51363,189,410904
51364,189,410912
51365,189,410920
51366,190,410928
51367,190,410936
51368,190,410944
51369,190,410952
51370,190,410960
51371,190,410968
51372,190,410976
51373,190,410984
51374,190,410992
51375,190,411000
51376,190,411008
51377,190,411016
51378,190,411024
51379,190,411032
51380,190,411040
51381,190,411048
51382,190,411056
51383,190,411064
51384,190,411072
51385,190,411080
51386,190,411088
51387,190,411096
51388,190,411104
51389,190,411112
51390,190,411120
51391,190,411128
51392,190,411136
51393,190,411144
51394,190,411152
51395,190,411160
51396,190,411168
51397,190,411176
51398,190,411184
51399,190,411192
51400,190,411200
51401,190,411208
51402,190,411216
51403,190,411224
51404,190,411232
51405,190,411240
51406,190,411248
51407,190,411256
51408,190,411264
51409,190,411272
51410,190,411280
51411,190,411288
51412,190,411296
51413,190,411304
51414,190,411312
51415,190,411320
51416,190,411328
51417,190,411336
51418,190,411344
51419,190,411352
51420,190,411360
51421,190,411368
51422,190,411376
51423,190,411384
51424,190,411392
51425,190,411400
51426,190,411408
51427,190,411416
51428,190,411424
51429,191,411432
51430,191,411440
51431,191,411448
51432,191,411456
51433,191,411464
51434,191,411472
51435,191,411480
51436,191,411488
51437,191,411496
51438,191,411504
51439,191,411512
51440,191,411520
51441,191,411528
51442,191,411536
51443,191,411544
51444,191,411552
51445,191,411560
51446,191,411568
51447,191,411576
51448,191,411584
51449,191,411592
51450,191,411600
51451,191,411608
51452,191,411616
51453,191,411624
51454,191,411632
51455,191,411640
51456,191,411648
51457,191,411656
51458,191,411664
51459,191,411672
51460,191,411680
51461,191,411688
51462,191,411696
51463,191,411704
51464,191,411712
51465,191,411720
51466,191,411728
51467,191,411736
51468,191,411744
51469,191,411752
51470,191,411760
51471,191,411768
51472,191,411776
51473,191,411784
51474,191,411792
51475,191,411800
51476,191,411808
51477,191,411816
51478,191,411824
51479,191,411832
51480,191,411840
51481,191,411848
51482,191,411856
51483,192,411864
51484,192,411872
51485,192,411880
51486,192,411888
51487,192,411896
51488,192,411904
51489,192,411912
51490,192,411920
51491,192,411928
51492,192,411936
51493,192,411944
51494,192,411952
51495,192,411960
51496,192,411968
51497,192,411976
51498,192,411984
51499,192,411992
51500,192,412000
51501,192,412008
51502,192,412016
51503,192,412024
51504,192,412032
51505,192,412040
51506,192,412048
51507,192,412056
51508,192,412064
51509,192,412072
51510,192,412080
51511,192,412088
51512,192,412096
51513,192,412104
51514,192,412112
51515,192,412120
51516,192,412128
51517,192,412136
51518,192,412144
51519,192,412152
51520,192,412160
51521,192,412168
51522,192,412176
51523,192,412184
51524,192,412192
51525,192,412200
51526,192,412208
51527,192,412216
51528,192,412224
51529,192,412232
51530,192,412240
51531,192,412248
51532,192,412256
51533,192,412264
51534,192,412272
51535,192,412280
51536,192,412288
51537,192,412296
51538,192,412304
51539,192,412312
51540,192,412320
51541,192,412328
51542,192,412336
51543,192,412344
51544,192,412352
51545,192,412360
51546,193,412368
51547,193,412376
51548,193,412384
51549,193,412392
51550,193,412400
51551,193,412408
51552,193,412416
51553,193,412424
51554,193,412432
51555,193,412440
51556,193,412448
51557,193,412456
51558,193,412464
51559,193,412472
51560,193,412480
51561,193,412488
51562,193,412496
51563,193,412504
51564,193,412512
51565,193,412520
51566,193,412528
51567,193,412536
51568,193,412544
51569,193,412552
51570,193,412560
51571,193,412568
51572,193,412576
51573,193,412584
51574,193,412592
51575,193,412600
51576,193,412608
51577,193,412616
51578,193,412624
51579,193,412632
51580,193,412640
51581,193,412648
51582,193,412656
51583,193,412664
51584,193,412672
51585,193,412680
51586,193,412688
51587,193,412696
51588,193,412704
51589,193,412712
51590,193,412720
51591,193,412728
51592,193,412736
51593,193,412744
51594,193,412752
51595,193,412760
51596,193,412768
51597,193,412776
51598,193,412784
51599,193,412792
51600,193,412800
51601,193,412808
51602,193,412816
51603,193,412824
51604,193,412832
51605,193,412840
51606,193,412848
51607,193,412856
51608,194,412864
51609,194,412872
51610,194,412880
51611,194,412888
51612,194,412896
51613,194,412904
51614,194,412912
51615,194,412920
51616,194,412928
51617,194,412936
51618,194,412944
51619,194,412952
51620,194,412960
51621,194,412968
51622,194,412976
51623,194,412984
51624,194,412992
51625,194,413000
51626,194,413008
51627,194,413016
51628,194,413024
51629,194,413032
51630,194,413040
51631,194,413048
51632,194,413056
51633,194,413064
51634,194,413072
51635,194,413080
51636,194,413088
51637,194,413096
51638,194,413104
51639,194,413112
51640,194,413120
51641,194,413128
51642,194,413136
51643,194,413144
51644,194,413152
51645,194,413160
51646,194,413168
51647,194,413176
51648,194,413184
51649,194,413192
51650,194,413200
51651,194,413208
51652,194,413216
51653,194,413224
51654,194,413232
51655,194,413240
51656,194,413248
51657,194,413256
51658,195,413264
51659,195,413272
51660,195,413280
51661,195,413288
51662,195,413296
51663,195,413304
51664,195,413312
51665,195,413320
51666,195,413328
51667,195,413336
51668,195,413344
51669,195,413352
51670,195,413360
51671,195,413368
51672,195,413376
51673,195,413384
51674,195,413392
51675,195,413400
51676,195,413408
51677,195,413416
51678,195,413424
51679,195,413432
51680,195,413440
51681,195,413448
51682,195,413456
51683,195,413464
51684,195,413472
51685,195,413480
51686,195,413488
51687,195,413496
51688,195,413504
51689,195,413512
51690,195,413520
51691,195,413528
51692,195,413536
51693,195,413544
51694,195,413552
51695,195,413560
51696,195,413568
51697,195,413576
51698,195,413584
51699,195,413592
51700,195,413600
51701,195,413608
51702,195,413616
51703,195,413624
51704,195,413632
51705,195,413640
51706,195,413648
51707,195,413656
51708,195,413664
51709,195,413672
51710,195,413680
51711,195,413688
51712,195,413696
51713,195,413704
51714,195,413712
51715,195,413720
51716,195,413728
51717,195,413736
51718,195,413744
51719,195,413752
51720,195,413760
51721,195,413768
51722,195,413776
51723,195,413784
51724,195,413792
51725,195,413800
51726,195,413808
51727,196,413816
51728,196,413824
51729,196,413832
51730,196,413840
51731,196,413848
51732,196,413856
51733,196,413864
51734,196,413872
51735,196,413880
51736,196,413888
51737,196,413896
51738,196,413904
51739,196,413912
51740,196,413920
51741,196,413928
51742,196,413936
51743,196,413944
51744,196,413952
51745,196,413960
51746,196,413968
51747,196,413976
51748,196,413984
51749,196,413992
51750,196,414000
51751,196,414008
51752,196,414016
51753,196,414024
51754,196,414032
51755,196,414040
51756,196,414048
51757,196,414056
51758,196,414064
51759,196,414072
51760,196,414080
51761,196,414088
51762,196,414096
51763,196,414104
51764,196,414112
51765,196,414120
51766,196,414128
51767,196,414136
51768,196,414144
51769,196,414152
51770,196,414160
51771,196,414168
51772,196,414176
51773,196,414184
51774,196,414192
51775,196,414200
51776,196,414208
51777,196,414216
51778,196,414224
51779,196,414232
51780,196,414240
51781,197,414248
51782,197,414256
51783,197,414264
51784,197,414272
51785,197,414280
51786,197,414288
51787,197,414296
51788,197,414304
51789,197,414312
51790,197,414320
51791,197,414328
51792,197,414336
51793,197,414344
51794,197,414352
51795,197,414360
51796,197,414368
51797,197,414376
51798,197,414384
51799,197,414392
51800,197,414400
51801,197,414408
51802,197,414416
51803,197,414424
51804,197,414432
51805,197,414440
51806,197,414448
51807,197,414456
51808,197,414464
51809,197,414472
51810,197,414480
51811,197,414488
51812,197,414496
51813,197,414504
51814,197,414512
51815,197,414520
51816,197,414528
51817,197,414536
51818,197,414544
51819,197,414552
51820,197,414560
51821,197,414568
51822,197,414576
51823,197,414584
51824,197,414592
51825,197,414600
51826,197,414608
51827,197,414616
51828,197,414624
51829,197,414632
51830,197,414640
51831,197,414648
51832,197,414656
51833,198,414664
51834,198,414672
51835,198,414680
51836,198,414688
51837,198,414696
51838,198,414704
51839,198,414712
51840,198,414720
51841,198,414728
51842,198,414736
51843,198,414744
51844,198,414752
51845,198,414760
51846,198,414768
51847,198,414776
51848,198,414784
51849,198,414792
51850,198,414800
51851,198,414808
51852,198,414816
51853,198,414824
51854,198,414832
51855,198,414840
51856,198,414848
51857,198,414856
51858,198,414864
51859,198,414872
51860,198,414880
51861,198,414888
51862,198,414896
51863,198,414904
51864,198,414912
51865,198,414920
51866,198,414928
51867,198,414936
51868,198,414944
51869,198,414952
51870,198,414960
51871,198,414968
51872,198,414976
51873,198,414984
51874,198,414992
51875,198,415000
51876,198,415008
51877,198,415016
51878,198,415024
51879,198,415032
51880,199,415040
51881,199,415048
51882,199,415056
51883,199,415064
51884,199,415072
51885,199,415080
51886,199,415088
51887,199,415096
51888,199,415104
51889,199,415112
51890,199,415120
51891,199,415128
51892,199,415136
51893,199,415144
51894,199,415152
51895,199,415160
51896,199,415168
51897,199,415176
51898,199,415184
51899,199,415192
51900,199,415200
51901,199,415208
51902,199,415216
51903,199,415224
51904,199,415232
51905,199,415240
51906,199,415248
51907,199,415256
51908,199,415264
51909,199,415272
51910,199,415280
51911,199,415288
51912,199,415296
51913,199,415304
51914,199,415312
51915,199,415320
51916,199,415328
51917,199,415336
51918,199,415344
51919,199,415352
51920,199,415360
51921,199,415368
51922,199,415376
51923,199,415384
51924,199,415392
51925,199,415400
51926,199,415408
51927,199,415416
51928,199,415424
51929,200,415432
51930,200,415440
51931,200,415448
51932,200,415456
51933,200,415464
51934,200,415472
51935,200,415480
51936,200,415488
51937,200,415496
51938,200,415504
51939,200,415512
51940,200,415520
51941,200,415528
51942,200,415536
51943,200,415544
51944,200,415552
51945,200,415560
51946,200,415568
51947,200,415576
51948,200,415584
51949,200,415592
51950,200,415600
51951,200,415608
51952,200,415616
51953,200,415624
51954,200,415632
51955,200,415640
51956,200,415648
51957,200,415656
51958,200,415664
51959,200,415672
51960,200,415680
51961,200,415688
51962,200,415696
51963,200,415704
51964,200,415712
51965,200,415720
51966,200,415728
51967,200,415736
51968,200,415744
51969,200,415752
51970,200,415760
51971,200,415768
51972,200,415776
51973,200,415784
51974,200,415792
51975,200,415800
51976,200,415808
51977,200,415816
51978,200,415824
51979,200,415832
51980,200,415840
51981,200,415848
51982,200,415856
51983,200,415864
51984,200,415872
51985,200,415880
51986,200,415888
51987,200,415896
51988,200,415904
51989,200,415912
51990,200,415920
51991,200,415928
51992,200,415936
51993,200,415944
51994,200,415952
51995,200,415960
51996,200,415968
51997,200,415976
51998,200,415984
51999,201,415992
52000,201,416000
52001,201,416008
52002,201,416016
52003,201,416024
52004,201,416032
52005,201,416040
52006,201,416048
52007,201,416056
52008,201,416064
52009,201,416072
52010,201,416080
52011,201,416088
52012,201,416096
52013,201,416104
52014,201,416112
52015,201,416120
52016,201,416128
52017,201,416136
52018,201,416144
52019,201,416152
52020,201,416160
52021,201,416168
52022,201,416176
52023,201,416184
52024,201,416192
52025,201,416200
52026,201,416208
52027,201,416216
52028,201,416224
52029,201,416232
52030,201,416240
52031,201,416248
52032,201,416256
52033,201,416264
52034,201,416272
52035,201,416280
52036,201,416288
52037,201,416296
52038,201,416304
52039,201,416312
52040,201,416320
52041,201,416328
52042,201,416336
52043,201,416344
52044,201,416352
52045,201,416360
52046,202,416368
52047,202,416376
52048,202,416384
52049,202,416392
52050,202,416400
52051,202,416408
52052,202,416416
52053,202,416424
52054,202,416432
52055,202,416440
52056,202,416448
52057,202,416456
52058,202,416464
52059,202,416472
52060,202,416480
52061,202,416488
52062,202,416496
52063,202,416504
52064,202,416512
52065,202,416520
52066,202,416528
52067,202,416536
52068,202,416544
52069,202,416552
52070,202,416560
52071,202,416568
52072,202,416576
52073,202,416584
52074,202,416592
52075,202,416600
52076,202,416608
52077,202,416616
52078,202,416624
52079,202,416632
52080,202,416640
52081,202,416648
52082,202,416656
52083,202,416664
52084,202,416672
52085,202,416680
52086,202,416688
52087,202,416696
52088,202,416704
52089,202,416712
52090,202,416720
52091,202,416728
52092,202,416736
52093,202,416744
52094,202,416752
52095,202,416760
52096,202,416768
52097,202,416776
52098,202,416784
52099,202,416792
52100,202,416800
52101,202,416808
52102,202,416816
52103,203,416824
52104,203,416832
52105,203,416840
52106,203,416848
52107,203,416856
52108,203,416864
52109,203,416872
52110,203,416880
52111,203,416888
52112,203,416896
52113,203,416904
52114,203,416912
52115,203,416920
52116,203,416928
52117,203,416936
52118,203,416944
52119,203,416952
52120,203,416960
52121,203,416968
52122,203,416976
52123,203,416984
52124,203,416992
52125,203,417000
52126,203,417008
52127,203,417016
52128,203,417024
52129,203,417032
52130,203,417040
52131,203,417048
52132,203,417056
52133,203,417064
52134,203,417072
52135,203,417080
52136,203,417088
52137,203,417096
52138,203,417104
52139,203,417112
52140,203,417120
52141,203,417128
52142,203,417136
52143,203,417144
52144,203,417152
52145,203,417160
52146,203,417168
52147,203,417176
52148,203,417184
52149,203,417192
52150,203,417200
52151,203,417208
52152,203,417216
52153,203,417224
52154,204,417232
52155,204,417240
52156,204,417248
52157,204,417256
52158,204,417264
52159,204,417272
52160,204,417280
52161,204,417288
52162,204,417296
52163,204,417304
52164,204,417312
52165,204,417320
52166,204,417328
52167,204,417336
52168,204,417344
52169,204,417352
52170,204,417360
52171,204,417368
52172,204,417376
52173,204,417384
52174,204,417392
52175,204,417400
52176,204,417408
52177,204,417416
52178,204,417424
52179,204,417432
52180,204,417440
52181,204,417448
52182,204,417456
52183,204,417464
52184,204,417472
52185,204,417480
52186,204,417488
52187,204,417496
52188,204,417504
52189,204,417512
52190,204,417520
52191,204,417528
52192,204,417536
52193,204,417544
52194,204,417552
52195,204,417560
52196,204,417568
52197,204,417576
52198,204,417584
52199,204,417592
52200,204,417600
52201,204,417608
52202,204,417616
52203,204,417624
52204,204,417632
52205,204,417640
52206,204,417648
52207,205,417656
52208,205,417664
52209,205,417672
52210,205,417680
52211,205,417688
52212,205,417696
52213,205,417704
52214,205,417712
52215,205,417720
52216,205,417728
52217,205,417736
52218,205,417744
52219,205,417752
52220,205,417760
52221,205,417768
52222,205,417776
52223,205,417784
52224,205,417792
52225,205,417800
52226,205,417808
52227,205,417816
52228,205,417824
52229,205,417832
52230,205,417840
52231,205,417848
52232,205,417856
52233,205,417864
52234,205,417872
52235,205,417880
52236,205,417888
52237,205,417896
52238,205,417904
52239,205,417912
52240,205,417920
52241,205,417928
52242,205,417936
52243,205,417944
52244,205,417952
52245,205,417960
52246,205,417968
52247,205,417976
52248,205,417984
52249,205,417992
52250,205,418000
52251,205,418008
52252,205,418016
52253,205,418024
52254,205,418032
52255,205,418040
52256,205,418048
52257,206,418056
52258,206,418064
52259,206,418072
52260,206,418080
52261,206,418088
52262,206,418096
52263,206,418104
52264,206,418112
52265,206,418120
52266,206,418128
52267,206,418136
52268,206,418144
52269,206,418152
52270,206,418160
52271,206,418168
52272,206,418176
52273,206,418184
52274,206,418192
52275,206,418200
52276,206,418208
52277,206,418216
52278,206,418224
52279,206,418232
52280,206,418240
52281,206,418248
52282,206,418256
52283,206,418264
52284,206,418272
52285,206,418280
52286,206,418288
52287,206,418296
52288,206,418304
52289,206,418312
52290,206,418320
52291,206,418328
52292,206,418336
52293,206,418344
52294,206,418352
52295,206,418360
52296,206,418368
52297,206,418376
52298,206,418384
52299,206,418392
52300,206,418400
52301,206,418408
52302,206,418416
52303,206,418424
52304,206,418432
52305,206,418440
52306,206,418448
52307,206,418456
52308,206,418464
52309,206,418472
52310,206,418480
52311,206,418488
52312,207,418496
52313,207,418504
52314,207,418512
52315,207,418520
52316,207,418528
52317,207,418536
52318,207,418544
52319,207,418552
52320,207,418560
52321,207,418568
52322,207,418576
52323,207,418584
52324,207,418592
52325,207,418600
52326,207,418608
52327,207,418616
52328,207,418624
52329,207,418632
52330,207,418640
52331,207,418648
52332,207,418656
52333,207,418664
52334,207,418672
52335,207,418680
52336,207,418688
52337,207,418696
52338,207,418704
52339,207,418712
52340,207,418720
52341,207,418728
52342,207,418736
52343,207,418744
52344,207,418752
52345,207,418760
52346,207,418768
52347,207,418776
52348,207,418784
52349,207,418792
52350,207,418800
52351,207,418808
52352,207,418816
52353,207,418824
52354,207,418832
52355,207,418840
52356,208,418848
52357,208,418856
52358,208,418864
52359,208,418872
52360,208,418880
52361,208,418888
52362,208,418896
52363,208,418904
52364,208,418912
52365,208,418920
52366,208,418928
52367,208,418936
52368,208,418944
52369,208,418952
52370,208,418960
52371,208,418968
52372,208,418976
52373,208,418984
52374,208,418992
52375,208,419000
52376,208,419008
52377,208,419016
52378,208,419024
52379,208,419032
52380,208,419040
52381,208,419048
52382,208,419056
52383,208,419064
52384,208,419072
52385,208,419080
52386,208,419088
52387,208,419096
52388,208,419104
52389,208,419112
52390,208,419120
52391,208,419128
52392,208,419136
52393,208,419144
52394,208,419152
52395,208,419160
52396,208,419168
52397,208,419176
52398,208,419184
52399,208,419192
52400,208,419200
52401,208,419208
52402,208,419216
52403,208,419224
52404,208,419232
52405,208,419240
52406,208,419248
52407,208,419256
52408,208,419264
52409,208,419272
52410,208,419280
52411,208,419288
52412,208,419296
52413,209,419304
52414,209,419312
52415,209,419320
52416,209,419328
52417,209,419336
52418,209,419344
52419,209,419352
52420,209,419360
52421,209,419368
52422,209,419376
52423,209,419384
52424,209,419392
52425,209,419400
52426,209,419408
52427,209,419416
52428,209,419424
52429,209,419432
52430,209,419440
52431,209,419448
52432,209,419456
52433,209,419464
52434,209,419472
52435,209,419480
52436,209,419488
52437,209,419496
52438,209,419504
52439,209,419512
52440,209,419520
52441,209,419528
52442,209,419536
52443,209,419544
52444,209,419552
52445,209,419560
52446,209,419568
52447,209,419576
52448,209,419584
52449,209,419592
52450,209,419600
52451,209,419608
52452,209,419616
52453,209,419624
52454,209,419632
52455,209,419640
52456,209,419648
52457,209,419656
52458,209,419664
52459,209,419672
52460,209,419680
52461,209,419688
52462,209,419696
52463,210,419704
52464,210,419712
52465,210,419720
52466,210,419728
52467,210,419736
52468,210,419744
52469,210,419752
52470,210,419760
52471,210,419768
52472,210,419776
52473,210,419784
52474,210,419792
52475,210,419800
52476,210,419808
52477,210,419816
52478,210,419824
52479,210,419832
52480,210,419840
52481,210,419848
52482,210,419856
52483,210,419864
52484,210,419872
52485,210,419880
52486,210,419888
52487,210,419896
52488,210,419904
52489,210,419912
52490,210,419920
52491,210,419928
52492,210,419936
52493,210,419944
52494,210,419952
52495,210,419960
52496,210,419968
52497,210,419976
52498,210,419984
52499,210,419992
52500,210,420000
52501,210,420008
52502,210,420016
52503,210,420024
52504,210,420032
52505,210,420040
52506,210,420048
52507,210,420056
52508,210,420064
52509,210,420072
52510,210,420080
52511,210,420088
52512,210,420096
52513,210,420104
52514,210,420112
52515,210,420120
52516,211,420128
52517,211,420136
52518,211,420144
52519,211,420152
52520,211,420160
52521,211,420168
52522,211,420176
52523,211,420184
52524,211,420192
52525,211,420200
52526,211,420208
52527,211,420216
52528,211,420224
52529,211,420232
52530,211,420240
52531,211,420248
52532,211,420256
52533,211,420264
52534,211,420272
52535,211,420280
52536,211,420288
52537,211,420296
52538,211,420304
52539,211,420312
52540,211,420320
52541,211,420328
52542,211,420336
52543,211,420344
52544,211,420352
52545,211,420360
52546,211,420368
52547,211,420376
52548,211,420384
52549,211,420392
52550,211,420400
52551,211,420408
52552,211,420416
52553,211,420424
52554,211,420432
52555,211,420440
52556,211,420448
52557,211,420456
52558,211,420464
52559,211,420472
52560,211,420480
52561,211,420488
52562,211,420496
52563,211,420504
52564,211,420512
52565,212,420520
52566,212,420528
52567,212,420536
52568,212,420544
52569,212,420552
52570,212,420560
52571,212,420568
52572,212,420576
52573,212,420584
52574,212,420592
52575,212,420600
52576,212,420608
52577,212,420616
52578,212,420624
52579,212,420632
52580,212,420640
52581,212,420648
52582,212,420656
52583,212,420664
52584,212,420672
52585,212,420680
52586,212,420688
52587,212,420696
52588,212,420704
52589,212,420712
52590,212,420720
52591,212,420728
52592,212,420736
52593,212,420744
52594,212,420752
52595,212,420760
52596,212,420768
52597,212,420776
52598,212,420784
52599,212,420792
52600,212,420800
52601,212,420808
52602,212,420816
52603,212,420824
52604,212,420832
52605,212,420840
52606,212,420848
52607,212,420856
52608,212,420864
52609,212,420872
52610,212,420880
52611,212,420888
52612,212,420896
52613,212,420904
52614,212,420912
52615,212,420920
52616,212,420928
52617,212,420936
52618,212,420944
52619,212,420952
52620,212,420960
52621,212,420968
52622,213,420976
52623,213,420984
52624,213,420992
52625,213,421000
52626,213,421008
52627,213,421016
52628,213,421024
52629,213,421032
52630,213,421040
52631,213,421048
52632,213,421056
52633,213,421064
52634,213,421072
52635,213,421080
52636,213,421088
52637,213,421096
52638,213,421104
52639,213,421112
52640,213,421120
52641,213,421128
52642,213,421136
52643,213,421144
52644,213,421152
52645,213,421160
52646,213,421168
52647,213,421176
52648,213,421184
52649,213,421192
52650,213,421200
52651,213,421208
52652,213,421216
52653,213,421224
52654,213,421232
52655,213,421240
52656,213,421248
52657,213,421256
52658,213,421264
52659,213,421272
52660,213,421280
52661,213,421288
52662,213,421296
52663,213,421304
52664,213,421312
52665,213,421320
52666,213,421328
52667,213,421336
52668,213,421344
52669,214,421352
52670,214,421360
52671,214,421368
52672,214,421376
52673,214,421384
52674,214,421392
52675,214,421400
52676,214,421408
52677,214,421416
52678,214,421424
52679,214,421432
52680,214,421440
52681,214,421448
52682,214,421456
52683,214,421464
52684,214,421472
52685,214,421480
52686,214,421488
52687,214,421496
52688,214,421504
52689,214,421512
52690,214,421520
52691,214,421528
52692,214,421536
52693,214,421544
52694,214,421552
52695,214,421560
52696,214,421568
52697,214,421576
52698,214,421584
52699,214,421592
52700,214,421600
52701,214,421608
52702,214,421616
52703,214,421624
52704,214,421632
52705,214,421640
52706,214,421648
52707,214,421656
52708,214,421664
52709,215,421672
52710,215,421680
52711,215,421688
52712,215,421696
52713,215,421704
52714,215,421712
52715,215,421720
52716,215,421728
52717,215,421736
52718,215,421744
52719,215,421752
52720,215,421760
52721,215,421768
52722,215,421776
52723,215,421784
52724,215,421792
52725,215,421800
52726,215,421808
52727,215,421816
52728,215,421824
52729,215,421832
52730,215,421840
52731,215,421848
52732,215,421856
52733,215,421864
52734,215,421872
52735,215,421880
52736,215,421888
52737,215,421896
52738,215,421904
52739,215,421912
52740,215,421920
52741,215,421928
52742,215,421936
52743,215,421944
52744,215,421952
52745,215,421960
52746,215,421968
52747,215,421976
52748,215,421984
52749,215,421992
52750,215,422000
52751,215,422008
52752,215,422016
52753,215,422024
52754,215,422032
52755,215,422040
52756,215,422048
52757,215,422056
52758,215,422064
52759,215,422072
52760,216,422080
52761,216,422088
52762,216,422096
52763,216,422104
52764,216,422112
52765,216,422120
52766,216,422128
52767,216,422136
52768,216,422144
52769,216,422152
52770,216,422160
52771,216,422168
52772,216,422176
52773,216,422184
52774,216,422192
52775,216,422200
52776,216,422208
52777,216,422216
52778,216,422224
52779,216,422232
52780,216,422240
52781,216,422248
52782,216,422256
52783,216,422264
52784,216,422272
52785,216,422280
52786,216,422288
52787,216,422296
52788,216,422304
52789,216,422312
52790,216,422320
52791,216,422328
52792,217,422336
52793,217,422344
52794,217,422352
52795,217,422360
52796,217,422368
52797,217,422376
52798,217,422384
52799,217,422392
52800,217,422400
52801,217,422408
52802,217,422416
52803,217,422424
52804,217,422432
52805,217,422440
52806,217,422448
52807,217,422456
52808,217,422464
52809,217,422472
52810,217,422480
52811,217,422488
52812,217,422496
52813,217,422504
52814,217,422512
52815,217,422520
52816,217,422528
52817,217,422536
52818,217,422544
52819,217,422552
52820,217,422560
52821,217,422568
52822,217,422576
52823,217,422584
52824,217,422592
52825,217,422600
52826,217,422608
52827,217,422616
52828,217,422624
52829,217,422632
52830,217,422640
52831,217,422648
52832,217,422656
52833,217,422664
52834,217,422672
52835,218,422680
52836,218,422688
52837,218,422696
52838,218,422704
52839,218,422712
52840,218,422720
52841,218,422728
52842,218,422736
52843,218,422744
52844,218,422752
52845,218,422760
52846,218,422768
52847,218,422776
52848,218,422784
52849,218,422792
52850,218,422800
52851,218,422808
52852,218,422816
52853,218,422824
52854,218,422832
52855,218,422840
52856,218,422848
52857,218,422856
52858,218,422864
52859,218,422872
52860,218,422880
52861,218,422888
52862,218,422896
52863,218,422904
52864,218,422912
52865,218,422920
52866,218,422928
52867,218,422936
52868,218,422944
52869,218,422952
52870,218,422960
52871,218,422968
52872,218,422976
52873,218,422984
52874,218,422992
52875,218,423000
52876,218,423008
52877,218,423016
52878,218,423024
52879,218,423032
52880,218,423040
52881,218,423048
52882,218,423056
52883,218,423064
52884,218,423072
52885,218,423080
52886,218,423088
52887,218,423096
52888,218,423104
52889,218,423112
52890,219,423120
52891,219,423128
52892,219,423136
52893,219,423144
52894,219,423152
52895,219,423160
52896,219,423168
52897,219,423176
52898,219,423184
52899,219,423192
52900,219,423200
52901,219,423208
52902,219,423216
52903,219,423224
52904,219,423232
52905,219,423240
52906,219,423248
52907,219,423256
52908,219,423264
52909,219,423272
52910,219,423280
52911,219,423288
52912,219,423296
52913,219,423304
52914,219,423312
52915,219,423320
52916,219,423328
52917,219,423336
52918,219,423344
52919,219,423352
52920,219,423360
52921,219,423368
52922,219,423376
52923,219,423384
52924,219,423392
52925,219,423400
52926,219,423408
52927,219,423416
52928,219,423424
52929,219,423432
52930,219,423440
52931,219,423448
52932,219,423456
52933,219,423464
52934,219,423472
52935,219,423480
52936,219,423488
52937,219,423496
52938,219,423504
52939,219,423512
52940,219,423520
52941,219,423528
52942,219,423536
52943,219,423544
52944,219,423552
52945,220,423560
52946,220,423568
52947,220,423576
52948,220,423584
52949,220,423592
52950,220,423600
52951,220,423608
52952,220,423616
52953,220,423624
52954,220,423632
52955,220,423640
52956,220,423648
52957,220,423656
52958,220,423664
52959,220,423672
52960,220,423680
52961,220,423688
52962,220,423696
52963,220,423704
52964,220,423712
52965,220,423720
52966,220,423728
52967,220,423736
52968,220,423744
52969,220,423752
52970,220,423760
52971,220,423768
52972,220,423776
52973,220,423784
52974,220,423792
52975,220,423800
52976,220,423808
52977,220,423816
52978,220,423824
52979,220,423832
52980,220,423840
52981,220,423848
52982,220,423856
52983,220,423864
52984,221,423872
52985,221,423880
52986,221,423888
52987,221,423896
52988,221,423904
52989,221,423912
52990,221,423920
52991,221,423928
52992,221,423936
52993,221,423944
52994,221,423952
52995,221,423960
52996,221,423968
52997,221,423976
52998,221,423984
52999,221,423992
53000,221,424000
53001,221,424008
53002,221,424016
53003,221,424024
53004,221,424032
53005,221,424040
53006,221,424048
53007,221,424056
53008,221,424064
53009,221,424072
53010,221,424080
53011,221,424088
53012,221,424096
53013,221,424104
53014,221,424112
53015,221,424120
53016,221,424128
53017,221,424136
53018,221,424144
53019,222,424152
53020,222,424160
53021,222,424168
53022,222,424176
53023,222,424184
53024,222,424192
53025,222,424200
53026,222,424208
53027,222,424216
53028,222,424224
53029,222,424232
53030,222,424240
53031,222,424248
53032,222,424256
53033,222,424264
53034,222,424272
53035,222,424280
53036,222,424288
53037,222,424296
53038,222,424304
53039,222,424312
53040,222,424320
53041,222,424328
53042,222,424336
53043,222,424344
53044,222,424352
53045,222,424360
53046,222,424368
53047,222,424376
53048,222,424384
53049,222,424392
53050,222,424400
53051,222,424408
53052,222,424416
53053,222,424424
53054,222,424432
53055,222,424440
53056,222,424448
53057,222,424456
53058,222,424464
53059,222,424472
53060,223,424480
53061,223,424488
53062,223,424496
53063,223,424504
53064,223,424512
53065,223,424520
53066,223,424528
53067,223,424536
53068,223,424544
53069,223,424552
53070,223,424560
53071,223,424568
53072,223,424576
53073,223,424584
53074,223,424592
53075,223,424600
53076,223,424608
53077,223,424616
53078,223,424624
53079,223,424632
53080,223,424640
53081,223,424648
53082,223,424656
53083,223,424664
53084,223,424672
53085,223,424680
53086,223,424688
53087,223,424696
53088,223,424704
53089,223,424712
53090,223,424720
53091,223,424728
53092,223,424736
53093,223,424744
53094,223,424752
53095,223,424760
53096,223,424768
53097,223,424776
53098,223,424784
53099,223,424792
53100,224,424800
53101,224,424808
53102,224,424816
53103,224,424824
53104,224,424832
53105,224,424840
53106,224,424848
53107,224,424856
53108,224,424864
53109,224,424872
53110,224,424880
53111,224,424888
53112,224,424896
53113,224,424904
53114,224,424912
53115,224,424920
53116,224,424928
53117,224,424936
53118,224,424944
53119,224,424952
53120,224,424960
53121,224,424968
53122,224,424976
53123,224,424984
53124,224,424992
53125,224,425000
53126,224,425008
53127,224,425016
53128,224,425024
53129,224,425032
53130,224,425040
53131,224,425048
53132,224,425056
53133,224,425064
53134,224,425072
53135,224,425080
53136,224,425088
53137,224,425096
53138,224,425104
53139,224,425112
53140,224,425120
53141,224,425128
53142,224,425136
53143,224,425144
53144,224,425152
53145,224,425160
53146,224,425168
53147,224,425176
53148,224,425184
53149,224,425192
53150,224,425200
53151,225,425208
53152,225,425216
53153,225,425224
53154,225,425232
53155,225,425240
53156,225,425248
53157,225,425256
53158,225,425264
53159,225,425272
53160,225,425280
53161,225,425288
53162,225,425296
53163,225,425304
53164,225,425312
53165,225,425320
53166,225,425328
53167,225,425336
53168,225,425344
53169,225,425352
53170,225,425360
53171,225,425368
53172,225,425376
53173,225,425384
53174,225,425392
53175,225,425400
53176,225,425408
53177,225,425416
53178,225,425424
53179,225,425432
53180,225,425440
53181,225,425448
53182,225,425456
53183,225,425464
53184,225,425472
53185,225,425480
53186,225,425488
53187,225,425496
53188,225,425504
53189,225,425512
53190,225,425520
53191,225,425528
53192,225,425536
53193,225,425544
53194,225,425552
53195,225,425560
53196,225,425568
53197,225,425576
53198,225,425584
53199,225,425592
53200,225,425600
53201,225,425608
53202,225,425616
53203,225,425624
53204,225,425632
53205,225,425640
53206,225,425648
53207,225,425656
53208,225,425664
53209,226,425672
53210,226,425680
53211,226,425688
53212,226,425696
53213,226,425704
53214,226,425712
53215,226,425720
53216,226,425728
53217,226,425736
53218,226,425744
53219,226,425752
53220,226,425760
53221,226,425768
53222,226,425776
53223,226,425784
53224,226,425792
53225,226,425800
53226,226,425808
53227,226,425816
53228,226,425824
53229,226,425832
53230,226,425840
53231,226,425848
53232,226,425856
53233,226,425864
53234,226,425872
53235,226,425880
53236,226,425888
53237,226,425896
53238,226,425904
53239,226,425912
53240,226,425920
53241,226,425928
53242,226,425936
53243,226,425944
53244,226,425952
53245,226,425960
53246,226,425968
53247,226,425976
53248,226,425984
53249,226,425992
53250,227,426000
53251,227,426008
53252,227,426016
53253,227,426024
53254,227,426032
53255,227,426040
53256,227,426048
53257,227,426056
53258,227,426064
53259,227,426072
53260,227,426080
53261,227,426088
53262,227,426096
53263,227,426104
53264,227,426112
53265,227,426120
53266,227,426128
53267,227,426136
53268,227,426144
53269,227,426152
53270,227,426160
53271,227,426168
53272,227,426176
53273,227,426184
53274,227,426192
53275,227,426200
53276,227,426208
53277,227,426216
53278,227,426224
53279,227,426232
53280,227,426240
53281,227,426248
53282,227,426256
53283,227,426264
53284,227,426272
53285,227,426280
53286,227,426288
53287,227,426296
53288,227,426304
53289,227,426312
53290,227,426320
53291,227,426328
53292,227,426336
53293,227,426344
53294,227,426352
53295,228,426360
53296,228,426368
53297,228,426376
53298,228,426384
53299,228,426392
53300,228,426400
53301,228,426408
53302,228,426416
53303,228,426424
53304,228,426432
53305,228,426440
53306,228,426448
53307,228,426456
53308,228,426464
53309,228,426472
53310,228,426480
53311,228,426488
53312,228,426496
53313,228,426504
53314,228,426512
53315,228,426520
53316,228,426528
53317,228,426536
53318,228,426544
53319,228,426552
53320,228,426560
53321,228,426568
53322,228,426576
53323,228,426584
53324,228,426592
53325,228,426600
53326,228,426608
53327,228,426616
53328,228,426624
53329,228,426632
53330,228,426640
53331,228,426648
53332,228,426656
53333,228,426664
53334,228,426672
53335,228,426680
53336,228,426688
53337,228,426696
53338,228,426704
53339,228,426712
53340,228,426720
53341,228,426728
53342,228,426736
53343,228,426744
53344,228,426752
53345,228,426760
53346,228,426768
53347,228,426776
53348,229,426784
53349,229,426792
53350,229,426800
53351,229,426808
53352,229,426816
53353,229,426824
53354,229,426832
53355,229,426840
53356,229,426848
53357,229,426856
53358,229,426864
53359,229,426872
53360,229,426880
53361,229,426888
53362,229,426896
53363,229,426904
53364,229,426912
53365,229,426920
53366,229,426928
53367,229,426936
53368,229,426944
53369,229,426952
53370,229,426960
53371,229,426968
53372,229,426976
53373,229,426984
53374,229,426992
53375,229,427000
53376,229,427008
53377,229,427016
53378,229,427024
53379,229,427032
53380,229,427040
53381,229,427048
53382,229,427056
53383,229,427064
53384,229,427072
53385,229,427080
53386,229,427088
53387,229,427096
53388,229,427104
53389,230,427112
53390,230,427120
53391,230,427128
53392,230,427136
53393,230,427144
53394,230,427152
53395,230,427160
53396,230,427168
53397,230,427176
53398,230,427184
53399,230,427192
53400,230,427200
53401,230,427208
53402,230,427216
53403,230,427224
53404,230,427232
53405,230,427240
53406,230,427248
53407,230,427256
53408,230,427264
53409,230,427272
53410,230,427280
53411,230,427288
53412,230,427296
53413,230,427304
53414,230,427312
53415,230,427320
53416,230,427328
53417,230,427336
53418,230,427344
53419,230,427352
53420,230,427360
53421,230,427368
53422,230,427376
53423,230,427384
53424,230,427392
53425,230,427400
53426,230,427408
53427,230,427416
53428,230,427424
53429,230,427432
53430,230,427440
53431,230,427448
53432,230,427456
53433,230,427464
53434,230,427472
53435,230,427480
53436,230,427488
53437,230,427496
53438,230,427504
53439,230,427512
53440,231,427520
53441,231,427528
53442,231,427536
53443,231,427544
53444,231,427552
53445,231,427560
53446,231,427568
53447,231,427576
53448,231,427584
53449,231,427592
53450,231,427600
53451,231,427608
53452,231,427616
53453,231,427624
53454,231,427632
53455,231,427640
53456,231,427648
53457,231,427656
53458,231,427664
53459,231,427672
53460,231,427680
53461,231,427688
53462,231,427696
53463,231,427704
53464,231,427712
53465,231,427720
53466,231,427728
53467,231,427736
53468,231,427744
53469,231,427752
53470,231,427760
53471,231,427768
53472,231,427776
53473,231,427784
53474,231,427792
53475,231,427800
53476,231,427808
53477,231,427816
53478,231,427824
53479,231,427832
53480,231,427840
53481,231,427848
53482,231,427856
53483,231,427864
53484,231,427872
53485,231,427880
53486,231,427888
53487,231,427896
53488,231,427904
53489,231,427912
53490,232,427920
53491,232,427928
53492,232,427936
53493,232,427944
53494,232,427952
53495,232,427960
53496,232,427968
53497,232,427976
53498,232,427984
53499,232,427992
53500,232,428000
53501,232,428008
53502,232,428016
53503,232,428024
53504,232,428032
53505,232,428040
53506,232,428048
53507,232,428056
53508,232,428064
53509,232,428072
53510,232,428080
53511,232,428088
53512,232,428096
53513,232,428104
53514,232,428112
53515,232,428120
53516,232,428128
53517,232,428136
53518,232,428144
53519,232,428152
53520,232,428160
53521,232,428168
53522,232,428176
53523,232,428184
53524,232,428192
53525,232,428200
53526,232,428208
53527,232,428216
53528,232,428224
53529,232,428232
53530,232,428240
53531,232,428248
53532,232,428256
53533,232,428264
53534,233,428272
53535,233,428280
53536,233,428288
53537,233,428296
53538,233,428304
53539,233,428312
53540,233,428320
53541,233,428328
53542,233,428336
53543,233,428344
53544,233,428352
53545,233,428360
53546,233,428368
53547,233,428376
53548,233,428384
53549,233,428392
53550,233,428400
53551,233,428408
53552,233,428416
53553,233,428424
53554,233,428432
53555,233,428440
53556,233,428448
53557,233,428456
53558,233,428464
53559,233,428472
53560,233,428480
53561,233,428488
53562,233,428496
53563,233,428504
53564,233,428512
53565,233,428520
53566,233,428528
53567,233,428536
53568,233,428544
53569,233,428552
53570,233,428560
53571,234,428568
53572,234,428576
53573,234,428584
53574,234,428592
53575,234,428600
53576,234,428608
53577,234,428616
53578,234,428624
53579,234,428632
53580,234,428640
53581,234,428648
53582,234,428656
53583,234,428664
53584,234,428672
53585,234,428680
53586,234,428688
53587,234,428696
53588,234,428704
53589,234,428712
53590,234,428720
53591,234,428728
53592,234,428736
53593,234,428744
53594,234,428752
53595,234,428760
53596,234,428768
53597,234,428776
53598,234,428784
53599,234,428792
53600,234,428800
53601,234,428808
53602,234,428816
53603,234,428824
53604,234,428832
53605,234,428840
53606,234,428848
53607,234,428856
53608,234,428864
53609,234,428872
53610,234,428880
53611,234,428888
53612,234,428896
53613,234,428904
53614,234,428912
53615,234,428920
53616,234,428928
53617,234,428936
53618,234,428944
53619,234,428952
53620,234,428960
53621,234,428968
53622,235,428976
53623,235,428984
53624,235,428992
53625,235,429000
53626,235,429008
53627,235,429016
53628,235,429024
53629,235,429032
53630,235,429040
53631,235,429048
53632,235,429056
53633,235,429064
53634,235,429072
53635,235,429080
53636,235,429088
53637,235,429096
53638,235,429104
53639,235,429112
53640,235,429120
53641,235,429128
53642,235,429136
53643,235,429144
53644,235,429152
53645,235,429160
53646,235,429168
53647,235,429176
53648,235,429184
53649,235,429192
53650,235,429200
53651,235,429208
53652,235,429216
53653,235,429224
53654,235,429232
53655,235,429240
53656,235,429248
53657,235,429256
53658,235,429264
53659,235,429272
53660,235,429280
53661,235,429288
53662,235,429296
53663,235,429304
53664,236,429312
53665,236,429320
53666,236,429328
53667,236,429336
53668,236,429344
53669,236,429352
53670,236,429360
53671,236,429368
53672,236,429376
53673,236,429384
53674,236,429392
53675,236,429400
53676,236,429408
53677,236,429416
53678,236,429424
53679,236,429432
53680,236,429440
53681,236,429448
53682,236,429456
53683,236,429464
53684,236,429472
53685,236,429480
53686,236,429488
53687,236,429496
53688,236,429504
53689,236,429512
53690,236,429520
53691,236,429528
53692,236,429536
53693,236,429544
53694,236,429552
53695,236,429560
53696,236,429568
53697,236,429576
53698,236,429584
53699,236,429592
53700,236,429600
53701,236,429608
53702,236,429616
53703,236,429624
53704,236,429632
53705,236,429640
53706,236,429648
53707,236,429656
53708,236,429664
53709,236,429672
53710,237,429680
53711,237,429688
53712,237,429696
53713,237,429704
53714,237,429712
53715,237,429720
53716,237,429728
53717,237,429736
53718,237,429744
53719,237,429752
53720,237,429760
53721,237,429768
53722,237,429776
53723,237,429784
53724,237,429792
53725,237,429800
53726,237,429808
53727,237,429816
53728,237,429824
53729,237,429832
53730,237,429840
53731,237,429848
53732,237,429856
53733,237,429864
53734,237,429872
53735,237,429880
53736,237,429888
53737,237,429896
53738,237,429904
53739,237,429912
53740,237,429920
53741,237,429928
53742,237,429936
53743,237,429944
53744,237,429952
53745,237,429960
53746,237,429968
53747,237,429976
53748,237,429984
53749,237,429992
53750,237,430000
53751,237,430008
53752,238,430016
53753,238,430024
53754,238,430032
53755,238,430040
53756,238,430048
53757,238,430056
53758,238,430064
53759,238,430072
53760,238,430080
53761,238,430088
53762,238,430096
53763,238,430104
53764,238,430112
53765,238,430120
53766,238,430128
53767,238,430136
53768,238,430144
53769,238,430152
53770,238,430160
53771,238,430168
53772,238,430176
53773,238,430184
53774,238,430192
53775,238,430200
53776,238,430208
53777,238,430216
53778,238,430224
53779,238,430232
53780,238,430240
53781,238,430248
53782,238,430256
53783,238,430264
53784,238,430272
53785,238,430280
53786,238,430288
53787,238,430296
53788,238,430304
53789,238,430312
53790,238,430320
53791,238,430328
53792,238,430336
53793,239,430344
53794,239,430352
53795,239,430360
53796,239,430368
53797,239,430376
53798,239,430384
53799,239,430392
53800,239,430400
53801,239,430408
53802,239,430416
53803,239,430424
53804,239,430432
53805,239,430440
53806,239,430448
53807,239,430456
53808,239,430464
53809,239,430472
53810,239,430480
53811,239,430488
53812,239,430496
53813,239,430504
53814,239,430512
53815,239,430520
53816,239,430528
53817,239,430536
53818,239,430544
53819,239,430552
53820,239,430560
53821,239,430568
53822,239,430576
53823,239,430584
53824,239,430592
53825,239,430600
53826,239,430608
53827,239,430616
53828,239,430624
53829,239,430632
53830,239,430640
53831,239,430648
53832,239,430656
53833,239,430664
53834,239,430672
53835,239,430680
53836,240,430688
53837,240,430696
53838,240,430704
53839,240,430712
53840,240,430720
53841,240,430728
53842,240,430736
53843,240,430744
53844,240,430752
53845,240,430760
53846,240,430768
53847,240,430776
53848,240,430784
53849,240,430792
53850,240,430800
53851,240,430808
53852,240,430816
53853,240,430824
53854,240,430832
53855,240,430840
53856,240,430848
53857,240,430856
53858,240,430864
53859,240,430872
53860,240,430880
53861,240,430888
53862,240,430896
53863,240,430904
53864,240,430912
53865,240,430920
53866,240,430928
53867,240,430936
53868,240,430944
53869,240,430952
53870,240,430960
53871,240,430968
53872,240,430976
53873,241,430984
53874,241,430992
53875,241,431000
53876,241,431008
53877,241,431016
53878,241,431024
53879,241,431032
53880,241,431040
53881,241,431048
53882,241,431056
53883,241,431064
53884,241,431072
53885,241,431080
53886,241,431088
53887,241,431096
53888,241,431104
53889,241,431112
53890,241,431120
53891,241,431128
53892,241,431136
53893,241,431144
53894,241,431152
53895,241,431160
53896,241,431168
53897,241,431176
53898,241,431184
53899,241,431192
53900,241,431200
53901,241,431208
53902,241,431216
53903,241,431224
53904,241,431232
53905,241,431240
53906,241,431248
53907,241,431256
53908,241,431264
53909,241,431272
53910,241,431280
53911,241,431288
53912,242,431296
53913,242,431304
53914,242,431312
53915,242,431320
53916,242,431328
53917,242,431336
53918,242,431344
53919,242,431352
53920,242,431360
53921,242,431368
53922,242,431376
53923,242,431384
53924,242,431392
53925,242,431400
53926,242,431408
53927,242,431416
53928,242,431424
53929,242,431432
53930,242,431440
53931,242,431448
53932,242,431456
53933,242,431464
53934,242,431472
53935,242,431480
53936,242,431488
53937,242,431496
53938,242,431504
53939,242,431512
53940,242,431520
53941,242,431528
53942,242,431536
53943,242,431544
53944,242,431552
53945,242,431560
53946,243,431568
53947,243,431576
53948,243,431584
53949,243,431592
53950,243,431600
53951,243,431608
53952,243,431616
53953,243,431624
53954,243,431632
53955,243,431640
53956,243,431648
53957,243,431656
53958,243,431664
53959,243,431672
53960,243,431680
53961,243,431688
53962,243,431696
53963,243,431704
53964,243,431712
53965,243,431720
53966,243,431728
53967,243,431736
53968,243,431744
53969,243,431752
53970,243,431760
53971,243,431768
53972,243,431776
53973,243,431784
53974,243,431792
53975,243,431800
53976,243,431808
53977,243,431816
53978,243,431824
53979,243,431832
53980,243,431840
53981,243,431848
53982,243,431856
53983,243,431864
53984,243,431872
53985,243,431880
53986,243,431888
53987,243,431896
53988,243,431904
53989,244,431912
53990,244,431920
53991,244,431928
53992,244,431936
53993,244,431944
53994,244,431952
53995,244,431960
53996,244,431968
53997,244,431976
53998,244,431984
53999,244,431992
54000,244,432000
54001,244,432008
54002,244,432016
54003,244,432024
54004,244,432032
54005,244,432040
54006,244,432048
54007,244,432056
54008,244,432064
54009,244,432072
54010,244,432080
54011,244,432088
54012,244,432096
54013,244,432104
54014,244,432112
54015,244,432120
54016,244,432128
54017,244,432136
54018,244,432144
54019,244,432152
54020,244,432160
54021,244,432168
54022,244,432176
54023,244,432184
54024,244,432192
54025,244,432200
54026,244,432208
54027,244,432216
54028,244,432224
54029,244,432232
54030,244,432240
54031,245,432248
54032,245,432256
54033,245,432264
54034,245,432272
54035,245,432280
54036,245,432288
54037,245,432296
54038,245,432304
54039,245,432312
54040,245,432320
54041,245,432328
54042,245,432336
54043,245,432344
54044,245,432352
54045,245,432360
54046,245,432368
54047,245,432376
54048,245,432384
54049,245,432392
54050,245,432400
54051,245,432408
54052,245,432416
54053,245,432424
54054,245,432432
54055,245,432440
54056,245,432448
54057,245,432456
54058,245,432464
54059,245,432472
54060,245,432480
54061,245,432488
54062,245,432496
54063,245,432504
54064,245,432512
54065,245,432520
54066,245,432528
54067,245,432536
54068,245,432544
54069,245,432552
54070,245,432560
54071,245,432568
54072,245,432576
54073,245,432584
54074,245,432592
54075,245,432600
54076,245,432608
54077,245,432616
54078,245,432624
54079,245,432632
54080,245,432640
54081,245,432648
54082,246,432656
54083,246,432664
54084,246,432672
54085,246,432680
54086,246,432688
54087,246,432696
54088,246,432704
54089,246,432712
54090,246,432720
54091,246,432728
54092,246,432736
54093,246,432744
54094,246,432752
54095,246,432760
54096,246,432768
54097,246,432776
54098,246,432784
54099,246,432792
54100,246,432800
54101,246,432808
54102,246,432816
54103,246,432824
54104,246,432832
54105,246,432840
54106,246,432848
54107,246,432856
54108,246,432864
54109,246,432872
54110,246,432880
54111,246,432888
54112,246,432896
54113,246,432904
54114,246,432912
54115,246,432920
54116,246,432928
54117,246,432936
54118,246,432944
54119,246,432952
54120,246,432960
54121,246,432968
54122,246,432976
54123,246,432984
54124,246,432992
54125,246,433000
54126,247,433008
54127,247,433016
54128,247,433024
54129,247,433032
54130,247,433040
54131,247,433048
54132,247,433056
54133,247,433064
54134,247,433072
54135,247,433080
54136,247,433088
54137,247,433096
54138,247,433104
54139,247,433112
54140,247,433120
54141,247,433128
54142,247,433136
54143,247,433144
54144,247,433152
54145,247,433160
54146,247,433168
54147,247,433176
54148,247,433184
54149,247,433192
54150,247,433200
54151,247,433208
54152,247,433216
54153,247,433224
54154,247,433232
54155,247,433240
54156,247,433248
54157,247,433256
54158,247,433264
54159,247,433272
54160,247,433280
54161,247,433288
54162,247,433296
54163,247,433304
54164,247,433312
54165,247,433320
54166,247,433328
54167,247,433336
54168,247,433344
54169,247,433352
54170,247,433360
54171,247,433368
54172,247,433376
54173,247,433384
54174,247,433392
54175,247,433400
54176,247,433408
54177,247,433416
54178,247,433424
54179,247,433432
54180,247,433440
54181,247,433448
54182,248,433456
54183,248,433464
54184,248,433472
54185,248,433480
54186,248,433488
54187,248,433496
54188,248,433504
54189,248,433512
54190,248,433520
54191,248,433528
54192,248,433536
54193,248,433544
54194,248,433552
54195,248,433560
54196,248,433568
54197,248,433576
54198,248,433584
54199,248,433592
54200,248,433600
54201,248,433608
54202,248,433616
54203,248,433624
54204,248,433632
54205,248,433640
54206,248,433648
54207,248,433656
54208,248,433664
54209,248,433672
54210,248,433680
54211,248,433688
54212,248,433696
54213,249,433704
54214,249,433712
54215,249,433720
54216,249,433728
54217,249,433736
54218,249,433744
54219,249,433752
54220,249,433760
54221,249,433768
54222,249,433776
54223,249,433784
54224,249,433792
54225,249,433800
54226,249,433808
54227,249,433816
54228,249,433824
54229,249,433832
54230,249,433840
54231,249,433848
54232,249,433856
54233,249,433864
54234,249,433872
54235,249,433880
54236,249,433888
54237,249,433896
54238,249,433904
54239,249,433912
54240,249,433920
54241,249,433928
54242,249,433936
54243,249,433944
54244,249,433952
54245,249,433960
54246,249,433968
54247,249,433976
54248,249,433984
54249,250,433992
54250,250,434000
54251,250,434008
54252,250,434016
54253,250,434024
54254,250,434032
54255,250,434040
54256,250,434048
54257,250,434056
54258,250,434064
54259,250,434072
54260,250,434080
54261,250,434088
54262,250,434096
54263,250,434104
54264,250,434112
54265,250,434120
54266,250,434128
54267,250,434136
54268,250,434144
54269,250,434152
54270,250,434160
54271,250,434168
54272,250,434176
54273,250,434184
54274,250,434192
54275,250,434200
54276,250,434208
54277,250,434216
54278,250,434224
54279,250,434232
54280,250,434240
54281,250,434248
54282,250,434256
54283,250,434264
54284,251,434272
54285,251,434280
54286,251,434288
54287,251,434296
54288,251,434304
54289,251,434312
54290,251,434320
54291,251,434328
54292,251,434336
54293,251,434344
54294,251,434352
54295,251,434360
54296,251,434368
54297,251,434376
54298,251,434384
54299,251,434392
54300,251,434400
54301,251,434408
54302,251,434416
54303,251,434424
54304,251,434432
54305,251,434440
54306,251,434448
54307,251,434456
54308,251,434464
54309,251,434472
54310,251,434480
54311,251,434488
54312,251,434496
54313,251,434504
54314,251,434512
54315,251,434520
54316,251,434528
54317,251,434536
54318,251,434544
54319,252,434552
54320,252,434560
54321,252,434568
54322,252,434576
54323,252,434584
54324,252,434592
54325,252,434600
54326,252,434608
54327,252,434616
54328,252,434624
54329,252,434632
54330,252,434640
54331,252,434648
54332,252,434656
54333,252,434664
54334,252,434672
54335,252,434680
54336,252,434688
54337,252,434696
54338,252,434704
54339,252,434712
54340,252,434720
54341,252,434728
54342,252,434736
54343,252,434744
54344,252,434752
54345,252,434760
54346,252,434768
54347,252,434776
54348,252,434784
54349,252,434792
54350,252,434800
54351,252,434808
54352,252,434816
54353,252,434824
54354,252,434832
54355,252,434840
54356,252,434848
54357,252,434856
54358,252,434864
54359,252,434872
54360,253,434880
54361,253,434888
54362,253,434896
54363,253,434904
54364,253,434912
54365,253,434920
54366,253,434928
54367,253,434936
54368,253,434944
54369,253,434952
54370,253,434960
54371,253,434968
54372,253,434976
54373,253,434984
54374,253,434992
54375,253,435000
54376,253,435008
54377,253,435016
54378,253,435024
54379,253,435032
54380,253,435040
54381,253,435048
54382,253,435056
54383,253,435064
54384,253,435072
54385,253,435080
54386,253,435088
54387,253,435096
54388,253,435104
54389,253,435112
54390,253,435120
54391,253,435128
54392,254,435136
54393,254,435144
54394,254,435152
54395,254,435160
54396,254,435168
54397,254,435176
54398,254,435184
54399,254,435192
54400,254,435200
54401,254,435208
54402,254,435216
54403,254,435224
54404,254,435232
54405,254,435240
54406,254,435248
54407,254,435256
54408,254,435264
54409,254,435272
54410,254,435280
54411,254,435288
54412,254,435296
54413,254,435304
54414,254,435312
54415,254,435320
54416,254,435328
54417,254,435336
54418,254,435344
54419,254,435352
54420,254,435360
54421,254,435368
54422,254,435376
54423,254,435384
54424,254,435392
54425,254,435400
54426,254,435408
54427,254,435416
54428,254,435424
54429,254,435432
54430,254,435440
54431,254,435448
54432,254,435456
54433,255,435464
54434,255,435472
54435,255,435480
54436,255,435488
54437,255,435496
54438,255,435504
54439,255,435512
54440,255,435520
54441,255,435528
54442,255,435536
54443,255,435544
54444,255,435552
54445,255,435560
54446,255,435568
54447,255,435576
54448,255,435584
54449,255,435592
54450,255,435600
54451,255,435608
54452,255,435616
54453,255,435624
54454,255,435632
54455,255,435640
54456,255,435648
54457,255,435656
54458,255,435664
54459,255,435672
54460,255,435680
54461,255,435688
54462,255,435696
54463,255,435704
54464,255,435712
54465,255,435720
54466,255,435728
54467,255,435736
54468,255,435744
54469,255,435752
54470,256,490230
54471,256,490239
54472,256,490248
54473,256,490257
54474,256,490266
54475,256,490275
54476,256,490284
54477,256,490293
54478,256,490302
54479,256,490311
54480,256,490320
54481,256,490329
54482,256,490338
54483,256,490347
54484,256,490356
54485,256,490365
54486,256,490374
54487,256,490383
54488,256,490392
54489,256,490401
54490,256,490410
54491,256,490419
54492,256,490428
54493,256,490437
54494,256,490446
54495,256,490455
54496,256,490464
54497,256,490473
54498,256,490482
54499,256,490491
54500,256,490500
54501,256,490509
54502,256,490518
54503,256,490527
54504,256,490536
54505,256,490545
54506,256,490554
54507,256,490563
54508,256,490572
54509,256,490581
54510,256,490590
54511,256,490599
54512,256,490608
54513,256,490617
54514,256,490626
54515,256,490635
54516,256,490644
54517,257,490653
54518,257,490662
54519,257,490671
54520,257,490680
54521,257,490689
54522,257,490698
54523,257,490707
54524,257,490716
54525,257,490725
54526,257,490734
54527,257,490743
54528,257,490752
54529,257,490761
54530,257,490770
54531,257,490779
54532,257,490788
54533,257,490797
54534,257,490806
54535,257,490815
54536,257,490824
54537,257,490833
54538,257,490842
54539,257,490851
54540,257,490860
54541,257,490869
54542,257,490878
54543,257,490887
54544,257,490896
54545,257,490905
54546,257,490914
54547,257,490923
54548,257,490932
54549,257,490941
54550,257,490950
54551,257,490959
54552,257,490968
54553,258,490977
54554,258,490986
54555,258,490995
54556,258,491004
54557,258,491013
54558,258,491022
54559,258,491031
54560,258,491040
54561,258,491049
54562,258,491058
54563,258,491067
54564,258,491076
54565,258,491085
54566,258,491094
54567,258,491103
54568,258,491112
54569,258,491121
54570,258,491130
54571,258,491139
54572,258,491148
54573,258,491157
54574,258,491166
54575,258,491175
54576,258,491184
54577,258,491193
54578,258,491202
54579,258,491211
54580,258,491220
54581,258,491229
54582,258,491238
54583,258,491247
54584,258,491256
54585,258,491265
54586,258,491274
54587,258,491283
54588,258,491292
54589,258,491301
54590,258,491310
54591,258,491319
54592,258,491328
54593,258,491337
54594,259,491346
54595,259,491355
54596,259,491364
54597,259,491373
54598,259,491382
54599,259,491391
54600,259,491400
54601,259,491409
54602,259,491418
54603,259,491427
54604,259,491436
54605,259,491445
54606,259,491454
54607,259,491463
54608,259,491472
54609,259,491481
54610,259,491490
54611,259,491499
54612,259,491508
54613,259,491517
54614,259,491526
54615,259,491535
54616,259,491544
54617,259,491553
54618,259,491562
54619,259,491571
54620,259,491580
54621,259,491589
54622,259,491598
54623,259,491607
54624,259,491616
54625,259,491625
54626,259,491634
54627,259,491643
54628,259,491652
54629,259,491661
54630,259,491670
54631,259,491679
54632,259,491688
54633,259,491697
54634,259,491706
54635,259,491715
54636,259,491724
54637,259,491733
54638,259,491742
54639,259,491751
54640,259,491760
54641,259,491769
54642,259,491778
54643,259,491787
54644,260,491796
54645,260,491805
54646,260,491814
54647,260,491823
54648,260,491832
54649,260,491841
54650,260,491850
54651,260,491859
54652,260,491868
54653,260,491877
54654,260,491886
54655,260,491895
54656,260,491904
54657,260,491913
54658,260,491922
54659,260,491931
54660,260,491940
54661,260,491949
54662,260,491958
54663,260,491967
54664,260,491976
54665,260,491985
54666,260,491994
54667,260,492003
54668,260,492012
54669,260,492021
54670,260,492030
54671,260,492039
54672,260,492048
54673,260,492057
54674,260,492066
54675,260,492075
54676,260,492084
54677,260,492093
54678,260,492102
54679,260,492111
54680,260,492120
54681,261,492129
54682,261,492138
54683,261,492147
54684,261,492156
54685,261,492165
54686,261,492174
54687,261,492183
54688,261,492192
54689,261,492201
54690,261,492210
54691,261,492219
54692,261,492228
54693,261,492237
54694,261,492246
54695,261,492255
54696,261,492264
54697,261,492273
54698,261,492282
54699,261,492291
54700,261,492300
54701,261,492309
54702,261,492318
54703,261,492327
54704,261,492336
54705,261,492345
54706,261,492354
54707,261,492363
54708,261,492372
54709,261,492381
54710,261,492390
54711,261,492399
54712,261,492408
54713,261,492417
54714,261,492426
54715,261,492435
54716,261,492444
54717,261,492453
54718,261,492462
54719,261,492471
54720,261,492480
54721,261,492489
54722,261,492498
54723,261,492507
54724,261,492516
54725,261,492525
54726,261,492534
54727,261,492543
54728,261,492552
54729,262,492561
54730,262,492570
54731,262,492579
54732,262,492588
54733,262,492597
54734,262,492606
54735,262,492615
54736,262,492624
54737,262,492633
54738,262,492642
54739,262,492651
54740,262,492660
54741,262,492669
54742,262,492678
54743,262,492687
54744,262,492696
54745,262,492705
54746,262,492714
54747,262,492723
54748,262,492732
54749,262,492741
54750,262,492750
54751,262,492759
54752,262,492768
54753,262,492777
54754,262,492786
54755,262,492795
54756,262,492804
54757,262,492813
54758,262,492822
54759,262,492831
54760,262,492840
54761,262,492849
54762,262,492858
54763,262,492867
54764,262,492876
54765,262,492885
54766,262,492894
54767,263,492903
54768,263,492912
54769,263,492921
54770,263,492930
54771,263,492939
54772,263,492948
54773,263,492957
54774,263,492966
54775,263,492975
54776,263,492984
54777,263,492993
54778,263,493002
54779,263,493011
54780,263,493020
54781,263,493029
54782,263,493038
54783,263,493047
54784,263,493056
54785,263,493065
54786,263,493074
54787,263,493083
54788,263,493092
54789,264,493101
54790,264,493110
54791,264,493119
54792,264,493128
54793,264,493137
54794,264,493146
54795,264,493155
54796,264,493164
54797,264,493173
54798,264,493182
54799,264,493191
54800,264,493200
54801,264,493209
54802,264,493218
54803,264,493227
54804,264,493236
54805,264,493245
54806,264,493254
54807,264,493263
54808,264,493272
54809,264,493281
54810,264,493290
54811,264,493299
54812,264,493308
54813,264,493317
54814,264,493326
54815,264,493335
54816,264,493344
54817,264,493353
54818,265,493362
54819,265,493371
54820,265,493380
54821,265,493389
54822,265,493398
54823,265,493407
54824,265,493416
54825,265,493425
54826,265,493434
54827,265,493443
54828,265,493452
54829,265,493461
54830,265,493470
54831,265,493479
54832,265,493488
54833,265,493497
54834,265,493506
54835,265,493515
54836,265,493524
54837,265,493533
54838,265,493542
54839,265,493551
54840,265,493560
54841,265,493569
54842,265,493578
54843,265,493587
54844,265,493596
54845,265,493605
54846,265,493614
54847,265,493623
54848,265,493632
54849,265,493641
54850,265,493650
54851,265,493659
54852,265,493668
54853,265,493677
54854,265,493686
54855,266,493695
54856,266,493704
54857,266,493713
54858,266,493722
54859,266,493731
54860,266,493740
54861,266,493749
54862,266,493758
54863,266,493767
54864,266,493776
54865,266,493785
54866,266,493794
54867,266,493803
54868,266,493812
54869,266,493821
54870,266,493830
54871,266,493839
54872,266,493848
54873,266,493857
54874,266,493866
54875,266,493875
54876,266,493884
54877,266,493893
54878,266,493902
54879,266,493911
54880,266,493920
54881,266,493929
54882,266,493938
54883,266,493947
54884,266,493956
54885,266,493965
54886,266,493974
54887,267,493983
54888,267,493992
54889,267,494001
54890,267,494010
54891,267,494019
54892,267,494028
54893,267,494037
54894,267,494046
54895,267,494055
54896,267,494064
54897,267,494073
54898,267,494082
54899,267,494091
54900,267,494100
54901,267,494109
54902,267,494118
54903,267,494127
54904,267,494136
54905,267,494145
54906,267,494154
54907,267,494163
54908,267,494172
54909,267,494181
54910,267,494190
54911,267,494199
54912,267,494208
54913,267,494217
54914,267,494226
54915,267,494235
54916,267,494244
54917,267,494253
54918,267,494262
54919,267,494271
54920,267,494280
54921,268,494289
54922,268,494298
54923,268,494307
54924,268,494316
54925,268,494325
54926,268,494334
54927,268,494343
54928,268,494352
54929,268,494361
54930,268,494370
54931,268,494379
54932,268,494388
54933,268,494397
54934,268,494406
54935,268,494415
54936,268,494424
54937,268,494433
54938,268,494442
54939,268,494451
54940,268,494460
54941,268,494469
54942,268,494478
54943,268,494487
54944,268,494496
54945,268,494505
54946,268,494514
54947,268,494523
54948,269,494532
54949,269,494541
54950,269,494550
54951,269,494559
54952,269,494568
54953,269,494577
54954,269,494586
54955,269,494595
54956,269,494604
54957,269,494613
54958,269,494622
54959,269,494631
54960,269,494640
54961,269,494649
54962,269,494658
54963,269,494667
54964,269,494676
54965,269,494685
54966,269,494694
54967,269,494703
54968,269,494712
54969,269,494721
54970,269,494730
54971,269,494739
54972,269,494748
54973,269,494757
54974,269,494766
54975,269,494775
54976,269,494784
54977,269,494793
54978,269,494802
54979,269,494811
54980,269,494820
54981,269,494829
54982,269,494838
54983,270,494847
54984,270,494856
54985,270,494865
54986,270,494874
54987,270,494883
54988,270,494892
54989,270,494901
54990,270,494910
54991,270,494919
54992,270,494928
54993,270,494937
54994,270,494946
54995,270,494955
54996,270,494964
54997,270,494973
54998,270,494982
54999,270,494991
55000,270,495000
55001,270,495009
55002,270,495018
55003,270,495027
55004,270,495036
55005,270,495045
55006,270,495054
55007,270,495063
55008,270,495072
55009,270,495081
55010,270,495090
55011,270,495099
55012,270,495108
55013,270,495117
55014,270,495126
55015,270,495135
55016,270,495144
55017,271,495153
55018,271,495162
55019,271,495171
55020,271,495180
55021,271,495189
55022,271,495198
55023,271,495207
55024,271,495216
55025,271,495225
55026,271,495234
55027,271,495243
55028,271,495252
55029,271,495261
55030,271,495270
55031,271,495279
55032,271,495288
55033,271,495297
55034,271,495306
55035,271,495315
55036,271,495324
55037,271,495333
55038,271,495342
55039,271,495351
55040,271,495360
55041,271,495369
55042,271,495378
55043,271,495387
55044,271,495396
55045,271,495405
55046,271,495414
55047,271,495423
55048,271,495432
55049,271,495441
55050,271,495450
55051,272,495459
55052,272,495468
55053,272,495477
55054,272,495486
55055,272,495495
55056,272,495504
55057,272,495513
55058,272,495522
55059,272,495531
55060,272,495540
55061,272,495549
55062,272,495558
55063,272,495567
55064,272,495576
55065,272,495585
55066,272,495594
55067,272,495603
55068,272,495612
55069,272,495621
55070,272,495630
55071,272,495639
55072,272,495648
55073,272,495657
55074,273,495666
55075,273,495675
55076,273,495684
55077,273,495693
55078,273,495702
55079,273,495711
55080,273,495720
55081,273,495729
55082,273,495738
55083,273,495747
55084,273,495756
55085,273,495765
55086,273,495774
55087,273,495783
55088,273,495792
55089,273,495801
55090,273,495810
55091,273,495819
55092,273,495828
55093,273,495837
55094,273,495846
55095,273,495855
55096,273,495864
55097,273,495873
55098,273,495882
55099,273,495891
55100,273,495900
55101,273,495909
55102,274,495918
55103,274,495927
55104,274,495936
55105,274,495945
55106,274,495954
55107,274,495963
55108,274,495972
55109,274,495981
55110,274,495990
55111,274,495999
55112,274,496008
55113,274,496017
55114,274,496026
55115,274,496035
55116,274,496044
55117,274,496053
55118,274,496062
55119,274,496071
55120,274,496080
55121,274,496089
55122,274,496098
55123,274,496107
55124,274,496116
55125,274,496125
55126,274,496134
55127,274,496143
55128,275,496152
55129,275,496161
55130,275,496170
55131,275,496179
55132,275,496188
55133,275,496197
55134,275,496206
55135,275,496215
55136,275,496224
55137,275,496233
55138,275,496242
55139,275,496251
55140,275,496260
55141,275,496269
55142,275,496278
55143,275,496287
55144,275,496296
55145,275,496305
55146,275,496314
55147,275,496323
55148,275,496332
55149,275,496341
55150,275,496350
55151,275,496359
55152,275,496368
55153,275,496377
55154,275,496386
55155,275,496395
55156,275,496404
55157,275,496413
55158,275,496422
55159,276,496431
55160,276,496440
55161,276,496449
55162,276,496458
55163,276,496467
55164,276,496476
55165,276,496485
55166,276,496494
55167,276,496503
55168,276,496512
55169,276,496521
55170,276,496530
55171,276,496539
55172,276,496548
55173,276,496557
55174,276,496566
55175,276,496575
55176,276,496584
55177,276,496593
55178,276,496602
55179,276,496611
55180,276,496620
55181,276,496629
55182,276,496638
55183,277,496647
55184,277,496656
55185,277,496665
55186,277,496674
55187,277,496683
55188,277,496692
55189,277,496701
55190,277,496710
55191,277,496719
55192,277,496728
55193,277,496737
55194,277,496746
55195,277,496755
55196,277,496764
55197,277,496773
55198,277,496782
55199,277,496791
55200,277,496800
55201,277,496809
55202,277,496818
55203,277,496827
55204,277,496836
55205,277,496845
55206,277,496854
55207,277,496863
55208,277,496872
55209,277,496881
55210,277,496890
55211,277,496899
55212,277,496908
55213,277,496917
55214,278,496926
55215,278,496935
55216,278,496944
55217,278,496953
55218,278,496962
55219,278,496971
55220,278,496980
55221,278,496989
55222,278,496998
55223,278,497007
55224,278,497016
55225,278,497025
55226,278,497034
55227,278,497043
55228,278,497052
55229,278,497061
55230,278,497070
55231,278,497079
55232,278,497088
55233,278,497097
55234,278,497106
55235,278,497115
55236,278,497124
55237,278,497133
55238,278,497142
55239,278,497151
55240,278,497160
55241,278,497169
55242,278,497178
55243,278,497187
55244,278,497196
55245,278,497205
55246,278,497214
55247,278,497223
55248,278,497232
55249,278,497241
55250,278,497250
55251,278,497259
55252,279,497268
55253,279,497277
55254,279,497286
55255,279,497295
55256,279,497304
55257,279,497313
55258,279,497322
55259,279,497331
55260,279,497340
55261,279,497349
55262,279,497358
55263,279,497367
55264,279,497376
55265,279,497385
55266,279,497394
55267,279,497403
55268,279,497412
55269,279,497421
55270,279,497430
55271,279,497439
55272,279,497448
55273,279,497457
55274,279,497466
55275,279,497475
55276,279,497484
55277,279,497493
55278,279,497502
55279,279,497511
55280,279,497520
55281,279,497529
55282,279,497538
55283,279,497547
55284,279,497556
55285,279,497565
55286,279,497574
55287,280,497583
55288,280,497592
55289,280,497601
55290,280,497610
55291,280,497619
55292,280,497628
55293,280,497637
55294,280,497646
55295,280,497655
55296,280,497664
55297,280,497673
55298,280,497682
55299,280,497691
55300,280,497700
55301,280,497709
55302,280,497718
55303,280,497727
55304,280,497736
55305,280,497745
55306,280,497754
55307,280,497763
55308,280,497772
55309,280,497781
55310,280,497790
55311,280,497799
55312,280,497808
55313,280,497817
55314,280,497826
55315,280,497835
55316,280,497844
55317,280,497853
55318,280,497862
55319,280,497871
55320,280,497880
55321,280,497889
55322,281,497898
55323,281,497907
55324,281,497916
55325,281,497925
55326,281,497934
55327,281,497943
55328,281,497952
55329,281,497961
55330,281,497970
55331,281,497979
55332,281,497988
55333,281,497997
55334,281,498006
55335,281,498015
55336,281,498024
55337,281,498033
55338,281,498042
55339,281,498051
55340,281,498060
55341,281,498069
55342,281,498078
55343,281,498087
55344,281,498096
55345,281,498105
55346,281,498114
55347,281,498123
55348,281,498132
55349,281,498141
55350,281,498150
55351,281,498159
55352,281,498168
55353,281,498177
55354,281,498186
55355,281,498195
55356,281,498204
55357,282,498213
55358,282,498222
55359,282,498231
55360,282,498240
55361,282,498249
55362,282,498258
55363,282,498267
55364,282,498276
55365,282,498285
55366,282,498294
55367,282,498303
55368,282,498312
55369,282,498321
55370,282,498330
55371,282,498339
55372,282,498348
55373,282,498357
55374,282,498366
55375,282,498375
55376,282,498384
55377,282,498393
55378,282,498402
55379,282,498411
55380,282,498420
55381,282,498429
55382,282,498438
55383,282,498447
55384,282,498456
55385,282,498465
55386,282,498474
55387,282,498483
55388,282,498492
55389,282,498501
55390,282,498510
55391,282,498519
55392,282,498528
55393,282,498537
55394,282,498546
55395,282,498555
55396,282,498564
55397,282,498573
55398,282,498582
55399,282,498591
55400,282,498600
55401,282,498609
55402,282,498618
55403,283,498627
55404,283,498636
55405,283,498645
55406,283,498654
55407,283,498663
55408,283,498672
55409,283,498681
55410,283,498690
55411,283,498699
55412,283,498708
55413,283,498717
55414,283,498726
55415,283,498735
55416,283,498744
55417,283,498753
55418,283,498762
55419,283,498771
55420,283,498780
55421,283,498789
55422,283,498798
55423,283,498807
55424,283,498816
55425,283,498825
55426,283,498834
55427,283,498843
55428,283,498852
55429,283,498861
55430,283,498870
55431,283,498879
55432,283,498888
55433,283,498897
55434,283,498906
55435,283,498915
55436,284,498924
55437,284,498933
55438,284,498942
55439,284,498951
55440,284,498960
55441,284,498969
55442,284,498978
55443,284,498987
55444,284,498996
55445,284,499005
55446,284,499014
55447,284,499023
55448,284,499032
55449,284,499041
55450,284,499050
55451,284,499059
55452,284,499068
55453,284,499077
55454,284,499086
55455,284,499095
55456,284,499104
55457,284,499113
55458,284,499122
55459,284,499131
55460,284,499140
55461,284,499149
55462,285,499158
55463,285,499167
55464,285,499176
55465,285,499185
55466,285,499194
55467,285,499203
55468,285,499212
55469,285,499221
55470,285,499230
55471,285,499239
55472,285,499248
55473,285,499257
55474,285,499266
55475,285,499275
55476,285,499284
55477,285,499293
55478,285,499302
55479,285,499311
55480,285,499320
55481,285,499329
55482,285,499338
55483,285,499347
55484,285,499356
55485,285,499365
55486,285,499374
55487,285,499383
55488,285,499392
55489,285,499401
55490,285,499410
55491,285,499419
55492,285,499428
55493,285,499437
55494,285,499446
55495,285,499455
55496,285,499464
55497,285,499473
55498,285,499482
55499,285,499491
55500,285,499500
55501,285,499509
55502,285,499518
55503,285,499527
55504,285,499536
55505,286,499545
55506,286,499554
55507,286,499563
55508,286,499572
55509,286,499581
55510,286,499590
55511,286,499599
55512,286,499608
55513,286,499617
55514,286,499626
55515,286,499635
55516,286,499644
55517,286,499653
55518,286,499662
55519,286,499671
55520,286,499680
55521,286,499689
55522,286,499698
55523,286,499707
55524,286,499716
55525,286,499725
55526,286,499734
55527,286,499743
55528,286,499752
55529,286,499761
55530,286,499770
55531,286,499779
55532,286,499788
55533,286,499797
55534,286,499806
55535,286,499815
55536,286,499824
55537,286,499833
55538,286,499842
55539,286,499851
55540,286,499860
55541,287,499869
55542,287,499878
55543,287,499887
55544,287,499896
55545,287,499905
55546,287,499914
55547,287,499923
55548,287,499932
55549,287,499941
55550,287,499950
55551,287,499959
55552,287,499968
55553,287,499977
55554,287,499986
55555,287,499995
55556,287,500004
55557,287,500013
55558,287,500022
55559,287,500031
55560,287,500040
55561,287,500049
55562,287,500058
55563,287,500067
55564,287,500076
55565,287,500085
55566,287,500094
55567,287,500103
55568,287,500112
55569,287,500121
55570,288,500130
55571,288,500139
55572,288,500148
55573,288,500157
55574,288,500166
55575,288,500175
55576,288,500184
55577,288,500193
55578,288,500202
55579,288,500211
55580,288,500220
55581,288,500229
55582,288,500238
55583,288,500247
55584,288,500256
55585,288,500265
55586,288,500274
55587,288,500283
55588,288,500292
55589,288,500301
55590,288,500310
55591,288,500319
55592,288,500328
55593,288,500337
55594,288,500346
55595,288,500355
55596,288,500364
55597,288,500373
55598,288,500382
55599,288,500391
55600,288,500400
55601,288,500409
55602,288,500418
55603,289,500427
55604,289,500436
55605,289,500445
55606,289,500454
55607,289,500463
55608,289,500472
55609,289,500481
55610,289,500490
55611,289,500499
55612,289,500508
55613,289,500517
55614,289,500526
55615,289,500535
55616,289,500544
55617,289,500553
55618,289,500562
55619,289,500571
55620,289,500580
55621,289,500589
55622,289,500598
55623,289,500607
55624,289,500616
55625,289,500625
55626,289,500634
55627,289,500643
55628,289,500652
55629,289,500661
55630,289,500670
55631,289,500679
55632,289,500688
55633,289,500697
55634,289,500706
55635,289,500715
55636,289,500724
55637,290,500733
55638,290,500742
55639,290,500751
55640,290,500760
55641,290,500769
55642,290,500778
55643,290,500787
55644,290,500796
55645,290,500805
55646,290,500814
55647,290,500823
55648,290,500832
55649,290,500841
55650,290,500850
55651,290,500859
55652,290,500868
55653,290,500877
55654,290,500886
55655,290,500895
55656,290,500904
55657,290,500913
55658,290,500922
55659,290,500931
55660,290,500940
55661,290,500949
55662,290,500958
55663,290,500967
55664,290,500976
55665,290,500985
55666,290,500994
55667,290,501003
55668,290,501012
55669,290,501021
55670,290,501030
55671,290,501039
55672,290,501048
55673,290,501057
55674,291,501066
55675,291,501075
55676,291,501084
55677,291,501093
55678,291,501102
55679,291,501111
55680,291,501120
55681,291,501129
55682,291,501138
55683,291,501147
55684,291,501156
55685,291,501165
55686,291,501174
55687,291,501183
55688,291,501192
55689,291,501201
55690,291,501210
55691,291,501219
55692,291,501228
55693,291,501237
55694,291,501246
55695,291,501255
55696,291,501264
55697,291,501273
55698,291,501282
55699,291,501291
55700,291,501300
55701,291,501309
55702,291,501318
55703,291,501327
55704,291,501336
55705,291,501345
55706,291,501354
55707,291,501363
55708,291,501372
55709,291,501381
55710,292,501390
55711,292,501399
55712,292,501408
55713,292,501417
55714,292,501426
55715,292,501435
55716,292,501444
55717,292,501453
55718,292,501462
55719,292,501471
55720,292,501480
55721,292,501489
55722,292,501498
55723,292,501507
55724,292,501516
55725,292,501525
55726,292,501534
55727,292,501543
55728,292,501552
55729,292,501561
55730,292,501570
55731,292,501579
55732,292,501588
55733,292,501597
55734,292,501606
55735,292,501615
55736,292,501624
55737,292,501633
55738,292,501642
55739,292,501651
55740,292,501660
55741,292,501669
55742,292,501678
55743,292,501687
55744,292,501696
55745,292,501705
55746,292,501714
55747,293,501723
55748,293,501732
55749,293,501741
55750,293,501750
55751,293,501759
55752,293,501768
55753,293,501777
55754,293,501786
55755,293,501795
55756,293,501804
55757,293,501813
55758,293,501822
55759,293,501831
55760,293,501840
55761,293,501849
55762,293,501858
55763,293,501867
55764,293,501876
55765,293,501885
55766,293,501894
55767,293,501903
55768,293,501912
55769,293,501921
55770,293,501930
55771,294,501939
55772,294,501948
55773,294,501957
55774,294,501966
55775,294,501975
55776,294,501984
55777,294,501993
55778,294,502002
55779,294,502011
55780,294,502020
55781,294,502029
55782,294,502038
55783,294,502047
55784,294,502056
55785,294,502065
55786,294,502074
55787,294,502083
55788,294,502092
55789,294,502101
55790,294,502110
55791,294,502119
55792,294,502128
55793,294,502137
55794,294,502146
55795,295,502155
55796,295,502164
55797,295,502173
55798,295,502182
55799,295,502191
55800,295,502200
55801,295,502209
55802,295,502218
55803,295,502227
55804,295,502236
55805,295,502245
55806,295,502254
55807,295,502263
55808,295,502272
55809,295,502281
55810,295,502290
55811,295,502299
55812,295,502308
55813,295,502317
55814,295,502326
55815,295,502335
55816,295,502344
55817,295,502353
55818,295,502362
55819,295,502371
55820,295,502380
55821,295,502389
55822,295,502398
55823,295,502407
55824,295,502416
55825,296,502425
55826,296,502434
55827,296,502443
55828,296,502452
55829,296,502461
55830,296,502470
55831,296,502479
55832,296,502488
55833,296,502497
55834,296,502506
55835,296,502515
55836,296,502524
55837,296,502533
55838,296,502542
55839,296,502551
55840,296,502560
55841,296,502569
55842,296,502578
55843,296,502587
55844,296,502596
55845,296,502605
55846,296,502614
55847,296,502623
55848,296,502632
55849,296,502641
55850,296,502650
55851,296,502659
55852,296,502668
55853,296,502677
55854,296,502686
55855,296,502695
55856,296,502704
55857,296,502713
55858,296,502722
55859,296,502731
55860,296,502740
55861,296,502749
55862,296,502758
55863,297,502767
55864,297,502776
55865,297,502785
55866,297,502794
55867,297,502803
55868,297,502812
55869,297,502821
55870,297,502830
55871,297,502839
55872,297,502848
55873,297,502857
55874,297,502866
55875,297,502875
55876,297,502884
55877,297,502893
55878,297,502902
55879,297,502911
55880,297,502920
55881,297,502929
55882,297,502938
55883,297,502947
55884,297,502956
55885,297,502965
55886,297,502974
55887,297,502983
55888,297,502992
55889,297,503001
55890,297,503010
55891,297,503019
55892,298,503028
55893,298,503037
55894,298,503046
55895,298,503055
55896,298,503064
55897,298,503073
55898,298,503082
55899,298,503091
55900,298,503100
55901,298,503109
55902,298,503118
55903,298,503127
55904,298,503136
55905,298,503145
55906,298,503154
55907,298,503163
55908,298,503172
55909,298,503181
55910,298,503190
55911,298,503199
55912,298,503208
55913,298,503217
55914,298,503226
55915,298,503235
55916,298,503244
55917,298,503253
55918,298,503262
55919,298,503271
55920,298,503280
55921,298,503289
55922,298,503298
55923,298,503307
55924,298,503316
55925,298,503325
55926,298,503334
55927,298,503343
55928,299,503352
55929,299,503361
55930,299,503370
55931,299,503379
55932,299,503388
55933,299,503397
55934,299,503406
55935,299,503415
55936,299,503424
55937,299,503433
55938,299,503442
55939,299,503451
55940,299,503460
55941,299,503469
55942,299,503478
55943,299,503487
55944,299,503496
55945,299,503505
55946,299,503514
55947,299,503523
55948,299,503532
55949,299,503541
55950,299,503550
55951,299,503559
55952,299,503568
55953,299,503577
55954,299,503586
55955,299,503595
55956,299,503604
55957,299,503613
55958,299,503622
55959,299,503631
55960,299,503640
55961,299,503649
55962,299,503658
55963,299,503667
55964,299,503676
55965,299,503685
55966,299,503694
55967,299,503703
55968,299,503712
55969,299,503721
55970,300,503730
55971,300,503739
55972,300,503748
55973,300,503757
55974,300,503766
55975,300,503775
55976,300,503784
55977,300,503793
55978,300,503802
55979,300,503811
55980,300,503820
55981,300,503829
55982,300,503838
55983,300,503847
55984,300,503856
55985,300,503865
55986,300,503874
55987,300,503883
55988,300,503892
55989,300,503901
55990,301,503910
55991,301,503919
55992,301,503928
55993,301,503937
55994,301,503946
55995,301,503955
55996,301,503964
55997,301,503973
55998,301,503982
55999,301,503991
56000,301,504000
56001,301,504009
56002,301,504018
56003,301,504027
56004,301,504036
56005,301,504045
56006,301,504054
56007,301,504063
56008,301,504072
56009,301,504081
56010,301,504090
56011,301,504099
56012,301,504108
56013,301,504117
56014,301,504126
56015,301,504135
56016,301,504144
56017,301,504153
56018,301,504162
56019,301,504171
56020,301,504180
56021,301,504189
56022,301,504198
56023,301,504207
56024,301,504216
56025,301,504225
56026,301,504234
56027,301,504243
56028,301,504252
56029,302,504261
56030,302,504270
56031,302,504279
56032,302,504288
56033,302,504297
56034,302,504306
56035,302,504315
56036,302,504324
56037,302,504333
56038,302,504342
56039,302,504351
56040,302,504360
56041,302,504369
56042,302,504378
56043,302,504387
56044,302,504396
56045,302,504405
56046,302,504414
56047,302,504423
56048,302,504432
56049,302,504441
56050,302,504450
56051,302,504459
56052,302,504468
56053,302,504477
56054,302,504486
56055,302,504495
56056,302,504504
56057,302,504513
56058,302,504522
56059,302,504531
56060,303,504540
56061,303,504549
56062,303,504558
56063,303,504567
56064,303,504576
56065,303,504585
56066,303,504594
56067,303,504603
56068,303,504612
56069,303,504621
56070,303,504630
56071,303,504639
56072,303,504648
56073,303,504657
56074,303,504666
56075,303,504675
56076,303,504684
56077,303,504693
56078,303,504702
56079,303,504711
56080,303,504720
56081,303,504729
56082,303,504738
56083,303,504747
56084,303,504756
56085,303,504765
56086,304,504774
56087,304,504783
56088,304,504792
56089,304,504801
56090,304,504810
56091,304,504819
56092,304,504828
56093,304,504837
56094,304,504846
56095,304,504855
56096,304,504864
56097,304,504873
56098,304,504882
56099,304,504891
56100,304,504900
56101,304,504909
56102,304,504918
56103,304,504927
56104,304,504936
56105,304,504945
56106,304,504954
56107,304,504963
56108,304,504972
56109,304,504981
56110,304,504990
56111,304,504999
56112,304,505008
56113,305,505017
56114,305,505026
56115,305,505035
56116,305,505044
56117,305,505053
56118,305,505062
56119,305,505071
56120,305,505080
56121,305,505089
56122,305,505098
56123,305,505107
56124,305,505116
56125,305,505125
56126,305,505134
56127,305,505143
56128,305,505152
56129,305,505161
56130,305,505170
56131,305,505179
56132,305,505188
56133,305,505197
56134,305,505206
56135,305,505215
56136,305,505224
56137,305,505233
56138,305,505242
56139,305,505251
56140,306,505260
56141,306,505269
56142,306,505278
56143,306,505287
56144,306,505296
56145,306,505305
56146,306,505314
56147,306,505323
56148,306,505332
56149,306,505341
56150,306,505350
56151,306,505359
56152,306,505368
56153,306,505377
56154,306,505386
56155,306,505395
56156,306,505404
56157,306,505413
56158,306,505422
56159,306,505431
56160,306,505440
56161,306,505449
56162,306,505458
56163,306,505467
56164,306,505476
56165,306,505485
56166,306,505494
56167,306,505503
56168,306,505512
56169,307,505521
56170,307,505530
56171,307,505539
56172,307,505548
56173,307,505557
56174,307,505566
56175,307,505575
56176,307,505584
56177,307,505593
56178,307,505602
56179,307,505611
56180,307,505620
56181,307,505629
56182,307,505638
56183,307,505647
56184,307,505656
56185,307,505665
56186,307,505674
56187,307,505683
56188,307,505692
56189,307,505701
56190,307,505710
56191,307,505719
56192,307,505728
56193,307,505737
56194,307,505746
56195,307,505755
56196,307,505764
56197,308,505773
56198,308,505782
56199,308,505791
56200,308,505800
56201,308,505809
56202,308,505818
56203,308,505827
56204,308,505836
56205,308,505845
56206,308,505854
56207,308,505863
56208,308,505872
56209,308,505881
56210,308,505890
56211,308,505899
56212,308,505908
56213,308,505917
56214,308,505926
56215,308,505935
56216,308,505944
56217,308,505953
56218,308,505962
56219,309,505971
56220,309,505980
56221,309,505989
56222,309,505998
56223,309,506007
56224,309,506016
56225,309,506025
56226,309,506034
56227,309,506043
56228,309,506052
56229,309,506061
56230,309,506070
56231,309,506079
56232,309,506088
56233,309,506097
56234,309,506106
56235,309,506115
56236,309,506124
56237,309,506133
56238,309,506142
56239,309,506151
56240,309,506160
56241,309,506169
56242,309,506178
56243,309,506187
56244,309,506196
56245,309,506205
56246,309,506214
56247,310,506223
56248,310,506232
56249,310,506241
56250,310,506250
56251,310,506259
56252,310,506268
56253,310,506277
56254,310,506286
56255,310,506295
56256,310,506304
56257,310,506313
56258,310,506322
56259,310,506331
56260,310,506340
56261,310,506349
56262,310,506358
56263,310,506367
56264,310,506376
56265,310,506385
56266,310,506394
56267,310,506403
56268,310,506412
56269,310,506421
56270,310,506430
56271,310,506439
56272,310,506448
56273,310,506457
56274,310,506466
56275,310,506475
56276,310,506484
56277,310,506493
56278,310,506502
56279,310,506511
56280,310,506520
56281,310,506529
56282,310,506538
56283,310,506547
56284,310,506556
56285,310,506565
56286,311,506574
56287,311,506583
56288,311,506592
56289,311,506601
56290,311,506610
56291,311,506619
56292,311,506628
56293,311,506637
56294,311,506646
56295,311,506655
56296,311,506664
56297,311,506673
56298,311,506682
56299,311,506691
56300,311,506700
56301,311,506709
56302,311,506718
56303,311,506727
56304,311,506736
56305,311,506745
56306,311,506754
56307,311,506763
56308,311,506772
56309,311,506781
56310,311,506790
56311,311,506799
56312,311,506808
56313,311,506817
56314,311,506826
56315,311,506835
56316,311,506844
56317,311,506853
56318,311,506862
56319,311,506871
56320,311,506880
56321,312,506889
56322,312,506898
56323,312,506907
56324,312,506916
56325,312,506925
56326,312,506934
56327,312,506943
56328,312,506952
56329,312,506961
56330,312,506970
56331,312,506979
56332,312,506988
56333,312,506997
56334,312,507006
56335,312,507015
56336,312,507024
56337,312,507033
56338,312,507042
56339,312,507051
56340,312,507060
56341,312,507069
56342,312,507078
56343,312,507087
56344,312,507096
56345,312,507105
56346,312,507114
56347,312,507123
56348,312,507132
56349,312,507141
56350,312,507150
56351,312,507159
56352,312,507168
56353,312,507177
56354,312,507186
56355,312,507195
56356,312,507204
56357,312,507213
56358,312,507222
56359,313,507231
56360,313,507240
56361,313,507249
56362,313,507258
56363,313,507267
56364,313,507276
56365,313,507285
56366,313,507294
56367,313,507303
56368,313,507312
56369,313,507321
56370,313,507330
56371,313,507339
56372,313,507348
56373,313,507357
56374,313,507366
56375,313,507375
56376,313,507384
56377,313,507393
56378,313,507402
56379,313,507411
56380,313,507420
56381,313,507429
56382,313,507438
56383,313,507447
56384,313,507456
56385,313,507465
56386,314,507474
56387,314,507483
56388,314,507492
56389,314,507501
56390,314,507510
56391,314,507519
56392,314,507528
56393,314,507537
56394,314,507546
56395,314,507555
56396,314,507564
56397,314,507573
56398,314,507582
56399,314,507591
56400,314,507600
56401,314,507609
56402,314,507618
56403,314,507627
56404,314,507636
56405,314,507645
56406,314,507654
56407,314,507663
56408,314,507672
56409,314,507681
56410,314,507690
56411,314,507699
56412,314,507708
56413,314,507717
56414,314,507726
56415,314,507735
56416,314,507744
56417,314,507753
56418,314,507762
56419,314,507771
56420,315,507780
56421,315,507789
56422,315,507798
56423,315,507807
56424,315,507816
56425,315,507825
56426,315,507834
56427,315,507843
56428,315,507852
56429,315,507861
56430,315,507870
56431,315,507879
56432,315,507888
56433,315,507897
56434,315,507906
56435,315,507915
56436,315,507924
56437,315,507933
56438,315,507942
56439,315,507951
56440,315,507960
56441,315,507969
56442,315,507978
56443,315,507987
56444,316,507996
56445,316,508005
56446,316,508014
56447,316,508023
56448,316,508032
56449,316,508041
56450,316,508050
56451,316,508059
56452,316,508068
56453,316,508077
56454,316,508086
56455,316,508095
56456,316,508104
56457,316,508113
56458,316,508122
56459,316,508131
56460,316,508140
56461,316,508149
56462,316,508158
56463,316,508167
56464,316,508176
56465,316,508185
56466,316,508194
56467,316,508203
56468,316,508212
56469,316,508221
56470,316,508230
56471,316,508239
56472,316,508248
56473,316,508257
56474,316,508266
56475,317,508275
56476,317,508284
56477,317,508293
56478,317,508302
56479,317,508311
56480,317,508320
56481,317,508329
56482,317,508338
56483,317,508347
56484,317,508356
56485,317,508365
56486,317,508374
56487,317,508383
56488,317,508392
56489,317,508401
56490,317,508410
56491,317,508419
56492,317,508428
56493,317,508437
56494,317,508446
56495,318,508455
56496,318,508464
56497,318,508473
56498,318,508482
56499,318,508491
56500,318,508500
56501,318,508509
56502,318,508518
56503,318,508527
56504,318,508536
56505,318,508545
56506,318,508554
56507,318,508563
56508,318,508572
56509,318,508581
56510,318,508590
56511,318,508599
56512,318,508608
56513,318,508617
56514,318,508626
56515,318,508635
56516,318,508644
56517,318,508653
56518,318,508662
56519,318,508671
56520,318,508680
56521,318,508689
56522,318,508698
56523,318,508707
56524,319,508716
56525,319,508725
56526,319,508734
56527,319,508743
56528,319,508752
56529,319,508761
56530,319,508770
56531,319,508779
56532,319,508788
56533,319,508797
56534,319,508806
56535,319,508815
56536,319,508824
56537,319,508833
56538,319,508842
56539,319,508851
56540,319,508860
56541,319,508869
56542,319,508878
56543,319,508887
56544,319,508896
56545,319,508905
56546,319,508914
56547,319,508923
56548,319,508932
56549,319,508941
56550,319,508950
56551,319,508959
56552,319,508968
56553,320,508977
56554,320,508986
56555,320,508995
56556,320,509004
56557,320,509013
56558,320,509022
56559,320,509031
56560,320,509040
56561,320,509049
56562,320,509058
56563,320,509067
56564,320,509076
56565,320,509085
56566,320,509094
56567,320,509103
56568,320,509112
56569,320,509121
56570,320,509130
56571,320,509139
56572,320,509148
56573,320,509157
56574,320,509166
56575,320,509175
56576,320,509184
56577,321,509193
56578,321,509202
56579,321,509211
56580,321,509220
56581,321,509229
56582,321,509238
56583,321,509247
56584,321,509256
56585,321,509265
56586,321,509274
56587,321,509283
56588,321,509292
56589,321,509301
56590,321,509310
56591,321,509319
56592,321,509328
56593,321,509337
56594,321,509346
56595,321,509355
56596,321,509364
56597,321,509373
56598,321,509382
56599,322,509391
56600,322,509400
56601,322,509409
56602,322,509418
56603,322,509427
56604,322,509436
56605,322,509445
56606,322,509454
56607,322,509463
56608,322,509472
56609,322,509481
56610,322,509490
56611,322,509499
56612,322,509508
56613,322,509517
56614,322,509526
56615,322,509535
56616,322,509544
56617,322,509553
56618,322,509562
56619,322,509571
56620,322,509580
56621,322,509589
56622,322,509598
56623,322,509607
56624,322,509616
56625,322,509625
56626,323,509634
56627,323,509643
56628,323,509652
56629,323,509661
56630,323,509670
56631,323,509679
56632,323,509688
56633,323,509697
56634,323,509706
56635,323,509715
56636,323,509724
56637,323,509733
56638,323,509742
56639,323,509751
56640,323,509760
56641,323,509769
56642,323,509778
56643,323,509787
56644,323,509796
56645,323,509805
56646,323,509814
56647,323,509823
56648,323,509832
56649,323,509841
56650,323,509850
56651,323,509859
56652,324,509868
56653,324,509877
56654,324,509886
56655,324,509895
56656,324,509904
56657,324,509913
56658,324,509922
56659,324,509931
56660,324,509940
56661,324,509949
56662,324,509958
56663,324,509967
56664,324,509976
56665,324,509985
56666,324,509994
56667,324,510003
56668,324,510012
56669,324,510021
56670,324,510030
56671,324,510039
56672,324,510048
56673,324,510057
56674,324,510066
56675,324,510075
56676,324,510084
56677,325,510093
56678,325,510102
56679,325,510111
56680,325,510120
56681,325,510129
56682,325,510138
56683,325,510147
56684,325,510156
56685,325,510165
56686,325,510174
56687,325,510183
56688,325,510192
56689,325,510201
56690,325,510210
56691,325,510219
56692,325,510228
56693,325,510237
56694,325,510246
56695,325,510255
56696,325,510264
56697,325,510273
56698,325,510282
56699,326,510291
56700,326,510300
56701,326,510309
56702,326,510318
56703,326,510327
56704,326,510336
56705,326,510345
56706,326,510354
56707,326,510363
56708,326,510372
56709,326,510381
56710,326,510390
56711,326,510399
56712,326,510408
56713,326,510417
56714,326,510426
56715,326,510435
56716,326,510444
56717,326,510453
56718,326,510462
56719,326,510471
56720,326,510480
56721,326,510489
56722,326,510498
56723,326,510507
56724,326,510516
56725,327,510525
56726,327,510534
56727,327,510543
56728,327,510552
56729,327,510561
56730,327,510570
56731,327,510579
56732,327,510588
56733,327,510597
56734,327,510606
56735,327,510615
56736,327,510624
56737,327,510633
56738,327,510642
56739,327,510651
56740,327,510660
56741,327,510669
56742,327,510678
56743,327,510687
56744,327,510696
56745,327,510705
56746,328,510714
56747,328,510723
56748,328,510732
56749,328,510741
56750,328,510750
56751,328,510759
56752,328,510768
56753,328,510777
56754,328,510786
56755,328,510795
56756,328,510804
56757,328,510813
56758,328,510822
56759,328,510831
56760,328,510840
56761,328,510849
56762,328,510858
56763,328,510867
56764,328,510876
56765,328,510885
56766,328,510894
56767,328,510903
56768,329,510912
56769,329,510921
56770,329,510930
56771,329,510939
56772,329,510948
56773,329,510957
56774,329,510966
56775,329,510975
56776,329,510984
56777,329,510993
56778,329,511002
56779,329,511011
56780,329,511020
56781,329,511029
56782,329,511038
56783,329,511047
56784,329,511056
56785,329,511065
56786,329,511074
56787,329,511083
56788,329,511092
56789,329,511101
56790,329,511110
56791,329,511119
56792,329,511128
56793,329,511137
56794,329,511146
56795,329,511155
56796,329,511164
56797,329,511173
56798,330,511182
56799,330,511191
56800,330,511200
56801,330,511209
56802,330,511218
56803,330,511227
56804,330,511236
56805,330,511245
56806,330,511254
56807,330,511263
56808,330,511272
56809,330,511281
56810,330,511290
56811,330,511299
56812,330,511308
56813,330,511317
56814,330,511326
56815,330,511335
56816,330,511344
56817,330,511353
56818,330,511362
56819,330,511371
56820,330,511380
56821,330,511389
56822,330,511398
56823,331,511407
56824,331,511416
56825,331,511425
56826,331,511434
56827,331,511443
56828,331,511452
56829,331,511461
56830,331,511470
56831,331,511479
56832,331,511488
56833,331,511497
56834,331,511506
56835,331,511515
56836,331,511524
56837,331,511533
56838,331,511542
56839,331,511551
56840,331,511560
56841,331,511569
56842,331,511578
56843,331,511587
56844,331,511596
56845,331,511605
56846,331,511614
56847,331,511623
56848,332,511632
56849,332,511641
56850,332,511650
56851,332,511659
56852,332,511668
56853,332,511677
56854,332,511686
56855,332,511695
56856,332,511704
56857,332,511713
56858,332,511722
56859,332,511731
56860,332,511740
56861,332,511749
56862,332,511758
56863,332,511767
56864,332,511776
56865,332,511785
56866,332,511794
56867,332,511803
56868,332,511812
56869,333,511821
56870,333,511830
56871,333,511839
56872,333,511848
56873,333,511857
56874,333,511866
56875,333,511875
56876,333,511884
56877,333,511893
56878,333,511902
56879,333,511911
56880,333,511920
56881,333,511929
56882,333,511938
56883,333,511947
56884,333,511956
56885,333,511965
56886,333,511974
56887,333,511983
56888,333,511992
56889,333,512001
56890,333,512010
56891,333,512019
56892,333,512028
56893,333,512037
56894,333,512046
56895,334,512055
56896,334,512064
56897,334,512073
56898,334,512082
56899,334,512091
56900,334,512100
56901,334,512109
56902,334,512118
56903,334,512127
56904,334,512136
56905,334,512145
56906,334,512154
56907,334,512163
56908,334,512172
56909,334,512181
56910,334,512190
56911,334,512199
56912,334,512208
56913,334,512217
56914,334,512226
56915,334,512235
56916,334,512244
56917,334,512253
56918,334,512262
56919,334,512271
56920,335,512280
56921,335,512289
56922,335,512298
56923,335,512307
56924,335,512316
56925,335,512325
56926,335,512334
56927,335,512343
56928,335,512352
56929,335,512361
56930,335,512370
56931,335,512379
56932,335,512388
56933,335,512397
56934,335,512406
56935,335,512415
56936,335,512424
56937,335,512433
56938,335,512442
56939,335,512451
56940,335,512460
56941,335,512469
56942,335,512478
56943,336,512487
56944,336,512496
56945,336,512505
56946,336,512514
56947,336,512523
56948,336,512532
56949,336,512541
56950,336,512550
56951,336,512559
56952,336,512568
56953,336,512577
56954,336,512586
56955,336,512595
56956,336,512604
56957,336,512613
56958,336,512622
56959,336,512631
56960,336,512640
56961,336,512649
56962,336,512658
56963,336,512667
56964,336,512676
56965,337,512685
56966,337,512694
56967,337,512703
56968,337,512712
56969,337,512721
56970,337,512730
56971,337,512739
56972,337,512748
56973,337,512757
56974,337,512766
56975,337,512775
56976,337,512784
56977,337,512793
56978,337,512802
56979,337,512811
56980,337,512820
56981,337,512829
56982,337,512838
56983,337,512847
56984,337,512856
56985,337,512865
56986,337,512874
56987,337,512883
56988,337,512892
56989,338,512901
56990,338,512910
56991,338,512919
56992,338,512928
56993,338,512937
56994,338,512946
56995,338,512955
56996,338,512964
56997,338,512973
56998,338,512982
56999,338,512991
57000,338,513000
57001,338,513009
57002,338,513018
57003,338,513027
57004,338,513036
57005,338,513045
57006,338,513054
57007,338,513063
57008,338,513072
57009,338,513081
57010,338,513090
57011,339,513099
57012,339,513108
57013,339,513117
57014,339,513126
57015,339,513135
57016,339,513144
57017,339,513153
57018,339,513162
57019,339,513171
57020,339,513180
57021,339,513189
57022,339,513198
57023,339,513207
57024,339,513216
57025,339,513225
57026,339,513234
57027,339,513243
57028,339,513252
57029,339,513261
57030,339,513270
57031,339,513279
57032,339,513288
57033,339,513297
57034,339,513306
57035,339,513315
57036,339,513324
57037,339,513333
57038,339,513342
57039,339,513351
57040,340,513360
57041,340,513369
57042,340,513378
57043,340,513387
57044,340,513396
57045,340,513405
57046,340,513414
57047,340,513423
57048,340,513432
57049,340,513441
57050,340,513450
57051,340,513459
57052,340,513468
57053,340,513477
57054,340,513486
57055,340,513495
57056,340,513504
57057,340,513513
57058,340,513522
57059,340,513531
57060,340,513540
57061,340,513549
57062,340,513558
57063,340,513567
57064,340,513576
57065,340,513585
57066,340,513594
57067,340,513603
57068,340,513612
57069,340,513621
57070,340,513630
57071,341,513639
57072,341,513648
57073,341,513657
57074,341,513666
57075,341,513675
57076,341,513684
57077,341,513693
57078,341,513702
57079,341,513711
57080,341,513720
57081,341,513729
57082,341,513738
57083,341,513747
57084,341,513756
57085,341,513765
57086,341,513774
57087,341,513783
57088,341,513792
57089,341,513801
57090,341,513810
57091,341,513819
57092,341,513828
57093,341,513837
57094,341,513846
57095,341,513855
57096,342,513864
57097,342,513873
57098,342,513882
57099,342,513891
57100,342,513900
57101,342,513909
57102,342,513918
57103,342,513927
57104,342,513936
57105,342,513945
57106,342,513954
57107,342,513963
57108,342,513972
57109,342,513981
57110,342,513990
57111,342,513999
57112,342,514008
57113,342,514017
57114,342,514026
57115,342,514035
57116,342,514044
57117,342,514053
57118,342,514062
57119,342,514071
57120,342,514080
57121,342,514089
57122,342,514098
57123,342,514107
57124,342,514116
57125,342,514125
57126,342,514134
57127,342,514143
57128,342,514152
57129,343,514161
57130,343,514170
57131,343,514179
57132,343,514188
57133,343,514197
57134,343,514206
57135,343,514215
57136,343,514224
57137,343,514233
57138,343,514242
57139,343,514251
57140,343,514260
57141,343,514269
57142,343,514278
57143,343,514287
57144,343,514296
57145,343,514305
57146,343,514314
57147,343,514323
57148,343,514332
57149,344,514341
57150,344,514350
57151,344,514359
57152,344,514368
57153,344,514377
57154,344,514386
57155,344,514395
57156,344,514404
57157,344,514413
57158,344,514422
57159,344,514431
57160,344,514440
57161,344,514449
57162,344,514458
57163,344,514467
57164,344,514476
57165,344,514485
57166,344,514494
57167,344,514503
57168,344,514512
57169,344,514521
57170,344,514530
57171,344,514539
57172,344,514548
57173,344,514557
57174,344,514566
57175,345,514575
57176,345,514584
57177,345,514593
57178,345,514602
57179,345,514611
57180,345,514620
57181,345,514629
57182,345,514638
57183,345,514647
57184,345,514656
57185,345,514665
57186,345,514674
57187,345,514683
57188,345,514692
57189,345,514701
57190,345,514710
57191,345,514719
57192,345,514728
57193,345,514737
57194,345,514746
57195,346,514755
57196,346,514764
57197,346,514773
57198,346,514782
57199,346,514791
57200,346,514800
57201,346,514809
57202,346,514818
57203,346,514827
57204,346,514836
57205,346,514845
57206,346,514854
57207,346,514863
57208,346,514872
57209,346,514881
57210,346,514890
57211,346,514899
57212,346,514908
57213,346,514917
57214,346,514926
57215,347,514935
57216,347,514944
57217,347,514953
57218,347,514962
57219,347,514971
57220,347,514980
57221,347,514989
57222,347,514998
57223,347,515007
57224,347,515016
57225,347,515025
57226,347,515034
57227,347,515043
57228,347,515052
57229,347,515061
57230,347,515070
57231,347,515079
57232,347,515088
57233,347,515097
57234,347,515106
57235,347,515115
57236,347,515124
57237,347,515133
57238,347,515142
57239,347,515151
57240,347,515160
57241,347,515169
57242,347,515178
57243,347,515187
57244,347,515196
57245,347,515205
57246,348,515214
57247,348,515223
57248,348,515232
57249,348,515241
57250,348,515250
57251,348,515259
57252,348,515268
57253,348,515277
57254,348,515286
57255,348,515295
57256,348,515304
57257,348,515313
57258,348,515322
57259,348,515331
57260,348,515340
57261,348,515349
57262,348,515358
57263,348,515367
57264,348,515376
57265,348,515385
57266,349,515394
57267,349,515403
57268,349,515412
57269,349,515421
57270,349,515430
57271,349,515439
57272,349,515448
57273,349,515457
57274,349,515466
57275,349,515475
57276,349,515484
57277,349,515493
57278,349,515502
57279,349,515511
57280,349,515520
57281,349,515529
57282,349,515538
57283,349,515547
57284,349,515556
57285,350,515565
57286,350,515574
57287,350,515583
57288,350,515592
57289,350,515601
57290,350,515610
57291,350,515619
57292,350,515628
57293,350,515637
57294,350,515646
57295,350,515655
57296,350,515664
57297,350,515673
57298,350,515682
57299,350,515691
57300,350,515700
57301,350,515709
57302,350,515718
57303,350,515727
57304,350,515736
57305,350,515745
57306,351,515754
57307,351,515763
57308,351,515772
57309,351,515781
57310,351,515790
57311,351,515799
57312,351,515808
57313,351,515817
57314,351,515826
57315,351,515835
57316,351,515844
57317,351,515853
57318,351,515862
57319,351,515871
57320,351,515880
57321,351,515889
57322,351,515898
57323,351,515907
57324,352,515916
57325,352,515925
57326,352,515934
57327,352,515943
57328,352,515952
57329,352,515961
57330,352,515970
57331,352,515979
57332,352,515988
57333,352,515997
57334,352,516006
57335,352,516015
57336,352,516024
57337,352,516033
57338,352,516042
57339,352,516051
57340,352,516060
57341,352,516069
57342,352,516078
57343,352,516087
57344,352,516096
57345,352,516105
57346,352,516114
57347,352,516123
57348,352,516132
57349,352,516141
57350,352,516150
57351,352,516159
57352,352,516168
57353,353,516177
57354,353,516186
57355,353,516195
57356,353,516204
57357,353,516213
57358,353,516222
57359,353,516231
57360,353,516240
57361,353,516249
57362,353,516258
57363,353,516267
57364,353,516276
57365,353,516285
57366,353,516294
57367,353,516303
57368,353,516312
57369,353,516321
57370,353,516330
57371,353,516339
57372,353,516348
57373,354,516357
57374,354,516366
57375,354,516375
57376,354,516384
57377,354,516393
57378,354,516402
57379,354,516411
57380,354,516420
57381,354,516429
57382,354,516438
57383,354,516447
57384,354,516456
57385,354,516465
57386,354,516474
57387,354,516483
57388,355,516492
57389,355,516501
57390,355,516510
57391,355,516519
57392,355,516528
57393,355,516537
57394,355,516546
57395,355,516555
57396,355,516564
57397,355,516573
57398,355,516582
57399,355,516591
57400,355,516600
57401,355,516609
57402,355,516618
57403,355,516627
57404,355,516636
57405,355,516645
57406,355,516654
57407,355,516663
57408,355,516672
57409,355,516681
57410,356,516690
57411,356,516699
57412,356,516708
57413,356,516717
57414,356,516726
57415,356,516735
57416,356,516744
57417,356,516753
57418,356,516762
57419,356,516771
57420,356,516780
57421,356,516789
57422,356,516798
57423,356,516807
57424,356,516816
57425,356,516825
57426,356,516834
57427,356,516843
57428,356,516852
57429,356,516861
57430,356,516870
57431,356,516879
57432,356,516888
57433,356,516897
57434,356,516906
57435,356,516915
57436,356,516924
57437,356,516933
57438,356,516942
57439,356,516951
57440,356,516960
57441,356,516969
57442,356,516978
57443,356,516987
57444,357,516996
57445,357,517005
57446,357,517014
57447,357,517023
57448,357,517032
57449,357,517041
57450,357,517050
57451,357,517059
57452,357,517068
57453,357,517077
57454,357,517086
57455,357,517095
57456,357,517104
57457,357,517113
57458,357,517122
57459,357,517131
57460,357,517140
57461,357,517149
57462,357,517158
57463,357,517167
57464,357,517176
57465,357,517185
57466,358,517194
57467,358,517203
57468,358,517212
57469,358,517221
57470,358,517230
57471,358,517239
57472,358,517248
57473,358,517257
57474,358,517266
57475,358,517275
57476,358,517284
57477,358,517293
57478,358,517302
57479,358,517311
57480,358,517320
57481,358,517329
57482,358,517338
57483,358,517347
57484,358,517356
57485,358,517365
57486,358,517374
57487,358,517383
57488,359,517392
57489,359,517401
57490,359,517410
57491,359,517419
57492,359,517428
57493,359,517437
57494,359,517446
57495,359,517455
57496,359,517464
57497,359,517473
57498,359,517482
57499,359,517491
57500,359,517500
57501,359,517509
57502,359,517518
57503,359,517527
57504,359,517536
57505,359,517545
57506,359,517554
57507,359,517563
57508,359,517572
57509,359,517581
57510,359,517590
57511,359,517599
57512,360,517608
57513,360,517617
57514,360,517626
57515,360,517635
57516,360,517644
57517,360,517653
57518,360,517662
57519,360,517671
57520,360,517680
57521,360,517689
57522,360,517698
57523,360,517707
57524,360,517716
57525,360,517725
57526,360,517734
57527,360,517743
57528,360,517752
57529,360,517761
57530,360,517770
57531,360,517779
57532,360,517788
57533,360,517797
57534,360,517806
57535,360,517815
57536,361,517824
57537,361,517833
57538,361,517842
57539,361,517851
57540,361,517860
57541,361,517869
57542,361,517878
57543,361,517887
57544,361,517896
57545,361,517905
57546,361,517914
57547,361,517923
57548,361,517932
57549,361,517941
57550,361,517950
57551,361,517959
57552,361,517968
57553,361,517977
57554,361,517986
57555,361,517995
57556,361,518004
57557,361,518013
57558,362,518022
57559,362,518031
57560,362,518040
57561,362,518049
57562,362,518058
57563,362,518067
57564,362,518076
57565,362,518085
57566,362,518094
57567,362,518103
57568,362,518112
57569,362,518121
57570,362,518130
57571,362,518139
57572,362,518148
57573,362,518157
57574,362,518166
57575,362,518175
57576,362,518184
57577,362,518193
57578,362,518202
57579,362,518211
57580,362,518220
57581,362,518229
57582,362,518238
57583,363,518247
57584,363,518256
57585,363,518265
57586,363,518274
57587,363,518283
57588,363,518292
57589,363,518301
57590,363,518310
57591,363,518319
57592,363,518328
57593,363,518337
57594,363,518346
57595,363,518355
57596,363,518364
57597,363,518373
57598,363,518382
57599,363,518391
57600,363,518400
57601,363,518409
57602,363,518418
57603,364,518427
57604,364,518436
57605,364,518445
57606,364,518454
57607,364,518463
57608,364,518472
57609,364,518481
57610,364,518490
57611,364,518499
57612,364,518508
57613,364,518517
57614,364,518526
57615,364,518535
57616,364,518544
57617,364,518553
57618,364,518562
57619,364,518571
57620,364,518580
57621,364,518589
57622,364,518598
57623,364,518607
57624,364,518616
57625,364,518625
57626,364,518634
57627,365,518643
57628,365,518652
57629,365,518661
57630,365,518670
57631,365,518679
57632,365,518688
57633,365,518697
57634,365,518706
57635,365,518715
57636,365,518724
57637,365,518733
57638,365,518742
57639,365,518751
57640,365,518760
57641,365,518769
57642,365,518778
57643,365,518787
57644,365,518796
57645,365,518805
57646,365,518814
57647,365,518823
57648,366,518832
57649,366,518841
57650,366,518850
57651,366,518859
57652,366,518868
57653,366,518877
57654,366,518886
57655,366,518895
57656,366,518904
57657,366,518913
57658,366,518922
57659,366,518931
57660,366,518940
57661,366,518949
57662,366,518958
57663,366,518967
57664,366,518976
57665,366,518985
57666,366,518994
57667,367,519003
57668,367,519012
57669,367,519021
57670,367,519030
57671,367,519039
57672,367,519048
57673,367,519057
57674,367,519066
57675,367,519075
57676,367,519084
57677,367,519093
57678,367,519102
57679,367,519111
57680,367,519120
57681,367,519129
57682,367,519138
57683,367,519147
57684,367,519156
57685,367,519165
57686,367,519174
57687,367,519183
57688,367,519192
57689,367,519201
57690,367,519210
57691,367,519219
57692,367,519228
57693,368,519237
57694,368,519246
57695,368,519255
57696,368,519264
57697,368,519273
57698,368,519282
57699,368,519291
57700,368,519300
57701,368,519309
57702,368,519318
57703,368,519327
57704,368,519336
57705,368,519345
57706,368,519354
57707,368,519363
57708,368,519372
57709,368,519381
57710,368,519390
57711,368,519399
57712,368,519408
57713,368,519417
57714,368,519426
57715,368,519435
57716,368,519444
57717,368,519453
57718,368,519462
57719,368,519471
57720,369,519480
57721,369,519489
57722,369,519498
57723,369,519507
57724,369,519516
57725,369,519525
57726,369,519534
57727,369,519543
57728,369,519552
57729,369,519561
57730,369,519570
57731,369,519579
57732,369,519588
57733,369,519597
57734,369,519606
57735,369,519615
57736,369,519624
57737,369,519633
57738,369,519642
57739,370,519651
57740,370,519660
57741,370,519669
57742,370,519678
57743,370,519687
57744,370,519696
57745,370,519705
57746,370,519714
57747,370,519723
57748,370,519732
57749,370,519741
57750,370,519750
57751,370,519759
57752,370,519768
57753,370,519777
57754,370,519786
57755,370,519795
57756,370,519804
57757,370,519813
57758,371,519822
57759,371,519831
57760,371,519840
57761,371,519849
57762,371,519858
57763,371,519867
57764,371,519876
57765,371,519885
57766,371,519894
57767,371,519903
57768,371,519912
57769,371,519921
57770,371,519930
57771,371,519939
57772,371,519948
57773,371,519957
57774,371,519966
57775,371,519975
57776,371,519984
57777,372,519993
57778,372,520002
57779,372,520011
57780,372,520020
57781,372,520029
57782,372,520038
57783,372,520047
57784,372,520056
57785,372,520065
57786,372,520074
57787,372,520083
57788,372,520092
57789,372,520101
57790,372,520110
57791,372,520119
57792,372,520128
57793,372,520137
57794,372,520146
57795,372,520155
57796,372,520164
57797,372,520173
57798,372,520182
57799,372,520191
57800,372,520200
57801,372,520209
57802,372,520218
57803,372,520227
57804,372,520236
57805,373,520245
57806,373,520254
57807,373,520263
57808,373,520272
57809,373,520281
57810,373,520290
57811,373,520299
57812,373,520308
57813,373,520317
57814,373,520326
57815,373,520335
57816,373,520344
57817,374,520353
57818,374,520362
57819,374,520371
57820,374,520380
57821,374,520389
57822,374,520398
57823,374,520407
57824,374,520416
57825,374,520425
57826,374,520434
57827,375,520443
57828,375,520452
57829,375,520461
57830,375,520470
57831,375,520479
57832,375,520488
57833,375,520497
57834,375,520506
57835,375,520515
57836,375,520524
57837,375,520533
57838,375,520542
57839,375,520551
57840,375,520560
57841,375,520569
57842,375,520578
57843,375,520587
57844,375,520596
57845,376,520605
57846,376,520614
57847,376,520623
57848,376,520632
57849,376,520641
57850,376,520650
57851,376,520659
57852,376,520668
57853,376,520677
57854,376,520686
57855,376,520695
57856,376,520704
57857,376,520713
57858,376,520722
57859,376,520731
57860,376,520740
57861,377,520749
57862,377,520758
57863,377,520767
57864,377,520776
57865,377,520785
57866,377,520794
57867,377,520803
57868,377,520812
57869,377,520821
57870,377,520830
57871,377,520839
57872,377,520848
57873,377,520857
57874,377,520866
57875,377,520875
57876,377,520884
57877,377,520893
57878,377,520902
57879,378,520911
57880,378,520920
57881,378,520929
57882,378,520938
57883,378,520947
57884,378,520956
57885,378,520965
57886,378,520974
57887,378,520983
57888,378,520992
57889,378,521001
57890,378,521010
57891,378,521019
57892,378,521028
57893,378,521037
57894,378,521046
57895,379,521055
57896,379,521064
57897,379,521073
57898,379,521082
57899,379,521091
57900,379,521100
57901,379,521109
57902,379,521118
57903,379,521127
57904,379,521136
57905,379,521145
57906,379,521154
57907,379,521163
57908,379,521172
57909,379,521181
57910,379,521190
57911,379,521199
57912,379,521208
57913,379,521217
57914,379,521226
57915,379,521235
57916,379,521244
57917,380,521253
57918,380,521262
57919,380,521271
57920,380,521280
57921,380,521289
57922,380,521298
57923,380,521307
57924,380,521316
57925,380,521325
57926,380,521334
57927,380,521343
57928,380,521352
57929,380,521361
57930,380,521370
57931,380,521379
57932,380,521388
57933,381,521397
57934,381,521406
57935,381,521415
57936,381,521424
57937,381,521433
57938,381,521442
57939,381,521451
57940,381,521460
57941,381,521469
57942,381,521478
57943,381,521487
57944,381,521496
57945,381,521505
57946,381,521514
57947,381,521523
57948,381,521532
57949,381,521541
57950,381,521550
57951,381,521559
57952,381,521568
57953,382,521577
57954,382,521586
57955,382,521595
57956,382,521604
57957,382,521613
57958,382,521622
57959,382,521631
57960,382,521640
57961,382,521649
57962,382,521658
57963,382,521667
57964,383,521676
57965,383,521685
57966,383,521694
57967,383,521703
57968,383,521712
57969,383,521721
57970,383,521730
57971,383,521739
57972,383,521748
57973,383,521757
57974,383,521766
57975,383,521775
57976,383,521784
57977,383,521793
57978,383,521802
57979,383,521811
57980,383,521820
57981,383,521829
57982,383,521838
57983,383,521847
57984,383,521856
57985,383,521865
57986,383,521874
57987,383,521883
57988,383,521892
57989,383,521901
57990,383,521910
57991,383,521919
57992,384,521928
57993,384,521937
57994,384,521946
57995,384,521955
57996,384,521964
57997,384,521973
57998,384,521982
57999,384,521991
58000,384,522000
58001,384,522009
58002,384,522018
58003,384,522027
58004,384,522036
58005,384,522045
58006,385,522054
58007,385,522063
58008,385,522072
58009,385,522081
58010,385,522090
58011,385,522099
58012,385,522108
58013,385,522117
58014,385,522126
58015,385,522135
58016,385,522144
58017,385,522153
58018,385,522162
58019,385,522171
58020,385,522180
58021,386,522189
58022,386,522198
58023,386,522207
58024,386,522216
58025,386,522225
58026,386,522234
58027,386,522243
58028,386,522252
58029,386,522261
58030,386,522270
58031,386,522279
58032,386,522288
58033,386,522297
58034,386,522306
58035,386,522315
58036,386,522324
58037,386,522333
58038,386,522342
58039,386,522351
58040,386,522360
58041,386,522369
58042,386,522378
58043,386,522387
58044,386,522396
58045,386,522405
58046,386,522414
58047,386,522423
58048,386,522432
58049,386,522441
58050,387,522450
58051,387,522459
58052,387,522468
58053,387,522477
58054,387,522486
58055,387,522495
58056,387,522504
58057,387,522513
58058,387,522522
58059,387,522531
58060,387,522540
58061,387,522549
58062,387,522558
58063,387,522567
58064,387,522576
58065,387,522585
58066,388,522594
58067,388,522603
58068,388,522612
58069,388,522621
58070,388,522630
58071,388,522639
58072,388,522648
58073,388,522657
58074,388,522666
58075,388,522675
58076,388,522684
58077,388,522693
58078,388,522702
58079,388,522711
58080,389,522720
58081,389,522729
58082,389,522738
58083,389,522747
58084,389,522756
58085,389,522765
58086,389,522774
58087,389,522783
58088,389,522792
58089,389,522801
58090,389,522810
58091,389,522819
58092,389,522828
58093,389,522837
58094,389,522846
58095,389,522855
58096,390,522864
58097,390,522873
58098,390,522882
58099,390,522891
58100,390,522900
58101,390,522909
58102,390,522918
58103,390,522927
58104,390,522936
58105,390,522945
58106,390,522954
58107,390,522963
58108,390,522972
58109,390,522981
58110,390,522990
58111,390,522999
58112,390,523008
58113,390,523017
58114,390,523026
58115,390,523035
58116,390,523044
58117,390,523053
58118,390,523062
58119,390,523071
58120,390,523080
58121,390,523089
58122,390,523098
58123,391,523107
58124,391,523116
58125,391,523125
58126,391,523134
58127,391,523143
58128,391,523152
58129,391,523161
58130,391,523170
58131,391,523179
58132,391,523188
58133,391,523197
58134,391,523206
58135,391,523215
58136,391,523224
58137,392,523233
58138,392,523242
58139,392,523251
58140,392,523260
58141,392,523269
58142,392,523278
58143,392,523287
58144,392,523296
58145,392,523305
58146,392,523314
58147,392,523323
58148,392,523332
58149,392,523341
58150,392,523350
58151,392,523359
58152,392,523368
58153,392,523377
58154,392,523386
58155,392,523395
58156,392,523404
58157,392,523413
58158,392,523422
58159,392,523431
58160,392,523440
58161,392,523449
58162,393,523458
58163,393,523467
58164,393,523476
58165,393,523485
58166,393,523494
58167,393,523503
58168,393,523512
58169,393,523521
58170,393,523530
58171,393,523539
58172,393,523548
58173,393,523557
58174,393,523566
58175,393,523575
58176,393,523584
58177,393,523593
58178,393,523602
58179,393,523611
58180,393,523620
58181,393,523629
58182,393,523638
58183,393,523647
58184,393,523656
58185,394,523665
58186,394,523674
58187,394,523683
58188,394,523692
58189,394,523701
58190,394,523710
58191,394,523719
58192,394,523728
58193,394,523737
58194,394,523746
58195,394,523755
58196,394,523764
58197,394,523773
58198,394,523782
58199,394,523791
58200,394,523800
58201,394,523809
58202,394,523818
58203,394,523827
58204,394,523836
58205,394,523845
58206,394,523854
58207,394,523863
58208,394,523872
58209,394,523881
58210,394,523890
58211,395,523899
58212,395,523908
58213,395,523917
58214,395,523926
58215,395,523935
58216,395,523944
58217,395,523953
58218,395,523962
58219,395,523971
58220,395,523980
58221,395,523989
58222,395,523998
58223,395,524007
58224,395,524016
58225,395,524025
58226,395,524034
58227,395,524043
58228,395,524052
58229,395,524061
58230,395,524070
58231,395,524079
58232,395,524088
58233,395,524097
58234,395,524106
58235,395,524115
58236,395,524124
58237,395,524133
58238,395,524142
58239,396,524151
58240,396,524160
58241,396,524169
58242,396,524178
58243,396,524187
58244,396,524196
58245,396,524205
58246,396,524214
58247,396,524223
58248,396,524232
58249,396,524241
58250,396,524250
58251,396,524259
58252,396,524268
58253,396,524277
58254,396,524286
58255,396,524295
58256,396,524304
58257,396,524313
58258,397,524322
58259,397,524331
58260,397,524340
58261,397,524349
58262,397,524358
58263,397,524367
58264,397,524376
58265,397,524385
58266,397,524394
58267,397,524403
58268,397,524412
58269,397,524421
58270,397,524430
58271,397,524439
58272,397,524448
58273,397,524457
58274,398,524466
58275,398,524475
58276,398,524484
58277,398,524493
58278,398,524502
58279,398,524511
58280,398,524520
58281,398,524529
58282,398,524538
58283,398,524547
58284,398,524556
58285,398,524565
58286,398,524574
58287,399,524583
58288,399,524592
58289,399,524601
58290,399,524610
58291,399,524619
58292,399,524628
58293,399,524637
58294,399,524646
58295,399,524655
58296,399,524664
58297,399,524673
58298,399,524682
58299,400,524691
58300,400,524700
58301,400,524709
58302,400,524718
58303,400,524727
58304,400,524736
58305,400,524745
58306,400,524754
58307,400,524763
58308,400,524772
58309,400,524781
58310,400,524790
58311,400,524799
58312,400,524808
58313,400,524817
58314,400,524826
58315,400,524835
58316,400,524844
58317,401,524853
58318,401,524862
58319,401,524871
58320,401,524880
58321,401,524889
58322,401,524898
58323,401,524907
58324,401,524916
58325,401,524925
58326,401,524934
58327,401,524943
58328,401,524952
58329,401,524961
58330,401,524970
58331,401,524979
58332,401,524988
58333,401,524997
58334,401,525006
58335,401,525015
58336,401,525024
58337,401,525033
58338,401,525042
58339,402,525051
58340,402,525060
58341,402,525069
58342,402,525078
58343,402,525087
58344,402,525096
58345,402,525105
58346,402,525114
58347,402,525123
58348,402,525132
58349,402,525141
58350,402,525150
58351,402,525159
58352,402,525168
58353,402,525177
58354,402,525186
58355,402,525195
58356,402,525204
58357,402,525213
58358,403,525222
58359,403,525231
58360,403,525240
58361,403,525249
58362,403,525258
58363,403,525267
58364,403,525276
58365,403,525285
58366,403,525294
58367,403,525303
58368,403,525312
58369,403,525321
58370,403,525330
58371,403,525339
58372,403,525348
58373,403,525357
58374,404,525366
58375,404,525375
58376,404,525384
58377,404,525393
58378,404,525402
58379,404,525411
58380,404,525420
58381,404,525429
58382,404,525438
58383,404,525447
58384,404,525456
58385,404,525465
58386,404,525474
58387,404,525483
58388,404,525492
58389,404,525501
58390,404,525510
58391,404,525519
58392,404,525528
58393,404,525537
58394,404,525546
58395,404,525555
58396,404,525564
58397,405,525573
58398,405,525582
58399,405,525591
58400,405,525600
58401,405,525609
58402,405,525618
58403,405,525627
58404,405,525636
58405,405,525645
58406,405,525654
58407,405,525663
58408,405,525672
58409,405,525681
58410,405,525690
58411,405,525699
58412,406,525708
58413,406,525717
58414,406,525726
58415,406,525735
58416,406,525744
58417,406,525753
58418,406,525762
58419,406,525771
58420,406,525780
58421,406,525789
58422,406,525798
58423,406,525807
58424,406,525816
58425,406,525825
58426,406,525834
58427,406,525843
58428,407,525852
58429,407,525861
58430,407,525870
58431,407,525879
58432,407,525888
58433,407,525897
58434,407,525906
58435,407,525915
58436,407,525924
58437,407,525933
58438,407,525942
58439,407,525951
58440,407,525960
58441,407,525969
58442,407,525978
58443,407,525987
58444,407,525996
58445,407,526005
58446,407,526014
58447,407,526023
58448,407,526032
58449,408,526041
58450,408,526050
58451,408,526059
58452,408,526068
58453,408,526077
58454,408,526086
58455,408,526095
58456,408,526104
58457,408,526113
58458,408,526122
58459,408,526131
58460,408,526140
58461,408,526149
58462,408,526158
58463,408,526167
58464,408,526176
58465,408,526185
58466,408,526194
58467,408,526203
58468,408,526212
58469,408,526221
58470,408,526230
58471,408,526239
58472,408,526248
58473,408,526257
58474,408,526266
58475,408,526275
58476,409,526284
58477,409,526293
58478,409,526302
58479,409,526311
58480,409,526320
58481,409,526329
58482,409,526338
58483,409,526347
58484,409,526356
58485,409,526365
58486,409,526374
58487,409,526383
58488,409,526392
58489,409,526401
58490,409,526410
58491,410,526419
58492,410,526428
58493,410,526437
58494,410,526446
58495,410,526455
58496,410,526464
58497,410,526473
58498,410,526482
58499,410,526491
58500,410,526500
58501,410,526509
58502,410,526518
58503,410,526527
58504,410,526536
58505,410,526545
58506,410,526554
58507,410,526563
58508,410,526572
58509,411,526581
58510,411,526590
58511,411,526599
58512,411,526608
58513,411,526617
58514,411,526626
58515,411,526635
58516,411,526644
58517,411,526653
58518,411,526662
58519,411,526671
58520,411,526680
58521,411,526689
58522,411,526698
58523,411,526707
58524,412,526716
58525,412,526725
58526,412,526734
58527,412,526743
58528,412,526752
58529,412,526761
58530,412,526770
58531,412,526779
58532,412,526788
58533,412,526797
58534,412,526806
58535,412,526815
58536,412,526824
58537,412,526833
58538,412,526842
58539,412,526851
58540,412,526860
58541,412,526869
58542,412,526878
58543,413,526887
58544,413,526896
58545,413,526905
58546,413,526914
58547,413,526923
58548,413,526932
58549,413,526941
58550,413,526950
58551,413,526959
58552,413,526968
58553,413,526977
58554,413,526986
58555,413,526995
58556,413,527004
58557,413,527013
58558,413,527022
58559,413,527031
58560,413,527040
58561,414,527049
58562,414,527058
58563,414,527067
58564,414,527076
58565,414,527085
58566,414,527094
58567,414,527103
58568,414,527112
58569,414,527121
58570,414,527130
58571,414,527139
58572,414,527148
58573,414,527157
58574,414,527166
58575,414,527175
58576,414,527184
58577,415,527193
58578,415,527202
58579,415,527211
58580,415,527220
58581,415,527229
58582,415,527238
58583,415,527247
58584,415,527256
58585,415,527265
58586,415,527274
58587,415,527283
58588,415,527292
58589,415,527301
58590,415,527310
58591,415,527319
58592,415,527328
58593,415,527337
58594,415,527346
58595,415,527355
58596,415,527364
58597,415,527373
58598,416,527382
58599,416,527391
58600,416,527400
58601,416,527409
58602,416,527418
58603,416,527427
58604,416,527436
58605,416,527445
58606,416,527454
58607,416,527463
58608,416,527472
58609,416,527481
58610,416,527490
58611,416,527499
58612,416,527508
58613,416,527517
58614,416,527526
58615,416,527535
58616,416,527544
58617,416,527553
58618,416,527562
58619,416,527571
58620,417,527580
58621,417,527589
58622,417,527598
58623,417,527607
58624,417,527616
58625,417,527625
58626,417,527634
58627,417,527643
58628,417,527652
58629,417,527661
58630,417,527670
58631,417,527679
58632,417,527688
58633,417,527697
58634,417,527706
58635,417,527715
58636,417,527724
58637,417,527733
58638,418,527742
58639,418,527751
58640,418,527760
58641,418,527769
58642,418,527778
58643,418,527787
58644,418,527796
58645,418,527805
58646,418,527814
58647,418,527823
58648,418,527832
58649,418,527841
58650,418,527850
58651,418,527859
58652,418,527868
58653,418,527877
58654,418,527886
58655,418,527895
58656,418,527904
58657,418,527913
58658,419,527922
58659,419,527931
58660,419,527940
58661,419,527949
58662,419,527958
58663,419,527967
58664,419,527976
58665,419,527985
58666,419,527994
58667,419,528003
58668,419,528012
58669,419,528021
58670,420,528030
58671,420,528039
58672,420,528048
58673,420,528057
58674,420,528066
58675,420,528075
58676,420,528084
58677,420,528093
58678,420,528102
58679,420,528111
58680,420,528120
58681,420,528129
58682,420,528138
58683,420,528147
58684,420,528156
58685,420,528165
58686,420,528174
58687,421,528183
58688,421,528192
58689,421,528201
58690,421,528210
58691,421,528219
58692,421,528228
58693,421,528237
58694,421,528246
58695,421,528255
58696,421,528264
58697,421,528273
58698,421,528282
58699,421,528291
58700,421,528300
58701,421,528309
58702,421,528318
58703,421,528327
58704,422,528336
58705,422,528345
58706,422,528354
58707,422,528363
58708,422,528372
58709,422,528381
58710,422,528390
58711,422,528399
58712,422,528408
58713,422,528417
58714,422,528426
58715,422,528435
58716,422,528444
58717,422,528453
58718,422,528462
58719,422,528471
58720,423,528480
58721,423,528489
58722,423,528498
58723,423,528507
58724,423,528516
58725,423,528525
58726,423,528534
58727,423,528543
58728,423,528552
58729,423,528561
58730,423,528570
58731,423,528579
58732,423,528588
58733,423,528597
58734,423,528606
58735,423,528615
58736,423,528624
58737,424,528633
58738,424,528642
58739,424,528651
58740,424,528660
58741,424,528669
58742,424,528678
58743,424,528687
58744,424,528696
58745,424,528705
58746,424,528714
58747,424,528723
58748,424,528732
58749,424,528741
58750,425,528750
58751,425,528759
58752,425,528768
58753,425,528777
58754,425,528786
58755,425,528795
58756,425,528804
58757,425,528813
58758,425,528822
58759,425,528831
58760,425,528840
58761,425,528849
58762,425,528858
58763,425,528867
58764,425,528876
58765,425,528885
58766,425,528894
58767,425,528903
58768,425,528912
58769,425,528921
58770,425,528930
58771,425,528939
58772,426,528948
58773,426,528957
58774,426,528966
58775,426,528975
58776,426,528984
58777,426,528993
58778,426,529002
58779,426,529011
58780,426,529020
58781,426,529029
58782,426,529038
58783,426,529047
58784,426,529056
58785,426,529065
58786,426,529074
58787,426,529083
58788,426,529092
58789,426,529101
58790,426,529110
58791,426,529119
58792,427,529128
58793,427,529137
58794,427,529146
58795,427,529155
58796,427,529164
58797,427,529173
58798,427,529182
58799,427,529191
58800,427,529200
58801,427,529209
58802,427,529218
58803,427,529227
58804,427,529236
58805,427,529245
58806,427,529254
58807,427,529263
58808,427,529272
58809,427,529281
58810,427,529290
58811,427,529299
58812,427,529308
58813,427,529317
58814,428,529326
58815,428,529335
58816,428,529344
58817,428,529353
58818,428,529362
58819,428,529371
58820,428,529380
58821,428,529389
58822,428,529398
58823,428,529407
58824,428,529416
58825,428,529425
58826,428,529434
58827,428,529443
58828,428,529452
58829,428,529461
58830,429,529470
58831,429,529479
58832,429,529488
58833,429,529497
58834,429,529506
58835,429,529515
58836,429,529524
58837,429,529533
58838,429,529542
58839,429,529551
58840,429,529560
58841,429,529569
58842,429,529578
58843,429,529587
58844,429,529596
58845,429,529605
58846,429,529614
58847,429,529623
58848,429,529632
58849,429,529641
58850,429,529650
58851,429,529659
58852,430,529668
58853,430,529677
58854,430,529686
58855,430,529695
58856,430,529704
58857,430,529713
58858,430,529722
58859,430,529731
58860,430,529740
58861,430,529749
58862,430,529758
58863,430,529767
58864,430,529776
58865,430,529785
58866,430,529794
58867,431,529803
58868,431,529812
58869,431,529821
58870,431,529830
58871,431,529839
58872,431,529848
58873,431,529857
58874,432,529866
58875,432,529875
58876,432,529884
58877,432,529893
58878,432,529902
58879,432,529911
58880,432,529920
58881,432,529929
58882,432,529938
58883,432,529947
58884,432,529956
58885,432,529965
58886,432,529974
58887,432,529983
58888,432,529992
58889,432,530001
58890,432,530010
58891,432,530019
58892,432,530028
58893,432,530037
58894,432,530046
58895,432,530055
58896,433,530064
58897,433,530073
58898,433,530082
58899,433,530091
58900,433,530100
58901,433,530109
58902,433,530118
58903,433,530127
58904,433,530136
58905,433,530145
58906,433,530154
58907,433,530163
58908,433,530172
58909,433,530181
58910,433,530190
58911,433,530199
58912,433,530208
58913,434,530217
58914,434,530226
58915,434,530235
58916,434,530244
58917,434,530253
58918,434,530262
58919,434,530271
58920,434,530280
58921,434,530289
58922,434,530298
58923,434,530307
58924,434,530316
58925,434,530325
58926,434,530334
58927,434,530343
58928,434,530352
58929,435,530361
58930,435,530370
58931,435,530379
58932,435,530388
58933,435,530397
58934,435,530406
58935,435,530415
58936,435,530424
58937,435,530433
58938,435,530442
58939,435,530451
58940,435,530460
58941,435,530469
58942,435,530478
58943,435,530487
58944,435,530496
58945,435,530505
58946,435,530514
58947,435,530523
58948,435,530532
58949,435,530541
58950,436,530550
58951,436,530559
58952,436,530568
58953,436,530577
58954,436,530586
58955,436,530595
58956,436,530604
58957,436,530613
58958,436,530622
58959,436,530631
58960,436,530640
58961,436,530649
58962,436,530658
58963,436,530667
58964,436,530676
58965,436,530685
58966,436,530694
58967,436,530703
58968,437,530712
58969,437,530721
58970,437,530730
58971,437,530739
58972,437,530748
58973,437,530757
58974,437,530766
58975,437,530775
58976,437,530784
58977,437,530793
58978,437,530802
58979,437,530811
58980,437,530820
58981,437,530829
58982,438,530838
58983,438,530847
58984,438,530856
58985,438,530865
58986,438,530874
58987,438,530883
58988,438,530892
58989,438,530901
58990,438,530910
58991,438,530919
58992,438,530928
58993,438,530937
58994,438,530946
58995,438,530955
58996,438,530964
58997,438,530973
58998,438,530982
58999,438,530991
59000,439,531000
59001,439,531009
59002,439,531018
59003,439,531027
59004,439,531036
59005,439,531045
59006,439,531054
59007,439,531063
59008,439,531072
59009,439,531081
59010,439,531090
59011,439,531099
59012,439,531108
59013,440,531117
59014,440,531126
59015,440,531135
59016,440,531144
59017,440,531153
59018,440,531162
59019,440,531171
59020,440,531180
59021,440,531189
59022,440,531198
59023,440,531207
59024,440,531216
59025,440,531225
59026,440,531234
59027,440,531243
59028,440,531252
59029,440,531261
59030,440,531270
59031,441,531279
59032,441,531288
59033,441,531297
59034,441,531306
59035,441,531315
59036,441,531324
59037,441,531333
59038,441,531342
59039,441,531351
59040,441,531360
59041,441,531369
59042,442,531378
59043,442,531387
59044,442,531396
59045,442,531405
59046,442,531414
59047,442,531423
59048,442,531432
59049,442,531441
59050,442,531450
59051,442,531459
59052,442,531468
59053,442,531477
59054,442,531486
59055,442,531495
59056,443,531504
59057,443,531513
59058,443,531522
59059,443,531531
59060,443,531540
59061,443,531549
59062,443,531558
59063,443,531567
59064,443,531576
59065,443,531585
59066,443,531594
59067,443,531603
59068,443,531612
59069,443,531621
59070,443,531630
59071,443,531639
59072,443,531648
59073,444,531657
59074,444,531666
59075,444,531675
59076,444,531684
59077,444,531693
59078,444,531702
59079,444,531711
59080,444,531720
59081,444,531729
59082,444,531738
59083,444,531747
59084,445,531756
59085,445,531765
59086,445,531774
59087,445,531783
59088,445,531792
59089,445,531801
59090,445,531810
59091,445,531819
59092,445,531828
59093,445,531837
59094,445,531846
59095,445,531855
59096,445,531864
59097,446,531873
59098,446,531882
59099,446,531891
59100,446,531900
59101,446,531909
59102,446,531918
59103,446,531927
59104,446,531936
59105,446,531945
59106,446,531954
59107,446,531963
59108,446,531972
59109,446,531981
59110,446,531990
59111,446,531999
59112,446,532008
59113,446,532017
59114,446,532026
59115,446,532035
59116,446,532044
59117,447,532053
59118,447,532062
59119,447,532071
59120,447,532080
59121,447,532089
59122,447,532098
59123,447,532107
59124,447,532116
59125,447,532125
59126,447,532134
59127,447,532143
59128,447,532152
59129,447,532161
59130,447,532170
59131,447,532179
59132,447,532188
59133,447,532197
59134,447,532206
59135,447,532215
59136,447,532224
59137,447,532233
59138,448,532242
59139,448,532251
59140,448,532260
59141,448,532269
59142,448,532278
59143,448,532287
59144,448,532296
59145,448,532305
59146,448,532314
59147,448,532323
59148,448,532332
59149,448,532341
59150,448,532350
59151,448,532359
59152,448,532368
59153,448,532377
59154,448,532386
59155,449,532395
59156,449,532404
59157,449,532413
59158,449,532422
59159,449,532431
59160,449,532440
59161,449,532449
59162,450,532458
59163,450,532467
59164,450,532476
59165,450,532485
59166,450,532494
59167,450,532503
59168,450,532512
59169,450,532521
59170,450,532530
59171,450,532539
59172,450,532548
59173,450,532557
59174,451,532566
59175,451,532575
59176,451,532584
59177,451,532593
59178,451,532602
59179,451,532611
59180,451,532620
59181,451,532629
59182,451,532638
59183,451,532647
59184,451,532656
59185,451,532665
59186,451,532674
59187,451,532683
59188,451,532692
59189,451,532701
59190,451,532710
59191,451,532719
59192,451,532728
59193,452,532737
59194,452,532746
59195,452,532755
59196,452,532764
59197,452,532773
59198,452,532782
59199,452,532791
59200,452,532800
59201,452,532809
59202,452,532818
59203,452,532827
59204,452,532836
59205,452,532845
59206,452,532854
59207,452,532863
59208,452,532872
59209,452,532881
59210,453,532890
59211,453,532899
59212,453,532908
59213,453,532917
59214,453,532926
59215,453,532935
59216,453,532944
59217,453,532953
59218,453,532962
59219,453,532971
59220,453,532980
59221,453,532989
59222,453,532998
59223,453,533007
59224,453,533016
59225,453,533025
59226,453,533034
59227,454,533043
59228,454,533052
59229,454,533061
59230,454,533070
59231,454,533079
59232,454,533088
59233,454,533097
59234,454,533106
59235,454,533115
59236,454,533124
59237,454,533133
59238,454,533142
59239,454,533151
59240,454,533160
59241,454,533169
59242,455,533178
59243,455,533187
59244,455,533196
59245,455,533205
59246,455,533214
59247,455,533223
59248,455,533232
59249,455,533241
59250,455,533250
59251,455,533259
59252,455,533268
59253,455,533277
59254,455,533286
59255,455,533295
59256,455,533304
59257,455,533313
59258,456,533322
59259,456,533331
59260,456,533340
59261,456,533349
59262,456,533358
59263,456,533367
59264,456,533376
59265,456,533385
59266,456,533394
59267,456,533403
59268,456,533412
59269,456,533421
59270,456,533430
59271,456,533439
59272,457,533448
59273,457,533457
59274,457,533466
59275,457,533475
59276,457,533484
59277,457,533493
59278,457,533502
59279,457,533511
59280,457,533520
59281,457,533529
59282,457,533538
59283,457,533547
59284,457,533556
59285,458,533565
59286,458,533574
59287,458,533583
59288,458,533592
59289,458,533601
59290,458,533610
59291,458,533619
59292,458,533628
59293,458,533637
59294,458,533646
59295,458,533655
59296,458,533664
59297,458,533673
59298,458,533682
59299,459,533691
59300,459,533700
59301,459,533709
59302,459,533718
59303,459,533727
59304,459,533736
59305,459,533745
59306,459,533754
59307,459,533763
59308,459,533772
59309,459,533781
59310,459,533790
59311,459,533799
59312,460,533808
59313,460,533817
59314,460,533826
59315,460,533835
59316,460,533844
59317,460,533853
59318,460,533862
59319,460,533871
59320,460,533880
59321,460,533889
59322,460,533898
59323,460,533907
59324,461,533916
59325,461,533925
59326,461,533934
59327,461,533943
59328,461,533952
59329,461,533961
59330,461,533970
59331,461,533979
59332,461,533988
59333,461,533997
59334,461,534006
59335,461,534015
59336,461,534024
59337,461,534033
59338,461,534042
59339,461,534051
59340,461,534060
59341,461,534069
59342,461,534078
59343,461,534087
59344,462,534096
59345,462,534105
59346,462,534114
59347,462,534123
59348,462,534132
59349,462,534141
59350,462,534150
59351,462,534159
59352,462,534168
59353,462,534177
59354,462,534186
59355,462,534195
59356,462,534204
59357,462,534213
59358,462,534222
59359,462,534231
59360,462,534240
59361,462,534249
59362,462,534258
59363,463,534267
59364,463,534276
59365,463,534285
59366,463,534294
59367,463,534303
59368,463,534312
59369,463,534321
59370,463,534330
59371,463,534339
59372,463,534348
59373,463,534357
59374,463,534366
59375,463,534375
59376,463,534384
59377,464,534393
59378,464,534402
59379,464,534411
59380,464,534420
59381,464,534429
59382,464,534438
59383,464,534447
59384,464,534456
59385,464,534465
59386,464,534474
59387,464,534483
59388,464,534492
59389,464,534501
59390,464,534510
59391,464,534519
59392,465,534528
59393,465,534537
59394,465,534546
59395,465,534555
59396,465,534564
59397,465,534573
59398,465,534582
59399,465,534591
59400,465,534600
59401,465,534609
59402,465,534618
59403,465,534627
59404,465,534636
59405,465,534645
59406,465,534654
59407,465,534663
59408,465,534672
59409,465,534681
59410,465,534690
59411,465,534699
59412,465,534708
59413,466,534717
59414,466,534726
59415,466,534735
59416,466,534744
59417,466,534753
59418,466,534762
59419,466,534771
59420,466,534780
59421,466,534789
59422,466,534798
59423,466,534807
59424,466,534816
59425,466,534825
59426,466,534834
59427,466,534843
59428,466,534852
59429,466,534861
59430,466,534870
59431,467,534879
59432,467,534888
59433,467,534897
59434,467,534906
59435,467,534915
59436,467,534924
59437,467,534933
59438,467,534942
59439,467,534951
59440,468,534960
59441,468,534969
59442,468,534978
59443,468,534987
59444,468,534996
59445,468,535005
59446,468,535014
59447,468,535023
59448,468,535032
59449,468,535041
59450,468,535050
59451,468,535059
59452,468,535068
59453,468,535077
59454,468,535086
59455,469,535095
59456,469,535104
59457,469,535113
59458,469,535122
59459,469,535131
59460,469,535140
59461,469,535149
59462,469,535158
59463,469,535167
59464,469,535176
59465,469,535185
59466,469,535194
59467,469,535203
59468,469,535212
59469,469,535221
59470,469,535230
59471,469,535239
59472,470,535248
59473,470,535257
59474,470,535266
59475,470,535275
59476,470,535284
59477,470,535293
59478,470,535302
59479,470,535311
59480,470,535320
59481,470,535329
59482,470,535338
59483,470,535347
59484,471,535356
59485,471,535365
59486,471,535374
59487,471,535383
59488,471,535392
59489,471,535401
59490,471,535410
59491,471,535419
59492,471,535428
59493,471,535437
59494,471,535446
59495,471,535455
59496,471,535464
59497,471,535473
59498,471,535482
59499,472,535491
59500,472,535500
59501,472,535509
59502,472,535518
59503,472,535527
59504,472,535536
59505,472,535545
59506,472,535554
59507,472,535563
59508,472,535572
59509,472,535581
59510,472,535590
59511,473,535599
59512,473,535608
59513,473,535617
59514,473,535626
59515,473,535635
59516,473,535644
59517,473,535653
59518,473,535662
59519,473,535671
59520,473,535680
59521,473,535689
59522,474,535698
59523,474,535707
59524,474,535716
59525,474,535725
59526,474,535734
59527,474,535743
59528,474,535752
59529,474,535761
59530,474,535770
59531,474,535779
59532,474,535788
59533,474,535797
59534,474,535806
59535,474,535815
59536,474,535824
59537,475,535833
59538,475,535842
59539,475,535851
59540,475,535860
59541,475,535869
59542,475,535878
59543,475,535887
59544,475,535896
59545,475,535905
59546,475,535914
59547,475,535923
59548,475,535932
59549,475,535941
59550,475,535950
59551,476,535959
59552,476,535968
59553,476,535977
59554,476,535986
59555,476,535995
59556,476,536004
59557,476,536013
59558,476,536022
59559,476,536031
59560,476,536040
59561,476,536049
59562,476,536058
59563,476,536067
59564,476,536076
59565,476,536085
59566,476,536094
59567,477,536103
59568,477,536112
59569,477,536121
59570,477,536130
59571,477,536139
59572,477,536148
59573,477,536157
59574,477,536166
59575,477,536175
59576,477,536184
59577,477,536193
59578,477,536202
59579,477,536211
59580,478,536220
59581,478,536229
59582,478,536238
59583,478,536247
59584,478,536256
59585,478,536265
59586,478,536274
59587,478,536283
59588,478,536292
59589,478,536301
59590,478,536310
59591,478,536319
59592,478,536328
59593,478,536337
59594,478,536346
59595,479,536355
59596,479,536364
59597,479,536373
59598,479,536382
59599,479,536391
59600,479,536400
59601,479,536409
59602,479,536418
59603,479,536427
59604,479,536436
59605,479,536445
59606,479,536454
59607,479,536463
59608,479,536472
59609,479,536481
59610,480,536490
59611,480,536499
59612,480,536508
59613,480,536517
59614,480,536526
59615,480,536535
59616,480,536544
59617,480,536553
59618,480,536562
59619,480,536571
59620,480,536580
59621,480,536589
59622,480,536598
59623,480,536607
59624,480,536616
59625,480,536625
59626,481,536634
59627,481,536643
59628,481,536652
59629,481,536661
59630,481,536670
59631,481,536679
59632,481,536688
59633,481,536697
59634,481,536706
59635,481,536715
59636,481,536724
59637,481,536733
59638,481,536742
59639,481,536751
59640,481,536760
59641,482,536769
59642,482,536778
59643,482,536787
59644,482,536796
59645,482,536805
59646,482,536814
59647,482,536823
59648,482,536832
59649,482,536841
59650,482,536850
59651,482,536859
59652,482,536868
59653,482,536877
59654,483,536886
59655,483,536895
59656,483,536904
59657,483,536913
59658,483,536922
59659,483,536931
59660,483,536940
59661,483,536949
59662,483,536958
59663,484,536967
59664,484,536976
59665,484,536985
59666,484,536994
59667,484,537003
59668,484,537012
59669,484,537021
59670,484,537030
59671,485,537039
59672,485,537048
59673,485,537057
59674,485,537066
59675,485,537075
59676,485,537084
59677,485,537093
59678,485,537102
59679,485,537111
59680,485,537120
59681,485,537129
59682,485,537138
59683,485,537147
59684,485,537156
59685,485,537165
59686,485,537174
59687,486,537183
59688,486,537192
59689,486,537201
59690,486,537210
59691,486,537219
59692,486,537228
59693,486,537237
59694,486,537246
59695,486,537255
59696,486,537264
59697,486,537273
59698,486,537282
59699,487,537291
59700,487,537300
59701,487,537309
59702,487,537318
59703,487,537327
59704,487,537336
59705,487,537345
59706,487,537354
59707,487,537363
59708,487,537372
59709,487,537381
59710,487,537390
59711,487,537399
59712,487,537408
59713,487,537417
59714,487,537426
59715,487,537435
59716,488,537444
59717,488,537453
59718,488,537462
59719,488,537471
59720,488,537480
59721,488,537489
59722,489,537498
59723,489,537507
59724,489,537516
59725,489,537525
59726,489,537534
59727,489,537543
59728,489,537552
59729,489,537561
59730,489,537570
59731,489,537579
59732,489,537588
59733,489,537597
59734,490,537606
59735,490,537615
59736,490,537624
59737,490,537633
59738,491,537642
59739,491,537651
59740,491,537660
59741,491,537669
59742,491,537678
59743,491,537687
59744,491,537696
59745,491,537705
59746,491,537714
59747,491,537723
59748,491,537732
59749,491,537741
59750,491,537750
59751,492,537759
59752,492,537768
59753,492,537777
59754,492,537786
59755,492,537795
59756,492,537804
59757,492,537813
59758,492,537822
59759,492,537831
59760,492,537840
59761,492,537849
59762,492,537858
59763,492,537867
59764,492,537876
59765,493,537885
59766,493,537894
59767,493,537903
59768,493,537912
59769,493,537921
59770,493,537930
59771,493,537939
59772,493,537948
59773,493,537957
59774,493,537966
59775,493,537975
59776,493,537984
59777,493,537993
59778,493,538002
59779,493,538011
59780,493,538020
59781,493,538029
59782,493,538038
59783,493,538047
59784,494,538056
59785,494,538065
59786,494,538074
59787,494,538083
59788,494,538092
59789,494,538101
59790,494,538110
59791,494,538119
59792,494,538128
59793,494,538137
59794,494,538146
59795,494,538155
59796,495,538164
59797,495,538173
59798,495,538182
59799,495,538191
59800,495,538200
59801,495,538209
59802,495,538218
59803,495,538227
59804,495,538236
59805,495,538245
59806,495,538254
59807,495,538263
59808,495,538272
59809,495,538281
59810,495,538290
59811,495,538299
59812,495,538308
59813,496,538317
59814,496,538326
59815,496,538335
59816,496,538344
59817,496,538353
59818,496,538362
59819,496,538371
59820,496,538380
59821,496,538389
59822,496,538398
59823,496,538407
59824,496,538416
59825,496,538425
59826,497,538434
59827,497,538443
59828,497,538452
59829,497,538461
59830,497,538470
59831,497,538479
59832,497,538488
59833,497,538497
59834,497,538506
59835,497,538515
59836,497,538524
59837,497,538533
59838,497,538542
59839,497,538551
59840,498,538560
59841,498,538569
59842,498,538578
59843,498,538587
59844,498,538596
59845,498,538605
59846,498,538614
59847,498,538623
59848,498,538632
59849,498,538641
59850,498,538650
59851,498,538659
59852,499,538668
59853,499,538677
59854,499,538686
59855,499,538695
59856,499,538704
59857,499,538713
59858,499,538722
59859,499,538731
59860,499,538740
59861,499,538749
59862,499,538758
59863,499,538767
59864,500,538776
59865,500,538785
59866,500,538794
59867,500,538803
59868,500,538812
59869,500,538821
59870,500,538830
59871,500,538839
59872,500,538848
59873,500,538857
59874,500,538866
59875,500,538875
59876,501,538884
59877,501,538893
59878,501,538902
59879,501,538911
59880,501,538920
59881,501,538929
59882,501,538938
59883,501,538947
59884,501,538956
59885,501,538965
59886,501,538974
59887,501,538983
59888,501,538992
59889,501,539001
59890,501,539010
59891,501,539019
59892,501,539028
59893,501,539037
59894,501,539046
59895,502,539055
59896,502,539064
59897,502,539073
59898,502,539082
59899,502,539091
59900,502,539100
59901,502,539109
59902,502,539118
59903,502,539127
59904,502,539136
59905,502,539145
59906,502,539154
59907,502,539163
59908,502,539172
59909,502,539181
59910,502,539190
59911,502,539199
59912,502,539208
59913,503,539217
59914,503,539226
59915,503,539235
59916,503,539244
59917,503,539253
59918,503,539262
59919,503,539271
59920,503,539280
59921,503,539289
59922,503,539298
59923,503,539307
59924,504,539316
59925,504,539325
59926,504,539334
59927,504,539343
59928,504,539352
59929,504,539361
59930,504,539370
59931,504,539379
59932,505,539388
59933,505,539397
59934,505,539406
59935,505,539415
59936,505,539424
59937,505,539433
59938,505,539442
59939,505,539451
59940,505,539460
59941,505,539469
59942,505,539478
59943,505,539487
59944,505,539496
59945,506,539505
59946,506,539514
59947,506,539523
59948,506,539532
59949,506,539541
59950,506,539550
59951,506,539559
59952,506,539568
59953,506,539577
59954,506,539586
59955,506,539595
59956,506,539604
59957,506,539613
59958,506,539622
59959,506,539631
59960,506,539640
59961,506,539649
59962,507,539658
59963,507,539667
59964,507,539676
59965,507,539685
59966,507,539694
59967,507,539703
59968,507,539712
59969,507,539721
59970,507,539730
59971,507,539739
59972,508,539748
59973,508,539757
59974,508,539766
59975,508,539775
59976,508,539784
59977,508,539793
59978,508,539802
59979,509,539811
59980,509,539820
59981,509,539829
59982,509,539838
59983,509,539847
59984,509,539856
59985,509,539865
59986,510,539874
59987,510,539883
59988,510,539892
59989,510,539901
59990,510,539910
59991,510,539919
59992,510,539928
59993,510,539937
59994,510,539946
59995,511,539955
59996,511,539964
59997,511,539973
59998,511,539982
59999,511,539991
60000,511,540000
60001,511,540009
60002,512,600020
60003,512,600030
60004,512,600040
60005,512,600050
60006,512,600060
60007,512,600070
60008,512,600080
60009,512,600090
60010,512,600100
60011,512,600110
60012,513,600120
60013,513,600130
60014,513,600140
60015,513,600150
60016,513,600160
60017,513,600170
60018,513,600180
60019,513,600190
60020,513,600200
60021,513,600210
60022,513,600220
60023,513,600230
60024,513,600240
60025,513,600250
60026,513,600260
60027,513,600270
60028,514,600280
60029,514,600290
60030,514,600300
60031,514,600310
60032,514,600320
60033,514,600330
60034,514,600340
60035,514,600350
60036,514,600360
60037,514,600370
60038,514,600380
60039,514,600390
60040,514,600400
60041,514,600410
60042,514,600420
60043,515,600430
60044,515,600440
60045,515,600450
60046,515,600460
60047,515,600470
60048,515,600480
60049,515,600490
60050,515,600500
60051,515,600510
60052,515,600520
60053,516,600530
60054,516,600540
60055,516,600550
60056,516,600560
60057,516,600570
60058,516,600580
60059,516,600590
60060,516,600600
60061,516,600610
60062,516,600620
60063,516,600630
60064,516,600640
60065,516,600650
60066,516,600660
60067,516,600670
60068,516,600680
60069,516,600690
60070,517,600700
60071,517,600710
60072,517,600720
60073,517,600730
60074,517,600740
60075,517,600750
60076,517,600760
60077,517,600770
60078,517,600780
60079,517,600790
60080,517,600800
60081,517,600810
60082,517,600820
60083,518,600830
60084,518,600840
60085,518,600850
60086,518,600860
60087,518,600870
60088,518,600880
60089,518,600890
60090,518,600900
60091,518,600910
60092,518,600920
60093,518,600930
60094,518,600940
60095,518,600950
60096,518,600960
60097,518,600970
60098,519,600980
60099,519,600990
60100,519,601000
60101,519,601010
60102,519,601020
60103,519,601030
60104,519,601040
60105,519,601050
60106,520,601060
60107,520,601070
60108,520,601080
60109,520,601090
60110,520,601100
60111,520,601110
60112,520,601120
60113,520,601130
60114,520,601140
60115,520,601150
60116,520,601160
60117,520,601170
60118,520,601180
60119,520,601190
60120,520,601200
60121,520,601210
60122,520,601220
60123,520,601230
60124,521,601240
60125,521,601250
60126,521,601260
60127,521,601270
60128,521,601280
60129,521,601290
60130,521,601300
60131,521,601310
60132,521,601320
60133,521,601330
60134,521,601340
60135,521,601350
60136,521,601360
60137,522,601370
60138,522,601380
60139,522,601390
60140,522,601400
60141,522,601410
60142,522,601420
60143,522,601430
60144,522,601440
60145,523,601450
60146,523,601460
60147,523,601470
60148,523,601480
60149,524,601490
60150,524,601500
60151,524,601510
60152,524,601520
60153,525,601530
60154,525,601540
60155,525,601550
60156,525,601560
60157,525,601570
60158,525,601580
60159,525,601590
60160,525,601600
60161,525,601610
60162,525,601620
60163,525,601630
60164,525,601640
60165,525,601650
60166,526,601660
60167,526,601670
60168,526,601680
60169,526,601690
60170,526,601700
60171,526,601710
60172,526,601720
60173,526,601730
60174,526,601740
60175,526,601750
60176,527,601760
60177,527,601770
60178,527,601780
60179,527,601790
60180,527,601800
60181,527,601810
60182,527,601820
60183,527,601830
60184,527,601840
60185,527,601850
60186,527,601860
60187,528,601870
60188,528,601880
60189,528,601890
60190,528,601900
60191,528,601910
60192,528,601920
60193,528,601930
60194,528,601940
60195,528,601950
60196,529,601960
60197,529,601970
60198,529,601980
60199,529,601990
60200,529,602000
60201,529,602010
60202,529,602020
60203,529,602030
60204,529,602040
60205,529,602050
60206,530,602060
60207,530,602070
60208,530,602080
60209,530,602090
60210,530,602100
60211,530,602110
60212,530,602120
60213,530,602130
60214,530,602140
60215,530,602150
60216,530,602160
60217,531,602170
60218,531,602180
60219,531,602190
60220,531,602200
60221,531,602210
60222,531,602220
60223,531,602230
60224,531,602240
60225,531,602250
60226,531,602260
60227,531,602270
60228,532,602280
60229,532,602290
60230,532,602300
60231,532,602310
60232,532,602320
60233,532,602330
60234,532,602340
60235,532,602350
60236,532,602360
60237,532,602370
60238,532,602380
60239,532,602390
60240,533,602400
60241,533,602410
60242,533,602420
60243,533,602430
60244,533,602440
60245,533,602450
60246,533,602460
60247,533,602470
60248,533,602480
60249,533,602490
60250,533,602500
60251,534,602510
60252,534,602520
60253,534,602530
60254,534,602540
60255,534,602550
60256,534,602560
60257,534,602570
60258,534,602580
60259,534,602590
60260,534,602600
60261,534,602610
60262,535,602620
60263,535,602630
60264,535,602640
60265,535,602650
60266,535,602660
60267,535,602670
60268,535,602680
60269,535,602690
60270,535,602700
60271,535,602710
60272,535,602720
60273,535,602730
60274,535,602740
60275,536,602750
60276,536,602760
60277,536,602770
60278,536,602780
60279,536,602790
60280,536,602800
60281,536,602810
60282,536,602820
60283,537,602830
60284,537,602840
60285,537,602850
60286,537,602860
60287,537,602870
60288,537,602880
60289,537,602890
60290,537,602900
60291,537,602910
60292,537,602920
60293,538,602930
60294,538,602940
60295,538,602950
60296,538,602960
60297,538,602970
60298,538,602980
60299,538,602990
60300,538,603000
60301,538,603010
60302,539,603020
60303,539,603030
60304,539,603040
60305,539,603050
60306,539,603060
60307,539,603070
60308,539,603080
60309,539,603090
60310,539,603100
60311,539,603110
60312,539,603120
60313,540,603130
60314,540,603140
60315,540,603150
60316,540,603160
60317,540,603170
60318,540,603180
60319,540,603190
60320,540,603200
60321,540,603210
60322,540,603220
60323,540,603230
60324,540,603240
60325,540,603250
60326,541,603260
60327,541,603270
60328,541,603280
60329,541,603290
60330,541,603300
60331,541,603310
60332,541,603320
60333,541,603330
60334,541,603340
60335,541,603350
60336,541,603360
60337,541,603370
60338,541,603380
60339,542,603390
60340,542,603400
60341,542,603410
60342,542,603420
60343,542,603430
60344,542,603440
60345,542,603450
60346,542,603460
60347,542,603470
60348,542,603480
60349,542,603490
60350,542,603500
60351,542,603510
60352,542,603520
60353,542,603530
60354,543,603540
60355,543,603550
60356,543,603560
60357,543,603570
60358,543,603580
60359,543,603590
60360,543,603600
60361,543,603610
60362,543,603620
60363,544,603630
60364,544,603640
60365,544,603650
60366,544,603660
60367,544,603670
60368,544,603680
60369,544,603690
60370,544,603700
60371,544,603710
60372,544,603720
60373,545,603730
60374,545,603740
60375,545,603750
60376,545,603760
60377,545,603770
60378,545,603780
60379,545,603790
60380,545,603800
60381,545,603810
60382,545,603820
60383,545,603830
60384,546,603840
60385,546,603850
60386,546,603860
60387,546,603870
60388,546,603880
60389,546,603890
60390,546,603900
60391,546,603910
60392,546,603920
60393,546,603930
60394,546,603940
60395,546,603950
60396,547,603960
60397,547,603970
60398,547,603980
60399,547,603990
60400,547,604000
60401,547,604010
60402,547,604020
60403,547,604030
60404,547,604040
60405,547,604050
60406,548,604060
60407,548,604070
60408,548,604080
60409,548,604090
60410,548,604100
60411,548,604110
60412,548,604120
60413,548,604130
60414,548,604140
60415,549,604150
60416,549,604160
60417,549,604170
60418,549,604180
60419,549,604190
60420,549,604200
60421,549,604210
60422,549,604220
60423,550,604230
60424,550,604240
60425,550,604250
60426,550,604260
60427,550,604270
60428,550,604280
60429,550,604290
60430,550,604300
60431,550,604310
60432,550,604320
60433,550,604330
60434,551,604340
60435,551,604350
60436,551,604360
60437,551,604370
60438,551,604380
60439,551,604390
60440,551,604400
60441,551,604410
60442,551,604420
60443,551,604430
60444,551,604440
60445,551,604450
60446,551,604460
60447,551,604470
60448,551,604480
60449,552,604490
60450,552,604500
60451,552,604510
60452,552,604520
60453,552,604530
60454,552,604540
60455,552,604550
60456,552,604560
60457,552,604570
60458,552,604580
60459,552,604590
60460,552,604600
60461,552,604610
60462,553,604620
60463,553,604630
60464,553,604640
60465,553,604650
60466,553,604660
60467,553,604670
60468,553,604680
60469,553,604690
60470,553,604700
60471,553,604710
60472,553,604720
60473,553,604730
60474,553,604740
60475,554,604750
60476,554,604760
60477,554,604770
60478,554,604780
60479,554,604790
60480,554,604800
60481,554,604810
60482,554,604820
60483,554,604830
60484,554,604840
60485,555,604850
60486,555,604860
60487,555,604870
60488,555,604880
60489,555,604890
60490,555,604900
60491,555,604910
60492,555,604920
60493,555,604930
60494,555,604940
60495,555,604950
60496,555,604960
60497,555,604970
60498,556,604980
60499,556,604990
60500,556,605000
60501,556,605010
60502,556,605020
60503,556,605030
60504,556,605040
60505,556,605050
60506,556,605060
60507,556,605070
60508,556,605080
60509,556,605090
60510,556,605100
60511,556,605110
60512,557,605120
60513,557,605130
60514,557,605140
60515,557,605150
60516,557,605160
60517,557,605170
60518,557,605180
60519,557,605190
60520,557,605200
60521,557,605210
60522,557,605220
60523,557,605230
60524,557,605240
60525,558,605250
60526,558,605260
60527,558,605270
60528,558,605280
60529,558,605290
60530,559,605300
60531,559,605310
60532,559,605320
60533,559,605330
60534,559,605340
60535,559,605350
60536,559,605360
60537,559,605370
60538,559,605380
60539,559,605390
60540,559,605400
60541,559,605410
60542,560,605420
60543,560,605430
60544,560,605440
60545,560,605450
60546,560,605460
60547,560,605470
60548,560,605480
60549,560,605490
60550,560,605500
60551,560,605510
60552,560,605520
60553,560,605530
60554,561,605540
60555,561,605550
60556,561,605560
60557,561,605570
60558,561,605580
60559,561,605590
60560,561,605600
60561,561,605610
60562,561,605620
60563,562,605630
60564,562,605640
60565,562,605650
60566,562,605660
60567,562,605670
60568,562,605680
60569,562,605690
60570,562,605700
60571,563,605710
60572,563,605720
60573,563,605730
60574,563,605740
60575,563,605750
60576,563,605760
60577,563,605770
60578,564,605780
60579,564,605790
60580,564,605800
60581,564,605810
60582,564,605820
60583,564,605830
60584,564,605840
60585,564,605850
60586,564,605860
60587,564,605870
60588,564,605880
60589,565,605890
60590,565,605900
60591,565,605910
60592,565,605920
60593,565,605930
60594,565,605940
60595,565,605950
60596,565,605960
60597,565,605970
60598,565,605980
60599,566,605990
60600,566,606000
60601,566,606010
60602,566,606020
60603,566,606030
60604,566,606040
60605,566,606050
60606,566,606060
60607,566,606070
60608,567,606080
60609,567,606090
60610,567,606100
60611,567,606110
60612,567,606120
60613,567,606130
60614,567,606140
60615,567,606150
60616,567,606160
60617,568,606170
60618,568,606180
60619,568,606190
60620,568,606200
60621,568,606210
60622,569,606220
60623,569,606230
60624,569,606240
60625,569,606250
60626,569,606260
60627,569,606270
60628,569,606280
60629,569,606290
60630,569,606300
60631,569,606310
60632,569,606320
60633,569,606330
60634,570,606340
60635,570,606350
60636,570,606360
60637,570,606370
60638,570,606380
60639,570,606390
60640,570,606400
60641,570,606410
60642,570,606420
60643,570,606430
60644,570,606440
60645,571,606450
60646,571,606460
60647,571,606470
60648,571,606480
60649,571,606490
60650,571,606500
60651,571,606510
60652,571,606520
60653,571,606530
60654,571,606540
60655,571,606550
60656,572,606560
60657,572,606570
60658,572,606580
60659,572,606590
60660,572,606600
60661,573,606610
60662,573,606620
60663,573,606630
60664,573,606640
60665,573,606650
60666,573,606660
60667,573,606670
60668,573,606680
60669,573,606690
60670,573,606700
60671,573,606710
60672,573,606720
60673,573,606730
60674,574,606740
60675,574,606750
60676,574,606760
60677,574,606770
60678,574,606780
60679,574,606790
60680,574,606800
60681,574,606810
60682,574,606820
60683,574,606830
60684,574,606840
60685,574,606850
60686,574,606860
60687,575,606870
60688,575,606880
60689,575,606890
60690,575,606900
60691,575,606910
60692,575,606920
60693,575,606930
60694,575,606940
60695,575,606950
60696,575,606960
60697,576,606970
60698,576,606980
60699,576,606990
60700,576,607000
60701,576,607010
60702,576,607020
60703,576,607030
60704,576,607040
60705,576,607050
60706,576,607060
60707,576,607070
60708,576,607080
60709,576,607090
60710,576,607100
60711,577,607110
60712,577,607120
60713,577,607130
60714,577,607140
60715,577,607150
60716,577,607160
60717,577,607170
60718,577,607180
60719,577,607190
60720,577,607200
60721,578,607210
60722,578,607220
60723,578,607230
60724,578,607240
60725,578,607250
60726,578,607260
60727,578,607270
60728,578,607280
60729,579,607290
60730,579,607300
60731,579,607310
60732,579,607320
60733,579,607330
60734,579,607340
60735,579,607350
60736,579,607360
60737,579,607370
60738,579,607380
60739,579,607390
60740,579,607400
60741,579,607410
60742,579,607420
60743,579,607430
60744,579,607440
60745,579,607450
60746,579,607460
60747,579,607470
60748,580,607480
60749,580,607490
60750,580,607500
60751,580,607510
60752,580,607520
60753,580,607530
60754,580,607540
60755,580,607550
60756,580,607560
60757,580,607570
60758,581,607580
60759,581,607590
60760,581,607600
60761,581,607610
60762,581,607620
60763,581,607630
60764,581,607640
60765,581,607650
60766,581,607660
60767,581,607670
60768,581,607680
60769,581,607690
60770,581,607700
60771,581,607710
60772,581,607720
60773,581,607730
60774,581,607740
60775,582,607750
60776,582,607760
60777,582,607770
60778,582,607780
60779,582,607790
60780,582,607800
60781,583,607810
60782,583,607820
60783,583,607830
60784,583,607840
60785,583,607850
60786,583,607860
60787,583,607870
60788,583,607880
60789,583,607890
60790,583,607900
60791,583,607910
60792,583,607920
60793,583,607930
60794,583,607940
60795,584,607950
60796,584,607960
60797,584,607970
60798,584,607980
60799,584,607990
60800,584,608000
60801,584,608010
60802,584,608020
60803,584,608030
60804,584,608040
60805,585,608050
60806,585,608060
60807,585,608070
60808,585,608080
60809,585,608090
60810,586,608100
60811,586,608110
60812,586,608120
60813,586,608130
60814,586,608140
60815,586,608150
60816,587,608160
60817,587,608170
60818,587,608180
60819,587,608190
60820,587,608200
60821,587,608210
60822,587,608220
60823,587,608230
60824,587,608240
60825,587,608250
60826,587,608260
60827,587,608270
60828,587,608280
60829,587,608290
60830,588,608300
60831,588,608310
60832,588,608320
60833,588,608330
60834,588,608340
60835,588,608350
60836,589,608360
60837,589,608370
60838,589,608380
60839,590,608390
60840,590,608400
60841,590,608410
60842,590,608420
60843,590,608430
60844,590,608440
60845,590,608450
60846,590,608460
60847,590,608470
60848,590,608480
60849,590,608490
60850,591,608500
60851,591,608510
60852,591,608520
60853,591,608530
60854,591,608540
60855,591,608550
60856,591,608560
60857,591,608570
60858,591,608580
60859,591,608590
60860,591,608600
60861,591,608610
60862,592,608620
60863,592,608630
60864,592,608640
60865,592,608650
60866,592,608660
60867,592,608670
60868,592,608680
60869,592,608690
60870,592,608700
60871,592,608710
60872,592,608720
60873,592,608730
60874,593,608740
60875,593,608750
60876,593,608760
60877,593,608770
60878,593,608780
60879,593,608790
60880,593,608800
60881,593,608810
60882,593,608820
60883,594,608830
60884,594,608840
60885,594,608850
60886,594,608860
60887,594,608870
60888,594,608880
60889,594,608890
60890,594,608900
60891,595,608910
60892,595,608920
60893,595,608930
60894,595,608940
60895,595,608950
60896,595,608960
60897,595,608970
60898,596,608980
60899,596,608990
60900,596,609000
60901,596,609010
60902,596,609020
60903,596,609030
60904,596,609040
60905,596,609050
60906,596,609060
60907,596,609070
60908,596,609080
60909,596,609090
60910,597,609100
60911,597,609110
60912,597,609120
60913,597,609130
60914,597,609140
60915,597,609150
60916,597,609160
60917,597,609170
60918,597,609180
60919,597,609190
60920,597,609200
60921,597,609210
60922,598,609220
60923,598,609230
60924,598,609240
60925,598,609250
60926,598,609260
60927,598,609270
60928,598,609280
60929,598,609290
60930,598,609300
60931,599,609310
60932,599,609320
60933,599,609330
60934,599,609340
60935,600,609350
60936,600,609360
60937,600,609370
60938,600,609380
60939,600,609390
60940,600,609400
60941,600,609410
60942,600,609420
60943,600,609430
60944,600,609440
60945,601,609450
60946,601,609460
60947,601,609470
60948,601,609480
60949,601,609490
60950,601,609500
60951,601,609510
60952,601,609520
60953,601,609530
60954,601,609540
60955,601,609550
60956,601,609560
60957,601,609570
60958,602,609580
60959,602,609590
60960,602,609600
60961,602,609610
60962,602,609620
60963,602,609630
60964,602,609640
60965,602,609650
60966,603,609660
60967,603,609670
60968,603,609680
60969,603,609690
60970,603,609700
60971,603,609710
60972,603,609720
60973,604,609730
60974,604,609740
60975,604,609750
60976,604,609760
60977,604,609770
60978,604,609780
60979,605,609790
60980,605,609800
60981,605,609810
60982,606,609820
60983,606,609830
60984,606,609840
60985,606,609850
60986,606,609860
60987,606,609870
60988,606,609880
60989,606,609890
60990,606,609900
60991,606,609910
60992,606,609920
60993,607,609930
60994,607,609940
60995,607,609950
60996,607,609960
60997,607,609970
60998,607,609980
60999,607,609990
61000,607,610000
61001,608,610010
61002,608,610020
61003,608,610030
61004,608,610040
61005,608,610050
61006,608,610060
61007,608,610070
61008,609,610080
61009,609,610090
61010,609,610100
61011,609,610110
61012,609,610120
61013,609,610130
61014,609,610140
61015,609,610150
61016,609,610160
61017,609,610170
61018,609,610180
61019,609,610190
61020,609,610200
61021,610,610210
61022,610,610220
61023,610,610230
61024,610,610240
61025,610,610250
61026,611,610260
61027,611,610270
61028,611,610280
61029,611,610290
61030,611,610300
61031,611,610310
61032,612,610320
61033,612,610330
61034,612,610340
61035,612,610350
61036,612,610360
61037,613,610370
61038,613,610380
61039,613,610390
61040,613,610400
61041,613,610410
61042,613,610420
61043,614,610430
61044,614,610440
61045,614,610450
61046,614,610460
61047,614,610470
61048,614,610480
61049,614,610490
61050,614,610500
61051,614,610510
61052,614,610520
61053,614,610530
61054,614,610540
61055,614,610550
61056,615,610560
61057,615,610570
61058,615,610580
61059,615,610590
61060,615,610600
61061,615,610610
61062,615,610620
61063,615,610630
61064,615,610640
61065,615,610650
61066,615,610660
61067,615,610670
61068,616,610680
61069,616,610690
61070,616,610700
61071,616,610710
61072,616,610720
61073,616,610730
61074,616,610740
61075,617,610750
61076,617,610760
61077,617,610770
61078,617,610780
61079,617,610790
61080,617,610800
61081,618,610810
61082,618,610820
61083,618,610830
61084,618,610840
61085,618,610850
61086,619,610860
61087,619,610870
61088,620,610880
61089,620,610890
61090,620,610900
61091,620,610910
61092,620,610920
61093,621,610930
61094,621,610940
61095,621,610950
61096,621,610960
61097,621,610970
61098,621,610980
61099,621,610990
61100,621,611000
61101,621,611010
61102,622,611020
61103,622,611030
61104,622,611040
61105,622,611050
61106,622,611060
61107,622,611070
61108,622,611080
61109,623,611090
61110,623,611100
61111,623,611110
61112,623,611120
61113,623,611130
61114,623,611140
61115,623,611150
61116,624,611160
61117,624,611170
61118,624,611180
61119,624,611190
61120,624,611200
61121,624,611210
61122,624,611220
61123,624,611230
61124,624,611240
61125,624,611250
61126,624,611260
61127,624,611270
61128,625,611280
61129,625,611290
61130,625,611300
61131,625,611310
61132,625,611320
61133,625,611330
61134,625,611340
61135,626,611350
61136,626,611360
61137,626,611370
61138,626,611380
61139,626,611390
61140,626,611400
61141,627,611410
61142,627,611420
61143,627,611430
61144,627,611440
61145,628,611450
61146,628,611460
61147,628,611470
61148,628,611480
61149,628,611490
61150,628,611500
61151,628,611510
61152,628,611520
61153,629,611530
61154,629,611540
61155,629,611550
61156,629,611560
61157,629,611570
61158,630,611580
61159,630,611590
61160,630,611600
61161,630,611610
61162,630,611620
61163,630,611630
61164,630,611640
61165,631,611650
61166,631,611660
61167,631,611670
61168,631,611680
61169,631,611690
61170,632,611700
61171,632,611710
61172,632,611720
61173,632,611730
61174,633,611740
61175,633,611750
61176,633,611760
61177,633,611770
61178,633,611780
61179,633,611790
61180,633,611800
61181,634,611810
61182,634,611820
61183,634,611830
61184,634,611840
61185,634,611850
61186,634,611860
61187,634,611870
61188,634,611880
61189,634,611890
61190,634,611900
61191,634,611910
61192,634,611920
61193,635,611930
61194,635,611940
61195,635,611950
61196,635,611960
61197,635,611970
61198,635,611980
61199,636,611990
61200,636,612000
61201,636,612010
61202,636,612020
61203,636,612030
61204,636,612040
61205,636,612050
61206,637,612060
61207,637,612070
61208,637,612080
61209,637,612090
61210,637,612100
61211,637,612110
61212,637,612120
61213,637,612130
61214,637,612140
61215,637,612150
61216,637,612160
61217,637,612170
61218,637,612180
61219,638,612190
61220,638,612200
61221,638,612210
61222,638,612220
61223,638,612230
61224,639,612240
61225,639,612250
61226,639,612260
61227,639,612270
61228,639,612280
61229,639,612290
61230,639,612300
61231,639,612310
61232,640,612320
61233,640,612330
61234,640,612340
61235,640,612350
61236,640,612360
61237,640,612370
61238,640,612380
61239,641,612390
61240,641,612400
61241,641,612410
61242,641,612420
61243,641,612430
61244,641,612440
61245,641,612450
61246,641,612460
61247,641,612470
61248,641,612480
61249,641,612490
61250,642,612500
61251,642,612510
61252,642,612520
61253,642,612530
61254,642,612540
61255,643,612550
61256,643,612560
61257,643,612570
61258,643,612580
61259,643,612590
61260,643,612600
61261,644,612610
61262,644,612620
61263,644,612630
61264,644,612640
61265,644,612650
61266,644,612660
61267,644,612670
61268,644,612680
61269,644,612690
61270,644,612700
61271,644,612710
61272,644,612720
61273,645,612730
61274,645,612740
61275,645,612750
61276,645,612760
61277,645,612770
61278,645,612780
61279,645,612790
61280,645,612800
61281,645,612810
61282,645,612820
61283,646,612830
61284,646,612840
61285,646,612850
61286,646,612860
61287,646,612870
61288,647,612880
61289,647,612890
61290,647,612900
61291,647,612910
61292,647,612920
61293,647,612930
61294,648,612940
61295,648,612950
61296,648,612960
61297,648,612970
61298,649,612980
61299,649,612990
61300,649,613000
61301,649,613010
61302,649,613020
61303,650,613030
61304,650,613040
61305,650,613050
61306,650,613060
61307,651,613070
61308,651,613080
61309,651,613090
61310,651,613100
61311,651,613110
61312,651,613120
61313,652,613130
61314,652,613140
61315,652,613150
61316,652,613160
61317,652,613170
61318,653,613180
61319,653,613190
61320,653,613200
61321,653,613210
61322,653,613220
61323,653,613230
61324,653,613240
61325,654,613250
61326,654,613260
61327,654,613270
61328,654,613280
61329,655,613290
61330,655,613300
61331,655,613310
61332,655,613320
61333,655,613330
61334,656,613340
61335,656,613350
61336,656,613360
61337,656,613370
61338,656,613380
61339,656,613390
61340,656,613400
61341,656,613410
61342,656,613420
61343,657,613430
61344,657,613440
61345,657,613450
61346,657,613460
61347,657,613470
61348,658,613480
61349,658,613490
61350,658,613500
61351,658,613510
61352,658,613520
61353,658,613530
61354,658,613540
61355,659,613550
61356,659,613560
61357,659,613570
61358,659,613580
61359,659,613590
61360,659,613600
61361,659,613610
61362,659,613620
61363,660,613630
61364,660,613640
61365,660,613650
61366,660,613660
61367,660,613670
61368,660,613680
61369,660,613690
61370,660,613700
61371,661,613710
61372,661,613720
61373,661,613730
61374,661,613740
61375,661,613750
61376,662,613760
61377,662,613770
61378,662,613780
61379,662,613790
61380,662,613800
61381,662,613810
61382,662,613820
61383,662,613830
61384,662,613840
61385,663,613850
61386,663,613860
61387,663,613870
61388,663,613880
61389,663,613890
61390,663,613900
61391,664,613910
61392,664,613920
61393,664,613930
61394,664,613940
61395,665,613950
61396,665,613960
61397,665,613970
61398,665,613980
61399,665,613990
61400,665,614000
61401,665,614010
61402,666,614020
61403,666,614030
61404,666,614040
61405,666,614050
61406,666,614060
61407,667,614070
61408,667,614080
61409,667,614090
61410,667,614100
61411,667,614110
61412,667,614120
61413,668,614130
61414,668,614140
61415,669,614150
61416,669,614160
61417,669,614170
61418,669,614180
61419,669,614190
61420,669,614200
61421,669,614210
61422,669,614220
61423,669,614230
61424,669,614240
61425,670,614250
61426,670,614260
61427,670,614270
61428,671,614280
61429,671,614290
61430,671,614300
61431,671,614310
61432,671,614320
61433,671,614330
61434,671,614340
61435,672,614350
61436,672,614360
61437,672,614370
61438,672,614380
61439,672,614390
61440,672,614400
61441,672,614410
61442,672,614420
61443,673,614430
61444,673,614440
61445,673,614450
61446,673,614460
61447,673,614470
61448,673,614480
61449,674,614490
61450,674,614500
61451,674,614510
61452,674,614520
61453,674,614530
61454,674,614540
61455,675,614550
61456,675,614560
61457,675,614570
61458,676,614580
61459,676,614590
61460,676,614600
61461,676,614610
61462,676,614620
61463,676,614630
61464,677,614640
61465,677,614650
61466,677,614660
61467,677,614670
61468,677,614680
61469,677,614690
61470,677,614700
61471,678,614710
61472,678,614720
61473,678,614730
61474,678,614740
61475,678,614750
61476,678,614760
61477,678,614770
61478,679,614780
61479,679,614790
61480,679,614800
61481,680,614810
61482,680,614820
61483,680,614830
61484,680,614840
61485,680,614850
61486,680,614860
61487,680,614870
61488,680,614880
61489,681,614890
61490,681,614900
61491,681,614910
61492,681,614920
61493,682,614930
61494,682,614940
61495,682,614950
61496,682,614960
61497,682,614970
61498,682,614980
61499,683,614990
61500,683,615000
61501,683,615010
61502,683,615020
61503,683,615030
61504,683,615040
61505,683,615050
61506,684,615060
61507,684,615070
61508,684,615080
61509,684,615090
61510,684,615100
61511,684,615110
61512,685,615120
61513,685,615130
61514,685,615140
61515,685,615150
61516,685,615160
61517,685,615170
61518,685,615180
61519,685,615190
61520,685,615200
61521,685,615210
61522,686,615220
61523,686,615230
61524,686,615240
61525,687,615250
61526,687,615260
61527,687,615270
61528,687,615280
61529,687,615290
61530,687,615300
61531,687,615310
61532,687,615320
61533,687,615330
61534,687,615340
61535,687,615350
61536,687,615360
61537,687,615370
61538,687,615380
61539,687,615390
61540,687,615400
61541,688,615410
61542,688,615420
61543,688,615430
61544,688,615440
61545,688,615450
61546,688,615460
61547,688,615470
61548,688,615480
61549,689,615490
61550,689,615500
61551,689,615510
61552,689,615520
61553,689,615530
61554,689,615540
61555,689,615550
61556,689,615560
61557,689,615570
61558,689,615580
61559,690,615590
61560,690,615600
61561,690,615610
61562,690,615620
61563,690,615630
61564,690,615640
61565,690,615650
61566,690,615660
61567,690,615670
61568,691,615680
61569,691,615690
61570,691,615700
61571,692,615710
61572,692,615720
61573,692,615730
61574,692,615740
61575,692,615750
61576,692,615760
61577,692,615770
61578,692,615780
61579,693,615790
61580,693,615800
61581,693,615810
61582,693,615820
61583,693,615830
61584,694,615840
61585,694,615850
61586,694,615860
61587,694,615870
61588,694,615880
61589,694,615890
61590,695,615900
61591,695,615910
61592,695,615920
61593,695,615930
61594,696,615940
61595,696,615950
61596,696,615960
61597,696,615970
61598,696,615980
61599,696,615990
61600,696,616000
61601,696,616010
61602,697,616020
61603,697,616030
61604,697,616040
61605,697,616050
61606,697,616060
61607,697,616070
61608,697,616080
61609,698,616090
61610,698,616100
61611,698,616110
61612,698,616120
61613,698,616130
61614,698,616140
61615,699,616150
61616,699,616160
61617,699,616170
61618,699,616180
61619,699,616190
61620,699,616200
61621,699,616210
61622,699,616220
61623,699,616230
61624,699,616240
61625,700,616250
61626,700,616260
61627,700,616270
61628,700,616280
61629,700,616290
61630,700,616300
61631,700,616310
61632,701,616320
61633,701,616330
61634,701,616340
61635,701,616350
61636,701,616360
61637,701,616370
61638,701,616380
61639,701,616390
61640,701,616400
61641,702,616410
61642,702,616420
61643,702,616430
61644,703,616440
61645,703,616450
61646,703,616460
61647,703,616470
61648,704,616480
61649,704,616490
61650,705,616500
61651,705,616510
61652,705,616520
61653,705,616530
61654,706,616540
61655,706,616550
61656,706,616560
61657,706,616570
61658,706,616580
61659,706,616590
61660,707,616600
61661,707,616610
61662,707,616620
61663,707,616630
61664,707,616640
61665,708,616650
61666,708,616660
61667,708,616670
61668,708,616680
61669,709,616690
61670,709,616700
61671,709,616710
61672,709,616720
61673,709,616730
61674,709,616740
61675,710,616750
61676,710,616760
61677,710,616770
61678,710,616780
61679,710,616790
61680,711,616800
61681,711,616810
61682,711,616820
61683,711,616830
61684,711,616840
61685,711,616850
61686,712,616860
61687,712,616870
61688,712,616880
61689,712,616890
61690,712,616900
61691,712,616910
61692,712,616920
61693,712,616930
61694,713,616940
61695,713,616950
61696,713,616960
61697,713,616970
61698,714,616980
61699,714,616990
61700,714,617000
61701,714,617010
61702,714,617020
61703,714,617030
61704,715,617040
61705,715,617050
61706,715,617060
61707,715,617070
61708,715,617080
61709,716,617090
61710,716,617100
61711,716,617110
61712,716,617120
61713,716,617130
61714,716,617140
61715,716,617150
61716,716,617160
61717,716,617170
61718,716,617180
61719,716,617190
61720,717,617200
61721,717,617210
61722,717,617220
61723,718,617230
61724,718,617240
61725,718,617250
61726,719,617260
61727,719,617270
61728,719,617280
61729,719,617290
61730,719,617300
61731,719,617310
61732,719,617320
61733,720,617330
61734,720,617340
61735,720,617350
61736,720,617360
61737,720,617370
61738,720,617380
61739,720,617390
61740,720,617400
61741,720,617410
61742,721,617420
61743,721,617430
61744,721,617440
61745,722,617450
61746,722,617460
61747,722,617470
61748,722,617480
61749,722,617490
61750,722,617500
61751,723,617510
61752,723,617520
61753,723,617530
61754,723,617540
61755,723,617550
61756,723,617560
61757,723,617570
61758,724,617580
61759,724,617590
61760,724,617600
61761,724,617610
61762,724,617620
61763,724,617630
61764,725,617640
61765,725,617650
61766,725,617660
61767,725,617670
61768,725,617680
61769,725,617690
61770,725,617700
61771,725,617710
61772,725,617720
61773,725,617730
61774,726,617740
61775,726,617750
61776,726,617760
61777,726,617770
61778,726,617780
61779,726,617790
61780,726,617800
61781,726,617810
61782,727,617820
61783,727,617830
61784,727,617840
61785,727,617850
61786,728,617860
61787,728,617870
61788,728,617880
61789,728,617890
61790,728,617900
61791,729,617910
61792,729,617920
61793,729,617930
61794,729,617940
61795,729,617950
61796,729,617960
61797,730,617970
61798,730,617980
61799,730,617990
61800,730,618000
61801,730,618010
61802,730,618020
61803,730,618030
61804,731,618040
61805,731,618050
61806,731,618060
61807,731,618070
61808,732,618080
61809,732,618090
61810,732,618100
61811,732,618110
61812,732,618120
61813,732,618130
61814,732,618140
61815,732,618150
61816,733,618160
61817,733,618170
61818,733,618180
61819,733,618190
61820,734,618200
61821,734,618210
61822,734,618220
61823,734,618230
61824,734,618240
61825,734,618250
61826,734,618260
61827,735,618270
61828,735,618280
61829,735,618290
61830,736,618300
61831,736,618310
61832,736,618320
61833,736,618330
61834,736,618340
61835,736,618350
61836,736,618360
61837,737,618370
61838,737,618380
61839,737,618390
61840,737,618400
61841,737,618410
61842,737,618420
61843,737,618430
61844,737,618440
61845,737,618450
61846,738,618460
61847,738,618470
61848,738,618480
61849,738,618490
61850,739,618500
61851,739,618510
61852,739,618520
61853,739,618530
61854,740,618540
61855,740,618550
61856,740,618560
61857,740,618570
61858,740,618580
61859,740,618590
61860,740,618600
61861,741,618610
61862,741,618620
61863,741,618630
61864,741,618640
61865,741,618650
61866,741,618660
61867,741,618670
61868,741,618680
61869,741,618690
61870,742,618700
61871,742,618710
61872,742,618720
61873,742,618730
61874,743,618740
61875,743,618750
61876,743,618760
61877,743,618770
61878,743,618780
61879,744,618790
61880,744,618800
61881,744,618810
61882,744,618820
61883,744,618830
61884,744,618840
61885,745,618850
61886,745,618860
61887,745,618870
61888,745,618880
61889,745,618890
61890,746,618900
61891,746,618910
61892,746,618920
61893,746,618930
61894,746,618940
61895,746,618950
61896,746,618960
61897,746,618970
61898,747,618980
61899,747,618990
61900,747,619000
61901,747,619010
61902,747,619020
61903,747,619030
61904,748,619040
61905,748,619050
61906,748,619060
61907,748,619070
61908,748,619080
61909,748,619090
61910,748,619100
61911,748,619110
61912,748,619120
61913,749,619130
61914,749,619140
61915,749,619150
61916,750,619160
61917,750,619170
61918,750,619180
61919,751,619190
61920,751,619200
61921,751,619210
61922,751,619220
61923,752,619230
61924,752,619240
61925,752,619250
61926,752,619260
61927,752,619270
61928,753,619280
61929,753,619290
61930,753,619300
61931,753,619310
61932,754,619320
61933,754,619330
61934,754,619340
61935,754,619350
61936,754,619360
61937,754,619370
61938,754,619380
61939,754,619390
61940,754,619400
61941,754,619410
61942,755,619420
61943,755,619430
61944,755,619440
61945,755,619450
61946,756,619460
61947,756,619470
61948,756,619480
61949,756,619490
61950,756,619500
61951,756,619510
61952,757,619520
61953,757,619530
61954,757,619540
61955,758,619550
61956,758,619560
61957,758,619570
61958,758,619580
61959,758,619590
61960,758,619600
61961,758,619610
61962,758,619620
61963,759,619630
61964,759,619640
61965,759,619650
61966,759,619660
61967,759,619670
61968,759,619680
61969,760,619690
61970,760,619700
61971,760,619710
61972,761,619720
61973,761,619730
61974,761,619740
61975,761,619750
61976,761,619760
61977,761,619770
61978,761,619780
61979,762,619790
61980,762,619800
61981,762,619810
61982,762,619820
61983,762,619830
61984,763,619840
61985,763,619850
61986,764,619860
61987,764,619870
61988,764,619880
61989,764,619890
61990,764,619900
61991,764,619910
61992,764,619920
61993,764,619930
61994,765,619940
61995,765,619950
61996,765,619960
61997,766,619970
61998,766,619980
61999,766,619990
62000,766,620000
62001,767,620010
62002,767,620020
62003,767,620030
62004,767,620040
62005,768,620050
62006,768,620060
62007,768,620070
62008,768,620080
62009,768,620090
62010,769,620100
62011,769,620110
62012,769,620120
62013,769,620130
62014,769,620140
62015,769,620150
62016,769,620160
62017,769,620170
62018,769,620180
62019,770,620190
62020,770,620200
62021,770,620210
62022,770,620220
62023,770,620230
62024,770,620240
62025,771,620250
62026,771,620260
62027,771,620270
62028,771,620280
62029,771,620290
62030,771,620300
62031,771,620310
62032,771,620320
62033,772,620330
62034,772,620340
62035,772,620350
62036,772,620360
62037,772,620370
62038,772,620380
62039,772,620390
62040,773,620400
62041,773,620410
62042,773,620420
62043,774,620430
62044,774,620440
62045,775,620450
62046,775,620460
62047,775,620470
62048,775,620480
62049,775,620490
62050,775,620500
62051,775,620510
62052,776,620520
62053,776,620530
62054,776,620540
62055,776,620550
62056,776,620560
62057,776,620570
62058,777,620580
62059,777,620590
62060,777,620600
62061,777,620610
62062,778,620620
62063,778,620630
62064,778,620640
62065,779,620650
62066,779,620660
62067,779,620670
62068,780,620680
62069,780,620690
62070,780,620700
62071,781,620710
62072,781,620720
62073,781,620730
62074,781,620740
62075,781,620750
62076,782,620760
62077,782,620770
62078,782,620780
62079,782,620790
62080,782,620800
62081,783,620810
62082,783,620820
62083,783,620830
62084,783,620840
62085,783,620850
62086,783,620860
62087,783,620870
62088,784,620880
62089,784,620890
62090,785,620900
62091,785,620910
62092,786,620920
62093,786,620930
62094,786,620940
62095,786,620950
62096,787,620960
62097,787,620970
62098,788,620980
62099,788,620990
62100,788,621000
62101,789,621010
62102,789,621020
62103,789,621030
62104,789,621040
62105,790,621050
62106,790,621060
62107,790,621070
62108,790,621080
62109,791,621090
62110,791,621100
62111,792,621110
62112,792,621120
62113,792,621130
62114,793,621140
62115,793,621150
62116,793,621160
62117,793,621170
62118,793,621180
62119,793,621190
62120,793,621200
62121,793,621210
62122,793,621220
62123,794,621230
62124,794,621240
62125,794,621250
62126,794,621260
62127,794,621270
62128,795,621280
62129,795,621290
62130,795,621300
62131,795,621310
62132,796,621320
62133,796,621330
62134,796,621340
62135,796,621350
62136,797,621360
62137,797,621370
62138,797,621380
62139,798,621390
62140,798,621400
62141,798,621410
62142,798,621420
62143,798,621430
62144,799,621440
62145,799,621450
62146,800,621460
62147,800,621470
62148,801,621480
62149,801,621490
62150,802,621500
62151,802,621510
62152,802,621520
62153,802,621530
62154,802,621540
62155,802,621550
62156,802,621560
62157,803,621570
62158,803,621580
62159,803,621590
62160,804,621600
62161,804,621610
62162,804,621620
62163,804,621630
62164,805,621640
62165,805,621650
62166,805,621660
62167,805,621670
62168,805,621680
62169,805,621690
62170,805,621700
62171,806,621710
62172,806,621720
62173,806,621730
62174,806,621740
62175,806,621750
62176,806,621760
62177,807,621770
62178,807,621780
62179,808,621790
62180,808,621800
62181,809,621810
62182,809,621820
62183,809,621830
62184,810,621840
62185,810,621850
62186,810,621860
62187,811,621870
62188,812,621880
62189,812,621890
62190,812,621900
62191,812,621910
62192,813,621920
62193,813,621930
62194,813,621940
62195,813,621950
62196,814,621960
62197,814,621970
62198,814,621980
62199,814,621990
62200,814,622000
62201,814,622010
62202,815,622020
62203,815,622030
62204,815,622040
62205,815,622050
62206,815,622060
62207,816,622070
62208,816,622080
62209,816,622090
62210,817,622100
62211,817,622110
62212,817,622120
62213,817,622130
62214,817,622140
62215,817,622150
62216,817,622160
62217,818,622170
62218,818,622180
62219,819,622190
62220,819,622200
62221,819,622210
62222,819,622220
62223,820,622230
62224,820,622240
62225,820,622250
62226,820,622260
62227,820,622270
62228,820,622280
62229,821,622290
62230,821,622300
62231,821,622310
62232,821,622320
62233,821,622330
62234,822,622340
62235,822,622350
62236,822,622360
62237,823,622370
62238,823,622380
62239,823,622390
62240,823,622400
62241,824,622410
62242,824,622420
62243,824,622430
62244,825,622440
62245,825,622450
62246,825,622460
62247,826,622470
62248,826,622480
62249,827,622490
62250,827,622500
62251,827,622510
62252,827,622520
62253,827,622530
62254,828,622540
62255,828,622550
62256,828,622560
62257,829,622570
62258,829,622580
62259,829,622590
62260,830,622600
62261,830,622610
62262,830,622620
62263,830,622630
62264,831,622640
62265,831,622650
62266,832,622660
62267,832,622670
62268,832,622680
62269,833,622690
62270,833,622700
62271,834,622710
62272,834,622720
62273,835,622730
62274,835,622740
62275,835,622750
62276,836,622760
62277,836,622770
62278,836,622780
62279,836,622790
62280,837,622800
62281,837,622810
62282,837,622820
62283,837,622830
62284,837,622840
62285,838,622850
62286,838,622860
62287,839,622870
62288,839,622880
62289,839,622890
62290,839,622900
62291,839,622910
62292,840,622920
62293,840,622930
62294,840,622940
62295,840,622950
62296,841,622960
62297,841,622970
62298,842,622980
62299,842,622990
62300,843,623000
62301,844,623010
62302,844,623020
62303,844,623030
62304,845,623040
62305,846,623050
62306,846,623060
62307,846,623070
62308,846,623080
62309,847,623090
62310,847,623100
62311,847,623110
62312,847,623120
62313,848,623130
62314,848,623140
62315,848,623150
62316,849,623160
62317,849,623170
62318,850,623180
62319,850,623190
62320,850,623200
62321,850,623210
62322,850,623220
62323,850,623230
62324,850,623240
62325,851,623250
62326,852,623260
62327,852,623270
62328,853,623280
62329,853,623290
62330,853,623300
62331,855,623310
62332,855,623320
62333,856,623330
62334,856,623340
62335,856,623350
62336,856,623360
62337,857,623370
62338,857,623380
62339,857,623390
62340,857,623400
62341,857,623410
62342,858,623420
62343,859,623430
62344,860,623440
62345,860,623450
62346,860,623460
62347,860,623470
62348,861,623480
62349,861,623490
62350,861,623500
62351,862,623510
62352,862,623520
62353,862,623530
62354,862,623540
62355,863,623550
62356,863,623560
62357,863,623570
62358,863,623580
62359,864,623590
62360,864,623600
62361,864,623610
62362,864,623620
62363,865,623630
62364,865,623640
62365,866,623650
62366,866,623660
62367,866,623670
62368,866,623680
62369,867,623690
62370,867,623700
62371,867,623710
62372,867,623720
62373,867,623730
62374,868,623740
62375,868,623750
62376,869,623760
62377,869,623770
62378,869,623780
62379,869,623790
62380,871,623800
62381,873,623810
62382,874,623820
62383,874,623830
62384,874,623840
62385,875,623850
62386,875,623860
62387,876,623870
62388,876,623880
62389,876,623890
62390,876,623900
62391,876,623910
62392,877,623920
62393,877,623930
62394,877,623940
62395,877,623950
62396,878,623960
62397,879,623970
62398,879,623980
62399,879,623990
62400,879,624000
62401,879,624010
62402,879,624020
62403,879,624030
62404,880,624040
62405,880,624050
62406,880,624060
62407,880,624070
62408,880,624080
62409,881,624090
62410,881,624100
62411,881,624110
62412,881,624120
62413,882,624130
62414,883,624140
62415,883,624150
62416,883,624160
62417,883,624170
62418,884,624180
62419,884,624190
62420,884,624200
62421,884,624210
62422,884,624220
62423,884,624230
62424,884,624240
62425,885,624250
62426,886,624260
62427,887,624270
62428,887,624280
62429,887,624290
62430,888,624300
62431,888,624310
62432,888,624320
62433,889,624330
62434,889,624340
62435,889,624350
62436,890,624360
62437,890,624370
62438,890,624380
62439,890,624390
62440,891,624400
62441,891,624410
62442,891,624420
62443,892,624430
62444,892,624440
62445,892,624450
62446,892,624460
62447,892,624470
62448,892,624480
62449,893,624490
62450,893,624500
62451,894,624510
62452,894,624520
62453,894,624530
62454,894,624540
62455,894,624550
62456,895,624560
62457,895,624570
62458,895,624580
62459,895,624590
62460,895,624600
62461,895,624610
62462,896,624620
62463,896,624630
62464,896,624640
62465,897,624650
62466,898,624660
62467,898,624670
62468,899,624680
62469,899,624690
62470,900,624700
62471,900,624710
62472,901,624720
62473,901,624730
62474,901,624740
62475,901,624750
62476,901,624760
62477,902,624770
62478,903,624780
62479,904,624790
62480,904,624800
62481,904,624810
62482,905,624820
62483,905,624830
62484,905,624840
62485,906,624850
62486,906,624860
62487,906,624870
62488,906,624880
62489,906,624890
62490,906,624900
62491,907,624910
62492,908,624920
62493,908,624930
62494,909,624940
62495,910,624950
62496,910,624960
62497,911,624970
62498,911,624980
62499,911,624990
62500,912,625000
62501,912,625010
62502,913,625020
62503,913,625030
62504,913,625040
62505,915,625050
62506,916,625060
62507,916,625070
62508,916,625080
62509,916,625090
62510,916,625100
62511,917,625110
62512,917,625120
62513,917,625130
62514,918,625140
62515,918,625150
62516,918,625160
62517,919,625170
62518,919,625180
62519,920,625190
62520,921,625200
62521,921,625210
62522,922,625220
62523,922,625230
62524,923,625240
62525,923,625250
62526,923,625260
62527,923,625270
62528,924,625280
62529,924,625290
62530,924,625300
62531,925,625310
62532,925,625320
62533,925,625330
62534,925,625340
62535,925,625350
62536,926,625360
62537,926,625370
62538,926,625380
62539,926,625390
62540,926,625400
62541,926,625410
62542,926,625420
62543,927,625430
62544,927,625440
62545,929,625450
62546,929,625460
62547,929,625470
62548,929,625480
62549,929,625490
62550,929,625500
62551,929,625510
62552,929,625520
62553,930,625530
62554,930,625540
62555,930,625550
62556,931,625560
62557,931,625570
62558,932,625580
62559,932,625590
62560,932,625600
62561,932,625610
62562,933,625620
62563,933,625630
62564,933,625640
62565,934,625650
62566,934,625660
62567,934,625670
62568,935,625680
62569,936,625690
62570,936,625700
62571,937,625710
62572,937,625720
62573,937,625730
62574,938,625740
62575,939,625750
62576,939,625760
62577,939,625770
62578,939,625780
62579,940,625790
62580,940,625800
62581,940,625810
62582,940,625820
62583,941,625830
62584,942,625840
62585,944,625850
62586,944,625860
62587,944,625870
62588,944,625880
62589,944,625890
62590,944,625900
62591,944,625910
62592,945,625920
62593,945,625930
62594,945,625940
62595,946,625950
62596,946,625960
62597,946,625970
62598,947,625980
62599,947,625990
62600,947,626000
62601,948,626010
62602,948,626020
62603,948,626030
62604,948,626040
62605,949,626050
62606,951,626060
62607,951,626070
62608,951,626080
62609,951,626090
62610,952,626100
62611,952,626110
62612,953,626120
62613,953,626130
62614,954,626140
62615,954,626150
62616,955,626160
62617,955,626170
62618,955,626180
62619,956,626190
62620,957,626200
62621,958,626210
62622,958,626220
62623,959,626230
62624,959,626240
62625,960,626250
62626,960,626260
62627,961,626270
62628,961,626280
62629,962,626290
62630,962,626300
62631,962,626310
62632,962,626320
62633,963,626330
62634,963,626340
62635,963,626350
62636,964,626360
62637,964,626370
62638,965,626380
62639,966,626390
62640,966,626400
62641,967,626410
62642,967,626420
62643,967,626430
62644,967,626440
62645,967,626450
62646,968,626460
62647,968,626470
62648,968,626480
62649,969,626490
62650,970,626500
62651,970,626510
62652,970,626520
62653,971,626530
62654,972,626540
62655,972,626550
62656,973,626560
62657,973,626570
62658,974,626580
62659,976,626590
62660,977,626600
62661,977,626610
62662,977,626620
62663,977,626630
62664,978,626640
62665,978,626650
62666,979,626660
62667,979,626670
62668,979,626680
62669,980,626690
62670,981,626700
62671,981,626710
62672,982,626720
62673,982,626730
62674,983,626740
62675,984,626750
62676,984,626760
62677,984,626770
62678,984,626780
62679,985,626790
62680,985,626800
62681,985,626810
62682,986,626820
62683,986,626830
62684,988,626840
62685,988,626850
62686,989,626860
62687,989,626870
62688,990,626880
62689,991,626890
62690,991,626900
62691,992,626910
62692,992,626920
62693,993,626930
62694,993,626940
62695,993,626950
62696,993,626960
62697,993,626970
62698,993,626980
62699,994,626990
62700,995,627000
62701,995,627010
62702,995,627020
62703,995,627030
62704,996,627040
62705,996,627050
62706,996,627060
62707,997,627070
62708,997,627080
62709,997,627090
62710,997,627100
62711,997,627110
62712,997,627120
62713,997,627130
62714,998,627140
62715,998,627150
62716,998,627160
62717,998,627170
62718,999,627180
62719,1001,627190
62720,1001,627200
62721,1001,627210
62722,1002,627220
62723,1002,627230
62724,1003,627240
62725,1004,627250
62726,1005,627260
62727,1005,627270
62728,1005,627280
62729,1006,627290
62730,1006,627300
62731,1006,627310
62732,1007,627320
62733,1007,627330
62734,1009,627340
62735,1009,627350
62736,1010,627360
62737,1010,627370
62738,1011,627380
62739,1011,627390
62740,1011,627400
62741,1011,627410
62742,1013,627420
62743,1014,627430
62744,1014,627440
62745,1014,627450
62746,1014,627460
62747,1014,627470
62748,1016,627480
62749,1017,627490
62750,1017,627500
62751,1018,627510
62752,1018,627520
62753,1018,627530
62754,1019,627540
62755,1019,627550
62756,1020,627560
62757,1020,627570
62758,1020,627580
62759,1021,627590
62760,1021,627600
62761,1022,627610
62762,1023,627620
62763,1025,690393
62764,1025,690404
62765,1025,690415
62766,1026,690426
62767,1026,690437
62768,1026,690448
62769,1026,690459
62770,1027,690470
62771,1027,690481
62772,1027,690492
62773,1027,690503
62774,1028,690514
62775,1028,690525
62776,1028,690536
62777,1028,690547
62778,1030,690558
62779,1030,690569
62780,1030,690580
62781,1031,690591
62782,1032,690602
62783,1032,690613
62784,1032,690624
62785,1032,690635
62786,1033,690646
62787,1033,690657
62788,1034,690668
62789,1036,690679
62790,1036,690690
62791,1037,690701
62792,1038,690712
62793,1038,690723
62794,1039,690734
62795,1039,690745
62796,1040,690756
62797,1040,690767
62798,1040,690778
62799,1041,690789
62800,1042,690800
62801,1042,690811
62802,1044,690822
62803,1044,690833
62804,1045,690844
62805,1045,690855
62806,1045,690866
62807,1045,690877
62808,1046,690888
62809,1046,690899
62810,1048,690910
62811,1048,690921
62812,1048,690932
62813,1048,690943
62814,1049,690954
62815,1049,690965
62816,1049,690976
62817,1050,690987
62818,1050,690998
62819,1051,691009
62820,1052,691020
62821,1052,691031
62822,1053,691042
62823,1053,691053
62824,1053,691064
62825,1054,691075
62826,1054,691086
62827,1055,691097
62828,1057,691108
62829,1058,691119
62830,1059,691130
62831,1059,691141
62832,1060,691152
62833,1061,691163
62834,1061,691174
62835,1062,691185
62836,1062,691196
62837,1063,691207
62838,1063,691218
62839,1063,691229
62840,1065,691240
62841,1065,691251
62842,1066,691262
62843,1066,691273
62844,1067,691284
62845,1067,691295
62846,1069,691306
62847,1069,691317
62848,1071,691328
62849,1071,691339
62850,1071,691350
62851,1073,691361
62852,1074,691372
62853,1074,691383
62854,1074,691394
62855,1075,691405
62856,1075,691416
62857,1077,691427
62858,1078,691438
62859,1079,691449
62860,1079,691460
62861,1080,691471
62862,1080,691482
62863,1082,691493
62864,1082,691504
62865,1083,691515
62866,1083,691526
62867,1084,691537
62868,1085,691548
62869,1085,691559
62870,1085,691570
62871,1086,691581
62872,1086,691592
62873,1086,691603
62874,1086,691614
62875,1088,691625
62876,1088,691636
62877,1089,691647
62878,1089,691658
62879,1089,691669
62880,1091,691680
62881,1091,691691
62882,1091,691702
62883,1092,691713
62884,1092,691724
62885,1092,691735
62886,1093,691746
62887,1093,691757
62888,1095,691768
62889,1095,691779
62890,1095,691790
62891,1097,691801
62892,1097,691812
62893,1098,691823
62894,1098,691834
62895,1098,691845
62896,1099,691856
62897,1099,691867
62898,1100,691878
62899,1100,691889
62900,1103,691900
62901,1104,691911
62902,1105,691922
62903,1105,691933
62904,1107,691944
62905,1107,691955
62906,1108,691966
62907,1110,691977
62908,1111,691988
62909,1113,691999
62910,1115,692010
62911,1116,692021
62912,1116,692032
62913,1116,692043
62914,1116,692054
62915,1116,692065
62916,1117,692076
62917,1118,692087
62918,1118,692098
62919,1118,692109
62920,1119,692120
62921,1119,692131
62922,1120,692142
62923,1120,692153
62924,1121,692164
62925,1121,692175
62926,1121,692186
62927,1122,692197
62928,1123,692208
62929,1123,692219
62930,1123,692230
62931,1123,692241
62932,1125,692252
62933,1125,692263
62934,1125,692274
62935,1126,692285
62936,1126,692296
62937,1127,692307
62938,1127,692318
62939,1127,692329
62940,1128,692340
62941,1128,692351
62942,1130,692362
62943,1130,692373
62944,1131,692384
62945,1132,692395
62946,1133,692406
62947,1133,692417
62948,1133,692428
62949,1133,692439
62950,1133,692450
62951,1135,692461
62952,1140,692472
62953,1140,692483
62954,1140,692494
62955,1142,692505
62956,1142,692516
62957,1143,692527
62958,1144,692538
62959,1144,692549
62960,1144,692560
62961,1146,692571
62962,1146,692582
62963,1148,692593
62964,1148,692604
62965,1148,692615
62966,1149,692626
62967,1149,692637
62968,1151,692648
62969,1152,692659
62970,1153,692670
62971,1153,692681
62972,1153,692692
62973,1154,692703
62974,1154,692714
62975,1154,692725
62976,1156,692736
62977,1157,692747
62978,1157,692758
62979,1158,692769
62980,1158,692780
62981,1159,692791
62982,1160,692802
62983,1161,692813
62984,1161,692824
62985,1161,692835
62986,1163,692846
62987,1163,692857
62988,1165,692868
62989,1165,692879
62990,1166,692890
62991,1167,692901
62992,1167,692912
62993,1168,692923
62994,1170,692934
62995,1170,692945
62996,1171,692956
62997,1171,692967
62998,1172,692978
62999,1172,692989
63000,1173,693000
63001,1174,693011
63002,1174,693022
63003,1174,693033
63004,1175,693044
63005,1176,693055
63006,1177,693066
63007,1178,693077
63008,1179,693088
63009,1179,693099
63010,1180,693110
63011,1181,693121
63012,1182,693132
63013,1183,693143
63014,1183,693154
63015,1184,693165
63016,1184,693176
63017,1184,693187
63018,1186,693198
63019,1186,693209
63020,1188,693220
63021,1188,693231
63022,1189,693242
63023,1190,693253
63024,1193,693264
63025,1194,693275
63026,1195,693286
63027,1196,693297
63028,1196,693308
63029,1196,693319
63030,1196,693330
63031,1197,693341
63032,1197,693352
63033,1198,693363
63034,1199,693374
63035,1199,693385
63036,1199,693396
63037,1199,693407
63038,1199,693418
63039,1201,693429
63040,1204,693440
63041,1204,693451
63042,1205,693462
63043,1205,693473
63044,1206,693484
63045,1206,693495
63046,1207,693506
63047,1208,693517
63048,1209,693528
63049,1209,693539
63050,1210,693550
63051,1210,693561
63052,1211,693572
63053,1211,693583
63054,1212,693594
63055,1212,693605
63056,1214,693616
63057,1216,693627
63058,1216,693638
63059,1218,693649
63060,1218,693660
63061,1221,693671
63062,1222,693682
63063,1223,693693
63064,1226,693704
63065,1227,693715
63066,1229,693726
63067,1229,693737
63068,1230,693748
63069,1233,693759
63070,1234,693770
63071,1235,693781
63072,1235,693792
63073,1236,693803
63074,1237,693814
63075,1237,693825
63076,1237,693836
63077,1238,693847
63078,1238,693858
63079,1239,693869
63080,1239,693880
63081,1240,693891
63082,1240,693902
63083,1240,693913
63084,1240,693924
63085,1241,693935
63086,1241,693946
63087,1242,693957
63088,1243,693968
63089,1243,693979
63090,1243,693990
63091,1244,694001
63092,1245,694012
63093,1245,694023
63094,1246,694034
63095,1246,694045
63096,1249,694056
63097,1249,694067
63098,1250,694078
63099,1250,694089
63100,1255,694100
63101,1257,694111
63102,1258,694122
63103,1259,694133
63104,1259,694144
63105,1261,694155
63106,1261,694166
63107,1262,694177
63108,1264,694188
63109,1265,694199
63110,1266,694210
63111,1267,694221
63112,1267,694232
63113,1267,694243
63114,1268,694254
63115,1268,694265
63116,1269,694276
63117,1269,694287
63118,1270,694298
63119,1271,694309
63120,1271,694320
63121,1271,694331
63122,1272,694342
63123,1273,694353
63124,1274,694364
63125,1274,694375
63126,1274,694386
63127,1275,694397
63128,1275,694408
63129,1277,694419
63130,1278,694430
63131,1278,694441
63132,1279,694452
63133,1279,694463
63134,1280,694474
63135,1280,694485
63136,1281,694496
63137,1282,694507
63138,1284,694518
63139,1284,694529
63140,1284,694540
63141,1285,694551
63142,1286,694562
63143,1287,694573
63144,1288,694584
63145,1290,694595
63146,1291,694606
63147,1291,694617
63148,1292,694628
63149,1292,694639
63150,1293,694650
63151,1294,694661
63152,1295,694672
63153,1295,694683
63154,1295,694694
63155,1296,694705
63156,1297,694716
63157,1297,694727
63158,1298,694738
63159,1299,694749
63160,1299,694760
63161,1299,694771
63162,1300,694782
63163,1301,694793
63164,1301,694804
63165,1301,694815
63166,1302,694826
63167,1302,694837
63168,1303,694848
63169,1305,694859
63170,1307,694870
63171,1308,694881
63172,1309,694892
63173,1309,694903
63174,1309,694914
63175,1311,694925
63176,1312,694936
63177,1313,694947
63178,1313,694958
63179,1314,694969
63180,1318,694980
63181,1318,694991
63182,1322,695002
63183,1322,695013
63184,1327,695024
63185,1328,695035
63186,1330,695046
63187,1330,695057
63188,1332,695068
63189,1333,695079
63190,1335,695090
63191,1336,695101
63192,1337,695112
63193,1338,695123
63194,1338,695134
63195,1338,695145
63196,1341,695156
63197,1342,695167
63198,1343,695178
63199,1343,695189
63200,1344,695200
63201,1347,695211
63202,1348,695222
63203,1348,695233
63204,1348,695244
63205,1349,695255
63206,1349,695266
63207,1349,695277
63208,1349,695288
63209,1350,695299
63210,1351,695310
63211,1351,695321
63212,1355,695332
63213,1356,695343
63214,1356,695354
63215,1359,695365
63216,1360,695376
63217,1360,695387
63218,1361,695398
63219,1361,695409
63220,1362,695420
63221,1363,695431
63222,1364,695442
63223,1365,695453
63224,1365,695464
63225,1367,695475
63226,1367,695486
63227,1369,695497
63228,1369,695508
63229,1369,695519
63230,1370,695530
63231,1370,695541
63232,1370,695552
63233,1371,695563
63234,1373,695574
63235,1375,695585
63236,1375,695596
63237,1375,695607
63238,1376,695618
63239,1379,695629
63240,1380,695640
63241,1380,695651
63242,1381,695662
63243,1381,695673
63244,1386,695684
63245,1388,695695
63246,1389,695706
63247,1391,695717
63248,1397,695728
63249,1397,695739
63250,1398,695750
63251,1398,695761
63252,1400,695772
63253,1402,695783
63254,1403,695794
63255,1403,695805
63256,1403,695816
63257,1408,695827
63258,1410,695838
63259,1410,695849
63260,1414,695860
63261,1415,695871
63262,1415,695882
63263,1417,695893
63264,1417,695904
63265,1418,695915
63266,1419,695926
63267,1419,695937
63268,1420,695948
63269,1423,695959
63270,1424,695970
63271,1424,695981
63272,1428,695992
63273,1429,696003
63274,1431,696014
63275,1434,696025
63276,1434,696036
63277,1435,696047
63278,1438,696058
63279,1438,696069
63280,1439,696080
63281,1439,696091
63282,1442,696102
63283,1445,696113
63284,1445,696124
63285,1449,696135
63286,1451,696146
63287,1452,696157
63288,1453,696168
63289,1454,696179
63290,1454,696190
63291,1454,696201
63292,1458,696212
63293,1460,696223
63294,1463,696234
63295,1464,696245
63296,1466,696256
63297,1467,696267
63298,1468,696278
63299,1469,696289
63300,1470,696300
63301,1470,696311
63302,1471,696322
63303,1475,696333
63304,1475,696344
63305,1476,696355
63306,1476,696366
63307,1478,696377
63308,1480,696388
63309,1481,696399
63310,1482,696410
63311,1483,696421
63312,1488,696432
63313,1490,696443
63314,1490,696454
63315,1491,696465
63316,1491,696476
63317,1494,696487
63318,1494,696498
63319,1498,696509
63320,1501,696520
63321,1502,696531
63322,1503,696542
63323,1506,696553
63324,1509,696564
63325,1510,696575
63326,1511,696586
63327,1518,696597
63328,1520,696608
63329,1521,696619
63330,1523,696630
63331,1523,696641
63332,1523,696652
63333,1527,696663
63334,1528,696674
63335,1529,696685
63336,1531,696696
63337,1532,696707
63338,1533,696718
63339,1535,696729
63340,1536,696740
63341,1536,696751
63342,1538,696762
63343,1539,696773
63344,1539,696784
63345,1539,696795
63346,1541,696806
63347,1541,696817
63348,1542,696828
63349,1546,696839
63350,1552,696850
63351,1553,696861
63352,1557,696872
63353,1558,696883
63354,1559,696894
63355,1559,696905
63356,1560,696916
63357,1563,696927
63358,1563,696938
63359,1568,696949
63360,1569,696960
63361,1569,696971
63362,1572,696982
63363,1580,696993
63364,1582,697004
63365,1585,697015
63366,1588,697026
63367,1590,697037
63368,1591,697048
63369,1594,697059
63370,1596,697070
63371,1597,697081
63372,1601,697092
63373,1603,697103
63374,1610,697114
63375,1611,697125
63376,1616,697136
63377,1627,697147
63378,1627,697158
63379,1628,697169
63380,1629,697180
63381,1636,697191
63382,1637,697202
63383,1639,697213
63384,1642,697224
63385,1643,697235
63386,1647,697246
63387,1654,697257
63388,1655,697268
63389,1656,697279
63390,1657,697290
63391,1659,697301
63392,1660,697312
63393,1660,697323
63394,1663,697334
63395,1663,697345
63396,1664,697356
63397,1669,697367
63398,1669,697378
63399,1673,697389
63400,1675,697400
63401,1675,697411
63402,1682,697422
63403,1684,697433
63404,1684,697444
63405,1684,697455
63406,1684,697466
63407,1685,697477
63408,1686,697488
63409,1688,697499
63410,1688,697510
63411,1692,697521
63412,1693,697532
63413,1700,697543
63414,1702,697554
63415,1708,697565
63416,1709,697576
63417,1710,697587
63418,1712,697598
63419,1713,697609
63420,1714,697620
63421,1715,697631
63422,1716,697642
63423,1719,697653
63424,1719,697664
63425,1720,697675
63426,1721,697686
63427,1722,697697
63428,1723,697708
63429,1723,697719
63430,1726,697730
63431,1727,697741
63432,1734,697752
63433,1736,697763
63434,1741,697774
63435,1744,697785
63436,1748,697796
63437,1748,697807
63438,1748,697818
63439,1750,697829
63440,1752,697840
63441,1753,697851
63442,1758,697862
63443,1760,697873
63444,1763,697884
63445,1769,697895
63446,1773,697906
63447,1773,697917
63448,1778,697928
63449,1780,697939
63450,1780,697950
63451,1784,697961
63452,1785,697972
63453,1785,697983
63454,1786,697994
63455,1787,698005
63456,1801,698016
63457,1809,698027
63458,1809,698038
63459,1811,698049
63460,1820,698060
63461,1830,698071
63462,1841,698082
63463,1844,698093
63464,1844,698104
63465,1847,698115
63466,1848,698126
63467,1849,698137
63468,1851,698148
63469,1852,698159
63470,1854,698170
63471,1855,698181
63472,1857,698192
63473,1872,698203
63474,1878,698214
63475,1890,698225
63476,1900,698236
63477,1913,698247
63478,1919,698258
63479,1920,698269
63480,1925,698280
63481,1939,698291
63482,1939,698302
63483,1943,698313
63484,1943,698324
63485,1946,698335
63486,1946,698346
63487,1947,698357
63488,1951,698368
63489,1959,698379
63490,1967,698390
63491,1967,698401
63492,1970,698412
63493,1988,698423
63494,1989,698434
63495,1992,698445
63496,1992,698456
63497,1998,698467
63498,2005,698478
63499,2016,698489
63500,2018,698500
63501,2019,698511
63502,2021,698522
63503,2027,698533
63504,2031,698544
63505,2033,698555
63506,2048,762072
63507,2050,762084
63508,2059,762096
63509,2062,762108
63510,2072,762120
63511,2083,762132
63512,2090,762144
63513,2097,762156
63514,2098,762168
63515,2101,762180
63516,2105,762192
63517,2109,762204
63518,2109,762216
63519,2112,762228
63520,2114,762240
63521,2115,762252
63522,2118,762264
63523,2140,762276
63524,2140,762288
63525,2141,762300
63526,2159,762312
63527,2160,762324
63528,2168,762336
63529,2168,762348
63530,2168,762360
63531,2175,762372
63532,2183,762384
63533,2189,762396
63534,2193,762408
63535,2206,762420
63536,2221,762432
63537,2223,762444
63538,2225,762456
63539,2226,762468
63540,2228,762480
63541,2228,762492
63542,2243,762504
63543,2244,762516
63544,2250,762528
63545,2255,762540
63546,2271,762552
63547,2276,762564
63548,2277,762576
63549,2284,762588
63550,2287,762600
63551,2292,762612
63552,2306,762624
63553,2313,762636
63554,2316,762648
63555,2320,762660
63556,2321,762672
63557,2324,762684
63558,2329,762696
63559,2336,762708
63560,2377,762720
63561,2377,762732
63562,2381,762744
63563,2393,762756
63564,2399,762768
63565,2402,762780
63566,2433,762792
63567,2447,762804
63568,2449,762816
63569,2456,762828
63570,2467,762840
63571,2469,762852
63572,2484,762864
63573,2485,762876
63574,2495,762888
63575,2499,762900
63576,2505,762912
63577,2518,762924
63578,2519,762936
63579,2526,762948
63580,2527,762960
63581,2572,762972
63582,2588,762984
63583,2605,762996
63584,2606,763008
63585,2613,763020
63586,2614,763032
63587,2632,763044
63588,2648,763056
63589,2699,763068
63590,2707,763080
63591,2724,763092
63592,2724,763104
63593,2730,763116
63594,2734,763128
63595,2753,763140
63596,2758,763152
63597,2798,763164
63598,2828,763176
63599,2853,763188
63600,2874,763200
63601,2876,763212
63602,2927,763224
63603,2927,763236
63604,2964,763248
63605,2967,763260
63606,2975,763272
63607,2987,763284
63608,2992,763296
63609,2992,763308
63610,3055,763320
63611,3061,763332
63612,3070,763344
63613,3110,763356
63614,3162,763368
63615,3174,763380
63616,3175,763392
63617,3191,763404
63618,3211,763416
63619,3251,763428
63620,3294,763440
63621,3315,763452
63622,3331,763464
63623,3359,763476
63624,3375,763488
63625,3396,763500
63626,3404,763512
63627,3414,763524
63628,3426,763536
63629,3556,763548
63630,3608,763560
63631,3635,763572
63632,3640,763584
63633,3683,763596
63634,3701,763608
63635,3711,763620
63636,3815,763632
63637,3879,763644
63638,3880,763656
63639,3883,763668
63640,3898,763680
63641,3935,763692
63642,4023,763704
63643,4169,827359
63644,4231,827372
63645,4421,827385
63646,4427,827398
63647,4427,827411
63648,4489,827424
63649,4563,827437
63650,4728,827450
63651,5274,827463
63652,5726,827476
63653,6135,827489
63654,6969,827502
63655,9411,891170
63656,9518,891184
63657,10268,891198
63658,15868,891212
63659,16644,954885
