KeywordCount, Counter, Storage(Bits)
1,10,8
2,37,24
3,37,36
4,37,48
5,37,60
6,38,72
7,38,84
8,38,96
9,38,108
10,38,120
11,39,132
12,39,144
13,39,156
14,39,168
15,39,180
16,39,192
17,39,204
18,39,216
19,39,228
20,39,240
21,39,252
22,39,264
23,39,276
24,39,288
25,39,300
26,39,312
27,39,324
28,39,336
29,39,348
30,40,360
31,40,372
32,40,384
33,40,396
34,40,408
35,40,420
36,40,432
37,40,444
38,40,456
39,40,468
40,40,480
41,40,492
42,40,504
43,40,516
44,40,528
45,40,540
46,40,552
47,40,564
48,40,576
49,40,588
50,40,600
51,40,612
52,40,624
53,41,636
54,41,648
55,41,660
56,41,672
57,41,684
58,41,696
59,41,708
60,41,720
61,41,732
62,41,744
63,41,756
64,41,768
65,41,780
66,41,792
67,41,804
68,41,816
69,41,828
70,41,840
71,41,852
72,41,864
73,41,876
74,41,888
75,41,900
76,41,912
77,41,924
78,41,936
79,41,948
80,41,960
81,41,972
82,41,984
83,41,996
84,41,1008
85,41,1020
86,41,1032
87,42,1044
88,42,1056
89,42,1068
90,42,1080
91,42,1092
92,42,1104
93,42,1116
94,42,1128
95,42,1140
96,42,1152
97,42,1164
98,42,1176
99,42,1188
100,42,1200
101,42,1212
102,42,1224
103,42,1236
104,42,1248
105,42,1260
106,42,1272
107,42,1284
108,42,1296
109,42,1308
110,42,1320
111,42,1332
112,42,1344
113,42,1356
114,42,1368
115,42,1380
116,42,1392
117,42,1404
118,42,1416
119,42,1428
120,42,1440
121,42,1452
122,42,1464
123,42,1476
124,42,1488
125,42,1500
126,42,1512
127,42,1524
128,43,1536
129,43,1548
130,43,1560
131,43,1572
132,43,1584
133,43,1596
134,43,1608
135,43,1620
136,43,1632
137,43,1644
138,43,1656
139,43,1668
140,43,1680
141,43,1692
142,43,1704
143,43,1716
144,43,1728
145,43,1740
146,43,1752
147,43,1764
148,43,1776
149,43,1788
150,43,1800
151,43,1812
152,43,1824
153,43,1836
154,43,1848
155,43,1860
156,43,1872
157,43,1884
158,43,1896
159,43,1908
160,43,1920
161,43,1932
162,43,1944
163,43,1956
164,43,1968
165,43,1980
166,43,1992
167,43,2004
168,43,2016
169,43,2028
170,43,2040
171,43,2052
172,43,2064
173,43,2076
174,43,2088
175,43,2100
176,43,2112
177,43,2124
178,43,2136
179,43,2148
180,43,2160
181,43,2172
182,43,2184
183,43,2196
184,43,2208
185,43,2220
186,43,2232
187,44,2244
188,44,2256
189,44,2268
190,44,2280
191,44,2292
192,44,2304
193,44,2316
194,44,2328
195,44,2340
196,44,2352
197,44,2364
198,44,2376
199,44,2388
200,44,2400
201,44,2412
202,44,2424
203,44,2436
204,44,2448
205,44,2460
206,44,2472
207,44,2484
208,44,2496
209,44,2508
210,44,2520
211,44,2532
212,44,2544
213,44,2556
214,44,2568
215,44,2580
216,44,2592
217,44,2604
218,44,2616
219,44,2628
220,44,2640
221,44,2652
222,44,2664
223,44,2676
224,44,2688
225,44,2700
226,44,2712
227,44,2724
228,44,2736
229,44,2748
230,44,2760
231,44,2772
232,44,2784
233,44,2796
234,44,2808
235,44,2820
236,44,2832
237,44,2844
238,44,2856
239,44,2868
240,44,2880
241,44,2892
242,44,2904
243,44,2916
244,44,2928
245,44,2940
246,44,2952
247,44,2964
248,44,2976
249,44,2988
250,44,3000
251,44,3012
252,44,3024
253,44,3036
254,44,3048
255,44,3060
256,44,3072
257,44,3084
258,44,3096
259,44,3108
260,44,3120
261,45,3132
262,45,3144
263,45,3156
264,45,3168
265,45,3180
266,45,3192
267,45,3204
268,45,3216
269,45,3228
270,45,3240
271,45,3252
272,45,3264
273,45,3276
274,45,3288
275,45,3300
276,45,3312
277,45,3324
278,45,3336
279,45,3348
280,45,3360
281,45,3372
282,45,3384
283,45,3396
284,45,3408
285,45,3420
286,45,3432
287,45,3444
288,45,3456
289,45,3468
290,45,3480
291,45,3492
292,45,3504
293,45,3516
294,45,3528
295,45,3540
296,45,3552
297,45,3564
298,45,3576
299,45,3588
300,45,3600
301,45,3612
302,45,3624
303,45,3636
304,45,3648
305,45,3660
306,45,3672
307,45,3684
308,45,3696
309,45,3708
310,45,3720
311,45,3732
312,45,3744
313,45,3756
314,45,3768
315,45,3780
316,45,3792
317,45,3804
318,45,3816
319,45,3828
320,45,3840
321,45,3852
322,45,3864
323,45,3876
324,45,3888
325,45,3900
326,45,3912
327,46,3924
328,46,3936
329,46,3948
330,46,3960
331,46,3972
332,46,3984
333,46,3996
334,46,4008
335,46,4020
336,46,4032
337,46,4044
338,46,4056
339,46,4068
340,46,4080
341,46,4092
342,46,4104
343,46,4116
344,46,4128
345,46,4140
346,46,4152
347,46,4164
348,46,4176
349,46,4188
350,46,4200
351,46,4212
352,46,4224
353,46,4236
354,46,4248
355,46,4260
356,46,4272
357,46,4284
358,46,4296
359,46,4308
360,46,4320
361,46,4332
362,46,4344
363,46,4356
364,46,4368
365,46,4380
366,46,4392
367,46,4404
368,46,4416
369,46,4428
370,46,4440
371,46,4452
372,46,4464
373,46,4476
374,46,4488
375,46,4500
376,46,4512
377,46,4524
378,46,4536
379,46,4548
380,46,4560
381,46,4572
382,46,4584
383,46,4596
384,46,4608
385,46,4620
386,46,4632
387,47,4644
388,47,4656
389,47,4668
390,47,4680
391,47,4692
392,47,4704
393,47,4716
394,47,4728
395,47,4740
396,47,4752
397,47,4764
398,47,4776
399,47,4788
400,47,4800
401,47,4812
402,47,4824
403,47,4836
404,47,4848
405,47,4860
406,47,4872
407,47,4884
408,47,4896
409,47,4908
410,47,4920
411,47,4932
412,47,4944
413,47,4956
414,47,4968
415,47,4980
416,47,4992
417,47,5004
418,47,5016
419,47,5028
420,47,5040
421,47,5052
422,47,5064
423,47,5076
424,47,5088
425,47,5100
426,47,5112
427,47,5124
428,47,5136
429,47,5148
430,47,5160
431,47,5172
432,47,5184
433,47,5196
434,47,5208
435,47,5220
436,47,5232
437,47,5244
438,47,5256
439,47,5268
440,47,5280
441,47,5292
442,47,5304
443,47,5316
444,47,5328
445,47,5340
446,47,5352
447,47,5364
448,48,5376
449,48,5388
450,48,5400
451,48,5412
452,48,5424
453,48,5436
454,48,5448
455,48,5460
456,48,5472
457,48,5484
458,48,5496
459,48,5508
460,48,5520
461,48,5532
462,48,5544
463,48,5556
464,48,5568
465,48,5580
466,48,5592
467,48,5604
468,48,5616
469,48,5628
470,48,5640
471,48,5652
472,48,5664
473,48,5676
474,48,5688
475,48,5700
476,48,5712
477,48,5724
478,48,5736
479,48,5748
480,48,5760
481,48,5772
482,48,5784
483,48,5796
484,48,5808
485,48,5820
486,48,5832
487,48,5844
488,48,5856
489,48,5868
490,48,5880
491,48,5892
492,48,5904
493,48,5916
494,48,5928
495,48,5940
496,48,5952
497,48,5964
498,48,5976
499,48,5988
500,48,6000
501,48,6012
502,48,6024
503,48,6036
504,48,6048
505,48,6060
506,48,6072
507,48,6084
508,48,6096
509,48,6108
510,48,6120
511,48,6132
512,48,6144
513,48,6156
514,48,6168
515,48,6180
516,48,6192
517,48,6204
518,48,6216
519,48,6228
520,48,6240
521,48,6252
522,48,6264
523,48,6276
524,48,6288
525,49,6300
526,49,6312
527,49,6324
528,49,6336
529,49,6348
530,49,6360
531,49,6372
532,49,6384
533,49,6396
534,49,6408
535,49,6420
536,49,6432
537,49,6444
538,49,6456
539,49,6468
540,49,6480
541,49,6492
542,49,6504
543,49,6516
544,49,6528
545,49,6540
546,49,6552
547,49,6564
548,49,6576
549,49,6588
550,49,6600
551,49,6612
552,49,6624
553,49,6636
554,49,6648
555,49,6660
556,49,6672
557,49,6684
558,49,6696
559,49,6708
560,49,6720
561,49,6732
562,49,6744
563,49,6756
564,49,6768
565,49,6780
566,49,6792
567,49,6804
568,49,6816
569,49,6828
570,49,6840
571,49,6852
572,49,6864
573,49,6876
574,49,6888
575,49,6900
576,49,6912
577,49,6924
578,49,6936
579,49,6948
580,49,6960
581,49,6972
582,49,6984
583,49,6996
584,49,7008
585,49,7020
586,49,7032
587,49,7044
588,49,7056
589,49,7068
590,49,7080
591,49,7092
592,49,7104
593,49,7116
594,50,7128
595,50,7140
596,50,7152
597,50,7164
598,50,7176
599,50,7188
600,50,7200
601,50,7212
602,50,7224
603,50,7236
604,50,7248
605,50,7260
606,50,7272
607,50,7284
608,50,7296
609,50,7308
610,50,7320
611,50,7332
612,50,7344
613,50,7356
614,50,7368
615,50,7380
616,50,7392
617,50,7404
618,50,7416
619,50,7428
620,50,7440
621,50,7452
622,50,7464
623,50,7476
624,50,7488
625,50,7500
626,50,7512
627,50,7524
628,50,7536
629,50,7548
630,50,7560
631,50,7572
632,50,7584
633,50,7596
634,50,7608
635,50,7620
636,50,7632
637,50,7644
638,50,7656
639,50,7668
640,50,7680
641,50,7692
642,50,7704
643,50,7716
644,50,7728
645,50,7740
646,50,7752
647,50,7764
648,50,7776
649,50,7788
650,50,7800
651,50,7812
652,50,7824
653,50,7836
654,50,7848
655,50,7860
656,50,7872
657,50,7884
658,50,7896
659,50,7908
660,50,7920
661,50,7932
662,50,7944
663,50,7956
664,50,7968
665,50,7980
666,50,7992
667,50,8004
668,50,8016
669,50,8028
670,50,8040
671,50,8052
672,50,8064
673,50,8076
674,50,8088
675,50,8100
676,51,8112
677,51,8124
678,51,8136
679,51,8148
680,51,8160
681,51,8172
682,51,8184
683,51,8196
684,51,8208
685,51,8220
686,51,8232
687,51,8244
688,51,8256
689,51,8268
690,51,8280
691,51,8292
692,51,8304
693,51,8316
694,51,8328
695,51,8340
696,51,8352
697,51,8364
698,51,8376
699,51,8388
700,51,8400
701,51,8412
702,51,8424
703,51,8436
704,51,8448
705,51,8460
706,51,8472
707,51,8484
708,51,8496
709,51,8508
710,51,8520
711,51,8532
712,51,8544
713,51,8556
714,51,8568
715,51,8580
716,51,8592
717,51,8604
718,51,8616
719,51,8628
720,51,8640
721,51,8652
722,51,8664
723,51,8676
724,51,8688
725,51,8700
726,51,8712
727,51,8724
728,51,8736
729,51,8748
730,51,8760
731,51,8772
732,51,8784
733,51,8796
734,51,8808
735,51,8820
736,51,8832
737,51,8844
738,51,8856
739,51,8868
740,51,8880
741,51,8892
742,51,8904
743,51,8916
744,51,8928
745,51,8940
746,51,8952
747,51,8964
748,51,8976
749,52,8988
750,52,9000
751,52,9012
752,52,9024
753,52,9036
754,52,9048
755,52,9060
756,52,9072
757,52,9084
758,52,9096
759,52,9108
760,52,9120
761,52,9132
762,52,9144
763,52,9156
764,52,9168
765,52,9180
766,52,9192
767,52,9204
768,52,9216
769,52,9228
770,52,9240
771,52,9252
772,52,9264
773,52,9276
774,52,9288
775,52,9300
776,52,9312
777,52,9324
778,52,9336
779,52,9348
780,52,9360
781,52,9372
782,52,9384
783,52,9396
784,52,9408
785,52,9420
786,52,9432
787,52,9444
788,52,9456
789,52,9468
790,52,9480
791,52,9492
792,52,9504
793,52,9516
794,52,9528
795,52,9540
796,52,9552
797,52,9564
798,52,9576
799,52,9588
800,52,9600
801,52,9612
802,52,9624
803,52,9636
804,52,9648
805,52,9660
806,52,9672
807,52,9684
808,52,9696
809,52,9708
810,52,9720
811,52,9732
812,52,9744
813,52,9756
814,52,9768
815,52,9780
816,52,9792
817,52,9804
818,52,9816
819,52,9828
820,52,9840
821,53,9852
822,53,9864
823,53,9876
824,53,9888
825,53,9900
826,53,9912
827,53,9924
828,53,9936
829,53,9948
830,53,9960
831,53,9972
832,53,9984
833,53,9996
834,53,10008
835,53,10020
836,53,10032
837,53,10044
838,53,10056
839,53,10068
840,53,10080
841,53,10092
842,53,10104
843,53,10116
844,53,10128
845,53,10140
846,53,10152
847,53,10164
848,53,10176
849,53,10188
850,53,10200
851,53,10212
852,53,10224
853,53,10236
854,53,10248
855,53,10260
856,53,10272
857,53,10284
858,53,10296
859,53,10308
860,53,10320
861,53,10332
862,53,10344
863,53,10356
864,53,10368
865,53,10380
866,53,10392
867,53,10404
868,53,10416
869,53,10428
870,53,10440
871,53,10452
872,53,10464
873,53,10476
874,53,10488
875,53,10500
876,53,10512
877,53,10524
878,53,10536
879,53,10548
880,53,10560
881,53,10572
882,53,10584
883,53,10596
884,53,10608
885,53,10620
886,53,10632
887,54,10644
888,54,10656
889,54,10668
890,54,10680
891,54,10692
892,54,10704
893,54,10716
894,54,10728
895,54,10740
896,54,10752
897,54,10764
898,54,10776
899,54,10788
900,54,10800
901,54,10812
902,54,10824
903,54,10836
904,54,10848
905,54,10860
906,54,10872
907,54,10884
908,54,10896
909,54,10908
910,54,10920
911,54,10932
912,54,10944
913,54,10956
914,54,10968
915,54,10980
916,54,10992
917,54,11004
918,54,11016
919,54,11028
920,54,11040
921,54,11052
922,54,11064
923,54,11076
924,54,11088
925,54,11100
926,54,11112
927,54,11124
928,54,11136
929,54,11148
930,54,11160
931,54,11172
932,54,11184
933,54,11196
934,54,11208
935,54,11220
936,54,11232
937,54,11244
938,54,11256
939,54,11268
940,54,11280
941,54,11292
942,54,11304
943,54,11316
944,54,11328
945,54,11340
946,54,11352
947,54,11364
948,54,11376
949,54,11388
950,54,11400
951,54,11412
952,54,11424
953,54,11436
954,54,11448
955,54,11460
956,54,11472
957,54,11484
958,54,11496
959,54,11508
960,54,11520
961,54,11532
962,54,11544
963,54,11556
964,55,11568
965,55,11580
966,55,11592
967,55,11604
968,55,11616
969,55,11628
970,55,11640
971,55,11652
972,55,11664
973,55,11676
974,55,11688
975,55,11700
976,55,11712
977,55,11724
978,55,11736
979,55,11748
980,55,11760
981,55,11772
982,55,11784
983,55,11796
984,55,11808
985,55,11820
986,55,11832
987,55,11844
988,55,11856
989,55,11868
990,55,11880
991,55,11892
992,55,11904
993,55,11916
994,55,11928
995,55,11940
996,55,11952
997,55,11964
998,55,11976
999,55,11988
1000,55,12000
1001,55,12012
1002,55,12024
1003,55,12036
1004,55,12048
1005,55,12060
1006,55,12072
1007,55,12084
1008,55,12096
1009,55,12108
1010,55,12120
1011,55,12132
1012,55,12144
1013,55,12156
1014,55,12168
1015,55,12180
1016,55,12192
1017,55,12204
1018,55,12216
1019,55,12228
1020,55,12240
1021,55,12252
1022,55,12264
1023,55,12276
1024,55,12288
1025,55,12300
1026,55,12312
1027,55,12324
1028,55,12336
1029,55,12348
1030,55,12360
1031,55,12372
1032,55,12384
1033,55,12396
1034,55,12408
1035,55,12420
1036,55,12432
1037,55,12444
1038,55,12456
1039,55,12468
1040,55,12480
1041,55,12492
1042,55,12504
1043,55,12516
1044,55,12528
1045,55,12540
1046,55,12552
1047,55,12564
1048,55,12576
1049,55,12588
1050,55,12600
1051,55,12612
1052,55,12624
1053,56,12636
1054,56,12648
1055,56,12660
1056,56,12672
1057,56,12684
1058,56,12696
1059,56,12708
1060,56,12720
1061,56,12732
1062,56,12744
1063,56,12756
1064,56,12768
1065,56,12780
1066,56,12792
1067,56,12804
1068,56,12816
1069,56,12828
1070,56,12840
1071,56,12852
1072,56,12864
1073,56,12876
1074,56,12888
1075,56,12900
1076,56,12912
1077,56,12924
1078,56,12936
1079,56,12948
1080,56,12960
1081,56,12972
1082,56,12984
1083,56,12996
1084,56,13008
1085,56,13020
1086,56,13032
1087,56,13044
1088,56,13056
1089,56,13068
1090,56,13080
1091,56,13092
1092,56,13104
1093,56,13116
1094,56,13128
1095,56,13140
1096,56,13152
1097,56,13164
1098,56,13176
1099,56,13188
1100,56,13200
1101,56,13212
1102,56,13224
1103,56,13236
1104,56,13248
1105,56,13260
1106,56,13272
1107,56,13284
1108,56,13296
1109,56,13308
1110,56,13320
1111,56,13332
1112,56,13344
1113,56,13356
1114,56,13368
1115,56,13380
1116,56,13392
1117,56,13404
1118,56,13416
1119,56,13428
1120,56,13440
1121,56,13452
1122,56,13464
1123,56,13476
1124,56,13488
1125,56,13500
1126,56,13512
1127,56,13524
1128,56,13536
1129,56,13548
1130,56,13560
1131,56,13572
1132,56,13584
1133,56,13596
1134,56,13608
1135,56,13620
1136,56,13632
1137,56,13644
1138,56,13656
1139,56,13668
1140,56,13680
1141,56,13692
1142,56,13704
1143,56,13716
1144,57,13728
1145,57,13740
1146,57,13752
1147,57,13764
1148,57,13776
1149,57,13788
1150,57,13800
1151,57,13812
1152,57,13824
1153,57,13836
1154,57,13848
1155,57,13860
1156,57,13872
1157,57,13884
1158,57,13896
1159,57,13908
1160,57,13920
1161,57,13932
1162,57,13944
1163,57,13956
1164,57,13968
1165,57,13980
1166,57,13992
1167,57,14004
1168,57,14016
1169,57,14028
1170,57,14040
1171,57,14052
1172,57,14064
1173,57,14076
1174,57,14088
1175,57,14100
1176,57,14112
1177,57,14124
1178,57,14136
1179,57,14148
1180,57,14160
1181,57,14172
1182,57,14184
1183,57,14196
1184,57,14208
1185,57,14220
1186,57,14232
1187,57,14244
1188,57,14256
1189,57,14268
1190,57,14280
1191,57,14292
1192,57,14304
1193,57,14316
1194,57,14328
1195,57,14340
1196,57,14352
1197,57,14364
1198,57,14376
1199,57,14388
1200,57,14400
1201,57,14412
1202,57,14424
1203,57,14436
1204,57,14448
1205,57,14460
1206,57,14472
1207,57,14484
1208,57,14496
1209,57,14508
1210,57,14520
1211,57,14532
1212,57,14544
1213,57,14556
1214,57,14568
1215,57,14580
1216,57,14592
1217,57,14604
1218,57,14616
1219,57,14628
1220,57,14640
1221,57,14652
1222,57,14664
1223,57,14676
1224,57,14688
1225,57,14700
1226,57,14712
1227,57,14724
1228,57,14736
1229,57,14748
1230,57,14760
1231,57,14772
1232,57,14784
1233,57,14796
1234,58,14808
1235,58,14820
1236,58,14832
1237,58,14844
1238,58,14856
1239,58,14868
1240,58,14880
1241,58,14892
1242,58,14904
1243,58,14916
1244,58,14928
1245,58,14940
1246,58,14952
1247,58,14964
1248,58,14976
1249,58,14988
1250,58,15000
1251,58,15012
1252,58,15024
1253,58,15036
1254,58,15048
1255,58,15060
1256,58,15072
1257,58,15084
1258,58,15096
1259,58,15108
1260,58,15120
1261,58,15132
1262,58,15144
1263,58,15156
1264,58,15168
1265,58,15180
1266,58,15192
1267,58,15204
1268,58,15216
1269,58,15228
1270,58,15240
1271,58,15252
1272,58,15264
1273,58,15276
1274,58,15288
1275,58,15300
1276,58,15312
1277,58,15324
1278,58,15336
1279,58,15348
1280,58,15360
1281,58,15372
1282,58,15384
1283,58,15396
1284,58,15408
1285,58,15420
1286,58,15432
1287,58,15444
1288,58,15456
1289,58,15468
1290,58,15480
1291,58,15492
1292,58,15504
1293,58,15516
1294,58,15528
1295,58,15540
1296,58,15552
1297,58,15564
1298,58,15576
1299,58,15588
1300,58,15600
1301,58,15612
1302,58,15624
1303,58,15636
1304,58,15648
1305,58,15660
1306,58,15672
1307,58,15684
1308,58,15696
1309,58,15708
1310,58,15720
1311,58,15732
1312,58,15744
1313,58,15756
1314,58,15768
1315,58,15780
1316,59,15792
1317,59,15804
1318,59,15816
1319,59,15828
1320,59,15840
1321,59,15852
1322,59,15864
1323,59,15876
1324,59,15888
1325,59,15900
1326,59,15912
1327,59,15924
1328,59,15936
1329,59,15948
1330,59,15960
1331,59,15972
1332,59,15984
1333,59,15996
1334,59,16008
1335,59,16020
1336,59,16032
1337,59,16044
1338,59,16056
1339,59,16068
1340,59,16080
1341,59,16092
1342,59,16104
1343,59,16116
1344,59,16128
1345,59,16140
1346,59,16152
1347,59,16164
1348,59,16176
1349,59,16188
1350,59,16200
1351,59,16212
1352,59,16224
1353,59,16236
1354,59,16248
1355,59,16260
1356,59,16272
1357,59,16284
1358,59,16296
1359,59,16308
1360,59,16320
1361,59,16332
1362,59,16344
1363,59,16356
1364,59,16368
1365,59,16380
1366,59,16392
1367,59,16404
1368,59,16416
1369,59,16428
1370,59,16440
1371,59,16452
1372,59,16464
1373,59,16476
1374,59,16488
1375,59,16500
1376,59,16512
1377,59,16524
1378,59,16536
1379,59,16548
1380,59,16560
1381,59,16572
1382,59,16584
1383,59,16596
1384,59,16608
1385,59,16620
1386,59,16632
1387,59,16644
1388,59,16656
1389,59,16668
1390,59,16680
1391,59,16692
1392,59,16704
1393,60,16716
1394,60,16728
1395,60,16740
1396,60,16752
1397,60,16764
1398,60,16776
1399,60,16788
1400,60,16800
1401,60,16812
1402,60,16824
1403,60,16836
1404,60,16848
1405,60,16860
1406,60,16872
1407,60,16884
1408,60,16896
1409,60,16908
1410,60,16920
1411,60,16932
1412,60,16944
1413,60,16956
1414,60,16968
1415,60,16980
1416,60,16992
1417,60,17004
1418,60,17016
1419,60,17028
1420,60,17040
1421,60,17052
1422,60,17064
1423,60,17076
1424,60,17088
1425,60,17100
1426,60,17112
1427,60,17124
1428,60,17136
1429,60,17148
1430,60,17160
1431,60,17172
1432,60,17184
1433,60,17196
1434,60,17208
1435,60,17220
1436,60,17232
1437,60,17244
1438,60,17256
1439,60,17268
1440,60,17280
1441,60,17292
1442,60,17304
1443,60,17316
1444,60,17328
1445,60,17340
1446,60,17352
1447,60,17364
1448,60,17376
1449,60,17388
1450,60,17400
1451,60,17412
1452,60,17424
1453,60,17436
1454,60,17448
1455,60,17460
1456,60,17472
1457,60,17484
1458,60,17496
1459,60,17508
1460,60,17520
1461,60,17532
1462,60,17544
1463,61,17556
1464,61,17568
1465,61,17580
1466,61,17592
1467,61,17604
1468,61,17616
1469,61,17628
1470,61,17640
1471,61,17652
1472,61,17664
1473,61,17676
1474,61,17688
1475,61,17700
1476,61,17712
1477,61,17724
1478,61,17736
1479,61,17748
1480,61,17760
1481,61,17772
1482,61,17784
1483,61,17796
1484,61,17808
1485,61,17820
1486,61,17832
1487,61,17844
1488,61,17856
1489,61,17868
1490,61,17880
1491,61,17892
1492,61,17904
1493,61,17916
1494,61,17928
1495,61,17940
1496,61,17952
1497,61,17964
1498,61,17976
1499,61,17988
1500,61,18000
1501,61,18012
1502,61,18024
1503,61,18036
1504,61,18048
1505,61,18060
1506,61,18072
1507,61,18084
1508,61,18096
1509,61,18108
1510,61,18120
1511,61,18132
1512,61,18144
1513,61,18156
1514,61,18168
1515,61,18180
1516,61,18192
1517,61,18204
1518,61,18216
1519,61,18228
1520,61,18240
1521,61,18252
1522,61,18264
1523,61,18276
1524,61,18288
1525,61,18300
1526,61,18312
1527,61,18324
1528,61,18336
1529,61,18348
1530,61,18360
1531,61,18372
1532,61,18384
1533,61,18396
1534,61,18408
1535,61,18420
1536,61,18432
1537,61,18444
1538,61,18456
1539,61,18468
1540,61,18480
1541,61,18492
1542,61,18504
1543,62,18516
1544,62,18528
1545,62,18540
1546,62,18552
1547,62,18564
1548,62,18576
1549,62,18588
1550,62,18600
1551,62,18612
1552,62,18624
1553,62,18636
1554,62,18648
1555,62,18660
1556,62,18672
1557,62,18684
1558,62,18696
1559,62,18708
1560,62,18720
1561,62,18732
1562,62,18744
1563,62,18756
1564,62,18768
1565,62,18780
1566,62,18792
1567,62,18804
1568,62,18816
1569,62,18828
1570,62,18840
1571,62,18852
1572,62,18864
1573,62,18876
1574,62,18888
1575,62,18900
1576,62,18912
1577,62,18924
1578,62,18936
1579,62,18948
1580,62,18960
1581,62,18972
1582,62,18984
1583,62,18996
1584,62,19008
1585,62,19020
1586,62,19032
1587,62,19044
1588,62,19056
1589,62,19068
1590,62,19080
1591,62,19092
1592,62,19104
1593,62,19116
1594,62,19128
1595,62,19140
1596,62,19152
1597,62,19164
1598,62,19176
1599,62,19188
1600,62,19200
1601,62,19212
1602,62,19224
1603,62,19236
1604,62,19248
1605,62,19260
1606,62,19272
1607,62,19284
1608,62,19296
1609,62,19308
1610,62,19320
1611,62,19332
1612,62,19344
1613,62,19356
1614,63,19368
1615,63,19380
1616,63,19392
1617,63,19404
1618,63,19416
1619,63,19428
1620,63,19440
1621,63,19452
1622,63,19464
1623,63,19476
1624,63,19488
1625,63,19500
1626,63,19512
1627,63,19524
1628,63,19536
1629,63,19548
1630,63,19560
1631,63,19572
1632,63,19584
1633,63,19596
1634,63,19608
1635,63,19620
1636,63,19632
1637,63,19644
1638,63,19656
1639,63,19668
1640,63,19680
1641,63,19692
1642,63,19704
1643,63,19716
1644,63,19728
1645,63,19740
1646,63,19752
1647,63,19764
1648,63,19776
1649,63,19788
1650,63,19800
1651,63,19812
1652,63,19824
1653,63,19836
1654,63,19848
1655,63,19860
1656,63,19872
1657,63,19884
1658,63,19896
1659,63,19908
1660,63,19920
1661,63,19932
1662,63,19944
1663,63,19956
1664,63,19968
1665,63,19980
1666,63,19992
1667,63,20004
1668,63,20016
1669,63,20028
1670,63,20040
1671,63,20052
1672,63,20064
1673,63,20076
1674,63,20088
1675,63,20100
1676,63,20112
1677,63,20124
1678,63,20136
1679,63,20148
1680,63,20160
1681,63,20172
1682,63,20184
1683,63,20196
1684,63,20208
1685,63,20220
1686,63,20232
1687,63,20244
1688,63,20256
1689,63,20268
1690,63,20280
1691,63,20292
1692,63,20304
1693,63,20316
1694,63,20328
1695,63,20340
1696,63,20352
1697,64,23758
1698,64,23772
1699,64,23786
1700,64,23800
1701,64,23814
1702,64,23828
1703,64,23842
1704,64,23856
1705,64,23870
1706,64,23884
1707,64,23898
1708,64,23912
1709,64,23926
1710,64,23940
1711,64,23954
1712,64,23968
1713,64,23982
1714,64,23996
1715,64,24010
1716,64,24024
1717,64,24038
1718,64,24052
1719,64,24066
1720,64,24080
1721,64,24094
1722,64,24108
1723,64,24122
1724,64,24136
1725,64,24150
1726,64,24164
1727,64,24178
1728,64,24192
1729,64,24206
1730,64,24220
1731,64,24234
1732,64,24248
1733,64,24262
1734,64,24276
1735,64,24290
1736,64,24304
1737,64,24318
1738,64,24332
1739,64,24346
1740,64,24360
1741,64,24374
1742,64,24388
1743,64,24402
1744,64,24416
1745,64,24430
1746,64,24444
1747,64,24458
1748,64,24472
1749,64,24486
1750,64,24500
1751,64,24514
1752,64,24528
1753,64,24542
1754,64,24556
1755,64,24570
1756,64,24584
1757,64,24598
1758,64,24612
1759,64,24626
1760,64,24640
1761,64,24654
1762,64,24668
1763,64,24682
1764,64,24696
1765,64,24710
1766,64,24724
1767,64,24738
1768,64,24752
1769,64,24766
1770,64,24780
1771,64,24794
1772,64,24808
1773,64,24822
1774,64,24836
1775,64,24850
1776,64,24864
1777,64,24878
1778,64,24892
1779,64,24906
1780,64,24920
1781,64,24934
1782,64,24948
1783,64,24962
1784,64,24976
1785,65,24990
1786,65,25004
1787,65,25018
1788,65,25032
1789,65,25046
1790,65,25060
1791,65,25074
1792,65,25088
1793,65,25102
1794,65,25116
1795,65,25130
1796,65,25144
1797,65,25158
1798,65,25172
1799,65,25186
1800,65,25200
1801,65,25214
1802,65,25228
1803,65,25242
1804,65,25256
1805,65,25270
1806,65,25284
1807,65,25298
1808,65,25312
1809,65,25326
1810,65,25340
1811,65,25354
1812,65,25368
1813,65,25382
1814,65,25396
1815,65,25410
1816,65,25424
1817,65,25438
1818,65,25452
1819,65,25466
1820,65,25480
1821,65,25494
1822,65,25508
1823,65,25522
1824,65,25536
1825,65,25550
1826,65,25564
1827,65,25578
1828,65,25592
1829,65,25606
1830,65,25620
1831,65,25634
1832,65,25648
1833,65,25662
1834,65,25676
1835,65,25690
1836,65,25704
1837,65,25718
1838,65,25732
1839,65,25746
1840,65,25760
1841,65,25774
1842,65,25788
1843,65,25802
1844,65,25816
1845,65,25830
1846,65,25844
1847,65,25858
1848,65,25872
1849,65,25886
1850,65,25900
1851,65,25914
1852,65,25928
1853,65,25942
1854,66,25956
1855,66,25970
1856,66,25984
1857,66,25998
1858,66,26012
1859,66,26026
1860,66,26040
1861,66,26054
1862,66,26068
1863,66,26082
1864,66,26096
1865,66,26110
1866,66,26124
1867,66,26138
1868,66,26152
1869,66,26166
1870,66,26180
1871,66,26194
1872,66,26208
1873,66,26222
1874,66,26236
1875,66,26250
1876,66,26264
1877,66,26278
1878,66,26292
1879,66,26306
1880,66,26320
1881,66,26334
1882,66,26348
1883,66,26362
1884,66,26376
1885,66,26390
1886,66,26404
1887,66,26418
1888,66,26432
1889,66,26446
1890,66,26460
1891,66,26474
1892,66,26488
1893,66,26502
1894,66,26516
1895,66,26530
1896,66,26544
1897,66,26558
1898,66,26572
1899,66,26586
1900,66,26600
1901,66,26614
1902,66,26628
1903,66,26642
1904,66,26656
1905,66,26670
1906,66,26684
1907,66,26698
1908,66,26712
1909,66,26726
1910,66,26740
1911,66,26754
1912,66,26768
1913,66,26782
1914,66,26796
1915,66,26810
1916,66,26824
1917,66,26838
1918,66,26852
1919,66,26866
1920,66,26880
1921,66,26894
1922,66,26908
1923,66,26922
1924,66,26936
1925,66,26950
1926,66,26964
1927,67,26978
1928,67,26992
1929,67,27006
1930,67,27020
1931,67,27034
1932,67,27048
1933,67,27062
1934,67,27076
1935,67,27090
1936,67,27104
1937,67,27118
1938,67,27132
1939,67,27146
1940,67,27160
1941,67,27174
1942,67,27188
1943,67,27202
1944,67,27216
1945,67,27230
1946,67,27244
1947,67,27258
1948,67,27272
1949,67,27286
1950,67,27300
1951,67,27314
1952,67,27328
1953,67,27342
1954,67,27356
1955,67,27370
1956,67,27384
1957,67,27398
1958,67,27412
1959,67,27426
1960,67,27440
1961,67,27454
1962,67,27468
1963,67,27482
1964,67,27496
1965,67,27510
1966,67,27524
1967,67,27538
1968,67,27552
1969,67,27566
1970,67,27580
1971,67,27594
1972,67,27608
1973,67,27622
1974,67,27636
1975,67,27650
1976,67,27664
1977,67,27678
1978,67,27692
1979,67,27706
1980,67,27720
1981,67,27734
1982,67,27748
1983,67,27762
1984,67,27776
1985,67,27790
1986,67,27804
1987,67,27818
1988,67,27832
1989,67,27846
1990,67,27860
1991,67,27874
1992,67,27888
1993,67,27902
1994,67,27916
1995,67,27930
1996,67,27944
1997,67,27958
1998,67,27972
1999,67,27986
2000,67,28000
2001,67,28014
2002,67,28028
2003,67,28042
2004,67,28056
2005,67,28070
2006,67,28084
2007,67,28098
2008,67,28112
2009,67,28126
2010,67,28140
2011,67,28154
2012,67,28168
2013,67,28182
2014,67,28196
2015,67,28210
2016,67,28224
2017,67,28238
2018,67,28252
2019,67,28266
2020,67,28280
2021,67,28294
2022,67,28308
2023,67,28322
2024,67,28336
2025,67,28350
2026,67,28364
2027,67,28378
2028,68,28392
2029,68,28406
2030,68,28420
2031,68,28434
2032,68,28448
2033,68,28462
2034,68,28476
2035,68,28490
2036,68,28504
2037,68,28518
2038,68,28532
2039,68,28546
2040,68,28560
2041,68,28574
2042,68,28588
2043,68,28602
2044,68,28616
2045,68,28630
2046,68,28644
2047,68,28658
2048,68,28672
2049,68,28686
2050,68,28700
2051,68,28714
2052,68,28728
2053,68,28742
2054,68,28756
2055,68,28770
2056,68,28784
2057,68,28798
2058,68,28812
2059,68,28826
2060,68,28840
2061,68,28854
2062,68,28868
2063,68,28882
2064,68,28896
2065,68,28910
2066,68,28924
2067,68,28938
2068,68,28952
2069,68,28966
2070,68,28980
2071,68,28994
2072,68,29008
2073,68,29022
2074,68,29036
2075,68,29050
2076,68,29064
2077,68,29078
2078,68,29092
2079,68,29106
2080,68,29120
2081,68,29134
2082,68,29148
2083,68,29162
2084,68,29176
2085,68,29190
2086,68,29204
2087,68,29218
2088,68,29232
2089,68,29246
2090,68,29260
2091,68,29274
2092,68,29288
2093,68,29302
2094,68,29316
2095,68,29330
2096,68,29344
2097,68,29358
2098,68,29372
2099,68,29386
2100,68,29400
2101,68,29414
2102,68,29428
2103,68,29442
2104,68,29456
2105,68,29470
2106,68,29484
2107,68,29498
2108,68,29512
2109,68,29526
2110,68,29540
2111,68,29554
2112,68,29568
2113,68,29582
2114,68,29596
2115,68,29610
2116,68,29624
2117,69,29638
2118,69,29652
2119,69,29666
2120,69,29680
2121,69,29694
2122,69,29708
2123,69,29722
2124,69,29736
2125,69,29750
2126,69,29764
2127,69,29778
2128,69,29792
2129,69,29806
2130,69,29820
2131,69,29834
2132,69,29848
2133,69,29862
2134,69,29876
2135,69,29890
2136,69,29904
2137,69,29918
2138,69,29932
2139,69,29946
2140,69,29960
2141,69,29974
2142,69,29988
2143,69,30002
2144,69,30016
2145,69,30030
2146,69,30044
2147,69,30058
2148,69,30072
2149,69,30086
2150,69,30100
2151,69,30114
2152,69,30128
2153,69,30142
2154,69,30156
2155,69,30170
2156,69,30184
2157,69,30198
2158,69,30212
2159,69,30226
2160,69,30240
2161,69,30254
2162,69,30268
2163,69,30282
2164,69,30296
2165,69,30310
2166,69,30324
2167,69,30338
2168,69,30352
2169,69,30366
2170,69,30380
2171,69,30394
2172,69,30408
2173,69,30422
2174,69,30436
2175,69,30450
2176,69,30464
2177,69,30478
2178,69,30492
2179,69,30506
2180,69,30520
2181,69,30534
2182,69,30548
2183,69,30562
2184,69,30576
2185,69,30590
2186,69,30604
2187,69,30618
2188,69,30632
2189,69,30646
2190,69,30660
2191,69,30674
2192,70,30688
2193,70,30702
2194,70,30716
2195,70,30730
2196,70,30744
2197,70,30758
2198,70,30772
2199,70,30786
2200,70,30800
2201,70,30814
2202,70,30828
2203,70,30842
2204,70,30856
2205,70,30870
2206,70,30884
2207,70,30898
2208,70,30912
2209,70,30926
2210,70,30940
2211,70,30954
2212,70,30968
2213,70,30982
2214,70,30996
2215,70,31010
2216,70,31024
2217,70,31038
2218,70,31052
2219,70,31066
2220,70,31080
2221,70,31094
2222,70,31108
2223,70,31122
2224,70,31136
2225,70,31150
2226,70,31164
2227,70,31178
2228,70,31192
2229,70,31206
2230,70,31220
2231,70,31234
2232,70,31248
2233,70,31262
2234,70,31276
2235,70,31290
2236,70,31304
2237,70,31318
2238,70,31332
2239,70,31346
2240,70,31360
2241,70,31374
2242,70,31388
2243,70,31402
2244,70,31416
2245,70,31430
2246,70,31444
2247,70,31458
2248,70,31472
2249,70,31486
2250,70,31500
2251,70,31514
2252,70,31528
2253,70,31542
2254,70,31556
2255,70,31570
2256,70,31584
2257,70,31598
2258,70,31612
2259,70,31626
2260,70,31640
2261,70,31654
2262,70,31668
2263,70,31682
2264,70,31696
2265,70,31710
2266,70,31724
2267,70,31738
2268,71,31752
2269,71,31766
2270,71,31780
2271,71,31794
2272,71,31808
2273,71,31822
2274,71,31836
2275,71,31850
2276,71,31864
2277,71,31878
2278,71,31892
2279,71,31906
2280,71,31920
2281,71,31934
2282,71,31948
2283,71,31962
2284,71,31976
2285,71,31990
2286,71,32004
2287,71,32018
2288,71,32032
2289,71,32046
2290,71,32060
2291,71,32074
2292,71,32088
2293,71,32102
2294,71,32116
2295,71,32130
2296,71,32144
2297,71,32158
2298,71,32172
2299,71,32186
2300,71,32200
2301,71,32214
2302,71,32228
2303,71,32242
2304,71,32256
2305,71,32270
2306,71,32284
2307,71,32298
2308,71,32312
2309,71,32326
2310,71,32340
2311,71,32354
2312,71,32368
2313,71,32382
2314,71,32396
2315,71,32410
2316,71,32424
2317,71,32438
2318,71,32452
2319,71,32466
2320,71,32480
2321,71,32494
2322,71,32508
2323,71,32522
2324,71,32536
2325,71,32550
2326,71,32564
2327,71,32578
2328,71,32592
2329,71,32606
2330,71,32620
2331,71,32634
2332,71,32648
2333,71,32662
2334,72,32676
2335,72,32690
2336,72,32704
2337,72,32718
2338,72,32732
2339,72,32746
2340,72,32760
2341,72,32774
2342,72,32788
2343,72,32802
2344,72,32816
2345,72,32830
2346,72,32844
2347,72,32858
2348,72,32872
2349,72,32886
2350,72,32900
2351,72,32914
2352,72,32928
2353,72,32942
2354,72,32956
2355,72,32970
2356,72,32984
2357,72,32998
2358,72,33012
2359,72,33026
2360,72,33040
2361,72,33054
2362,72,33068
2363,72,33082
2364,72,33096
2365,72,33110
2366,72,33124
2367,72,33138
2368,72,33152
2369,72,33166
2370,72,33180
2371,72,33194
2372,72,33208
2373,72,33222
2374,72,33236
2375,72,33250
2376,72,33264
2377,72,33278
2378,72,33292
2379,72,33306
2380,72,33320
2381,72,33334
2382,72,33348
2383,72,33362
2384,72,33376
2385,72,33390
2386,72,33404
2387,72,33418
2388,72,33432
2389,72,33446
2390,72,33460
2391,72,33474
2392,72,33488
2393,72,33502
2394,72,33516
2395,72,33530
2396,72,33544
2397,72,33558
2398,72,33572
2399,72,33586
2400,72,33600
2401,72,33614
2402,72,33628
2403,72,33642
2404,72,33656
2405,72,33670
2406,72,33684
2407,72,33698
2408,72,33712
2409,72,33726
2410,72,33740
2411,72,33754
2412,72,33768
2413,73,33782
2414,73,33796
2415,73,33810
2416,73,33824
2417,73,33838
2418,73,33852
2419,73,33866
2420,73,33880
2421,73,33894
2422,73,33908
2423,73,33922
2424,73,33936
2425,73,33950
2426,73,33964
2427,73,33978
2428,73,33992
2429,73,34006
2430,73,34020
2431,73,34034
2432,73,34048
2433,73,34062
2434,73,34076
2435,73,34090
2436,73,34104
2437,73,34118
2438,73,34132
2439,73,34146
2440,73,34160
2441,73,34174
2442,73,34188
2443,73,34202
2444,73,34216
2445,73,34230
2446,73,34244
2447,73,34258
2448,73,34272
2449,73,34286
2450,73,34300
2451,73,34314
2452,73,34328
2453,73,34342
2454,73,34356
2455,73,34370
2456,73,34384
2457,73,34398
2458,73,34412
2459,73,34426
2460,73,34440
2461,73,34454
2462,73,34468
2463,73,34482
2464,73,34496
2465,73,34510
2466,73,34524
2467,73,34538
2468,73,34552
2469,73,34566
2470,73,34580
2471,73,34594
2472,73,34608
2473,73,34622
2474,73,34636
2475,73,34650
2476,73,34664
2477,73,34678
2478,73,34692
2479,73,34706
2480,73,34720
2481,73,34734
2482,73,34748
2483,73,34762
2484,73,34776
2485,73,34790
2486,73,34804
2487,73,34818
2488,73,34832
2489,73,34846
2490,73,34860
2491,73,34874
2492,73,34888
2493,73,34902
2494,73,34916
2495,73,34930
2496,73,34944
2497,73,34958
2498,73,34972
2499,74,34986
2500,74,35000
2501,74,35014
2502,74,35028
2503,74,35042
2504,74,35056
2505,74,35070
2506,74,35084
2507,74,35098
2508,74,35112
2509,74,35126
2510,74,35140
2511,74,35154
2512,74,35168
2513,74,35182
2514,74,35196
2515,74,35210
2516,74,35224
2517,74,35238
2518,74,35252
2519,74,35266
2520,74,35280
2521,74,35294
2522,74,35308
2523,74,35322
2524,74,35336
2525,74,35350
2526,74,35364
2527,74,35378
2528,74,35392
2529,74,35406
2530,74,35420
2531,74,35434
2532,74,35448
2533,74,35462
2534,74,35476
2535,74,35490
2536,74,35504
2537,74,35518
2538,74,35532
2539,74,35546
2540,74,35560
2541,74,35574
2542,74,35588
2543,74,35602
2544,74,35616
2545,74,35630
2546,74,35644
2547,74,35658
2548,74,35672
2549,74,35686
2550,74,35700
2551,74,35714
2552,74,35728
2553,74,35742
2554,74,35756
2555,74,35770
2556,74,35784
2557,74,35798
2558,74,35812
2559,74,35826
2560,74,35840
2561,74,35854
2562,74,35868
2563,74,35882
2564,74,35896
2565,74,35910
2566,74,35924
2567,74,35938
2568,74,35952
2569,74,35966
2570,74,35980
2571,74,35994
2572,74,36008
2573,74,36022
2574,74,36036
2575,74,36050
2576,74,36064
2577,74,36078
2578,74,36092
2579,74,36106
2580,75,36120
2581,75,36134
2582,75,36148
2583,75,36162
2584,75,36176
2585,75,36190
2586,75,36204
2587,75,36218
2588,75,36232
2589,75,36246
2590,75,36260
2591,75,36274
2592,75,36288
2593,75,36302
2594,75,36316
2595,75,36330
2596,75,36344
2597,75,36358
2598,75,36372
2599,75,36386
2600,75,36400
2601,75,36414
2602,75,36428
2603,75,36442
2604,75,36456
2605,75,36470
2606,75,36484
2607,75,36498
2608,75,36512
2609,75,36526
2610,75,36540
2611,75,36554
2612,75,36568
2613,75,36582
2614,75,36596
2615,75,36610
2616,75,36624
2617,75,36638
2618,75,36652
2619,75,36666
2620,75,36680
2621,75,36694
2622,75,36708
2623,75,36722
2624,75,36736
2625,75,36750
2626,75,36764
2627,75,36778
2628,75,36792
2629,75,36806
2630,75,36820
2631,75,36834
2632,75,36848
2633,75,36862
2634,75,36876
2635,75,36890
2636,75,36904
2637,75,36918
2638,75,36932
2639,75,36946
2640,75,36960
2641,75,36974
2642,75,36988
2643,75,37002
2644,75,37016
2645,75,37030
2646,75,37044
2647,75,37058
2648,75,37072
2649,75,37086
2650,75,37100
2651,75,37114
2652,75,37128
2653,75,37142
2654,75,37156
2655,75,37170
2656,75,37184
2657,75,37198
2658,75,37212
2659,75,37226
2660,75,37240
2661,75,37254
2662,76,37268
2663,76,37282
2664,76,37296
2665,76,37310
2666,76,37324
2667,76,37338
2668,76,37352
2669,76,37366
2670,76,37380
2671,76,37394
2672,76,37408
2673,76,37422
2674,76,37436
2675,76,37450
2676,76,37464
2677,76,37478
2678,76,37492
2679,76,37506
2680,76,37520
2681,76,37534
2682,76,37548
2683,76,37562
2684,76,37576
2685,76,37590
2686,76,37604
2687,76,37618
2688,76,37632
2689,76,37646
2690,76,37660
2691,76,37674
2692,76,37688
2693,76,37702
2694,76,37716
2695,76,37730
2696,76,37744
2697,76,37758
2698,76,37772
2699,76,37786
2700,76,37800
2701,76,37814
2702,76,37828
2703,76,37842
2704,76,37856
2705,76,37870
2706,76,37884
2707,76,37898
2708,76,37912
2709,76,37926
2710,76,37940
2711,76,37954
2712,76,37968
2713,76,37982
2714,76,37996
2715,76,38010
2716,76,38024
2717,76,38038
2718,76,38052
2719,76,38066
2720,76,38080
2721,76,38094
2722,76,38108
2723,76,38122
2724,76,38136
2725,76,38150
2726,76,38164
2727,76,38178
2728,76,38192
2729,76,38206
2730,76,38220
2731,77,38234
2732,77,38248
2733,77,38262
2734,77,38276
2735,77,38290
2736,77,38304
2737,77,38318
2738,77,38332
2739,77,38346
2740,77,38360
2741,77,38374
2742,77,38388
2743,77,38402
2744,77,38416
2745,77,38430
2746,77,38444
2747,77,38458
2748,77,38472
2749,77,38486
2750,77,38500
2751,77,38514
2752,77,38528
2753,77,38542
2754,77,38556
2755,77,38570
2756,77,38584
2757,77,38598
2758,77,38612
2759,77,38626
2760,77,38640
2761,77,38654
2762,77,38668
2763,77,38682
2764,77,38696
2765,77,38710
2766,77,38724
2767,77,38738
2768,77,38752
2769,77,38766
2770,77,38780
2771,77,38794
2772,77,38808
2773,77,38822
2774,77,38836
2775,77,38850
2776,77,38864
2777,77,38878
2778,77,38892
2779,77,38906
2780,77,38920
2781,77,38934
2782,77,38948
2783,77,38962
2784,77,38976
2785,77,38990
2786,77,39004
2787,77,39018
2788,77,39032
2789,77,39046
2790,77,39060
2791,77,39074
2792,77,39088
2793,78,39102
2794,78,39116
2795,78,39130
2796,78,39144
2797,78,39158
2798,78,39172
2799,78,39186
2800,78,39200
2801,78,39214
2802,78,39228
2803,78,39242
2804,78,39256
2805,78,39270
2806,78,39284
2807,78,39298
2808,78,39312
2809,78,39326
2810,78,39340
2811,78,39354
2812,78,39368
2813,78,39382
2814,78,39396
2815,78,39410
2816,78,39424
2817,78,39438
2818,78,39452
2819,78,39466
2820,78,39480
2821,78,39494
2822,78,39508
2823,78,39522
2824,78,39536
2825,78,39550
2826,78,39564
2827,78,39578
2828,78,39592
2829,78,39606
2830,78,39620
2831,78,39634
2832,78,39648
2833,78,39662
2834,78,39676
2835,78,39690
2836,78,39704
2837,78,39718
2838,78,39732
2839,78,39746
2840,78,39760
2841,78,39774
2842,78,39788
2843,78,39802
2844,78,39816
2845,78,39830
2846,78,39844
2847,78,39858
2848,78,39872
2849,78,39886
2850,78,39900
2851,78,39914
2852,78,39928
2853,78,39942
2854,78,39956
2855,78,39970
2856,78,39984
2857,78,39998
2858,78,40012
2859,78,40026
2860,78,40040
2861,79,40054
2862,79,40068
2863,79,40082
2864,79,40096
2865,79,40110
2866,79,40124
2867,79,40138
2868,79,40152
2869,79,40166
2870,79,40180
2871,79,40194
2872,79,40208
2873,79,40222
2874,79,40236
2875,79,40250
2876,79,40264
2877,79,40278
2878,79,40292
2879,79,40306
2880,79,40320
2881,79,40334
2882,79,40348
2883,79,40362
2884,79,40376
2885,79,40390
2886,79,40404
2887,79,40418
2888,79,40432
2889,79,40446
2890,79,40460
2891,79,40474
2892,79,40488
2893,79,40502
2894,79,40516
2895,79,40530
2896,79,40544
2897,79,40558
2898,79,40572
2899,79,40586
2900,79,40600
2901,79,40614
2902,79,40628
2903,79,40642
2904,79,40656
2905,79,40670
2906,79,40684
2907,79,40698
2908,79,40712
2909,79,40726
2910,79,40740
2911,79,40754
2912,79,40768
2913,79,40782
2914,79,40796
2915,79,40810
2916,79,40824
2917,79,40838
2918,79,40852
2919,79,40866
2920,79,40880
2921,79,40894
2922,79,40908
2923,79,40922
2924,79,40936
2925,79,40950
2926,80,40964
2927,80,40978
2928,80,40992
2929,80,41006
2930,80,41020
2931,80,41034
2932,80,41048
2933,80,41062
2934,80,41076
2935,80,41090
2936,80,41104
2937,80,41118
2938,80,41132
2939,80,41146
2940,80,41160
2941,80,41174
2942,80,41188
2943,80,41202
2944,80,41216
2945,80,41230
2946,80,41244
2947,80,41258
2948,80,41272
2949,80,41286
2950,80,41300
2951,80,41314
2952,80,41328
2953,80,41342
2954,80,41356
2955,80,41370
2956,80,41384
2957,80,41398
2958,80,41412
2959,80,41426
2960,80,41440
2961,80,41454
2962,80,41468
2963,80,41482
2964,80,41496
2965,80,41510
2966,80,41524
2967,80,41538
2968,80,41552
2969,80,41566
2970,80,41580
2971,80,41594
2972,80,41608
2973,80,41622
2974,80,41636
2975,80,41650
2976,80,41664
2977,80,41678
2978,80,41692
2979,80,41706
2980,80,41720
2981,80,41734
2982,80,41748
2983,80,41762
2984,80,41776
2985,80,41790
2986,80,41804
2987,80,41818
2988,80,41832
2989,80,41846
2990,80,41860
2991,80,41874
2992,80,41888
2993,80,41902
2994,80,41916
2995,80,41930
2996,80,41944
2997,80,41958
2998,81,41972
2999,81,41986
3000,81,42000
3001,81,42014
3002,81,42028
3003,81,42042
3004,81,42056
3005,81,42070
3006,81,42084
3007,81,42098
3008,81,42112
3009,81,42126
3010,81,42140
3011,81,42154
3012,81,42168
3013,81,42182
3014,81,42196
3015,81,42210
3016,81,42224
3017,81,42238
3018,81,42252
3019,81,42266
3020,81,42280
3021,81,42294
3022,81,42308
3023,81,42322
3024,81,42336
3025,81,42350
3026,81,42364
3027,81,42378
3028,81,42392
3029,81,42406
3030,81,42420
3031,81,42434
3032,81,42448
3033,81,42462
3034,81,42476
3035,81,42490
3036,81,42504
3037,81,42518
3038,81,42532
3039,81,42546
3040,81,42560
3041,81,42574
3042,81,42588
3043,81,42602
3044,81,42616
3045,81,42630
3046,81,42644
3047,81,42658
3048,81,42672
3049,81,42686
3050,81,42700
3051,81,42714
3052,81,42728
3053,81,42742
3054,81,42756
3055,81,42770
3056,81,42784
3057,81,42798
3058,81,42812
3059,81,42826
3060,81,42840
3061,81,42854
3062,81,42868
3063,81,42882
3064,81,42896
3065,81,42910
3066,81,42924
3067,81,42938
3068,81,42952
3069,81,42966
3070,81,42980
3071,81,42994
3072,81,43008
3073,81,43022
3074,81,43036
3075,82,43050
3076,82,43064
3077,82,43078
3078,82,43092
3079,82,43106
3080,82,43120
3081,82,43134
3082,82,43148
3083,82,43162
3084,82,43176
3085,82,43190
3086,82,43204
3087,82,43218
3088,82,43232
3089,82,43246
3090,82,43260
3091,82,43274
3092,82,43288
3093,82,43302
3094,82,43316
3095,82,43330
3096,82,43344
3097,82,43358
3098,82,43372
3099,82,43386
3100,82,43400
3101,82,43414
3102,82,43428
3103,82,43442
3104,82,43456
3105,82,43470
3106,82,43484
3107,82,43498
3108,82,43512
3109,82,43526
3110,82,43540
3111,82,43554
3112,82,43568
3113,82,43582
3114,82,43596
3115,82,43610
3116,82,43624
3117,82,43638
3118,82,43652
3119,82,43666
3120,82,43680
3121,82,43694
3122,82,43708
3123,82,43722
3124,82,43736
3125,82,43750
3126,82,43764
3127,82,43778
3128,82,43792
3129,82,43806
3130,82,43820
3131,82,43834
3132,82,43848
3133,82,43862
3134,82,43876
3135,82,43890
3136,82,43904
3137,82,43918
3138,82,43932
3139,82,43946
3140,82,43960
3141,82,43974
3142,82,43988
3143,82,44002
3144,82,44016
3145,82,44030
3146,82,44044
3147,82,44058
3148,82,44072
3149,82,44086
3150,82,44100
3151,82,44114
3152,82,44128
3153,82,44142
3154,83,44156
3155,83,44170
3156,83,44184
3157,83,44198
3158,83,44212
3159,83,44226
3160,83,44240
3161,83,44254
3162,83,44268
3163,83,44282
3164,83,44296
3165,83,44310
3166,83,44324
3167,83,44338
3168,83,44352
3169,83,44366
3170,83,44380
3171,83,44394
3172,83,44408
3173,83,44422
3174,83,44436
3175,83,44450
3176,83,44464
3177,83,44478
3178,83,44492
3179,83,44506
3180,83,44520
3181,83,44534
3182,83,44548
3183,83,44562
3184,83,44576
3185,83,44590
3186,83,44604
3187,83,44618
3188,83,44632
3189,83,44646
3190,83,44660
3191,83,44674
3192,83,44688
3193,83,44702
3194,83,44716
3195,83,44730
3196,83,44744
3197,83,44758
3198,83,44772
3199,83,44786
3200,83,44800
3201,83,44814
3202,83,44828
3203,83,44842
3204,83,44856
3205,83,44870
3206,83,44884
3207,83,44898
3208,83,44912
3209,83,44926
3210,83,44940
3211,83,44954
3212,83,44968
3213,83,44982
3214,83,44996
3215,83,45010
3216,84,45024
3217,84,45038
3218,84,45052
3219,84,45066
3220,84,45080
3221,84,45094
3222,84,45108
3223,84,45122
3224,84,45136
3225,84,45150
3226,84,45164
3227,84,45178
3228,84,45192
3229,84,45206
3230,84,45220
3231,84,45234
3232,84,45248
3233,84,45262
3234,84,45276
3235,84,45290
3236,84,45304
3237,84,45318
3238,84,45332
3239,84,45346
3240,84,45360
3241,84,45374
3242,84,45388
3243,84,45402
3244,84,45416
3245,84,45430
3246,84,45444
3247,84,45458
3248,84,45472
3249,84,45486
3250,84,45500
3251,84,45514
3252,84,45528
3253,84,45542
3254,84,45556
3255,84,45570
3256,84,45584
3257,84,45598
3258,84,45612
3259,84,45626
3260,84,45640
3261,84,45654
3262,84,45668
3263,84,45682
3264,84,45696
3265,84,45710
3266,84,45724
3267,84,45738
3268,84,45752
3269,84,45766
3270,84,45780
3271,84,45794
3272,84,45808
3273,85,45822
3274,85,45836
3275,85,45850
3276,85,45864
3277,85,45878
3278,85,45892
3279,85,45906
3280,85,45920
3281,85,45934
3282,85,45948
3283,85,45962
3284,85,45976
3285,85,45990
3286,85,46004
3287,85,46018
3288,85,46032
3289,85,46046
3290,85,46060
3291,85,46074
3292,85,46088
3293,85,46102
3294,85,46116
3295,85,46130
3296,85,46144
3297,85,46158
3298,85,46172
3299,85,46186
3300,85,46200
3301,85,46214
3302,85,46228
3303,85,46242
3304,85,46256
3305,85,46270
3306,85,46284
3307,85,46298
3308,85,46312
3309,85,46326
3310,85,46340
3311,85,46354
3312,85,46368
3313,85,46382
3314,85,46396
3315,85,46410
3316,85,46424
3317,85,46438
3318,85,46452
3319,85,46466
3320,85,46480
3321,85,46494
3322,85,46508
3323,85,46522
3324,85,46536
3325,85,46550
3326,85,46564
3327,85,46578
3328,85,46592
3329,85,46606
3330,85,46620
3331,85,46634
3332,85,46648
3333,85,46662
3334,85,46676
3335,85,46690
3336,85,46704
3337,85,46718
3338,85,46732
3339,85,46746
3340,85,46760
3341,85,46774
3342,86,46788
3343,86,46802
3344,86,46816
3345,86,46830
3346,86,46844
3347,86,46858
3348,86,46872
3349,86,46886
3350,86,46900
3351,86,46914
3352,86,46928
3353,86,46942
3354,86,46956
3355,86,46970
3356,86,46984
3357,86,46998
3358,86,47012
3359,86,47026
3360,86,47040
3361,86,47054
3362,86,47068
3363,86,47082
3364,86,47096
3365,86,47110
3366,86,47124
3367,86,47138
3368,86,47152
3369,86,47166
3370,86,47180
3371,86,47194
3372,86,47208
3373,86,47222
3374,86,47236
3375,86,47250
3376,86,47264
3377,86,47278
3378,86,47292
3379,86,47306
3380,86,47320
3381,86,47334
3382,86,47348
3383,86,47362
3384,86,47376
3385,86,47390
3386,86,47404
3387,86,47418
3388,86,47432
3389,86,47446
3390,86,47460
3391,86,47474
3392,86,47488
3393,86,47502
3394,86,47516
3395,86,47530
3396,86,47544
3397,86,47558
3398,86,47572
3399,86,47586
3400,86,47600
3401,86,47614
3402,86,47628
3403,86,47642
3404,86,47656
3405,86,47670
3406,86,47684
3407,86,47698
3408,86,47712
3409,86,47726
3410,86,47740
3411,86,47754
3412,86,47768
3413,86,47782
3414,86,47796
3415,86,47810
3416,86,47824
3417,86,47838
3418,86,47852
3419,86,47866
3420,86,47880
3421,87,47894
3422,87,47908
3423,87,47922
3424,87,47936
3425,87,47950
3426,87,47964
3427,87,47978
3428,87,47992
3429,87,48006
3430,87,48020
3431,87,48034
3432,87,48048
3433,87,48062
3434,87,48076
3435,87,48090
3436,87,48104
3437,87,48118
3438,87,48132
3439,87,48146
3440,87,48160
3441,87,48174
3442,87,48188
3443,87,48202
3444,87,48216
3445,87,48230
3446,87,48244
3447,87,48258
3448,87,48272
3449,87,48286
3450,87,48300
3451,87,48314
3452,87,48328
3453,87,48342
3454,87,48356
3455,87,48370
3456,87,48384
3457,87,48398
3458,87,48412
3459,87,48426
3460,87,48440
3461,87,48454
3462,87,48468
3463,87,48482
3464,87,48496
3465,87,48510
3466,87,48524
3467,87,48538
3468,87,48552
3469,87,48566
3470,87,48580
3471,87,48594
3472,87,48608
3473,87,48622
3474,87,48636
3475,87,48650
3476,87,48664
3477,87,48678
3478,87,48692
3479,87,48706
3480,87,48720
3481,87,48734
3482,87,48748
3483,87,48762
3484,87,48776
3485,87,48790
3486,87,48804
3487,87,48818
3488,87,48832
3489,87,48846
3490,87,48860
3491,87,48874
3492,87,48888
3493,88,48902
3494,88,48916
3495,88,48930
3496,88,48944
3497,88,48958
3498,88,48972
3499,88,48986
3500,88,49000
3501,88,49014
3502,88,49028
3503,88,49042
3504,88,49056
3505,88,49070
3506,88,49084
3507,88,49098
3508,88,49112
3509,88,49126
3510,88,49140
3511,88,49154
3512,88,49168
3513,88,49182
3514,88,49196
3515,88,49210
3516,88,49224
3517,88,49238
3518,88,49252
3519,88,49266
3520,88,49280
3521,88,49294
3522,88,49308
3523,88,49322
3524,88,49336
3525,88,49350
3526,88,49364
3527,88,49378
3528,88,49392
3529,88,49406
3530,88,49420
3531,88,49434
3532,88,49448
3533,88,49462
3534,88,49476
3535,88,49490
3536,88,49504
3537,88,49518
3538,88,49532
3539,88,49546
3540,88,49560
3541,88,49574
3542,88,49588
3543,88,49602
3544,88,49616
3545,88,49630
3546,88,49644
3547,88,49658
3548,88,49672
3549,88,49686
3550,88,49700
3551,88,49714
3552,88,49728
3553,88,49742
3554,88,49756
3555,88,49770
3556,88,49784
3557,88,49798
3558,88,49812
3559,88,49826
3560,88,49840
3561,88,49854
3562,88,49868
3563,88,49882
3564,88,49896
3565,88,49910
3566,88,49924
3567,88,49938
3568,88,49952
3569,88,49966
3570,88,49980
3571,88,49994
3572,88,50008
3573,88,50022
3574,88,50036
3575,88,50050
3576,88,50064
3577,88,50078
3578,88,50092
3579,88,50106
3580,88,50120
3581,88,50134
3582,88,50148
3583,88,50162
3584,88,50176
3585,88,50190
3586,89,50204
3587,89,50218
3588,89,50232
3589,89,50246
3590,89,50260
3591,89,50274
3592,89,50288
3593,89,50302
3594,89,50316
3595,89,50330
3596,89,50344
3597,89,50358
3598,89,50372
3599,89,50386
3600,89,50400
3601,89,50414
3602,89,50428
3603,89,50442
3604,89,50456
3605,89,50470
3606,89,50484
3607,89,50498
3608,89,50512
3609,89,50526
3610,89,50540
3611,89,50554
3612,89,50568
3613,89,50582
3614,89,50596
3615,89,50610
3616,89,50624
3617,89,50638
3618,89,50652
3619,89,50666
3620,89,50680
3621,89,50694
3622,89,50708
3623,89,50722
3624,89,50736
3625,89,50750
3626,89,50764
3627,89,50778
3628,89,50792
3629,89,50806
3630,89,50820
3631,89,50834
3632,89,50848
3633,89,50862
3634,89,50876
3635,89,50890
3636,89,50904
3637,89,50918
3638,89,50932
3639,89,50946
3640,89,50960
3641,89,50974
3642,89,50988
3643,89,51002
3644,89,51016
3645,89,51030
3646,89,51044
3647,89,51058
3648,89,51072
3649,89,51086
3650,89,51100
3651,89,51114
3652,89,51128
3653,90,51142
3654,90,51156
3655,90,51170
3656,90,51184
3657,90,51198
3658,90,51212
3659,90,51226
3660,90,51240
3661,90,51254
3662,90,51268
3663,90,51282
3664,90,51296
3665,90,51310
3666,90,51324
3667,90,51338
3668,90,51352
3669,90,51366
3670,90,51380
3671,90,51394
3672,90,51408
3673,90,51422
3674,90,51436
3675,90,51450
3676,90,51464
3677,90,51478
3678,90,51492
3679,90,51506
3680,90,51520
3681,90,51534
3682,90,51548
3683,90,51562
3684,90,51576
3685,90,51590
3686,90,51604
3687,90,51618
3688,90,51632
3689,90,51646
3690,90,51660
3691,90,51674
3692,90,51688
3693,90,51702
3694,90,51716
3695,90,51730
3696,90,51744
3697,90,51758
3698,90,51772
3699,90,51786
3700,90,51800
3701,90,51814
3702,90,51828
3703,90,51842
3704,90,51856
3705,90,51870
3706,90,51884
3707,90,51898
3708,90,51912
3709,90,51926
3710,90,51940
3711,90,51954
3712,90,51968
3713,91,51982
3714,91,51996
3715,91,52010
3716,91,52024
3717,91,52038
3718,91,52052
3719,91,52066
3720,91,52080
3721,91,52094
3722,91,52108
3723,91,52122
3724,91,52136
3725,91,52150
3726,91,52164
3727,91,52178
3728,91,52192
3729,91,52206
3730,91,52220
3731,91,52234
3732,91,52248
3733,91,52262
3734,91,52276
3735,91,52290
3736,91,52304
3737,91,52318
3738,91,52332
3739,91,52346
3740,91,52360
3741,91,52374
3742,91,52388
3743,91,52402
3744,91,52416
3745,91,52430
3746,91,52444
3747,91,52458
3748,91,52472
3749,91,52486
3750,91,52500
3751,91,52514
3752,91,52528
3753,91,52542
3754,91,52556
3755,91,52570
3756,91,52584
3757,91,52598
3758,91,52612
3759,91,52626
3760,91,52640
3761,91,52654
3762,91,52668
3763,91,52682
3764,91,52696
3765,91,52710
3766,91,52724
3767,91,52738
3768,91,52752
3769,91,52766
3770,91,52780
3771,91,52794
3772,91,52808
3773,91,52822
3774,91,52836
3775,91,52850
3776,91,52864
3777,91,52878
3778,91,52892
3779,91,52906
3780,91,52920
3781,91,52934
3782,91,52948
3783,91,52962
3784,92,52976
3785,92,52990
3786,92,53004
3787,92,53018
3788,92,53032
3789,92,53046
3790,92,53060
3791,92,53074
3792,92,53088
3793,92,53102
3794,92,53116
3795,92,53130
3796,92,53144
3797,92,53158
3798,92,53172
3799,92,53186
3800,92,53200
3801,92,53214
3802,92,53228
3803,92,53242
3804,92,53256
3805,92,53270
3806,92,53284
3807,92,53298
3808,92,53312
3809,92,53326
3810,92,53340
3811,92,53354
3812,92,53368
3813,92,53382
3814,92,53396
3815,92,53410
3816,92,53424
3817,92,53438
3818,92,53452
3819,92,53466
3820,92,53480
3821,92,53494
3822,92,53508
3823,92,53522
3824,92,53536
3825,92,53550
3826,92,53564
3827,92,53578
3828,92,53592
3829,92,53606
3830,92,53620
3831,92,53634
3832,92,53648
3833,92,53662
3834,92,53676
3835,92,53690
3836,92,53704
3837,92,53718
3838,92,53732
3839,92,53746
3840,92,53760
3841,92,53774
3842,92,53788
3843,92,53802
3844,92,53816
3845,92,53830
3846,92,53844
3847,92,53858
3848,92,53872
3849,92,53886
3850,92,53900
3851,92,53914
3852,92,53928
3853,92,53942
3854,92,53956
3855,92,53970
3856,92,53984
3857,92,53998
3858,92,54012
3859,92,54026
3860,93,54040
3861,93,54054
3862,93,54068
3863,93,54082
3864,93,54096
3865,93,54110
3866,93,54124
3867,93,54138
3868,93,54152
3869,93,54166
3870,93,54180
3871,93,54194
3872,93,54208
3873,93,54222
3874,93,54236
3875,93,54250
3876,93,54264
3877,93,54278
3878,93,54292
3879,93,54306
3880,93,54320
3881,93,54334
3882,93,54348
3883,93,54362
3884,93,54376
3885,93,54390
3886,93,54404
3887,93,54418
3888,93,54432
3889,93,54446
3890,93,54460
3891,93,54474
3892,93,54488
3893,93,54502
3894,93,54516
3895,93,54530
3896,93,54544
3897,93,54558
3898,93,54572
3899,93,54586
3900,93,54600
3901,93,54614
3902,93,54628
3903,93,54642
3904,93,54656
3905,93,54670
3906,93,54684
3907,93,54698
3908,93,54712
3909,93,54726
3910,93,54740
3911,93,54754
3912,93,54768
3913,93,54782
3914,93,54796
3915,93,54810
3916,93,54824
3917,93,54838
3918,93,54852
3919,93,54866
3920,93,54880
3921,93,54894
3922,93,54908
3923,93,54922
3924,93,54936
3925,93,54950
3926,93,54964
3927,93,54978
3928,93,54992
3929,93,55006
3930,93,55020
3931,93,55034
3932,93,55048
3933,93,55062
3934,93,55076
3935,93,55090
3936,94,55104
3937,94,55118
3938,94,55132
3939,94,55146
3940,94,55160
3941,94,55174
3942,94,55188
3943,94,55202
3944,94,55216
3945,94,55230
3946,94,55244
3947,94,55258
3948,94,55272
3949,94,55286
3950,94,55300
3951,94,55314
3952,94,55328
3953,94,55342
3954,94,55356
3955,94,55370
3956,94,55384
3957,94,55398
3958,94,55412
3959,94,55426
3960,94,55440
3961,94,55454
3962,94,55468
3963,94,55482
3964,94,55496
3965,94,55510
3966,94,55524
3967,94,55538
3968,94,55552
3969,94,55566
3970,94,55580
3971,94,55594
3972,94,55608
3973,94,55622
3974,94,55636
3975,94,55650
3976,94,55664
3977,94,55678
3978,94,55692
3979,94,55706
3980,94,55720
3981,94,55734
3982,94,55748
3983,94,55762
3984,94,55776
3985,94,55790
3986,94,55804
3987,94,55818
3988,94,55832
3989,94,55846
3990,94,55860
3991,94,55874
3992,94,55888
3993,94,55902
3994,94,55916
3995,94,55930
3996,94,55944
3997,94,55958
3998,94,55972
3999,94,55986
4000,94,56000
4001,94,56014
4002,94,56028
4003,94,56042
4004,94,56056
4005,94,56070
4006,95,56084
4007,95,56098
4008,95,56112
4009,95,56126
4010,95,56140
4011,95,56154
4012,95,56168
4013,95,56182
4014,95,56196
4015,95,56210
4016,95,56224
4017,95,56238
4018,95,56252
4019,95,56266
4020,95,56280
4021,95,56294
4022,95,56308
4023,95,56322
4024,95,56336
4025,95,56350
4026,95,56364
4027,95,56378
4028,95,56392
4029,95,56406
4030,95,56420
4031,95,56434
4032,95,56448
4033,95,56462
4034,95,56476
4035,95,56490
4036,95,56504
4037,95,56518
4038,95,56532
4039,95,56546
4040,95,56560
4041,95,56574
4042,95,56588
4043,95,56602
4044,95,56616
4045,95,56630
4046,95,56644
4047,95,56658
4048,95,56672
4049,95,56686
4050,95,56700
4051,95,56714
4052,95,56728
4053,95,56742
4054,95,56756
4055,95,56770
4056,95,56784
4057,95,56798
4058,95,56812
4059,95,56826
4060,95,56840
4061,95,56854
4062,95,56868
4063,95,56882
4064,95,56896
4065,95,56910
4066,95,56924
4067,95,56938
4068,95,56952
4069,95,56966
4070,95,56980
4071,95,56994
4072,95,57008
4073,95,57022
4074,95,57036
4075,95,57050
4076,96,57064
4077,96,57078
4078,96,57092
4079,96,57106
4080,96,57120
4081,96,57134
4082,96,57148
4083,96,57162
4084,96,57176
4085,96,57190
4086,96,57204
4087,96,57218
4088,96,57232
4089,96,57246
4090,96,57260
4091,96,57274
4092,96,57288
4093,96,57302
4094,96,57316
4095,96,57330
4096,96,57344
4097,96,57358
4098,96,57372
4099,96,57386
4100,96,57400
4101,96,57414
4102,96,57428
4103,96,57442
4104,96,57456
4105,96,57470
4106,96,57484
4107,96,57498
4108,96,57512
4109,96,57526
4110,96,57540
4111,96,57554
4112,96,57568
4113,96,57582
4114,96,57596
4115,96,57610
4116,96,57624
4117,96,57638
4118,96,57652
4119,96,57666
4120,96,57680
4121,96,57694
4122,96,57708
4123,96,57722
4124,96,57736
4125,96,57750
4126,96,57764
4127,96,57778
4128,96,57792
4129,96,57806
4130,96,57820
4131,96,57834
4132,96,57848
4133,96,57862
4134,96,57876
4135,96,57890
4136,96,57904
4137,96,57918
4138,96,57932
4139,96,57946
4140,96,57960
4141,96,57974
4142,96,57988
4143,96,58002
4144,96,58016
4145,96,58030
4146,96,58044
4147,96,58058
4148,96,58072
4149,96,58086
4150,96,58100
4151,96,58114
4152,96,58128
4153,96,58142
4154,96,58156
4155,97,58170
4156,97,58184
4157,97,58198
4158,97,58212
4159,97,58226
4160,97,58240
4161,97,58254
4162,97,58268
4163,97,58282
4164,97,58296
4165,97,58310
4166,97,58324
4167,97,58338
4168,97,58352
4169,97,58366
4170,97,58380
4171,97,58394
4172,97,58408
4173,97,58422
4174,97,58436
4175,97,58450
4176,97,58464
4177,97,58478
4178,97,58492
4179,97,58506
4180,97,58520
4181,97,58534
4182,97,58548
4183,97,58562
4184,97,58576
4185,97,58590
4186,97,58604
4187,97,58618
4188,97,58632
4189,97,58646
4190,97,58660
4191,97,58674
4192,97,58688
4193,97,58702
4194,97,58716
4195,97,58730
4196,97,58744
4197,97,58758
4198,97,58772
4199,97,58786
4200,97,58800
4201,97,58814
4202,97,58828
4203,97,58842
4204,97,58856
4205,97,58870
4206,97,58884
4207,97,58898
4208,97,58912
4209,97,58926
4210,97,58940
4211,97,58954
4212,97,58968
4213,97,58982
4214,97,58996
4215,97,59010
4216,97,59024
4217,97,59038
4218,97,59052
4219,97,59066
4220,97,59080
4221,97,59094
4222,97,59108
4223,97,59122
4224,97,59136
4225,98,59150
4226,98,59164
4227,98,59178
4228,98,59192
4229,98,59206
4230,98,59220
4231,98,59234
4232,98,59248
4233,98,59262
4234,98,59276
4235,98,59290
4236,98,59304
4237,98,59318
4238,98,59332
4239,98,59346
4240,98,59360
4241,98,59374
4242,98,59388
4243,98,59402
4244,98,59416
4245,98,59430
4246,98,59444
4247,98,59458
4248,98,59472
4249,98,59486
4250,98,59500
4251,98,59514
4252,98,59528
4253,98,59542
4254,98,59556
4255,98,59570
4256,98,59584
4257,98,59598
4258,98,59612
4259,98,59626
4260,98,59640
4261,98,59654
4262,98,59668
4263,98,59682
4264,98,59696
4265,98,59710
4266,98,59724
4267,98,59738
4268,98,59752
4269,98,59766
4270,98,59780
4271,98,59794
4272,98,59808
4273,98,59822
4274,98,59836
4275,98,59850
4276,98,59864
4277,98,59878
4278,98,59892
4279,98,59906
4280,98,59920
4281,98,59934
4282,98,59948
4283,98,59962
4284,98,59976
4285,98,59990
4286,99,60004
4287,99,60018
4288,99,60032
4289,99,60046
4290,99,60060
4291,99,60074
4292,99,60088
4293,99,60102
4294,99,60116
4295,99,60130
4296,99,60144
4297,99,60158
4298,99,60172
4299,99,60186
4300,99,60200
4301,99,60214
4302,99,60228
4303,99,60242
4304,99,60256
4305,99,60270
4306,99,60284
4307,99,60298
4308,99,60312
4309,99,60326
4310,99,60340
4311,99,60354
4312,99,60368
4313,99,60382
4314,99,60396
4315,99,60410
4316,99,60424
4317,99,60438
4318,99,60452
4319,99,60466
4320,99,60480
4321,99,60494
4322,99,60508
4323,99,60522
4324,99,60536
4325,99,60550
4326,99,60564
4327,99,60578
4328,99,60592
4329,99,60606
4330,99,60620
4331,99,60634
4332,99,60648
4333,99,60662
4334,99,60676
4335,99,60690
4336,99,60704
4337,99,60718
4338,99,60732
4339,99,60746
4340,99,60760
4341,99,60774
4342,99,60788
4343,99,60802
4344,99,60816
4345,99,60830
4346,99,60844
4347,99,60858
4348,99,60872
4349,99,60886
4350,99,60900
4351,99,60914
4352,99,60928
4353,99,60942
4354,99,60956
4355,99,60970
4356,99,60984
4357,99,60998
4358,99,61012
4359,100,61026
4360,100,61040
4361,100,61054
4362,100,61068
4363,100,61082
4364,100,61096
4365,100,61110
4366,100,61124
4367,100,61138
4368,100,61152
4369,100,61166
4370,100,61180
4371,100,61194
4372,100,61208
4373,100,61222
4374,100,61236
4375,100,61250
4376,100,61264
4377,100,61278
4378,100,61292
4379,100,61306
4380,100,61320
4381,100,61334
4382,100,61348
4383,100,61362
4384,100,61376
4385,100,61390
4386,100,61404
4387,100,61418
4388,100,61432
4389,100,61446
4390,100,61460
4391,100,61474
4392,100,61488
4393,100,61502
4394,100,61516
4395,100,61530
4396,100,61544
4397,100,61558
4398,100,61572
4399,100,61586
4400,100,61600
4401,100,61614
4402,100,61628
4403,100,61642
4404,100,61656
4405,100,61670
4406,100,61684
4407,100,61698
4408,100,61712
4409,100,61726
4410,101,61740
4411,101,61754
4412,101,61768
4413,101,61782
4414,101,61796
4415,101,61810
4416,101,61824
4417,101,61838
4418,101,61852
4419,101,61866
4420,101,61880
4421,101,61894
4422,101,61908
4423,101,61922
4424,101,61936
4425,101,61950
4426,101,61964
4427,101,61978
4428,101,61992
4429,101,62006
4430,101,62020
4431,101,62034
4432,101,62048
4433,101,62062
4434,101,62076
4435,101,62090
4436,101,62104
4437,101,62118
4438,101,62132
4439,101,62146
4440,101,62160
4441,101,62174
4442,101,62188
4443,101,62202
4444,101,62216
4445,101,62230
4446,101,62244
4447,101,62258
4448,101,62272
4449,101,62286
4450,101,62300
4451,101,62314
4452,101,62328
4453,101,62342
4454,101,62356
4455,101,62370
4456,101,62384
4457,101,62398
4458,101,62412
4459,101,62426
4460,101,62440
4461,101,62454
4462,101,62468
4463,101,62482
4464,101,62496
4465,101,62510
4466,101,62524
4467,101,62538
4468,101,62552
4469,102,62566
4470,102,62580
4471,102,62594
4472,102,62608
4473,102,62622
4474,102,62636
4475,102,62650
4476,102,62664
4477,102,62678
4478,102,62692
4479,102,62706
4480,102,62720
4481,102,62734
4482,102,62748
4483,102,62762
4484,102,62776
4485,102,62790
4486,102,62804
4487,102,62818
4488,102,62832
4489,102,62846
4490,102,62860
4491,102,62874
4492,102,62888
4493,102,62902
4494,102,62916
4495,102,62930
4496,102,62944
4497,102,62958
4498,102,62972
4499,102,62986
4500,102,63000
4501,102,63014
4502,102,63028
4503,102,63042
4504,102,63056
4505,102,63070
4506,102,63084
4507,102,63098
4508,102,63112
4509,102,63126
4510,102,63140
4511,102,63154
4512,102,63168
4513,102,63182
4514,102,63196
4515,102,63210
4516,102,63224
4517,102,63238
4518,102,63252
4519,102,63266
4520,102,63280
4521,102,63294
4522,102,63308
4523,102,63322
4524,102,63336
4525,102,63350
4526,102,63364
4527,102,63378
4528,102,63392
4529,102,63406
4530,102,63420
4531,102,63434
4532,102,63448
4533,102,63462
4534,102,63476
4535,102,63490
4536,102,63504
4537,102,63518
4538,103,63532
4539,103,63546
4540,103,63560
4541,103,63574
4542,103,63588
4543,103,63602
4544,103,63616
4545,103,63630
4546,103,63644
4547,103,63658
4548,103,63672
4549,103,63686
4550,103,63700
4551,103,63714
4552,103,63728
4553,103,63742
4554,103,63756
4555,103,63770
4556,103,63784
4557,103,63798
4558,103,63812
4559,103,63826
4560,103,63840
4561,103,63854
4562,103,63868
4563,103,63882
4564,103,63896
4565,103,63910
4566,103,63924
4567,103,63938
4568,103,63952
4569,103,63966
4570,103,63980
4571,103,63994
4572,103,64008
4573,103,64022
4574,103,64036
4575,103,64050
4576,103,64064
4577,103,64078
4578,103,64092
4579,103,64106
4580,103,64120
4581,103,64134
4582,103,64148
4583,103,64162
4584,103,64176
4585,103,64190
4586,103,64204
4587,103,64218
4588,103,64232
4589,103,64246
4590,103,64260
4591,104,64274
4592,104,64288
4593,104,64302
4594,104,64316
4595,104,64330
4596,104,64344
4597,104,64358
4598,104,64372
4599,104,64386
4600,104,64400
4601,104,64414
4602,104,64428
4603,104,64442
4604,104,64456
4605,104,64470
4606,104,64484
4607,104,64498
4608,104,64512
4609,104,64526
4610,104,64540
4611,104,64554
4612,104,64568
4613,104,64582
4614,104,64596
4615,104,64610
4616,104,64624
4617,104,64638
4618,104,64652
4619,104,64666
4620,104,64680
4621,104,64694
4622,104,64708
4623,104,64722
4624,104,64736
4625,104,64750
4626,104,64764
4627,104,64778
4628,104,64792
4629,104,64806
4630,104,64820
4631,104,64834
4632,104,64848
4633,104,64862
4634,104,64876
4635,104,64890
4636,104,64904
4637,104,64918
4638,104,64932
4639,104,64946
4640,104,64960
4641,104,64974
4642,104,64988
4643,104,65002
4644,104,65016
4645,104,65030
4646,104,65044
4647,104,65058
4648,104,65072
4649,104,65086
4650,104,65100
4651,104,65114
4652,104,65128
4653,104,65142
4654,105,65156
4655,105,65170
4656,105,65184
4657,105,65198
4658,105,65212
4659,105,65226
4660,105,65240
4661,105,65254
4662,105,65268
4663,105,65282
4664,105,65296
4665,105,65310
4666,105,65324
4667,105,65338
4668,105,65352
4669,105,65366
4670,105,65380
4671,105,65394
4672,105,65408
4673,105,65422
4674,105,65436
4675,105,65450
4676,105,65464
4677,105,65478
4678,105,65492
4679,105,65506
4680,105,65520
4681,105,65534
4682,105,65548
4683,105,65562
4684,105,65576
4685,105,65590
4686,105,65604
4687,105,65618
4688,105,65632
4689,105,65646
4690,105,65660
4691,105,65674
4692,105,65688
4693,105,65702
4694,105,65716
4695,105,65730
4696,105,65744
4697,105,65758
4698,105,65772
4699,105,65786
4700,105,65800
4701,105,65814
4702,105,65828
4703,105,65842
4704,105,65856
4705,105,65870
4706,106,65884
4707,106,65898
4708,106,65912
4709,106,65926
4710,106,65940
4711,106,65954
4712,106,65968
4713,106,65982
4714,106,65996
4715,106,66010
4716,106,66024
4717,106,66038
4718,106,66052
4719,106,66066
4720,106,66080
4721,106,66094
4722,106,66108
4723,106,66122
4724,106,66136
4725,106,66150
4726,106,66164
4727,106,66178
4728,106,66192
4729,106,66206
4730,106,66220
4731,106,66234
4732,106,66248
4733,106,66262
4734,106,66276
4735,106,66290
4736,106,66304
4737,106,66318
4738,106,66332
4739,106,66346
4740,106,66360
4741,106,66374
4742,106,66388
4743,106,66402
4744,106,66416
4745,106,66430
4746,106,66444
4747,106,66458
4748,106,66472
4749,106,66486
4750,106,66500
4751,106,66514
4752,106,66528
4753,106,66542
4754,106,66556
4755,106,66570
4756,106,66584
4757,106,66598
4758,106,66612
4759,106,66626
4760,106,66640
4761,106,66654
4762,106,66668
4763,106,66682
4764,106,66696
4765,107,66710
4766,107,66724
4767,107,66738
4768,107,66752
4769,107,66766
4770,107,66780
4771,107,66794
4772,107,66808
4773,107,66822
4774,107,66836
4775,107,66850
4776,107,66864
4777,107,66878
4778,107,66892
4779,107,66906
4780,107,66920
4781,107,66934
4782,107,66948
4783,107,66962
4784,107,66976
4785,107,66990
4786,107,67004
4787,107,67018
4788,107,67032
4789,107,67046
4790,107,67060
4791,107,67074
4792,107,67088
4793,107,67102
4794,107,67116
4795,107,67130
4796,107,67144
4797,107,67158
4798,107,67172
4799,107,67186
4800,107,67200
4801,107,67214
4802,107,67228
4803,107,67242
4804,107,67256
4805,107,67270
4806,107,67284
4807,107,67298
4808,107,67312
4809,107,67326
4810,107,67340
4811,107,67354
4812,107,67368
4813,107,67382
4814,107,67396
4815,107,67410
4816,107,67424
4817,107,67438
4818,107,67452
4819,107,67466
4820,107,67480
4821,107,67494
4822,107,67508
4823,107,67522
4824,107,67536
4825,107,67550
4826,107,67564
4827,107,67578
4828,107,67592
4829,107,67606
4830,107,67620
4831,107,67634
4832,107,67648
4833,107,67662
4834,108,67676
4835,108,67690
4836,108,67704
4837,108,67718
4838,108,67732
4839,108,67746
4840,108,67760
4841,108,67774
4842,108,67788
4843,108,67802
4844,108,67816
4845,108,67830
4846,108,67844
4847,108,67858
4848,108,67872
4849,108,67886
4850,108,67900
4851,108,67914
4852,108,67928
4853,108,67942
4854,108,67956
4855,108,67970
4856,108,67984
4857,108,67998
4858,108,68012
4859,108,68026
4860,108,68040
4861,108,68054
4862,108,68068
4863,108,68082
4864,108,68096
4865,108,68110
4866,108,68124
4867,108,68138
4868,108,68152
4869,108,68166
4870,108,68180
4871,108,68194
4872,108,68208
4873,108,68222
4874,108,68236
4875,108,68250
4876,108,68264
4877,108,68278
4878,108,68292
4879,108,68306
4880,108,68320
4881,108,68334
4882,108,68348
4883,108,68362
4884,108,68376
4885,108,68390
4886,108,68404
4887,108,68418
4888,108,68432
4889,108,68446
4890,108,68460
4891,108,68474
4892,108,68488
4893,108,68502
4894,108,68516
4895,108,68530
4896,108,68544
4897,108,68558
4898,108,68572
4899,108,68586
4900,109,68600
4901,109,68614
4902,109,68628
4903,109,68642
4904,109,68656
4905,109,68670
4906,109,68684
4907,109,68698
4908,109,68712
4909,109,68726
4910,109,68740
4911,109,68754
4912,109,68768
4913,109,68782
4914,109,68796
4915,109,68810
4916,109,68824
4917,109,68838
4918,109,68852
4919,109,68866
4920,109,68880
4921,109,68894
4922,109,68908
4923,109,68922
4924,109,68936
4925,109,68950
4926,109,68964
4927,109,68978
4928,109,68992
4929,109,69006
4930,109,69020
4931,109,69034
4932,109,69048
4933,109,69062
4934,109,69076
4935,109,69090
4936,109,69104
4937,109,69118
4938,109,69132
4939,109,69146
4940,109,69160
4941,109,69174
4942,109,69188
4943,109,69202
4944,109,69216
4945,109,69230
4946,109,69244
4947,109,69258
4948,109,69272
4949,109,69286
4950,109,69300
4951,109,69314
4952,109,69328
4953,109,69342
4954,109,69356
4955,110,69370
4956,110,69384
4957,110,69398
4958,110,69412
4959,110,69426
4960,110,69440
4961,110,69454
4962,110,69468
4963,110,69482
4964,110,69496
4965,110,69510
4966,110,69524
4967,110,69538
4968,110,69552
4969,110,69566
4970,110,69580
4971,110,69594
4972,110,69608
4973,110,69622
4974,110,69636
4975,110,69650
4976,110,69664
4977,110,69678
4978,110,69692
4979,110,69706
4980,110,69720
4981,110,69734
4982,110,69748
4983,110,69762
4984,110,69776
4985,110,69790
4986,110,69804
4987,110,69818
4988,110,69832
4989,110,69846
4990,110,69860
4991,110,69874
4992,110,69888
4993,110,69902
4994,110,69916
4995,110,69930
4996,110,69944
4997,110,69958
4998,110,69972
4999,110,69986
5000,110,70000
5001,110,70014
5002,110,70028
5003,110,70042
5004,110,70056
5005,110,70070
5006,110,70084
5007,110,70098
5008,110,70112
5009,110,70126
5010,110,70140
5011,110,70154
5012,110,70168
5013,110,70182
5014,110,70196
5015,110,70210
5016,110,70224
5017,110,70238
5018,110,70252
5019,110,70266
5020,110,70280
5021,110,70294
5022,110,70308
5023,110,70322
5024,110,70336
5025,110,70350
5026,110,70364
5027,110,70378
5028,110,70392
5029,110,70406
5030,110,70420
5031,110,70434
5032,110,70448
5033,110,70462
5034,110,70476
5035,110,70490
5036,110,70504
5037,110,70518
5038,110,70532
5039,110,70546
5040,110,70560
5041,110,70574
5042,110,70588
5043,110,70602
5044,110,70616
5045,110,70630
5046,110,70644
5047,110,70658
5048,110,70672
5049,110,70686
5050,110,70700
5051,110,70714
5052,110,70728
5053,110,70742
5054,110,70756
5055,110,70770
5056,110,70784
5057,110,70798
5058,110,70812
5059,110,70826
5060,110,70840
5061,110,70854
5062,110,70868
5063,110,70882
5064,110,70896
5065,110,70910
5066,110,70924
5067,110,70938
5068,110,70952
5069,110,70966
5070,110,70980
5071,110,70994
5072,110,71008
5073,110,71022
5074,110,71036
5075,110,71050
5076,110,71064
5077,110,71078
5078,110,71092
5079,111,71106
5080,111,71120
5081,111,71134
5082,111,71148
5083,111,71162
5084,111,71176
5085,111,71190
5086,111,71204
5087,111,71218
5088,111,71232
5089,111,71246
5090,111,71260
5091,111,71274
5092,111,71288
5093,111,71302
5094,111,71316
5095,111,71330
5096,111,71344
5097,111,71358
5098,111,71372
5099,111,71386
5100,111,71400
5101,111,71414
5102,111,71428
5103,111,71442
5104,111,71456
5105,111,71470
5106,111,71484
5107,111,71498
5108,111,71512
5109,111,71526
5110,111,71540
5111,111,71554
5112,111,71568
5113,111,71582
5114,111,71596
5115,111,71610
5116,111,71624
5117,111,71638
5118,111,71652
5119,111,71666
5120,111,71680
5121,111,71694
5122,111,71708
5123,111,71722
5124,111,71736
5125,111,71750
5126,111,71764
5127,111,71778
5128,111,71792
5129,111,71806
5130,111,71820
5131,111,71834
5132,111,71848
5133,111,71862
5134,111,71876
5135,111,71890
5136,111,71904
5137,111,71918
5138,111,71932
5139,111,71946
5140,111,71960
5141,111,71974
5142,111,71988
5143,111,72002
5144,111,72016
5145,112,72030
5146,112,72044
5147,112,72058
5148,112,72072
5149,112,72086
5150,112,72100
5151,112,72114
5152,112,72128
5153,112,72142
5154,112,72156
5155,112,72170
5156,112,72184
5157,112,72198
5158,112,72212
5159,112,72226
5160,112,72240
5161,112,72254
5162,112,72268
5163,112,72282
5164,112,72296
5165,112,72310
5166,112,72324
5167,112,72338
5168,112,72352
5169,112,72366
5170,112,72380
5171,112,72394
5172,112,72408
5173,112,72422
5174,112,72436
5175,112,72450
5176,112,72464
5177,112,72478
5178,112,72492
5179,112,72506
5180,112,72520
5181,112,72534
5182,112,72548
5183,112,72562
5184,112,72576
5185,112,72590
5186,112,72604
5187,112,72618
5188,112,72632
5189,112,72646
5190,112,72660
5191,112,72674
5192,112,72688
5193,112,72702
5194,112,72716
5195,112,72730
5196,112,72744
5197,113,72758
5198,113,72772
5199,113,72786
5200,113,72800
5201,113,72814
5202,113,72828
5203,113,72842
5204,113,72856
5205,113,72870
5206,113,72884
5207,113,72898
5208,113,72912
5209,113,72926
5210,113,72940
5211,113,72954
5212,113,72968
5213,113,72982
5214,113,72996
5215,113,73010
5216,113,73024
5217,113,73038
5218,113,73052
5219,113,73066
5220,113,73080
5221,113,73094
5222,113,73108
5223,113,73122
5224,113,73136
5225,113,73150
5226,113,73164
5227,113,73178
5228,113,73192
5229,113,73206
5230,113,73220
5231,113,73234
5232,113,73248
5233,113,73262
5234,113,73276
5235,113,73290
5236,113,73304
5237,113,73318
5238,113,73332
5239,113,73346
5240,113,73360
5241,113,73374
5242,113,73388
5243,113,73402
5244,113,73416
5245,113,73430
5246,113,73444
5247,113,73458
5248,113,73472
5249,113,73486
5250,113,73500
5251,113,73514
5252,113,73528
5253,113,73542
5254,113,73556
5255,113,73570
5256,114,73584
5257,114,73598
5258,114,73612
5259,114,73626
5260,114,73640
5261,114,73654
5262,114,73668
5263,114,73682
5264,114,73696
5265,114,73710
5266,114,73724
5267,114,73738
5268,114,73752
5269,114,73766
5270,114,73780
5271,114,73794
5272,114,73808
5273,114,73822
5274,114,73836
5275,114,73850
5276,114,73864
5277,114,73878
5278,114,73892
5279,114,73906
5280,114,73920
5281,114,73934
5282,114,73948
5283,114,73962
5284,114,73976
5285,114,73990
5286,114,74004
5287,114,74018
5288,114,74032
5289,114,74046
5290,114,74060
5291,114,74074
5292,114,74088
5293,114,74102
5294,114,74116
5295,114,74130
5296,114,74144
5297,114,74158
5298,114,74172
5299,114,74186
5300,114,74200
5301,114,74214
5302,114,74228
5303,114,74242
5304,114,74256
5305,114,74270
5306,114,74284
5307,114,74298
5308,114,74312
5309,114,74326
5310,114,74340
5311,114,74354
5312,114,74368
5313,114,74382
5314,114,74396
5315,114,74410
5316,114,74424
5317,114,74438
5318,114,74452
5319,115,74466
5320,115,74480
5321,115,74494
5322,115,74508
5323,115,74522
5324,115,74536
5325,115,74550
5326,115,74564
5327,115,74578
5328,115,74592
5329,115,74606
5330,115,74620
5331,115,74634
5332,115,74648
5333,115,74662
5334,115,74676
5335,115,74690
5336,115,74704
5337,115,74718
5338,115,74732
5339,115,74746
5340,115,74760
5341,115,74774
5342,115,74788
5343,115,74802
5344,115,74816
5345,115,74830
5346,115,74844
5347,115,74858
5348,115,74872
5349,115,74886
5350,115,74900
5351,115,74914
5352,115,74928
5353,115,74942
5354,115,74956
5355,115,74970
5356,115,74984
5357,115,74998
5358,115,75012
5359,115,75026
5360,115,75040
5361,115,75054
5362,115,75068
5363,115,75082
5364,115,75096
5365,115,75110
5366,115,75124
5367,115,75138
5368,115,75152
5369,115,75166
5370,115,75180
5371,115,75194
5372,115,75208
5373,115,75222
5374,115,75236
5375,115,75250
5376,115,75264
5377,115,75278
5378,115,75292
5379,115,75306
5380,115,75320
5381,115,75334
5382,115,75348
5383,115,75362
5384,115,75376
5385,115,75390
5386,115,75404
5387,115,75418
5388,115,75432
5389,116,75446
5390,116,75460
5391,116,75474
5392,116,75488
5393,116,75502
5394,116,75516
5395,116,75530
5396,116,75544
5397,116,75558
5398,116,75572
5399,116,75586
5400,116,75600
5401,116,75614
5402,116,75628
5403,116,75642
5404,116,75656
5405,116,75670
5406,116,75684
5407,116,75698
5408,116,75712
5409,116,75726
5410,116,75740
5411,116,75754
5412,116,75768
5413,116,75782
5414,116,75796
5415,116,75810
5416,116,75824
5417,116,75838
5418,116,75852
5419,116,75866
5420,116,75880
5421,116,75894
5422,116,75908
5423,116,75922
5424,116,75936
5425,116,75950
5426,116,75964
5427,116,75978
5428,116,75992
5429,116,76006
5430,116,76020
5431,116,76034
5432,116,76048
5433,116,76062
5434,116,76076
5435,116,76090
5436,116,76104
5437,116,76118
5438,116,76132
5439,116,76146
5440,116,76160
5441,116,76174
5442,116,76188
5443,116,76202
5444,116,76216
5445,116,76230
5446,116,76244
5447,116,76258
5448,117,76272
5449,117,76286
5450,117,76300
5451,117,76314
5452,117,76328
5453,117,76342
5454,117,76356
5455,117,76370
5456,117,76384
5457,117,76398
5458,117,76412
5459,117,76426
5460,117,76440
5461,117,76454
5462,117,76468
5463,117,76482
5464,117,76496
5465,117,76510
5466,117,76524
5467,117,76538
5468,117,76552
5469,117,76566
5470,117,76580
5471,117,76594
5472,117,76608
5473,117,76622
5474,117,76636
5475,117,76650
5476,117,76664
5477,117,76678
5478,117,76692
5479,117,76706
5480,117,76720
5481,117,76734
5482,117,76748
5483,117,76762
5484,117,76776
5485,117,76790
5486,117,76804
5487,117,76818
5488,117,76832
5489,117,76846
5490,117,76860
5491,117,76874
5492,117,76888
5493,117,76902
5494,117,76916
5495,117,76930
5496,117,76944
5497,117,76958
5498,118,76972
5499,118,76986
5500,118,77000
5501,118,77014
5502,118,77028
5503,118,77042
5504,118,77056
5505,118,77070
5506,118,77084
5507,118,77098
5508,118,77112
5509,118,77126
5510,118,77140
5511,118,77154
5512,118,77168
5513,118,77182
5514,118,77196
5515,118,77210
5516,118,77224
5517,118,77238
5518,118,77252
5519,118,77266
5520,118,77280
5521,118,77294
5522,118,77308
5523,118,77322
5524,118,77336
5525,118,77350
5526,118,77364
5527,118,77378
5528,118,77392
5529,118,77406
5530,118,77420
5531,118,77434
5532,118,77448
5533,118,77462
5534,118,77476
5535,118,77490
5536,118,77504
5537,118,77518
5538,118,77532
5539,118,77546
5540,118,77560
5541,118,77574
5542,118,77588
5543,118,77602
5544,118,77616
5545,118,77630
5546,118,77644
5547,118,77658
5548,118,77672
5549,118,77686
5550,118,77700
5551,118,77714
5552,118,77728
5553,119,77742
5554,119,77756
5555,119,77770
5556,119,77784
5557,119,77798
5558,119,77812
5559,119,77826
5560,119,77840
5561,119,77854
5562,119,77868
5563,119,77882
5564,119,77896
5565,119,77910
5566,119,77924
5567,119,77938
5568,119,77952
5569,119,77966
5570,119,77980
5571,119,77994
5572,119,78008
5573,119,78022
5574,119,78036
5575,119,78050
5576,119,78064
5577,119,78078
5578,119,78092
5579,119,78106
5580,119,78120
5581,119,78134
5582,119,78148
5583,119,78162
5584,119,78176
5585,119,78190
5586,119,78204
5587,119,78218
5588,119,78232
5589,119,78246
5590,119,78260
5591,119,78274
5592,119,78288
5593,119,78302
5594,119,78316
5595,119,78330
5596,119,78344
5597,119,78358
5598,119,78372
5599,119,78386
5600,119,78400
5601,119,78414
5602,119,78428
5603,119,78442
5604,119,78456
5605,119,78470
5606,119,78484
5607,119,78498
5608,119,78512
5609,119,78526
5610,119,78540
5611,119,78554
5612,119,78568
5613,120,78582
5614,120,78596
5615,120,78610
5616,120,78624
5617,120,78638
5618,120,78652
5619,120,78666
5620,120,78680
5621,120,78694
5622,120,78708
5623,120,78722
5624,120,78736
5625,120,78750
5626,120,78764
5627,120,78778
5628,120,78792
5629,120,78806
5630,120,78820
5631,120,78834
5632,120,78848
5633,120,78862
5634,120,78876
5635,120,78890
5636,120,78904
5637,120,78918
5638,120,78932
5639,120,78946
5640,120,78960
5641,120,78974
5642,120,78988
5643,120,79002
5644,120,79016
5645,120,79030
5646,120,79044
5647,120,79058
5648,120,79072
5649,120,79086
5650,120,79100
5651,120,79114
5652,120,79128
5653,120,79142
5654,120,79156
5655,120,79170
5656,120,79184
5657,120,79198
5658,120,79212
5659,120,79226
5660,120,79240
5661,120,79254
5662,120,79268
5663,120,79282
5664,120,79296
5665,120,79310
5666,120,79324
5667,120,79338
5668,120,79352
5669,120,79366
5670,120,79380
5671,120,79394
5672,120,79408
5673,120,79422
5674,120,79436
5675,120,79450
5676,121,79464
5677,121,79478
5678,121,79492
5679,121,79506
5680,121,79520
5681,121,79534
5682,121,79548
5683,121,79562
5684,121,79576
5685,121,79590
5686,121,79604
5687,121,79618
5688,121,79632
5689,121,79646
5690,121,79660
5691,121,79674
5692,121,79688
5693,121,79702
5694,121,79716
5695,121,79730
5696,121,79744
5697,121,79758
5698,121,79772
5699,121,79786
5700,121,79800
5701,121,79814
5702,121,79828
5703,121,79842
5704,121,79856
5705,121,79870
5706,121,79884
5707,121,79898
5708,121,79912
5709,121,79926
5710,121,79940
5711,121,79954
5712,121,79968
5713,121,79982
5714,121,79996
5715,121,80010
5716,121,80024
5717,121,80038
5718,121,80052
5719,121,80066
5720,121,80080
5721,121,80094
5722,121,80108
5723,121,80122
5724,121,80136
5725,121,80150
5726,121,80164
5727,121,80178
5728,121,80192
5729,121,80206
5730,121,80220
5731,121,80234
5732,121,80248
5733,121,80262
5734,121,80276
5735,121,80290
5736,121,80304
5737,121,80318
5738,121,80332
5739,121,80346
5740,121,80360
5741,121,80374
5742,121,80388
5743,121,80402
5744,121,80416
5745,121,80430
5746,122,80444
5747,122,80458
5748,122,80472
5749,122,80486
5750,122,80500
5751,122,80514
5752,122,80528
5753,122,80542
5754,122,80556
5755,122,80570
5756,122,80584
5757,122,80598
5758,122,80612
5759,122,80626
5760,122,80640
5761,122,80654
5762,122,80668
5763,122,80682
5764,122,80696
5765,122,80710
5766,122,80724
5767,122,80738
5768,122,80752
5769,122,80766
5770,122,80780
5771,122,80794
5772,122,80808
5773,122,80822
5774,122,80836
5775,122,80850
5776,122,80864
5777,122,80878
5778,122,80892
5779,122,80906
5780,122,80920
5781,122,80934
5782,122,80948
5783,122,80962
5784,122,80976
5785,122,80990
5786,122,81004
5787,122,81018
5788,122,81032
5789,122,81046
5790,122,81060
5791,122,81074
5792,122,81088
5793,122,81102
5794,122,81116
5795,122,81130
5796,122,81144
5797,122,81158
5798,122,81172
5799,122,81186
5800,122,81200
5801,122,81214
5802,123,81228
5803,123,81242
5804,123,81256
5805,123,81270
5806,123,81284
5807,123,81298
5808,123,81312
5809,123,81326
5810,123,81340
5811,123,81354
5812,123,81368
5813,123,81382
5814,123,81396
5815,123,81410
5816,123,81424
5817,123,81438
5818,123,81452
5819,123,81466
5820,123,81480
5821,123,81494
5822,123,81508
5823,123,81522
5824,123,81536
5825,123,81550
5826,123,81564
5827,123,81578
5828,123,81592
5829,123,81606
5830,123,81620
5831,123,81634
5832,123,81648
5833,123,81662
5834,123,81676
5835,123,81690
5836,123,81704
5837,123,81718
5838,123,81732
5839,123,81746
5840,123,81760
5841,123,81774
5842,123,81788
5843,123,81802
5844,123,81816
5845,123,81830
5846,123,81844
5847,123,81858
5848,123,81872
5849,123,81886
5850,123,81900
5851,123,81914
5852,123,81928
5853,123,81942
5854,123,81956
5855,123,81970
5856,123,81984
5857,123,81998
5858,123,82012
5859,123,82026
5860,123,82040
5861,123,82054
5862,123,82068
5863,123,82082
5864,123,82096
5865,123,82110
5866,123,82124
5867,123,82138
5868,123,82152
5869,123,82166
5870,123,82180
5871,124,82194
5872,124,82208
5873,124,82222
5874,124,82236
5875,124,82250
5876,124,82264
5877,124,82278
5878,124,82292
5879,124,82306
5880,124,82320
5881,124,82334
5882,124,82348
5883,124,82362
5884,124,82376
5885,124,82390
5886,124,82404
5887,124,82418
5888,124,82432
5889,124,82446
5890,124,82460
5891,124,82474
5892,124,82488
5893,124,82502
5894,124,82516
5895,124,82530
5896,124,82544
5897,124,82558
5898,124,82572
5899,124,82586
5900,124,82600
5901,124,82614
5902,124,82628
5903,124,82642
5904,124,82656
5905,124,82670
5906,124,82684
5907,124,82698
5908,124,82712
5909,124,82726
5910,124,82740
5911,124,82754
5912,125,82768
5913,125,82782
5914,125,82796
5915,125,82810
5916,125,82824
5917,125,82838
5918,125,82852
5919,125,82866
5920,125,82880
5921,125,82894
5922,125,82908
5923,125,82922
5924,125,82936
5925,125,82950
5926,125,82964
5927,125,82978
5928,125,82992
5929,125,83006
5930,125,83020
5931,125,83034
5932,125,83048
5933,125,83062
5934,125,83076
5935,125,83090
5936,125,83104
5937,125,83118
5938,125,83132
5939,125,83146
5940,125,83160
5941,125,83174
5942,125,83188
5943,125,83202
5944,125,83216
5945,125,83230
5946,125,83244
5947,125,83258
5948,125,83272
5949,125,83286
5950,125,83300
5951,125,83314
5952,125,83328
5953,125,83342
5954,125,83356
5955,125,83370
5956,125,83384
5957,125,83398
5958,125,83412
5959,125,83426
5960,125,83440
5961,125,83454
5962,125,83468
5963,125,83482
5964,125,83496
5965,125,83510
5966,125,83524
5967,125,83538
5968,125,83552
5969,125,83566
5970,125,83580
5971,125,83594
5972,125,83608
5973,125,83622
5974,126,83636
5975,126,83650
5976,126,83664
5977,126,83678
5978,126,83692
5979,126,83706
5980,126,83720
5981,126,83734
5982,126,83748
5983,126,83762
5984,126,83776
5985,126,83790
5986,126,83804
5987,126,83818
5988,126,83832
5989,126,83846
5990,126,83860
5991,126,83874
5992,126,83888
5993,126,83902
5994,126,83916
5995,126,83930
5996,126,83944
5997,126,83958
5998,126,83972
5999,126,83986
6000,126,84000
6001,126,84014
6002,126,84028
6003,126,84042
6004,126,84056
6005,126,84070
6006,126,84084
6007,126,84098
6008,126,84112
6009,126,84126
6010,126,84140
6011,126,84154
6012,126,84168
6013,126,84182
6014,126,84196
6015,126,84210
6016,126,84224
6017,126,84238
6018,126,84252
6019,126,84266
6020,126,84280
6021,126,84294
6022,126,84308
6023,126,84322
6024,126,84336
6025,126,84350
6026,126,84364
6027,126,84378
6028,126,84392
6029,127,84406
6030,127,84420
6031,127,84434
6032,127,84448
6033,127,84462
6034,127,84476
6035,127,84490
6036,127,84504
6037,127,84518
6038,127,84532
6039,127,84546
6040,127,84560
6041,127,84574
6042,127,84588
6043,127,84602
6044,127,84616
6045,127,84630
6046,127,84644
6047,127,84658
6048,127,84672
6049,127,84686
6050,127,84700
6051,127,84714
6052,127,84728
6053,127,84742
6054,127,84756
6055,127,84770
6056,127,84784
6057,127,84798
6058,127,84812
6059,127,84826
6060,127,84840
6061,127,84854
6062,127,84868
6063,127,84882
6064,127,84896
6065,127,84910
6066,127,84924
6067,127,84938
6068,127,84952
6069,127,84966
6070,127,84980
6071,127,84994
6072,127,85008
6073,127,85022
6074,127,85036
6075,127,85050
6076,127,85064
6077,127,85078
6078,127,85092
6079,127,85106
6080,127,85120
6081,127,85134
6082,127,85148
6083,127,85162
6084,127,85176
6085,127,85190
6086,127,85204
6087,127,85218
6088,128,97408
6089,128,97424
6090,128,97440
6091,128,97456
6092,128,97472
6093,128,97488
6094,128,97504
6095,128,97520
6096,128,97536
6097,128,97552
6098,128,97568
6099,128,97584
6100,128,97600
6101,128,97616
6102,128,97632
6103,128,97648
6104,128,97664
6105,128,97680
6106,128,97696
6107,128,97712
6108,128,97728
6109,128,97744
6110,128,97760
6111,128,97776
6112,128,97792
6113,128,97808
6114,128,97824
6115,128,97840
6116,128,97856
6117,128,97872
6118,128,97888
6119,128,97904
6120,128,97920
6121,128,97936
6122,128,97952
6123,128,97968
6124,128,97984
6125,128,98000
6126,128,98016
6127,128,98032
6128,128,98048
6129,128,98064
6130,128,98080
6131,128,98096
6132,128,98112
6133,128,98128
6134,128,98144
6135,128,98160
6136,128,98176
6137,128,98192
6138,128,98208
6139,128,98224
6140,128,98240
6141,128,98256
6142,128,98272
6143,128,98288
6144,128,98304
6145,128,98320
6146,128,98336
6147,128,98352
6148,129,98368
6149,129,98384
6150,129,98400
6151,129,98416
6152,129,98432
6153,129,98448
6154,129,98464
6155,129,98480
6156,129,98496
6157,129,98512
6158,129,98528
6159,129,98544
6160,129,98560
6161,129,98576
6162,129,98592
6163,129,98608
6164,129,98624
6165,129,98640
6166,129,98656
6167,129,98672
6168,129,98688
6169,129,98704
6170,129,98720
6171,129,98736
6172,129,98752
6173,129,98768
6174,129,98784
6175,129,98800
6176,129,98816
6177,129,98832
6178,129,98848
6179,129,98864
6180,129,98880
6181,129,98896
6182,129,98912
6183,129,98928
6184,129,98944
6185,129,98960
6186,129,98976
6187,129,98992
6188,129,99008
6189,129,99024
6190,129,99040
6191,129,99056
6192,129,99072
6193,129,99088
6194,129,99104
6195,129,99120
6196,129,99136
6197,129,99152
6198,129,99168
6199,129,99184
6200,130,99200
6201,130,99216
6202,130,99232
6203,130,99248
6204,130,99264
6205,130,99280
6206,130,99296
6207,130,99312
6208,130,99328
6209,130,99344
6210,130,99360
6211,130,99376
6212,130,99392
6213,130,99408
6214,130,99424
6215,130,99440
6216,130,99456
6217,130,99472
6218,130,99488
6219,130,99504
6220,130,99520
6221,130,99536
6222,130,99552
6223,130,99568
6224,130,99584
6225,130,99600
6226,130,99616
6227,130,99632
6228,130,99648
6229,130,99664
6230,130,99680
6231,130,99696
6232,130,99712
6233,130,99728
6234,130,99744
6235,130,99760
6236,130,99776
6237,130,99792
6238,130,99808
6239,130,99824
6240,130,99840
6241,130,99856
6242,130,99872
6243,130,99888
6244,130,99904
6245,130,99920
6246,130,99936
6247,130,99952
6248,130,99968
6249,130,99984
6250,130,100000
6251,131,100016
6252,131,100032
6253,131,100048
6254,131,100064
6255,131,100080
6256,131,100096
6257,131,100112
6258,131,100128
6259,131,100144
6260,131,100160
6261,131,100176
6262,131,100192
6263,131,100208
6264,131,100224
6265,131,100240
6266,131,100256
6267,131,100272
6268,131,100288
6269,131,100304
6270,131,100320
6271,131,100336
6272,131,100352
6273,131,100368
6274,131,100384
6275,131,100400
6276,131,100416
6277,131,100432
6278,131,100448
6279,131,100464
6280,131,100480
6281,131,100496
6282,131,100512
6283,131,100528
6284,131,100544
6285,131,100560
6286,131,100576
6287,131,100592
6288,131,100608
6289,131,100624
6290,131,100640
6291,131,100656
6292,131,100672
6293,131,100688
6294,131,100704
6295,131,100720
6296,131,100736
6297,131,100752
6298,131,100768
6299,131,100784
6300,132,100800
6301,132,100816
6302,132,100832
6303,132,100848
6304,132,100864
6305,132,100880
6306,132,100896
6307,132,100912
6308,132,100928
6309,132,100944
6310,132,100960
6311,132,100976
6312,132,100992
6313,132,101008
6314,132,101024
6315,132,101040
6316,132,101056
6317,132,101072
6318,132,101088
6319,132,101104
6320,132,101120
6321,132,101136
6322,132,101152
6323,132,101168
6324,132,101184
6325,132,101200
6326,132,101216
6327,132,101232
6328,132,101248
6329,132,101264
6330,132,101280
6331,132,101296
6332,132,101312
6333,132,101328
6334,132,101344
6335,132,101360
6336,132,101376
6337,132,101392
6338,132,101408
6339,132,101424
6340,132,101440
6341,132,101456
6342,132,101472
6343,132,101488
6344,132,101504
6345,132,101520
6346,132,101536
6347,133,101552
6348,133,101568
6349,133,101584
6350,133,101600
6351,133,101616
6352,133,101632
6353,133,101648
6354,133,101664
6355,133,101680
6356,133,101696
6357,133,101712
6358,133,101728
6359,133,101744
6360,133,101760
6361,133,101776
6362,133,101792
6363,133,101808
6364,133,101824
6365,133,101840
6366,133,101856
6367,133,101872
6368,133,101888
6369,133,101904
6370,133,101920
6371,133,101936
6372,133,101952
6373,133,101968
6374,133,101984
6375,133,102000
6376,133,102016
6377,133,102032
6378,133,102048
6379,133,102064
6380,133,102080
6381,133,102096
6382,133,102112
6383,133,102128
6384,133,102144
6385,133,102160
6386,133,102176
6387,133,102192
6388,133,102208
6389,133,102224
6390,133,102240
6391,133,102256
6392,133,102272
6393,133,102288
6394,133,102304
6395,133,102320
6396,133,102336
6397,133,102352
6398,133,102368
6399,133,102384
6400,133,102400
6401,133,102416
6402,133,102432
6403,133,102448
6404,133,102464
6405,133,102480
6406,133,102496
6407,133,102512
6408,133,102528
6409,133,102544
6410,133,102560
6411,133,102576
6412,133,102592
6413,133,102608
6414,133,102624
6415,133,102640
6416,134,102656
6417,134,102672
6418,134,102688
6419,134,102704
6420,134,102720
6421,134,102736
6422,134,102752
6423,134,102768
6424,134,102784
6425,134,102800
6426,134,102816
6427,134,102832
6428,134,102848
6429,134,102864
6430,134,102880
6431,134,102896
6432,134,102912
6433,134,102928
6434,134,102944
6435,134,102960
6436,134,102976
6437,134,102992
6438,134,103008
6439,134,103024
6440,134,103040
6441,134,103056
6442,134,103072
6443,134,103088
6444,134,103104
6445,134,103120
6446,134,103136
6447,134,103152
6448,134,103168
6449,134,103184
6450,134,103200
6451,134,103216
6452,134,103232
6453,134,103248
6454,134,103264
6455,134,103280
6456,134,103296
6457,134,103312
6458,134,103328
6459,134,103344
6460,134,103360
6461,134,103376
6462,134,103392
6463,134,103408
6464,134,103424
6465,134,103440
6466,134,103456
6467,135,103472
6468,135,103488
6469,135,103504
6470,135,103520
6471,135,103536
6472,135,103552
6473,135,103568
6474,135,103584
6475,135,103600
6476,135,103616
6477,135,103632
6478,135,103648
6479,135,103664
6480,135,103680
6481,135,103696
6482,135,103712
6483,135,103728
6484,135,103744
6485,135,103760
6486,135,103776
6487,135,103792
6488,135,103808
6489,135,103824
6490,135,103840
6491,135,103856
6492,135,103872
6493,135,103888
6494,135,103904
6495,135,103920
6496,135,103936
6497,135,103952
6498,135,103968
6499,135,103984
6500,135,104000
6501,135,104016
6502,135,104032
6503,135,104048
6504,135,104064
6505,135,104080
6506,135,104096
6507,135,104112
6508,135,104128
6509,135,104144
6510,135,104160
6511,135,104176
6512,135,104192
6513,135,104208
6514,135,104224
6515,135,104240
6516,135,104256
6517,135,104272
6518,135,104288
6519,135,104304
6520,135,104320
6521,135,104336
6522,135,104352
6523,135,104368
6524,135,104384
6525,135,104400
6526,135,104416
6527,135,104432
6528,135,104448
6529,135,104464
6530,135,104480
6531,135,104496
6532,135,104512
6533,135,104528
6534,135,104544
6535,135,104560
6536,135,104576
6537,135,104592
6538,135,104608
6539,136,104624
6540,136,104640
6541,136,104656
6542,136,104672
6543,136,104688
6544,136,104704
6545,136,104720
6546,136,104736
6547,136,104752
6548,136,104768
6549,136,104784
6550,136,104800
6551,136,104816
6552,136,104832
6553,136,104848
6554,136,104864
6555,136,104880
6556,136,104896
6557,136,104912
6558,136,104928
6559,136,104944
6560,136,104960
6561,136,104976
6562,136,104992
6563,136,105008
6564,136,105024
6565,136,105040
6566,136,105056
6567,136,105072
6568,136,105088
6569,136,105104
6570,136,105120
6571,136,105136
6572,136,105152
6573,136,105168
6574,136,105184
6575,136,105200
6576,136,105216
6577,136,105232
6578,136,105248
6579,136,105264
6580,136,105280
6581,136,105296
6582,137,105312
6583,137,105328
6584,137,105344
6585,137,105360
6586,137,105376
6587,137,105392
6588,137,105408
6589,137,105424
6590,137,105440
6591,137,105456
6592,137,105472
6593,137,105488
6594,137,105504
6595,137,105520
6596,137,105536
6597,137,105552
6598,137,105568
6599,137,105584
6600,137,105600
6601,137,105616
6602,137,105632
6603,137,105648
6604,137,105664
6605,137,105680
6606,137,105696
6607,137,105712
6608,137,105728
6609,137,105744
6610,137,105760
6611,137,105776
6612,137,105792
6613,137,105808
6614,137,105824
6615,137,105840
6616,137,105856
6617,137,105872
6618,137,105888
6619,137,105904
6620,137,105920
6621,137,105936
6622,137,105952
6623,137,105968
6624,137,105984
6625,137,106000
6626,137,106016
6627,137,106032
6628,137,106048
6629,137,106064
6630,137,106080
6631,137,106096
6632,137,106112
6633,137,106128
6634,137,106144
6635,137,106160
6636,137,106176
6637,138,106192
6638,138,106208
6639,138,106224
6640,138,106240
6641,138,106256
6642,138,106272
6643,138,106288
6644,138,106304
6645,138,106320
6646,138,106336
6647,138,106352
6648,138,106368
6649,138,106384
6650,138,106400
6651,138,106416
6652,138,106432
6653,138,106448
6654,138,106464
6655,138,106480
6656,138,106496
6657,138,106512
6658,138,106528
6659,138,106544
6660,138,106560
6661,138,106576
6662,138,106592
6663,138,106608
6664,138,106624
6665,138,106640
6666,138,106656
6667,138,106672
6668,138,106688
6669,138,106704
6670,138,106720
6671,138,106736
6672,138,106752
6673,138,106768
6674,138,106784
6675,138,106800
6676,138,106816
6677,138,106832
6678,138,106848
6679,138,106864
6680,138,106880
6681,138,106896
6682,138,106912
6683,138,106928
6684,138,106944
6685,138,106960
6686,138,106976
6687,138,106992
6688,138,107008
6689,138,107024
6690,138,107040
6691,138,107056
6692,139,107072
6693,139,107088
6694,139,107104
6695,139,107120
6696,139,107136
6697,139,107152
6698,139,107168
6699,139,107184
6700,139,107200
6701,139,107216
6702,139,107232
6703,139,107248
6704,139,107264
6705,139,107280
6706,139,107296
6707,139,107312
6708,139,107328
6709,139,107344
6710,139,107360
6711,139,107376
6712,139,107392
6713,139,107408
6714,139,107424
6715,139,107440
6716,139,107456
6717,139,107472
6718,139,107488
6719,139,107504
6720,139,107520
6721,139,107536
6722,139,107552
6723,139,107568
6724,139,107584
6725,139,107600
6726,139,107616
6727,139,107632
6728,139,107648
6729,139,107664
6730,139,107680
6731,139,107696
6732,139,107712
6733,139,107728
6734,139,107744
6735,139,107760
6736,139,107776
6737,140,107792
6738,140,107808
6739,140,107824
6740,140,107840
6741,140,107856
6742,140,107872
6743,140,107888
6744,140,107904
6745,140,107920
6746,140,107936
6747,140,107952
6748,140,107968
6749,140,107984
6750,140,108000
6751,140,108016
6752,140,108032
6753,140,108048
6754,140,108064
6755,140,108080
6756,140,108096
6757,140,108112
6758,140,108128
6759,140,108144
6760,140,108160
6761,140,108176
6762,140,108192
6763,140,108208
6764,140,108224
6765,140,108240
6766,140,108256
6767,140,108272
6768,140,108288
6769,140,108304
6770,140,108320
6771,140,108336
6772,140,108352
6773,140,108368
6774,140,108384
6775,140,108400
6776,140,108416
6777,140,108432
6778,140,108448
6779,140,108464
6780,140,108480
6781,140,108496
6782,140,108512
6783,140,108528
6784,140,108544
6785,140,108560
6786,140,108576
6787,140,108592
6788,141,108608
6789,141,108624
6790,141,108640
6791,141,108656
6792,141,108672
6793,141,108688
6794,141,108704
6795,141,108720
6796,141,108736
6797,141,108752
6798,141,108768
6799,141,108784
6800,141,108800
6801,141,108816
6802,141,108832
6803,141,108848
6804,141,108864
6805,141,108880
6806,141,108896
6807,141,108912
6808,141,108928
6809,141,108944
6810,141,108960
6811,141,108976
6812,141,108992
6813,141,109008
6814,141,109024
6815,141,109040
6816,141,109056
6817,141,109072
6818,141,109088
6819,141,109104
6820,141,109120
6821,141,109136
6822,141,109152
6823,141,109168
6824,141,109184
6825,141,109200
6826,141,109216
6827,141,109232
6828,141,109248
6829,141,109264
6830,141,109280
6831,141,109296
6832,141,109312
6833,141,109328
6834,141,109344
6835,141,109360
6836,141,109376
6837,141,109392
6838,141,109408
6839,141,109424
6840,142,109440
6841,142,109456
6842,142,109472
6843,142,109488
6844,142,109504
6845,142,109520
6846,142,109536
6847,142,109552
6848,142,109568
6849,142,109584
6850,142,109600
6851,142,109616
6852,142,109632
6853,142,109648
6854,142,109664
6855,142,109680
6856,142,109696
6857,142,109712
6858,142,109728
6859,142,109744
6860,142,109760
6861,142,109776
6862,142,109792
6863,142,109808
6864,142,109824
6865,142,109840
6866,142,109856
6867,142,109872
6868,142,109888
6869,142,109904
6870,142,109920
6871,142,109936
6872,142,109952
6873,142,109968
6874,142,109984
6875,142,110000
6876,142,110016
6877,142,110032
6878,142,110048
6879,142,110064
6880,142,110080
6881,142,110096
6882,142,110112
6883,142,110128
6884,142,110144
6885,142,110160
6886,142,110176
6887,142,110192
6888,142,110208
6889,142,110224
6890,142,110240
6891,142,110256
6892,142,110272
6893,142,110288
6894,142,110304
6895,142,110320
6896,142,110336
6897,142,110352
6898,143,110368
6899,143,110384
6900,143,110400
6901,143,110416
6902,143,110432
6903,143,110448
6904,143,110464
6905,143,110480
6906,143,110496
6907,143,110512
6908,143,110528
6909,143,110544
6910,143,110560
6911,143,110576
6912,143,110592
6913,143,110608
6914,143,110624
6915,143,110640
6916,143,110656
6917,143,110672
6918,143,110688
6919,143,110704
6920,143,110720
6921,143,110736
6922,143,110752
6923,143,110768
6924,143,110784
6925,143,110800
6926,143,110816
6927,143,110832
6928,143,110848
6929,143,110864
6930,143,110880
6931,144,110896
6932,144,110912
6933,144,110928
6934,144,110944
6935,144,110960
6936,144,110976
6937,144,110992
6938,144,111008
6939,144,111024
6940,144,111040
6941,144,111056
6942,144,111072
6943,144,111088
6944,144,111104
6945,144,111120
6946,144,111136
6947,144,111152
6948,144,111168
6949,144,111184
6950,144,111200
6951,144,111216
6952,144,111232
6953,144,111248
6954,144,111264
6955,144,111280
6956,144,111296
6957,144,111312
6958,144,111328
6959,144,111344
6960,144,111360
6961,144,111376
6962,144,111392
6963,144,111408
6964,144,111424
6965,144,111440
6966,144,111456
6967,144,111472
6968,144,111488
6969,144,111504
6970,144,111520
6971,144,111536
6972,144,111552
6973,144,111568
6974,144,111584
6975,144,111600
6976,144,111616
6977,144,111632
6978,145,111648
6979,145,111664
6980,145,111680
6981,145,111696
6982,145,111712
6983,145,111728
6984,145,111744
6985,145,111760
6986,145,111776
6987,145,111792
6988,145,111808
6989,145,111824
6990,145,111840
6991,145,111856
6992,145,111872
6993,145,111888
6994,145,111904
6995,145,111920
6996,145,111936
6997,145,111952
6998,145,111968
6999,145,111984
7000,145,112000
7001,145,112016
7002,145,112032
7003,145,112048
7004,145,112064
7005,145,112080
7006,145,112096
7007,145,112112
7008,145,112128
7009,145,112144
7010,145,112160
7011,145,112176
7012,145,112192
7013,145,112208
7014,145,112224
7015,145,112240
7016,145,112256
7017,145,112272
7018,145,112288
7019,145,112304
7020,145,112320
7021,145,112336
7022,145,112352
7023,145,112368
7024,146,112384
7025,146,112400
7026,146,112416
7027,146,112432
7028,146,112448
7029,146,112464
7030,146,112480
7031,146,112496
7032,146,112512
7033,146,112528
7034,146,112544
7035,146,112560
7036,146,112576
7037,146,112592
7038,146,112608
7039,146,112624
7040,146,112640
7041,146,112656
7042,146,112672
7043,146,112688
7044,146,112704
7045,146,112720
7046,146,112736
7047,146,112752
7048,146,112768
7049,146,112784
7050,146,112800
7051,146,112816
7052,146,112832
7053,146,112848
7054,146,112864
7055,146,112880
7056,146,112896
7057,146,112912
7058,146,112928
7059,146,112944
7060,146,112960
7061,146,112976
7062,146,112992
7063,146,113008
7064,146,113024
7065,146,113040
7066,146,113056
7067,146,113072
7068,146,113088
7069,146,113104
7070,146,113120
7071,146,113136
7072,146,113152
7073,146,113168
7074,146,113184
7075,146,113200
7076,146,113216
7077,146,113232
7078,146,113248
7079,147,113264
7080,147,113280
7081,147,113296
7082,147,113312
7083,147,113328
7084,147,113344
7085,147,113360
7086,147,113376
7087,147,113392
7088,147,113408
7089,147,113424
7090,147,113440
7091,147,113456
7092,147,113472
7093,147,113488
7094,147,113504
7095,147,113520
7096,147,113536
7097,147,113552
7098,147,113568
7099,147,113584
7100,147,113600
7101,147,113616
7102,147,113632
7103,147,113648
7104,147,113664
7105,147,113680
7106,147,113696
7107,147,113712
7108,147,113728
7109,147,113744
7110,147,113760
7111,147,113776
7112,147,113792
7113,147,113808
7114,147,113824
7115,147,113840
7116,147,113856
7117,147,113872
7118,147,113888
7119,147,113904
7120,147,113920
7121,147,113936
7122,147,113952
7123,147,113968
7124,147,113984
7125,147,114000
7126,147,114016
7127,147,114032
7128,147,114048
7129,147,114064
7130,147,114080
7131,147,114096
7132,147,114112
7133,147,114128
7134,147,114144
7135,147,114160
7136,147,114176
7137,147,114192
7138,147,114208
7139,148,114224
7140,148,114240
7141,148,114256
7142,148,114272
7143,148,114288
7144,148,114304
7145,148,114320
7146,148,114336
7147,148,114352
7148,148,114368
7149,148,114384
7150,148,114400
7151,148,114416
7152,148,114432
7153,148,114448
7154,148,114464
7155,148,114480
7156,148,114496
7157,148,114512
7158,148,114528
7159,148,114544
7160,148,114560
7161,148,114576
7162,148,114592
7163,148,114608
7164,148,114624
7165,148,114640
7166,148,114656
7167,148,114672
7168,148,114688
7169,148,114704
7170,148,114720
7171,148,114736
7172,148,114752
7173,148,114768
7174,148,114784
7175,148,114800
7176,148,114816
7177,148,114832
7178,148,114848
7179,148,114864
7180,148,114880
7181,148,114896
7182,148,114912
7183,148,114928
7184,148,114944
7185,148,114960
7186,148,114976
7187,148,114992
7188,149,115008
7189,149,115024
7190,149,115040
7191,149,115056
7192,149,115072
7193,149,115088
7194,149,115104
7195,149,115120
7196,149,115136
7197,149,115152
7198,149,115168
7199,149,115184
7200,149,115200
7201,149,115216
7202,149,115232
7203,149,115248
7204,149,115264
7205,149,115280
7206,149,115296
7207,149,115312
7208,149,115328
7209,149,115344
7210,149,115360
7211,149,115376
7212,149,115392
7213,149,115408
7214,149,115424
7215,149,115440
7216,149,115456
7217,149,115472
7218,149,115488
7219,149,115504
7220,149,115520
7221,149,115536
7222,149,115552
7223,149,115568
7224,149,115584
7225,149,115600
7226,149,115616
7227,149,115632
7228,149,115648
7229,149,115664
7230,149,115680
7231,149,115696
7232,149,115712
7233,149,115728
7234,149,115744
7235,149,115760
7236,149,115776
7237,149,115792
7238,149,115808
7239,149,115824
7240,149,115840
7241,149,115856
7242,149,115872
7243,149,115888
7244,149,115904
7245,149,115920
7246,149,115936
7247,150,115952
7248,150,115968
7249,150,115984
7250,150,116000
7251,150,116016
7252,150,116032
7253,150,116048
7254,150,116064
7255,150,116080
7256,150,116096
7257,150,116112
7258,150,116128
7259,150,116144
7260,150,116160
7261,150,116176
7262,150,116192
7263,150,116208
7264,150,116224
7265,150,116240
7266,150,116256
7267,150,116272
7268,150,116288
7269,150,116304
7270,150,116320
7271,150,116336
7272,150,116352
7273,150,116368
7274,150,116384
7275,150,116400
7276,150,116416
7277,150,116432
7278,150,116448
7279,150,116464
7280,150,116480
7281,150,116496
7282,150,116512
7283,150,116528
7284,150,116544
7285,150,116560
7286,150,116576
7287,150,116592
7288,150,116608
7289,150,116624
7290,150,116640
7291,150,116656
7292,150,116672
7293,150,116688
7294,150,116704
7295,150,116720
7296,151,116736
7297,151,116752
7298,151,116768
7299,151,116784
7300,151,116800
7301,151,116816
7302,151,116832
7303,151,116848
7304,151,116864
7305,151,116880
7306,151,116896
7307,151,116912
7308,151,116928
7309,151,116944
7310,151,116960
7311,151,116976
7312,151,116992
7313,151,117008
7314,151,117024
7315,151,117040
7316,151,117056
7317,151,117072
7318,151,117088
7319,151,117104
7320,151,117120
7321,151,117136
7322,151,117152
7323,151,117168
7324,151,117184
7325,151,117200
7326,151,117216
7327,151,117232
7328,151,117248
7329,151,117264
7330,151,117280
7331,151,117296
7332,151,117312
7333,151,117328
7334,151,117344
7335,151,117360
7336,151,117376
7337,151,117392
7338,151,117408
7339,151,117424
7340,151,117440
7341,151,117456
7342,151,117472
7343,151,117488
7344,151,117504
7345,151,117520
7346,151,117536
7347,151,117552
7348,151,117568
7349,151,117584
7350,152,117600
7351,152,117616
7352,152,117632
7353,152,117648
7354,152,117664
7355,152,117680
7356,152,117696
7357,152,117712
7358,152,117728
7359,152,117744
7360,152,117760
7361,152,117776
7362,152,117792
7363,152,117808
7364,152,117824
7365,152,117840
7366,152,117856
7367,152,117872
7368,152,117888
7369,152,117904
7370,152,117920
7371,152,117936
7372,152,117952
7373,152,117968
7374,152,117984
7375,152,118000
7376,152,118016
7377,152,118032
7378,152,118048
7379,152,118064
7380,152,118080
7381,152,118096
7382,152,118112
7383,152,118128
7384,152,118144
7385,152,118160
7386,152,118176
7387,152,118192
7388,152,118208
7389,152,118224
7390,153,118240
7391,153,118256
7392,153,118272
7393,153,118288
7394,153,118304
7395,153,118320
7396,153,118336
7397,153,118352
7398,153,118368
7399,153,118384
7400,153,118400
7401,153,118416
7402,153,118432
7403,153,118448
7404,153,118464
7405,153,118480
7406,153,118496
7407,153,118512
7408,153,118528
7409,153,118544
7410,153,118560
7411,153,118576
7412,153,118592
7413,153,118608
7414,153,118624
7415,153,118640
7416,153,118656
7417,153,118672
7418,153,118688
7419,153,118704
7420,153,118720
7421,153,118736
7422,153,118752
7423,153,118768
7424,153,118784
7425,153,118800
7426,153,118816
7427,153,118832
7428,153,118848
7429,153,118864
7430,153,118880
7431,153,118896
7432,153,118912
7433,153,118928
7434,153,118944
7435,154,118960
7436,154,118976
7437,154,118992
7438,154,119008
7439,154,119024
7440,154,119040
7441,154,119056
7442,154,119072
7443,154,119088
7444,154,119104
7445,154,119120
7446,154,119136
7447,154,119152
7448,154,119168
7449,154,119184
7450,154,119200
7451,154,119216
7452,154,119232
7453,154,119248
7454,154,119264
7455,154,119280
7456,154,119296
7457,154,119312
7458,154,119328
7459,154,119344
7460,154,119360
7461,154,119376
7462,154,119392
7463,154,119408
7464,154,119424
7465,154,119440
7466,154,119456
7467,154,119472
7468,154,119488
7469,154,119504
7470,154,119520
7471,155,119536
7472,155,119552
7473,155,119568
7474,155,119584
7475,155,119600
7476,155,119616
7477,155,119632
7478,155,119648
7479,155,119664
7480,155,119680
7481,155,119696
7482,155,119712
7483,155,119728
7484,155,119744
7485,155,119760
7486,155,119776
7487,155,119792
7488,155,119808
7489,155,119824
7490,155,119840
7491,155,119856
7492,155,119872
7493,155,119888
7494,155,119904
7495,155,119920
7496,155,119936
7497,155,119952
7498,155,119968
7499,155,119984
7500,155,120000
7501,155,120016
7502,155,120032
7503,155,120048
7504,155,120064
7505,155,120080
7506,156,120096
7507,156,120112
7508,156,120128
7509,156,120144
7510,156,120160
7511,156,120176
7512,156,120192
7513,156,120208
7514,156,120224
7515,156,120240
7516,156,120256
7517,156,120272
7518,156,120288
7519,156,120304
7520,156,120320
7521,156,120336
7522,156,120352
7523,156,120368
7524,156,120384
7525,156,120400
7526,156,120416
7527,156,120432
7528,156,120448
7529,156,120464
7530,156,120480
7531,156,120496
7532,156,120512
7533,156,120528
7534,156,120544
7535,156,120560
7536,156,120576
7537,156,120592
7538,156,120608
7539,156,120624
7540,156,120640
7541,156,120656
7542,156,120672
7543,156,120688
7544,156,120704
7545,156,120720
7546,156,120736
7547,156,120752
7548,156,120768
7549,156,120784
7550,156,120800
7551,156,120816
7552,156,120832
7553,157,120848
7554,157,120864
7555,157,120880
7556,157,120896
7557,157,120912
7558,157,120928
7559,157,120944
7560,157,120960
7561,157,120976
7562,157,120992
7563,157,121008
7564,157,121024
7565,157,121040
7566,157,121056
7567,157,121072
7568,157,121088
7569,157,121104
7570,157,121120
7571,157,121136
7572,157,121152
7573,157,121168
7574,157,121184
7575,157,121200
7576,157,121216
7577,157,121232
7578,157,121248
7579,157,121264
7580,157,121280
7581,157,121296
7582,157,121312
7583,157,121328
7584,157,121344
7585,157,121360
7586,157,121376
7587,157,121392
7588,157,121408
7589,157,121424
7590,157,121440
7591,157,121456
7592,157,121472
7593,157,121488
7594,157,121504
7595,157,121520
7596,157,121536
7597,157,121552
7598,157,121568
7599,157,121584
7600,157,121600
7601,157,121616
7602,158,121632
7603,158,121648
7604,158,121664
7605,158,121680
7606,158,121696
7607,158,121712
7608,158,121728
7609,158,121744
7610,158,121760
7611,158,121776
7612,158,121792
7613,158,121808
7614,158,121824
7615,158,121840
7616,158,121856
7617,158,121872
7618,158,121888
7619,158,121904
7620,158,121920
7621,158,121936
7622,158,121952
7623,158,121968
7624,158,121984
7625,158,122000
7626,158,122016
7627,158,122032
7628,158,122048
7629,158,122064
7630,158,122080
7631,158,122096
7632,158,122112
7633,158,122128
7634,158,122144
7635,158,122160
7636,158,122176
7637,158,122192
7638,158,122208
7639,158,122224
7640,158,122240
7641,158,122256
7642,158,122272
7643,158,122288
7644,158,122304
7645,158,122320
7646,158,122336
7647,158,122352
7648,158,122368
7649,159,122384
7650,159,122400
7651,159,122416
7652,159,122432
7653,159,122448
7654,159,122464
7655,159,122480
7656,159,122496
7657,159,122512
7658,159,122528
7659,159,122544
7660,159,122560
7661,159,122576
7662,159,122592
7663,159,122608
7664,159,122624
7665,159,122640
7666,159,122656
7667,159,122672
7668,159,122688
7669,159,122704
7670,159,122720
7671,159,122736
7672,159,122752
7673,159,122768
7674,159,122784
7675,159,122800
7676,159,122816
7677,159,122832
7678,159,122848
7679,159,122864
7680,159,122880
7681,159,122896
7682,159,122912
7683,159,122928
7684,159,122944
7685,159,122960
7686,159,122976
7687,159,122992
7688,159,123008
7689,159,123024
7690,159,123040
7691,159,123056
7692,159,123072
7693,159,123088
7694,160,123104
7695,160,123120
7696,160,123136
7697,160,123152
7698,160,123168
7699,160,123184
7700,160,123200
7701,160,123216
7702,160,123232
7703,160,123248
7704,160,123264
7705,160,123280
7706,160,123296
7707,160,123312
7708,160,123328
7709,160,123344
7710,160,123360
7711,160,123376
7712,160,123392
7713,160,123408
7714,160,123424
7715,160,123440
7716,160,123456
7717,160,123472
7718,160,123488
7719,160,123504
7720,160,123520
7721,160,123536
7722,160,123552
7723,160,123568
7724,160,123584
7725,160,123600
7726,160,123616
7727,160,123632
7728,160,123648
7729,160,123664
7730,160,123680
7731,160,123696
7732,160,123712
7733,160,123728
7734,160,123744
7735,160,123760
7736,160,123776
7737,160,123792
7738,160,123808
7739,160,123824
7740,160,123840
7741,161,123856
7742,161,123872
7743,161,123888
7744,161,123904
7745,161,123920
7746,161,123936
7747,161,123952
7748,161,123968
7749,161,123984
7750,161,124000
7751,161,124016
7752,161,124032
7753,161,124048
7754,161,124064
7755,161,124080
7756,161,124096
7757,161,124112
7758,161,124128
7759,161,124144
7760,161,124160
7761,161,124176
7762,161,124192
7763,161,124208
7764,161,124224
7765,161,124240
7766,161,124256
7767,161,124272
7768,161,124288
7769,161,124304
7770,161,124320
7771,161,124336
7772,161,124352
7773,161,124368
7774,161,124384
7775,161,124400
7776,161,124416
7777,161,124432
7778,161,124448
7779,161,124464
7780,161,124480
7781,161,124496
7782,161,124512
7783,161,124528
7784,161,124544
7785,161,124560
7786,161,124576
7787,162,124592
7788,162,124608
7789,162,124624
7790,162,124640
7791,162,124656
7792,162,124672
7793,162,124688
7794,162,124704
7795,162,124720
7796,162,124736
7797,162,124752
7798,162,124768
7799,162,124784
7800,162,124800
7801,162,124816
7802,162,124832
7803,162,124848
7804,162,124864
7805,162,124880
7806,162,124896
7807,162,124912
7808,162,124928
7809,162,124944
7810,162,124960
7811,162,124976
7812,162,124992
7813,162,125008
7814,162,125024
7815,162,125040
7816,162,125056
7817,162,125072
7818,162,125088
7819,162,125104
7820,162,125120
7821,162,125136
7822,162,125152
7823,162,125168
7824,162,125184
7825,163,125200
7826,163,125216
7827,163,125232
7828,163,125248
7829,163,125264
7830,163,125280
7831,163,125296
7832,163,125312
7833,163,125328
7834,163,125344
7835,163,125360
7836,163,125376
7837,163,125392
7838,163,125408
7839,163,125424
7840,163,125440
7841,163,125456
7842,163,125472
7843,163,125488
7844,163,125504
7845,163,125520
7846,163,125536
7847,163,125552
7848,163,125568
7849,163,125584
7850,163,125600
7851,163,125616
7852,163,125632
7853,163,125648
7854,163,125664
7855,163,125680
7856,163,125696
7857,163,125712
7858,163,125728
7859,163,125744
7860,163,125760
7861,163,125776
7862,163,125792
7863,163,125808
7864,163,125824
7865,163,125840
7866,163,125856
7867,163,125872
7868,163,125888
7869,163,125904
7870,163,125920
7871,163,125936
7872,163,125952
7873,163,125968
7874,163,125984
7875,163,126000
7876,163,126016
7877,163,126032
7878,163,126048
7879,163,126064
7880,163,126080
7881,163,126096
7882,163,126112
7883,163,126128
7884,163,126144
7885,163,126160
7886,163,126176
7887,163,126192
7888,163,126208
7889,164,126224
7890,164,126240
7891,164,126256
7892,164,126272
7893,164,126288
7894,164,126304
7895,164,126320
7896,164,126336
7897,164,126352
7898,164,126368
7899,164,126384
7900,164,126400
7901,164,126416
7902,164,126432
7903,164,126448
7904,164,126464
7905,164,126480
7906,164,126496
7907,164,126512
7908,164,126528
7909,164,126544
7910,164,126560
7911,164,126576
7912,164,126592
7913,164,126608
7914,164,126624
7915,164,126640
7916,164,126656
7917,164,126672
7918,164,126688
7919,164,126704
7920,164,126720
7921,164,126736
7922,164,126752
7923,164,126768
7924,164,126784
7925,164,126800
7926,164,126816
7927,164,126832
7928,164,126848
7929,164,126864
7930,164,126880
7931,164,126896
7932,164,126912
7933,164,126928
7934,164,126944
7935,164,126960
7936,164,126976
7937,164,126992
7938,164,127008
7939,164,127024
7940,164,127040
7941,164,127056
7942,165,127072
7943,165,127088
7944,165,127104
7945,165,127120
7946,165,127136
7947,165,127152
7948,165,127168
7949,165,127184
7950,165,127200
7951,165,127216
7952,165,127232
7953,165,127248
7954,165,127264
7955,165,127280
7956,165,127296
7957,165,127312
7958,165,127328
7959,165,127344
7960,165,127360
7961,165,127376
7962,165,127392
7963,165,127408
7964,165,127424
7965,165,127440
7966,165,127456
7967,165,127472
7968,165,127488
7969,165,127504
7970,165,127520
7971,165,127536
7972,165,127552
7973,165,127568
7974,165,127584
7975,165,127600
7976,165,127616
7977,165,127632
7978,165,127648
7979,165,127664
7980,165,127680
7981,165,127696
7982,165,127712
7983,165,127728
7984,165,127744
7985,165,127760
7986,165,127776
7987,165,127792
7988,165,127808
7989,165,127824
7990,165,127840
7991,165,127856
7992,165,127872
7993,165,127888
7994,165,127904
7995,166,127920
7996,166,127936
7997,166,127952
7998,166,127968
7999,166,127984
8000,166,128000
8001,166,128016
8002,166,128032
8003,166,128048
8004,166,128064
8005,166,128080
8006,166,128096
8007,166,128112
8008,166,128128
8009,166,128144
8010,166,128160
8011,166,128176
8012,166,128192
8013,166,128208
8014,166,128224
8015,166,128240
8016,166,128256
8017,166,128272
8018,166,128288
8019,166,128304
8020,166,128320
8021,166,128336
8022,166,128352
8023,166,128368
8024,166,128384
8025,166,128400
8026,166,128416
8027,166,128432
8028,166,128448
8029,166,128464
8030,166,128480
8031,166,128496
8032,166,128512
8033,166,128528
8034,166,128544
8035,166,128560
8036,167,128576
8037,167,128592
8038,167,128608
8039,167,128624
8040,167,128640
8041,167,128656
8042,167,128672
8043,167,128688
8044,167,128704
8045,167,128720
8046,167,128736
8047,167,128752
8048,167,128768
8049,167,128784
8050,167,128800
8051,167,128816
8052,167,128832
8053,167,128848
8054,167,128864
8055,167,128880
8056,167,128896
8057,167,128912
8058,167,128928
8059,167,128944
8060,167,128960
8061,167,128976
8062,167,128992
8063,167,129008
8064,167,129024
8065,167,129040
8066,167,129056
8067,167,129072
8068,167,129088
8069,167,129104
8070,167,129120
8071,167,129136
8072,167,129152
8073,167,129168
8074,167,129184
8075,167,129200
8076,167,129216
8077,167,129232
8078,167,129248
8079,168,129264
8080,168,129280
8081,168,129296
8082,168,129312
8083,168,129328
8084,168,129344
8085,168,129360
8086,168,129376
8087,168,129392
8088,168,129408
8089,168,129424
8090,168,129440
8091,168,129456
8092,168,129472
8093,168,129488
8094,168,129504
8095,168,129520
8096,168,129536
8097,168,129552
8098,168,129568
8099,168,129584
8100,168,129600
8101,168,129616
8102,168,129632
8103,168,129648
8104,168,129664
8105,168,129680
8106,168,129696
8107,168,129712
8108,168,129728
8109,168,129744
8110,168,129760
8111,168,129776
8112,168,129792
8113,168,129808
8114,168,129824
8115,168,129840
8116,168,129856
8117,168,129872
8118,169,129888
8119,169,129904
8120,169,129920
8121,169,129936
8122,169,129952
8123,169,129968
8124,169,129984
8125,169,130000
8126,169,130016
8127,169,130032
8128,169,130048
8129,169,130064
8130,169,130080
8131,169,130096
8132,169,130112
8133,169,130128
8134,169,130144
8135,169,130160
8136,169,130176
8137,169,130192
8138,169,130208
8139,169,130224
8140,169,130240
8141,169,130256
8142,169,130272
8143,169,130288
8144,169,130304
8145,169,130320
8146,169,130336
8147,169,130352
8148,169,130368
8149,169,130384
8150,169,130400
8151,169,130416
8152,169,130432
8153,169,130448
8154,169,130464
8155,169,130480
8156,169,130496
8157,169,130512
8158,169,130528
8159,169,130544
8160,169,130560
8161,169,130576
8162,169,130592
8163,169,130608
8164,170,130624
8165,170,130640
8166,170,130656
8167,170,130672
8168,170,130688
8169,170,130704
8170,170,130720
8171,170,130736
8172,170,130752
8173,170,130768
8174,170,130784
8175,170,130800
8176,170,130816
8177,170,130832
8178,170,130848
8179,170,130864
8180,170,130880
8181,170,130896
8182,170,130912
8183,170,130928
8184,170,130944
8185,170,130960
8186,170,130976
8187,170,130992
8188,170,131008
8189,170,131024
8190,170,131040
8191,170,131056
8192,170,131072
8193,170,131088
8194,170,131104
8195,170,131120
8196,170,131136
8197,170,131152
8198,170,131168
8199,170,131184
8200,170,131200
8201,170,131216
8202,170,131232
8203,170,131248
8204,170,131264
8205,170,131280
8206,170,131296
8207,170,131312
8208,170,131328
8209,170,131344
8210,170,131360
8211,170,131376
8212,170,131392
8213,170,131408
8214,171,131424
8215,171,131440
8216,171,131456
8217,171,131472
8218,171,131488
8219,171,131504
8220,171,131520
8221,171,131536
8222,171,131552
8223,171,131568
8224,171,131584
8225,171,131600
8226,171,131616
8227,171,131632
8228,171,131648
8229,171,131664
8230,171,131680
8231,171,131696
8232,171,131712
8233,171,131728
8234,171,131744
8235,171,131760
8236,171,131776
8237,171,131792
8238,171,131808
8239,171,131824
8240,171,131840
8241,171,131856
8242,171,131872
8243,171,131888
8244,171,131904
8245,171,131920
8246,171,131936
8247,171,131952
8248,171,131968
8249,171,131984
8250,171,132000
8251,171,132016
8252,171,132032
8253,171,132048
8254,172,132064
8255,172,132080
8256,172,132096
8257,172,132112
8258,172,132128
8259,172,132144
8260,172,132160
8261,172,132176
8262,172,132192
8263,172,132208
8264,172,132224
8265,172,132240
8266,172,132256
8267,172,132272
8268,172,132288
8269,172,132304
8270,172,132320
8271,172,132336
8272,172,132352
8273,172,132368
8274,172,132384
8275,172,132400
8276,172,132416
8277,172,132432
8278,172,132448
8279,172,132464
8280,172,132480
8281,172,132496
8282,172,132512
8283,172,132528
8284,172,132544
8285,172,132560
8286,172,132576
8287,172,132592
8288,172,132608
8289,172,132624
8290,172,132640
8291,172,132656
8292,172,132672
8293,172,132688
8294,172,132704
8295,172,132720
8296,172,132736
8297,173,132752
8298,173,132768
8299,173,132784
8300,173,132800
8301,173,132816
8302,173,132832
8303,173,132848
8304,173,132864
8305,173,132880
8306,173,132896
8307,173,132912
8308,173,132928
8309,173,132944
8310,173,132960
8311,173,132976
8312,173,132992
8313,173,133008
8314,173,133024
8315,173,133040
8316,173,133056
8317,173,133072
8318,173,133088
8319,173,133104
8320,173,133120
8321,173,133136
8322,173,133152
8323,173,133168
8324,173,133184
8325,173,133200
8326,173,133216
8327,173,133232
8328,173,133248
8329,173,133264
8330,173,133280
8331,173,133296
8332,173,133312
8333,173,133328
8334,173,133344
8335,173,133360
8336,173,133376
8337,174,133392
8338,174,133408
8339,174,133424
8340,174,133440
8341,174,133456
8342,174,133472
8343,174,133488
8344,174,133504
8345,174,133520
8346,174,133536
8347,174,133552
8348,174,133568
8349,174,133584
8350,174,133600
8351,174,133616
8352,174,133632
8353,174,133648
8354,174,133664
8355,174,133680
8356,174,133696
8357,174,133712
8358,174,133728
8359,174,133744
8360,174,133760
8361,174,133776
8362,174,133792
8363,174,133808
8364,174,133824
8365,174,133840
8366,174,133856
8367,174,133872
8368,174,133888
8369,174,133904
8370,174,133920
8371,174,133936
8372,174,133952
8373,174,133968
8374,174,133984
8375,174,134000
8376,174,134016
8377,174,134032
8378,175,134048
8379,175,134064
8380,175,134080
8381,175,134096
8382,175,134112
8383,175,134128
8384,175,134144
8385,175,134160
8386,175,134176
8387,175,134192
8388,175,134208
8389,175,134224
8390,175,134240
8391,175,134256
8392,175,134272
8393,175,134288
8394,175,134304
8395,175,134320
8396,175,134336
8397,175,134352
8398,175,134368
8399,175,134384
8400,175,134400
8401,175,134416
8402,175,134432
8403,175,134448
8404,175,134464
8405,175,134480
8406,175,134496
8407,175,134512
8408,175,134528
8409,175,134544
8410,175,134560
8411,175,134576
8412,175,134592
8413,175,134608
8414,175,134624
8415,176,134640
8416,176,134656
8417,176,134672
8418,176,134688
8419,176,134704
8420,176,134720
8421,176,134736
8422,176,134752
8423,176,134768
8424,176,134784
8425,176,134800
8426,176,134816
8427,176,134832
8428,176,134848
8429,176,134864
8430,176,134880
8431,176,134896
8432,176,134912
8433,176,134928
8434,176,134944
8435,176,134960
8436,176,134976
8437,176,134992
8438,176,135008
8439,176,135024
8440,176,135040
8441,176,135056
8442,176,135072
8443,176,135088
8444,176,135104
8445,176,135120
8446,176,135136
8447,176,135152
8448,176,135168
8449,176,135184
8450,176,135200
8451,176,135216
8452,176,135232
8453,176,135248
8454,176,135264
8455,176,135280
8456,176,135296
8457,176,135312
8458,176,135328
8459,176,135344
8460,176,135360
8461,177,135376
8462,177,135392
8463,177,135408
8464,177,135424
8465,177,135440
8466,177,135456
8467,177,135472
8468,177,135488
8469,177,135504
8470,177,135520
8471,177,135536
8472,177,135552
8473,177,135568
8474,177,135584
8475,177,135600
8476,177,135616
8477,177,135632
8478,177,135648
8479,177,135664
8480,177,135680
8481,177,135696
8482,177,135712
8483,177,135728
8484,177,135744
8485,177,135760
8486,177,135776
8487,177,135792
8488,177,135808
8489,177,135824
8490,177,135840
8491,177,135856
8492,177,135872
8493,177,135888
8494,177,135904
8495,177,135920
8496,177,135936
8497,177,135952
8498,177,135968
8499,177,135984
8500,177,136000
8501,177,136016
8502,178,136032
8503,178,136048
8504,178,136064
8505,178,136080
8506,178,136096
8507,178,136112
8508,178,136128
8509,178,136144
8510,178,136160
8511,178,136176
8512,178,136192
8513,178,136208
8514,178,136224
8515,178,136240
8516,178,136256
8517,178,136272
8518,178,136288
8519,178,136304
8520,178,136320
8521,178,136336
8522,178,136352
8523,178,136368
8524,178,136384
8525,178,136400
8526,178,136416
8527,178,136432
8528,178,136448
8529,178,136464
8530,178,136480
8531,178,136496
8532,178,136512
8533,178,136528
8534,179,136544
8535,179,136560
8536,179,136576
8537,179,136592
8538,179,136608
8539,179,136624
8540,179,136640
8541,179,136656
8542,179,136672
8543,179,136688
8544,179,136704
8545,179,136720
8546,179,136736
8547,179,136752
8548,179,136768
8549,179,136784
8550,179,136800
8551,179,136816
8552,179,136832
8553,179,136848
8554,179,136864
8555,179,136880
8556,179,136896
8557,179,136912
8558,179,136928
8559,179,136944
8560,179,136960
8561,179,136976
8562,179,136992
8563,180,137008
8564,180,137024
8565,180,137040
8566,180,137056
8567,180,137072
8568,180,137088
8569,180,137104
8570,180,137120
8571,180,137136
8572,180,137152
8573,180,137168
8574,180,137184
8575,180,137200
8576,180,137216
8577,180,137232
8578,180,137248
8579,180,137264
8580,180,137280
8581,180,137296
8582,180,137312
8583,180,137328
8584,180,137344
8585,180,137360
8586,180,137376
8587,180,137392
8588,180,137408
8589,180,137424
8590,180,137440
8591,180,137456
8592,180,137472
8593,180,137488
8594,180,137504
8595,180,137520
8596,180,137536
8597,180,137552
8598,180,137568
8599,180,137584
8600,180,137600
8601,180,137616
8602,180,137632
8603,180,137648
8604,180,137664
8605,180,137680
8606,180,137696
8607,180,137712
8608,180,137728
8609,180,137744
8610,180,137760
8611,181,137776
8612,181,137792
8613,181,137808
8614,181,137824
8615,181,137840
8616,181,137856
8617,181,137872
8618,181,137888
8619,181,137904
8620,181,137920
8621,181,137936
8622,181,137952
8623,181,137968
8624,181,137984
8625,181,138000
8626,181,138016
8627,181,138032
8628,181,138048
8629,181,138064
8630,181,138080
8631,181,138096
8632,181,138112
8633,181,138128
8634,181,138144
8635,181,138160
8636,181,138176
8637,181,138192
8638,181,138208
8639,181,138224
8640,181,138240
8641,181,138256
8642,181,138272
8643,181,138288
8644,181,138304
8645,181,138320
8646,181,138336
8647,181,138352
8648,181,138368
8649,182,138384
8650,182,138400
8651,182,138416
8652,182,138432
8653,182,138448
8654,182,138464
8655,182,138480
8656,182,138496
8657,182,138512
8658,182,138528
8659,182,138544
8660,182,138560
8661,182,138576
8662,182,138592
8663,182,138608
8664,182,138624
8665,182,138640
8666,182,138656
8667,182,138672
8668,182,138688
8669,182,138704
8670,182,138720
8671,182,138736
8672,182,138752
8673,182,138768
8674,182,138784
8675,182,138800
8676,182,138816
8677,182,138832
8678,182,138848
8679,182,138864
8680,182,138880
8681,182,138896
8682,182,138912
8683,182,138928
8684,182,138944
8685,182,138960
8686,182,138976
8687,182,138992
8688,183,139008
8689,183,139024
8690,183,139040
8691,183,139056
8692,183,139072
8693,183,139088
8694,183,139104
8695,183,139120
8696,183,139136
8697,183,139152
8698,183,139168
8699,183,139184
8700,183,139200
8701,183,139216
8702,183,139232
8703,183,139248
8704,183,139264
8705,183,139280
8706,183,139296
8707,183,139312
8708,183,139328
8709,183,139344
8710,183,139360
8711,183,139376
8712,183,139392
8713,183,139408
8714,183,139424
8715,183,139440
8716,183,139456
8717,183,139472
8718,183,139488
8719,183,139504
8720,183,139520
8721,183,139536
8722,183,139552
8723,183,139568
8724,183,139584
8725,183,139600
8726,183,139616
8727,183,139632
8728,184,139648
8729,184,139664
8730,184,139680
8731,184,139696
8732,184,139712
8733,184,139728
8734,184,139744
8735,184,139760
8736,184,139776
8737,184,139792
8738,184,139808
8739,184,139824
8740,184,139840
8741,184,139856
8742,184,139872
8743,184,139888
8744,184,139904
8745,184,139920
8746,184,139936
8747,184,139952
8748,184,139968
8749,184,139984
8750,184,140000
8751,184,140016
8752,184,140032
8753,184,140048
8754,184,140064
8755,184,140080
8756,184,140096
8757,184,140112
8758,184,140128
8759,184,140144
8760,184,140160
8761,184,140176
8762,184,140192
8763,184,140208
8764,184,140224
8765,184,140240
8766,184,140256
8767,184,140272
8768,184,140288
8769,184,140304
8770,184,140320
8771,184,140336
8772,184,140352
8773,185,140368
8774,185,140384
8775,185,140400
8776,185,140416
8777,185,140432
8778,185,140448
8779,185,140464
8780,185,140480
8781,185,140496
8782,185,140512
8783,185,140528
8784,185,140544
8785,185,140560
8786,185,140576
8787,185,140592
8788,185,140608
8789,185,140624
8790,185,140640
8791,185,140656
8792,185,140672
8793,185,140688
8794,185,140704
8795,185,140720
8796,185,140736
8797,185,140752
8798,185,140768
8799,185,140784
8800,185,140800
8801,185,140816
8802,185,140832
8803,185,140848
8804,185,140864
8805,185,140880
8806,185,140896
8807,185,140912
8808,185,140928
8809,185,140944
8810,185,140960
8811,185,140976
8812,185,140992
8813,185,141008
8814,186,141024
8815,186,141040
8816,186,141056
8817,186,141072
8818,186,141088
8819,186,141104
8820,186,141120
8821,186,141136
8822,186,141152
8823,186,141168
8824,186,141184
8825,186,141200
8826,186,141216
8827,186,141232
8828,186,141248
8829,186,141264
8830,186,141280
8831,186,141296
8832,186,141312
8833,186,141328
8834,186,141344
8835,186,141360
8836,186,141376
8837,186,141392
8838,186,141408
8839,186,141424
8840,186,141440
8841,186,141456
8842,186,141472
8843,186,141488
8844,186,141504
8845,186,141520
8846,186,141536
8847,186,141552
8848,186,141568
8849,186,141584
8850,186,141600
8851,186,141616
8852,186,141632
8853,186,141648
8854,186,141664
8855,186,141680
8856,187,141696
8857,187,141712
8858,187,141728
8859,187,141744
8860,187,141760
8861,187,141776
8862,187,141792
8863,187,141808
8864,187,141824
8865,187,141840
8866,187,141856
8867,187,141872
8868,187,141888
8869,187,141904
8870,187,141920
8871,187,141936
8872,187,141952
8873,187,141968
8874,187,141984
8875,187,142000
8876,187,142016
8877,187,142032
8878,187,142048
8879,187,142064
8880,187,142080
8881,187,142096
8882,187,142112
8883,187,142128
8884,187,142144
8885,187,142160
8886,187,142176
8887,187,142192
8888,187,142208
8889,187,142224
8890,187,142240
8891,187,142256
8892,188,142272
8893,188,142288
8894,188,142304
8895,188,142320
8896,188,142336
8897,188,142352
8898,188,142368
8899,188,142384
8900,188,142400
8901,188,142416
8902,188,142432
8903,188,142448
8904,188,142464
8905,188,142480
8906,188,142496
8907,188,142512
8908,188,142528
8909,188,142544
8910,188,142560
8911,188,142576
8912,188,142592
8913,188,142608
8914,188,142624
8915,188,142640
8916,188,142656
8917,188,142672
8918,188,142688
8919,188,142704
8920,188,142720
8921,188,142736
8922,188,142752
8923,188,142768
8924,188,142784
8925,188,142800
8926,188,142816
8927,188,142832
8928,188,142848
8929,189,142864
8930,189,142880
8931,189,142896
8932,189,142912
8933,189,142928
8934,189,142944
8935,189,142960
8936,189,142976
8937,189,142992
8938,189,143008
8939,189,143024
8940,189,143040
8941,189,143056
8942,189,143072
8943,189,143088
8944,189,143104
8945,189,143120
8946,189,143136
8947,189,143152
8948,189,143168
8949,189,143184
8950,189,143200
8951,189,143216
8952,189,143232
8953,189,143248
8954,189,143264
8955,189,143280
8956,189,143296
8957,189,143312
8958,189,143328
8959,190,143344
8960,190,143360
8961,190,143376
8962,190,143392
8963,190,143408
8964,190,143424
8965,190,143440
8966,190,143456
8967,190,143472
8968,190,143488
8969,190,143504
8970,190,143520
8971,190,143536
8972,190,143552
8973,190,143568
8974,190,143584
8975,190,143600
8976,190,143616
8977,190,143632
8978,190,143648
8979,190,143664
8980,190,143680
8981,190,143696
8982,190,143712
8983,190,143728
8984,190,143744
8985,190,143760
8986,190,143776
8987,190,143792
8988,190,143808
8989,190,143824
8990,190,143840
8991,190,143856
8992,190,143872
8993,190,143888
8994,190,143904
8995,190,143920
8996,190,143936
8997,191,143952
8998,191,143968
8999,191,143984
9000,191,144000
9001,191,144016
9002,191,144032
9003,191,144048
9004,191,144064
9005,191,144080
9006,191,144096
9007,191,144112
9008,191,144128
9009,191,144144
9010,191,144160
9011,191,144176
9012,191,144192
9013,191,144208
9014,191,144224
9015,191,144240
9016,191,144256
9017,191,144272
9018,191,144288
9019,191,144304
9020,191,144320
9021,191,144336
9022,191,144352
9023,191,144368
9024,191,144384
9025,191,144400
9026,191,144416
9027,191,144432
9028,191,144448
9029,191,144464
9030,192,144480
9031,192,144496
9032,192,144512
9033,192,144528
9034,192,144544
9035,192,144560
9036,192,144576
9037,192,144592
9038,192,144608
9039,192,144624
9040,192,144640
9041,192,144656
9042,192,144672
9043,192,144688
9044,192,144704
9045,192,144720
9046,192,144736
9047,192,144752
9048,192,144768
9049,192,144784
9050,192,144800
9051,192,144816
9052,192,144832
9053,192,144848
9054,192,144864
9055,192,144880
9056,192,144896
9057,192,144912
9058,192,144928
9059,192,144944
9060,192,144960
9061,192,144976
9062,193,144992
9063,193,145008
9064,193,145024
9065,193,145040
9066,193,145056
9067,193,145072
9068,193,145088
9069,193,145104
9070,193,145120
9071,193,145136
9072,193,145152
9073,193,145168
9074,193,145184
9075,193,145200
9076,193,145216
9077,193,145232
9078,193,145248
9079,193,145264
9080,193,145280
9081,193,145296
9082,193,145312
9083,193,145328
9084,193,145344
9085,193,145360
9086,193,145376
9087,193,145392
9088,193,145408
9089,194,145424
9090,194,145440
9091,194,145456
9092,194,145472
9093,194,145488
9094,194,145504
9095,194,145520
9096,194,145536
9097,194,145552
9098,194,145568
9099,194,145584
9100,194,145600
9101,194,145616
9102,194,145632
9103,194,145648
9104,194,145664
9105,194,145680
9106,194,145696
9107,194,145712
9108,194,145728
9109,194,145744
9110,194,145760
9111,194,145776
9112,194,145792
9113,194,145808
9114,194,145824
9115,194,145840
9116,194,145856
9117,194,145872
9118,194,145888
9119,194,145904
9120,194,145920
9121,194,145936
9122,194,145952
9123,194,145968
9124,194,145984
9125,194,146000
9126,194,146016
9127,194,146032
9128,194,146048
9129,194,146064
9130,194,146080
9131,194,146096
9132,194,146112
9133,194,146128
9134,194,146144
9135,194,146160
9136,195,146176
9137,195,146192
9138,195,146208
9139,195,146224
9140,195,146240
9141,195,146256
9142,195,146272
9143,195,146288
9144,195,146304
9145,195,146320
9146,195,146336
9147,195,146352
9148,195,146368
9149,195,146384
9150,195,146400
9151,195,146416
9152,195,146432
9153,195,146448
9154,195,146464
9155,195,146480
9156,195,146496
9157,195,146512
9158,195,146528
9159,195,146544
9160,195,146560
9161,195,146576
9162,195,146592
9163,195,146608
9164,195,146624
9165,195,146640
9166,195,146656
9167,195,146672
9168,195,146688
9169,195,146704
9170,195,146720
9171,195,146736
9172,195,146752
9173,195,146768
9174,195,146784
9175,195,146800
9176,195,146816
9177,195,146832
9178,195,146848
9179,195,146864
9180,195,146880
9181,196,146896
9182,196,146912
9183,196,146928
9184,196,146944
9185,196,146960
9186,196,146976
9187,196,146992
9188,196,147008
9189,196,147024
9190,196,147040
9191,196,147056
9192,196,147072
9193,196,147088
9194,196,147104
9195,196,147120
9196,196,147136
9197,196,147152
9198,196,147168
9199,196,147184
9200,196,147200
9201,196,147216
9202,196,147232
9203,196,147248
9204,196,147264
9205,196,147280
9206,196,147296
9207,196,147312
9208,196,147328
9209,196,147344
9210,196,147360
9211,196,147376
9212,196,147392
9213,196,147408
9214,196,147424
9215,196,147440
9216,196,147456
9217,196,147472
9218,196,147488
9219,196,147504
9220,196,147520
9221,196,147536
9222,196,147552
9223,196,147568
9224,196,147584
9225,196,147600
9226,196,147616
9227,197,147632
9228,197,147648
9229,197,147664
9230,197,147680
9231,197,147696
9232,197,147712
9233,197,147728
9234,197,147744
9235,197,147760
9236,197,147776
9237,197,147792
9238,197,147808
9239,197,147824
9240,197,147840
9241,197,147856
9242,197,147872
9243,197,147888
9244,197,147904
9245,197,147920
9246,197,147936
9247,197,147952
9248,197,147968
9249,197,147984
9250,197,148000
9251,197,148016
9252,197,148032
9253,197,148048
9254,197,148064
9255,197,148080
9256,197,148096
9257,197,148112
9258,197,148128
9259,197,148144
9260,197,148160
9261,197,148176
9262,197,148192
9263,198,148208
9264,198,148224
9265,198,148240
9266,198,148256
9267,198,148272
9268,198,148288
9269,198,148304
9270,198,148320
9271,198,148336
9272,198,148352
9273,198,148368
9274,198,148384
9275,198,148400
9276,198,148416
9277,198,148432
9278,198,148448
9279,198,148464
9280,198,148480
9281,198,148496
9282,198,148512
9283,198,148528
9284,198,148544
9285,198,148560
9286,198,148576
9287,198,148592
9288,198,148608
9289,198,148624
9290,198,148640
9291,198,148656
9292,198,148672
9293,198,148688
9294,198,148704
9295,198,148720
9296,198,148736
9297,198,148752
9298,199,148768
9299,199,148784
9300,199,148800
9301,199,148816
9302,199,148832
9303,199,148848
9304,199,148864
9305,199,148880
9306,199,148896
9307,199,148912
9308,199,148928
9309,199,148944
9310,199,148960
9311,199,148976
9312,199,148992
9313,199,149008
9314,199,149024
9315,199,149040
9316,199,149056
9317,199,149072
9318,199,149088
9319,199,149104
9320,199,149120
9321,199,149136
9322,199,149152
9323,199,149168
9324,199,149184
9325,199,149200
9326,199,149216
9327,199,149232
9328,199,149248
9329,199,149264
9330,199,149280
9331,199,149296
9332,199,149312
9333,199,149328
9334,199,149344
9335,199,149360
9336,200,149376
9337,200,149392
9338,200,149408
9339,200,149424
9340,200,149440
9341,200,149456
9342,200,149472
9343,200,149488
9344,200,149504
9345,200,149520
9346,200,149536
9347,200,149552
9348,200,149568
9349,200,149584
9350,200,149600
9351,200,149616
9352,200,149632
9353,200,149648
9354,200,149664
9355,200,149680
9356,200,149696
9357,200,149712
9358,200,149728
9359,200,149744
9360,200,149760
9361,200,149776
9362,200,149792
9363,200,149808
9364,200,149824
9365,200,149840
9366,200,149856
9367,200,149872
9368,200,149888
9369,200,149904
9370,200,149920
9371,200,149936
9372,200,149952
9373,200,149968
9374,200,149984
9375,200,150000
9376,200,150016
9377,201,150032
9378,201,150048
9379,201,150064
9380,201,150080
9381,201,150096
9382,201,150112
9383,201,150128
9384,201,150144
9385,201,150160
9386,201,150176
9387,201,150192
9388,201,150208
9389,201,150224
9390,201,150240
9391,201,150256
9392,201,150272
9393,201,150288
9394,201,150304
9395,201,150320
9396,201,150336
9397,201,150352
9398,201,150368
9399,201,150384
9400,201,150400
9401,201,150416
9402,201,150432
9403,201,150448
9404,201,150464
9405,201,150480
9406,201,150496
9407,201,150512
9408,201,150528
9409,201,150544
9410,201,150560
9411,202,150576
9412,202,150592
9413,202,150608
9414,202,150624
9415,202,150640
9416,202,150656
9417,202,150672
9418,202,150688
9419,202,150704
9420,202,150720
9421,202,150736
9422,202,150752
9423,202,150768
9424,202,150784
9425,202,150800
9426,202,150816
9427,202,150832
9428,202,150848
9429,202,150864
9430,202,150880
9431,202,150896
9432,202,150912
9433,202,150928
9434,202,150944
9435,202,150960
9436,202,150976
9437,202,150992
9438,202,151008
9439,202,151024
9440,202,151040
9441,202,151056
9442,202,151072
9443,202,151088
9444,202,151104
9445,202,151120
9446,202,151136
9447,202,151152
9448,202,151168
9449,202,151184
9450,202,151200
9451,202,151216
9452,202,151232
9453,202,151248
9454,202,151264
9455,202,151280
9456,202,151296
9457,202,151312
9458,202,151328
9459,202,151344
9460,202,151360
9461,202,151376
9462,203,151392
9463,203,151408
9464,203,151424
9465,203,151440
9466,203,151456
9467,203,151472
9468,203,151488
9469,203,151504
9470,203,151520
9471,203,151536
9472,203,151552
9473,203,151568
9474,203,151584
9475,203,151600
9476,203,151616
9477,203,151632
9478,203,151648
9479,203,151664
9480,203,151680
9481,203,151696
9482,203,151712
9483,203,151728
9484,203,151744
9485,203,151760
9486,203,151776
9487,203,151792
9488,203,151808
9489,203,151824
9490,203,151840
9491,203,151856
9492,203,151872
9493,203,151888
9494,203,151904
9495,203,151920
9496,203,151936
9497,203,151952
9498,203,151968
9499,203,151984
9500,203,152000
9501,203,152016
9502,204,152032
9503,204,152048
9504,204,152064
9505,204,152080
9506,204,152096
9507,204,152112
9508,204,152128
9509,204,152144
9510,204,152160
9511,204,152176
9512,204,152192
9513,204,152208
9514,204,152224
9515,204,152240
9516,204,152256
9517,204,152272
9518,204,152288
9519,204,152304
9520,204,152320
9521,204,152336
9522,204,152352
9523,204,152368
9524,204,152384
9525,204,152400
9526,204,152416
9527,204,152432
9528,204,152448
9529,204,152464
9530,205,152480
9531,205,152496
9532,205,152512
9533,205,152528
9534,205,152544
9535,205,152560
9536,205,152576
9537,205,152592
9538,205,152608
9539,205,152624
9540,205,152640
9541,205,152656
9542,205,152672
9543,205,152688
9544,205,152704
9545,205,152720
9546,205,152736
9547,205,152752
9548,205,152768
9549,205,152784
9550,205,152800
9551,205,152816
9552,205,152832
9553,205,152848
9554,205,152864
9555,205,152880
9556,205,152896
9557,205,152912
9558,205,152928
9559,205,152944
9560,205,152960
9561,205,152976
9562,205,152992
9563,205,153008
9564,205,153024
9565,205,153040
9566,206,153056
9567,206,153072
9568,206,153088
9569,206,153104
9570,206,153120
9571,206,153136
9572,206,153152
9573,206,153168
9574,206,153184
9575,206,153200
9576,206,153216
9577,206,153232
9578,206,153248
9579,206,153264
9580,206,153280
9581,206,153296
9582,206,153312
9583,206,153328
9584,206,153344
9585,206,153360
9586,206,153376
9587,206,153392
9588,206,153408
9589,206,153424
9590,206,153440
9591,206,153456
9592,206,153472
9593,206,153488
9594,206,153504
9595,206,153520
9596,206,153536
9597,206,153552
9598,206,153568
9599,206,153584
9600,206,153600
9601,206,153616
9602,206,153632
9603,207,153648
9604,207,153664
9605,207,153680
9606,207,153696
9607,207,153712
9608,207,153728
9609,207,153744
9610,207,153760
9611,207,153776
9612,207,153792
9613,207,153808
9614,207,153824
9615,207,153840
9616,207,153856
9617,207,153872
9618,207,153888
9619,207,153904
9620,207,153920
9621,207,153936
9622,207,153952
9623,207,153968
9624,207,153984
9625,207,154000
9626,207,154016
9627,207,154032
9628,207,154048
9629,207,154064
9630,207,154080
9631,207,154096
9632,207,154112
9633,207,154128
9634,207,154144
9635,207,154160
9636,207,154176
9637,207,154192
9638,207,154208
9639,207,154224
9640,207,154240
9641,207,154256
9642,207,154272
9643,207,154288
9644,208,154304
9645,208,154320
9646,208,154336
9647,208,154352
9648,208,154368
9649,208,154384
9650,208,154400
9651,208,154416
9652,208,154432
9653,208,154448
9654,208,154464
9655,208,154480
9656,208,154496
9657,208,154512
9658,208,154528
9659,208,154544
9660,208,154560
9661,208,154576
9662,208,154592
9663,208,154608
9664,208,154624
9665,208,154640
9666,208,154656
9667,208,154672
9668,208,154688
9669,208,154704
9670,208,154720
9671,208,154736
9672,208,154752
9673,208,154768
9674,208,154784
9675,208,154800
9676,208,154816
9677,208,154832
9678,208,154848
9679,208,154864
9680,208,154880
9681,208,154896
9682,208,154912
9683,209,154928
9684,209,154944
9685,209,154960
9686,209,154976
9687,209,154992
9688,209,155008
9689,209,155024
9690,209,155040
9691,209,155056
9692,209,155072
9693,209,155088
9694,209,155104
9695,209,155120
9696,209,155136
9697,209,155152
9698,209,155168
9699,209,155184
9700,209,155200
9701,209,155216
9702,209,155232
9703,209,155248
9704,209,155264
9705,209,155280
9706,209,155296
9707,209,155312
9708,210,155328
9709,210,155344
9710,210,155360
9711,210,155376
9712,210,155392
9713,210,155408
9714,210,155424
9715,210,155440
9716,210,155456
9717,210,155472
9718,210,155488
9719,210,155504
9720,210,155520
9721,210,155536
9722,210,155552
9723,210,155568
9724,210,155584
9725,210,155600
9726,210,155616
9727,210,155632
9728,210,155648
9729,210,155664
9730,210,155680
9731,210,155696
9732,210,155712
9733,210,155728
9734,210,155744
9735,210,155760
9736,210,155776
9737,210,155792
9738,210,155808
9739,210,155824
9740,210,155840
9741,210,155856
9742,211,155872
9743,211,155888
9744,211,155904
9745,211,155920
9746,211,155936
9747,211,155952
9748,211,155968
9749,211,155984
9750,211,156000
9751,211,156016
9752,211,156032
9753,211,156048
9754,211,156064
9755,211,156080
9756,211,156096
9757,211,156112
9758,211,156128
9759,211,156144
9760,211,156160
9761,211,156176
9762,211,156192
9763,211,156208
9764,211,156224
9765,211,156240
9766,211,156256
9767,211,156272
9768,211,156288
9769,212,156304
9770,212,156320
9771,212,156336
9772,212,156352
9773,212,156368
9774,212,156384
9775,212,156400
9776,212,156416
9777,212,156432
9778,212,156448
9779,212,156464
9780,212,156480
9781,212,156496
9782,212,156512
9783,212,156528
9784,212,156544
9785,212,156560
9786,212,156576
9787,212,156592
9788,212,156608
9789,212,156624
9790,212,156640
9791,212,156656
9792,212,156672
9793,212,156688
9794,212,156704
9795,212,156720
9796,212,156736
9797,212,156752
9798,212,156768
9799,212,156784
9800,212,156800
9801,212,156816
9802,212,156832
9803,213,156848
9804,213,156864
9805,213,156880
9806,213,156896
9807,213,156912
9808,213,156928
9809,213,156944
9810,213,156960
9811,213,156976
9812,213,156992
9813,213,157008
9814,213,157024
9815,213,157040
9816,213,157056
9817,213,157072
9818,213,157088
9819,213,157104
9820,213,157120
9821,213,157136
9822,213,157152
9823,213,157168
9824,213,157184
9825,213,157200
9826,213,157216
9827,213,157232
9828,213,157248
9829,213,157264
9830,213,157280
9831,213,157296
9832,213,157312
9833,213,157328
9834,213,157344
9835,213,157360
9836,213,157376
9837,214,157392
9838,214,157408
9839,214,157424
9840,214,157440
9841,214,157456
9842,214,157472
9843,214,157488
9844,214,157504
9845,214,157520
9846,214,157536
9847,214,157552
9848,214,157568
9849,214,157584
9850,214,157600
9851,214,157616
9852,214,157632
9853,214,157648
9854,214,157664
9855,214,157680
9856,214,157696
9857,214,157712
9858,214,157728
9859,214,157744
9860,214,157760
9861,214,157776
9862,214,157792
9863,214,157808
9864,214,157824
9865,214,157840
9866,214,157856
9867,214,157872
9868,214,157888
9869,214,157904
9870,214,157920
9871,214,157936
9872,214,157952
9873,214,157968
9874,215,157984
9875,215,158000
9876,215,158016
9877,215,158032
9878,215,158048
9879,215,158064
9880,215,158080
9881,215,158096
9882,215,158112
9883,215,158128
9884,215,158144
9885,215,158160
9886,215,158176
9887,215,158192
9888,215,158208
9889,215,158224
9890,215,158240
9891,215,158256
9892,215,158272
9893,215,158288
9894,215,158304
9895,215,158320
9896,215,158336
9897,215,158352
9898,215,158368
9899,215,158384
9900,215,158400
9901,215,158416
9902,215,158432
9903,215,158448
9904,215,158464
9905,216,158480
9906,216,158496
9907,216,158512
9908,216,158528
9909,216,158544
9910,216,158560
9911,216,158576
9912,216,158592
9913,216,158608
9914,216,158624
9915,216,158640
9916,216,158656
9917,216,158672
9918,216,158688
9919,216,158704
9920,216,158720
9921,216,158736
9922,216,158752
9923,216,158768
9924,216,158784
9925,216,158800
9926,216,158816
9927,216,158832
9928,216,158848
9929,216,158864
9930,216,158880
9931,216,158896
9932,216,158912
9933,216,158928
9934,216,158944
9935,216,158960
9936,216,158976
9937,216,158992
9938,216,159008
9939,216,159024
9940,216,159040
9941,216,159056
9942,217,159072
9943,217,159088
9944,217,159104
9945,217,159120
9946,217,159136
9947,217,159152
9948,217,159168
9949,217,159184
9950,217,159200
9951,217,159216
9952,217,159232
9953,217,159248
9954,217,159264
9955,217,159280
9956,217,159296
9957,217,159312
9958,217,159328
9959,217,159344
9960,217,159360
9961,217,159376
9962,217,159392
9963,217,159408
9964,217,159424
9965,217,159440
9966,217,159456
9967,217,159472
9968,217,159488
9969,217,159504
9970,217,159520
9971,217,159536
9972,217,159552
9973,217,159568
9974,218,159584
9975,218,159600
9976,218,159616
9977,218,159632
9978,218,159648
9979,218,159664
9980,218,159680
9981,218,159696
9982,218,159712
9983,218,159728
9984,218,159744
9985,218,159760
9986,218,159776
9987,218,159792
9988,218,159808
9989,218,159824
9990,218,159840
9991,218,159856
9992,218,159872
9993,218,159888
9994,218,159904
9995,218,159920
9996,218,159936
9997,218,159952
9998,218,159968
9999,219,159984
10000,219,160000
10001,219,160016
10002,219,160032
10003,219,160048
10004,219,160064
10005,219,160080
10006,219,160096
10007,219,160112
10008,219,160128
10009,219,160144
10010,219,160160
10011,219,160176
10012,219,160192
10013,219,160208
10014,219,160224
10015,219,160240
10016,219,160256
10017,219,160272
10018,219,160288
10019,219,160304
10020,219,160320
10021,219,160336
10022,219,160352
10023,219,160368
10024,219,160384
10025,219,160400
10026,219,160416
10027,219,160432
10028,219,160448
10029,220,160464
10030,220,160480
10031,220,160496
10032,220,160512
10033,220,160528
10034,220,160544
10035,220,160560
10036,220,160576
10037,220,160592
10038,220,160608
10039,220,160624
10040,220,160640
10041,220,160656
10042,220,160672
10043,220,160688
10044,220,160704
10045,220,160720
10046,220,160736
10047,220,160752
10048,220,160768
10049,220,160784
10050,220,160800
10051,220,160816
10052,220,160832
10053,221,160848
10054,221,160864
10055,221,160880
10056,221,160896
10057,221,160912
10058,221,160928
10059,221,160944
10060,221,160960
10061,221,160976
10062,221,160992
10063,221,161008
10064,221,161024
10065,221,161040
10066,221,161056
10067,221,161072
10068,221,161088
10069,221,161104
10070,221,161120
10071,221,161136
10072,221,161152
10073,221,161168
10074,221,161184
10075,221,161200
10076,221,161216
10077,222,161232
10078,222,161248
10079,222,161264
10080,222,161280
10081,222,161296
10082,222,161312
10083,222,161328
10084,222,161344
10085,222,161360
10086,222,161376
10087,222,161392
10088,222,161408
10089,222,161424
10090,222,161440
10091,222,161456
10092,222,161472
10093,222,161488
10094,222,161504
10095,222,161520
10096,222,161536
10097,222,161552
10098,222,161568
10099,222,161584
10100,222,161600
10101,222,161616
10102,222,161632
10103,222,161648
10104,222,161664
10105,222,161680
10106,222,161696
10107,222,161712
10108,222,161728
10109,222,161744
10110,222,161760
10111,222,161776
10112,222,161792
10113,222,161808
10114,222,161824
10115,222,161840
10116,223,161856
10117,223,161872
10118,223,161888
10119,223,161904
10120,223,161920
10121,223,161936
10122,223,161952
10123,223,161968
10124,223,161984
10125,223,162000
10126,223,162016
10127,223,162032
10128,223,162048
10129,223,162064
10130,223,162080
10131,223,162096
10132,223,162112
10133,223,162128
10134,223,162144
10135,223,162160
10136,223,162176
10137,223,162192
10138,223,162208
10139,223,162224
10140,223,162240
10141,223,162256
10142,223,162272
10143,223,162288
10144,223,162304
10145,224,162320
10146,224,162336
10147,224,162352
10148,224,162368
10149,224,162384
10150,224,162400
10151,224,162416
10152,224,162432
10153,224,162448
10154,224,162464
10155,224,162480
10156,224,162496
10157,224,162512
10158,224,162528
10159,224,162544
10160,224,162560
10161,224,162576
10162,224,162592
10163,224,162608
10164,224,162624
10165,224,162640
10166,224,162656
10167,224,162672
10168,224,162688
10169,224,162704
10170,224,162720
10171,224,162736
10172,224,162752
10173,224,162768
10174,224,162784
10175,224,162800
10176,224,162816
10177,225,162832
10178,225,162848
10179,225,162864
10180,225,162880
10181,225,162896
10182,225,162912
10183,225,162928
10184,225,162944
10185,225,162960
10186,225,162976
10187,225,162992
10188,225,163008
10189,225,163024
10190,225,163040
10191,225,163056
10192,225,163072
10193,225,163088
10194,225,163104
10195,225,163120
10196,225,163136
10197,225,163152
10198,225,163168
10199,225,163184
10200,225,163200
10201,225,163216
10202,225,163232
10203,225,163248
10204,225,163264
10205,225,163280
10206,225,163296
10207,225,163312
10208,225,163328
10209,225,163344
10210,225,163360
10211,225,163376
10212,225,163392
10213,225,163408
10214,226,163424
10215,226,163440
10216,226,163456
10217,226,163472
10218,226,163488
10219,226,163504
10220,226,163520
10221,226,163536
10222,226,163552
10223,226,163568
10224,226,163584
10225,226,163600
10226,226,163616
10227,226,163632
10228,226,163648
10229,226,163664
10230,226,163680
10231,226,163696
10232,226,163712
10233,226,163728
10234,226,163744
10235,226,163760
10236,226,163776
10237,226,163792
10238,226,163808
10239,226,163824
10240,226,163840
10241,226,163856
10242,226,163872
10243,226,163888
10244,226,163904
10245,226,163920
10246,227,163936
10247,227,163952
10248,227,163968
10249,227,163984
10250,227,164000
10251,227,164016
10252,227,164032
10253,227,164048
10254,227,164064
10255,227,164080
10256,227,164096
10257,227,164112
10258,227,164128
10259,227,164144
10260,227,164160
10261,227,164176
10262,227,164192
10263,227,164208
10264,227,164224
10265,227,164240
10266,227,164256
10267,227,164272
10268,227,164288
10269,227,164304
10270,227,164320
10271,227,164336
10272,227,164352
10273,227,164368
10274,227,164384
10275,227,164400
10276,227,164416
10277,227,164432
10278,227,164448
10279,228,164464
10280,228,164480
10281,228,164496
10282,228,164512
10283,228,164528
10284,228,164544
10285,228,164560
10286,228,164576
10287,228,164592
10288,228,164608
10289,228,164624
10290,228,164640
10291,228,164656
10292,228,164672
10293,228,164688
10294,228,164704
10295,228,164720
10296,228,164736
10297,228,164752
10298,228,164768
10299,228,164784
10300,228,164800
10301,228,164816
10302,228,164832
10303,228,164848
10304,229,164864
10305,229,164880
10306,229,164896
10307,229,164912
10308,229,164928
10309,229,164944
10310,229,164960
10311,229,164976
10312,229,164992
10313,229,165008
10314,229,165024
10315,229,165040
10316,229,165056
10317,229,165072
10318,229,165088
10319,229,165104
10320,229,165120
10321,229,165136
10322,229,165152
10323,229,165168
10324,229,165184
10325,230,165200
10326,230,165216
10327,230,165232
10328,230,165248
10329,230,165264
10330,230,165280
10331,230,165296
10332,230,165312
10333,230,165328
10334,230,165344
10335,230,165360
10336,230,165376
10337,230,165392
10338,230,165408
10339,230,165424
10340,230,165440
10341,230,165456
10342,230,165472
10343,230,165488
10344,230,165504
10345,230,165520
10346,230,165536
10347,230,165552
10348,230,165568
10349,230,165584
10350,230,165600
10351,230,165616
10352,230,165632
10353,230,165648
10354,230,165664
10355,230,165680
10356,231,165696
10357,231,165712
10358,231,165728
10359,231,165744
10360,231,165760
10361,231,165776
10362,231,165792
10363,231,165808
10364,231,165824
10365,231,165840
10366,231,165856
10367,231,165872
10368,231,165888
10369,231,165904
10370,231,165920
10371,231,165936
10372,231,165952
10373,231,165968
10374,231,165984
10375,231,166000
10376,232,166016
10377,232,166032
10378,232,166048
10379,232,166064
10380,232,166080
10381,232,166096
10382,232,166112
10383,232,166128
10384,232,166144
10385,232,166160
10386,232,166176
10387,232,166192
10388,232,166208
10389,232,166224
10390,232,166240
10391,232,166256
10392,232,166272
10393,232,166288
10394,232,166304
10395,232,166320
10396,232,166336
10397,232,166352
10398,232,166368
10399,232,166384
10400,232,166400
10401,232,166416
10402,232,166432
10403,232,166448
10404,232,166464
10405,232,166480
10406,233,166496
10407,233,166512
10408,233,166528
10409,233,166544
10410,233,166560
10411,233,166576
10412,233,166592
10413,233,166608
10414,233,166624
10415,233,166640
10416,233,166656
10417,233,166672
10418,233,166688
10419,233,166704
10420,233,166720
10421,233,166736
10422,233,166752
10423,233,166768
10424,233,166784
10425,233,166800
10426,233,166816
10427,233,166832
10428,233,166848
10429,233,166864
10430,233,166880
10431,233,166896
10432,233,166912
10433,233,166928
10434,233,166944
10435,233,166960
10436,233,166976
10437,234,166992
10438,234,167008
10439,234,167024
10440,234,167040
10441,234,167056
10442,234,167072
10443,234,167088
10444,234,167104
10445,234,167120
10446,234,167136
10447,234,167152
10448,234,167168
10449,234,167184
10450,234,167200
10451,234,167216
10452,234,167232
10453,234,167248
10454,234,167264
10455,234,167280
10456,234,167296
10457,234,167312
10458,234,167328
10459,234,167344
10460,234,167360
10461,234,167376
10462,234,167392
10463,234,167408
10464,234,167424
10465,235,167440
10466,235,167456
10467,235,167472
10468,235,167488
10469,235,167504
10470,235,167520
10471,235,167536
10472,235,167552
10473,235,167568
10474,235,167584
10475,235,167600
10476,235,167616
10477,235,167632
10478,235,167648
10479,235,167664
10480,235,167680
10481,235,167696
10482,235,167712
10483,235,167728
10484,235,167744
10485,235,167760
10486,236,167776
10487,236,167792
10488,236,167808
10489,236,167824
10490,236,167840
10491,236,167856
10492,236,167872
10493,236,167888
10494,236,167904
10495,236,167920
10496,236,167936
10497,236,167952
10498,236,167968
10499,236,167984
10500,236,168000
10501,236,168016
10502,236,168032
10503,236,168048
10504,236,168064
10505,236,168080
10506,236,168096
10507,236,168112
10508,236,168128
10509,236,168144
10510,236,168160
10511,236,168176
10512,236,168192
10513,236,168208
10514,236,168224
10515,236,168240
10516,236,168256
10517,236,168272
10518,237,168288
10519,237,168304
10520,237,168320
10521,237,168336
10522,237,168352
10523,237,168368
10524,237,168384
10525,237,168400
10526,237,168416
10527,237,168432
10528,237,168448
10529,237,168464
10530,237,168480
10531,237,168496
10532,237,168512
10533,237,168528
10534,237,168544
10535,237,168560
10536,237,168576
10537,237,168592
10538,237,168608
10539,237,168624
10540,237,168640
10541,237,168656
10542,237,168672
10543,237,168688
10544,237,168704
10545,237,168720
10546,237,168736
10547,238,168752
10548,238,168768
10549,238,168784
10550,238,168800
10551,238,168816
10552,238,168832
10553,238,168848
10554,238,168864
10555,238,168880
10556,238,168896
10557,238,168912
10558,238,168928
10559,238,168944
10560,238,168960
10561,238,168976
10562,238,168992
10563,238,169008
10564,238,169024
10565,238,169040
10566,238,169056
10567,238,169072
10568,238,169088
10569,238,169104
10570,239,169120
10571,239,169136
10572,239,169152
10573,239,169168
10574,239,169184
10575,239,169200
10576,239,169216
10577,239,169232
10578,239,169248
10579,239,169264
10580,239,169280
10581,239,169296
10582,239,169312
10583,239,169328
10584,239,169344
10585,239,169360
10586,239,169376
10587,239,169392
10588,239,169408
10589,239,169424
10590,239,169440
10591,239,169456
10592,239,169472
10593,239,169488
10594,239,169504
10595,239,169520
10596,239,169536
10597,239,169552
10598,239,169568
10599,239,169584
10600,239,169600
10601,239,169616
10602,239,169632
10603,239,169648
10604,239,169664
10605,240,169680
10606,240,169696
10607,240,169712
10608,240,169728
10609,240,169744
10610,240,169760
10611,240,169776
10612,240,169792
10613,240,169808
10614,240,169824
10615,240,169840
10616,240,169856
10617,240,169872
10618,240,169888
10619,240,169904
10620,240,169920
10621,240,169936
10622,240,169952
10623,240,169968
10624,240,169984
10625,240,170000
10626,240,170016
10627,240,170032
10628,240,170048
10629,240,170064
10630,240,170080
10631,240,170096
10632,241,170112
10633,241,170128
10634,241,170144
10635,241,170160
10636,241,170176
10637,241,170192
10638,241,170208
10639,241,170224
10640,241,170240
10641,241,170256
10642,241,170272
10643,241,170288
10644,241,170304
10645,241,170320
10646,241,170336
10647,241,170352
10648,241,170368
10649,242,170384
10650,242,170400
10651,242,170416
10652,242,170432
10653,242,170448
10654,242,170464
10655,242,170480
10656,242,170496
10657,242,170512
10658,242,170528
10659,242,170544
10660,242,170560
10661,242,170576
10662,242,170592
10663,242,170608
10664,242,170624
10665,243,170640
10666,243,170656
10667,243,170672
10668,243,170688
10669,243,170704
10670,243,170720
10671,243,170736
10672,243,170752
10673,243,170768
10674,243,170784
10675,243,170800
10676,243,170816
10677,243,170832
10678,243,170848
10679,243,170864
10680,243,170880
10681,243,170896
10682,243,170912
10683,243,170928
10684,243,170944
10685,243,170960
10686,243,170976
10687,243,170992
10688,243,171008
10689,243,171024
10690,243,171040
10691,243,171056
10692,243,171072
10693,244,171088
10694,244,171104
10695,244,171120
10696,244,171136
10697,244,171152
10698,244,171168
10699,244,171184
10700,244,171200
10701,244,171216
10702,244,171232
10703,244,171248
10704,244,171264
10705,244,171280
10706,244,171296
10707,244,171312
10708,244,171328
10709,244,171344
10710,244,171360
10711,244,171376
10712,244,171392
10713,244,171408
10714,244,171424
10715,244,171440
10716,244,171456
10717,244,171472
10718,245,171488
10719,245,171504
10720,245,171520
10721,245,171536
10722,245,171552
10723,245,171568
10724,245,171584
10725,245,171600
10726,245,171616
10727,245,171632
10728,245,171648
10729,245,171664
10730,245,171680
10731,245,171696
10732,245,171712
10733,245,171728
10734,245,171744
10735,245,171760
10736,245,171776
10737,245,171792
10738,245,171808
10739,245,171824
10740,245,171840
10741,245,171856
10742,245,171872
10743,245,171888
10744,245,171904
10745,246,171920
10746,246,171936
10747,246,171952
10748,246,171968
10749,246,171984
10750,246,172000
10751,246,172016
10752,246,172032
10753,246,172048
10754,246,172064
10755,246,172080
10756,246,172096
10757,246,172112
10758,246,172128
10759,246,172144
10760,246,172160
10761,246,172176
10762,246,172192
10763,246,172208
10764,246,172224
10765,246,172240
10766,247,172256
10767,247,172272
10768,247,172288
10769,247,172304
10770,247,172320
10771,247,172336
10772,247,172352
10773,247,172368
10774,247,172384
10775,247,172400
10776,247,172416
10777,247,172432
10778,247,172448
10779,247,172464
10780,247,172480
10781,247,172496
10782,247,172512
10783,247,172528
10784,247,172544
10785,247,172560
10786,247,172576
10787,247,172592
10788,247,172608
10789,247,172624
10790,247,172640
10791,247,172656
10792,247,172672
10793,247,172688
10794,248,172704
10795,248,172720
10796,248,172736
10797,248,172752
10798,248,172768
10799,248,172784
10800,248,172800
10801,248,172816
10802,248,172832
10803,248,172848
10804,248,172864
10805,248,172880
10806,248,172896
10807,248,172912
10808,248,172928
10809,248,172944
10810,248,172960
10811,248,172976
10812,248,172992
10813,248,173008
10814,248,173024
10815,248,173040
10816,248,173056
10817,248,173072
10818,248,173088
10819,248,173104
10820,248,173120
10821,248,173136
10822,248,173152
10823,248,173168
10824,248,173184
10825,248,173200
10826,249,173216
10827,249,173232
10828,249,173248
10829,249,173264
10830,249,173280
10831,249,173296
10832,249,173312
10833,249,173328
10834,249,173344
10835,249,173360
10836,249,173376
10837,249,173392
10838,249,173408
10839,249,173424
10840,249,173440
10841,249,173456
10842,249,173472
10843,249,173488
10844,250,173504
10845,250,173520
10846,250,173536
10847,250,173552
10848,250,173568
10849,250,173584
10850,250,173600
10851,250,173616
10852,250,173632
10853,250,173648
10854,250,173664
10855,250,173680
10856,250,173696
10857,250,173712
10858,250,173728
10859,250,173744
10860,250,173760
10861,250,173776
10862,251,173792
10863,251,173808
10864,251,173824
10865,251,173840
10866,251,173856
10867,251,173872
10868,251,173888
10869,251,173904
10870,251,173920
10871,251,173936
10872,251,173952
10873,251,173968
10874,251,173984
10875,251,174000
10876,251,174016
10877,251,174032
10878,251,174048
10879,251,174064
10880,251,174080
10881,251,174096
10882,251,174112
10883,251,174128
10884,251,174144
10885,251,174160
10886,251,174176
10887,251,174192
10888,251,174208
10889,252,174224
10890,252,174240
10891,252,174256
10892,252,174272
10893,252,174288
10894,252,174304
10895,252,174320
10896,252,174336
10897,252,174352
10898,252,174368
10899,252,174384
10900,252,174400
10901,252,174416
10902,252,174432
10903,252,174448
10904,252,174464
10905,252,174480
10906,252,174496
10907,252,174512
10908,252,174528
10909,252,174544
10910,252,174560
10911,252,174576
10912,252,174592
10913,252,174608
10914,252,174624
10915,252,174640
10916,252,174656
10917,252,174672
10918,252,174688
10919,253,174704
10920,253,174720
10921,253,174736
10922,253,174752
10923,253,174768
10924,253,174784
10925,253,174800
10926,253,174816
10927,253,174832
10928,253,174848
10929,253,174864
10930,253,174880
10931,253,174896
10932,253,174912
10933,253,174928
10934,253,174944
10935,253,174960
10936,253,174976
10937,253,174992
10938,253,175008
10939,253,175024
10940,253,175040
10941,253,175056
10942,254,175072
10943,254,175088
10944,254,175104
10945,254,175120
10946,254,175136
10947,254,175152
10948,254,175168
10949,254,175184
10950,254,175200
10951,254,175216
10952,254,175232
10953,254,175248
10954,254,175264
10955,254,175280
10956,254,175296
10957,254,175312
10958,254,175328
10959,254,175344
10960,255,175360
10961,255,175376
10962,255,175392
10963,255,175408
10964,255,175424
10965,255,175440
10966,255,175456
10967,255,175472
10968,255,175488
10969,255,175504
10970,255,175520
10971,255,175536
10972,255,175552
10973,255,175568
10974,255,175584
10975,255,175600
10976,255,175616
10977,255,175632
10978,256,197604
10979,256,197622
10980,256,197640
10981,256,197658
10982,256,197676
10983,256,197694
10984,256,197712
10985,256,197730
10986,256,197748
10987,256,197766
10988,256,197784
10989,256,197802
10990,256,197820
10991,256,197838
10992,256,197856
10993,256,197874
10994,256,197892
10995,256,197910
10996,256,197928
10997,256,197946
10998,256,197964
10999,257,197982
11000,257,198000
11001,257,198018
11002,257,198036
11003,257,198054
11004,257,198072
11005,257,198090
11006,257,198108
11007,257,198126
11008,257,198144
11009,257,198162
11010,257,198180
11011,257,198198
11012,257,198216
11013,257,198234
11014,257,198252
11015,257,198270
11016,257,198288
11017,257,198306
11018,257,198324
11019,257,198342
11020,257,198360
11021,257,198378
11022,257,198396
11023,257,198414
11024,258,198432
11025,258,198450
11026,258,198468
11027,258,198486
11028,258,198504
11029,258,198522
11030,258,198540
11031,258,198558
11032,258,198576
11033,258,198594
11034,258,198612
11035,258,198630
11036,258,198648
11037,258,198666
11038,258,198684
11039,258,198702
11040,258,198720
11041,258,198738
11042,258,198756
11043,258,198774
11044,258,198792
11045,258,198810
11046,259,198828
11047,259,198846
11048,259,198864
11049,259,198882
11050,259,198900
11051,259,198918
11052,259,198936
11053,259,198954
11054,259,198972
11055,259,198990
11056,259,199008
11057,259,199026
11058,259,199044
11059,259,199062
11060,259,199080
11061,259,199098
11062,259,199116
11063,259,199134
11064,259,199152
11065,259,199170
11066,259,199188
11067,259,199206
11068,260,199224
11069,260,199242
11070,260,199260
11071,260,199278
11072,260,199296
11073,260,199314
11074,260,199332
11075,260,199350
11076,260,199368
11077,260,199386
11078,260,199404
11079,260,199422
11080,260,199440
11081,260,199458
11082,261,199476
11083,261,199494
11084,261,199512
11085,261,199530
11086,261,199548
11087,261,199566
11088,261,199584
11089,261,199602
11090,261,199620
11091,261,199638
11092,261,199656
11093,261,199674
11094,261,199692
11095,261,199710
11096,261,199728
11097,261,199746
11098,261,199764
11099,261,199782
11100,261,199800
11101,261,199818
11102,261,199836
11103,262,199854
11104,262,199872
11105,262,199890
11106,262,199908
11107,262,199926
11108,262,199944
11109,262,199962
11110,262,199980
11111,262,199998
11112,262,200016
11113,262,200034
11114,262,200052
11115,262,200070
11116,262,200088
11117,262,200106
11118,262,200124
11119,262,200142
11120,262,200160
11121,262,200178
11122,262,200196
11123,262,200214
11124,262,200232
11125,262,200250
11126,262,200268
11127,262,200286
11128,262,200304
11129,262,200322
11130,262,200340
11131,262,200358
11132,262,200376
11133,262,200394
11134,262,200412
11135,263,200430
11136,263,200448
11137,263,200466
11138,263,200484
11139,263,200502
11140,263,200520
11141,263,200538
11142,263,200556
11143,263,200574
11144,263,200592
11145,263,200610
11146,263,200628
11147,263,200646
11148,263,200664
11149,263,200682
11150,263,200700
11151,263,200718
11152,263,200736
11153,263,200754
11154,264,200772
11155,264,200790
11156,264,200808
11157,264,200826
11158,264,200844
11159,264,200862
11160,264,200880
11161,264,200898
11162,264,200916
11163,264,200934
11164,264,200952
11165,264,200970
11166,264,200988
11167,264,201006
11168,264,201024
11169,264,201042
11170,264,201060
11171,264,201078
11172,264,201096
11173,264,201114
11174,264,201132
11175,264,201150
11176,264,201168
11177,264,201186
11178,265,201204
11179,265,201222
11180,265,201240
11181,265,201258
11182,265,201276
11183,265,201294
11184,265,201312
11185,265,201330
11186,265,201348
11187,265,201366
11188,265,201384
11189,265,201402
11190,265,201420
11191,265,201438
11192,265,201456
11193,265,201474
11194,265,201492
11195,265,201510
11196,265,201528
11197,265,201546
11198,265,201564
11199,265,201582
11200,265,201600
11201,265,201618
11202,265,201636
11203,266,201654
11204,266,201672
11205,266,201690
11206,266,201708
11207,266,201726
11208,266,201744
11209,266,201762
11210,266,201780
11211,266,201798
11212,266,201816
11213,266,201834
11214,266,201852
11215,266,201870
11216,266,201888
11217,266,201906
11218,266,201924
11219,266,201942
11220,267,201960
11221,267,201978
11222,267,201996
11223,267,202014
11224,267,202032
11225,267,202050
11226,267,202068
11227,267,202086
11228,267,202104
11229,267,202122
11230,267,202140
11231,267,202158
11232,267,202176
11233,267,202194
11234,268,202212
11235,268,202230
11236,268,202248
11237,268,202266
11238,268,202284
11239,268,202302
11240,268,202320
11241,268,202338
11242,268,202356
11243,268,202374
11244,268,202392
11245,268,202410
11246,268,202428
11247,268,202446
11248,268,202464
11249,268,202482
11250,268,202500
11251,268,202518
11252,268,202536
11253,268,202554
11254,268,202572
11255,268,202590
11256,268,202608
11257,269,202626
11258,269,202644
11259,269,202662
11260,269,202680
11261,269,202698
11262,269,202716
11263,269,202734
11264,269,202752
11265,269,202770
11266,269,202788
11267,269,202806
11268,269,202824
11269,269,202842
11270,269,202860
11271,269,202878
11272,269,202896
11273,269,202914
11274,269,202932
11275,269,202950
11276,269,202968
11277,270,202986
11278,270,203004
11279,270,203022
11280,270,203040
11281,270,203058
11282,270,203076
11283,270,203094
11284,270,203112
11285,270,203130
11286,270,203148
11287,270,203166
11288,270,203184
11289,270,203202
11290,270,203220
11291,270,203238
11292,270,203256
11293,270,203274
11294,270,203292
11295,270,203310
11296,270,203328
11297,270,203346
11298,270,203364
11299,270,203382
11300,270,203400
11301,271,203418
11302,271,203436
11303,271,203454
11304,271,203472
11305,271,203490
11306,271,203508
11307,271,203526
11308,271,203544
11309,271,203562
11310,271,203580
11311,271,203598
11312,271,203616
11313,271,203634
11314,271,203652
11315,271,203670
11316,271,203688
11317,271,203706
11318,271,203724
11319,271,203742
11320,271,203760
11321,271,203778
11322,271,203796
11323,271,203814
11324,272,203832
11325,272,203850
11326,272,203868
11327,272,203886
11328,272,203904
11329,272,203922
11330,272,203940
11331,272,203958
11332,272,203976
11333,272,203994
11334,272,204012
11335,272,204030
11336,272,204048
11337,272,204066
11338,272,204084
11339,272,204102
11340,272,204120
11341,272,204138
11342,272,204156
11343,272,204174
11344,272,204192
11345,273,204210
11346,273,204228
11347,273,204246
11348,273,204264
11349,273,204282
11350,273,204300
11351,273,204318
11352,273,204336
11353,273,204354
11354,273,204372
11355,273,204390
11356,273,204408
11357,273,204426
11358,273,204444
11359,273,204462
11360,273,204480
11361,273,204498
11362,273,204516
11363,273,204534
11364,273,204552
11365,273,204570
11366,273,204588
11367,273,204606
11368,273,204624
11369,273,204642
11370,273,204660
11371,273,204678
11372,273,204696
11373,273,204714
11374,274,204732
11375,274,204750
11376,274,204768
11377,274,204786
11378,274,204804
11379,274,204822
11380,274,204840
11381,274,204858
11382,274,204876
11383,274,204894
11384,274,204912
11385,274,204930
11386,274,204948
11387,274,204966
11388,274,204984
11389,274,205002
11390,275,205020
11391,275,205038
11392,275,205056
11393,275,205074
11394,275,205092
11395,275,205110
11396,275,205128
11397,275,205146
11398,275,205164
11399,275,205182
11400,275,205200
11401,275,205218
11402,275,205236
11403,275,205254
11404,275,205272
11405,275,205290
11406,275,205308
11407,276,205326
11408,276,205344
11409,276,205362
11410,276,205380
11411,276,205398
11412,276,205416
11413,276,205434
11414,276,205452
11415,276,205470
11416,276,205488
11417,276,205506
11418,276,205524
11419,276,205542
11420,276,205560
11421,276,205578
11422,276,205596
11423,276,205614
11424,276,205632
11425,276,205650
11426,276,205668
11427,276,205686
11428,276,205704
11429,276,205722
11430,277,205740
11431,277,205758
11432,277,205776
11433,277,205794
11434,277,205812
11435,277,205830
11436,277,205848
11437,277,205866
11438,277,205884
11439,277,205902
11440,277,205920
11441,277,205938
11442,277,205956
11443,277,205974
11444,277,205992
11445,277,206010
11446,277,206028
11447,277,206046
11448,277,206064
11449,277,206082
11450,277,206100
11451,277,206118
11452,277,206136
11453,278,206154
11454,278,206172
11455,278,206190
11456,278,206208
11457,278,206226
11458,278,206244
11459,278,206262
11460,278,206280
11461,278,206298
11462,278,206316
11463,278,206334
11464,278,206352
11465,278,206370
11466,278,206388
11467,278,206406
11468,278,206424
11469,278,206442
11470,278,206460
11471,279,206478
11472,279,206496
11473,279,206514
11474,279,206532
11475,279,206550
11476,279,206568
11477,279,206586
11478,279,206604
11479,279,206622
11480,279,206640
11481,279,206658
11482,279,206676
11483,279,206694
11484,279,206712
11485,279,206730
11486,279,206748
11487,279,206766
11488,279,206784
11489,280,206802
11490,280,206820
11491,280,206838
11492,280,206856
11493,280,206874
11494,280,206892
11495,280,206910
11496,280,206928
11497,280,206946
11498,280,206964
11499,280,206982
11500,280,207000
11501,280,207018
11502,280,207036
11503,280,207054
11504,280,207072
11505,280,207090
11506,280,207108
11507,280,207126
11508,280,207144
11509,280,207162
11510,280,207180
11511,280,207198
11512,280,207216
11513,280,207234
11514,280,207252
11515,280,207270
11516,280,207288
11517,280,207306
11518,280,207324
11519,281,207342
11520,281,207360
11521,281,207378
11522,281,207396
11523,281,207414
11524,281,207432
11525,281,207450
11526,281,207468
11527,281,207486
11528,281,207504
11529,281,207522
11530,281,207540
11531,281,207558
11532,281,207576
11533,281,207594
11534,281,207612
11535,281,207630
11536,281,207648
11537,281,207666
11538,281,207684
11539,282,207702
11540,282,207720
11541,282,207738
11542,282,207756
11543,282,207774
11544,282,207792
11545,282,207810
11546,282,207828
11547,282,207846
11548,282,207864
11549,282,207882
11550,282,207900
11551,282,207918
11552,282,207936
11553,282,207954
11554,282,207972
11555,282,207990
11556,282,208008
11557,282,208026
11558,282,208044
11559,282,208062
11560,282,208080
11561,283,208098
11562,283,208116
11563,283,208134
11564,283,208152
11565,283,208170
11566,283,208188
11567,283,208206
11568,283,208224
11569,283,208242
11570,283,208260
11571,283,208278
11572,283,208296
11573,283,208314
11574,284,208332
11575,284,208350
11576,284,208368
11577,284,208386
11578,284,208404
11579,284,208422
11580,284,208440
11581,284,208458
11582,284,208476
11583,284,208494
11584,284,208512
11585,284,208530
11586,284,208548
11587,284,208566
11588,284,208584
11589,284,208602
11590,284,208620
11591,284,208638
11592,284,208656
11593,284,208674
11594,284,208692
11595,285,208710
11596,285,208728
11597,285,208746
11598,285,208764
11599,285,208782
11600,285,208800
11601,285,208818
11602,285,208836
11603,285,208854
11604,285,208872
11605,285,208890
11606,285,208908
11607,285,208926
11608,285,208944
11609,285,208962
11610,285,208980
11611,286,208998
11612,286,209016
11613,286,209034
11614,286,209052
11615,286,209070
11616,286,209088
11617,286,209106
11618,286,209124
11619,286,209142
11620,286,209160
11621,286,209178
11622,286,209196
11623,286,209214
11624,286,209232
11625,286,209250
11626,286,209268
11627,287,209286
11628,287,209304
11629,287,209322
11630,287,209340
11631,287,209358
11632,287,209376
11633,287,209394
11634,287,209412
11635,287,209430
11636,287,209448
11637,287,209466
11638,287,209484
11639,287,209502
11640,287,209520
11641,287,209538
11642,287,209556
11643,287,209574
11644,288,209592
11645,288,209610
11646,288,209628
11647,288,209646
11648,288,209664
11649,288,209682
11650,288,209700
11651,288,209718
11652,288,209736
11653,288,209754
11654,288,209772
11655,288,209790
11656,288,209808
11657,288,209826
11658,288,209844
11659,288,209862
11660,288,209880
11661,288,209898
11662,288,209916
11663,288,209934
11664,288,209952
11665,289,209970
11666,289,209988
11667,289,210006
11668,289,210024
11669,289,210042
11670,289,210060
11671,289,210078
11672,289,210096
11673,289,210114
11674,289,210132
11675,289,210150
11676,289,210168
11677,289,210186
11678,289,210204
11679,289,210222
11680,289,210240
11681,289,210258
11682,289,210276
11683,290,210294
11684,290,210312
11685,290,210330
11686,290,210348
11687,290,210366
11688,290,210384
11689,290,210402
11690,290,210420
11691,290,210438
11692,290,210456
11693,290,210474
11694,290,210492
11695,290,210510
11696,290,210528
11697,290,210546
11698,290,210564
11699,291,210582
11700,291,210600
11701,291,210618
11702,291,210636
11703,291,210654
11704,291,210672
11705,291,210690
11706,291,210708
11707,291,210726
11708,291,210744
11709,291,210762
11710,291,210780
11711,291,210798
11712,291,210816
11713,291,210834
11714,291,210852
11715,291,210870
11716,292,210888
11717,292,210906
11718,292,210924
11719,292,210942
11720,292,210960
11721,292,210978
11722,292,210996
11723,292,211014
11724,292,211032
11725,292,211050
11726,292,211068
11727,292,211086
11728,292,211104
11729,292,211122
11730,293,211140
11731,293,211158
11732,293,211176
11733,293,211194
11734,293,211212
11735,293,211230
11736,293,211248
11737,293,211266
11738,293,211284
11739,293,211302
11740,293,211320
11741,293,211338
11742,293,211356
11743,293,211374
11744,293,211392
11745,293,211410
11746,293,211428
11747,293,211446
11748,293,211464
11749,293,211482
11750,293,211500
11751,293,211518
11752,293,211536
11753,293,211554
11754,293,211572
11755,293,211590
11756,293,211608
11757,293,211626
11758,293,211644
11759,293,211662
11760,293,211680
11761,293,211698
11762,294,211716
11763,294,211734
11764,294,211752
11765,294,211770
11766,294,211788
11767,294,211806
11768,294,211824
11769,294,211842
11770,294,211860
11771,294,211878
11772,294,211896
11773,294,211914
11774,294,211932
11775,294,211950
11776,294,211968
11777,294,211986
11778,294,212004
11779,294,212022
11780,294,212040
11781,294,212058
11782,294,212076
11783,295,212094
11784,295,212112
11785,295,212130
11786,295,212148
11787,295,212166
11788,295,212184
11789,295,212202
11790,295,212220
11791,295,212238
11792,295,212256
11793,295,212274
11794,295,212292
11795,295,212310
11796,295,212328
11797,295,212346
11798,296,212364
11799,296,212382
11800,296,212400
11801,296,212418
11802,296,212436
11803,296,212454
11804,296,212472
11805,296,212490
11806,296,212508
11807,296,212526
11808,296,212544
11809,296,212562
11810,296,212580
11811,297,212598
11812,297,212616
11813,297,212634
11814,297,212652
11815,297,212670
11816,297,212688
11817,297,212706
11818,297,212724
11819,297,212742
11820,297,212760
11821,297,212778
11822,297,212796
11823,297,212814
11824,297,212832
11825,297,212850
11826,297,212868
11827,297,212886
11828,298,212904
11829,298,212922
11830,298,212940
11831,298,212958
11832,298,212976
11833,298,212994
11834,298,213012
11835,298,213030
11836,298,213048
11837,298,213066
11838,298,213084
11839,298,213102
11840,298,213120
11841,298,213138
11842,298,213156
11843,298,213174
11844,298,213192
11845,298,213210
11846,299,213228
11847,299,213246
11848,299,213264
11849,299,213282
11850,299,213300
11851,299,213318
11852,299,213336
11853,299,213354
11854,299,213372
11855,299,213390
11856,299,213408
11857,299,213426
11858,299,213444
11859,299,213462
11860,299,213480
11861,299,213498
11862,299,213516
11863,299,213534
11864,299,213552
11865,299,213570
11866,299,213588
11867,299,213606
11868,300,213624
11869,300,213642
11870,300,213660
11871,300,213678
11872,300,213696
11873,300,213714
11874,300,213732
11875,300,213750
11876,300,213768
11877,300,213786
11878,300,213804
11879,300,213822
11880,300,213840
11881,300,213858
11882,300,213876
11883,300,213894
11884,300,213912
11885,300,213930
11886,300,213948
11887,300,213966
11888,300,213984
11889,300,214002
11890,300,214020
11891,301,214038
11892,301,214056
11893,301,214074
11894,301,214092
11895,301,214110
11896,301,214128
11897,301,214146
11898,301,214164
11899,301,214182
11900,301,214200
11901,302,214218
11902,302,214236
11903,302,214254
11904,302,214272
11905,302,214290
11906,302,214308
11907,302,214326
11908,302,214344
11909,302,214362
11910,302,214380
11911,302,214398
11912,302,214416
11913,302,214434
11914,303,214452
11915,303,214470
11916,303,214488
11917,303,214506
11918,303,214524
11919,303,214542
11920,303,214560
11921,303,214578
11922,303,214596
11923,303,214614
11924,303,214632
11925,303,214650
11926,303,214668
11927,303,214686
11928,303,214704
11929,303,214722
11930,304,214740
11931,304,214758
11932,304,214776
11933,304,214794
11934,304,214812
11935,304,214830
11936,304,214848
11937,304,214866
11938,304,214884
11939,304,214902
11940,304,214920
11941,304,214938
11942,304,214956
11943,304,214974
11944,304,214992
11945,304,215010
11946,305,215028
11947,305,215046
11948,305,215064
11949,305,215082
11950,305,215100
11951,305,215118
11952,305,215136
11953,305,215154
11954,305,215172
11955,305,215190
11956,305,215208
11957,305,215226
11958,305,215244
11959,305,215262
11960,305,215280
11961,305,215298
11962,305,215316
11963,305,215334
11964,305,215352
11965,305,215370
11966,305,215388
11967,305,215406
11968,305,215424
11969,305,215442
11970,306,215460
11971,306,215478
11972,306,215496
11973,306,215514
11974,306,215532
11975,306,215550
11976,306,215568
11977,306,215586
11978,306,215604
11979,306,215622
11980,306,215640
11981,306,215658
11982,306,215676
11983,306,215694
11984,306,215712
11985,306,215730
11986,306,215748
11987,306,215766
11988,306,215784
11989,306,215802
11990,306,215820
11991,306,215838
11992,306,215856
11993,307,215874
11994,307,215892
11995,307,215910
11996,307,215928
11997,307,215946
11998,307,215964
11999,307,215982
12000,307,216000
12001,307,216018
12002,307,216036
12003,307,216054
12004,307,216072
12005,307,216090
12006,307,216108
12007,307,216126
12008,307,216144
12009,307,216162
12010,307,216180
12011,307,216198
12012,307,216216
12013,308,216234
12014,308,216252
12015,308,216270
12016,308,216288
12017,308,216306
12018,308,216324
12019,308,216342
12020,308,216360
12021,308,216378
12022,308,216396
12023,308,216414
12024,308,216432
12025,308,216450
12026,308,216468
12027,308,216486
12028,308,216504
12029,308,216522
12030,308,216540
12031,308,216558
12032,308,216576
12033,308,216594
12034,308,216612
12035,309,216630
12036,309,216648
12037,309,216666
12038,309,216684
12039,309,216702
12040,309,216720
12041,309,216738
12042,309,216756
12043,309,216774
12044,309,216792
12045,309,216810
12046,309,216828
12047,309,216846
12048,309,216864
12049,309,216882
12050,309,216900
12051,309,216918
12052,310,216936
12053,310,216954
12054,310,216972
12055,310,216990
12056,310,217008
12057,310,217026
12058,310,217044
12059,310,217062
12060,310,217080
12061,310,217098
12062,310,217116
12063,310,217134
12064,310,217152
12065,310,217170
12066,310,217188
12067,310,217206
12068,310,217224
12069,310,217242
12070,310,217260
12071,310,217278
12072,310,217296
12073,311,217314
12074,311,217332
12075,311,217350
12076,311,217368
12077,311,217386
12078,311,217404
12079,311,217422
12080,311,217440
12081,311,217458
12082,311,217476
12083,311,217494
12084,312,217512
12085,312,217530
12086,312,217548
12087,312,217566
12088,312,217584
12089,312,217602
12090,312,217620
12091,312,217638
12092,312,217656
12093,312,217674
12094,312,217692
12095,312,217710
12096,312,217728
12097,312,217746
12098,312,217764
12099,312,217782
12100,312,217800
12101,312,217818
12102,312,217836
12103,312,217854
12104,312,217872
12105,312,217890
12106,313,217908
12107,313,217926
12108,313,217944
12109,313,217962
12110,313,217980
12111,313,217998
12112,313,218016
12113,313,218034
12114,313,218052
12115,313,218070
12116,313,218088
12117,313,218106
12118,313,218124
12119,313,218142
12120,313,218160
12121,313,218178
12122,313,218196
12123,313,218214
12124,313,218232
12125,313,218250
12126,313,218268
12127,313,218286
12128,314,218304
12129,314,218322
12130,314,218340
12131,314,218358
12132,314,218376
12133,314,218394
12134,314,218412
12135,314,218430
12136,314,218448
12137,314,218466
12138,314,218484
12139,314,218502
12140,314,218520
12141,314,218538
12142,314,218556
12143,314,218574
12144,315,218592
12145,315,218610
12146,315,218628
12147,315,218646
12148,315,218664
12149,315,218682
12150,315,218700
12151,315,218718
12152,315,218736
12153,315,218754
12154,315,218772
12155,315,218790
12156,315,218808
12157,315,218826
12158,316,218844
12159,316,218862
12160,316,218880
12161,316,218898
12162,316,218916
12163,316,218934
12164,316,218952
12165,316,218970
12166,316,218988
12167,316,219006
12168,316,219024
12169,316,219042
12170,316,219060
12171,316,219078
12172,316,219096
12173,316,219114
12174,316,219132
12175,316,219150
12176,317,219168
12177,317,219186
12178,317,219204
12179,317,219222
12180,317,219240
12181,317,219258
12182,317,219276
12183,317,219294
12184,317,219312
12185,317,219330
12186,317,219348
12187,317,219366
12188,317,219384
12189,317,219402
12190,317,219420
12191,318,219438
12192,318,219456
12193,318,219474
12194,318,219492
12195,318,219510
12196,318,219528
12197,318,219546
12198,318,219564
12199,318,219582
12200,318,219600
12201,318,219618
12202,318,219636
12203,318,219654
12204,318,219672
12205,318,219690
12206,318,219708
12207,318,219726
12208,318,219744
12209,318,219762
12210,318,219780
12211,318,219798
12212,318,219816
12213,319,219834
12214,319,219852
12215,319,219870
12216,319,219888
12217,319,219906
12218,319,219924
12219,319,219942
12220,319,219960
12221,319,219978
12222,319,219996
12223,319,220014
12224,320,220032
12225,320,220050
12226,320,220068
12227,320,220086
12228,320,220104
12229,320,220122
12230,320,220140
12231,320,220158
12232,320,220176
12233,320,220194
12234,320,220212
12235,320,220230
12236,320,220248
12237,320,220266
12238,320,220284
12239,320,220302
12240,321,220320
12241,321,220338
12242,321,220356
12243,321,220374
12244,321,220392
12245,321,220410
12246,321,220428
12247,321,220446
12248,321,220464
12249,321,220482
12250,321,220500
12251,321,220518
12252,321,220536
12253,321,220554
12254,321,220572
12255,321,220590
12256,321,220608
12257,321,220626
12258,321,220644
12259,321,220662
12260,321,220680
12261,321,220698
12262,321,220716
12263,321,220734
12264,322,220752
12265,322,220770
12266,322,220788
12267,322,220806
12268,322,220824
12269,322,220842
12270,322,220860
12271,322,220878
12272,322,220896
12273,322,220914
12274,322,220932
12275,322,220950
12276,322,220968
12277,322,220986
12278,322,221004
12279,323,221022
12280,323,221040
12281,323,221058
12282,323,221076
12283,323,221094
12284,323,221112
12285,323,221130
12286,323,221148
12287,323,221166
12288,323,221184
12289,323,221202
12290,324,221220
12291,324,221238
12292,324,221256
12293,324,221274
12294,324,221292
12295,324,221310
12296,324,221328
12297,324,221346
12298,324,221364
12299,324,221382
12300,324,221400
12301,324,221418
12302,324,221436
12303,324,221454
12304,324,221472
12305,324,221490
12306,324,221508
12307,324,221526
12308,325,221544
12309,325,221562
12310,325,221580
12311,325,221598
12312,325,221616
12313,325,221634
12314,325,221652
12315,325,221670
12316,325,221688
12317,325,221706
12318,325,221724
12319,325,221742
12320,325,221760
12321,325,221778
12322,325,221796
12323,325,221814
12324,325,221832
12325,326,221850
12326,326,221868
12327,326,221886
12328,326,221904
12329,326,221922
12330,326,221940
12331,326,221958
12332,326,221976
12333,326,221994
12334,326,222012
12335,326,222030
12336,326,222048
12337,326,222066
12338,326,222084
12339,326,222102
12340,326,222120
12341,326,222138
12342,327,222156
12343,327,222174
12344,327,222192
12345,327,222210
12346,327,222228
12347,327,222246
12348,327,222264
12349,327,222282
12350,327,222300
12351,327,222318
12352,327,222336
12353,327,222354
12354,327,222372
12355,327,222390
12356,328,222408
12357,328,222426
12358,328,222444
12359,328,222462
12360,328,222480
12361,328,222498
12362,328,222516
12363,328,222534
12364,328,222552
12365,329,222570
12366,329,222588
12367,329,222606
12368,329,222624
12369,329,222642
12370,329,222660
12371,329,222678
12372,329,222696
12373,329,222714
12374,329,222732
12375,329,222750
12376,329,222768
12377,329,222786
12378,329,222804
12379,329,222822
12380,329,222840
12381,329,222858
12382,330,222876
12383,330,222894
12384,330,222912
12385,330,222930
12386,330,222948
12387,330,222966
12388,330,222984
12389,330,223002
12390,330,223020
12391,330,223038
12392,330,223056
12393,330,223074
12394,330,223092
12395,330,223110
12396,331,223128
12397,331,223146
12398,331,223164
12399,331,223182
12400,331,223200
12401,331,223218
12402,331,223236
12403,331,223254
12404,331,223272
12405,332,223290
12406,332,223308
12407,332,223326
12408,332,223344
12409,332,223362
12410,332,223380
12411,332,223398
12412,332,223416
12413,332,223434
12414,333,223452
12415,333,223470
12416,333,223488
12417,333,223506
12418,333,223524
12419,333,223542
12420,333,223560
12421,333,223578
12422,333,223596
12423,333,223614
12424,333,223632
12425,333,223650
12426,333,223668
12427,334,223686
12428,334,223704
12429,334,223722
12430,334,223740
12431,334,223758
12432,334,223776
12433,334,223794
12434,334,223812
12435,334,223830
12436,334,223848
12437,334,223866
12438,334,223884
12439,334,223902
12440,334,223920
12441,334,223938
12442,334,223956
12443,334,223974
12444,334,223992
12445,334,224010
12446,334,224028
12447,334,224046
12448,335,224064
12449,335,224082
12450,335,224100
12451,335,224118
12452,335,224136
12453,335,224154
12454,335,224172
12455,335,224190
12456,335,224208
12457,335,224226
12458,335,224244
12459,335,224262
12460,335,224280
12461,335,224298
12462,335,224316
12463,335,224334
12464,336,224352
12465,336,224370
12466,336,224388
12467,336,224406
12468,336,224424
12469,336,224442
12470,336,224460
12471,336,224478
12472,336,224496
12473,336,224514
12474,337,224532
12475,337,224550
12476,337,224568
12477,337,224586
12478,337,224604
12479,337,224622
12480,337,224640
12481,337,224658
12482,337,224676
12483,337,224694
12484,337,224712
12485,337,224730
12486,337,224748
12487,337,224766
12488,337,224784
12489,337,224802
12490,337,224820
12491,337,224838
12492,337,224856
12493,337,224874
12494,337,224892
12495,337,224910
12496,337,224928
12497,337,224946
12498,337,224964
12499,338,224982
12500,338,225000
12501,338,225018
12502,338,225036
12503,338,225054
12504,338,225072
12505,338,225090
12506,338,225108
12507,338,225126
12508,338,225144
12509,339,225162
12510,339,225180
12511,339,225198
12512,339,225216
12513,339,225234
12514,339,225252
12515,339,225270
12516,339,225288
12517,339,225306
12518,339,225324
12519,339,225342
12520,339,225360
12521,340,225378
12522,340,225396
12523,340,225414
12524,340,225432
12525,340,225450
12526,340,225468
12527,340,225486
12528,340,225504
12529,340,225522
12530,340,225540
12531,340,225558
12532,340,225576
12533,340,225594
12534,340,225612
12535,340,225630
12536,340,225648
12537,340,225666
12538,340,225684
12539,340,225702
12540,340,225720
12541,340,225738
12542,340,225756
12543,341,225774
12544,341,225792
12545,341,225810
12546,341,225828
12547,341,225846
12548,341,225864
12549,341,225882
12550,341,225900
12551,341,225918
12552,341,225936
12553,341,225954
12554,341,225972
12555,341,225990
12556,341,226008
12557,341,226026
12558,341,226044
12559,341,226062
12560,342,226080
12561,342,226098
12562,342,226116
12563,342,226134
12564,342,226152
12565,342,226170
12566,342,226188
12567,342,226206
12568,342,226224
12569,342,226242
12570,342,226260
12571,342,226278
12572,342,226296
12573,342,226314
12574,342,226332
12575,342,226350
12576,342,226368
12577,342,226386
12578,342,226404
12579,343,226422
12580,343,226440
12581,343,226458
12582,343,226476
12583,343,226494
12584,343,226512
12585,343,226530
12586,343,226548
12587,343,226566
12588,343,226584
12589,343,226602
12590,343,226620
12591,343,226638
12592,344,226656
12593,344,226674
12594,344,226692
12595,344,226710
12596,344,226728
12597,344,226746
12598,344,226764
12599,344,226782
12600,344,226800
12601,344,226818
12602,344,226836
12603,344,226854
12604,345,226872
12605,345,226890
12606,345,226908
12607,345,226926
12608,345,226944
12609,345,226962
12610,345,226980
12611,345,226998
12612,345,227016
12613,345,227034
12614,345,227052
12615,345,227070
12616,345,227088
12617,346,227106
12618,346,227124
12619,346,227142
12620,346,227160
12621,346,227178
12622,346,227196
12623,346,227214
12624,346,227232
12625,347,227250
12626,347,227268
12627,347,227286
12628,347,227304
12629,347,227322
12630,347,227340
12631,347,227358
12632,347,227376
12633,347,227394
12634,347,227412
12635,347,227430
12636,347,227448
12637,347,227466
12638,347,227484
12639,347,227502
12640,347,227520
12641,347,227538
12642,347,227556
12643,348,227574
12644,348,227592
12645,348,227610
12646,348,227628
12647,348,227646
12648,348,227664
12649,348,227682
12650,348,227700
12651,348,227718
12652,348,227736
12653,348,227754
12654,348,227772
12655,348,227790
12656,348,227808
12657,348,227826
12658,349,227844
12659,349,227862
12660,349,227880
12661,349,227898
12662,349,227916
12663,349,227934
12664,349,227952
12665,349,227970
12666,349,227988
12667,349,228006
12668,349,228024
12669,349,228042
12670,349,228060
12671,349,228078
12672,349,228096
12673,349,228114
12674,349,228132
12675,350,228150
12676,350,228168
12677,350,228186
12678,350,228204
12679,350,228222
12680,350,228240
12681,350,228258
12682,350,228276
12683,350,228294
12684,350,228312
12685,350,228330
12686,350,228348
12687,350,228366
12688,350,228384
12689,350,228402
12690,350,228420
12691,350,228438
12692,350,228456
12693,350,228474
12694,351,228492
12695,351,228510
12696,351,228528
12697,351,228546
12698,351,228564
12699,351,228582
12700,351,228600
12701,351,228618
12702,351,228636
12703,352,228654
12704,352,228672
12705,352,228690
12706,352,228708
12707,352,228726
12708,352,228744
12709,352,228762
12710,352,228780
12711,352,228798
12712,352,228816
12713,352,228834
12714,352,228852
12715,352,228870
12716,352,228888
12717,352,228906
12718,353,228924
12719,353,228942
12720,353,228960
12721,353,228978
12722,353,228996
12723,353,229014
12724,353,229032
12725,353,229050
12726,354,229068
12727,354,229086
12728,354,229104
12729,354,229122
12730,354,229140
12731,354,229158
12732,354,229176
12733,354,229194
12734,354,229212
12735,354,229230
12736,355,229248
12737,355,229266
12738,355,229284
12739,355,229302
12740,355,229320
12741,355,229338
12742,355,229356
12743,355,229374
12744,355,229392
12745,355,229410
12746,355,229428
12747,356,229446
12748,356,229464
12749,356,229482
12750,356,229500
12751,356,229518
12752,356,229536
12753,356,229554
12754,356,229572
12755,356,229590
12756,356,229608
12757,356,229626
12758,356,229644
12759,356,229662
12760,356,229680
12761,356,229698
12762,357,229716
12763,357,229734
12764,357,229752
12765,357,229770
12766,357,229788
12767,357,229806
12768,357,229824
12769,357,229842
12770,357,229860
12771,357,229878
12772,357,229896
12773,357,229914
12774,357,229932
12775,357,229950
12776,357,229968
12777,357,229986
12778,358,230004
12779,358,230022
12780,358,230040
12781,358,230058
12782,358,230076
12783,358,230094
12784,358,230112
12785,358,230130
12786,358,230148
12787,358,230166
12788,359,230184
12789,359,230202
12790,359,230220
12791,359,230238
12792,359,230256
12793,359,230274
12794,359,230292
12795,359,230310
12796,359,230328
12797,359,230346
12798,359,230364
12799,359,230382
12800,359,230400
12801,359,230418
12802,359,230436
12803,359,230454
12804,359,230472
12805,359,230490
12806,359,230508
12807,360,230526
12808,360,230544
12809,360,230562
12810,360,230580
12811,360,230598
12812,360,230616
12813,360,230634
12814,360,230652
12815,360,230670
12816,360,230688
12817,360,230706
12818,361,230724
12819,361,230742
12820,361,230760
12821,361,230778
12822,361,230796
12823,361,230814
12824,361,230832
12825,361,230850
12826,361,230868
12827,361,230886
12828,361,230904
12829,361,230922
12830,361,230940
12831,361,230958
12832,361,230976
12833,361,230994
12834,361,231012
12835,361,231030
12836,361,231048
12837,361,231066
12838,362,231084
12839,362,231102
12840,362,231120
12841,362,231138
12842,362,231156
12843,362,231174
12844,362,231192
12845,362,231210
12846,362,231228
12847,363,231246
12848,363,231264
12849,363,231282
12850,363,231300
12851,363,231318
12852,363,231336
12853,363,231354
12854,363,231372
12855,363,231390
12856,364,231408
12857,364,231426
12858,364,231444
12859,364,231462
12860,364,231480
12861,364,231498
12862,364,231516
12863,364,231534
12864,364,231552
12865,364,231570
12866,364,231588
12867,364,231606
12868,364,231624
12869,364,231642
12870,365,231660
12871,365,231678
12872,365,231696
12873,365,231714
12874,365,231732
12875,365,231750
12876,365,231768
12877,365,231786
12878,365,231804
12879,365,231822
12880,365,231840
12881,365,231858
12882,365,231876
12883,365,231894
12884,365,231912
12885,365,231930
12886,365,231948
12887,365,231966
12888,366,231984
12889,366,232002
12890,366,232020
12891,366,232038
12892,366,232056
12893,366,232074
12894,366,232092
12895,366,232110
12896,366,232128
12897,366,232146
12898,367,232164
12899,367,232182
12900,367,232200
12901,367,232218
12902,367,232236
12903,367,232254
12904,367,232272
12905,367,232290
12906,367,232308
12907,367,232326
12908,367,232344
12909,367,232362
12910,368,232380
12911,368,232398
12912,368,232416
12913,368,232434
12914,368,232452
12915,368,232470
12916,368,232488
12917,368,232506
12918,368,232524
12919,368,232542
12920,368,232560
12921,368,232578
12922,368,232596
12923,368,232614
12924,369,232632
12925,369,232650
12926,369,232668
12927,369,232686
12928,369,232704
12929,369,232722
12930,369,232740
12931,369,232758
12932,369,232776
12933,369,232794
12934,370,232812
12935,370,232830
12936,370,232848
12937,370,232866
12938,370,232884
12939,370,232902
12940,370,232920
12941,370,232938
12942,370,232956
12943,370,232974
12944,370,232992
12945,370,233010
12946,371,233028
12947,371,233046
12948,371,233064
12949,371,233082
12950,371,233100
12951,371,233118
12952,371,233136
12953,371,233154
12954,371,233172
12955,371,233190
12956,371,233208
12957,372,233226
12958,372,233244
12959,372,233262
12960,372,233280
12961,372,233298
12962,372,233316
12963,372,233334
12964,372,233352
12965,372,233370
12966,373,233388
12967,373,233406
12968,373,233424
12969,373,233442
12970,373,233460
12971,373,233478
12972,373,233496
12973,373,233514
12974,373,233532
12975,373,233550
12976,373,233568
12977,373,233586
12978,373,233604
12979,373,233622
12980,373,233640
12981,373,233658
12982,373,233676
12983,373,233694
12984,374,233712
12985,374,233730
12986,374,233748
12987,374,233766
12988,374,233784
12989,374,233802
12990,374,233820
12991,374,233838
12992,374,233856
12993,374,233874
12994,375,233892
12995,375,233910
12996,375,233928
12997,375,233946
12998,375,233964
12999,375,233982
13000,375,234000
13001,375,234018
13002,375,234036
13003,375,234054
13004,375,234072
13005,376,234090
13006,376,234108
13007,376,234126
13008,376,234144
13009,376,234162
13010,376,234180
13011,376,234198
13012,376,234216
13013,376,234234
13014,377,234252
13015,377,234270
13016,377,234288
13017,377,234306
13018,377,234324
13019,377,234342
13020,377,234360
13021,377,234378
13022,377,234396
13023,377,234414
13024,377,234432
13025,377,234450
13026,377,234468
13027,377,234486
13028,377,234504
13029,377,234522
13030,378,234540
13031,378,234558
13032,378,234576
13033,378,234594
13034,378,234612
13035,378,234630
13036,378,234648
13037,378,234666
13038,378,234684
13039,378,234702
13040,378,234720
13041,378,234738
13042,378,234756
13043,378,234774
13044,378,234792
13045,378,234810
13046,378,234828
13047,378,234846
13048,378,234864
13049,379,234882
13050,379,234900
13051,379,234918
13052,379,234936
13053,379,234954
13054,379,234972
13055,379,234990
13056,379,235008
13057,379,235026
13058,379,235044
13059,379,235062
13060,379,235080
13061,379,235098
13062,379,235116
13063,379,235134
13064,380,235152
13065,380,235170
13066,380,235188
13067,380,235206
13068,380,235224
13069,380,235242
13070,380,235260
13071,380,235278
13072,380,235296
13073,380,235314
13074,380,235332
13075,380,235350
13076,381,235368
13077,381,235386
13078,381,235404
13079,381,235422
13080,381,235440
13081,381,235458
13082,381,235476
13083,382,235494
13084,382,235512
13085,382,235530
13086,382,235548
13087,382,235566
13088,382,235584
13089,382,235602
13090,382,235620
13091,383,235638
13092,383,235656
13093,383,235674
13094,383,235692
13095,383,235710
13096,383,235728
13097,383,235746
13098,384,235764
13099,384,235782
13100,384,235800
13101,384,235818
13102,384,235836
13103,384,235854
13104,384,235872
13105,384,235890
13106,384,235908
13107,384,235926
13108,384,235944
13109,384,235962
13110,384,235980
13111,384,235998
13112,384,236016
13113,384,236034
13114,385,236052
13115,385,236070
13116,385,236088
13117,385,236106
13118,385,236124
13119,385,236142
13120,385,236160
13121,385,236178
13122,385,236196
13123,386,236214
13124,386,236232
13125,386,236250
13126,386,236268
13127,386,236286
13128,386,236304
13129,386,236322
13130,386,236340
13131,387,236358
13132,387,236376
13133,387,236394
13134,387,236412
13135,387,236430
13136,387,236448
13137,387,236466
13138,387,236484
13139,388,236502
13140,388,236520
13141,388,236538
13142,388,236556
13143,388,236574
13144,388,236592
13145,388,236610
13146,388,236628
13147,389,236646
13148,389,236664
13149,389,236682
13150,389,236700
13151,389,236718
13152,389,236736
13153,389,236754
13154,389,236772
13155,389,236790
13156,389,236808
13157,389,236826
13158,390,236844
13159,390,236862
13160,390,236880
13161,390,236898
13162,390,236916
13163,390,236934
13164,390,236952
13165,390,236970
13166,390,236988
13167,390,237006
13168,390,237024
13169,390,237042
13170,390,237060
13171,391,237078
13172,391,237096
13173,391,237114
13174,391,237132
13175,391,237150
13176,391,237168
13177,391,237186
13178,391,237204
13179,392,237222
13180,392,237240
13181,392,237258
13182,392,237276
13183,392,237294
13184,392,237312
13185,392,237330
13186,392,237348
13187,392,237366
13188,392,237384
13189,392,237402
13190,392,237420
13191,392,237438
13192,392,237456
13193,393,237474
13194,393,237492
13195,393,237510
13196,393,237528
13197,393,237546
13198,393,237564
13199,393,237582
13200,393,237600
13201,393,237618
13202,393,237636
13203,393,237654
13204,393,237672
13205,394,237690
13206,394,237708
13207,394,237726
13208,394,237744
13209,394,237762
13210,394,237780
13211,394,237798
13212,394,237816
13213,394,237834
13214,394,237852
13215,394,237870
13216,394,237888
13217,394,237906
13218,395,237924
13219,395,237942
13220,395,237960
13221,395,237978
13222,395,237996
13223,395,238014
13224,395,238032
13225,395,238050
13226,396,238068
13227,396,238086
13228,396,238104
13229,396,238122
13230,396,238140
13231,396,238158
13232,396,238176
13233,397,238194
13234,397,238212
13235,397,238230
13236,397,238248
13237,397,238266
13238,397,238284
13239,397,238302
13240,397,238320
13241,397,238338
13242,397,238356
13243,398,238374
13244,398,238392
13245,399,238410
13246,399,238428
13247,399,238446
13248,399,238464
13249,399,238482
13250,399,238500
13251,399,238518
13252,399,238536
13253,399,238554
13254,399,238572
13255,399,238590
13256,399,238608
13257,399,238626
13258,399,238644
13259,400,238662
13260,400,238680
13261,400,238698
13262,400,238716
13263,400,238734
13264,400,238752
13265,400,238770
13266,400,238788
13267,400,238806
13268,400,238824
13269,400,238842
13270,400,238860
13271,400,238878
13272,400,238896
13273,401,238914
13274,401,238932
13275,401,238950
13276,401,238968
13277,401,238986
13278,401,239004
13279,401,239022
13280,401,239040
13281,401,239058
13282,401,239076
13283,401,239094
13284,402,239112
13285,402,239130
13286,402,239148
13287,402,239166
13288,402,239184
13289,402,239202
13290,402,239220
13291,402,239238
13292,402,239256
13293,402,239274
13294,402,239292
13295,402,239310
13296,402,239328
13297,403,239346
13298,403,239364
13299,403,239382
13300,403,239400
13301,403,239418
13302,403,239436
13303,403,239454
13304,403,239472
13305,403,239490
13306,403,239508
13307,403,239526
13308,403,239544
13309,403,239562
13310,403,239580
13311,403,239598
13312,403,239616
13313,404,239634
13314,404,239652
13315,404,239670
13316,404,239688
13317,404,239706
13318,404,239724
13319,404,239742
13320,404,239760
13321,404,239778
13322,404,239796
13323,405,239814
13324,405,239832
13325,405,239850
13326,405,239868
13327,405,239886
13328,405,239904
13329,405,239922
13330,405,239940
13331,406,239958
13332,406,239976
13333,406,239994
13334,406,240012
13335,406,240030
13336,406,240048
13337,406,240066
13338,406,240084
13339,406,240102
13340,406,240120
13341,406,240138
13342,407,240156
13343,407,240174
13344,407,240192
13345,407,240210
13346,407,240228
13347,407,240246
13348,407,240264
13349,407,240282
13350,407,240300
13351,407,240318
13352,408,240336
13353,408,240354
13354,408,240372
13355,408,240390
13356,408,240408
13357,408,240426
13358,408,240444
13359,408,240462
13360,408,240480
13361,408,240498
13362,408,240516
13363,408,240534
13364,408,240552
13365,409,240570
13366,409,240588
13367,409,240606
13368,409,240624
13369,409,240642
13370,409,240660
13371,409,240678
13372,409,240696
13373,409,240714
13374,409,240732
13375,409,240750
13376,410,240768
13377,410,240786
13378,410,240804
13379,410,240822
13380,410,240840
13381,410,240858
13382,410,240876
13383,410,240894
13384,410,240912
13385,410,240930
13386,410,240948
13387,411,240966
13388,411,240984
13389,411,241002
13390,411,241020
13391,411,241038
13392,411,241056
13393,411,241074
13394,411,241092
13395,411,241110
13396,411,241128
13397,411,241146
13398,412,241164
13399,412,241182
13400,412,241200
13401,412,241218
13402,412,241236
13403,412,241254
13404,412,241272
13405,412,241290
13406,413,241308
13407,413,241326
13408,413,241344
13409,413,241362
13410,413,241380
13411,413,241398
13412,413,241416
13413,413,241434
13414,413,241452
13415,413,241470
13416,413,241488
13417,413,241506
13418,413,241524
13419,413,241542
13420,413,241560
13421,413,241578
13422,413,241596
13423,413,241614
13424,413,241632
13425,413,241650
13426,413,241668
13427,413,241686
13428,413,241704
13429,413,241722
13430,413,241740
13431,413,241758
13432,414,241776
13433,414,241794
13434,414,241812
13435,414,241830
13436,414,241848
13437,414,241866
13438,414,241884
13439,414,241902
13440,414,241920
13441,414,241938
13442,414,241956
13443,415,241974
13444,415,241992
13445,415,242010
13446,415,242028
13447,415,242046
13448,415,242064
13449,415,242082
13450,415,242100
13451,416,242118
13452,416,242136
13453,416,242154
13454,416,242172
13455,416,242190
13456,416,242208
13457,416,242226
13458,416,242244
13459,416,242262
13460,417,242280
13461,417,242298
13462,417,242316
13463,417,242334
13464,417,242352
13465,417,242370
13466,417,242388
13467,417,242406
13468,417,242424
13469,417,242442
13470,417,242460
13471,417,242478
13472,417,242496
13473,418,242514
13474,418,242532
13475,418,242550
13476,418,242568
13477,418,242586
13478,418,242604
13479,418,242622
13480,418,242640
13481,419,242658
13482,419,242676
13483,419,242694
13484,419,242712
13485,419,242730
13486,419,242748
13487,419,242766
13488,419,242784
13489,419,242802
13490,419,242820
13491,419,242838
13492,419,242856
13493,419,242874
13494,420,242892
13495,420,242910
13496,420,242928
13497,420,242946
13498,420,242964
13499,420,242982
13500,420,243000
13501,420,243018
13502,420,243036
13503,421,243054
13504,421,243072
13505,421,243090
13506,421,243108
13507,421,243126
13508,421,243144
13509,422,243162
13510,422,243180
13511,422,243198
13512,422,243216
13513,422,243234
13514,422,243252
13515,422,243270
13516,423,243288
13517,423,243306
13518,423,243324
13519,423,243342
13520,423,243360
13521,423,243378
13522,423,243396
13523,424,243414
13524,424,243432
13525,424,243450
13526,424,243468
13527,424,243486
13528,424,243504
13529,424,243522
13530,424,243540
13531,424,243558
13532,424,243576
13533,424,243594
13534,425,243612
13535,425,243630
13536,425,243648
13537,425,243666
13538,425,243684
13539,425,243702
13540,426,243720
13541,426,243738
13542,426,243756
13543,426,243774
13544,426,243792
13545,426,243810
13546,426,243828
13547,426,243846
13548,426,243864
13549,426,243882
13550,427,243900
13551,427,243918
13552,427,243936
13553,427,243954
13554,427,243972
13555,427,243990
13556,427,244008
13557,427,244026
13558,427,244044
13559,427,244062
13560,427,244080
13561,427,244098
13562,428,244116
13563,428,244134
13564,428,244152
13565,428,244170
13566,428,244188
13567,428,244206
13568,428,244224
13569,429,244242
13570,429,244260
13571,429,244278
13572,429,244296
13573,429,244314
13574,429,244332
13575,429,244350
13576,429,244368
13577,429,244386
13578,429,244404
13579,430,244422
13580,430,244440
13581,430,244458
13582,430,244476
13583,430,244494
13584,430,244512
13585,430,244530
13586,430,244548
13587,430,244566
13588,430,244584
13589,430,244602
13590,430,244620
13591,430,244638
13592,430,244656
13593,430,244674
13594,430,244692
13595,431,244710
13596,431,244728
13597,431,244746
13598,431,244764
13599,431,244782
13600,431,244800
13601,431,244818
13602,431,244836
13603,431,244854
13604,431,244872
13605,431,244890
13606,432,244908
13607,432,244926
13608,432,244944
13609,432,244962
13610,432,244980
13611,432,244998
13612,432,245016
13613,432,245034
13614,432,245052
13615,432,245070
13616,432,245088
13617,432,245106
13618,432,245124
13619,432,245142
13620,433,245160
13621,433,245178
13622,433,245196
13623,433,245214
13624,433,245232
13625,433,245250
13626,433,245268
13627,434,245286
13628,434,245304
13629,434,245322
13630,434,245340
13631,434,245358
13632,434,245376
13633,434,245394
13634,435,245412
13635,435,245430
13636,435,245448
13637,435,245466
13638,435,245484
13639,436,245502
13640,436,245520
13641,436,245538
13642,436,245556
13643,436,245574
13644,436,245592
13645,436,245610
13646,436,245628
13647,436,245646
13648,436,245664
13649,437,245682
13650,437,245700
13651,437,245718
13652,437,245736
13653,437,245754
13654,437,245772
13655,437,245790
13656,437,245808
13657,437,245826
13658,438,245844
13659,438,245862
13660,438,245880
13661,438,245898
13662,438,245916
13663,439,245934
13664,439,245952
13665,439,245970
13666,439,245988
13667,439,246006
13668,439,246024
13669,439,246042
13670,439,246060
13671,440,246078
13672,440,246096
13673,440,246114
13674,440,246132
13675,440,246150
13676,440,246168
13677,441,246186
13678,441,246204
13679,441,246222
13680,441,246240
13681,441,246258
13682,441,246276
13683,442,246294
13684,442,246312
13685,442,246330
13686,442,246348
13687,442,246366
13688,442,246384
13689,442,246402
13690,442,246420
13691,442,246438
13692,443,246456
13693,443,246474
13694,443,246492
13695,443,246510
13696,444,246528
13697,444,246546
13698,444,246564
13699,444,246582
13700,444,246600
13701,444,246618
13702,444,246636
13703,444,246654
13704,444,246672
13705,444,246690
13706,444,246708
13707,444,246726
13708,445,246744
13709,445,246762
13710,445,246780
13711,445,246798
13712,445,246816
13713,445,246834
13714,445,246852
13715,445,246870
13716,445,246888
13717,446,246906
13718,446,246924
13719,446,246942
13720,446,246960
13721,446,246978
13722,446,246996
13723,446,247014
13724,446,247032
13725,447,247050
13726,447,247068
13727,447,247086
13728,447,247104
13729,447,247122
13730,447,247140
13731,447,247158
13732,447,247176
13733,447,247194
13734,447,247212
13735,447,247230
13736,447,247248
13737,448,247266
13738,448,247284
13739,448,247302
13740,448,247320
13741,448,247338
13742,448,247356
13743,448,247374
13744,448,247392
13745,448,247410
13746,448,247428
13747,449,247446
13748,449,247464
13749,449,247482
13750,449,247500
13751,449,247518
13752,449,247536
13753,449,247554
13754,449,247572
13755,449,247590
13756,449,247608
13757,449,247626
13758,449,247644
13759,450,247662
13760,450,247680
13761,450,247698
13762,450,247716
13763,450,247734
13764,450,247752
13765,450,247770
13766,450,247788
13767,451,247806
13768,451,247824
13769,451,247842
13770,451,247860
13771,451,247878
13772,451,247896
13773,451,247914
13774,451,247932
13775,451,247950
13776,451,247968
13777,451,247986
13778,451,248004
13779,451,248022
13780,452,248040
13781,452,248058
13782,452,248076
13783,452,248094
13784,452,248112
13785,452,248130
13786,452,248148
13787,452,248166
13788,452,248184
13789,452,248202
13790,453,248220
13791,453,248238
13792,453,248256
13793,453,248274
13794,453,248292
13795,453,248310
13796,454,248328
13797,454,248346
13798,454,248364
13799,454,248382
13800,454,248400
13801,454,248418
13802,455,248436
13803,455,248454
13804,455,248472
13805,455,248490
13806,455,248508
13807,455,248526
13808,455,248544
13809,455,248562
13810,455,248580
13811,456,248598
13812,456,248616
13813,456,248634
13814,456,248652
13815,456,248670
13816,456,248688
13817,456,248706
13818,456,248724
13819,456,248742
13820,456,248760
13821,456,248778
13822,456,248796
13823,456,248814
13824,456,248832
13825,456,248850
13826,457,248868
13827,457,248886
13828,457,248904
13829,457,248922
13830,457,248940
13831,458,248958
13832,458,248976
13833,459,248994
13834,459,249012
13835,459,249030
13836,459,249048
13837,459,249066
13838,459,249084
13839,459,249102
13840,459,249120
13841,460,249138
13842,460,249156
13843,460,249174
13844,460,249192
13845,460,249210
13846,460,249228
13847,461,249246
13848,461,249264
13849,461,249282
13850,461,249300
13851,461,249318
13852,461,249336
13853,461,249354
13854,461,249372
13855,461,249390
13856,462,249408
13857,462,249426
13858,462,249444
13859,462,249462
13860,462,249480
13861,462,249498
13862,462,249516
13863,462,249534
13864,462,249552
13865,462,249570
13866,463,249588
13867,463,249606
13868,463,249624
13869,463,249642
13870,464,249660
13871,464,249678
13872,464,249696
13873,464,249714
13874,464,249732
13875,464,249750
13876,464,249768
13877,464,249786
13878,464,249804
13879,464,249822
13880,465,249840
13881,465,249858
13882,465,249876
13883,465,249894
13884,465,249912
13885,465,249930
13886,465,249948
13887,465,249966
13888,465,249984
13889,465,250002
13890,466,250020
13891,466,250038
13892,466,250056
13893,466,250074
13894,466,250092
13895,466,250110
13896,466,250128
13897,466,250146
13898,467,250164
13899,467,250182
13900,467,250200
13901,467,250218
13902,467,250236
13903,467,250254
13904,467,250272
13905,467,250290
13906,467,250308
13907,467,250326
13908,468,250344
13909,468,250362
13910,468,250380
13911,468,250398
13912,468,250416
13913,468,250434
13914,469,250452
13915,469,250470
13916,469,250488
13917,469,250506
13918,469,250524
13919,470,250542
13920,470,250560
13921,470,250578
13922,470,250596
13923,470,250614
13924,470,250632
13925,470,250650
13926,470,250668
13927,470,250686
13928,470,250704
13929,471,250722
13930,471,250740
13931,471,250758
13932,472,250776
13933,472,250794
13934,472,250812
13935,472,250830
13936,472,250848
13937,472,250866
13938,472,250884
13939,473,250902
13940,473,250920
13941,473,250938
13942,473,250956
13943,473,250974
13944,474,250992
13945,474,251010
13946,474,251028
13947,474,251046
13948,475,251064
13949,475,251082
13950,475,251100
13951,475,251118
13952,475,251136
13953,475,251154
13954,476,251172
13955,476,251190
13956,476,251208
13957,476,251226
13958,476,251244
13959,476,251262
13960,477,251280
13961,477,251298
13962,477,251316
13963,477,251334
13964,477,251352
13965,477,251370
13966,477,251388
13967,477,251406
13968,477,251424
13969,477,251442
13970,478,251460
13971,478,251478
13972,478,251496
13973,478,251514
13974,478,251532
13975,478,251550
13976,479,251568
13977,479,251586
13978,479,251604
13979,479,251622
13980,479,251640
13981,479,251658
13982,479,251676
13983,479,251694
13984,479,251712
13985,479,251730
13986,480,251748
13987,480,251766
13988,480,251784
13989,480,251802
13990,480,251820
13991,480,251838
13992,480,251856
13993,480,251874
13994,480,251892
13995,481,251910
13996,481,251928
13997,481,251946
13998,481,251964
13999,481,251982
14000,481,252000
14001,481,252018
14002,481,252036
14003,481,252054
14004,482,252072
14005,482,252090
14006,482,252108
14007,482,252126
14008,482,252144
14009,483,252162
14010,483,252180
14011,483,252198
14012,483,252216
14013,483,252234
14014,483,252252
14015,483,252270
14016,483,252288
14017,483,252306
14018,483,252324
14019,484,252342
14020,484,252360
14021,484,252378
14022,484,252396
14023,484,252414
14024,484,252432
14025,485,252450
14026,485,252468
14027,485,252486
14028,485,252504
14029,485,252522
14030,485,252540
14031,486,252558
14032,486,252576
14033,486,252594
14034,486,252612
14035,486,252630
14036,486,252648
14037,486,252666
14038,487,252684
14039,487,252702
14040,487,252720
14041,487,252738
14042,487,252756
14043,488,252774
14044,488,252792
14045,488,252810
14046,488,252828
14047,488,252846
14048,488,252864
14049,488,252882
14050,488,252900
14051,488,252918
14052,489,252936
14053,489,252954
14054,489,252972
14055,489,252990
14056,489,253008
14057,489,253026
14058,489,253044
14059,489,253062
14060,490,253080
14061,490,253098
14062,490,253116
14063,490,253134
14064,490,253152
14065,490,253170
14066,490,253188
14067,491,253206
14068,491,253224
14069,491,253242
14070,491,253260
14071,492,253278
14072,492,253296
14073,492,253314
14074,492,253332
14075,492,253350
14076,492,253368
14077,492,253386
14078,492,253404
14079,492,253422
14080,493,253440
14081,493,253458
14082,493,253476
14083,493,253494
14084,493,253512
14085,493,253530
14086,493,253548
14087,494,253566
14088,494,253584
14089,494,253602
14090,494,253620
14091,494,253638
14092,494,253656
14093,494,253674
14094,494,253692
14095,495,253710
14096,495,253728
14097,495,253746
14098,495,253764
14099,495,253782
14100,495,253800
14101,495,253818
14102,495,253836
14103,495,253854
14104,495,253872
14105,495,253890
14106,496,253908
14107,496,253926
14108,496,253944
14109,496,253962
14110,496,253980
14111,496,253998
14112,497,254016
14113,497,254034
14114,497,254052
14115,497,254070
14116,497,254088
14117,497,254106
14118,497,254124
14119,498,254142
14120,498,254160
14121,498,254178
14122,498,254196
14123,498,254214
14124,499,254232
14125,499,254250
14126,499,254268
14127,499,254286
14128,499,254304
14129,500,254322
14130,500,254340
14131,500,254358
14132,500,254376
14133,500,254394
14134,501,254412
14135,501,254430
14136,501,254448
14137,501,254466
14138,501,254484
14139,501,254502
14140,501,254520
14141,501,254538
14142,501,254556
14143,501,254574
14144,501,254592
14145,501,254610
14146,502,254628
14147,502,254646
14148,502,254664
14149,502,254682
14150,502,254700
14151,502,254718
14152,502,254736
14153,502,254754
14154,503,254772
14155,503,254790
14156,503,254808
14157,503,254826
14158,503,254844
14159,504,254862
14160,504,254880
14161,504,254898
14162,504,254916
14163,504,254934
14164,504,254952
14165,504,254970
14166,504,254988
14167,505,255006
14168,505,255024
14169,505,255042
14170,505,255060
14171,505,255078
14172,505,255096
14173,506,255114
14174,506,255132
14175,506,255150
14176,506,255168
14177,506,255186
14178,506,255204
14179,506,255222
14180,506,255240
14181,506,255258
14182,506,255276
14183,506,255294
14184,507,255312
14185,507,255330
14186,507,255348
14187,507,255366
14188,507,255384
14189,507,255402
14190,507,255420
14191,507,255438
14192,508,255456
14193,508,255474
14194,508,255492
14195,508,255510
14196,508,255528
14197,508,255546
14198,508,255564
14199,509,255582
14200,509,255600
14201,509,255618
14202,509,255636
14203,509,255654
14204,509,255672
14205,510,255690
14206,510,255708
14207,510,255726
14208,510,255744
14209,510,255762
14210,510,255780
14211,510,255798
14212,511,255816
14213,511,255834
14214,511,255852
14215,511,255870
14216,511,255888
14217,512,284340
14218,512,284360
14219,512,284380
14220,512,284400
14221,512,284420
14222,512,284440
14223,512,284460
14224,512,284480
14225,512,284500
14226,512,284520
14227,512,284540
14228,512,284560
14229,513,284580
14230,513,284600
14231,513,284620
14232,514,284640
14233,514,284660
14234,514,284680
14235,514,284700
14236,514,284720
14237,515,284740
14238,515,284760
14239,516,284780
14240,516,284800
14241,516,284820
14242,516,284840
14243,516,284860
14244,516,284880
14245,517,284900
14246,517,284920
14247,517,284940
14248,517,284960
14249,517,284980
14250,517,285000
14251,518,285020
14252,518,285040
14253,518,285060
14254,518,285080
14255,519,285100
14256,519,285120
14257,519,285140
14258,519,285160
14259,519,285180
14260,519,285200
14261,519,285220
14262,519,285240
14263,520,285260
14264,520,285280
14265,520,285300
14266,521,285320
14267,521,285340
14268,521,285360
14269,521,285380
14270,521,285400
14271,522,285420
14272,522,285440
14273,522,285460
14274,523,285480
14275,523,285500
14276,523,285520
14277,523,285540
14278,523,285560
14279,524,285580
14280,524,285600
14281,524,285620
14282,524,285640
14283,524,285660
14284,524,285680
14285,525,285700
14286,525,285720
14287,525,285740
14288,526,285760
14289,526,285780
14290,526,285800
14291,526,285820
14292,527,285840
14293,527,285860
14294,527,285880
14295,527,285900
14296,527,285920
14297,528,285940
14298,528,285960
14299,528,285980
14300,528,286000
14301,529,286020
14302,529,286040
14303,529,286060
14304,529,286080
14305,529,286100
14306,529,286120
14307,529,286140
14308,529,286160
14309,529,286180
14310,529,286200
14311,530,286220
14312,530,286240
14313,530,286260
14314,530,286280
14315,530,286300
14316,530,286320
14317,531,286340
14318,531,286360
14319,531,286380
14320,531,286400
14321,531,286420
14322,531,286440
14323,531,286460
14324,532,286480
14325,532,286500
14326,532,286520
14327,532,286540
14328,532,286560
14329,532,286580
14330,532,286600
14331,532,286620
14332,532,286640
14333,532,286660
14334,532,286680
14335,532,286700
14336,533,286720
14337,533,286740
14338,533,286760
14339,533,286780
14340,534,286800
14341,534,286820
14342,534,286840
14343,534,286860
14344,534,286880
14345,535,286900
14346,535,286920
14347,536,286940
14348,536,286960
14349,537,286980
14350,537,287000
14351,537,287020
14352,537,287040
14353,537,287060
14354,537,287080
14355,537,287100
14356,538,287120
14357,538,287140
14358,538,287160
14359,538,287180
14360,539,287200
14361,539,287220
14362,539,287240
14363,539,287260
14364,539,287280
14365,540,287300
14366,540,287320
14367,540,287340
14368,540,287360
14369,540,287380
14370,540,287400
14371,541,287420
14372,541,287440
14373,541,287460
14374,542,287480
14375,542,287500
14376,542,287520
14377,542,287540
14378,542,287560
14379,542,287580
14380,542,287600
14381,542,287620
14382,543,287640
14383,543,287660
14384,543,287680
14385,543,287700
14386,543,287720
14387,544,287740
14388,544,287760
14389,545,287780
14390,545,287800
14391,545,287820
14392,545,287840
14393,545,287860
14394,546,287880
14395,546,287900
14396,546,287920
14397,547,287940
14398,547,287960
14399,547,287980
14400,547,288000
14401,547,288020
14402,547,288040
14403,547,288060
14404,547,288080
14405,547,288100
14406,547,288120
14407,548,288140
14408,548,288160
14409,548,288180
14410,549,288200
14411,549,288220
14412,549,288240
14413,550,288260
14414,550,288280
14415,550,288300
14416,550,288320
14417,550,288340
14418,550,288360
14419,551,288380
14420,551,288400
14421,551,288420
14422,551,288440
14423,551,288460
14424,551,288480
14425,551,288500
14426,551,288520
14427,551,288540
14428,551,288560
14429,552,288580
14430,552,288600
14431,552,288620
14432,552,288640
14433,553,288660
14434,553,288680
14435,553,288700
14436,554,288720
14437,554,288740
14438,554,288760
14439,554,288780
14440,554,288800
14441,555,288820
14442,555,288840
14443,555,288860
14444,556,288880
14445,556,288900
14446,556,288920
14447,556,288940
14448,556,288960
14449,556,288980
14450,556,289000
14451,557,289020
14452,557,289040
14453,557,289060
14454,557,289080
14455,557,289100
14456,558,289120
14457,558,289140
14458,558,289160
14459,558,289180
14460,559,289200
14461,559,289220
14462,559,289240
14463,559,289260
14464,559,289280
14465,559,289300
14466,560,289320
14467,561,289340
14468,561,289360
14469,562,289380
14470,562,289400
14471,563,289420
14472,563,289440
14473,563,289460
14474,563,289480
14475,563,289500
14476,563,289520
14477,563,289540
14478,564,289560
14479,564,289580
14480,564,289600
14481,565,289620
14482,565,289640
14483,565,289660
14484,565,289680
14485,565,289700
14486,565,289720
14487,566,289740
14488,566,289760
14489,566,289780
14490,566,289800
14491,566,289820
14492,566,289840
14493,566,289860
14494,566,289880
14495,566,289900
14496,567,289920
14497,567,289940
14498,567,289960
14499,567,289980
14500,567,290000
14501,568,290020
14502,568,290040
14503,569,290060
14504,569,290080
14505,569,290100
14506,569,290120
14507,569,290140
14508,570,290160
14509,570,290180
14510,571,290200
14511,571,290220
14512,571,290240
14513,572,290260
14514,572,290280
14515,572,290300
14516,572,290320
14517,572,290340
14518,572,290360
14519,572,290380
14520,572,290400
14521,572,290420
14522,573,290440
14523,573,290460
14524,573,290480
14525,574,290500
14526,574,290520
14527,574,290540
14528,574,290560
14529,574,290580
14530,574,290600
14531,574,290620
14532,574,290640
14533,575,290660
14534,575,290680
14535,575,290700
14536,576,290720
14537,576,290740
14538,576,290760
14539,576,290780
14540,576,290800
14541,577,290820
14542,577,290840
14543,577,290860
14544,577,290880
14545,578,290900
14546,578,290920
14547,578,290940
14548,579,290960
14549,579,290980
14550,579,291000
14551,579,291020
14552,579,291040
14553,579,291060
14554,580,291080
14555,580,291100
14556,580,291120
14557,580,291140
14558,581,291160
14559,581,291180
14560,581,291200
14561,581,291220
14562,581,291240
14563,582,291260
14564,582,291280
14565,582,291300
14566,582,291320
14567,582,291340
14568,582,291360
14569,582,291380
14570,583,291400
14571,583,291420
14572,583,291440
14573,583,291460
14574,583,291480
14575,584,291500
14576,584,291520
14577,584,291540
14578,584,291560
14579,584,291580
14580,584,291600
14581,584,291620
14582,585,291640
14583,585,291660
14584,585,291680
14585,586,291700
14586,586,291720
14587,586,291740
14588,586,291760
14589,586,291780
14590,586,291800
14591,587,291820
14592,587,291840
14593,587,291860
14594,587,291880
14595,587,291900
14596,588,291920
14597,588,291940
14598,588,291960
14599,588,291980
14600,588,292000
14601,588,292020
14602,588,292040
14603,589,292060
14604,589,292080
14605,590,292100
14606,591,292120
14607,591,292140
14608,591,292160
14609,592,292180
14610,592,292200
14611,592,292220
14612,592,292240
14613,592,292260
14614,593,292280
14615,593,292300
14616,593,292320
14617,593,292340
14618,593,292360
14619,594,292380
14620,594,292400
14621,594,292420
14622,594,292440
14623,595,292460
14624,595,292480
14625,595,292500
14626,595,292520
14627,595,292540
14628,596,292560
14629,596,292580
14630,596,292600
14631,596,292620
14632,596,292640
14633,597,292660
14634,597,292680
14635,598,292700
14636,598,292720
14637,598,292740
14638,598,292760
14639,598,292780
14640,599,292800
14641,599,292820
14642,600,292840
14643,600,292860
14644,600,292880
14645,601,292900
14646,601,292920
14647,601,292940
14648,601,292960
14649,601,292980
14650,601,293000
14651,601,293020
14652,601,293040
14653,602,293060
14654,602,293080
14655,603,293100
14656,603,293120
14657,603,293140
14658,603,293160
14659,603,293180
14660,603,293200
14661,604,293220
14662,604,293240
14663,604,293260
14664,605,293280
14665,605,293300
14666,605,293320
14667,606,293340
14668,606,293360
14669,606,293380
14670,606,293400
14671,606,293420
14672,607,293440
14673,607,293460
14674,607,293480
14675,607,293500
14676,608,293520
14677,608,293540
14678,608,293560
14679,609,293580
14680,609,293600
14681,609,293620
14682,609,293640
14683,609,293660
14684,610,293680
14685,610,293700
14686,610,293720
14687,610,293740
14688,610,293760
14689,611,293780
14690,611,293800
14691,611,293820
14692,611,293840
14693,611,293860
14694,612,293880
14695,612,293900
14696,612,293920
14697,613,293940
14698,613,293960
14699,613,293980
14700,614,294000
14701,614,294020
14702,614,294040
14703,614,294060
14704,615,294080
14705,615,294100
14706,616,294120
14707,616,294140
14708,616,294160
14709,616,294180
14710,616,294200
14711,617,294220
14712,617,294240
14713,617,294260
14714,617,294280
14715,617,294300
14716,617,294320
14717,617,294340
14718,618,294360
14719,618,294380
14720,618,294400
14721,618,294420
14722,618,294440
14723,618,294460
14724,619,294480
14725,619,294500
14726,619,294520
14727,619,294540
14728,620,294560
14729,620,294580
14730,620,294600
14731,621,294620
14732,621,294640
14733,621,294660
14734,621,294680
14735,621,294700
14736,621,294720
14737,622,294740
14738,622,294760
14739,622,294780
14740,622,294800
14741,623,294820
14742,623,294840
14743,623,294860
14744,624,294880
14745,625,294900
14746,625,294920
14747,625,294940
14748,626,294960
14749,626,294980
14750,626,295000
14751,626,295020
14752,626,295040
14753,627,295060
14754,627,295080
14755,627,295100
14756,627,295120
14757,627,295140
14758,628,295160
14759,628,295180
14760,628,295200
14761,629,295220
14762,629,295240
14763,629,295260
14764,629,295280
14765,629,295300
14766,630,295320
14767,630,295340
14768,630,295360
14769,630,295380
14770,630,295400
14771,630,295420
14772,632,295440
14773,632,295460
14774,632,295480
14775,633,295500
14776,633,295520
14777,633,295540
14778,634,295560
14779,634,295580
14780,634,295600
14781,634,295620
14782,635,295640
14783,635,295660
14784,635,295680
14785,635,295700
14786,635,295720
14787,636,295740
14788,636,295760
14789,636,295780
14790,636,295800
14791,636,295820
14792,637,295840
14793,637,295860
14794,638,295880
14795,638,295900
14796,638,295920
14797,638,295940
14798,639,295960
14799,639,295980
14800,639,296000
14801,639,296020
14802,639,296040
14803,640,296060
14804,640,296080
14805,640,296100
14806,641,296120
14807,641,296140
14808,641,296160
14809,641,296180
14810,641,296200
14811,641,296220
14812,642,296240
14813,642,296260
14814,642,296280
14815,642,296300
14816,643,296320
14817,643,296340
14818,643,296360
14819,644,296380
14820,644,296400
14821,644,296420
14822,644,296440
14823,644,296460
14824,644,296480
14825,645,296500
14826,646,296520
14827,647,296540
14828,647,296560
14829,647,296580
14830,647,296600
14831,648,296620
14832,648,296640
14833,648,296660
14834,648,296680
14835,649,296700
14836,649,296720
14837,649,296740
14838,649,296760
14839,649,296780
14840,649,296800
14841,649,296820
14842,649,296840
14843,649,296860
14844,649,296880
14845,650,296900
14846,650,296920
14847,650,296940
14848,650,296960
14849,650,296980
14850,651,297000
14851,651,297020
14852,651,297040
14853,651,297060
14854,651,297080
14855,651,297100
14856,651,297120
14857,652,297140
14858,652,297160
14859,652,297180
14860,652,297200
14861,653,297220
14862,653,297240
14863,653,297260
14864,654,297280
14865,654,297300
14866,654,297320
14867,654,297340
14868,655,297360
14869,655,297380
14870,655,297400
14871,655,297420
14872,655,297440
14873,655,297460
14874,655,297480
14875,656,297500
14876,656,297520
14877,657,297540
14878,657,297560
14879,657,297580
14880,657,297600
14881,657,297620
14882,658,297640
14883,658,297660
14884,659,297680
14885,659,297700
14886,659,297720
14887,659,297740
14888,661,297760
14889,661,297780
14890,661,297800
14891,661,297820
14892,662,297840
14893,662,297860
14894,662,297880
14895,662,297900
14896,663,297920
14897,663,297940
14898,663,297960
14899,663,297980
14900,664,298000
14901,664,298020
14902,664,298040
14903,665,298060
14904,665,298080
14905,665,298100
14906,666,298120
14907,667,298140
14908,667,298160
14909,667,298180
14910,668,298200
14911,668,298220
14912,669,298240
14913,669,298260
14914,669,298280
14915,669,298300
14916,669,298320
14917,671,298340
14918,671,298360
14919,671,298380
14920,671,298400
14921,671,298420
14922,672,298440
14923,672,298460
14924,672,298480
14925,672,298500
14926,674,298520
14927,674,298540
14928,674,298560
14929,675,298580
14930,675,298600
14931,675,298620
14932,675,298640
14933,675,298660
14934,675,298680
14935,675,298700
14936,676,298720
14937,676,298740
14938,677,298760
14939,677,298780
14940,677,298800
14941,677,298820
14942,677,298840
14943,678,298860
14944,678,298880
14945,678,298900
14946,678,298920
14947,679,298940
14948,679,298960
14949,679,298980
14950,679,299000
14951,679,299020
14952,680,299040
14953,680,299060
14954,681,299080
14955,681,299100
14956,682,299120
14957,683,299140
14958,683,299160
14959,684,299180
14960,684,299200
14961,684,299220
14962,684,299240
14963,684,299260
14964,684,299280
14965,685,299300
14966,686,299320
14967,686,299340
14968,686,299360
14969,687,299380
14970,687,299400
14971,687,299420
14972,688,299440
14973,688,299460
14974,689,299480
14975,689,299500
14976,689,299520
14977,689,299540
14978,690,299560
14979,691,299580
14980,691,299600
14981,691,299620
14982,692,299640
14983,692,299660
14984,692,299680
14985,692,299700
14986,693,299720
14987,693,299740
14988,693,299760
14989,694,299780
14990,694,299800
14991,695,299820
14992,695,299840
14993,696,299860
14994,696,299880
14995,696,299900
14996,696,299920
14997,697,299940
14998,697,299960
14999,697,299980
15000,697,300000
15001,697,300020
15002,698,300040
15003,699,300060
15004,699,300080
15005,701,300100
15006,701,300120
15007,701,300140
15008,701,300160
15009,701,300180
15010,702,300200
15011,702,300220
15012,702,300240
15013,702,300260
15014,703,300280
15015,703,300300
15016,704,300320
15017,704,300340
15018,706,300360
15019,707,300380
15020,707,300400
15021,707,300420
15022,707,300440
15023,708,300460
15024,708,300480
15025,708,300500
15026,708,300520
15027,708,300540
15028,708,300560
15029,709,300580
15030,709,300600
15031,709,300620
15032,709,300640
15033,709,300660
15034,710,300680
15035,710,300700
15036,710,300720
15037,711,300740
15038,712,300760
15039,712,300780
15040,712,300800
15041,712,300820
15042,713,300840
15043,713,300860
15044,713,300880
15045,714,300900
15046,715,300920
15047,715,300940
15048,715,300960
15049,716,300980
15050,716,301000
15051,716,301020
15052,716,301040
15053,717,301060
15054,717,301080
15055,717,301100
15056,717,301120
15057,718,301140
15058,718,301160
15059,719,301180
15060,719,301200
15061,719,301220
15062,719,301240
15063,720,301260
15064,720,301280
15065,721,301300
15066,722,301320
15067,722,301340
15068,722,301360
15069,723,301380
15070,723,301400
15071,723,301420
15072,724,301440
15073,724,301460
15074,724,301480
15075,725,301500
15076,726,301520
15077,726,301540
15078,726,301560
15079,726,301580
15080,727,301600
15081,727,301620
15082,727,301640
15083,727,301660
15084,728,301680
15085,728,301700
15086,728,301720
15087,729,301740
15088,729,301760
15089,729,301780
15090,729,301800
15091,730,301820
15092,730,301840
15093,730,301860
15094,730,301880
15095,730,301900
15096,730,301920
15097,730,301940
15098,732,301960
15099,732,301980
15100,732,302000
15101,733,302020
15102,733,302040
15103,733,302060
15104,733,302080
15105,733,302100
15106,734,302120
15107,735,302140
15108,735,302160
15109,736,302180
15110,736,302200
15111,737,302220
15112,737,302240
15113,737,302260
15114,737,302280
15115,737,302300
15116,737,302320
15117,737,302340
15118,737,302360
15119,738,302380
15120,739,302400
15121,739,302420
15122,740,302440
15123,740,302460
15124,741,302480
15125,741,302500
15126,742,302520
15127,742,302540
15128,742,302560
15129,743,302580
15130,743,302600
15131,744,302620
15132,744,302640
15133,744,302660
15134,745,302680
15135,745,302700
15136,745,302720
15137,745,302740
15138,745,302760
15139,746,302780
15140,746,302800
15141,746,302820
15142,748,302840
15143,748,302860
15144,748,302880
15145,749,302900
15146,749,302920
15147,749,302940
15148,750,302960
15149,751,302980
15150,751,303000
15151,752,303020
15152,752,303040
15153,752,303060
15154,753,303080
15155,753,303100
15156,753,303120
15157,754,303140
15158,754,303160
15159,755,303180
15160,755,303200
15161,755,303220
15162,755,303240
15163,755,303260
15164,756,303280
15165,756,303300
15166,757,303320
15167,757,303340
15168,758,303360
15169,758,303380
15170,758,303400
15171,758,303420
15172,759,303440
15173,759,303460
15174,759,303480
15175,759,303500
15176,760,303520
15177,760,303540
15178,760,303560
15179,760,303580
15180,761,303600
15181,761,303620
15182,761,303640
15183,762,303660
15184,763,303680
15185,764,303700
15186,765,303720
15187,765,303740
15188,766,303760
15189,766,303780
15190,766,303800
15191,766,303820
15192,766,303840
15193,767,303860
15194,767,303880
15195,767,303900
15196,768,303920
15197,768,303940
15198,768,303960
15199,769,303980
15200,769,304000
15201,769,304020
15202,770,304040
15203,770,304060
15204,771,304080
15205,771,304100
15206,771,304120
15207,771,304140
15208,771,304160
15209,772,304180
15210,772,304200
15211,772,304220
15212,773,304240
15213,773,304260
15214,773,304280
15215,774,304300
15216,774,304320
15217,774,304340
15218,774,304360
15219,775,304380
15220,775,304400
15221,775,304420
15222,776,304440
15223,776,304460
15224,776,304480
15225,777,304500
15226,777,304520
15227,778,304540
15228,778,304560
15229,778,304580
15230,779,304600
15231,779,304620
15232,779,304640
15233,780,304660
15234,780,304680
15235,780,304700
15236,781,304720
15237,782,304740
15238,782,304760
15239,783,304780
15240,783,304800
15241,784,304820
15242,784,304840
15243,784,304860
15244,784,304880
15245,785,304900
15246,785,304920
15247,786,304940
15248,786,304960
15249,786,304980
15250,787,305000
15251,787,305020
15252,788,305040
15253,788,305060
15254,789,305080
15255,789,305100
15256,789,305120
15257,789,305140
15258,789,305160
15259,789,305180
15260,790,305200
15261,791,305220
15262,791,305240
15263,792,305260
15264,792,305280
15265,792,305300
15266,793,305320
15267,793,305340
15268,794,305360
15269,794,305380
15270,794,305400
15271,796,305420
15272,796,305440
15273,797,305460
15274,797,305480
15275,798,305500
15276,799,305520
15277,799,305540
15278,801,305560
15279,801,305580
15280,802,305600
15281,803,305620
15282,803,305640
15283,804,305660
15284,804,305680
15285,805,305700
15286,806,305720
15287,806,305740
15288,806,305760
15289,806,305780
15290,806,305800
15291,806,305820
15292,807,305840
15293,807,305860
15294,807,305880
15295,807,305900
15296,807,305920
15297,808,305940
15298,808,305960
15299,809,305980
15300,809,306000
15301,809,306020
15302,809,306040
15303,810,306060
15304,810,306080
15305,811,306100
15306,811,306120
15307,812,306140
15308,812,306160
15309,812,306180
15310,813,306200
15311,813,306220
15312,813,306240
15313,814,306260
15314,814,306280
15315,814,306300
15316,815,306320
15317,815,306340
15318,816,306360
15319,817,306380
15320,817,306400
15321,818,306420
15322,819,306440
15323,819,306460
15324,820,306480
15325,820,306500
15326,822,306520
15327,822,306540
15328,822,306560
15329,822,306580
15330,823,306600
15331,823,306620
15332,823,306640
15333,823,306660
15334,823,306680
15335,825,306700
15336,826,306720
15337,826,306740
15338,826,306760
15339,826,306780
15340,827,306800
15341,828,306820
15342,828,306840
15343,828,306860
15344,828,306880
15345,829,306900
15346,829,306920
15347,831,306940
15348,831,306960
15349,832,306980
15350,833,307000
15351,833,307020
15352,833,307040
15353,835,307060
15354,836,307080
15355,838,307100
15356,838,307120
15357,839,307140
15358,839,307160
15359,841,307180
15360,841,307200
15361,841,307220
15362,841,307240
15363,841,307260
15364,841,307280
15365,841,307300
15366,841,307320
15367,841,307340
15368,842,307360
15369,842,307380
15370,842,307400
15371,843,307420
15372,843,307440
15373,843,307460
15374,843,307480
15375,843,307500
15376,844,307520
15377,844,307540
15378,845,307560
15379,846,307580
15380,846,307600
15381,847,307620
15382,847,307640
15383,847,307660
15384,849,307680
15385,849,307700
15386,849,307720
15387,849,307740
15388,849,307760
15389,850,307780
15390,851,307800
15391,852,307820
15392,853,307840
15393,853,307860
15394,854,307880
15395,854,307900
15396,854,307920
15397,854,307940
15398,855,307960
15399,858,307980
15400,859,308000
15401,859,308020
15402,860,308040
15403,862,308060
15404,863,308080
15405,863,308100
15406,864,308120
15407,864,308140
15408,864,308160
15409,865,308180
15410,865,308200
15411,866,308220
15412,866,308240
15413,867,308260
15414,868,308280
15415,868,308300
15416,868,308320
15417,869,308340
15418,870,308360
15419,870,308380
15420,871,308400
15421,872,308420
15422,872,308440
15423,873,308460
15424,874,308480
15425,874,308500
15426,874,308520
15427,875,308540
15428,875,308560
15429,876,308580
15430,877,308600
15431,877,308620
15432,877,308640
15433,877,308660
15434,878,308680
15435,878,308700
15436,879,308720
15437,880,308740
15438,880,308760
15439,881,308780
15440,882,308800
15441,882,308820
15442,882,308840
15443,883,308860
15444,883,308880
15445,884,308900
15446,884,308920
15447,885,308940
15448,886,308960
15449,886,308980
15450,887,309000
15451,887,309020
15452,887,309040
15453,888,309060
15454,890,309080
15455,891,309100
15456,891,309120
15457,892,309140
15458,893,309160
15459,893,309180
15460,894,309200
15461,895,309220
15462,895,309240
15463,895,309260
15464,895,309280
15465,896,309300
15466,896,309320
15467,897,309340
15468,897,309360
15469,897,309380
15470,898,309400
15471,899,309420
15472,900,309440
15473,901,309460
15474,901,309480
15475,902,309500
15476,902,309520
15477,902,309540
15478,903,309560
15479,903,309580
15480,904,309600
15481,904,309620
15482,904,309640
15483,906,309660
15484,906,309680
15485,906,309700
15486,906,309720
15487,906,309740
15488,908,309760
15489,908,309780
15490,908,309800
15491,909,309820
15492,910,309840
15493,910,309860
15494,911,309880
15495,911,309900
15496,912,309920
15497,912,309940
15498,912,309960
15499,913,309980
15500,913,310000
15501,913,310020
15502,914,310040
15503,914,310060
15504,914,310080
15505,915,310100
15506,915,310120
15507,915,310140
15508,917,310160
15509,917,310180
15510,917,310200
15511,918,310220
15512,920,310240
15513,920,310260
15514,922,310280
15515,923,310300
15516,924,310320
15517,926,310340
15518,926,310360
15519,926,310380
15520,927,310400
15521,930,310420
15522,932,310440
15523,935,310460
15524,936,310480
15525,936,310500
15526,936,310520
15527,937,310540
15528,938,310560
15529,939,310580
15530,939,310600
15531,940,310620
15532,940,310640
15533,940,310660
15534,940,310680
15535,941,310700
15536,941,310720
15537,941,310740
15538,942,310760
15539,942,310780
15540,942,310800
15541,944,310820
15542,944,310840
15543,945,310860
15544,945,310880
15545,948,310900
15546,948,310920
15547,948,310940
15548,950,310960
15549,950,310980
15550,953,311000
15551,954,311020
15552,955,311040
15553,955,311060
15554,955,311080
15555,956,311100
15556,956,311120
15557,956,311140
15558,958,311160
15559,958,311180
15560,959,311200
15561,959,311220
15562,959,311240
15563,960,311260
15564,961,311280
15565,962,311300
15566,962,311320
15567,962,311340
15568,963,311360
15569,963,311380
15570,965,311400
15571,965,311420
15572,965,311440
15573,967,311460
15574,967,311480
15575,969,311500
15576,969,311520
15577,970,311540
15578,970,311560
15579,971,311580
15580,972,311600
15581,973,311620
15582,974,311640
15583,975,311660
15584,976,311680
15585,978,311700
15586,979,311720
15587,979,311740
15588,982,311760
15589,983,311780
15590,984,311800
15591,985,311820
15592,987,311840
15593,988,311860
15594,988,311880
15595,989,311900
15596,990,311920
15597,990,311940
15598,991,311960
15599,992,311980
15600,992,312000
15601,993,312020
15602,994,312040
15603,994,312060
15604,994,312080
15605,995,312100
15606,995,312120
15607,996,312140
15608,997,312160
15609,997,312180
15610,998,312200
15611,999,312220
15612,999,312240
15613,1000,312260
15614,1001,312280
15615,1001,312300
15616,1002,312320
15617,1002,312340
15618,1002,312360
15619,1004,312380
15620,1004,312400
15621,1005,312420
15622,1005,312440
15623,1005,312460
15624,1006,312480
15625,1006,312500
15626,1006,312520
15627,1007,312540
15628,1007,312560
15629,1008,312580
15630,1011,312600
15631,1012,312620
15632,1012,312640
15633,1013,312660
15634,1015,312680
15635,1015,312700
15636,1016,312720
15637,1016,312740
15638,1016,312760
15639,1017,312780
15640,1018,312800
15641,1018,312820
15642,1018,312840
15643,1020,312860
15644,1022,312880
15645,1023,312900
15646,1024,344212
15647,1024,344234
15648,1027,344256
15649,1028,344278
15650,1028,344300
15651,1029,344322
15652,1031,344344
15653,1031,344366
15654,1032,344388
15655,1033,344410
15656,1034,344432
15657,1036,344454
15658,1037,344476
15659,1038,344498
15660,1040,344520
15661,1041,344542
15662,1041,344564
15663,1042,344586
15664,1042,344608
15665,1044,344630
15666,1044,344652
15667,1045,344674
15668,1045,344696
15669,1045,344718
15670,1047,344740
15671,1048,344762
15672,1049,344784
15673,1050,344806
15674,1051,344828
15675,1051,344850
15676,1051,344872
15677,1052,344894
15678,1052,344916
15679,1054,344938
15680,1055,344960
15681,1055,344982
15682,1055,345004
15683,1055,345026
15684,1056,345048
15685,1056,345070
15686,1056,345092
15687,1056,345114
15688,1057,345136
15689,1058,345158
15690,1060,345180
15691,1064,345202
15692,1066,345224
15693,1066,345246
15694,1067,345268
15695,1067,345290
15696,1068,345312
15697,1068,345334
15698,1069,345356
15699,1069,345378
15700,1070,345400
15701,1070,345422
15702,1071,345444
15703,1071,345466
15704,1072,345488
15705,1074,345510
15706,1074,345532
15707,1075,345554
15708,1075,345576
15709,1078,345598
15710,1078,345620
15711,1080,345642
15712,1080,345664
15713,1081,345686
15714,1081,345708
15715,1081,345730
15716,1081,345752
15717,1082,345774
15718,1083,345796
15719,1085,345818
15720,1086,345840
15721,1088,345862
15722,1089,345884
15723,1090,345906
15724,1092,345928
15725,1095,345950
15726,1098,345972
15727,1099,345994
15728,1100,346016
15729,1101,346038
15730,1102,346060
15731,1103,346082
15732,1103,346104
15733,1104,346126
15734,1104,346148
15735,1107,346170
15736,1107,346192
15737,1108,346214
15738,1109,346236
15739,1109,346258
15740,1112,346280
15741,1114,346302
15742,1118,346324
15743,1119,346346
15744,1126,346368
15745,1127,346390
15746,1127,346412
15747,1128,346434
15748,1129,346456
15749,1129,346478
15750,1130,346500
15751,1130,346522
15752,1131,346544
15753,1132,346566
15754,1134,346588
15755,1138,346610
15756,1139,346632
15757,1141,346654
15758,1141,346676
15759,1142,346698
15760,1143,346720
15761,1143,346742
15762,1144,346764
15763,1145,346786
15764,1146,346808
15765,1149,346830
15766,1150,346852
15767,1150,346874
15768,1151,346896
15769,1151,346918
15770,1155,346940
15771,1157,346962
15772,1157,346984
15773,1158,347006
15774,1158,347028
15775,1158,347050
15776,1159,347072
15777,1160,347094
15778,1163,347116
15779,1164,347138
15780,1166,347160
15781,1166,347182
15782,1169,347204
15783,1169,347226
15784,1170,347248
15785,1172,347270
15786,1173,347292
15787,1174,347314
15788,1176,347336
15789,1177,347358
15790,1183,347380
15791,1188,347402
15792,1188,347424
15793,1188,347446
15794,1189,347468
15795,1191,347490
15796,1192,347512
15797,1194,347534
15798,1194,347556
15799,1195,347578
15800,1197,347600
15801,1199,347622
15802,1200,347644
15803,1202,347666
15804,1202,347688
15805,1203,347710
15806,1205,347732
15807,1208,347754
15808,1209,347776
15809,1215,347798
15810,1215,347820
15811,1215,347842
15812,1215,347864
15813,1215,347886
15814,1216,347908
15815,1216,347930
15816,1217,347952
15817,1218,347974
15818,1220,347996
15819,1221,348018
15820,1222,348040
15821,1223,348062
15822,1230,348084
15823,1232,348106
15824,1232,348128
15825,1234,348150
15826,1238,348172
15827,1241,348194
15828,1243,348216
15829,1247,348238
15830,1248,348260
15831,1248,348282
15832,1249,348304
15833,1250,348326
15834,1251,348348
15835,1253,348370
15836,1254,348392
15837,1255,348414
15838,1255,348436
15839,1256,348458
15840,1257,348480
15841,1257,348502
15842,1257,348524
15843,1260,348546
15844,1266,348568
15845,1269,348590
15846,1269,348612
15847,1271,348634
15848,1271,348656
15849,1271,348678
15850,1272,348700
15851,1273,348722
15852,1277,348744
15853,1278,348766
15854,1284,348788
15855,1287,348810
15856,1289,348832
15857,1291,348854
15858,1292,348876
15859,1293,348898
15860,1294,348920
15861,1295,348942
15862,1297,348964
15863,1297,348986
15864,1297,349008
15865,1297,349030
15866,1298,349052
15867,1300,349074
15868,1304,349096
15869,1310,349118
15870,1313,349140
15871,1314,349162
15872,1315,349184
15873,1317,349206
15874,1319,349228
15875,1320,349250
15876,1320,349272
15877,1322,349294
15878,1322,349316
15879,1323,349338
15880,1324,349360
15881,1325,349382
15882,1329,349404
15883,1330,349426
15884,1331,349448
15885,1334,349470
15886,1337,349492
15887,1339,349514
15888,1342,349536
15889,1343,349558
15890,1348,349580
15891,1354,349602
15892,1355,349624
15893,1356,349646
15894,1358,349668
15895,1360,349690
15896,1361,349712
15897,1363,349734
15898,1365,349756
15899,1367,349778
15900,1368,349800
15901,1374,349822
15902,1377,349844
15903,1379,349866
15904,1382,349888
15905,1383,349910
15906,1385,349932
15907,1385,349954
15908,1386,349976
15909,1387,349998
15910,1388,350020
15911,1392,350042
15912,1393,350064
15913,1405,350086
15914,1405,350108
15915,1405,350130
15916,1409,350152
15917,1412,350174
15918,1416,350196
15919,1420,350218
15920,1427,350240
15921,1433,350262
15922,1434,350284
15923,1438,350306
15924,1442,350328
15925,1449,350350
15926,1459,350372
15927,1460,350394
15928,1461,350416
15929,1463,350438
15930,1464,350460
15931,1467,350482
15932,1469,350504
15933,1469,350526
15934,1473,350548
15935,1475,350570
15936,1475,350592
15937,1481,350614
15938,1493,350636
15939,1496,350658
15940,1500,350680
15941,1507,350702
15942,1507,350724
15943,1507,350746
15944,1509,350768
15945,1512,350790
15946,1517,350812
15947,1518,350834
15948,1518,350856
15949,1519,350878
15950,1522,350900
15951,1526,350922
15952,1536,350944
15953,1537,350966
15954,1538,350988
15955,1539,351010
15956,1545,351032
15957,1545,351054
15958,1559,351076
15959,1562,351098
15960,1563,351120
15961,1565,351142
15962,1566,351164
15963,1567,351186
15964,1568,351208
15965,1570,351230
15966,1573,351252
15967,1575,351274
15968,1577,351296
15969,1579,351318
15970,1580,351340
15971,1580,351362
15972,1580,351384
15973,1580,351406
15974,1586,351428
15975,1586,351450
15976,1586,351472
15977,1586,351494
15978,1586,351516
15979,1586,351538
15980,1597,351560
15981,1602,351582
15982,1605,351604
15983,1608,351626
15984,1614,351648
15985,1619,351670
15986,1622,351692
15987,1625,351714
15988,1635,351736
15989,1638,351758
15990,1639,351780
15991,1640,351802
15992,1644,351824
15993,1652,351846
15994,1654,351868
15995,1655,351890
15996,1657,351912
15997,1660,351934
15998,1663,351956
15999,1669,351978
16000,1680,352000
16001,1682,352022
16002,1685,352044
16003,1688,352066
16004,1688,352088
16005,1690,352110
16006,1690,352132
16007,1693,352154
16008,1704,352176
16009,1709,352198
16010,1715,352220
16011,1715,352242
16012,1720,352264
16013,1720,352286
16014,1721,352308
16015,1721,352330
16016,1727,352352
16017,1730,352374
16018,1735,352396
16019,1736,352418
16020,1745,352440
16021,1748,352462
16022,1751,352484
16023,1752,352506
16024,1757,352528
16025,1761,352550
16026,1762,352572
16027,1781,352594
16028,1788,352616
16029,1797,352638
16030,1802,352660
16031,1811,352682
16032,1815,352704
16033,1817,352726
16034,1820,352748
16035,1821,352770
16036,1833,352792
16037,1839,352814
16038,1841,352836
16039,1844,352858
16040,1846,352880
16041,1847,352902
16042,1864,352924
16043,1869,352946
16044,1881,352968
16045,1881,352990
16046,1883,353012
16047,1883,353034
16048,1894,353056
16049,1902,353078
16050,1913,353100
16051,1927,353122
16052,1935,353144
16053,1936,353166
16054,1940,353188
16055,1946,353210
16056,1948,353232
16057,1982,353254
16058,1983,353276
16059,1988,353298
16060,1990,353320
16061,1991,353342
16062,2004,353364
16063,2015,353386
16064,2017,353408
16065,2026,353430
16066,2033,353452
16067,2038,353474
16068,2040,353496
16069,2049,385656
16070,2049,385680
16071,2052,385704
16072,2052,385728
16073,2060,385752
16074,2071,385776
16075,2072,385800
16076,2075,385824
16077,2075,385848
16078,2081,385872
16079,2105,385896
16080,2131,385920
16081,2134,385944
16082,2175,385968
16083,2193,385992
16084,2195,386016
16085,2198,386040
16086,2204,386064
16087,2219,386088
16088,2230,386112
16089,2233,386136
16090,2255,386160
16091,2263,386184
16092,2280,386208
16093,2282,386232
16094,2287,386256
16095,2297,386280
16096,2302,386304
16097,2305,386328
16098,2347,386352
16099,2351,386376
16100,2380,386400
16101,2381,386424
16102,2382,386448
16103,2386,386472
16104,2386,386496
16105,2387,386520
16106,2393,386544
16107,2399,386568
16108,2413,386592
16109,2414,386616
16110,2416,386640
16111,2418,386664
16112,2419,386688
16113,2423,386712
16114,2451,386736
16115,2479,386760
16116,2486,386784
16117,2498,386808
16118,2507,386832
16119,2509,386856
16120,2526,386880
16121,2528,386904
16122,2556,386928
16123,2566,386952
16124,2568,386976
16125,2658,387000
16126,2664,387024
16127,2670,387048
16128,2673,387072
16129,2683,387096
16130,2686,387120
16131,2687,387144
16132,2688,387168
16133,2716,387192
16134,2723,387216
16135,2732,387240
16136,2740,387264
16137,2764,387288
16138,2767,387312
16139,2773,387336
16140,2822,387360
16141,2837,387384
16142,2846,387408
16143,2849,387432
16144,2850,387456
16145,2873,387480
16146,2895,387504
16147,2915,387528
16148,2920,387552
16149,2929,387576
16150,2936,387600
16151,2937,387624
16152,2954,387648
16153,2978,387672
16154,3015,387696
16155,3032,387720
16156,3131,387744
16157,3148,387768
16158,3187,387792
16159,3196,387816
16160,3233,387840
16161,3233,387864
16162,3253,387888
16163,3266,387912
16164,3272,387936
16165,3280,387960
16166,3283,387984
16167,3284,388008
16168,3343,388032
16169,3361,388056
16170,3372,388080
16171,3380,388104
16172,3391,388128
16173,3412,388152
16174,3414,388176
16175,3576,388200
16176,3591,388224
16177,3693,388248
16178,3713,388272
16179,3728,388296
16180,3736,388320
16181,3767,388344
16182,3788,388368
16183,3803,388392
16184,3806,388416
16185,3822,388440
16186,3833,388464
16187,4181,420862
16188,4189,420888
16189,4231,420914
16190,4343,420940
16191,4401,420966
16192,4417,420992
16193,4441,421018
16194,4606,421044
16195,4742,421070
16196,4745,421096
16197,4961,421122
16198,4989,421148
16199,4993,421174
16200,5003,421200
16201,5034,421226
16202,5123,421252
16203,5242,421278
16204,5349,421304
16205,5624,421330
16206,5629,421356
16207,6108,421382
16208,6391,421408
16209,6972,421434
16210,7133,421460
16211,7478,421486
16212,7746,421512
16213,7963,421538
16214,8011,421564
16215,8114,421590
16216,8183,421616
16217,8204,454076
16218,8548,454104
16219,8580,454132
16220,8695,454160
16221,8828,454188
16222,8927,454216
16223,8951,454244
16224,9726,454272
16225,10177,454300
16226,11164,454328
16227,12500,454356
16228,13088,454384
16229,14248,454412
16230,14281,454440
16231,14737,454468
16232,15008,454496
16233,15755,454524
16234,16775,487020
16235,17385,487050
16236,18028,487080
16237,18722,487110
16238,19257,487140
16239,21878,487170
16240,22582,487200
16241,25228,487230
16242,26946,487260
